// Hero Frank
INSERT INTO `SkillSet` (`id`) VALUES ('931');
INSERT INTO `SkillSet_skills` (`SkillSet_id`, `skills`) VALUES ('931', 'Java');
INSERT INTO `SkillSet_skills` (`SkillSet_id`, `skills`) VALUES ('931', 'Ant');
INSERT INTO `SkillSet_skills` (`SkillSet_id`, `skills`) VALUES ('931', 'Architektur');
INSERT INTO `SkillSet_skills` (`SkillSet_id`, `skills`) VALUES ('931', 'UnitTesting');
INSERT INTO `SkillSet_skills` (`SkillSet_id`, `skills`) VALUES ('931', 'UITesting');
INSERT INTO `Hero` (`id`, `firstName`, `lastName`, `picturePath`, `role`, `skillSet_id`, `educationTarget`) VALUES ('931', 'Frank', 'Beeh', 'img/Head6.png', 'PrincipalConsultant', '931', 'SQL');

// Hero Florian
INSERT INTO `SkillSet` (`id`) VALUES ('100');
INSERT INTO `SkillSet_skills` (`SkillSet_id`, `skills`) VALUES ('100', 'Java');
INSERT INTO `SkillSet_skills` (`SkillSet_id`, `skills`) VALUES ('100', 'Gradle');
INSERT INTO `SkillSet_skills` (`SkillSet_id`, `skills`) VALUES ('100', 'Ant');
INSERT INTO `SkillSet_skills` (`SkillSet_id`, `skills`) VALUES ('100', 'UnitTesting');
INSERT INTO `SkillSet_skills` (`SkillSet_id`, `skills`) VALUES ('100', 'SQL');
INSERT INTO `Hero` (`id`, `firstName`, `lastName`, `picturePath`, `role`, `skillSet_id`, `educationTarget`) VALUES ('100', 'Florian', 'Besser', 'img/Head1.png', 'JuniorSoftwareEngineer', '100', 'Architektur');

// Hero Matthias Bader
INSERT INTO `SkillSet` (`id`) VALUES ('101');
INSERT INTO `SkillSet_skills` (`SkillSet_id`, `skills`) VALUES ('101', 'DotNet');
INSERT INTO `SkillSet_skills` (`SkillSet_id`, `skills`) VALUES ('101', 'UnitTesting');
INSERT INTO `SkillSet_skills` (`SkillSet_id`, `skills`) VALUES ('101', 'Architektur');
INSERT INTO `SkillSet_skills` (`SkillSet_id`, `skills`) VALUES ('101', 'SQL');
INSERT INTO `Hero` (`id`, `firstName`, `lastName`, `picturePath`, `role`, `skillSet_id`, `educationTarget`) VALUES ('101', 'Matthias', 'Baader', 'img/Head7.png', 'LeadSoftwareArchitect', '101', 'UITesting');

//LCUs
INSERT INTO `LCU` (`id`, `firstName`, `lastName`) VALUES ('1', 'Wolfgang', 'Giersche');
INSERT INTO `LCU` (`id`, `firstName`, `lastName`) VALUES ('2', 'Cornel', 'Studacher');
INSERT INTO `LCU` (`id`, `firstName`, `lastName`) VALUES ('3', 'Hans', 'Meyer');

//Missions
INSERT INTO `SkillSet` (`id`) VALUES ('10001');
INSERT INTO `SkillSet_skills` (`SkillSet_id`, `skills`) VALUES ('10001', 'Java');
INSERT INTO `SkillSet_skills` (`SkillSet_id`, `skills`) VALUES ('10001', 'Ant');
INSERT INTO `SkillSet_skills` (`SkillSet_id`, `skills`) VALUES ('10001', 'UnitTesting');
INSERT INTO `SkillSet_skills` (`SkillSet_id`, `skills`) VALUES ('10001', 'SQL');
INSERT INTO `Mission` (`id`, `companyName`, `shortName`, `description`, `role`, `lcu_id`, `skillSet_id`) VALUES ('10001', 'Swisscom', 'Junior Java Developer', 'Einfache Java-Entwicklung im SAM-Team.', 'JuniorSoftwareEngineer', '1', '10001');

INSERT INTO `SkillSet` (`id`) VALUES ('10002');
INSERT INTO `SkillSet_skills` (`SkillSet_id`, `skills`) VALUES ('10002', 'Java');
INSERT INTO `SkillSet_skills` (`SkillSet_id`, `skills`) VALUES ('10002', 'Ant');
INSERT INTO `SkillSet_skills` (`SkillSet_id`, `skills`) VALUES ('10002', 'Architektur');
INSERT INTO `SkillSet_skills` (`SkillSet_id`, `skills`) VALUES ('10002', 'UnitTesting');
INSERT INTO `SkillSet_skills` (`SkillSet_id`, `skills`) VALUES ('10002', 'UITesting');
INSERT INTO `SkillSet_skills` (`SkillSet_id`, `skills`) VALUES ('10002', 'SQL');
INSERT INTO `Mission` (`id`, `companyName`, `shortName`, `description`, `role`, `lcu_id`, `skillSet_id`) VALUES ('10002', 'Swisscom', 'Java Architect', 'Architekt für SAM-Team.', 'LeadSoftwareArchitect', '1', '10002');
INSERT INTO `LCU_Mission` (`LCU_id`, `missions_id`) VALUES ('1', '10002');

INSERT INTO `SkillSet` (`id`) VALUES ('10003');
INSERT INTO `SkillSet_skills` (`SkillSet_id`, `skills`) VALUES ('10003', 'Java');
INSERT INTO `SkillSet_skills` (`SkillSet_id`, `skills`) VALUES ('10003', 'Maven');
INSERT INTO `SkillSet_skills` (`SkillSet_id`, `skills`) VALUES ('10003', 'Architektur');
INSERT INTO `Mission` (`id`, `companyName`, `shortName`, `description`, `role`, `lcu_id`, `skillSet_id`) VALUES ('10003', 'Dreifuss', 'Maven Architect', 'Architekt für Dreifuss in Basel', 'LeadSoftwareArchitect', '2', '10003');
INSERT INTO `LCU_Mission` (`LCU_id`, `missions_id`) VALUES ('2', '10003');

//Medals
INSERT INTO `Medal` (`id`, `comment`, `imagePath`) VALUES ('1', 'SQL Expert', 'img/sql.png');
INSERT INTO `Medal` (`id`, `comment`, `imagePath`) VALUES ('2', 'Social Expert', 'img/social.png');
INSERT INTO `Medal` (`id`, `comment`, `imagePath`) VALUES ('3', 'Other stuff', 'img/other.png');

//Medals to Heroes
INSERT INTO `Hero_Medal` (`Hero_id`, `medals_id`) VALUES ('100', '1');
INSERT INTO `Hero_Medal` (`Hero_id`, `medals_id`) VALUES ('100', '2');
INSERT INTO `Hero_Medal` (`Hero_id`, `medals_id`) VALUES ('100', '3');
INSERT INTO `Hero_Medal` (`Hero_id`, `medals_id`) VALUES ('931', '1');

INSERT INTO `SkillSet` (`id`) VALUES ('1000');
INSERT INTO `SkillSet_skills` (`SkillSet_id`, `skills`) VALUES ('1000', 'Ant');
INSERT INTO `Hero` (`id`, `firstName`, `lastName`, `picturePath`, `role`, `skillSet_id`) VALUES ('1000', 'Qushuch', 'Thog', 'img/Head3.png', 'Principal Consultant', '1000');
INSERT INTO `SkillSet` (`id`) VALUES ('1001');
INSERT INTO `SkillSet_skills` (`SkillSet_id`, `skills`) VALUES ('1001', 'SQL');
INSERT INTO `SkillSet_skills` (`SkillSet_id`, `skills`) VALUES ('1001', 'UITesting');
INSERT INTO `SkillSet_skills` (`SkillSet_id`, `skills`) VALUES ('1001', 'Ant');
INSERT INTO `Hero` (`id`, `firstName`, `lastName`, `picturePath`, `role`, `skillSet_id`) VALUES ('1001', 'Wipfuv', 'Jn', 'img/Head3.png', 'Lead Engineer', '1001');
INSERT INTO `SkillSet` (`id`) VALUES ('1002');
INSERT INTO `SkillSet_skills` (`SkillSet_id`, `skills`) VALUES ('1002', 'SQL');
INSERT INTO `SkillSet_skills` (`SkillSet_id`, `skills`) VALUES ('1002', 'Java');
INSERT INTO `Hero` (`id`, `firstName`, `lastName`, `picturePath`, `role`, `skillSet_id`) VALUES ('1002', 'Woh', 'Oor', 'img/Head7.png', 'Senior Software Engineer', '1002');
INSERT INTO `SkillSet` (`id`) VALUES ('1003');
INSERT INTO `SkillSet_skills` (`SkillSet_id`, `skills`) VALUES ('1003', 'Architektur');
INSERT INTO `SkillSet_skills` (`SkillSet_id`, `skills`) VALUES ('1003', 'DotNet');
INSERT INTO `SkillSet_skills` (`SkillSet_id`, `skills`) VALUES ('1003', 'UITesting');
INSERT INTO `SkillSet_skills` (`SkillSet_id`, `skills`) VALUES ('1003', 'Maven');
INSERT INTO `SkillSet_skills` (`SkillSet_id`, `skills`) VALUES ('1003', 'UITesting');
INSERT INTO `Hero` (`id`, `firstName`, `lastName`, `picturePath`, `role`, `skillSet_id`) VALUES ('1003', 'Yt', 'Tauh', 'img/Head5.png', 'Lead Engineer', '1003');
INSERT INTO `SkillSet` (`id`) VALUES ('1004');
INSERT INTO `SkillSet_skills` (`SkillSet_id`, `skills`) VALUES ('1004', 'Maven');
INSERT INTO `SkillSet_skills` (`SkillSet_id`, `skills`) VALUES ('1004', 'Architektur');
INSERT INTO `Hero` (`id`, `firstName`, `lastName`, `picturePath`, `role`, `skillSet_id`) VALUES ('1004', 'Jiw', 'Njchiz', 'img/Head6.png', 'Senior Software Engineer', '1004');
INSERT INTO `SkillSet` (`id`) VALUES ('1005');
INSERT INTO `SkillSet_skills` (`SkillSet_id`, `skills`) VALUES ('1005', 'Java');
INSERT INTO `SkillSet_skills` (`SkillSet_id`, `skills`) VALUES ('1005', 'DotNet');
INSERT INTO `SkillSet_skills` (`SkillSet_id`, `skills`) VALUES ('1005', 'UnitTesting');
INSERT INTO `Hero` (`id`, `firstName`, `lastName`, `picturePath`, `role`, `skillSet_id`) VALUES ('1005', 'Zjiz', 'Ouchek', 'img/Head3.png', 'Principal Consultant', '1005');
INSERT INTO `SkillSet` (`id`) VALUES ('1006');
INSERT INTO `SkillSet_skills` (`SkillSet_id`, `skills`) VALUES ('1006', 'DotNet');
INSERT INTO `SkillSet_skills` (`SkillSet_id`, `skills`) VALUES ('1006', 'DotNet');
INSERT INTO `SkillSet_skills` (`SkillSet_id`, `skills`) VALUES ('1006', 'UITesting');
INSERT INTO `SkillSet_skills` (`SkillSet_id`, `skills`) VALUES ('1006', 'DotNet');
INSERT INTO `SkillSet_skills` (`SkillSet_id`, `skills`) VALUES ('1006', 'UnitTesting');
INSERT INTO `Hero` (`id`, `firstName`, `lastName`, `picturePath`, `role`, `skillSet_id`) VALUES ('1006', 'Hoopf', 'Kljig', 'img/Head1.png', 'Junior Software Engineer', '1006');
INSERT INTO `SkillSet` (`id`) VALUES ('1007');
INSERT INTO `SkillSet_skills` (`SkillSet_id`, `skills`) VALUES ('1007', 'Maven');
INSERT INTO `SkillSet_skills` (`SkillSet_id`, `skills`) VALUES ('1007', 'Java');
INSERT INTO `Hero` (`id`, `firstName`, `lastName`, `picturePath`, `role`, `skillSet_id`) VALUES ('1007', 'Aisoont', 'Glywav', 'img/Head7.png', 'Lead Engineer', '1007');
INSERT INTO `SkillSet` (`id`) VALUES ('1008');
INSERT INTO `SkillSet_skills` (`SkillSet_id`, `skills`) VALUES ('1008', 'UITesting');
INSERT INTO `SkillSet_skills` (`SkillSet_id`, `skills`) VALUES ('1008', 'Java');
INSERT INTO `SkillSet_skills` (`SkillSet_id`, `skills`) VALUES ('1008', 'Gradle');
INSERT INTO `SkillSet_skills` (`SkillSet_id`, `skills`) VALUES ('1008', 'UnitTesting');
INSERT INTO `Hero` (`id`, `firstName`, `lastName`, `picturePath`, `role`, `skillSet_id`) VALUES ('1008', 'Braitis', 'Ywour', 'img/Head2.png', 'Lead Engineer', '1008');
INSERT INTO `SkillSet` (`id`) VALUES ('1009');
INSERT INTO `SkillSet_skills` (`SkillSet_id`, `skills`) VALUES ('1009', 'DotNet');
INSERT INTO `SkillSet_skills` (`SkillSet_id`, `skills`) VALUES ('1009', 'Maven');
INSERT INTO `Hero` (`id`, `firstName`, `lastName`, `picturePath`, `role`, `skillSet_id`) VALUES ('1009', 'Unjr', 'Blohjn', 'img/Head4.png', 'Lead Engineer', '1009');
INSERT INTO `SkillSet` (`id`) VALUES ('1010');
INSERT INTO `SkillSet_skills` (`SkillSet_id`, `skills`) VALUES ('1010', 'UITesting');
INSERT INTO `SkillSet_skills` (`SkillSet_id`, `skills`) VALUES ('1010', 'DotNet');
INSERT INTO `SkillSet_skills` (`SkillSet_id`, `skills`) VALUES ('1010', 'Maven');
INSERT INTO `SkillSet_skills` (`SkillSet_id`, `skills`) VALUES ('1010', 'Java');
INSERT INTO `Hero` (`id`, `firstName`, `lastName`, `picturePath`, `role`, `skillSet_id`) VALUES ('1010', 'Ufaih', 'Stjiz', 'img/Head8.png', 'Lead Engineer', '1010');
INSERT INTO `SkillSet` (`id`) VALUES ('1011');
INSERT INTO `SkillSet_skills` (`SkillSet_id`, `skills`) VALUES ('1011', 'Architektur');
INSERT INTO `Hero` (`id`, `firstName`, `lastName`, `picturePath`, `role`, `skillSet_id`) VALUES ('1011', 'Djitt', 'Jith', 'img/Head7.png', 'Lead Engineer', '1011');
INSERT INTO `SkillSet` (`id`) VALUES ('1012');
INSERT INTO `SkillSet_skills` (`SkillSet_id`, `skills`) VALUES ('1012', 'SQL');
INSERT INTO `SkillSet_skills` (`SkillSet_id`, `skills`) VALUES ('1012', 'Ant');
INSERT INTO `SkillSet_skills` (`SkillSet_id`, `skills`) VALUES ('1012', 'Maven');
INSERT INTO `SkillSet_skills` (`SkillSet_id`, `skills`) VALUES ('1012', 'UITesting');
INSERT INTO `SkillSet_skills` (`SkillSet_id`, `skills`) VALUES ('1012', 'Maven');
INSERT INTO `Hero` (`id`, `firstName`, `lastName`, `picturePath`, `role`, `skillSet_id`) VALUES ('1012', 'Aintjk', 'Chuttoib', 'img/Head5.png', 'Senior Software Engineer', '1012');
INSERT INTO `SkillSet` (`id`) VALUES ('1013');
INSERT INTO `SkillSet_skills` (`SkillSet_id`, `skills`) VALUES ('1013', 'Java');
INSERT INTO `SkillSet_skills` (`SkillSet_id`, `skills`) VALUES ('1013', 'Ant');
INSERT INTO `Hero` (`id`, `firstName`, `lastName`, `picturePath`, `role`, `skillSet_id`) VALUES ('1013', 'Aivoom', 'Or', 'img/Head6.png', 'Lead Software Architect', '1013');
INSERT INTO `SkillSet` (`id`) VALUES ('1014');
INSERT INTO `SkillSet_skills` (`SkillSet_id`, `skills`) VALUES ('1014', 'SQL');
INSERT INTO `SkillSet_skills` (`SkillSet_id`, `skills`) VALUES ('1014', 'Architektur');
INSERT INTO `SkillSet_skills` (`SkillSet_id`, `skills`) VALUES ('1014', 'Gradle');
INSERT INTO `Hero` (`id`, `firstName`, `lastName`, `picturePath`, `role`, `skillSet_id`) VALUES ('1014', 'Blookouss', 'Jigik', 'img/Head8.png', 'Lead Engineer', '1014');
INSERT INTO `SkillSet` (`id`) VALUES ('1015');
INSERT INTO `SkillSet_skills` (`SkillSet_id`, `skills`) VALUES ('1015', 'UnitTesting');
INSERT INTO `Hero` (`id`, `firstName`, `lastName`, `picturePath`, `role`, `skillSet_id`) VALUES ('1015', 'Owais', 'Qybaiw', 'img/Head1.png', 'Senior Software Engineer', '1015');
INSERT INTO `SkillSet` (`id`) VALUES ('1016');
INSERT INTO `SkillSet_skills` (`SkillSet_id`, `skills`) VALUES ('1016', 'Java');
INSERT INTO `SkillSet_skills` (`SkillSet_id`, `skills`) VALUES ('1016', 'SQL');
INSERT INTO `SkillSet_skills` (`SkillSet_id`, `skills`) VALUES ('1016', 'Architektur');
INSERT INTO `Hero` (`id`, `firstName`, `lastName`, `picturePath`, `role`, `skillSet_id`) VALUES ('1016', 'Aithew', 'Mjinn', 'img/Head2.png', 'Lead Engineer', '1016');
INSERT INTO `SkillSet` (`id`) VALUES ('1017');
INSERT INTO `SkillSet_skills` (`SkillSet_id`, `skills`) VALUES ('1017', 'UnitTesting');
INSERT INTO `SkillSet_skills` (`SkillSet_id`, `skills`) VALUES ('1017', 'Gradle');
INSERT INTO `SkillSet_skills` (`SkillSet_id`, `skills`) VALUES ('1017', 'UITesting');
INSERT INTO `Hero` (`id`, `firstName`, `lastName`, `picturePath`, `role`, `skillSet_id`) VALUES ('1017', 'Blaupf', 'Ut', 'img/Head3.png', 'Junior Software Engineer', '1017');
INSERT INTO `SkillSet` (`id`) VALUES ('1018');
INSERT INTO `SkillSet_skills` (`SkillSet_id`, `skills`) VALUES ('1018', 'Maven');
INSERT INTO `SkillSet_skills` (`SkillSet_id`, `skills`) VALUES ('1018', 'UITesting');
INSERT INTO `SkillSet_skills` (`SkillSet_id`, `skills`) VALUES ('1018', 'Java');
INSERT INTO `Hero` (`id`, `firstName`, `lastName`, `picturePath`, `role`, `skillSet_id`) VALUES ('1018', 'Ur', 'Sis', 'img/Head2.png', 'Senior Software Engineer', '1018');
INSERT INTO `SkillSet` (`id`) VALUES ('1019');
INSERT INTO `SkillSet_skills` (`SkillSet_id`, `skills`) VALUES ('1019', 'Java');
INSERT INTO `SkillSet_skills` (`SkillSet_id`, `skills`) VALUES ('1019', 'Maven');
INSERT INTO `SkillSet_skills` (`SkillSet_id`, `skills`) VALUES ('1019', 'Architektur');
INSERT INTO `Hero` (`id`, `firstName`, `lastName`, `picturePath`, `role`, `skillSet_id`) VALUES ('1019', 'Tythjnn', 'Klew', 'img/Head8.png', 'Senior Software Engineer', '1019');
INSERT INTO `SkillSet` (`id`) VALUES ('1020');
INSERT INTO `SkillSet_skills` (`SkillSet_id`, `skills`) VALUES ('1020', 'Ant');
INSERT INTO `Hero` (`id`, `firstName`, `lastName`, `picturePath`, `role`, `skillSet_id`) VALUES ('1020', 'Proonnauw', 'Choupoith', 'img/Head8.png', 'Senior Software Engineer', '1020');
INSERT INTO `SkillSet` (`id`) VALUES ('1021');
INSERT INTO `SkillSet_skills` (`SkillSet_id`, `skills`) VALUES ('1021', 'UnitTesting');
INSERT INTO `Hero` (`id`, `firstName`, `lastName`, `picturePath`, `role`, `skillSet_id`) VALUES ('1021', 'Xaipfef', 'Ass', 'img/Head8.png', 'Junior Software Engineer', '1021');
INSERT INTO `SkillSet` (`id`) VALUES ('1022');
INSERT INTO `SkillSet_skills` (`SkillSet_id`, `skills`) VALUES ('1022', 'Ant');
INSERT INTO `SkillSet_skills` (`SkillSet_id`, `skills`) VALUES ('1022', 'UnitTesting');
INSERT INTO `SkillSet_skills` (`SkillSet_id`, `skills`) VALUES ('1022', 'UITesting');
INSERT INTO `Hero` (`id`, `firstName`, `lastName`, `picturePath`, `role`, `skillSet_id`) VALUES ('1022', 'Jit', 'Brjid', 'img/Head8.png', 'Senior Software Engineer', '1022');
INSERT INTO `SkillSet` (`id`) VALUES ('1023');
INSERT INTO `SkillSet_skills` (`SkillSet_id`, `skills`) VALUES ('1023', 'Gradle');
INSERT INTO `SkillSet_skills` (`SkillSet_id`, `skills`) VALUES ('1023', 'Java');
INSERT INTO `SkillSet_skills` (`SkillSet_id`, `skills`) VALUES ('1023', 'SQL');
INSERT INTO `Hero` (`id`, `firstName`, `lastName`, `picturePath`, `role`, `skillSet_id`) VALUES ('1023', 'Eichjt', 'Pig', 'img/Head4.png', 'Software Engineer', '1023');
INSERT INTO `SkillSet` (`id`) VALUES ('1024');
INSERT INTO `SkillSet_skills` (`SkillSet_id`, `skills`) VALUES ('1024', 'DotNet');
INSERT INTO `SkillSet_skills` (`SkillSet_id`, `skills`) VALUES ('1024', 'Gradle');
INSERT INTO `Hero` (`id`, `firstName`, `lastName`, `picturePath`, `role`, `skillSet_id`) VALUES ('1024', 'Thoithaug', 'Deg', 'img/Head2.png', 'Junior Software Engineer', '1024');
INSERT INTO `SkillSet` (`id`) VALUES ('1025');
INSERT INTO `SkillSet_skills` (`SkillSet_id`, `skills`) VALUES ('1025', 'UITesting');
INSERT INTO `SkillSet_skills` (`SkillSet_id`, `skills`) VALUES ('1025', 'Architektur');
INSERT INTO `SkillSet_skills` (`SkillSet_id`, `skills`) VALUES ('1025', 'SQL');
INSERT INTO `SkillSet_skills` (`SkillSet_id`, `skills`) VALUES ('1025', 'Maven');
INSERT INTO `SkillSet_skills` (`SkillSet_id`, `skills`) VALUES ('1025', 'UITesting');
INSERT INTO `Hero` (`id`, `firstName`, `lastName`, `picturePath`, `role`, `skillSet_id`) VALUES ('1025', 'Qairoupf', 'Zoimeb', 'img/Head8.png', 'Junior Software Engineer', '1025');
INSERT INTO `SkillSet` (`id`) VALUES ('1026');
INSERT INTO `SkillSet_skills` (`SkillSet_id`, `skills`) VALUES ('1026', 'SQL');
INSERT INTO `SkillSet_skills` (`SkillSet_id`, `skills`) VALUES ('1026', 'Ant');
INSERT INTO `SkillSet_skills` (`SkillSet_id`, `skills`) VALUES ('1026', 'UnitTesting');
INSERT INTO `SkillSet_skills` (`SkillSet_id`, `skills`) VALUES ('1026', 'UnitTesting');
INSERT INTO `Hero` (`id`, `firstName`, `lastName`, `picturePath`, `role`, `skillSet_id`) VALUES ('1026', 'Annoid', 'Oug', 'img/Head5.png', 'Junior Software Engineer', '1026');
INSERT INTO `SkillSet` (`id`) VALUES ('1027');
INSERT INTO `SkillSet_skills` (`SkillSet_id`, `skills`) VALUES ('1027', 'Maven');
INSERT INTO `SkillSet_skills` (`SkillSet_id`, `skills`) VALUES ('1027', 'UnitTesting');
INSERT INTO `SkillSet_skills` (`SkillSet_id`, `skills`) VALUES ('1027', 'SQL');
INSERT INTO `Hero` (`id`, `firstName`, `lastName`, `picturePath`, `role`, `skillSet_id`) VALUES ('1027', 'Koisez', 'Bleid', 'img/Head1.png', 'Lead Software Architect', '1027');
INSERT INTO `SkillSet` (`id`) VALUES ('1028');
INSERT INTO `SkillSet_skills` (`SkillSet_id`, `skills`) VALUES ('1028', 'Java');
INSERT INTO `SkillSet_skills` (`SkillSet_id`, `skills`) VALUES ('1028', 'Maven');
INSERT INTO `SkillSet_skills` (`SkillSet_id`, `skills`) VALUES ('1028', 'DotNet');
INSERT INTO `SkillSet_skills` (`SkillSet_id`, `skills`) VALUES ('1028', 'UnitTesting');
INSERT INTO `SkillSet_skills` (`SkillSet_id`, `skills`) VALUES ('1028', 'Architektur');
INSERT INTO `Hero` (`id`, `firstName`, `lastName`, `picturePath`, `role`, `skillSet_id`) VALUES ('1028', 'Rus', 'Sjrygh', 'img/Head7.png', 'Senior Software Engineer', '1028');
INSERT INTO `SkillSet` (`id`) VALUES ('1029');
INSERT INTO `SkillSet_skills` (`SkillSet_id`, `skills`) VALUES ('1029', 'Gradle');
INSERT INTO `SkillSet_skills` (`SkillSet_id`, `skills`) VALUES ('1029', 'Architektur');
INSERT INTO `SkillSet_skills` (`SkillSet_id`, `skills`) VALUES ('1029', 'Ant');
INSERT INTO `SkillSet_skills` (`SkillSet_id`, `skills`) VALUES ('1029', 'UnitTesting');
INSERT INTO `Hero` (`id`, `firstName`, `lastName`, `picturePath`, `role`, `skillSet_id`) VALUES ('1029', 'Hypfid', 'Aimott', 'img/Head3.png', 'Principal Consultant', '1029');
INSERT INTO `SkillSet` (`id`) VALUES ('1030');
INSERT INTO `SkillSet_skills` (`SkillSet_id`, `skills`) VALUES ('1030', 'Gradle');
INSERT INTO `SkillSet_skills` (`SkillSet_id`, `skills`) VALUES ('1030', 'Ant');
INSERT INTO `SkillSet_skills` (`SkillSet_id`, `skills`) VALUES ('1030', 'UITesting');
INSERT INTO `Hero` (`id`, `firstName`, `lastName`, `picturePath`, `role`, `skillSet_id`) VALUES ('1030', 'Stoosonn', 'Jith', 'img/Head7.png', 'Senior Software Engineer', '1030');
INSERT INTO `SkillSet` (`id`) VALUES ('1031');
INSERT INTO `SkillSet_skills` (`SkillSet_id`, `skills`) VALUES ('1031', 'Architektur');
INSERT INTO `SkillSet_skills` (`SkillSet_id`, `skills`) VALUES ('1031', 'Gradle');
INSERT INTO `Hero` (`id`, `firstName`, `lastName`, `picturePath`, `role`, `skillSet_id`) VALUES ('1031', 'Eimal', 'Er', 'img/Head3.png', 'Lead Engineer', '1031');
INSERT INTO `SkillSet` (`id`) VALUES ('1032');
INSERT INTO `SkillSet_skills` (`SkillSet_id`, `skills`) VALUES ('1032', 'SQL');
INSERT INTO `SkillSet_skills` (`SkillSet_id`, `skills`) VALUES ('1032', 'Gradle');
INSERT INTO `SkillSet_skills` (`SkillSet_id`, `skills`) VALUES ('1032', 'Gradle');
INSERT INTO `SkillSet_skills` (`SkillSet_id`, `skills`) VALUES ('1032', 'Ant');
INSERT INTO `Hero` (`id`, `firstName`, `lastName`, `picturePath`, `role`, `skillSet_id`) VALUES ('1032', 'Thugh', 'Reissym', 'img/Head5.png', 'Software Engineer', '1032');
INSERT INTO `SkillSet` (`id`) VALUES ('1033');
INSERT INTO `SkillSet_skills` (`SkillSet_id`, `skills`) VALUES ('1033', 'DotNet');
INSERT INTO `Hero` (`id`, `firstName`, `lastName`, `picturePath`, `role`, `skillSet_id`) VALUES ('1033', 'Oighich', 'Chupoul', 'img/Head8.png', 'Senior Software Engineer', '1033');
INSERT INTO `SkillSet` (`id`) VALUES ('1034');
INSERT INTO `SkillSet_skills` (`SkillSet_id`, `skills`) VALUES ('1034', 'Maven');
INSERT INTO `SkillSet_skills` (`SkillSet_id`, `skills`) VALUES ('1034', 'Maven');
INSERT INTO `SkillSet_skills` (`SkillSet_id`, `skills`) VALUES ('1034', 'DotNet');
INSERT INTO `Hero` (`id`, `firstName`, `lastName`, `picturePath`, `role`, `skillSet_id`) VALUES ('1034', 'Oubeith', 'Ovech', 'img/Head3.png', 'Principal Consultant', '1034');
INSERT INTO `SkillSet` (`id`) VALUES ('1035');
INSERT INTO `SkillSet_skills` (`SkillSet_id`, `skills`) VALUES ('1035', 'Java');
INSERT INTO `Hero` (`id`, `firstName`, `lastName`, `picturePath`, `role`, `skillSet_id`) VALUES ('1035', 'Kuhjth', 'Aintuss', 'img/Head4.png', 'Software Engineer', '1035');
INSERT INTO `SkillSet` (`id`) VALUES ('1036');
INSERT INTO `SkillSet_skills` (`SkillSet_id`, `skills`) VALUES ('1036', 'Java');
INSERT INTO `SkillSet_skills` (`SkillSet_id`, `skills`) VALUES ('1036', 'Ant');
INSERT INTO `SkillSet_skills` (`SkillSet_id`, `skills`) VALUES ('1036', 'Maven');
INSERT INTO `SkillSet_skills` (`SkillSet_id`, `skills`) VALUES ('1036', 'Architektur');
INSERT INTO `Hero` (`id`, `firstName`, `lastName`, `picturePath`, `role`, `skillSet_id`) VALUES ('1036', 'Nabjp', 'Ooz', 'img/Head4.png', 'Lead Software Architect', '1036');
INSERT INTO `SkillSet` (`id`) VALUES ('1037');
INSERT INTO `SkillSet_skills` (`SkillSet_id`, `skills`) VALUES ('1037', 'SQL');
INSERT INTO `Hero` (`id`, `firstName`, `lastName`, `picturePath`, `role`, `skillSet_id`) VALUES ('1037', 'Thauntjst', 'Ynnjtt', 'img/Head6.png', 'Lead Engineer', '1037');
INSERT INTO `SkillSet` (`id`) VALUES ('1038');
INSERT INTO `SkillSet_skills` (`SkillSet_id`, `skills`) VALUES ('1038', 'Maven');
INSERT INTO `SkillSet_skills` (`SkillSet_id`, `skills`) VALUES ('1038', 'Maven');
INSERT INTO `SkillSet_skills` (`SkillSet_id`, `skills`) VALUES ('1038', 'Ant');
INSERT INTO `SkillSet_skills` (`SkillSet_id`, `skills`) VALUES ('1038', 'UITesting');
INSERT INTO `SkillSet_skills` (`SkillSet_id`, `skills`) VALUES ('1038', 'SQL');
INSERT INTO `Hero` (`id`, `firstName`, `lastName`, `picturePath`, `role`, `skillSet_id`) VALUES ('1038', 'Mjinnjint', 'Eikaid', 'img/Head3.png', 'Lead Software Architect', '1038');
INSERT INTO `SkillSet` (`id`) VALUES ('1039');
INSERT INTO `SkillSet_skills` (`SkillSet_id`, `skills`) VALUES ('1039', 'Ant');
INSERT INTO `Hero` (`id`, `firstName`, `lastName`, `picturePath`, `role`, `skillSet_id`) VALUES ('1039', 'Gloubaif', 'Oopf', 'img/Head2.png', 'Lead Engineer', '1039');
INSERT INTO `SkillSet` (`id`) VALUES ('1040');
INSERT INTO `SkillSet_skills` (`SkillSet_id`, `skills`) VALUES ('1040', 'Java');
INSERT INTO `SkillSet_skills` (`SkillSet_id`, `skills`) VALUES ('1040', 'Gradle');
INSERT INTO `SkillSet_skills` (`SkillSet_id`, `skills`) VALUES ('1040', 'Ant');
INSERT INTO `Hero` (`id`, `firstName`, `lastName`, `picturePath`, `role`, `skillSet_id`) VALUES ('1040', 'Shait', 'Prouthoch', 'img/Head5.png', 'Software Engineer', '1040');
INSERT INTO `SkillSet` (`id`) VALUES ('1041');
INSERT INTO `SkillSet_skills` (`SkillSet_id`, `skills`) VALUES ('1041', 'UnitTesting');
INSERT INTO `SkillSet_skills` (`SkillSet_id`, `skills`) VALUES ('1041', 'Architektur');
INSERT INTO `SkillSet_skills` (`SkillSet_id`, `skills`) VALUES ('1041', 'UnitTesting');
INSERT INTO `SkillSet_skills` (`SkillSet_id`, `skills`) VALUES ('1041', 'Maven');
INSERT INTO `Hero` (`id`, `firstName`, `lastName`, `picturePath`, `role`, `skillSet_id`) VALUES ('1041', 'Ooless', 'Syvuch', 'img/Head1.png', 'Lead Software Architect', '1041');
INSERT INTO `SkillSet` (`id`) VALUES ('1042');
INSERT INTO `SkillSet_skills` (`SkillSet_id`, `skills`) VALUES ('1042', 'Architektur');
INSERT INTO `SkillSet_skills` (`SkillSet_id`, `skills`) VALUES ('1042', 'Architektur');
INSERT INTO `SkillSet_skills` (`SkillSet_id`, `skills`) VALUES ('1042', 'Java');
INSERT INTO `SkillSet_skills` (`SkillSet_id`, `skills`) VALUES ('1042', 'Architektur');
INSERT INTO `SkillSet_skills` (`SkillSet_id`, `skills`) VALUES ('1042', 'Ant');
INSERT INTO `Hero` (`id`, `firstName`, `lastName`, `picturePath`, `role`, `skillSet_id`) VALUES ('1042', 'Jiss', 'Shjmek', 'img/Head7.png', 'Junior Software Engineer', '1042');
INSERT INTO `SkillSet` (`id`) VALUES ('1043');
INSERT INTO `SkillSet_skills` (`SkillSet_id`, `skills`) VALUES ('1043', 'UnitTesting');
INSERT INTO `SkillSet_skills` (`SkillSet_id`, `skills`) VALUES ('1043', 'Ant');
INSERT INTO `SkillSet_skills` (`SkillSet_id`, `skills`) VALUES ('1043', 'Ant');
INSERT INTO `Hero` (`id`, `firstName`, `lastName`, `picturePath`, `role`, `skillSet_id`) VALUES ('1043', 'Jissooth', 'Oup', 'img/Head6.png', 'Junior Software Engineer', '1043');
INSERT INTO `SkillSet` (`id`) VALUES ('1044');
INSERT INTO `SkillSet_skills` (`SkillSet_id`, `skills`) VALUES ('1044', 'SQL');
INSERT INTO `SkillSet_skills` (`SkillSet_id`, `skills`) VALUES ('1044', 'UnitTesting');
INSERT INTO `Hero` (`id`, `firstName`, `lastName`, `picturePath`, `role`, `skillSet_id`) VALUES ('1044', 'Oodow', 'Ood', 'img/Head3.png', 'Lead Engineer', '1044');
INSERT INTO `SkillSet` (`id`) VALUES ('1045');
INSERT INTO `SkillSet_skills` (`SkillSet_id`, `skills`) VALUES ('1045', 'UITesting');
INSERT INTO `SkillSet_skills` (`SkillSet_id`, `skills`) VALUES ('1045', 'Maven');
INSERT INTO `Hero` (`id`, `firstName`, `lastName`, `picturePath`, `role`, `skillSet_id`) VALUES ('1045', 'Ehoor', 'Brous', 'img/Head8.png', 'Software Engineer', '1045');
INSERT INTO `SkillSet` (`id`) VALUES ('1046');
INSERT INTO `SkillSet_skills` (`SkillSet_id`, `skills`) VALUES ('1046', 'UnitTesting');
INSERT INTO `SkillSet_skills` (`SkillSet_id`, `skills`) VALUES ('1046', 'Gradle');
INSERT INTO `Hero` (`id`, `firstName`, `lastName`, `picturePath`, `role`, `skillSet_id`) VALUES ('1046', 'Kont', 'Cath', 'img/Head4.png', 'Software Engineer', '1046');
INSERT INTO `SkillSet` (`id`) VALUES ('1047');
INSERT INTO `SkillSet_skills` (`SkillSet_id`, `skills`) VALUES ('1047', 'Gradle');
INSERT INTO `SkillSet_skills` (`SkillSet_id`, `skills`) VALUES ('1047', 'Architektur');
INSERT INTO `Hero` (`id`, `firstName`, `lastName`, `picturePath`, `role`, `skillSet_id`) VALUES ('1047', 'Jnn', 'Owynn', 'img/Head4.png', 'Software Engineer', '1047');
INSERT INTO `SkillSet` (`id`) VALUES ('1048');
INSERT INTO `SkillSet_skills` (`SkillSet_id`, `skills`) VALUES ('1048', 'Maven');
INSERT INTO `SkillSet_skills` (`SkillSet_id`, `skills`) VALUES ('1048', 'SQL');
INSERT INTO `SkillSet_skills` (`SkillSet_id`, `skills`) VALUES ('1048', 'Ant');
INSERT INTO `SkillSet_skills` (`SkillSet_id`, `skills`) VALUES ('1048', 'Architektur');
INSERT INTO `Hero` (`id`, `firstName`, `lastName`, `picturePath`, `role`, `skillSet_id`) VALUES ('1048', 'Sauk', 'Ointeih', 'img/Head5.png', 'Software Engineer', '1048');
INSERT INTO `SkillSet` (`id`) VALUES ('1049');
INSERT INTO `SkillSet_skills` (`SkillSet_id`, `skills`) VALUES ('1049', 'DotNet');
INSERT INTO `Hero` (`id`, `firstName`, `lastName`, `picturePath`, `role`, `skillSet_id`) VALUES ('1049', 'Chutt', 'Jih', 'img/Head7.png', 'Principal Consultant', '1049');
INSERT INTO `SkillSet` (`id`) VALUES ('1050');
INSERT INTO `SkillSet_skills` (`SkillSet_id`, `skills`) VALUES ('1050', 'SQL');
INSERT INTO `SkillSet_skills` (`SkillSet_id`, `skills`) VALUES ('1050', 'UITesting');
INSERT INTO `SkillSet_skills` (`SkillSet_id`, `skills`) VALUES ('1050', 'Gradle');
INSERT INTO `SkillSet_skills` (`SkillSet_id`, `skills`) VALUES ('1050', 'UnitTesting');
INSERT INTO `SkillSet_skills` (`SkillSet_id`, `skills`) VALUES ('1050', 'UITesting');
INSERT INTO `Hero` (`id`, `firstName`, `lastName`, `picturePath`, `role`, `skillSet_id`) VALUES ('1050', 'Reizoor', 'Ool', 'img/Head6.png', 'Principal Consultant', '1050');
INSERT INTO `SkillSet` (`id`) VALUES ('1051');
INSERT INTO `SkillSet_skills` (`SkillSet_id`, `skills`) VALUES ('1051', 'UnitTesting');
INSERT INTO `SkillSet_skills` (`SkillSet_id`, `skills`) VALUES ('1051', 'Ant');
INSERT INTO `SkillSet_skills` (`SkillSet_id`, `skills`) VALUES ('1051', 'Gradle');
INSERT INTO `Hero` (`id`, `firstName`, `lastName`, `picturePath`, `role`, `skillSet_id`) VALUES ('1051', 'Int', 'Blinnich', 'img/Head5.png', 'Principal Consultant', '1051');
INSERT INTO `SkillSet` (`id`) VALUES ('1052');
INSERT INTO `SkillSet_skills` (`SkillSet_id`, `skills`) VALUES ('1052', 'SQL');
INSERT INTO `SkillSet_skills` (`SkillSet_id`, `skills`) VALUES ('1052', 'SQL');
INSERT INTO `SkillSet_skills` (`SkillSet_id`, `skills`) VALUES ('1052', 'SQL');
INSERT INTO `Hero` (`id`, `firstName`, `lastName`, `picturePath`, `role`, `skillSet_id`) VALUES ('1052', 'Eissez', 'It', 'img/Head6.png', 'Lead Engineer', '1052');
INSERT INTO `SkillSet` (`id`) VALUES ('1053');
INSERT INTO `SkillSet_skills` (`SkillSet_id`, `skills`) VALUES ('1053', 'Architektur');
INSERT INTO `Hero` (`id`, `firstName`, `lastName`, `picturePath`, `role`, `skillSet_id`) VALUES ('1053', 'Geiw', 'Bljigoiv', 'img/Head3.png', 'Senior Software Engineer', '1053');
INSERT INTO `SkillSet` (`id`) VALUES ('1054');
INSERT INTO `SkillSet_skills` (`SkillSet_id`, `skills`) VALUES ('1054', 'SQL');
INSERT INTO `SkillSet_skills` (`SkillSet_id`, `skills`) VALUES ('1054', 'Architektur');
INSERT INTO `SkillSet_skills` (`SkillSet_id`, `skills`) VALUES ('1054', 'UITesting');
INSERT INTO `SkillSet_skills` (`SkillSet_id`, `skills`) VALUES ('1054', 'Java');
INSERT INTO `SkillSet_skills` (`SkillSet_id`, `skills`) VALUES ('1054', 'Architektur');
INSERT INTO `Hero` (`id`, `firstName`, `lastName`, `picturePath`, `role`, `skillSet_id`) VALUES ('1054', 'Aibaud', 'Oos', 'img/Head1.png', 'Principal Consultant', '1054');
INSERT INTO `SkillSet` (`id`) VALUES ('1055');
INSERT INTO `SkillSet_skills` (`SkillSet_id`, `skills`) VALUES ('1055', 'Maven');
INSERT INTO `SkillSet_skills` (`SkillSet_id`, `skills`) VALUES ('1055', 'Ant');
INSERT INTO `SkillSet_skills` (`SkillSet_id`, `skills`) VALUES ('1055', 'UITesting');
INSERT INTO `Hero` (`id`, `firstName`, `lastName`, `picturePath`, `role`, `skillSet_id`) VALUES ('1055', 'Jib', 'Jik', 'img/Head8.png', 'Lead Engineer', '1055');
INSERT INTO `SkillSet` (`id`) VALUES ('1056');
INSERT INTO `SkillSet_skills` (`SkillSet_id`, `skills`) VALUES ('1056', 'DotNet');
INSERT INTO `Hero` (`id`, `firstName`, `lastName`, `picturePath`, `role`, `skillSet_id`) VALUES ('1056', 'Opfim', 'Apaub', 'img/Head1.png', 'Lead Engineer', '1056');
INSERT INTO `SkillSet` (`id`) VALUES ('1057');
INSERT INTO `SkillSet_skills` (`SkillSet_id`, `skills`) VALUES ('1057', 'SQL');
INSERT INTO `SkillSet_skills` (`SkillSet_id`, `skills`) VALUES ('1057', 'Architektur');
INSERT INTO `SkillSet_skills` (`SkillSet_id`, `skills`) VALUES ('1057', 'SQL');
INSERT INTO `SkillSet_skills` (`SkillSet_id`, `skills`) VALUES ('1057', 'Architektur');
INSERT INTO `SkillSet_skills` (`SkillSet_id`, `skills`) VALUES ('1057', 'UnitTesting');
INSERT INTO `Hero` (`id`, `firstName`, `lastName`, `picturePath`, `role`, `skillSet_id`) VALUES ('1057', 'Rathov', 'Kjif', 'img/Head7.png', 'Principal Consultant', '1057');
INSERT INTO `SkillSet` (`id`) VALUES ('1058');
INSERT INTO `SkillSet_skills` (`SkillSet_id`, `skills`) VALUES ('1058', 'Java');
INSERT INTO `SkillSet_skills` (`SkillSet_id`, `skills`) VALUES ('1058', 'SQL');
INSERT INTO `SkillSet_skills` (`SkillSet_id`, `skills`) VALUES ('1058', 'UITesting');
INSERT INTO `SkillSet_skills` (`SkillSet_id`, `skills`) VALUES ('1058', 'Ant');
INSERT INTO `Hero` (`id`, `firstName`, `lastName`, `picturePath`, `role`, `skillSet_id`) VALUES ('1058', 'Hupf', 'Roogyl', 'img/Head5.png', 'Software Engineer', '1058');
INSERT INTO `SkillSet` (`id`) VALUES ('1059');
INSERT INTO `SkillSet_skills` (`SkillSet_id`, `skills`) VALUES ('1059', 'UITesting');
INSERT INTO `SkillSet_skills` (`SkillSet_id`, `skills`) VALUES ('1059', 'DotNet');
INSERT INTO `SkillSet_skills` (`SkillSet_id`, `skills`) VALUES ('1059', 'Java');
INSERT INTO `SkillSet_skills` (`SkillSet_id`, `skills`) VALUES ('1059', 'DotNet');
INSERT INTO `SkillSet_skills` (`SkillSet_id`, `skills`) VALUES ('1059', 'Ant');
INSERT INTO `Hero` (`id`, `firstName`, `lastName`, `picturePath`, `role`, `skillSet_id`) VALUES ('1059', 'Oof', 'Oisoun', 'img/Head5.png', 'Lead Software Architect', '1059');
INSERT INTO `SkillSet` (`id`) VALUES ('1060');
INSERT INTO `SkillSet_skills` (`SkillSet_id`, `skills`) VALUES ('1060', 'UITesting');
INSERT INTO `SkillSet_skills` (`SkillSet_id`, `skills`) VALUES ('1060', 'UnitTesting');
INSERT INTO `Hero` (`id`, `firstName`, `lastName`, `picturePath`, `role`, `skillSet_id`) VALUES ('1060', 'Fljkip', 'Yssett', 'img/Head4.png', 'Lead Software Architect', '1060');
INSERT INTO `SkillSet` (`id`) VALUES ('1061');
INSERT INTO `SkillSet_skills` (`SkillSet_id`, `skills`) VALUES ('1061', 'Ant');
INSERT INTO `SkillSet_skills` (`SkillSet_id`, `skills`) VALUES ('1061', 'DotNet');
INSERT INTO `SkillSet_skills` (`SkillSet_id`, `skills`) VALUES ('1061', 'Gradle');
INSERT INTO `SkillSet_skills` (`SkillSet_id`, `skills`) VALUES ('1061', 'Ant');
INSERT INTO `SkillSet_skills` (`SkillSet_id`, `skills`) VALUES ('1061', 'Gradle');
INSERT INTO `Hero` (`id`, `firstName`, `lastName`, `picturePath`, `role`, `skillSet_id`) VALUES ('1061', 'Jg', 'Shaif', 'img/Head5.png', 'Lead Engineer', '1061');
INSERT INTO `SkillSet` (`id`) VALUES ('1062');
INSERT INTO `SkillSet_skills` (`SkillSet_id`, `skills`) VALUES ('1062', 'Maven');
INSERT INTO `SkillSet_skills` (`SkillSet_id`, `skills`) VALUES ('1062', 'Maven');
INSERT INTO `Hero` (`id`, `firstName`, `lastName`, `picturePath`, `role`, `skillSet_id`) VALUES ('1062', 'Auntenn', 'Ontjig', 'img/Head5.png', 'Junior Software Engineer', '1062');
INSERT INTO `SkillSet` (`id`) VALUES ('1063');
INSERT INTO `SkillSet_skills` (`SkillSet_id`, `skills`) VALUES ('1063', 'UnitTesting');
INSERT INTO `SkillSet_skills` (`SkillSet_id`, `skills`) VALUES ('1063', 'UITesting');
INSERT INTO `Hero` (`id`, `firstName`, `lastName`, `picturePath`, `role`, `skillSet_id`) VALUES ('1063', 'Laveib', 'Gluss', 'img/Head2.png', 'Junior Software Engineer', '1063');
INSERT INTO `SkillSet` (`id`) VALUES ('1064');
INSERT INTO `SkillSet_skills` (`SkillSet_id`, `skills`) VALUES ('1064', 'UITesting');
INSERT INTO `Hero` (`id`, `firstName`, `lastName`, `picturePath`, `role`, `skillSet_id`) VALUES ('1064', 'Foon', 'Auth', 'img/Head1.png', 'Lead Software Architect', '1064');
INSERT INTO `SkillSet` (`id`) VALUES ('1065');
INSERT INTO `SkillSet_skills` (`SkillSet_id`, `skills`) VALUES ('1065', 'DotNet');
INSERT INTO `SkillSet_skills` (`SkillSet_id`, `skills`) VALUES ('1065', 'Gradle');
INSERT INTO `SkillSet_skills` (`SkillSet_id`, `skills`) VALUES ('1065', 'SQL');
INSERT INTO `Hero` (`id`, `firstName`, `lastName`, `picturePath`, `role`, `skillSet_id`) VALUES ('1065', 'Bleth', 'Jit', 'img/Head3.png', 'Software Engineer', '1065');
INSERT INTO `SkillSet` (`id`) VALUES ('1066');
INSERT INTO `SkillSet_skills` (`SkillSet_id`, `skills`) VALUES ('1066', 'Ant');
INSERT INTO `SkillSet_skills` (`SkillSet_id`, `skills`) VALUES ('1066', 'UnitTesting');
INSERT INTO `SkillSet_skills` (`SkillSet_id`, `skills`) VALUES ('1066', 'UITesting');
INSERT INTO `SkillSet_skills` (`SkillSet_id`, `skills`) VALUES ('1066', 'UITesting');
INSERT INTO `Hero` (`id`, `firstName`, `lastName`, `picturePath`, `role`, `skillSet_id`) VALUES ('1066', 'Os', 'Grjkjik', 'img/Head8.png', 'Lead Software Architect', '1066');
INSERT INTO `SkillSet` (`id`) VALUES ('1067');
INSERT INTO `SkillSet_skills` (`SkillSet_id`, `skills`) VALUES ('1067', 'UITesting');
INSERT INTO `SkillSet_skills` (`SkillSet_id`, `skills`) VALUES ('1067', 'Ant');
INSERT INTO `SkillSet_skills` (`SkillSet_id`, `skills`) VALUES ('1067', 'UnitTesting');
INSERT INTO `SkillSet_skills` (`SkillSet_id`, `skills`) VALUES ('1067', 'DotNet');
INSERT INTO `SkillSet_skills` (`SkillSet_id`, `skills`) VALUES ('1067', 'UITesting');
INSERT INTO `Hero` (`id`, `firstName`, `lastName`, `picturePath`, `role`, `skillSet_id`) VALUES ('1067', 'Asheig', 'Sast', 'img/Head4.png', 'Junior Software Engineer', '1067');
INSERT INTO `SkillSet` (`id`) VALUES ('1068');
INSERT INTO `SkillSet_skills` (`SkillSet_id`, `skills`) VALUES ('1068', 'SQL');
INSERT INTO `SkillSet_skills` (`SkillSet_id`, `skills`) VALUES ('1068', 'Maven');
INSERT INTO `SkillSet_skills` (`SkillSet_id`, `skills`) VALUES ('1068', 'DotNet');
INSERT INTO `Hero` (`id`, `firstName`, `lastName`, `picturePath`, `role`, `skillSet_id`) VALUES ('1068', 'Cetuw', 'Preint', 'img/Head7.png', 'Lead Engineer', '1068');
INSERT INTO `SkillSet` (`id`) VALUES ('1069');
INSERT INTO `SkillSet_skills` (`SkillSet_id`, `skills`) VALUES ('1069', 'Architektur');
INSERT INTO `Hero` (`id`, `firstName`, `lastName`, `picturePath`, `role`, `skillSet_id`) VALUES ('1069', 'Baivjv', 'Tup', 'img/Head6.png', 'Lead Software Architect', '1069');
INSERT INTO `SkillSet` (`id`) VALUES ('1070');
INSERT INTO `SkillSet_skills` (`SkillSet_id`, `skills`) VALUES ('1070', 'UITesting');
INSERT INTO `SkillSet_skills` (`SkillSet_id`, `skills`) VALUES ('1070', 'Gradle');
INSERT INTO `SkillSet_skills` (`SkillSet_id`, `skills`) VALUES ('1070', 'Gradle');
INSERT INTO `Hero` (`id`, `firstName`, `lastName`, `picturePath`, `role`, `skillSet_id`) VALUES ('1070', 'Deiw', 'Jn', 'img/Head5.png', 'Lead Engineer', '1070');
INSERT INTO `SkillSet` (`id`) VALUES ('1071');
INSERT INTO `SkillSet_skills` (`SkillSet_id`, `skills`) VALUES ('1071', 'Ant');
INSERT INTO `SkillSet_skills` (`SkillSet_id`, `skills`) VALUES ('1071', 'DotNet');
INSERT INTO `Hero` (`id`, `firstName`, `lastName`, `picturePath`, `role`, `skillSet_id`) VALUES ('1071', 'Jintoich', 'Thjrent', 'img/Head6.png', 'Junior Software Engineer', '1071');
INSERT INTO `SkillSet` (`id`) VALUES ('1072');
INSERT INTO `SkillSet_skills` (`SkillSet_id`, `skills`) VALUES ('1072', 'Ant');
INSERT INTO `Hero` (`id`, `firstName`, `lastName`, `picturePath`, `role`, `skillSet_id`) VALUES ('1072', 'Ljittast', 'Yshjid', 'img/Head7.png', 'Software Engineer', '1072');
INSERT INTO `SkillSet` (`id`) VALUES ('1073');
INSERT INTO `SkillSet_skills` (`SkillSet_id`, `skills`) VALUES ('1073', 'Architektur');
INSERT INTO `SkillSet_skills` (`SkillSet_id`, `skills`) VALUES ('1073', 'Gradle');
INSERT INTO `Hero` (`id`, `firstName`, `lastName`, `picturePath`, `role`, `skillSet_id`) VALUES ('1073', 'Weiv', 'Lessosh', 'img/Head8.png', 'Lead Engineer', '1073');
INSERT INTO `SkillSet` (`id`) VALUES ('1074');
INSERT INTO `SkillSet_skills` (`SkillSet_id`, `skills`) VALUES ('1074', 'UITesting');
INSERT INTO `SkillSet_skills` (`SkillSet_id`, `skills`) VALUES ('1074', 'DotNet');
INSERT INTO `SkillSet_skills` (`SkillSet_id`, `skills`) VALUES ('1074', 'Architektur');
INSERT INTO `SkillSet_skills` (`SkillSet_id`, `skills`) VALUES ('1074', 'SQL');
INSERT INTO `Hero` (`id`, `firstName`, `lastName`, `picturePath`, `role`, `skillSet_id`) VALUES ('1074', 'Com', 'Sunn', 'img/Head2.png', 'Lead Engineer', '1074');
INSERT INTO `SkillSet` (`id`) VALUES ('1075');
INSERT INTO `SkillSet_skills` (`SkillSet_id`, `skills`) VALUES ('1075', 'Maven');
INSERT INTO `Hero` (`id`, `firstName`, `lastName`, `picturePath`, `role`, `skillSet_id`) VALUES ('1075', 'Jssaigh', 'Tybjitt', 'img/Head4.png', 'Lead Software Architect', '1075');
INSERT INTO `SkillSet` (`id`) VALUES ('1076');
INSERT INTO `SkillSet_skills` (`SkillSet_id`, `skills`) VALUES ('1076', 'Architektur');
INSERT INTO `SkillSet_skills` (`SkillSet_id`, `skills`) VALUES ('1076', 'Ant');
INSERT INTO `SkillSet_skills` (`SkillSet_id`, `skills`) VALUES ('1076', 'Maven');
INSERT INTO `SkillSet_skills` (`SkillSet_id`, `skills`) VALUES ('1076', 'Architektur');
INSERT INTO `Hero` (`id`, `firstName`, `lastName`, `picturePath`, `role`, `skillSet_id`) VALUES ('1076', 'Shoon', 'Etob', 'img/Head6.png', 'Lead Software Architect', '1076');
INSERT INTO `SkillSet` (`id`) VALUES ('1077');
INSERT INTO `SkillSet_skills` (`SkillSet_id`, `skills`) VALUES ('1077', 'UITesting');
INSERT INTO `SkillSet_skills` (`SkillSet_id`, `skills`) VALUES ('1077', 'Maven');
INSERT INTO `SkillSet_skills` (`SkillSet_id`, `skills`) VALUES ('1077', 'UITesting');
INSERT INTO `SkillSet_skills` (`SkillSet_id`, `skills`) VALUES ('1077', 'DotNet');
INSERT INTO `SkillSet_skills` (`SkillSet_id`, `skills`) VALUES ('1077', 'Ant');
INSERT INTO `Hero` (`id`, `firstName`, `lastName`, `picturePath`, `role`, `skillSet_id`) VALUES ('1077', 'Gathytt', 'Blooss', 'img/Head7.png', 'Senior Software Engineer', '1077');
INSERT INTO `SkillSet` (`id`) VALUES ('1078');
INSERT INTO `SkillSet_skills` (`SkillSet_id`, `skills`) VALUES ('1078', 'Ant');
INSERT INTO `SkillSet_skills` (`SkillSet_id`, `skills`) VALUES ('1078', 'Architektur');
INSERT INTO `Hero` (`id`, `firstName`, `lastName`, `picturePath`, `role`, `skillSet_id`) VALUES ('1078', 'Dythauz', 'Hab', 'img/Head6.png', 'Lead Software Architect', '1078');
INSERT INTO `SkillSet` (`id`) VALUES ('1079');
INSERT INTO `SkillSet_skills` (`SkillSet_id`, `skills`) VALUES ('1079', 'UnitTesting');
INSERT INTO `Hero` (`id`, `firstName`, `lastName`, `picturePath`, `role`, `skillSet_id`) VALUES ('1079', 'Oonn', 'Eidjch', 'img/Head6.png', 'Junior Software Engineer', '1079');
INSERT INTO `SkillSet` (`id`) VALUES ('1080');
INSERT INTO `SkillSet_skills` (`SkillSet_id`, `skills`) VALUES ('1080', 'UITesting');
INSERT INTO `Hero` (`id`, `firstName`, `lastName`, `picturePath`, `role`, `skillSet_id`) VALUES ('1080', 'Roithauz', 'Rinn', 'img/Head8.png', 'Principal Consultant', '1080');
INSERT INTO `SkillSet` (`id`) VALUES ('1081');
INSERT INTO `SkillSet_skills` (`SkillSet_id`, `skills`) VALUES ('1081', 'Java');
INSERT INTO `SkillSet_skills` (`SkillSet_id`, `skills`) VALUES ('1081', 'Ant');
INSERT INTO `SkillSet_skills` (`SkillSet_id`, `skills`) VALUES ('1081', 'Maven');
INSERT INTO `SkillSet_skills` (`SkillSet_id`, `skills`) VALUES ('1081', 'Maven');
INSERT INTO `Hero` (`id`, `firstName`, `lastName`, `picturePath`, `role`, `skillSet_id`) VALUES ('1081', 'Laug', 'Daust', 'img/Head5.png', 'Software Engineer', '1081');
INSERT INTO `SkillSet` (`id`) VALUES ('1082');
INSERT INTO `SkillSet_skills` (`SkillSet_id`, `skills`) VALUES ('1082', 'UITesting');
INSERT INTO `SkillSet_skills` (`SkillSet_id`, `skills`) VALUES ('1082', 'Java');
INSERT INTO `Hero` (`id`, `firstName`, `lastName`, `picturePath`, `role`, `skillSet_id`) VALUES ('1082', 'As', 'Oochool', 'img/Head2.png', 'Software Engineer', '1082');
INSERT INTO `SkillSet` (`id`) VALUES ('1083');
INSERT INTO `SkillSet_skills` (`SkillSet_id`, `skills`) VALUES ('1083', 'Gradle');
INSERT INTO `SkillSet_skills` (`SkillSet_id`, `skills`) VALUES ('1083', 'UnitTesting');
INSERT INTO `Hero` (`id`, `firstName`, `lastName`, `picturePath`, `role`, `skillSet_id`) VALUES ('1083', 'Eg', 'Vontol', 'img/Head6.png', 'Lead Engineer', '1083');
INSERT INTO `SkillSet` (`id`) VALUES ('1084');
INSERT INTO `SkillSet_skills` (`SkillSet_id`, `skills`) VALUES ('1084', 'Gradle');
INSERT INTO `SkillSet_skills` (`SkillSet_id`, `skills`) VALUES ('1084', 'Architektur');
INSERT INTO `Hero` (`id`, `firstName`, `lastName`, `picturePath`, `role`, `skillSet_id`) VALUES ('1084', 'Beishur', 'Neistuw', 'img/Head6.png', 'Lead Software Architect', '1084');
INSERT INTO `SkillSet` (`id`) VALUES ('1085');
INSERT INTO `SkillSet_skills` (`SkillSet_id`, `skills`) VALUES ('1085', 'Maven');
INSERT INTO `SkillSet_skills` (`SkillSet_id`, `skills`) VALUES ('1085', 'Architektur');
INSERT INTO `SkillSet_skills` (`SkillSet_id`, `skills`) VALUES ('1085', 'UnitTesting');
INSERT INTO `Hero` (`id`, `firstName`, `lastName`, `picturePath`, `role`, `skillSet_id`) VALUES ('1085', 'Zass', 'Or', 'img/Head5.png', 'Principal Consultant', '1085');
INSERT INTO `SkillSet` (`id`) VALUES ('1086');
INSERT INTO `SkillSet_skills` (`SkillSet_id`, `skills`) VALUES ('1086', 'Java');
INSERT INTO `SkillSet_skills` (`SkillSet_id`, `skills`) VALUES ('1086', 'DotNet');
INSERT INTO `SkillSet_skills` (`SkillSet_id`, `skills`) VALUES ('1086', 'Architektur');
INSERT INTO `SkillSet_skills` (`SkillSet_id`, `skills`) VALUES ('1086', 'SQL');
INSERT INTO `Hero` (`id`, `firstName`, `lastName`, `picturePath`, `role`, `skillSet_id`) VALUES ('1086', 'Ug', 'Glauttoub', 'img/Head7.png', 'Principal Consultant', '1086');
INSERT INTO `SkillSet` (`id`) VALUES ('1087');
INSERT INTO `SkillSet_skills` (`SkillSet_id`, `skills`) VALUES ('1087', 'SQL');
INSERT INTO `SkillSet_skills` (`SkillSet_id`, `skills`) VALUES ('1087', 'SQL');
INSERT INTO `SkillSet_skills` (`SkillSet_id`, `skills`) VALUES ('1087', 'Ant');
INSERT INTO `Hero` (`id`, `firstName`, `lastName`, `picturePath`, `role`, `skillSet_id`) VALUES ('1087', 'Dochaur', 'Shoov', 'img/Head4.png', 'Principal Consultant', '1087');
INSERT INTO `SkillSet` (`id`) VALUES ('1088');
INSERT INTO `SkillSet_skills` (`SkillSet_id`, `skills`) VALUES ('1088', 'Java');
INSERT INTO `Hero` (`id`, `firstName`, `lastName`, `picturePath`, `role`, `skillSet_id`) VALUES ('1088', 'Jinn', 'Ountann', 'img/Head7.png', 'Software Engineer', '1088');
INSERT INTO `SkillSet` (`id`) VALUES ('1089');
INSERT INTO `SkillSet_skills` (`SkillSet_id`, `skills`) VALUES ('1089', 'Java');
INSERT INTO `Hero` (`id`, `firstName`, `lastName`, `picturePath`, `role`, `skillSet_id`) VALUES ('1089', 'Jithytt', 'Aivjiss', 'img/Head2.png', 'Software Engineer', '1089');
INSERT INTO `SkillSet` (`id`) VALUES ('1090');
INSERT INTO `SkillSet_skills` (`SkillSet_id`, `skills`) VALUES ('1090', 'Gradle');
INSERT INTO `SkillSet_skills` (`SkillSet_id`, `skills`) VALUES ('1090', 'Architektur');
INSERT INTO `SkillSet_skills` (`SkillSet_id`, `skills`) VALUES ('1090', 'UITesting');
INSERT INTO `SkillSet_skills` (`SkillSet_id`, `skills`) VALUES ('1090', 'Gradle');
INSERT INTO `Hero` (`id`, `firstName`, `lastName`, `picturePath`, `role`, `skillSet_id`) VALUES ('1090', 'Jpjitt', 'Toiss', 'img/Head8.png', 'Lead Software Architect', '1090');
INSERT INTO `SkillSet` (`id`) VALUES ('1091');
INSERT INTO `SkillSet_skills` (`SkillSet_id`, `skills`) VALUES ('1091', 'Maven');
INSERT INTO `SkillSet_skills` (`SkillSet_id`, `skills`) VALUES ('1091', 'Ant');
INSERT INTO `SkillSet_skills` (`SkillSet_id`, `skills`) VALUES ('1091', 'Architektur');
INSERT INTO `SkillSet_skills` (`SkillSet_id`, `skills`) VALUES ('1091', 'UITesting');
INSERT INTO `Hero` (`id`, `firstName`, `lastName`, `picturePath`, `role`, `skillSet_id`) VALUES ('1091', 'Roinn', 'Oig', 'img/Head1.png', 'Lead Software Architect', '1091');
INSERT INTO `SkillSet` (`id`) VALUES ('1092');
INSERT INTO `SkillSet_skills` (`SkillSet_id`, `skills`) VALUES ('1092', 'Ant');
INSERT INTO `SkillSet_skills` (`SkillSet_id`, `skills`) VALUES ('1092', 'SQL');
INSERT INTO `SkillSet_skills` (`SkillSet_id`, `skills`) VALUES ('1092', 'SQL');
INSERT INTO `SkillSet_skills` (`SkillSet_id`, `skills`) VALUES ('1092', 'Maven');
INSERT INTO `SkillSet_skills` (`SkillSet_id`, `skills`) VALUES ('1092', 'Maven');
INSERT INTO `Hero` (`id`, `firstName`, `lastName`, `picturePath`, `role`, `skillSet_id`) VALUES ('1092', 'Xitt', 'Prjssois', 'img/Head4.png', 'Senior Software Engineer', '1092');
INSERT INTO `SkillSet` (`id`) VALUES ('1093');
INSERT INTO `SkillSet_skills` (`SkillSet_id`, `skills`) VALUES ('1093', 'Java');
INSERT INTO `Hero` (`id`, `firstName`, `lastName`, `picturePath`, `role`, `skillSet_id`) VALUES ('1093', 'Geigh', 'Listoss', 'img/Head2.png', 'Principal Consultant', '1093');
INSERT INTO `SkillSet` (`id`) VALUES ('1094');
INSERT INTO `SkillSet_skills` (`SkillSet_id`, `skills`) VALUES ('1094', 'UnitTesting');
INSERT INTO `SkillSet_skills` (`SkillSet_id`, `skills`) VALUES ('1094', 'Maven');
INSERT INTO `SkillSet_skills` (`SkillSet_id`, `skills`) VALUES ('1094', 'DotNet');
INSERT INTO `SkillSet_skills` (`SkillSet_id`, `skills`) VALUES ('1094', 'Ant');
INSERT INTO `Hero` (`id`, `firstName`, `lastName`, `picturePath`, `role`, `skillSet_id`) VALUES ('1094', 'Costag', 'Jichegh', 'img/Head3.png', 'Principal Consultant', '1094');
INSERT INTO `SkillSet` (`id`) VALUES ('1095');
INSERT INTO `SkillSet_skills` (`SkillSet_id`, `skills`) VALUES ('1095', 'UnitTesting');
INSERT INTO `SkillSet_skills` (`SkillSet_id`, `skills`) VALUES ('1095', 'UnitTesting');
INSERT INTO `SkillSet_skills` (`SkillSet_id`, `skills`) VALUES ('1095', 'Java');
INSERT INTO `SkillSet_skills` (`SkillSet_id`, `skills`) VALUES ('1095', 'Ant');
INSERT INTO `Hero` (`id`, `firstName`, `lastName`, `picturePath`, `role`, `skillSet_id`) VALUES ('1095', 'Shost', 'Jth', 'img/Head5.png', 'Senior Software Engineer', '1095');
INSERT INTO `SkillSet` (`id`) VALUES ('1096');
INSERT INTO `SkillSet_skills` (`SkillSet_id`, `skills`) VALUES ('1096', 'UnitTesting');
INSERT INTO `Hero` (`id`, `firstName`, `lastName`, `picturePath`, `role`, `skillSet_id`) VALUES ('1096', 'Fif', 'Oup', 'img/Head5.png', 'Lead Engineer', '1096');
INSERT INTO `SkillSet` (`id`) VALUES ('1097');
INSERT INTO `SkillSet_skills` (`SkillSet_id`, `skills`) VALUES ('1097', 'Gradle');
INSERT INTO `SkillSet_skills` (`SkillSet_id`, `skills`) VALUES ('1097', 'Architektur');
INSERT INTO `SkillSet_skills` (`SkillSet_id`, `skills`) VALUES ('1097', 'DotNet');
INSERT INTO `Hero` (`id`, `firstName`, `lastName`, `picturePath`, `role`, `skillSet_id`) VALUES ('1097', 'Rut', 'Eil', 'img/Head2.png', 'Senior Software Engineer', '1097');
INSERT INTO `SkillSet` (`id`) VALUES ('1098');
INSERT INTO `SkillSet_skills` (`SkillSet_id`, `skills`) VALUES ('1098', 'Architektur');
INSERT INTO `SkillSet_skills` (`SkillSet_id`, `skills`) VALUES ('1098', 'Maven');
INSERT INTO `SkillSet_skills` (`SkillSet_id`, `skills`) VALUES ('1098', 'Gradle');
INSERT INTO `SkillSet_skills` (`SkillSet_id`, `skills`) VALUES ('1098', 'Architektur');
INSERT INTO `Hero` (`id`, `firstName`, `lastName`, `picturePath`, `role`, `skillSet_id`) VALUES ('1098', 'Aisoonn', 'Eighesh', 'img/Head6.png', 'Senior Software Engineer', '1098');
INSERT INTO `SkillSet` (`id`) VALUES ('1099');
INSERT INTO `SkillSet_skills` (`SkillSet_id`, `skills`) VALUES ('1099', 'SQL');
INSERT INTO `SkillSet_skills` (`SkillSet_id`, `skills`) VALUES ('1099', 'Gradle');
INSERT INTO `SkillSet_skills` (`SkillSet_id`, `skills`) VALUES ('1099', 'SQL');
INSERT INTO `SkillSet_skills` (`SkillSet_id`, `skills`) VALUES ('1099', 'Maven');
INSERT INTO `SkillSet_skills` (`SkillSet_id`, `skills`) VALUES ('1099', 'UnitTesting');
INSERT INTO `Hero` (`id`, `firstName`, `lastName`, `picturePath`, `role`, `skillSet_id`) VALUES ('1099', 'Ychjith', 'Shaish', 'img/Head1.png', 'Software Engineer', '1099');
INSERT INTO `SkillSet` (`id`) VALUES ('11000');
INSERT INTO `SkillSet_skills` (`SkillSet_id`, `skills`) VALUES ('11000', 'DotNet');
INSERT INTO `SkillSet_skills` (`SkillSet_id`, `skills`) VALUES ('11000', 'DotNet');
INSERT INTO `Mission` (`id`, `companyName`, `shortName`, `description`, `role`, `lcu_id`, `skillSet_id`) VALUES ('11000', 'Tittuk', 'Oowont', '06117c15-ba7d-480c-a450-3713c59bf084', 'Lead Software Architect', '3', '11000');
INSERT INTO `SkillSet` (`id`) VALUES ('11001');
INSERT INTO `SkillSet_skills` (`SkillSet_id`, `skills`) VALUES ('11001', 'DotNet');
INSERT INTO `SkillSet_skills` (`SkillSet_id`, `skills`) VALUES ('11001', 'Architektur');
INSERT INTO `SkillSet_skills` (`SkillSet_id`, `skills`) VALUES ('11001', 'DotNet');
INSERT INTO `SkillSet_skills` (`SkillSet_id`, `skills`) VALUES ('11001', 'Maven');
INSERT INTO `Mission` (`id`, `companyName`, `shortName`, `description`, `role`, `lcu_id`, `skillSet_id`) VALUES ('11001', 'Al', 'Brjissen', 'f08f385d-798f-45a7-a4bd-be433612da1b', 'Senior Software Engineer', '3', '11001');
INSERT INTO `SkillSet` (`id`) VALUES ('11002');
INSERT INTO `SkillSet_skills` (`SkillSet_id`, `skills`) VALUES ('11002', 'UnitTesting');
INSERT INTO `SkillSet_skills` (`SkillSet_id`, `skills`) VALUES ('11002', 'Architektur');
INSERT INTO `SkillSet_skills` (`SkillSet_id`, `skills`) VALUES ('11002', 'Ant');
INSERT INTO `Mission` (`id`, `companyName`, `shortName`, `description`, `role`, `lcu_id`, `skillSet_id`) VALUES ('11002', 'Eich', 'Styttouch', '38a5c5f7-8086-4e45-ae77-e0dc731c038e', 'Lead Software Architect', '3', '11002');
INSERT INTO `SkillSet` (`id`) VALUES ('11003');
INSERT INTO `SkillSet_skills` (`SkillSet_id`, `skills`) VALUES ('11003', 'Gradle');
INSERT INTO `Mission` (`id`, `companyName`, `shortName`, `description`, `role`, `lcu_id`, `skillSet_id`) VALUES ('11003', 'Lapf', 'Djith', '0d94b5e2-38f3-4661-ac4d-b65296f28af2', 'Software Engineer', '3', '11003');
INSERT INTO `SkillSet` (`id`) VALUES ('11004');
INSERT INTO `SkillSet_skills` (`SkillSet_id`, `skills`) VALUES ('11004', 'Ant');
INSERT INTO `SkillSet_skills` (`SkillSet_id`, `skills`) VALUES ('11004', 'Java');
INSERT INTO `SkillSet_skills` (`SkillSet_id`, `skills`) VALUES ('11004', 'DotNet');
INSERT INTO `SkillSet_skills` (`SkillSet_id`, `skills`) VALUES ('11004', 'Ant');
INSERT INTO `Mission` (`id`, `companyName`, `shortName`, `description`, `role`, `lcu_id`, `skillSet_id`) VALUES ('11004', 'Egast', 'Gljissow', '471f9d93-ba3f-47a1-a77c-9127a3ece9eb', 'Junior Software Engineer', '3', '11004');
INSERT INTO `SkillSet` (`id`) VALUES ('11005');
INSERT INTO `SkillSet_skills` (`SkillSet_id`, `skills`) VALUES ('11005', 'SQL');
INSERT INTO `SkillSet_skills` (`SkillSet_id`, `skills`) VALUES ('11005', 'DotNet');
INSERT INTO `Mission` (`id`, `companyName`, `shortName`, `description`, `role`, `lcu_id`, `skillSet_id`) VALUES ('11005', 'Outhoit', 'Cepfooh', '9e727765-637e-42e1-949f-16114993a78b', 'Lead Engineer', '3', '11005');
INSERT INTO `SkillSet` (`id`) VALUES ('11006');
INSERT INTO `SkillSet_skills` (`SkillSet_id`, `skills`) VALUES ('11006', 'Maven');
INSERT INTO `SkillSet_skills` (`SkillSet_id`, `skills`) VALUES ('11006', 'Gradle');
INSERT INTO `Mission` (`id`, `companyName`, `shortName`, `description`, `role`, `lcu_id`, `skillSet_id`) VALUES ('11006', 'Finn', 'Izach', '84f991c9-95b4-4b40-a8a1-95be50ff850f', 'Senior Software Engineer', '3', '11006');
INSERT INTO `SkillSet` (`id`) VALUES ('11007');
INSERT INTO `SkillSet_skills` (`SkillSet_id`, `skills`) VALUES ('11007', 'Gradle');
INSERT INTO `SkillSet_skills` (`SkillSet_id`, `skills`) VALUES ('11007', 'UnitTesting');
INSERT INTO `SkillSet_skills` (`SkillSet_id`, `skills`) VALUES ('11007', 'UITesting');
INSERT INTO `SkillSet_skills` (`SkillSet_id`, `skills`) VALUES ('11007', 'Maven');
INSERT INTO `SkillSet_skills` (`SkillSet_id`, `skills`) VALUES ('11007', 'DotNet');
INSERT INTO `Mission` (`id`, `companyName`, `shortName`, `description`, `role`, `lcu_id`, `skillSet_id`) VALUES ('11007', 'Eik', 'Uttjiv', '61a2bca0-8bb7-4096-beef-925b1d66f42f', 'Lead Software Architect', '3', '11007');
INSERT INTO `SkillSet` (`id`) VALUES ('11008');
INSERT INTO `SkillSet_skills` (`SkillSet_id`, `skills`) VALUES ('11008', 'Architektur');
INSERT INTO `SkillSet_skills` (`SkillSet_id`, `skills`) VALUES ('11008', 'Maven');
INSERT INTO `SkillSet_skills` (`SkillSet_id`, `skills`) VALUES ('11008', 'Java');
INSERT INTO `Mission` (`id`, `companyName`, `shortName`, `description`, `role`, `lcu_id`, `skillSet_id`) VALUES ('11008', 'Erjw', 'Oufjiw', '006a47e2-144c-419c-9010-57b0d1d58845', 'Software Engineer', '3', '11008');
INSERT INTO `SkillSet` (`id`) VALUES ('11009');
INSERT INTO `SkillSet_skills` (`SkillSet_id`, `skills`) VALUES ('11009', 'UnitTesting');
INSERT INTO `SkillSet_skills` (`SkillSet_id`, `skills`) VALUES ('11009', 'UnitTesting');
INSERT INTO `SkillSet_skills` (`SkillSet_id`, `skills`) VALUES ('11009', 'Ant');
INSERT INTO `SkillSet_skills` (`SkillSet_id`, `skills`) VALUES ('11009', 'DotNet');
INSERT INTO `SkillSet_skills` (`SkillSet_id`, `skills`) VALUES ('11009', 'UnitTesting');
INSERT INTO `Mission` (`id`, `companyName`, `shortName`, `description`, `role`, `lcu_id`, `skillSet_id`) VALUES ('11009', 'Xeris', 'Braupf', '017f568e-bf5c-4d1e-8ec2-b065ba77f1ed', 'Senior Software Engineer', '3', '11009');
INSERT INTO `SkillSet` (`id`) VALUES ('11010');
INSERT INTO `SkillSet_skills` (`SkillSet_id`, `skills`) VALUES ('11010', 'UITesting');
INSERT INTO `SkillSet_skills` (`SkillSet_id`, `skills`) VALUES ('11010', 'SQL');
INSERT INTO `SkillSet_skills` (`SkillSet_id`, `skills`) VALUES ('11010', 'UITesting');
INSERT INTO `SkillSet_skills` (`SkillSet_id`, `skills`) VALUES ('11010', 'Java');
INSERT INTO `SkillSet_skills` (`SkillSet_id`, `skills`) VALUES ('11010', 'Java');
INSERT INTO `Mission` (`id`, `companyName`, `shortName`, `description`, `role`, `lcu_id`, `skillSet_id`) VALUES ('11010', 'Choigh', 'Gum', 'fde56fb1-aea6-46e2-8b61-433e23f18de7', 'Lead Engineer', '3', '11010');
INSERT INTO `SkillSet` (`id`) VALUES ('11011');
INSERT INTO `SkillSet_skills` (`SkillSet_id`, `skills`) VALUES ('11011', 'Maven');
INSERT INTO `Mission` (`id`, `companyName`, `shortName`, `description`, `role`, `lcu_id`, `skillSet_id`) VALUES ('11011', 'Aist', 'Oipjith', '645eee3f-f7ed-41f1-ac89-d7f6cb570611', 'Principal Consultant', '3', '11011');
INSERT INTO `SkillSet` (`id`) VALUES ('11012');
INSERT INTO `SkillSet_skills` (`SkillSet_id`, `skills`) VALUES ('11012', 'UITesting');
INSERT INTO `SkillSet_skills` (`SkillSet_id`, `skills`) VALUES ('11012', 'Maven');
INSERT INTO `SkillSet_skills` (`SkillSet_id`, `skills`) VALUES ('11012', 'Ant');
INSERT INTO `SkillSet_skills` (`SkillSet_id`, `skills`) VALUES ('11012', 'Architektur');
INSERT INTO `SkillSet_skills` (`SkillSet_id`, `skills`) VALUES ('11012', 'Gradle');
INSERT INTO `Mission` (`id`, `companyName`, `shortName`, `description`, `role`, `lcu_id`, `skillSet_id`) VALUES ('11012', 'Aithyw', 'Wiv', 'ee542a3d-cba5-4729-b468-574709e27d7c', 'Junior Software Engineer', '3', '11012');
INSERT INTO `SkillSet` (`id`) VALUES ('11013');
INSERT INTO `SkillSet_skills` (`SkillSet_id`, `skills`) VALUES ('11013', 'Ant');
INSERT INTO `SkillSet_skills` (`SkillSet_id`, `skills`) VALUES ('11013', 'UnitTesting');
INSERT INTO `SkillSet_skills` (`SkillSet_id`, `skills`) VALUES ('11013', 'Java');
INSERT INTO `Mission` (`id`, `companyName`, `shortName`, `description`, `role`, `lcu_id`, `skillSet_id`) VALUES ('11013', 'Bloif', 'Jsof', 'b015ecd8-61ef-4785-8047-00a9d82c36d6', 'Senior Software Engineer', '3', '11013');
INSERT INTO `SkillSet` (`id`) VALUES ('11014');
INSERT INTO `SkillSet_skills` (`SkillSet_id`, `skills`) VALUES ('11014', 'Ant');
INSERT INTO `SkillSet_skills` (`SkillSet_id`, `skills`) VALUES ('11014', 'SQL');
INSERT INTO `SkillSet_skills` (`SkillSet_id`, `skills`) VALUES ('11014', 'UITesting');
INSERT INTO `SkillSet_skills` (`SkillSet_id`, `skills`) VALUES ('11014', 'Architektur');
INSERT INTO `Mission` (`id`, `companyName`, `shortName`, `description`, `role`, `lcu_id`, `skillSet_id`) VALUES ('11014', 'Glougen', 'Ouvepf', '8ec60c91-2ae4-4166-9f3b-10cfbdecd53d', 'Lead Software Architect', '3', '11014');
INSERT INTO `SkillSet` (`id`) VALUES ('11015');
INSERT INTO `SkillSet_skills` (`SkillSet_id`, `skills`) VALUES ('11015', 'SQL');
INSERT INTO `SkillSet_skills` (`SkillSet_id`, `skills`) VALUES ('11015', 'DotNet');
INSERT INTO `SkillSet_skills` (`SkillSet_id`, `skills`) VALUES ('11015', 'DotNet');
INSERT INTO `SkillSet_skills` (`SkillSet_id`, `skills`) VALUES ('11015', 'Maven');
INSERT INTO `SkillSet_skills` (`SkillSet_id`, `skills`) VALUES ('11015', 'Ant');
INSERT INTO `Mission` (`id`, `companyName`, `shortName`, `description`, `role`, `lcu_id`, `skillSet_id`) VALUES ('11015', 'Iz', 'Glauf', '3cd9b8a9-63f7-4765-bda7-fc32bf6d83c8', 'Senior Software Engineer', '3', '11015');
INSERT INTO `SkillSet` (`id`) VALUES ('11016');
INSERT INTO `SkillSet_skills` (`SkillSet_id`, `skills`) VALUES ('11016', 'UnitTesting');
INSERT INTO `Mission` (`id`, `companyName`, `shortName`, `description`, `role`, `lcu_id`, `skillSet_id`) VALUES ('11016', 'Pouzeis', 'Int', 'd9d5b734-ef02-4bf1-be18-80cc29fc579f', 'Lead Engineer', '3', '11016');
INSERT INTO `SkillSet` (`id`) VALUES ('11017');
INSERT INTO `SkillSet_skills` (`SkillSet_id`, `skills`) VALUES ('11017', 'DotNet');
INSERT INTO `SkillSet_skills` (`SkillSet_id`, `skills`) VALUES ('11017', 'SQL');
INSERT INTO `SkillSet_skills` (`SkillSet_id`, `skills`) VALUES ('11017', 'DotNet');
INSERT INTO `Mission` (`id`, `companyName`, `shortName`, `description`, `role`, `lcu_id`, `skillSet_id`) VALUES ('11017', 'Kif', 'Aitheiw', '4ffb6ea9-389e-4859-9855-80f7ba6bf820', 'Software Engineer', '3', '11017');
INSERT INTO `SkillSet` (`id`) VALUES ('11018');
INSERT INTO `SkillSet_skills` (`SkillSet_id`, `skills`) VALUES ('11018', 'Java');
INSERT INTO `SkillSet_skills` (`SkillSet_id`, `skills`) VALUES ('11018', 'Java');
INSERT INTO `SkillSet_skills` (`SkillSet_id`, `skills`) VALUES ('11018', 'Maven');
INSERT INTO `SkillSet_skills` (`SkillSet_id`, `skills`) VALUES ('11018', 'Ant');
INSERT INTO `SkillSet_skills` (`SkillSet_id`, `skills`) VALUES ('11018', 'UnitTesting');
INSERT INTO `Mission` (`id`, `companyName`, `shortName`, `description`, `role`, `lcu_id`, `skillSet_id`) VALUES ('11018', 'Qosoipf', 'Broughyz', '6ddb8be4-f016-4b12-a1bc-429268c0799d', 'Software Engineer', '3', '11018');
INSERT INTO `SkillSet` (`id`) VALUES ('11019');
INSERT INTO `SkillSet_skills` (`SkillSet_id`, `skills`) VALUES ('11019', 'Ant');
INSERT INTO `SkillSet_skills` (`SkillSet_id`, `skills`) VALUES ('11019', 'UnitTesting');
INSERT INTO `Mission` (`id`, `companyName`, `shortName`, `description`, `role`, `lcu_id`, `skillSet_id`) VALUES ('11019', 'Al', 'Gjiz', '5012b307-3aa2-49cf-a16a-3b64a69e3d47', 'Lead Engineer', '3', '11019');
INSERT INTO `SkillSet` (`id`) VALUES ('11020');
INSERT INTO `SkillSet_skills` (`SkillSet_id`, `skills`) VALUES ('11020', 'Java');
INSERT INTO `SkillSet_skills` (`SkillSet_id`, `skills`) VALUES ('11020', 'Maven');
INSERT INTO `SkillSet_skills` (`SkillSet_id`, `skills`) VALUES ('11020', 'Architektur');
INSERT INTO `Mission` (`id`, `companyName`, `shortName`, `description`, `role`, `lcu_id`, `skillSet_id`) VALUES ('11020', 'Ishon', 'Aunnooh', 'b1630ec1-50aa-4f21-a23f-a53c438c9912', 'Software Engineer', '3', '11020');
INSERT INTO `SkillSet` (`id`) VALUES ('11021');
INSERT INTO `SkillSet_skills` (`SkillSet_id`, `skills`) VALUES ('11021', 'SQL');
INSERT INTO `SkillSet_skills` (`SkillSet_id`, `skills`) VALUES ('11021', 'UITesting');
INSERT INTO `SkillSet_skills` (`SkillSet_id`, `skills`) VALUES ('11021', 'Maven');
INSERT INTO `SkillSet_skills` (`SkillSet_id`, `skills`) VALUES ('11021', 'Architektur');
INSERT INTO `Mission` (`id`, `companyName`, `shortName`, `description`, `role`, `lcu_id`, `skillSet_id`) VALUES ('11021', 'Oont', 'Ryshush', '316b8d36-cdb1-4595-9913-963e3bd3edb4', 'Software Engineer', '3', '11021');
INSERT INTO `SkillSet` (`id`) VALUES ('11022');
INSERT INTO `SkillSet_skills` (`SkillSet_id`, `skills`) VALUES ('11022', 'DotNet');
INSERT INTO `SkillSet_skills` (`SkillSet_id`, `skills`) VALUES ('11022', 'DotNet');
INSERT INTO `SkillSet_skills` (`SkillSet_id`, `skills`) VALUES ('11022', 'Ant');
INSERT INTO `Mission` (`id`, `companyName`, `shortName`, `description`, `role`, `lcu_id`, `skillSet_id`) VALUES ('11022', 'Coss', 'Int', '9793e70f-ef36-4ca4-a036-85b89f253b47', 'Lead Engineer', '3', '11022');
INSERT INTO `SkillSet` (`id`) VALUES ('11023');
INSERT INTO `SkillSet_skills` (`SkillSet_id`, `skills`) VALUES ('11023', 'Maven');
INSERT INTO `SkillSet_skills` (`SkillSet_id`, `skills`) VALUES ('11023', 'Gradle');
INSERT INTO `SkillSet_skills` (`SkillSet_id`, `skills`) VALUES ('11023', 'SQL');
INSERT INTO `SkillSet_skills` (`SkillSet_id`, `skills`) VALUES ('11023', 'Gradle');
INSERT INTO `Mission` (`id`, `companyName`, `shortName`, `description`, `role`, `lcu_id`, `skillSet_id`) VALUES ('11023', 'Pann', 'Gooth', 'dc7ebd8f-f09b-49fa-892d-cfdb9044bb00', 'Junior Software Engineer', '3', '11023');
INSERT INTO `SkillSet` (`id`) VALUES ('11024');
INSERT INTO `SkillSet_skills` (`SkillSet_id`, `skills`) VALUES ('11024', 'UnitTesting');
INSERT INTO `SkillSet_skills` (`SkillSet_id`, `skills`) VALUES ('11024', 'Architektur');
INSERT INTO `Mission` (`id`, `companyName`, `shortName`, `description`, `role`, `lcu_id`, `skillSet_id`) VALUES ('11024', 'Fjvjish', 'Poip', '122e8726-cda0-422d-9631-6c2a6bca4296', 'Senior Software Engineer', '3', '11024');
INSERT INTO `SkillSet` (`id`) VALUES ('11025');
INSERT INTO `SkillSet_skills` (`SkillSet_id`, `skills`) VALUES ('11025', 'Gradle');
INSERT INTO `SkillSet_skills` (`SkillSet_id`, `skills`) VALUES ('11025', 'DotNet');
INSERT INTO `SkillSet_skills` (`SkillSet_id`, `skills`) VALUES ('11025', 'UnitTesting');
INSERT INTO `SkillSet_skills` (`SkillSet_id`, `skills`) VALUES ('11025', 'SQL');
INSERT INTO `Mission` (`id`, `companyName`, `shortName`, `description`, `role`, `lcu_id`, `skillSet_id`) VALUES ('11025', 'Ryh', 'Glouv', '4b0a518f-f683-4b7b-834a-446e6fdbde05', 'Senior Software Engineer', '3', '11025');
INSERT INTO `SkillSet` (`id`) VALUES ('11026');
INSERT INTO `SkillSet_skills` (`SkillSet_id`, `skills`) VALUES ('11026', 'Gradle');
INSERT INTO `SkillSet_skills` (`SkillSet_id`, `skills`) VALUES ('11026', 'SQL');
INSERT INTO `SkillSet_skills` (`SkillSet_id`, `skills`) VALUES ('11026', 'UnitTesting');
INSERT INTO `Mission` (`id`, `companyName`, `shortName`, `description`, `role`, `lcu_id`, `skillSet_id`) VALUES ('11026', 'Shaishon', 'Oth', '6874eef0-d91d-46d9-a7c7-3d33909f40a3', 'Lead Software Architect', '3', '11026');
INSERT INTO `SkillSet` (`id`) VALUES ('11027');
INSERT INTO `SkillSet_skills` (`SkillSet_id`, `skills`) VALUES ('11027', 'Gradle');
INSERT INTO `SkillSet_skills` (`SkillSet_id`, `skills`) VALUES ('11027', 'UnitTesting');
INSERT INTO `SkillSet_skills` (`SkillSet_id`, `skills`) VALUES ('11027', 'Maven');
INSERT INTO `SkillSet_skills` (`SkillSet_id`, `skills`) VALUES ('11027', 'Architektur');
INSERT INTO `Mission` (`id`, `companyName`, `shortName`, `description`, `role`, `lcu_id`, `skillSet_id`) VALUES ('11027', 'Jwaul', 'Hoir', '03b43e20-b124-417d-b131-873580e7d0db', 'Junior Software Engineer', '3', '11027');
INSERT INTO `SkillSet` (`id`) VALUES ('11028');
INSERT INTO `SkillSet_skills` (`SkillSet_id`, `skills`) VALUES ('11028', 'Architektur');
INSERT INTO `Mission` (`id`, `companyName`, `shortName`, `description`, `role`, `lcu_id`, `skillSet_id`) VALUES ('11028', 'Auchooz', 'Lookaut', '135197c4-c023-4577-bf50-c28bab1fba0a', 'Lead Engineer', '3', '11028');
INSERT INTO `SkillSet` (`id`) VALUES ('11029');
INSERT INTO `SkillSet_skills` (`SkillSet_id`, `skills`) VALUES ('11029', 'Architektur');
INSERT INTO `SkillSet_skills` (`SkillSet_id`, `skills`) VALUES ('11029', 'SQL');
INSERT INTO `SkillSet_skills` (`SkillSet_id`, `skills`) VALUES ('11029', 'Ant');
INSERT INTO `Mission` (`id`, `companyName`, `shortName`, `description`, `role`, `lcu_id`, `skillSet_id`) VALUES ('11029', 'It', 'Vois', '5c9ad922-004f-4a66-ac05-78061c318cbe', 'Principal Consultant', '3', '11029');
INSERT INTO `SkillSet` (`id`) VALUES ('11030');
INSERT INTO `SkillSet_skills` (`SkillSet_id`, `skills`) VALUES ('11030', 'Gradle');
INSERT INTO `SkillSet_skills` (`SkillSet_id`, `skills`) VALUES ('11030', 'SQL');
INSERT INTO `Mission` (`id`, `companyName`, `shortName`, `description`, `role`, `lcu_id`, `skillSet_id`) VALUES ('11030', 'Lail', 'Vyttoch', '6250e326-c05a-4230-8b56-fd3f671d0fc4', 'Lead Engineer', '3', '11030');
INSERT INTO `SkillSet` (`id`) VALUES ('11031');
INSERT INTO `SkillSet_skills` (`SkillSet_id`, `skills`) VALUES ('11031', 'Maven');
INSERT INTO `SkillSet_skills` (`SkillSet_id`, `skills`) VALUES ('11031', 'UITesting');
INSERT INTO `SkillSet_skills` (`SkillSet_id`, `skills`) VALUES ('11031', 'Java');
INSERT INTO `SkillSet_skills` (`SkillSet_id`, `skills`) VALUES ('11031', 'Architektur');
INSERT INTO `Mission` (`id`, `companyName`, `shortName`, `description`, `role`, `lcu_id`, `skillSet_id`) VALUES ('11031', 'Brjntoiv', 'Aittam', '5d0f9b75-8100-466a-a35f-3af2ffd672f9', 'Lead Engineer', '3', '11031');
INSERT INTO `SkillSet` (`id`) VALUES ('11032');
INSERT INTO `SkillSet_skills` (`SkillSet_id`, `skills`) VALUES ('11032', 'Ant');
INSERT INTO `SkillSet_skills` (`SkillSet_id`, `skills`) VALUES ('11032', 'Gradle');
INSERT INTO `SkillSet_skills` (`SkillSet_id`, `skills`) VALUES ('11032', 'Gradle');
INSERT INTO `Mission` (`id`, `companyName`, `shortName`, `description`, `role`, `lcu_id`, `skillSet_id`) VALUES ('11032', 'Oishew', 'Jiwech', '76777993-0dd2-4e69-8853-be379cee0e23', 'Senior Software Engineer', '3', '11032');
INSERT INTO `SkillSet` (`id`) VALUES ('11033');
INSERT INTO `SkillSet_skills` (`SkillSet_id`, `skills`) VALUES ('11033', 'SQL');
INSERT INTO `Mission` (`id`, `companyName`, `shortName`, `description`, `role`, `lcu_id`, `skillSet_id`) VALUES ('11033', 'Uhast', 'Ew', '98486be9-5294-4f10-a3fe-85a9ff190080', 'Lead Software Architect', '3', '11033');
INSERT INTO `SkillSet` (`id`) VALUES ('11034');
INSERT INTO `SkillSet_skills` (`SkillSet_id`, `skills`) VALUES ('11034', 'Architektur');
INSERT INTO `SkillSet_skills` (`SkillSet_id`, `skills`) VALUES ('11034', 'Java');
INSERT INTO `Mission` (`id`, `companyName`, `shortName`, `description`, `role`, `lcu_id`, `skillSet_id`) VALUES ('11034', 'Djl', 'At', '5fef14e3-53c7-4d5a-b1c0-40e79acebd86', 'Lead Software Architect', '3', '11034');
INSERT INTO `SkillSet` (`id`) VALUES ('11035');
INSERT INTO `SkillSet_skills` (`SkillSet_id`, `skills`) VALUES ('11035', 'UITesting');
INSERT INTO `Mission` (`id`, `companyName`, `shortName`, `description`, `role`, `lcu_id`, `skillSet_id`) VALUES ('11035', 'Jss', 'Auz', '42e5bec6-a142-4781-a9e6-da8ca0332d68', 'Lead Software Architect', '3', '11035');
INSERT INTO `SkillSet` (`id`) VALUES ('11036');
INSERT INTO `SkillSet_skills` (`SkillSet_id`, `skills`) VALUES ('11036', 'Java');
INSERT INTO `SkillSet_skills` (`SkillSet_id`, `skills`) VALUES ('11036', 'UnitTesting');
INSERT INTO `SkillSet_skills` (`SkillSet_id`, `skills`) VALUES ('11036', 'SQL');
INSERT INTO `Mission` (`id`, `companyName`, `shortName`, `description`, `role`, `lcu_id`, `skillSet_id`) VALUES ('11036', 'Obyz', 'Qjiljss', 'c6b52957-0c99-4076-8844-818a506b0083', 'Software Engineer', '3', '11036');
INSERT INTO `SkillSet` (`id`) VALUES ('11037');
INSERT INTO `SkillSet_skills` (`SkillSet_id`, `skills`) VALUES ('11037', 'DotNet');
INSERT INTO `SkillSet_skills` (`SkillSet_id`, `skills`) VALUES ('11037', 'SQL');
INSERT INTO `SkillSet_skills` (`SkillSet_id`, `skills`) VALUES ('11037', 'Maven');
INSERT INTO `SkillSet_skills` (`SkillSet_id`, `skills`) VALUES ('11037', 'DotNet');
INSERT INTO `Mission` (`id`, `companyName`, `shortName`, `description`, `role`, `lcu_id`, `skillSet_id`) VALUES ('11037', 'Yv', 'Sostysh', '899e5f1f-31b2-4bc3-8473-e7f1643e4888', 'Lead Software Architect', '3', '11037');
INSERT INTO `SkillSet` (`id`) VALUES ('11038');
INSERT INTO `SkillSet_skills` (`SkillSet_id`, `skills`) VALUES ('11038', 'Maven');
INSERT INTO `SkillSet_skills` (`SkillSet_id`, `skills`) VALUES ('11038', 'Maven');
INSERT INTO `SkillSet_skills` (`SkillSet_id`, `skills`) VALUES ('11038', 'Ant');
INSERT INTO `SkillSet_skills` (`SkillSet_id`, `skills`) VALUES ('11038', 'UnitTesting');
INSERT INTO `Mission` (`id`, `companyName`, `shortName`, `description`, `role`, `lcu_id`, `skillSet_id`) VALUES ('11038', 'Oufaust', 'Ois', '59704f7e-5508-41db-87a6-6400eab957fd', 'Lead Engineer', '3', '11038');
INSERT INTO `SkillSet` (`id`) VALUES ('11039');
INSERT INTO `SkillSet_skills` (`SkillSet_id`, `skills`) VALUES ('11039', 'Architektur');
INSERT INTO `Mission` (`id`, `companyName`, `shortName`, `description`, `role`, `lcu_id`, `skillSet_id`) VALUES ('11039', 'Eig', 'Ypenn', 'ee2529cf-cb06-4773-ab15-ff5436fea57f', 'Senior Software Engineer', '3', '11039');
INSERT INTO `SkillSet` (`id`) VALUES ('11040');
INSERT INTO `SkillSet_skills` (`SkillSet_id`, `skills`) VALUES ('11040', 'UITesting');
INSERT INTO `SkillSet_skills` (`SkillSet_id`, `skills`) VALUES ('11040', 'UITesting');
INSERT INTO `Mission` (`id`, `companyName`, `shortName`, `description`, `role`, `lcu_id`, `skillSet_id`) VALUES ('11040', 'Ood', 'Oipfuh', 'c7859e4e-c8f1-45cc-b3db-e176d7297c8d', 'Junior Software Engineer', '3', '11040');
INSERT INTO `SkillSet` (`id`) VALUES ('11041');
INSERT INTO `SkillSet_skills` (`SkillSet_id`, `skills`) VALUES ('11041', 'SQL');
INSERT INTO `SkillSet_skills` (`SkillSet_id`, `skills`) VALUES ('11041', 'DotNet');
INSERT INTO `SkillSet_skills` (`SkillSet_id`, `skills`) VALUES ('11041', 'UITesting');
INSERT INTO `SkillSet_skills` (`SkillSet_id`, `skills`) VALUES ('11041', 'UnitTesting');
INSERT INTO `Mission` (`id`, `companyName`, `shortName`, `description`, `role`, `lcu_id`, `skillSet_id`) VALUES ('11041', 'Utoif', 'Kustaint', 'fd618b61-77c7-4d28-9251-dbcd4a4dd8c5', 'Junior Software Engineer', '3', '11041');
INSERT INTO `SkillSet` (`id`) VALUES ('11042');
INSERT INTO `SkillSet_skills` (`SkillSet_id`, `skills`) VALUES ('11042', 'UITesting');
INSERT INTO `SkillSet_skills` (`SkillSet_id`, `skills`) VALUES ('11042', 'Gradle');
INSERT INTO `Mission` (`id`, `companyName`, `shortName`, `description`, `role`, `lcu_id`, `skillSet_id`) VALUES ('11042', 'Greih', 'Ukjiss', '8eeaf848-3733-41d2-8d83-0956dc5f20c3', 'Software Engineer', '3', '11042');
INSERT INTO `SkillSet` (`id`) VALUES ('11043');
INSERT INTO `SkillSet_skills` (`SkillSet_id`, `skills`) VALUES ('11043', 'UnitTesting');
INSERT INTO `SkillSet_skills` (`SkillSet_id`, `skills`) VALUES ('11043', 'SQL');
INSERT INTO `Mission` (`id`, `companyName`, `shortName`, `description`, `role`, `lcu_id`, `skillSet_id`) VALUES ('11043', 'Aiwoiw', 'Myttad', 'cabf80e6-651e-4327-9278-19b5f880da6e', 'Senior Software Engineer', '3', '11043');
INSERT INTO `SkillSet` (`id`) VALUES ('11044');
INSERT INTO `SkillSet_skills` (`SkillSet_id`, `skills`) VALUES ('11044', 'DotNet');
INSERT INTO `SkillSet_skills` (`SkillSet_id`, `skills`) VALUES ('11044', 'UnitTesting');
INSERT INTO `SkillSet_skills` (`SkillSet_id`, `skills`) VALUES ('11044', 'Maven');
INSERT INTO `SkillSet_skills` (`SkillSet_id`, `skills`) VALUES ('11044', 'Gradle');
INSERT INTO `SkillSet_skills` (`SkillSet_id`, `skills`) VALUES ('11044', 'Java');
INSERT INTO `Mission` (`id`, `companyName`, `shortName`, `description`, `role`, `lcu_id`, `skillSet_id`) VALUES ('11044', 'Eiwenn', 'Qooch', '0cb29d2a-8cb1-405a-86db-392d8a07e848', 'Senior Software Engineer', '3', '11044');
INSERT INTO `SkillSet` (`id`) VALUES ('11045');
INSERT INTO `SkillSet_skills` (`SkillSet_id`, `skills`) VALUES ('11045', 'Maven');
INSERT INTO `SkillSet_skills` (`SkillSet_id`, `skills`) VALUES ('11045', 'Ant');
INSERT INTO `SkillSet_skills` (`SkillSet_id`, `skills`) VALUES ('11045', 'Maven');
INSERT INTO `SkillSet_skills` (`SkillSet_id`, `skills`) VALUES ('11045', 'Gradle');
INSERT INTO `SkillSet_skills` (`SkillSet_id`, `skills`) VALUES ('11045', 'DotNet');
INSERT INTO `Mission` (`id`, `companyName`, `shortName`, `description`, `role`, `lcu_id`, `skillSet_id`) VALUES ('11045', 'Faig', 'Oot', 'e08e7294-968b-46d1-a9f7-3a91f9509de5', 'Lead Software Architect', '3', '11045');
INSERT INTO `SkillSet` (`id`) VALUES ('11046');
INSERT INTO `SkillSet_skills` (`SkillSet_id`, `skills`) VALUES ('11046', 'DotNet');
INSERT INTO `SkillSet_skills` (`SkillSet_id`, `skills`) VALUES ('11046', 'UITesting');
INSERT INTO `SkillSet_skills` (`SkillSet_id`, `skills`) VALUES ('11046', 'Java');
INSERT INTO `SkillSet_skills` (`SkillSet_id`, `skills`) VALUES ('11046', 'Java');
INSERT INTO `Mission` (`id`, `companyName`, `shortName`, `description`, `role`, `lcu_id`, `skillSet_id`) VALUES ('11046', 'Oith', 'Ennep', 'b040a365-ae6b-490f-9907-edeef8f64ac1', 'Lead Engineer', '3', '11046');
INSERT INTO `SkillSet` (`id`) VALUES ('11047');
INSERT INTO `SkillSet_skills` (`SkillSet_id`, `skills`) VALUES ('11047', 'DotNet');
INSERT INTO `SkillSet_skills` (`SkillSet_id`, `skills`) VALUES ('11047', 'SQL');
INSERT INTO `SkillSet_skills` (`SkillSet_id`, `skills`) VALUES ('11047', 'Ant');
INSERT INTO `SkillSet_skills` (`SkillSet_id`, `skills`) VALUES ('11047', 'Java');
INSERT INTO `Mission` (`id`, `companyName`, `shortName`, `description`, `role`, `lcu_id`, `skillSet_id`) VALUES ('11047', 'Af', 'Jvjg', '3ac41c9f-c8ad-4ea2-8fb9-8aef90e279c5', 'Lead Software Architect', '3', '11047');
INSERT INTO `SkillSet` (`id`) VALUES ('11048');
INSERT INTO `SkillSet_skills` (`SkillSet_id`, `skills`) VALUES ('11048', 'Maven');
INSERT INTO `Mission` (`id`, `companyName`, `shortName`, `description`, `role`, `lcu_id`, `skillSet_id`) VALUES ('11048', 'Chigoont', 'Shjiritt', 'be8b0062-b286-4270-92ad-3995b4cf6560', 'Lead Engineer', '3', '11048');
INSERT INTO `SkillSet` (`id`) VALUES ('11049');
INSERT INTO `SkillSet_skills` (`SkillSet_id`, `skills`) VALUES ('11049', 'Ant');
INSERT INTO `SkillSet_skills` (`SkillSet_id`, `skills`) VALUES ('11049', 'Architektur');
INSERT INTO `SkillSet_skills` (`SkillSet_id`, `skills`) VALUES ('11049', 'Maven');
INSERT INTO `Mission` (`id`, `companyName`, `shortName`, `description`, `role`, `lcu_id`, `skillSet_id`) VALUES ('11049', 'Ast', 'Brail', '67ce2436-cfd1-4d1d-8373-ad4eaec43acb', 'Senior Software Engineer', '3', '11049');
INSERT INTO `SkillSet` (`id`) VALUES ('11050');
INSERT INTO `SkillSet_skills` (`SkillSet_id`, `skills`) VALUES ('11050', 'Java');
INSERT INTO `SkillSet_skills` (`SkillSet_id`, `skills`) VALUES ('11050', 'SQL');
INSERT INTO `SkillSet_skills` (`SkillSet_id`, `skills`) VALUES ('11050', 'Gradle');
INSERT INTO `SkillSet_skills` (`SkillSet_id`, `skills`) VALUES ('11050', 'Ant');
INSERT INTO `Mission` (`id`, `companyName`, `shortName`, `description`, `role`, `lcu_id`, `skillSet_id`) VALUES ('11050', 'Coloom', 'Jighjith', '6ac0f893-e166-4f28-b56a-952a655fe69e', 'Software Engineer', '3', '11050');
INSERT INTO `SkillSet` (`id`) VALUES ('11051');
INSERT INTO `SkillSet_skills` (`SkillSet_id`, `skills`) VALUES ('11051', 'UnitTesting');
INSERT INTO `SkillSet_skills` (`SkillSet_id`, `skills`) VALUES ('11051', 'Java');
INSERT INTO `Mission` (`id`, `companyName`, `shortName`, `description`, `role`, `lcu_id`, `skillSet_id`) VALUES ('11051', 'Utt', 'Ab', '2fc3c7d7-3ffe-4aef-ad1f-e616b8c96fe2', 'Software Engineer', '3', '11051');
INSERT INTO `SkillSet` (`id`) VALUES ('11052');
INSERT INTO `SkillSet_skills` (`SkillSet_id`, `skills`) VALUES ('11052', 'SQL');
INSERT INTO `SkillSet_skills` (`SkillSet_id`, `skills`) VALUES ('11052', 'UITesting');
INSERT INTO `SkillSet_skills` (`SkillSet_id`, `skills`) VALUES ('11052', 'UnitTesting');
INSERT INTO `Mission` (`id`, `companyName`, `shortName`, `description`, `role`, `lcu_id`, `skillSet_id`) VALUES ('11052', 'Ein', 'Iz', '03741a35-9fbf-46d7-b5c1-fa44a2485fa0', 'Lead Software Architect', '3', '11052');
INSERT INTO `SkillSet` (`id`) VALUES ('11053');
INSERT INTO `SkillSet_skills` (`SkillSet_id`, `skills`) VALUES ('11053', 'Gradle');
INSERT INTO `SkillSet_skills` (`SkillSet_id`, `skills`) VALUES ('11053', 'UnitTesting');
INSERT INTO `SkillSet_skills` (`SkillSet_id`, `skills`) VALUES ('11053', 'Maven');
INSERT INTO `Mission` (`id`, `companyName`, `shortName`, `description`, `role`, `lcu_id`, `skillSet_id`) VALUES ('11053', 'Oish', 'Auch', '7ddd1132-6f9c-466b-8031-b8488a89f729', 'Junior Software Engineer', '3', '11053');
INSERT INTO `SkillSet` (`id`) VALUES ('11054');
INSERT INTO `SkillSet_skills` (`SkillSet_id`, `skills`) VALUES ('11054', 'UITesting');
INSERT INTO `SkillSet_skills` (`SkillSet_id`, `skills`) VALUES ('11054', 'Gradle');
INSERT INTO `SkillSet_skills` (`SkillSet_id`, `skills`) VALUES ('11054', 'Ant');
INSERT INTO `Mission` (`id`, `companyName`, `shortName`, `description`, `role`, `lcu_id`, `skillSet_id`) VALUES ('11054', 'Ok', 'Hupf', 'ce43d2e8-7091-48a8-8200-db1e19ce386d', 'Lead Software Architect', '3', '11054');
INSERT INTO `SkillSet` (`id`) VALUES ('11055');
INSERT INTO `SkillSet_skills` (`SkillSet_id`, `skills`) VALUES ('11055', 'Ant');
INSERT INTO `SkillSet_skills` (`SkillSet_id`, `skills`) VALUES ('11055', 'Java');
INSERT INTO `Mission` (`id`, `companyName`, `shortName`, `description`, `role`, `lcu_id`, `skillSet_id`) VALUES ('11055', 'Ussoinn', 'Qaint', 'ee446aea-9cff-49b0-9dc9-5532f0562a93', 'Junior Software Engineer', '3', '11055');
INSERT INTO `SkillSet` (`id`) VALUES ('11056');
INSERT INTO `SkillSet_skills` (`SkillSet_id`, `skills`) VALUES ('11056', 'DotNet');
INSERT INTO `SkillSet_skills` (`SkillSet_id`, `skills`) VALUES ('11056', 'SQL');
INSERT INTO `SkillSet_skills` (`SkillSet_id`, `skills`) VALUES ('11056', 'DotNet');
INSERT INTO `SkillSet_skills` (`SkillSet_id`, `skills`) VALUES ('11056', 'UITesting');
INSERT INTO `SkillSet_skills` (`SkillSet_id`, `skills`) VALUES ('11056', 'Ant');
INSERT INTO `Mission` (`id`, `companyName`, `shortName`, `description`, `role`, `lcu_id`, `skillSet_id`) VALUES ('11056', 'Preitooch', 'Jnaik', 'dfd2c880-91ec-4a55-a6a1-a7a4b942848d', 'Lead Software Architect', '3', '11056');
INSERT INTO `SkillSet` (`id`) VALUES ('11057');
INSERT INTO `SkillSet_skills` (`SkillSet_id`, `skills`) VALUES ('11057', 'SQL');
INSERT INTO `Mission` (`id`, `companyName`, `shortName`, `description`, `role`, `lcu_id`, `skillSet_id`) VALUES ('11057', 'Ont', 'Qeipf', '2b185633-c531-4588-b929-d334b9fd365d', 'Software Engineer', '3', '11057');
INSERT INTO `SkillSet` (`id`) VALUES ('11058');
INSERT INTO `SkillSet_skills` (`SkillSet_id`, `skills`) VALUES ('11058', 'SQL');
INSERT INTO `SkillSet_skills` (`SkillSet_id`, `skills`) VALUES ('11058', 'DotNet');
INSERT INTO `Mission` (`id`, `companyName`, `shortName`, `description`, `role`, `lcu_id`, `skillSet_id`) VALUES ('11058', 'Prood', 'Jib', 'c8e03525-29fe-4849-8da3-67b870631d1b', 'Junior Software Engineer', '3', '11058');
INSERT INTO `SkillSet` (`id`) VALUES ('11059');
INSERT INTO `SkillSet_skills` (`SkillSet_id`, `skills`) VALUES ('11059', 'Java');
INSERT INTO `SkillSet_skills` (`SkillSet_id`, `skills`) VALUES ('11059', 'UITesting');
INSERT INTO `Mission` (`id`, `companyName`, `shortName`, `description`, `role`, `lcu_id`, `skillSet_id`) VALUES ('11059', 'Bur', 'Oif', 'b9864776-c7e4-49fd-86ee-7f24c66f75b7', 'Principal Consultant', '3', '11059');
INSERT INTO `SkillSet` (`id`) VALUES ('11060');
INSERT INTO `SkillSet_skills` (`SkillSet_id`, `skills`) VALUES ('11060', 'DotNet');
INSERT INTO `SkillSet_skills` (`SkillSet_id`, `skills`) VALUES ('11060', 'Gradle');
INSERT INTO `SkillSet_skills` (`SkillSet_id`, `skills`) VALUES ('11060', 'Architektur');
INSERT INTO `Mission` (`id`, `companyName`, `shortName`, `description`, `role`, `lcu_id`, `skillSet_id`) VALUES ('11060', 'Pjpfoon', 'Klaih', 'b7cbd683-b89a-4ff8-8589-63147962efb2', 'Senior Software Engineer', '3', '11060');
INSERT INTO `SkillSet` (`id`) VALUES ('11061');
INSERT INTO `SkillSet_skills` (`SkillSet_id`, `skills`) VALUES ('11061', 'Ant');
INSERT INTO `SkillSet_skills` (`SkillSet_id`, `skills`) VALUES ('11061', 'DotNet');
INSERT INTO `SkillSet_skills` (`SkillSet_id`, `skills`) VALUES ('11061', 'UITesting');
INSERT INTO `SkillSet_skills` (`SkillSet_id`, `skills`) VALUES ('11061', 'UnitTesting');
INSERT INTO `Mission` (`id`, `companyName`, `shortName`, `description`, `role`, `lcu_id`, `skillSet_id`) VALUES ('11061', 'Ishautt', 'Lud', '865eb852-2899-4440-973d-2b4d789aa08d', 'Lead Engineer', '3', '11061');
INSERT INTO `SkillSet` (`id`) VALUES ('11062');
INSERT INTO `SkillSet_skills` (`SkillSet_id`, `skills`) VALUES ('11062', 'UITesting');
INSERT INTO `SkillSet_skills` (`SkillSet_id`, `skills`) VALUES ('11062', 'Maven');
INSERT INTO `SkillSet_skills` (`SkillSet_id`, `skills`) VALUES ('11062', 'Ant');
INSERT INTO `SkillSet_skills` (`SkillSet_id`, `skills`) VALUES ('11062', 'UITesting');
INSERT INTO `Mission` (`id`, `companyName`, `shortName`, `description`, `role`, `lcu_id`, `skillSet_id`) VALUES ('11062', 'Enjid', 'Jint', 'fe5b2f77-5ccf-4f92-9f6d-b0587f2ba28c', 'Principal Consultant', '3', '11062');
INSERT INTO `SkillSet` (`id`) VALUES ('11063');
INSERT INTO `SkillSet_skills` (`SkillSet_id`, `skills`) VALUES ('11063', 'SQL');
INSERT INTO `SkillSet_skills` (`SkillSet_id`, `skills`) VALUES ('11063', 'Maven');
INSERT INTO `Mission` (`id`, `companyName`, `shortName`, `description`, `role`, `lcu_id`, `skillSet_id`) VALUES ('11063', 'Aunteish', 'Cheghjf', '6ced225b-4bc1-4fc6-9e67-e53cbbf136e1', 'Lead Software Architect', '3', '11063');
INSERT INTO `SkillSet` (`id`) VALUES ('11064');
INSERT INTO `SkillSet_skills` (`SkillSet_id`, `skills`) VALUES ('11064', 'UITesting');
INSERT INTO `SkillSet_skills` (`SkillSet_id`, `skills`) VALUES ('11064', 'UITesting');
INSERT INTO `SkillSet_skills` (`SkillSet_id`, `skills`) VALUES ('11064', 'UnitTesting');
INSERT INTO `SkillSet_skills` (`SkillSet_id`, `skills`) VALUES ('11064', 'Maven');
INSERT INTO `SkillSet_skills` (`SkillSet_id`, `skills`) VALUES ('11064', 'Maven');
INSERT INTO `Mission` (`id`, `companyName`, `shortName`, `description`, `role`, `lcu_id`, `skillSet_id`) VALUES ('11064', 'Floss', 'Stjifitt', '957fb0b1-da19-4dd5-8397-4f1d076b721d', 'Junior Software Engineer', '3', '11064');
INSERT INTO `SkillSet` (`id`) VALUES ('11065');
INSERT INTO `SkillSet_skills` (`SkillSet_id`, `skills`) VALUES ('11065', 'SQL');
INSERT INTO `SkillSet_skills` (`SkillSet_id`, `skills`) VALUES ('11065', 'Ant');
INSERT INTO `Mission` (`id`, `companyName`, `shortName`, `description`, `role`, `lcu_id`, `skillSet_id`) VALUES ('11065', 'Shoih', 'Iwaiss', '8e35ac95-ace2-45a6-bcec-d5d26a4d438c', 'Software Engineer', '3', '11065');
INSERT INTO `SkillSet` (`id`) VALUES ('11066');
INSERT INTO `SkillSet_skills` (`SkillSet_id`, `skills`) VALUES ('11066', 'SQL');
INSERT INTO `SkillSet_skills` (`SkillSet_id`, `skills`) VALUES ('11066', 'UnitTesting');
INSERT INTO `SkillSet_skills` (`SkillSet_id`, `skills`) VALUES ('11066', 'UnitTesting');
INSERT INTO `SkillSet_skills` (`SkillSet_id`, `skills`) VALUES ('11066', 'Architektur');
INSERT INTO `SkillSet_skills` (`SkillSet_id`, `skills`) VALUES ('11066', 'Java');
INSERT INTO `Mission` (`id`, `companyName`, `shortName`, `description`, `role`, `lcu_id`, `skillSet_id`) VALUES ('11066', 'Ufjip', 'Jiv', 'c7e3b85f-300f-471c-85af-38bacf3b9c05', 'Junior Software Engineer', '3', '11066');
INSERT INTO `SkillSet` (`id`) VALUES ('11067');
INSERT INTO `SkillSet_skills` (`SkillSet_id`, `skills`) VALUES ('11067', 'UITesting');
INSERT INTO `Mission` (`id`, `companyName`, `shortName`, `description`, `role`, `lcu_id`, `skillSet_id`) VALUES ('11067', 'Coottaim', 'Oob', '30f70783-df27-4149-b73f-4fe6d2bb2532', 'Software Engineer', '3', '11067');
INSERT INTO `SkillSet` (`id`) VALUES ('11068');
INSERT INTO `SkillSet_skills` (`SkillSet_id`, `skills`) VALUES ('11068', 'Ant');
INSERT INTO `SkillSet_skills` (`SkillSet_id`, `skills`) VALUES ('11068', 'Ant');
INSERT INTO `SkillSet_skills` (`SkillSet_id`, `skills`) VALUES ('11068', 'DotNet');
INSERT INTO `SkillSet_skills` (`SkillSet_id`, `skills`) VALUES ('11068', 'UITesting');
INSERT INTO `SkillSet_skills` (`SkillSet_id`, `skills`) VALUES ('11068', 'Maven');
INSERT INTO `Mission` (`id`, `companyName`, `shortName`, `description`, `role`, `lcu_id`, `skillSet_id`) VALUES ('11068', 'Oog', 'Ceih', 'be8aa5bd-644e-4cb8-baed-a350e9ffa989', 'Junior Software Engineer', '3', '11068');
INSERT INTO `SkillSet` (`id`) VALUES ('11069');
INSERT INTO `SkillSet_skills` (`SkillSet_id`, `skills`) VALUES ('11069', 'Java');
INSERT INTO `SkillSet_skills` (`SkillSet_id`, `skills`) VALUES ('11069', 'Maven');
INSERT INTO `Mission` (`id`, `companyName`, `shortName`, `description`, `role`, `lcu_id`, `skillSet_id`) VALUES ('11069', 'Ibel', 'Assjch', 'c4105ffd-3e83-405f-9436-17f52a81b37d', 'Senior Software Engineer', '3', '11069');
INSERT INTO `SkillSet` (`id`) VALUES ('11070');
INSERT INTO `SkillSet_skills` (`SkillSet_id`, `skills`) VALUES ('11070', 'Architektur');
INSERT INTO `Mission` (`id`, `companyName`, `shortName`, `description`, `role`, `lcu_id`, `skillSet_id`) VALUES ('11070', 'Auz', 'Auntoir', '0f901eb3-546f-4b4a-ade9-9caa30b39be4', 'Senior Software Engineer', '3', '11070');
INSERT INTO `SkillSet` (`id`) VALUES ('11071');
INSERT INTO `SkillSet_skills` (`SkillSet_id`, `skills`) VALUES ('11071', 'UnitTesting');
INSERT INTO `SkillSet_skills` (`SkillSet_id`, `skills`) VALUES ('11071', 'SQL');
INSERT INTO `SkillSet_skills` (`SkillSet_id`, `skills`) VALUES ('11071', 'DotNet');
INSERT INTO `SkillSet_skills` (`SkillSet_id`, `skills`) VALUES ('11071', 'Gradle');
INSERT INTO `Mission` (`id`, `companyName`, `shortName`, `description`, `role`, `lcu_id`, `skillSet_id`) VALUES ('11071', 'Gaut', 'Debek', '1c4d8ae3-3aa7-48bc-92df-069b4084da13', 'Junior Software Engineer', '3', '11071');
INSERT INTO `SkillSet` (`id`) VALUES ('11072');
INSERT INTO `SkillSet_skills` (`SkillSet_id`, `skills`) VALUES ('11072', 'SQL');
INSERT INTO `SkillSet_skills` (`SkillSet_id`, `skills`) VALUES ('11072', 'Architektur');
INSERT INTO `SkillSet_skills` (`SkillSet_id`, `skills`) VALUES ('11072', 'UnitTesting');
INSERT INTO `SkillSet_skills` (`SkillSet_id`, `skills`) VALUES ('11072', 'Gradle');
INSERT INTO `SkillSet_skills` (`SkillSet_id`, `skills`) VALUES ('11072', 'UITesting');
INSERT INTO `Mission` (`id`, `companyName`, `shortName`, `description`, `role`, `lcu_id`, `skillSet_id`) VALUES ('11072', 'Uttoch', 'Oilyr', 'a72fa553-e0b3-498b-9bf1-72fe65071913', 'Junior Software Engineer', '3', '11072');
INSERT INTO `SkillSet` (`id`) VALUES ('11073');
INSERT INTO `SkillSet_skills` (`SkillSet_id`, `skills`) VALUES ('11073', 'DotNet');
INSERT INTO `SkillSet_skills` (`SkillSet_id`, `skills`) VALUES ('11073', 'Maven');
INSERT INTO `SkillSet_skills` (`SkillSet_id`, `skills`) VALUES ('11073', 'SQL');
INSERT INTO `SkillSet_skills` (`SkillSet_id`, `skills`) VALUES ('11073', 'DotNet');
INSERT INTO `Mission` (`id`, `companyName`, `shortName`, `description`, `role`, `lcu_id`, `skillSet_id`) VALUES ('11073', 'Vjiw', 'Osis', '98a88492-03bd-4730-abe5-84931cde3e3d', 'Software Engineer', '3', '11073');
INSERT INTO `SkillSet` (`id`) VALUES ('11074');
INSERT INTO `SkillSet_skills` (`SkillSet_id`, `skills`) VALUES ('11074', 'DotNet');
INSERT INTO `SkillSet_skills` (`SkillSet_id`, `skills`) VALUES ('11074', 'Maven');
INSERT INTO `Mission` (`id`, `companyName`, `shortName`, `description`, `role`, `lcu_id`, `skillSet_id`) VALUES ('11074', 'Ym', 'Eim', '8b00915d-54eb-47db-8c10-27204ae1db87', 'Lead Software Architect', '3', '11074');
INSERT INTO `SkillSet` (`id`) VALUES ('11075');
INSERT INTO `SkillSet_skills` (`SkillSet_id`, `skills`) VALUES ('11075', 'Java');
INSERT INTO `SkillSet_skills` (`SkillSet_id`, `skills`) VALUES ('11075', 'SQL');
INSERT INTO `SkillSet_skills` (`SkillSet_id`, `skills`) VALUES ('11075', 'SQL');
INSERT INTO `SkillSet_skills` (`SkillSet_id`, `skills`) VALUES ('11075', 'UnitTesting');
INSERT INTO `Mission` (`id`, `companyName`, `shortName`, `description`, `role`, `lcu_id`, `skillSet_id`) VALUES ('11075', 'Eik', 'Chjnoob', 'a6852adc-14ca-4a73-b17f-31c442cf65c2', 'Junior Software Engineer', '3', '11075');
INSERT INTO `SkillSet` (`id`) VALUES ('11076');
INSERT INTO `SkillSet_skills` (`SkillSet_id`, `skills`) VALUES ('11076', 'DotNet');
INSERT INTO `Mission` (`id`, `companyName`, `shortName`, `description`, `role`, `lcu_id`, `skillSet_id`) VALUES ('11076', 'Oum', 'Aid', 'cf5138e7-1261-4a0c-b199-b1692df9cc9c', 'Principal Consultant', '3', '11076');
INSERT INTO `SkillSet` (`id`) VALUES ('11077');
INSERT INTO `SkillSet_skills` (`SkillSet_id`, `skills`) VALUES ('11077', 'Ant');
INSERT INTO `SkillSet_skills` (`SkillSet_id`, `skills`) VALUES ('11077', 'DotNet');
INSERT INTO `SkillSet_skills` (`SkillSet_id`, `skills`) VALUES ('11077', 'DotNet');
INSERT INTO `Mission` (`id`, `companyName`, `shortName`, `description`, `role`, `lcu_id`, `skillSet_id`) VALUES ('11077', 'Ichov', 'Boinn', '18e1a755-e168-429c-a4bf-165dc6ef75e9', 'Principal Consultant', '3', '11077');
INSERT INTO `SkillSet` (`id`) VALUES ('11078');
INSERT INTO `SkillSet_skills` (`SkillSet_id`, `skills`) VALUES ('11078', 'Ant');
INSERT INTO `SkillSet_skills` (`SkillSet_id`, `skills`) VALUES ('11078', 'DotNet');
INSERT INTO `SkillSet_skills` (`SkillSet_id`, `skills`) VALUES ('11078', 'Architektur');
INSERT INTO `SkillSet_skills` (`SkillSet_id`, `skills`) VALUES ('11078', 'UnitTesting');
INSERT INTO `Mission` (`id`, `companyName`, `shortName`, `description`, `role`, `lcu_id`, `skillSet_id`) VALUES ('11078', 'Den', 'Blauwyst', 'fc8d869e-0812-43cc-8c27-f5426f7c70e5', 'Software Engineer', '3', '11078');
INSERT INTO `SkillSet` (`id`) VALUES ('11079');
INSERT INTO `SkillSet_skills` (`SkillSet_id`, `skills`) VALUES ('11079', 'Maven');
INSERT INTO `SkillSet_skills` (`SkillSet_id`, `skills`) VALUES ('11079', 'Gradle');
INSERT INTO `SkillSet_skills` (`SkillSet_id`, `skills`) VALUES ('11079', 'SQL');
INSERT INTO `Mission` (`id`, `companyName`, `shortName`, `description`, `role`, `lcu_id`, `skillSet_id`) VALUES ('11079', 'Ainnyw', 'Jm', '39fcf4ca-fc30-4f7f-bfa2-b4b3e5ae2726', 'Lead Engineer', '3', '11079');
INSERT INTO `SkillSet` (`id`) VALUES ('11080');
INSERT INTO `SkillSet_skills` (`SkillSet_id`, `skills`) VALUES ('11080', 'Ant');
INSERT INTO `SkillSet_skills` (`SkillSet_id`, `skills`) VALUES ('11080', 'Architektur');
INSERT INTO `Mission` (`id`, `companyName`, `shortName`, `description`, `role`, `lcu_id`, `skillSet_id`) VALUES ('11080', 'Kass', 'Chevagh', '16faaecb-60aa-4f04-9637-20909e03e8b7', 'Junior Software Engineer', '3', '11080');
INSERT INTO `SkillSet` (`id`) VALUES ('11081');
INSERT INTO `SkillSet_skills` (`SkillSet_id`, `skills`) VALUES ('11081', 'Ant');
INSERT INTO `Mission` (`id`, `companyName`, `shortName`, `description`, `role`, `lcu_id`, `skillSet_id`) VALUES ('11081', 'Oont', 'Kljiz', '92ac1fb2-a60e-49ed-bd95-e26176d2c412', 'Lead Software Architect', '3', '11081');
INSERT INTO `SkillSet` (`id`) VALUES ('11082');
INSERT INTO `SkillSet_skills` (`SkillSet_id`, `skills`) VALUES ('11082', 'DotNet');
INSERT INTO `Mission` (`id`, `companyName`, `shortName`, `description`, `role`, `lcu_id`, `skillSet_id`) VALUES ('11082', 'Sauw', 'Ez', '4585efa1-0418-4afd-bdef-692b61dbed3f', 'Principal Consultant', '3', '11082');
INSERT INTO `SkillSet` (`id`) VALUES ('11083');
INSERT INTO `SkillSet_skills` (`SkillSet_id`, `skills`) VALUES ('11083', 'Gradle');
INSERT INTO `SkillSet_skills` (`SkillSet_id`, `skills`) VALUES ('11083', 'UnitTesting');
INSERT INTO `SkillSet_skills` (`SkillSet_id`, `skills`) VALUES ('11083', 'Java');
INSERT INTO `Mission` (`id`, `companyName`, `shortName`, `description`, `role`, `lcu_id`, `skillSet_id`) VALUES ('11083', 'Ek', 'Ighak', 'ce9701fa-11e8-46bc-87bf-2e88492cd26f', 'Software Engineer', '3', '11083');
INSERT INTO `SkillSet` (`id`) VALUES ('11084');
INSERT INTO `SkillSet_skills` (`SkillSet_id`, `skills`) VALUES ('11084', 'DotNet');
INSERT INTO `SkillSet_skills` (`SkillSet_id`, `skills`) VALUES ('11084', 'Ant');
INSERT INTO `Mission` (`id`, `companyName`, `shortName`, `description`, `role`, `lcu_id`, `skillSet_id`) VALUES ('11084', 'Auheigh', 'Opfjint', '0937ae98-263a-4da1-a671-7b022eecc720', 'Junior Software Engineer', '3', '11084');
INSERT INTO `SkillSet` (`id`) VALUES ('11085');
INSERT INTO `SkillSet_skills` (`SkillSet_id`, `skills`) VALUES ('11085', 'UITesting');
INSERT INTO `SkillSet_skills` (`SkillSet_id`, `skills`) VALUES ('11085', 'Java');
INSERT INTO `SkillSet_skills` (`SkillSet_id`, `skills`) VALUES ('11085', 'UITesting');
INSERT INTO `SkillSet_skills` (`SkillSet_id`, `skills`) VALUES ('11085', 'DotNet');
INSERT INTO `SkillSet_skills` (`SkillSet_id`, `skills`) VALUES ('11085', 'UnitTesting');
INSERT INTO `Mission` (`id`, `companyName`, `shortName`, `description`, `role`, `lcu_id`, `skillSet_id`) VALUES ('11085', 'Stoib', 'Fljpf', '8de94a81-65f3-4a38-ba73-64c8ba3194dd', 'Senior Software Engineer', '3', '11085');
INSERT INTO `SkillSet` (`id`) VALUES ('11086');
INSERT INTO `SkillSet_skills` (`SkillSet_id`, `skills`) VALUES ('11086', 'SQL');
INSERT INTO `SkillSet_skills` (`SkillSet_id`, `skills`) VALUES ('11086', 'Java');
INSERT INTO `SkillSet_skills` (`SkillSet_id`, `skills`) VALUES ('11086', 'Architektur');
INSERT INTO `SkillSet_skills` (`SkillSet_id`, `skills`) VALUES ('11086', 'SQL');
INSERT INTO `SkillSet_skills` (`SkillSet_id`, `skills`) VALUES ('11086', 'Maven');
INSERT INTO `Mission` (`id`, `companyName`, `shortName`, `description`, `role`, `lcu_id`, `skillSet_id`) VALUES ('11086', 'Grybaus', 'Ychik', '35956ed8-bab9-4873-a4ea-34fa4c90cf04', 'Junior Software Engineer', '3', '11086');
INSERT INTO `SkillSet` (`id`) VALUES ('11087');
INSERT INTO `SkillSet_skills` (`SkillSet_id`, `skills`) VALUES ('11087', 'SQL');
INSERT INTO `SkillSet_skills` (`SkillSet_id`, `skills`) VALUES ('11087', 'SQL');
INSERT INTO `SkillSet_skills` (`SkillSet_id`, `skills`) VALUES ('11087', 'Maven');
INSERT INTO `SkillSet_skills` (`SkillSet_id`, `skills`) VALUES ('11087', 'DotNet');
INSERT INTO `Mission` (`id`, `companyName`, `shortName`, `description`, `role`, `lcu_id`, `skillSet_id`) VALUES ('11087', 'Mah', 'Bais', 'eb242669-3733-4b2e-9225-618d4fa8c696', 'Software Engineer', '3', '11087');
INSERT INTO `SkillSet` (`id`) VALUES ('11088');
INSERT INTO `SkillSet_skills` (`SkillSet_id`, `skills`) VALUES ('11088', 'SQL');
INSERT INTO `Mission` (`id`, `companyName`, `shortName`, `description`, `role`, `lcu_id`, `skillSet_id`) VALUES ('11088', 'Bligh', 'Ountjih', '085ab1a7-aa38-4675-b5de-6fa9182cb863', 'Lead Engineer', '3', '11088');
INSERT INTO `SkillSet` (`id`) VALUES ('11089');
INSERT INTO `SkillSet_skills` (`SkillSet_id`, `skills`) VALUES ('11089', 'DotNet');
INSERT INTO `SkillSet_skills` (`SkillSet_id`, `skills`) VALUES ('11089', 'DotNet');
INSERT INTO `SkillSet_skills` (`SkillSet_id`, `skills`) VALUES ('11089', 'Gradle');
INSERT INTO `Mission` (`id`, `companyName`, `shortName`, `description`, `role`, `lcu_id`, `skillSet_id`) VALUES ('11089', 'Caul', 'Fyn', 'a0614b1c-62e4-438d-b71a-67ab3cf23879', 'Senior Software Engineer', '3', '11089');
INSERT INTO `SkillSet` (`id`) VALUES ('11090');
INSERT INTO `SkillSet_skills` (`SkillSet_id`, `skills`) VALUES ('11090', 'UnitTesting');
INSERT INTO `SkillSet_skills` (`SkillSet_id`, `skills`) VALUES ('11090', 'Java');
INSERT INTO `SkillSet_skills` (`SkillSet_id`, `skills`) VALUES ('11090', 'Ant');
INSERT INTO `SkillSet_skills` (`SkillSet_id`, `skills`) VALUES ('11090', 'Java');
INSERT INTO `Mission` (`id`, `companyName`, `shortName`, `description`, `role`, `lcu_id`, `skillSet_id`) VALUES ('11090', 'Yd', 'Aimyg', '7af7ee1c-87cf-4f25-ab20-b47719a4effc', 'Lead Software Architect', '3', '11090');
INSERT INTO `SkillSet` (`id`) VALUES ('11091');
INSERT INTO `SkillSet_skills` (`SkillSet_id`, `skills`) VALUES ('11091', 'Ant');
INSERT INTO `SkillSet_skills` (`SkillSet_id`, `skills`) VALUES ('11091', 'DotNet');
INSERT INTO `SkillSet_skills` (`SkillSet_id`, `skills`) VALUES ('11091', 'UITesting');
INSERT INTO `Mission` (`id`, `companyName`, `shortName`, `description`, `role`, `lcu_id`, `skillSet_id`) VALUES ('11091', 'Jich', 'Oupfeiv', '73853588-ca38-4e64-a9dc-a293030ebd66', 'Lead Engineer', '3', '11091');
INSERT INTO `SkillSet` (`id`) VALUES ('11092');
INSERT INTO `SkillSet_skills` (`SkillSet_id`, `skills`) VALUES ('11092', 'DotNet');
INSERT INTO `SkillSet_skills` (`SkillSet_id`, `skills`) VALUES ('11092', 'Architektur');
INSERT INTO `SkillSet_skills` (`SkillSet_id`, `skills`) VALUES ('11092', 'UnitTesting');
INSERT INTO `Mission` (`id`, `companyName`, `shortName`, `description`, `role`, `lcu_id`, `skillSet_id`) VALUES ('11092', 'Aubul', 'Jsseiv', '0770f9e6-a250-45d2-9dd5-f89bb1064a9a', 'Lead Engineer', '3', '11092');
INSERT INTO `SkillSet` (`id`) VALUES ('11093');
INSERT INTO `SkillSet_skills` (`SkillSet_id`, `skills`) VALUES ('11093', 'Maven');
INSERT INTO `SkillSet_skills` (`SkillSet_id`, `skills`) VALUES ('11093', 'DotNet');
INSERT INTO `SkillSet_skills` (`SkillSet_id`, `skills`) VALUES ('11093', 'Gradle');
INSERT INTO `SkillSet_skills` (`SkillSet_id`, `skills`) VALUES ('11093', 'SQL');
INSERT INTO `Mission` (`id`, `companyName`, `shortName`, `description`, `role`, `lcu_id`, `skillSet_id`) VALUES ('11093', 'Glytaint', 'Oip', '03772532-ca5e-4902-9a32-0525ba148564', 'Software Engineer', '3', '11093');
INSERT INTO `SkillSet` (`id`) VALUES ('11094');
INSERT INTO `SkillSet_skills` (`SkillSet_id`, `skills`) VALUES ('11094', 'Gradle');
INSERT INTO `SkillSet_skills` (`SkillSet_id`, `skills`) VALUES ('11094', 'Architektur');
INSERT INTO `Mission` (`id`, `companyName`, `shortName`, `description`, `role`, `lcu_id`, `skillSet_id`) VALUES ('11094', 'Dif', 'Xeid', '9f947744-508f-4cf3-8fa5-f27aa5cf8ac3', 'Lead Engineer', '3', '11094');
INSERT INTO `SkillSet` (`id`) VALUES ('11095');
INSERT INTO `SkillSet_skills` (`SkillSet_id`, `skills`) VALUES ('11095', 'UITesting');
INSERT INTO `SkillSet_skills` (`SkillSet_id`, `skills`) VALUES ('11095', 'Architektur');
INSERT INTO `Mission` (`id`, `companyName`, `shortName`, `description`, `role`, `lcu_id`, `skillSet_id`) VALUES ('11095', 'Qizoiss', 'Flooghyf', '431b9aea-3d97-42ef-b6dd-091ab7af0ad3', 'Lead Engineer', '3', '11095');
INSERT INTO `SkillSet` (`id`) VALUES ('11096');
INSERT INTO `SkillSet_skills` (`SkillSet_id`, `skills`) VALUES ('11096', 'UITesting');
INSERT INTO `SkillSet_skills` (`SkillSet_id`, `skills`) VALUES ('11096', 'UITesting');
INSERT INTO `SkillSet_skills` (`SkillSet_id`, `skills`) VALUES ('11096', 'DotNet');
INSERT INTO `SkillSet_skills` (`SkillSet_id`, `skills`) VALUES ('11096', 'Ant');
INSERT INTO `Mission` (`id`, `companyName`, `shortName`, `description`, `role`, `lcu_id`, `skillSet_id`) VALUES ('11096', 'Hov', 'Puss', '3765d227-70b6-43c1-9ee6-725373a25d20', 'Principal Consultant', '3', '11096');
INSERT INTO `SkillSet` (`id`) VALUES ('11097');
INSERT INTO `SkillSet_skills` (`SkillSet_id`, `skills`) VALUES ('11097', 'Architektur');
INSERT INTO `SkillSet_skills` (`SkillSet_id`, `skills`) VALUES ('11097', 'Architektur');
INSERT INTO `SkillSet_skills` (`SkillSet_id`, `skills`) VALUES ('11097', 'UITesting');
INSERT INTO `SkillSet_skills` (`SkillSet_id`, `skills`) VALUES ('11097', 'SQL');
INSERT INTO `Mission` (`id`, `companyName`, `shortName`, `description`, `role`, `lcu_id`, `skillSet_id`) VALUES ('11097', 'Wek', 'Yp', '0e03ceb5-5d9d-41cd-b873-7fa01a3f6988', 'Senior Software Engineer', '3', '11097');
INSERT INTO `SkillSet` (`id`) VALUES ('11098');
INSERT INTO `SkillSet_skills` (`SkillSet_id`, `skills`) VALUES ('11098', 'Java');
INSERT INTO `SkillSet_skills` (`SkillSet_id`, `skills`) VALUES ('11098', 'Java');
INSERT INTO `Mission` (`id`, `companyName`, `shortName`, `description`, `role`, `lcu_id`, `skillSet_id`) VALUES ('11098', 'Broostoiw', 'Aushoum', '7771ef12-5b41-42a5-b4e0-74d225f91f1f', 'Senior Software Engineer', '3', '11098');
INSERT INTO `SkillSet` (`id`) VALUES ('11099');
INSERT INTO `SkillSet_skills` (`SkillSet_id`, `skills`) VALUES ('11099', 'UnitTesting');
INSERT INTO `Mission` (`id`, `companyName`, `shortName`, `description`, `role`, `lcu_id`, `skillSet_id`) VALUES ('11099', 'Jth', 'Ot', 'bfa7ab37-d7f7-4236-8ca5-fee3deed7d93', 'Senior Software Engineer', '3', '11099');
