// Hero Frank
INSERT INTO `SkillSet` (`id`) VALUES ('931');
INSERT INTO `SkillSet_skills` (`SkillSet_id`, `skills`) VALUES ('931', 'Java');
INSERT INTO `SkillSet_skills` (`SkillSet_id`, `skills`) VALUES ('931', 'Ant');
INSERT INTO `SkillSet_skills` (`SkillSet_id`, `skills`) VALUES ('931', 'Architektur');
INSERT INTO `SkillSet_skills` (`SkillSet_id`, `skills`) VALUES ('931', 'UnitTesting');
INSERT INTO `SkillSet_skills` (`SkillSet_id`, `skills`) VALUES ('931', 'UITesting');
INSERT INTO `Hero` (`id`, `firstName`, `lastName`, `role`, `skillSet_id`) VALUES ('931', 'Frank', 'Beeh', 'PrincipalConsultant', '931');

// Hero Florian
INSERT INTO `SkillSet` (`id`) VALUES ('100');
INSERT INTO `SkillSet_skills` (`SkillSet_id`, `skills`) VALUES ('100', 'Java');
INSERT INTO `SkillSet_skills` (`SkillSet_id`, `skills`) VALUES ('100', 'Gradle');
INSERT INTO `SkillSet_skills` (`SkillSet_id`, `skills`) VALUES ('100', 'Ant');
INSERT INTO `SkillSet_skills` (`SkillSet_id`, `skills`) VALUES ('100', 'UnitTesting');
INSERT INTO `SkillSet_skills` (`SkillSet_id`, `skills`) VALUES ('100', 'SQL');
INSERT INTO `Hero` (`id`, `firstName`, `lastName`, `role`, `skillSet_id`) VALUES ('100', 'Florian', 'Besser', 'JuniorSoftwareEngineer', '100');

//Missions
INSERT INTO `SkillSet` (`id`) VALUES ('10001');
INSERT INTO `SkillSet_skills` (`SkillSet_id`, `skills`) VALUES ('10001', 'Java');
INSERT INTO `SkillSet_skills` (`SkillSet_id`, `skills`) VALUES ('10001', 'Ant');
INSERT INTO `SkillSet_skills` (`SkillSet_id`, `skills`) VALUES ('10001', 'UnitTesting');
INSERT INTO `SkillSet_skills` (`SkillSet_id`, `skills`) VALUES ('10001', 'SQL');
INSERT INTO `Mission` (`id`, `companyName`, `shortName`, `description`, `role`, `skillSet_id`) VALUES ('10001', 'Swisscom', 'Junior Java Developer', 'Einfache Java-Entwicklung im SAM-Team.', 'JuniorSoftwareEngineer', '10001');

INSERT INTO `SkillSet` (`id`) VALUES ('10002');
INSERT INTO `SkillSet_skills` (`SkillSet_id`, `skills`) VALUES ('10002', 'Java');
INSERT INTO `SkillSet_skills` (`SkillSet_id`, `skills`) VALUES ('10002', 'Ant');
INSERT INTO `SkillSet_skills` (`SkillSet_id`, `skills`) VALUES ('10002', 'Architektur');
INSERT INTO `SkillSet_skills` (`SkillSet_id`, `skills`) VALUES ('10002', 'UnitTesting');
INSERT INTO `SkillSet_skills` (`SkillSet_id`, `skills`) VALUES ('10002', 'UITesting');
INSERT INTO `SkillSet_skills` (`SkillSet_id`, `skills`) VALUES ('10002', 'SQL');
INSERT INTO `Mission` (`id`, `companyName`, `shortName`, `description`, `role`, `skillSet_id`) VALUES ('10002', 'Swisscom', 'Java Architect', 'Architekt für SAM-Team.', 'LeadSoftwareArchitect', '10002');

INSERT INTO `SkillSet` (`id`) VALUES ('1000');
INSERT INTO `SkillSet_skills` (`SkillSet_id`, `skills`) VALUES ('1000', 'Gradle');
INSERT INTO `Hero` (`id`, `firstName`, `lastName`, `role`, `skillSet_id`) VALUES ('1000', '10a90229-404a-4f18-a4e6-59de646581f5', '1f7f2ecd-6cae-4ca3-8c9f-9d0a7bcc7cfa', 'SoftwareEngineer', '1000');
INSERT INTO `SkillSet` (`id`) VALUES ('1001');
INSERT INTO `SkillSet_skills` (`SkillSet_id`, `skills`) VALUES ('1001', 'SQL');
INSERT INTO `SkillSet_skills` (`SkillSet_id`, `skills`) VALUES ('1001', 'dotNet');
INSERT INTO `SkillSet_skills` (`SkillSet_id`, `skills`) VALUES ('1001', 'Gradle');
INSERT INTO `Hero` (`id`, `firstName`, `lastName`, `role`, `skillSet_id`) VALUES ('1001', '31c74ac7-4e4f-49e7-9c8b-acf27bb8cd72', '95b4a67b-710b-4fe0-aafc-5240aac28a56', 'SoftwareEngineer', '1001');
INSERT INTO `SkillSet` (`id`) VALUES ('1002');
INSERT INTO `SkillSet_skills` (`SkillSet_id`, `skills`) VALUES ('1002', 'Maven');
INSERT INTO `Hero` (`id`, `firstName`, `lastName`, `role`, `skillSet_id`) VALUES ('1002', '3ba5c80d-577b-4977-ab7b-f57f53e26a57', 'd78c8375-cc7a-4c55-a8c9-e6279958f53a', 'JuniorSoftwareEngineer', '1002');
INSERT INTO `SkillSet` (`id`) VALUES ('1003');
INSERT INTO `SkillSet_skills` (`SkillSet_id`, `skills`) VALUES ('1003', 'dotNet');
INSERT INTO `Hero` (`id`, `firstName`, `lastName`, `role`, `skillSet_id`) VALUES ('1003', '4cad46d6-8cb8-4b8f-8606-5d680ee206c7', '7b38fda7-d457-487f-9f33-2ec8310b0ca6', 'SeniorSoftwareEngineer', '1003');
INSERT INTO `SkillSet` (`id`) VALUES ('1004');
INSERT INTO `SkillSet_skills` (`SkillSet_id`, `skills`) VALUES ('1004', 'Ant');
INSERT INTO `SkillSet_skills` (`SkillSet_id`, `skills`) VALUES ('1004', 'Ant');
INSERT INTO `SkillSet_skills` (`SkillSet_id`, `skills`) VALUES ('1004', 'UITesting');
INSERT INTO `SkillSet_skills` (`SkillSet_id`, `skills`) VALUES ('1004', 'Java');
INSERT INTO `SkillSet_skills` (`SkillSet_id`, `skills`) VALUES ('1004', 'Ant');
INSERT INTO `Hero` (`id`, `firstName`, `lastName`, `role`, `skillSet_id`) VALUES ('1004', '3ed7cfbd-e8fd-4e53-8843-f78466264bb6', '6f4df2d1-aa2c-4cfe-a1b2-3d059556ed21', 'SoftwareEngineer', '1004');
INSERT INTO `SkillSet` (`id`) VALUES ('1005');
INSERT INTO `SkillSet_skills` (`SkillSet_id`, `skills`) VALUES ('1005', 'Java');
INSERT INTO `SkillSet_skills` (`SkillSet_id`, `skills`) VALUES ('1005', 'Maven');
INSERT INTO `SkillSet_skills` (`SkillSet_id`, `skills`) VALUES ('1005', 'UnitTesting');
INSERT INTO `SkillSet_skills` (`SkillSet_id`, `skills`) VALUES ('1005', 'Gradle');
INSERT INTO `Hero` (`id`, `firstName`, `lastName`, `role`, `skillSet_id`) VALUES ('1005', 'aa83bd0d-e197-40a5-af34-19e82977f09c', '40ad3f6d-4298-4bc3-a087-0f512f28ce73', 'SoftwareEngineer', '1005');
INSERT INTO `SkillSet` (`id`) VALUES ('1006');
INSERT INTO `SkillSet_skills` (`SkillSet_id`, `skills`) VALUES ('1006', 'dotNet');
INSERT INTO `SkillSet_skills` (`SkillSet_id`, `skills`) VALUES ('1006', 'Maven');
INSERT INTO `SkillSet_skills` (`SkillSet_id`, `skills`) VALUES ('1006', 'Java');
INSERT INTO `Hero` (`id`, `firstName`, `lastName`, `role`, `skillSet_id`) VALUES ('1006', '6d376971-fcbc-4fb3-9a5c-a72e71e13e43', '95b770b4-b556-4a30-8b84-9f9b8a4293b0', 'JuniorSoftwareEngineer', '1006');
INSERT INTO `SkillSet` (`id`) VALUES ('1007');
INSERT INTO `SkillSet_skills` (`SkillSet_id`, `skills`) VALUES ('1007', 'Ant');
INSERT INTO `SkillSet_skills` (`SkillSet_id`, `skills`) VALUES ('1007', 'Architektur');
INSERT INTO `SkillSet_skills` (`SkillSet_id`, `skills`) VALUES ('1007', 'Maven');
INSERT INTO `Hero` (`id`, `firstName`, `lastName`, `role`, `skillSet_id`) VALUES ('1007', 'f33d7d46-f2f5-4f4a-82d6-e277c94d4ef5', '47772d89-31f9-4a14-9fe3-6dff9e9dd281', 'LeadEngineer', '1007');
INSERT INTO `SkillSet` (`id`) VALUES ('1008');
INSERT INTO `SkillSet_skills` (`SkillSet_id`, `skills`) VALUES ('1008', 'UnitTesting');
INSERT INTO `SkillSet_skills` (`SkillSet_id`, `skills`) VALUES ('1008', 'Maven');
INSERT INTO `SkillSet_skills` (`SkillSet_id`, `skills`) VALUES ('1008', 'Maven');
INSERT INTO `SkillSet_skills` (`SkillSet_id`, `skills`) VALUES ('1008', 'dotNet');
INSERT INTO `Hero` (`id`, `firstName`, `lastName`, `role`, `skillSet_id`) VALUES ('1008', '74a19806-45c1-47a3-a24f-7357dd834fda', '8fc95bb9-51c9-4f17-bbdc-11ba3b5a0937', 'LeadEngineer', '1008');
INSERT INTO `SkillSet` (`id`) VALUES ('1009');
INSERT INTO `SkillSet_skills` (`SkillSet_id`, `skills`) VALUES ('1009', 'dotNet');
INSERT INTO `SkillSet_skills` (`SkillSet_id`, `skills`) VALUES ('1009', 'Ant');
INSERT INTO `SkillSet_skills` (`SkillSet_id`, `skills`) VALUES ('1009', 'Gradle');
INSERT INTO `SkillSet_skills` (`SkillSet_id`, `skills`) VALUES ('1009', 'Architektur');
INSERT INTO `SkillSet_skills` (`SkillSet_id`, `skills`) VALUES ('1009', 'Ant');
INSERT INTO `Hero` (`id`, `firstName`, `lastName`, `role`, `skillSet_id`) VALUES ('1009', 'af4abec0-ea2a-4f01-8c67-efe098364dc0', 'd30a8603-09db-4948-a615-b5e45ce21200', 'LeadSoftwareArchitect', '1009');
INSERT INTO `SkillSet` (`id`) VALUES ('1010');
INSERT INTO `SkillSet_skills` (`SkillSet_id`, `skills`) VALUES ('1010', 'SQL');
INSERT INTO `SkillSet_skills` (`SkillSet_id`, `skills`) VALUES ('1010', 'Gradle');
INSERT INTO `SkillSet_skills` (`SkillSet_id`, `skills`) VALUES ('1010', 'Ant');
INSERT INTO `SkillSet_skills` (`SkillSet_id`, `skills`) VALUES ('1010', 'Architektur');
INSERT INTO `SkillSet_skills` (`SkillSet_id`, `skills`) VALUES ('1010', 'Maven');
INSERT INTO `Hero` (`id`, `firstName`, `lastName`, `role`, `skillSet_id`) VALUES ('1010', '099976ae-5aee-441c-b446-bf00585865f7', 'aff947aa-466d-41df-bfb1-fb570e9d5d50', 'JuniorSoftwareEngineer', '1010');
INSERT INTO `SkillSet` (`id`) VALUES ('1011');
INSERT INTO `SkillSet_skills` (`SkillSet_id`, `skills`) VALUES ('1011', 'Java');
INSERT INTO `SkillSet_skills` (`SkillSet_id`, `skills`) VALUES ('1011', 'Maven');
INSERT INTO `SkillSet_skills` (`SkillSet_id`, `skills`) VALUES ('1011', 'SQL');
INSERT INTO `SkillSet_skills` (`SkillSet_id`, `skills`) VALUES ('1011', 'SQL');
INSERT INTO `SkillSet_skills` (`SkillSet_id`, `skills`) VALUES ('1011', 'Maven');
INSERT INTO `Hero` (`id`, `firstName`, `lastName`, `role`, `skillSet_id`) VALUES ('1011', 'df8645f7-0244-419e-8ac8-b2d945d7ce5c', '97e80d67-2980-43cf-8615-3d1704944c30', 'SoftwareEngineer', '1011');
INSERT INTO `SkillSet` (`id`) VALUES ('1012');
INSERT INTO `SkillSet_skills` (`SkillSet_id`, `skills`) VALUES ('1012', 'UITesting');
INSERT INTO `Hero` (`id`, `firstName`, `lastName`, `role`, `skillSet_id`) VALUES ('1012', 'f9e37a3e-18d5-4f88-aeff-c8d86f3df4fc', 'c7a830b5-73e3-401e-95a6-00031a1838f6', 'JuniorSoftwareEngineer', '1012');
INSERT INTO `SkillSet` (`id`) VALUES ('1013');
INSERT INTO `SkillSet_skills` (`SkillSet_id`, `skills`) VALUES ('1013', 'SQL');
INSERT INTO `SkillSet_skills` (`SkillSet_id`, `skills`) VALUES ('1013', 'UITesting');
INSERT INTO `SkillSet_skills` (`SkillSet_id`, `skills`) VALUES ('1013', 'Ant');
INSERT INTO `SkillSet_skills` (`SkillSet_id`, `skills`) VALUES ('1013', 'Ant');
INSERT INTO `Hero` (`id`, `firstName`, `lastName`, `role`, `skillSet_id`) VALUES ('1013', 'f6620169-64a5-4a69-ab9c-38425ee4749d', '6c4de88d-f500-4a64-b393-81ea2e475680', 'SeniorSoftwareEngineer', '1013');
INSERT INTO `SkillSet` (`id`) VALUES ('1014');
INSERT INTO `SkillSet_skills` (`SkillSet_id`, `skills`) VALUES ('1014', 'UnitTesting');
INSERT INTO `SkillSet_skills` (`SkillSet_id`, `skills`) VALUES ('1014', 'UnitTesting');
INSERT INTO `SkillSet_skills` (`SkillSet_id`, `skills`) VALUES ('1014', 'Gradle');
INSERT INTO `SkillSet_skills` (`SkillSet_id`, `skills`) VALUES ('1014', 'Gradle');
INSERT INTO `Hero` (`id`, `firstName`, `lastName`, `role`, `skillSet_id`) VALUES ('1014', '455fb82c-6d02-46d5-959e-cf49cb31bd2c', '443ac285-0a32-4179-97f5-d22e049d3a8d', 'PrincipalConsultant', '1014');
INSERT INTO `SkillSet` (`id`) VALUES ('1015');
INSERT INTO `SkillSet_skills` (`SkillSet_id`, `skills`) VALUES ('1015', 'Java');
INSERT INTO `SkillSet_skills` (`SkillSet_id`, `skills`) VALUES ('1015', 'UITesting');
INSERT INTO `SkillSet_skills` (`SkillSet_id`, `skills`) VALUES ('1015', 'dotNet');
INSERT INTO `Hero` (`id`, `firstName`, `lastName`, `role`, `skillSet_id`) VALUES ('1015', '993559dc-4b01-471f-95af-5e37de90e713', '6927cd94-efc5-467e-b6b8-193b29c60c3d', 'PrincipalConsultant', '1015');
INSERT INTO `SkillSet` (`id`) VALUES ('1016');
INSERT INTO `SkillSet_skills` (`SkillSet_id`, `skills`) VALUES ('1016', 'Java');
INSERT INTO `SkillSet_skills` (`SkillSet_id`, `skills`) VALUES ('1016', 'Gradle');
INSERT INTO `Hero` (`id`, `firstName`, `lastName`, `role`, `skillSet_id`) VALUES ('1016', 'dbb0cefc-da93-484a-8768-fd69fa13d4f7', 'b6134798-c89f-4b25-aa76-cfaaa41e6f6b', 'JuniorSoftwareEngineer', '1016');
INSERT INTO `SkillSet` (`id`) VALUES ('1017');
INSERT INTO `SkillSet_skills` (`SkillSet_id`, `skills`) VALUES ('1017', 'SQL');
INSERT INTO `SkillSet_skills` (`SkillSet_id`, `skills`) VALUES ('1017', 'SQL');
INSERT INTO `SkillSet_skills` (`SkillSet_id`, `skills`) VALUES ('1017', 'UITesting');
INSERT INTO `Hero` (`id`, `firstName`, `lastName`, `role`, `skillSet_id`) VALUES ('1017', '9ce31eee-2f71-464f-8ae6-91b3ddeedf40', '6f27a3be-96c0-4da9-bde7-5f1127387346', 'LeadSoftwareArchitect', '1017');
INSERT INTO `SkillSet` (`id`) VALUES ('1018');
INSERT INTO `SkillSet_skills` (`SkillSet_id`, `skills`) VALUES ('1018', 'Gradle');
INSERT INTO `SkillSet_skills` (`SkillSet_id`, `skills`) VALUES ('1018', 'dotNet');
INSERT INTO `SkillSet_skills` (`SkillSet_id`, `skills`) VALUES ('1018', 'dotNet');
INSERT INTO `Hero` (`id`, `firstName`, `lastName`, `role`, `skillSet_id`) VALUES ('1018', '5b10e612-c8cc-4d56-9c74-b34927d42e8b', '4eb84d43-4b30-43c5-a257-5711e45347ab', 'SoftwareEngineer', '1018');
INSERT INTO `SkillSet` (`id`) VALUES ('1019');
INSERT INTO `SkillSet_skills` (`SkillSet_id`, `skills`) VALUES ('1019', 'Maven');
INSERT INTO `Hero` (`id`, `firstName`, `lastName`, `role`, `skillSet_id`) VALUES ('1019', '50e2bfd3-3f15-49c7-8fab-0679c51e464f', '6f736ed4-7d93-40aa-a76c-18b16ff76433', 'LeadSoftwareArchitect', '1019');
INSERT INTO `SkillSet` (`id`) VALUES ('1020');
INSERT INTO `SkillSet_skills` (`SkillSet_id`, `skills`) VALUES ('1020', 'Maven');
INSERT INTO `SkillSet_skills` (`SkillSet_id`, `skills`) VALUES ('1020', 'dotNet');
INSERT INTO `SkillSet_skills` (`SkillSet_id`, `skills`) VALUES ('1020', 'UITesting');
INSERT INTO `SkillSet_skills` (`SkillSet_id`, `skills`) VALUES ('1020', 'SQL');
INSERT INTO `SkillSet_skills` (`SkillSet_id`, `skills`) VALUES ('1020', 'dotNet');
INSERT INTO `Hero` (`id`, `firstName`, `lastName`, `role`, `skillSet_id`) VALUES ('1020', 'e6336dac-09f8-45cb-99d0-cef90992aa99', '6a5dd431-18cb-40bf-9466-58cf104ba63b', 'SeniorSoftwareEngineer', '1020');
INSERT INTO `SkillSet` (`id`) VALUES ('1021');
INSERT INTO `SkillSet_skills` (`SkillSet_id`, `skills`) VALUES ('1021', 'Java');
INSERT INTO `SkillSet_skills` (`SkillSet_id`, `skills`) VALUES ('1021', 'Java');
INSERT INTO `SkillSet_skills` (`SkillSet_id`, `skills`) VALUES ('1021', 'Java');
INSERT INTO `Hero` (`id`, `firstName`, `lastName`, `role`, `skillSet_id`) VALUES ('1021', 'bcb2f6e6-3d1e-46e1-9962-4b2ad4c03d9f', '0e341db8-d1b9-4132-81c0-c2595c1be071', 'SeniorSoftwareEngineer', '1021');
INSERT INTO `SkillSet` (`id`) VALUES ('1022');
INSERT INTO `SkillSet_skills` (`SkillSet_id`, `skills`) VALUES ('1022', 'Gradle');
INSERT INTO `SkillSet_skills` (`SkillSet_id`, `skills`) VALUES ('1022', 'SQL');
INSERT INTO `SkillSet_skills` (`SkillSet_id`, `skills`) VALUES ('1022', 'Gradle');
INSERT INTO `Hero` (`id`, `firstName`, `lastName`, `role`, `skillSet_id`) VALUES ('1022', 'fefb63eb-58e0-49dc-80fd-35130c50c3fc', '7f933d01-996d-4fc5-bae1-32e99f0f167e', 'SoftwareEngineer', '1022');
INSERT INTO `SkillSet` (`id`) VALUES ('1023');
INSERT INTO `SkillSet_skills` (`SkillSet_id`, `skills`) VALUES ('1023', 'SQL');
INSERT INTO `SkillSet_skills` (`SkillSet_id`, `skills`) VALUES ('1023', 'Ant');
INSERT INTO `SkillSet_skills` (`SkillSet_id`, `skills`) VALUES ('1023', 'Gradle');
INSERT INTO `Hero` (`id`, `firstName`, `lastName`, `role`, `skillSet_id`) VALUES ('1023', '990b8bac-ccbb-4079-bf83-9eb8ca47d4ae', '44479f38-24ab-4d48-b23b-c600bd8ee991', 'SoftwareEngineer', '1023');
INSERT INTO `SkillSet` (`id`) VALUES ('1024');
INSERT INTO `SkillSet_skills` (`SkillSet_id`, `skills`) VALUES ('1024', 'Ant');
INSERT INTO `Hero` (`id`, `firstName`, `lastName`, `role`, `skillSet_id`) VALUES ('1024', 'b4b69bd5-7822-4b1d-b902-94031faeb46c', '5b66f736-8db8-4c00-8d14-1bb92130bb27', 'SeniorSoftwareEngineer', '1024');
INSERT INTO `SkillSet` (`id`) VALUES ('1025');
INSERT INTO `SkillSet_skills` (`SkillSet_id`, `skills`) VALUES ('1025', 'UITesting');
INSERT INTO `SkillSet_skills` (`SkillSet_id`, `skills`) VALUES ('1025', 'SQL');
INSERT INTO `Hero` (`id`, `firstName`, `lastName`, `role`, `skillSet_id`) VALUES ('1025', 'eaffff32-e268-49b8-a9d4-e8a5d0ddf772', '3cc884da-d653-419c-b9a6-17086137aada', 'LeadSoftwareArchitect', '1025');
INSERT INTO `SkillSet` (`id`) VALUES ('1026');
INSERT INTO `SkillSet_skills` (`SkillSet_id`, `skills`) VALUES ('1026', 'dotNet');
INSERT INTO `SkillSet_skills` (`SkillSet_id`, `skills`) VALUES ('1026', 'SQL');
INSERT INTO `SkillSet_skills` (`SkillSet_id`, `skills`) VALUES ('1026', 'Java');
INSERT INTO `SkillSet_skills` (`SkillSet_id`, `skills`) VALUES ('1026', 'Maven');
INSERT INTO `Hero` (`id`, `firstName`, `lastName`, `role`, `skillSet_id`) VALUES ('1026', '230e155f-81c6-4346-8820-339672c3d64e', '8b7c4e59-75d4-40b2-bf18-648af33bf6cf', 'PrincipalConsultant', '1026');
INSERT INTO `SkillSet` (`id`) VALUES ('1027');
INSERT INTO `SkillSet_skills` (`SkillSet_id`, `skills`) VALUES ('1027', 'UnitTesting');
INSERT INTO `SkillSet_skills` (`SkillSet_id`, `skills`) VALUES ('1027', 'Gradle');
INSERT INTO `SkillSet_skills` (`SkillSet_id`, `skills`) VALUES ('1027', 'Ant');
INSERT INTO `SkillSet_skills` (`SkillSet_id`, `skills`) VALUES ('1027', 'SQL');
INSERT INTO `Hero` (`id`, `firstName`, `lastName`, `role`, `skillSet_id`) VALUES ('1027', 'b4547f12-1672-47b0-a7ca-7ce5e890eb16', '34e93e5a-38cb-4cad-bccc-e90637de3e5e', 'JuniorSoftwareEngineer', '1027');
INSERT INTO `SkillSet` (`id`) VALUES ('1028');
INSERT INTO `SkillSet_skills` (`SkillSet_id`, `skills`) VALUES ('1028', 'Java');
INSERT INTO `Hero` (`id`, `firstName`, `lastName`, `role`, `skillSet_id`) VALUES ('1028', 'f6ac023e-e7cc-4e5b-8666-f0bb1862c2e7', '99a5a22e-8add-4dd1-8105-503e1619da65', 'LeadEngineer', '1028');
INSERT INTO `SkillSet` (`id`) VALUES ('1029');
INSERT INTO `SkillSet_skills` (`SkillSet_id`, `skills`) VALUES ('1029', 'UITesting');
INSERT INTO `SkillSet_skills` (`SkillSet_id`, `skills`) VALUES ('1029', 'UnitTesting');
INSERT INTO `SkillSet_skills` (`SkillSet_id`, `skills`) VALUES ('1029', 'Ant');
INSERT INTO `Hero` (`id`, `firstName`, `lastName`, `role`, `skillSet_id`) VALUES ('1029', '7a56e283-6b7e-4024-bdd9-652b055aaa2d', '207f3a76-e8cf-438b-a5e0-281990d31c3a', 'SoftwareEngineer', '1029');
INSERT INTO `SkillSet` (`id`) VALUES ('1030');
INSERT INTO `SkillSet_skills` (`SkillSet_id`, `skills`) VALUES ('1030', 'UnitTesting');
INSERT INTO `Hero` (`id`, `firstName`, `lastName`, `role`, `skillSet_id`) VALUES ('1030', 'cfcc37fd-376e-4c59-899d-9c6c76d9b27c', '645f1046-dc3e-4863-99a6-2b17c4efbd3b', 'SeniorSoftwareEngineer', '1030');
INSERT INTO `SkillSet` (`id`) VALUES ('1031');
INSERT INTO `SkillSet_skills` (`SkillSet_id`, `skills`) VALUES ('1031', 'Java');
INSERT INTO `SkillSet_skills` (`SkillSet_id`, `skills`) VALUES ('1031', 'UITesting');
INSERT INTO `SkillSet_skills` (`SkillSet_id`, `skills`) VALUES ('1031', 'Gradle');
INSERT INTO `SkillSet_skills` (`SkillSet_id`, `skills`) VALUES ('1031', 'SQL');
INSERT INTO `SkillSet_skills` (`SkillSet_id`, `skills`) VALUES ('1031', 'SQL');
INSERT INTO `Hero` (`id`, `firstName`, `lastName`, `role`, `skillSet_id`) VALUES ('1031', '54f50c18-0b5b-4aa9-902d-bbe71726e4b1', '7dcd19a6-ca99-44c2-aad1-66dc0b0f44d9', 'PrincipalConsultant', '1031');
INSERT INTO `SkillSet` (`id`) VALUES ('1032');
INSERT INTO `SkillSet_skills` (`SkillSet_id`, `skills`) VALUES ('1032', 'Java');
INSERT INTO `Hero` (`id`, `firstName`, `lastName`, `role`, `skillSet_id`) VALUES ('1032', 'b3cfe978-63ab-4456-b36e-104f6e63ce43', 'a3f143c0-cba4-4865-b0f1-28f1f02b924b', 'SeniorSoftwareEngineer', '1032');
INSERT INTO `SkillSet` (`id`) VALUES ('1033');
INSERT INTO `SkillSet_skills` (`SkillSet_id`, `skills`) VALUES ('1033', 'UnitTesting');
INSERT INTO `SkillSet_skills` (`SkillSet_id`, `skills`) VALUES ('1033', 'Java');
INSERT INTO `SkillSet_skills` (`SkillSet_id`, `skills`) VALUES ('1033', 'UnitTesting');
INSERT INTO `SkillSet_skills` (`SkillSet_id`, `skills`) VALUES ('1033', 'Architektur');
INSERT INTO `SkillSet_skills` (`SkillSet_id`, `skills`) VALUES ('1033', 'SQL');
INSERT INTO `Hero` (`id`, `firstName`, `lastName`, `role`, `skillSet_id`) VALUES ('1033', '007a5bfd-bfff-4ab2-898e-ec581f50f34b', '8517f46a-a989-4769-9db8-e3d8a21abf28', 'PrincipalConsultant', '1033');
INSERT INTO `SkillSet` (`id`) VALUES ('1034');
INSERT INTO `SkillSet_skills` (`SkillSet_id`, `skills`) VALUES ('1034', 'Ant');
INSERT INTO `SkillSet_skills` (`SkillSet_id`, `skills`) VALUES ('1034', 'Architektur');
INSERT INTO `SkillSet_skills` (`SkillSet_id`, `skills`) VALUES ('1034', 'dotNet');
INSERT INTO `Hero` (`id`, `firstName`, `lastName`, `role`, `skillSet_id`) VALUES ('1034', '19885738-82e9-4f5e-ab61-59d7c23d8d8f', 'd686a53b-67d6-461c-8784-247aa4964424', 'LeadEngineer', '1034');
INSERT INTO `SkillSet` (`id`) VALUES ('1035');
INSERT INTO `SkillSet_skills` (`SkillSet_id`, `skills`) VALUES ('1035', 'UnitTesting');
INSERT INTO `SkillSet_skills` (`SkillSet_id`, `skills`) VALUES ('1035', 'Maven');
INSERT INTO `SkillSet_skills` (`SkillSet_id`, `skills`) VALUES ('1035', 'Java');
INSERT INTO `Hero` (`id`, `firstName`, `lastName`, `role`, `skillSet_id`) VALUES ('1035', '19bc38c1-5f16-44fb-b9c9-8f37501ff03b', '2a3e3028-d7bb-4ea6-9243-d77173c88f4a', 'LeadEngineer', '1035');
INSERT INTO `SkillSet` (`id`) VALUES ('1036');
INSERT INTO `SkillSet_skills` (`SkillSet_id`, `skills`) VALUES ('1036', 'Maven');
INSERT INTO `Hero` (`id`, `firstName`, `lastName`, `role`, `skillSet_id`) VALUES ('1036', '7e5d23ec-bf4e-4521-9766-aa4b88d1674d', '0f8090ff-185e-4512-95e1-8491dd456f73', 'PrincipalConsultant', '1036');
INSERT INTO `SkillSet` (`id`) VALUES ('1037');
INSERT INTO `SkillSet_skills` (`SkillSet_id`, `skills`) VALUES ('1037', 'Architektur');
INSERT INTO `Hero` (`id`, `firstName`, `lastName`, `role`, `skillSet_id`) VALUES ('1037', '235cb806-60bf-4605-a136-fb673f132f40', '76ce282f-032d-44ae-92d9-f414584d7f40', 'SoftwareEngineer', '1037');
INSERT INTO `SkillSet` (`id`) VALUES ('1038');
INSERT INTO `SkillSet_skills` (`SkillSet_id`, `skills`) VALUES ('1038', 'dotNet');
INSERT INTO `Hero` (`id`, `firstName`, `lastName`, `role`, `skillSet_id`) VALUES ('1038', 'e9638db3-6e4d-4d56-8b50-4c0cbd4ecd56', 'd7c96505-9017-48e2-9b22-028a0537e14b', 'SoftwareEngineer', '1038');
INSERT INTO `SkillSet` (`id`) VALUES ('1039');
INSERT INTO `SkillSet_skills` (`SkillSet_id`, `skills`) VALUES ('1039', 'Gradle');
INSERT INTO `SkillSet_skills` (`SkillSet_id`, `skills`) VALUES ('1039', 'Maven');
INSERT INTO `SkillSet_skills` (`SkillSet_id`, `skills`) VALUES ('1039', 'Java');
INSERT INTO `Hero` (`id`, `firstName`, `lastName`, `role`, `skillSet_id`) VALUES ('1039', 'adbcb5b6-0893-45fb-9479-f223337a5420', 'b49ba7f1-74a3-4432-a294-172098b16c4f', 'SeniorSoftwareEngineer', '1039');
INSERT INTO `SkillSet` (`id`) VALUES ('1040');
INSERT INTO `SkillSet_skills` (`SkillSet_id`, `skills`) VALUES ('1040', 'Ant');
INSERT INTO `Hero` (`id`, `firstName`, `lastName`, `role`, `skillSet_id`) VALUES ('1040', 'cb71cc06-24bd-42ab-a918-c5f7882421c1', '8a970886-9aaa-4195-adf9-89c076ea8fce', 'SoftwareEngineer', '1040');
INSERT INTO `SkillSet` (`id`) VALUES ('1041');
INSERT INTO `SkillSet_skills` (`SkillSet_id`, `skills`) VALUES ('1041', 'Gradle');
INSERT INTO `SkillSet_skills` (`SkillSet_id`, `skills`) VALUES ('1041', 'Java');
INSERT INTO `SkillSet_skills` (`SkillSet_id`, `skills`) VALUES ('1041', 'Ant');
INSERT INTO `SkillSet_skills` (`SkillSet_id`, `skills`) VALUES ('1041', 'Architektur');
INSERT INTO `Hero` (`id`, `firstName`, `lastName`, `role`, `skillSet_id`) VALUES ('1041', '3814818b-5996-4b93-bab5-cc7add138170', 'b7f6b323-2080-4cd7-aa49-449af73d4e31', 'SeniorSoftwareEngineer', '1041');
INSERT INTO `SkillSet` (`id`) VALUES ('1042');
INSERT INTO `SkillSet_skills` (`SkillSet_id`, `skills`) VALUES ('1042', 'dotNet');
INSERT INTO `SkillSet_skills` (`SkillSet_id`, `skills`) VALUES ('1042', 'Maven');
INSERT INTO `SkillSet_skills` (`SkillSet_id`, `skills`) VALUES ('1042', 'UITesting');
INSERT INTO `Hero` (`id`, `firstName`, `lastName`, `role`, `skillSet_id`) VALUES ('1042', '727a53f8-5dfa-4b93-80ba-7a31c088028a', '85dc734f-a5d3-4139-a83f-1578cf396e4b', 'LeadSoftwareArchitect', '1042');
INSERT INTO `SkillSet` (`id`) VALUES ('1043');
INSERT INTO `SkillSet_skills` (`SkillSet_id`, `skills`) VALUES ('1043', 'SQL');
INSERT INTO `SkillSet_skills` (`SkillSet_id`, `skills`) VALUES ('1043', 'Ant');
INSERT INTO `Hero` (`id`, `firstName`, `lastName`, `role`, `skillSet_id`) VALUES ('1043', '53d1b49a-e625-4cc3-80c0-66674f9763cc', '0dde876c-6a47-49cc-8208-c8a555b308bb', 'SoftwareEngineer', '1043');
INSERT INTO `SkillSet` (`id`) VALUES ('1044');
INSERT INTO `SkillSet_skills` (`SkillSet_id`, `skills`) VALUES ('1044', 'Gradle');
INSERT INTO `SkillSet_skills` (`SkillSet_id`, `skills`) VALUES ('1044', 'Java');
INSERT INTO `SkillSet_skills` (`SkillSet_id`, `skills`) VALUES ('1044', 'Architektur');
INSERT INTO `SkillSet_skills` (`SkillSet_id`, `skills`) VALUES ('1044', 'SQL');
INSERT INTO `Hero` (`id`, `firstName`, `lastName`, `role`, `skillSet_id`) VALUES ('1044', 'bf3d2ef1-2220-4558-be00-cf0f4125230e', 'fe13c1b9-bd03-412e-9764-601c4f6a1624', 'LeadEngineer', '1044');
INSERT INTO `SkillSet` (`id`) VALUES ('1045');
INSERT INTO `SkillSet_skills` (`SkillSet_id`, `skills`) VALUES ('1045', 'Java');
INSERT INTO `SkillSet_skills` (`SkillSet_id`, `skills`) VALUES ('1045', 'UITesting');
INSERT INTO `SkillSet_skills` (`SkillSet_id`, `skills`) VALUES ('1045', 'SQL');
INSERT INTO `SkillSet_skills` (`SkillSet_id`, `skills`) VALUES ('1045', 'SQL');
INSERT INTO `Hero` (`id`, `firstName`, `lastName`, `role`, `skillSet_id`) VALUES ('1045', '10b793a2-1e84-436f-813a-3433eb9b45ad', '1f8931d4-1475-4b4e-8571-f887dffd7f88', 'LeadSoftwareArchitect', '1045');
INSERT INTO `SkillSet` (`id`) VALUES ('1046');
INSERT INTO `SkillSet_skills` (`SkillSet_id`, `skills`) VALUES ('1046', 'dotNet');
INSERT INTO `SkillSet_skills` (`SkillSet_id`, `skills`) VALUES ('1046', 'Architektur');
INSERT INTO `SkillSet_skills` (`SkillSet_id`, `skills`) VALUES ('1046', 'Java');
INSERT INTO `SkillSet_skills` (`SkillSet_id`, `skills`) VALUES ('1046', 'Ant');
INSERT INTO `SkillSet_skills` (`SkillSet_id`, `skills`) VALUES ('1046', 'UnitTesting');
INSERT INTO `Hero` (`id`, `firstName`, `lastName`, `role`, `skillSet_id`) VALUES ('1046', 'c4a7f033-09b9-444b-892c-ea7c95fe72b7', 'eebc7d39-8239-4558-8e4f-ec904af4474b', 'PrincipalConsultant', '1046');
INSERT INTO `SkillSet` (`id`) VALUES ('1047');
INSERT INTO `SkillSet_skills` (`SkillSet_id`, `skills`) VALUES ('1047', 'UnitTesting');
INSERT INTO `SkillSet_skills` (`SkillSet_id`, `skills`) VALUES ('1047', 'Maven');
INSERT INTO `SkillSet_skills` (`SkillSet_id`, `skills`) VALUES ('1047', 'Java');
INSERT INTO `Hero` (`id`, `firstName`, `lastName`, `role`, `skillSet_id`) VALUES ('1047', 'a39245c5-2dcd-4291-a78f-366075bc6be9', 'dacfdc65-fdad-4ee0-b297-6f59ad32d8ee', 'LeadSoftwareArchitect', '1047');
INSERT INTO `SkillSet` (`id`) VALUES ('1048');
INSERT INTO `SkillSet_skills` (`SkillSet_id`, `skills`) VALUES ('1048', 'Maven');
INSERT INTO `SkillSet_skills` (`SkillSet_id`, `skills`) VALUES ('1048', 'SQL');
INSERT INTO `SkillSet_skills` (`SkillSet_id`, `skills`) VALUES ('1048', 'Architektur');
INSERT INTO `SkillSet_skills` (`SkillSet_id`, `skills`) VALUES ('1048', 'SQL');
INSERT INTO `Hero` (`id`, `firstName`, `lastName`, `role`, `skillSet_id`) VALUES ('1048', '0682ee7c-63cd-472f-8dff-a3d4159bcdda', '117ffa9f-aee2-4b52-9eaa-d0d946e91ba3', 'JuniorSoftwareEngineer', '1048');
INSERT INTO `SkillSet` (`id`) VALUES ('1049');
INSERT INTO `SkillSet_skills` (`SkillSet_id`, `skills`) VALUES ('1049', 'Gradle');
INSERT INTO `SkillSet_skills` (`SkillSet_id`, `skills`) VALUES ('1049', 'Maven');
INSERT INTO `SkillSet_skills` (`SkillSet_id`, `skills`) VALUES ('1049', 'Ant');
INSERT INTO `Hero` (`id`, `firstName`, `lastName`, `role`, `skillSet_id`) VALUES ('1049', '7253eba8-03b2-4d27-b851-a6654ec1725f', 'c99c431f-29ec-4ed6-a1c8-0489efa85c53', 'SoftwareEngineer', '1049');
INSERT INTO `SkillSet` (`id`) VALUES ('1050');
INSERT INTO `SkillSet_skills` (`SkillSet_id`, `skills`) VALUES ('1050', 'Architektur');
INSERT INTO `SkillSet_skills` (`SkillSet_id`, `skills`) VALUES ('1050', 'UITesting');
INSERT INTO `SkillSet_skills` (`SkillSet_id`, `skills`) VALUES ('1050', 'Gradle');
INSERT INTO `SkillSet_skills` (`SkillSet_id`, `skills`) VALUES ('1050', 'UnitTesting');
INSERT INTO `SkillSet_skills` (`SkillSet_id`, `skills`) VALUES ('1050', 'Java');
INSERT INTO `Hero` (`id`, `firstName`, `lastName`, `role`, `skillSet_id`) VALUES ('1050', '815b7e56-78e5-4577-a2c1-fb3e1ea37487', '733ee979-7a2e-4306-bacc-ff2c2a0b421f', 'LeadEngineer', '1050');
INSERT INTO `SkillSet` (`id`) VALUES ('1051');
INSERT INTO `SkillSet_skills` (`SkillSet_id`, `skills`) VALUES ('1051', 'SQL');
INSERT INTO `SkillSet_skills` (`SkillSet_id`, `skills`) VALUES ('1051', 'Java');
INSERT INTO `SkillSet_skills` (`SkillSet_id`, `skills`) VALUES ('1051', 'UnitTesting');
INSERT INTO `SkillSet_skills` (`SkillSet_id`, `skills`) VALUES ('1051', 'Architektur');
INSERT INTO `Hero` (`id`, `firstName`, `lastName`, `role`, `skillSet_id`) VALUES ('1051', '350a69c3-a319-47bd-b156-82bfe9bc1d37', 'f176a71d-21ea-4093-83f0-1958e96cfdd9', 'LeadSoftwareArchitect', '1051');
INSERT INTO `SkillSet` (`id`) VALUES ('1052');
INSERT INTO `SkillSet_skills` (`SkillSet_id`, `skills`) VALUES ('1052', 'Java');
INSERT INTO `SkillSet_skills` (`SkillSet_id`, `skills`) VALUES ('1052', 'dotNet');
INSERT INTO `SkillSet_skills` (`SkillSet_id`, `skills`) VALUES ('1052', 'UnitTesting');
INSERT INTO `SkillSet_skills` (`SkillSet_id`, `skills`) VALUES ('1052', 'Java');
INSERT INTO `SkillSet_skills` (`SkillSet_id`, `skills`) VALUES ('1052', 'Architektur');
INSERT INTO `Hero` (`id`, `firstName`, `lastName`, `role`, `skillSet_id`) VALUES ('1052', 'ecd8b523-7e6d-4daa-8785-ceeda606c53c', '086d9369-86b2-47df-b4fb-d42ef861f8f3', 'LeadEngineer', '1052');
INSERT INTO `SkillSet` (`id`) VALUES ('1053');
INSERT INTO `SkillSet_skills` (`SkillSet_id`, `skills`) VALUES ('1053', 'Maven');
INSERT INTO `SkillSet_skills` (`SkillSet_id`, `skills`) VALUES ('1053', 'UITesting');
INSERT INTO `SkillSet_skills` (`SkillSet_id`, `skills`) VALUES ('1053', 'UnitTesting');
INSERT INTO `SkillSet_skills` (`SkillSet_id`, `skills`) VALUES ('1053', 'Architektur');
INSERT INTO `Hero` (`id`, `firstName`, `lastName`, `role`, `skillSet_id`) VALUES ('1053', '00a14242-9361-433e-97e5-0322410035ec', '0a6eaa6c-c588-43c4-8c9e-c134f39d0e76', 'LeadEngineer', '1053');
INSERT INTO `SkillSet` (`id`) VALUES ('1054');
INSERT INTO `SkillSet_skills` (`SkillSet_id`, `skills`) VALUES ('1054', 'Gradle');
INSERT INTO `SkillSet_skills` (`SkillSet_id`, `skills`) VALUES ('1054', 'Architektur');
INSERT INTO `Hero` (`id`, `firstName`, `lastName`, `role`, `skillSet_id`) VALUES ('1054', 'd88202d6-3635-403c-bb3d-dee8f708d7b4', '6a8c4caa-aec7-417d-b3b0-7e3039b14f1a', 'LeadEngineer', '1054');
INSERT INTO `SkillSet` (`id`) VALUES ('1055');
INSERT INTO `SkillSet_skills` (`SkillSet_id`, `skills`) VALUES ('1055', 'UnitTesting');
INSERT INTO `SkillSet_skills` (`SkillSet_id`, `skills`) VALUES ('1055', 'SQL');
INSERT INTO `SkillSet_skills` (`SkillSet_id`, `skills`) VALUES ('1055', 'dotNet');
INSERT INTO `Hero` (`id`, `firstName`, `lastName`, `role`, `skillSet_id`) VALUES ('1055', 'd53ec5cc-d1b7-4992-896d-6ba2d2ea8623', '67629715-a5ac-4c92-9399-751cebcd13c6', 'SoftwareEngineer', '1055');
INSERT INTO `SkillSet` (`id`) VALUES ('1056');
INSERT INTO `SkillSet_skills` (`SkillSet_id`, `skills`) VALUES ('1056', 'UnitTesting');
INSERT INTO `SkillSet_skills` (`SkillSet_id`, `skills`) VALUES ('1056', 'Java');
INSERT INTO `SkillSet_skills` (`SkillSet_id`, `skills`) VALUES ('1056', 'dotNet');
INSERT INTO `Hero` (`id`, `firstName`, `lastName`, `role`, `skillSet_id`) VALUES ('1056', 'b2515632-be3c-44b1-906e-e00066339cad', '5c8d936c-4ae9-4bec-94f1-9c992c78c1d7', 'JuniorSoftwareEngineer', '1056');
INSERT INTO `SkillSet` (`id`) VALUES ('1057');
INSERT INTO `SkillSet_skills` (`SkillSet_id`, `skills`) VALUES ('1057', 'UnitTesting');
INSERT INTO `SkillSet_skills` (`SkillSet_id`, `skills`) VALUES ('1057', 'Maven');
INSERT INTO `SkillSet_skills` (`SkillSet_id`, `skills`) VALUES ('1057', 'Maven');
INSERT INTO `SkillSet_skills` (`SkillSet_id`, `skills`) VALUES ('1057', 'Architektur');
INSERT INTO `Hero` (`id`, `firstName`, `lastName`, `role`, `skillSet_id`) VALUES ('1057', 'd35edd18-75df-4b95-b010-ce9edf572868', 'b6cc35a8-0b23-40c5-acb6-197bd531b1a1', 'SeniorSoftwareEngineer', '1057');
INSERT INTO `SkillSet` (`id`) VALUES ('1058');
INSERT INTO `SkillSet_skills` (`SkillSet_id`, `skills`) VALUES ('1058', 'Java');
INSERT INTO `SkillSet_skills` (`SkillSet_id`, `skills`) VALUES ('1058', 'Architektur');
INSERT INTO `SkillSet_skills` (`SkillSet_id`, `skills`) VALUES ('1058', 'Maven');
INSERT INTO `Hero` (`id`, `firstName`, `lastName`, `role`, `skillSet_id`) VALUES ('1058', '770b82da-0b8c-434f-9772-ce34858c610d', '2ee98497-ad51-4015-aec7-1e1cf35d8ca3', 'SoftwareEngineer', '1058');
INSERT INTO `SkillSet` (`id`) VALUES ('1059');
INSERT INTO `SkillSet_skills` (`SkillSet_id`, `skills`) VALUES ('1059', 'UITesting');
INSERT INTO `Hero` (`id`, `firstName`, `lastName`, `role`, `skillSet_id`) VALUES ('1059', '2a56a97a-c096-4c03-af48-03191cd7af1f', '198c7d40-ed4b-4700-af5b-9b9612ad7d4f', 'SeniorSoftwareEngineer', '1059');
INSERT INTO `SkillSet` (`id`) VALUES ('1060');
INSERT INTO `SkillSet_skills` (`SkillSet_id`, `skills`) VALUES ('1060', 'Gradle');
INSERT INTO `Hero` (`id`, `firstName`, `lastName`, `role`, `skillSet_id`) VALUES ('1060', '71ea6b9b-75d8-4a48-80b1-5cbf63bf7bc6', 'd3781e8a-dd41-4ee8-88db-0508c54acf62', 'LeadEngineer', '1060');
INSERT INTO `SkillSet` (`id`) VALUES ('1061');
INSERT INTO `SkillSet_skills` (`SkillSet_id`, `skills`) VALUES ('1061', 'Architektur');
INSERT INTO `SkillSet_skills` (`SkillSet_id`, `skills`) VALUES ('1061', 'Ant');
INSERT INTO `SkillSet_skills` (`SkillSet_id`, `skills`) VALUES ('1061', 'Java');
INSERT INTO `Hero` (`id`, `firstName`, `lastName`, `role`, `skillSet_id`) VALUES ('1061', '30d3e872-f4f2-480a-97f3-9944d74c8a14', '9a0aeec3-87ba-4b6c-aade-6968dd02605c', 'LeadSoftwareArchitect', '1061');
INSERT INTO `SkillSet` (`id`) VALUES ('1062');
INSERT INTO `SkillSet_skills` (`SkillSet_id`, `skills`) VALUES ('1062', 'UITesting');
INSERT INTO `Hero` (`id`, `firstName`, `lastName`, `role`, `skillSet_id`) VALUES ('1062', 'cca07a1f-5121-472b-a441-2263a97bc74c', '91e8b627-50ec-409e-a3eb-ae4645bbf5c7', 'PrincipalConsultant', '1062');
INSERT INTO `SkillSet` (`id`) VALUES ('1063');
INSERT INTO `SkillSet_skills` (`SkillSet_id`, `skills`) VALUES ('1063', 'Maven');
INSERT INTO `Hero` (`id`, `firstName`, `lastName`, `role`, `skillSet_id`) VALUES ('1063', 'b2339c74-2bf8-4c56-852c-0d55605722b9', '9c4f6576-4de6-4a0a-b792-54b3166b4340', 'LeadSoftwareArchitect', '1063');
INSERT INTO `SkillSet` (`id`) VALUES ('1064');
INSERT INTO `SkillSet_skills` (`SkillSet_id`, `skills`) VALUES ('1064', 'Ant');
INSERT INTO `SkillSet_skills` (`SkillSet_id`, `skills`) VALUES ('1064', 'SQL');
INSERT INTO `SkillSet_skills` (`SkillSet_id`, `skills`) VALUES ('1064', 'Gradle');
INSERT INTO `Hero` (`id`, `firstName`, `lastName`, `role`, `skillSet_id`) VALUES ('1064', 'b930b87b-df38-457c-a966-7f16c440fd10', '4478f1a8-dd47-4dc4-bfa7-1ca8a4e58c41', 'SeniorSoftwareEngineer', '1064');
INSERT INTO `SkillSet` (`id`) VALUES ('1065');
INSERT INTO `SkillSet_skills` (`SkillSet_id`, `skills`) VALUES ('1065', 'Architektur');
INSERT INTO `Hero` (`id`, `firstName`, `lastName`, `role`, `skillSet_id`) VALUES ('1065', 'bee538fe-bca1-4f9b-9f67-b60129fe57e9', '599cdc76-7f7b-41a7-a1a2-3dadda60304f', 'SeniorSoftwareEngineer', '1065');
INSERT INTO `SkillSet` (`id`) VALUES ('1066');
INSERT INTO `SkillSet_skills` (`SkillSet_id`, `skills`) VALUES ('1066', 'Java');
INSERT INTO `SkillSet_skills` (`SkillSet_id`, `skills`) VALUES ('1066', 'Maven');
INSERT INTO `SkillSet_skills` (`SkillSet_id`, `skills`) VALUES ('1066', 'dotNet');
INSERT INTO `SkillSet_skills` (`SkillSet_id`, `skills`) VALUES ('1066', 'Java');
INSERT INTO `Hero` (`id`, `firstName`, `lastName`, `role`, `skillSet_id`) VALUES ('1066', '74b424ed-2aa6-4f75-8aea-13b10602c9a7', '2af7ed4c-7b7f-4964-aad7-6ede81b2c7b4', 'JuniorSoftwareEngineer', '1066');
INSERT INTO `SkillSet` (`id`) VALUES ('1067');
INSERT INTO `SkillSet_skills` (`SkillSet_id`, `skills`) VALUES ('1067', 'Architektur');
INSERT INTO `Hero` (`id`, `firstName`, `lastName`, `role`, `skillSet_id`) VALUES ('1067', '45aafa57-7373-48b8-80c7-582f576383b2', 'c7045eba-88e1-4335-8b47-cf021a942841', 'SeniorSoftwareEngineer', '1067');
INSERT INTO `SkillSet` (`id`) VALUES ('1068');
INSERT INTO `SkillSet_skills` (`SkillSet_id`, `skills`) VALUES ('1068', 'Gradle');
INSERT INTO `Hero` (`id`, `firstName`, `lastName`, `role`, `skillSet_id`) VALUES ('1068', 'f69d046f-69c3-41ea-a2f2-71ee4add1839', '3bfff2af-a2fc-47bc-8f7b-ed3a57e4f628', 'PrincipalConsultant', '1068');
INSERT INTO `SkillSet` (`id`) VALUES ('1069');
INSERT INTO `SkillSet_skills` (`SkillSet_id`, `skills`) VALUES ('1069', 'Maven');
INSERT INTO `SkillSet_skills` (`SkillSet_id`, `skills`) VALUES ('1069', 'SQL');
INSERT INTO `SkillSet_skills` (`SkillSet_id`, `skills`) VALUES ('1069', 'Gradle');
INSERT INTO `SkillSet_skills` (`SkillSet_id`, `skills`) VALUES ('1069', 'SQL');
INSERT INTO `Hero` (`id`, `firstName`, `lastName`, `role`, `skillSet_id`) VALUES ('1069', '5da6407b-fb37-4f22-aa76-685b15f9e7e2', 'a78c9c62-f108-4b86-afb4-08fb679ffd4a', 'PrincipalConsultant', '1069');
INSERT INTO `SkillSet` (`id`) VALUES ('1070');
INSERT INTO `SkillSet_skills` (`SkillSet_id`, `skills`) VALUES ('1070', 'UITesting');
INSERT INTO `SkillSet_skills` (`SkillSet_id`, `skills`) VALUES ('1070', 'UITesting');
INSERT INTO `Hero` (`id`, `firstName`, `lastName`, `role`, `skillSet_id`) VALUES ('1070', '124918b8-01de-41b4-9b2c-ec18f51da2d9', '5b3884a5-98af-4e45-b34d-7e4d660e8bd3', 'LeadEngineer', '1070');
INSERT INTO `SkillSet` (`id`) VALUES ('1071');
INSERT INTO `SkillSet_skills` (`SkillSet_id`, `skills`) VALUES ('1071', 'SQL');
INSERT INTO `SkillSet_skills` (`SkillSet_id`, `skills`) VALUES ('1071', 'SQL');
INSERT INTO `SkillSet_skills` (`SkillSet_id`, `skills`) VALUES ('1071', 'dotNet');
INSERT INTO `Hero` (`id`, `firstName`, `lastName`, `role`, `skillSet_id`) VALUES ('1071', '6104dad7-30cd-40e0-b43a-3a93a70138c0', 'dee1fb6e-0e87-4d83-989e-16f00ef53cf3', 'LeadEngineer', '1071');
INSERT INTO `SkillSet` (`id`) VALUES ('1072');
INSERT INTO `SkillSet_skills` (`SkillSet_id`, `skills`) VALUES ('1072', 'SQL');
INSERT INTO `SkillSet_skills` (`SkillSet_id`, `skills`) VALUES ('1072', 'Maven');
INSERT INTO `SkillSet_skills` (`SkillSet_id`, `skills`) VALUES ('1072', 'Maven');
INSERT INTO `Hero` (`id`, `firstName`, `lastName`, `role`, `skillSet_id`) VALUES ('1072', '7283de84-576d-40e4-9a4b-872fb056d1ec', '4e992782-b7cf-4202-b716-c398e6d4669d', 'LeadEngineer', '1072');
INSERT INTO `SkillSet` (`id`) VALUES ('1073');
INSERT INTO `SkillSet_skills` (`SkillSet_id`, `skills`) VALUES ('1073', 'Maven');
INSERT INTO `Hero` (`id`, `firstName`, `lastName`, `role`, `skillSet_id`) VALUES ('1073', 'f0ef5cc3-d0a5-4ffb-8cdc-4cb25caee988', '74b8b540-8474-4ed0-b055-38468679cb6a', 'PrincipalConsultant', '1073');
INSERT INTO `SkillSet` (`id`) VALUES ('1074');
INSERT INTO `SkillSet_skills` (`SkillSet_id`, `skills`) VALUES ('1074', 'Java');
INSERT INTO `SkillSet_skills` (`SkillSet_id`, `skills`) VALUES ('1074', 'Java');
INSERT INTO `SkillSet_skills` (`SkillSet_id`, `skills`) VALUES ('1074', 'Architektur');
INSERT INTO `SkillSet_skills` (`SkillSet_id`, `skills`) VALUES ('1074', 'Ant');
INSERT INTO `SkillSet_skills` (`SkillSet_id`, `skills`) VALUES ('1074', 'SQL');
INSERT INTO `Hero` (`id`, `firstName`, `lastName`, `role`, `skillSet_id`) VALUES ('1074', '45ea79d2-c124-411a-8ef2-51b855e20c78', '4d4cdcca-c0c1-4bd4-bea8-c0fea4c21273', 'SoftwareEngineer', '1074');
INSERT INTO `SkillSet` (`id`) VALUES ('1075');
INSERT INTO `SkillSet_skills` (`SkillSet_id`, `skills`) VALUES ('1075', 'dotNet');
INSERT INTO `Hero` (`id`, `firstName`, `lastName`, `role`, `skillSet_id`) VALUES ('1075', '63ddc05f-42a8-48ab-9fea-695537b77ba7', 'af5da291-d6a4-4fd4-a1b5-d54145cade93', 'LeadSoftwareArchitect', '1075');
INSERT INTO `SkillSet` (`id`) VALUES ('1076');
INSERT INTO `SkillSet_skills` (`SkillSet_id`, `skills`) VALUES ('1076', 'dotNet');
INSERT INTO `SkillSet_skills` (`SkillSet_id`, `skills`) VALUES ('1076', 'SQL');
INSERT INTO `SkillSet_skills` (`SkillSet_id`, `skills`) VALUES ('1076', 'SQL');
INSERT INTO `SkillSet_skills` (`SkillSet_id`, `skills`) VALUES ('1076', 'dotNet');
INSERT INTO `Hero` (`id`, `firstName`, `lastName`, `role`, `skillSet_id`) VALUES ('1076', '67bfe92b-d25e-4ed0-947e-721d2dde3821', 'b8f280f5-f9de-4966-b2dd-98cb9ad510bf', 'SeniorSoftwareEngineer', '1076');
INSERT INTO `SkillSet` (`id`) VALUES ('1077');
INSERT INTO `SkillSet_skills` (`SkillSet_id`, `skills`) VALUES ('1077', 'SQL');
INSERT INTO `SkillSet_skills` (`SkillSet_id`, `skills`) VALUES ('1077', 'Java');
INSERT INTO `SkillSet_skills` (`SkillSet_id`, `skills`) VALUES ('1077', 'SQL');
INSERT INTO `Hero` (`id`, `firstName`, `lastName`, `role`, `skillSet_id`) VALUES ('1077', '2666c91c-af9e-44b4-b34e-f4d9649eaa60', 'f68d0f28-c0a1-4955-842d-2d238f11f173', 'JuniorSoftwareEngineer', '1077');
INSERT INTO `SkillSet` (`id`) VALUES ('1078');
INSERT INTO `SkillSet_skills` (`SkillSet_id`, `skills`) VALUES ('1078', 'UITesting');
INSERT INTO `SkillSet_skills` (`SkillSet_id`, `skills`) VALUES ('1078', 'SQL');
INSERT INTO `SkillSet_skills` (`SkillSet_id`, `skills`) VALUES ('1078', 'dotNet');
INSERT INTO `SkillSet_skills` (`SkillSet_id`, `skills`) VALUES ('1078', 'Ant');
INSERT INTO `SkillSet_skills` (`SkillSet_id`, `skills`) VALUES ('1078', 'SQL');
INSERT INTO `Hero` (`id`, `firstName`, `lastName`, `role`, `skillSet_id`) VALUES ('1078', '9e099e06-1acd-4669-89fb-ba248bbb38c7', '9ff6ab81-f4d4-4392-aa66-e87a1ed0653e', 'LeadEngineer', '1078');
INSERT INTO `SkillSet` (`id`) VALUES ('1079');
INSERT INTO `SkillSet_skills` (`SkillSet_id`, `skills`) VALUES ('1079', 'SQL');
INSERT INTO `SkillSet_skills` (`SkillSet_id`, `skills`) VALUES ('1079', 'Maven');
INSERT INTO `Hero` (`id`, `firstName`, `lastName`, `role`, `skillSet_id`) VALUES ('1079', '3997c717-9e47-4bbb-9f48-1cf66c8e5972', '4b09af59-bcc1-4508-9cb6-ac5dd7243686', 'JuniorSoftwareEngineer', '1079');
INSERT INTO `SkillSet` (`id`) VALUES ('1080');
INSERT INTO `SkillSet_skills` (`SkillSet_id`, `skills`) VALUES ('1080', 'UnitTesting');
INSERT INTO `SkillSet_skills` (`SkillSet_id`, `skills`) VALUES ('1080', 'SQL');
INSERT INTO `SkillSet_skills` (`SkillSet_id`, `skills`) VALUES ('1080', 'SQL');
INSERT INTO `Hero` (`id`, `firstName`, `lastName`, `role`, `skillSet_id`) VALUES ('1080', 'c365c0dd-b228-4abf-90b5-8e0b4b0a130e', 'aebcf319-613f-4709-930f-cd638bbd22cd', 'JuniorSoftwareEngineer', '1080');
INSERT INTO `SkillSet` (`id`) VALUES ('1081');
INSERT INTO `SkillSet_skills` (`SkillSet_id`, `skills`) VALUES ('1081', 'UITesting');
INSERT INTO `SkillSet_skills` (`SkillSet_id`, `skills`) VALUES ('1081', 'UITesting');
INSERT INTO `SkillSet_skills` (`SkillSet_id`, `skills`) VALUES ('1081', 'Architektur');
INSERT INTO `SkillSet_skills` (`SkillSet_id`, `skills`) VALUES ('1081', 'Ant');
INSERT INTO `SkillSet_skills` (`SkillSet_id`, `skills`) VALUES ('1081', 'Ant');
INSERT INTO `Hero` (`id`, `firstName`, `lastName`, `role`, `skillSet_id`) VALUES ('1081', 'ad985d4a-e060-47b0-8ac9-335e8bfdf33a', '28f1ae11-3341-403d-a8fc-f8e074d74a8e', 'LeadEngineer', '1081');
INSERT INTO `SkillSet` (`id`) VALUES ('1082');
INSERT INTO `SkillSet_skills` (`SkillSet_id`, `skills`) VALUES ('1082', 'Java');
INSERT INTO `SkillSet_skills` (`SkillSet_id`, `skills`) VALUES ('1082', 'Gradle');
INSERT INTO `SkillSet_skills` (`SkillSet_id`, `skills`) VALUES ('1082', 'UnitTesting');
INSERT INTO `Hero` (`id`, `firstName`, `lastName`, `role`, `skillSet_id`) VALUES ('1082', '95113123-99db-4381-b51b-032d613eb7bb', 'e9cf8309-1477-4594-b112-c780ae0a5fe1', 'JuniorSoftwareEngineer', '1082');
INSERT INTO `SkillSet` (`id`) VALUES ('1083');
INSERT INTO `SkillSet_skills` (`SkillSet_id`, `skills`) VALUES ('1083', 'SQL');
INSERT INTO `Hero` (`id`, `firstName`, `lastName`, `role`, `skillSet_id`) VALUES ('1083', '7a39c247-3ef4-4ddb-8a50-7f2b4fa7fb26', '4f851572-2936-4eff-9960-2435feb189b0', 'SoftwareEngineer', '1083');
INSERT INTO `SkillSet` (`id`) VALUES ('1084');
INSERT INTO `SkillSet_skills` (`SkillSet_id`, `skills`) VALUES ('1084', 'Architektur');
INSERT INTO `Hero` (`id`, `firstName`, `lastName`, `role`, `skillSet_id`) VALUES ('1084', '43d82b6f-8e88-4ff9-af7b-5fcd3c36b600', '5201d8a8-828a-455b-85c0-3e3825d0ffff', 'LeadSoftwareArchitect', '1084');
INSERT INTO `SkillSet` (`id`) VALUES ('1085');
INSERT INTO `SkillSet_skills` (`SkillSet_id`, `skills`) VALUES ('1085', 'SQL');
INSERT INTO `SkillSet_skills` (`SkillSet_id`, `skills`) VALUES ('1085', 'UITesting');
INSERT INTO `SkillSet_skills` (`SkillSet_id`, `skills`) VALUES ('1085', 'SQL');
INSERT INTO `Hero` (`id`, `firstName`, `lastName`, `role`, `skillSet_id`) VALUES ('1085', 'a7f080ef-3ec2-4b28-a93d-e81f5d4f5936', '0bdabe89-3b2d-4897-a31d-e5fa81beb439', 'LeadSoftwareArchitect', '1085');
INSERT INTO `SkillSet` (`id`) VALUES ('1086');
INSERT INTO `SkillSet_skills` (`SkillSet_id`, `skills`) VALUES ('1086', 'dotNet');
INSERT INTO `SkillSet_skills` (`SkillSet_id`, `skills`) VALUES ('1086', 'Maven');
INSERT INTO `SkillSet_skills` (`SkillSet_id`, `skills`) VALUES ('1086', 'Ant');
INSERT INTO `Hero` (`id`, `firstName`, `lastName`, `role`, `skillSet_id`) VALUES ('1086', '82ee12c3-336b-41f6-b046-368850faa552', '050f9073-855d-4a38-8cbb-7045db6281a7', 'SoftwareEngineer', '1086');
INSERT INTO `SkillSet` (`id`) VALUES ('1087');
INSERT INTO `SkillSet_skills` (`SkillSet_id`, `skills`) VALUES ('1087', 'dotNet');
INSERT INTO `Hero` (`id`, `firstName`, `lastName`, `role`, `skillSet_id`) VALUES ('1087', 'e780b49f-4719-463f-a0fa-587e4ab98bc5', 'aa2fb4a8-6322-41c2-afee-fc56da74d178', 'SoftwareEngineer', '1087');
INSERT INTO `SkillSet` (`id`) VALUES ('1088');
INSERT INTO `SkillSet_skills` (`SkillSet_id`, `skills`) VALUES ('1088', 'SQL');
INSERT INTO `SkillSet_skills` (`SkillSet_id`, `skills`) VALUES ('1088', 'dotNet');
INSERT INTO `SkillSet_skills` (`SkillSet_id`, `skills`) VALUES ('1088', 'UnitTesting');
INSERT INTO `SkillSet_skills` (`SkillSet_id`, `skills`) VALUES ('1088', 'UITesting');
INSERT INTO `SkillSet_skills` (`SkillSet_id`, `skills`) VALUES ('1088', 'Ant');
INSERT INTO `Hero` (`id`, `firstName`, `lastName`, `role`, `skillSet_id`) VALUES ('1088', '40389651-9224-48b5-9ec7-4226e43b4196', 'e6f28ffb-3eec-40b2-ae93-bbda41b773ab', 'LeadEngineer', '1088');
INSERT INTO `SkillSet` (`id`) VALUES ('1089');
INSERT INTO `SkillSet_skills` (`SkillSet_id`, `skills`) VALUES ('1089', 'UnitTesting');
INSERT INTO `SkillSet_skills` (`SkillSet_id`, `skills`) VALUES ('1089', 'dotNet');
INSERT INTO `SkillSet_skills` (`SkillSet_id`, `skills`) VALUES ('1089', 'Java');
INSERT INTO `Hero` (`id`, `firstName`, `lastName`, `role`, `skillSet_id`) VALUES ('1089', 'bbe649bd-8b0a-4dff-bca8-451ef19bd0ee', '9349b31d-e47d-4770-9a52-a2834c0bb574', 'SeniorSoftwareEngineer', '1089');
INSERT INTO `SkillSet` (`id`) VALUES ('1090');
INSERT INTO `SkillSet_skills` (`SkillSet_id`, `skills`) VALUES ('1090', 'Architektur');
INSERT INTO `SkillSet_skills` (`SkillSet_id`, `skills`) VALUES ('1090', 'dotNet');
INSERT INTO `SkillSet_skills` (`SkillSet_id`, `skills`) VALUES ('1090', 'Maven');
INSERT INTO `SkillSet_skills` (`SkillSet_id`, `skills`) VALUES ('1090', 'Maven');
INSERT INTO `SkillSet_skills` (`SkillSet_id`, `skills`) VALUES ('1090', 'Architektur');
INSERT INTO `Hero` (`id`, `firstName`, `lastName`, `role`, `skillSet_id`) VALUES ('1090', '9e978555-a6d4-4bc6-8f89-e78808ce8190', 'bbc53971-9729-472c-b523-fe9aba160c38', 'SoftwareEngineer', '1090');
INSERT INTO `SkillSet` (`id`) VALUES ('1091');
INSERT INTO `SkillSet_skills` (`SkillSet_id`, `skills`) VALUES ('1091', 'UnitTesting');
INSERT INTO `Hero` (`id`, `firstName`, `lastName`, `role`, `skillSet_id`) VALUES ('1091', '45319a66-409a-4808-bf1b-c3fcc6a16136', '4cc5cfd0-8c97-4a76-9733-77aeebcef26b', 'LeadEngineer', '1091');
INSERT INTO `SkillSet` (`id`) VALUES ('1092');
INSERT INTO `SkillSet_skills` (`SkillSet_id`, `skills`) VALUES ('1092', 'Maven');
INSERT INTO `SkillSet_skills` (`SkillSet_id`, `skills`) VALUES ('1092', 'Architektur');
INSERT INTO `SkillSet_skills` (`SkillSet_id`, `skills`) VALUES ('1092', 'Ant');
INSERT INTO `SkillSet_skills` (`SkillSet_id`, `skills`) VALUES ('1092', 'Maven');
INSERT INTO `SkillSet_skills` (`SkillSet_id`, `skills`) VALUES ('1092', 'SQL');
INSERT INTO `Hero` (`id`, `firstName`, `lastName`, `role`, `skillSet_id`) VALUES ('1092', '8ac24016-6567-480f-b437-54ab8a3c5842', '7d12767f-06a5-4d1a-afe3-078abbf570db', 'SoftwareEngineer', '1092');
INSERT INTO `SkillSet` (`id`) VALUES ('1093');
INSERT INTO `SkillSet_skills` (`SkillSet_id`, `skills`) VALUES ('1093', 'Java');
INSERT INTO `SkillSet_skills` (`SkillSet_id`, `skills`) VALUES ('1093', 'Maven');
INSERT INTO `SkillSet_skills` (`SkillSet_id`, `skills`) VALUES ('1093', 'SQL');
INSERT INTO `SkillSet_skills` (`SkillSet_id`, `skills`) VALUES ('1093', 'Java');
INSERT INTO `Hero` (`id`, `firstName`, `lastName`, `role`, `skillSet_id`) VALUES ('1093', '89e6ec15-a237-4807-8a38-8821522739c3', '3f7ef6e4-0373-41bf-b33e-51879292bed4', 'LeadEngineer', '1093');
INSERT INTO `SkillSet` (`id`) VALUES ('1094');
INSERT INTO `SkillSet_skills` (`SkillSet_id`, `skills`) VALUES ('1094', 'Architektur');
INSERT INTO `SkillSet_skills` (`SkillSet_id`, `skills`) VALUES ('1094', 'UITesting');
INSERT INTO `SkillSet_skills` (`SkillSet_id`, `skills`) VALUES ('1094', 'SQL');
INSERT INTO `SkillSet_skills` (`SkillSet_id`, `skills`) VALUES ('1094', 'Architektur');
INSERT INTO `Hero` (`id`, `firstName`, `lastName`, `role`, `skillSet_id`) VALUES ('1094', '2b04455d-c479-478d-98ae-92065a110fd3', '952d11dc-539e-4ddf-902e-a7ba2d47f873', 'LeadEngineer', '1094');
INSERT INTO `SkillSet` (`id`) VALUES ('1095');
INSERT INTO `SkillSet_skills` (`SkillSet_id`, `skills`) VALUES ('1095', 'Java');
INSERT INTO `SkillSet_skills` (`SkillSet_id`, `skills`) VALUES ('1095', 'UITesting');
INSERT INTO `SkillSet_skills` (`SkillSet_id`, `skills`) VALUES ('1095', 'Maven');
INSERT INTO `Hero` (`id`, `firstName`, `lastName`, `role`, `skillSet_id`) VALUES ('1095', '9c563276-17ec-4b11-970b-03f7668796b0', 'ab3b8114-10b8-4799-bd93-5bb063899e28', 'LeadEngineer', '1095');
INSERT INTO `SkillSet` (`id`) VALUES ('1096');
INSERT INTO `SkillSet_skills` (`SkillSet_id`, `skills`) VALUES ('1096', 'UITesting');
INSERT INTO `SkillSet_skills` (`SkillSet_id`, `skills`) VALUES ('1096', 'Architektur');
INSERT INTO `SkillSet_skills` (`SkillSet_id`, `skills`) VALUES ('1096', 'Architektur');
INSERT INTO `Hero` (`id`, `firstName`, `lastName`, `role`, `skillSet_id`) VALUES ('1096', '8ca62deb-5987-4a62-a41a-a23b40740777', 'de530a44-9f44-4599-ab07-afe94184316c', 'SoftwareEngineer', '1096');
INSERT INTO `SkillSet` (`id`) VALUES ('1097');
INSERT INTO `SkillSet_skills` (`SkillSet_id`, `skills`) VALUES ('1097', 'Architektur');
INSERT INTO `SkillSet_skills` (`SkillSet_id`, `skills`) VALUES ('1097', 'Architektur');
INSERT INTO `Hero` (`id`, `firstName`, `lastName`, `role`, `skillSet_id`) VALUES ('1097', '2572f7cc-e669-4a70-a043-5e5f65c555c7', '43f16630-3dc8-40dc-b3d6-a69c0486ac59', 'JuniorSoftwareEngineer', '1097');
INSERT INTO `SkillSet` (`id`) VALUES ('1098');
INSERT INTO `SkillSet_skills` (`SkillSet_id`, `skills`) VALUES ('1098', 'Gradle');
INSERT INTO `SkillSet_skills` (`SkillSet_id`, `skills`) VALUES ('1098', 'UITesting');
INSERT INTO `SkillSet_skills` (`SkillSet_id`, `skills`) VALUES ('1098', 'Ant');
INSERT INTO `Hero` (`id`, `firstName`, `lastName`, `role`, `skillSet_id`) VALUES ('1098', '46a12b86-9212-42dd-94a3-457848f8af47', '1baac6fe-bcec-4d39-a178-5caad8cdc028', 'LeadSoftwareArchitect', '1098');
INSERT INTO `SkillSet` (`id`) VALUES ('1099');
INSERT INTO `SkillSet_skills` (`SkillSet_id`, `skills`) VALUES ('1099', 'Gradle');
INSERT INTO `SkillSet_skills` (`SkillSet_id`, `skills`) VALUES ('1099', 'Maven');
INSERT INTO `SkillSet_skills` (`SkillSet_id`, `skills`) VALUES ('1099', 'Gradle');
INSERT INTO `SkillSet_skills` (`SkillSet_id`, `skills`) VALUES ('1099', 'Architektur');
INSERT INTO `Hero` (`id`, `firstName`, `lastName`, `role`, `skillSet_id`) VALUES ('1099', '1379a879-28e4-4ebc-840e-31fb647a05be', 'bc1436e8-caf0-49da-9910-c228469e7f86', 'LeadEngineer', '1099');
INSERT INTO `SkillSet` (`id`) VALUES ('1100');
INSERT INTO `SkillSet_skills` (`SkillSet_id`, `skills`) VALUES ('1100', 'UITesting');
INSERT INTO `SkillSet_skills` (`SkillSet_id`, `skills`) VALUES ('1100', 'Java');
INSERT INTO `SkillSet_skills` (`SkillSet_id`, `skills`) VALUES ('1100', 'UITesting');
INSERT INTO `SkillSet_skills` (`SkillSet_id`, `skills`) VALUES ('1100', 'Ant');
INSERT INTO `SkillSet_skills` (`SkillSet_id`, `skills`) VALUES ('1100', 'dotNet');
INSERT INTO `Hero` (`id`, `firstName`, `lastName`, `role`, `skillSet_id`) VALUES ('1100', 'd2cc16a9-cea4-4cb6-9c72-682ffeb22602', '789ccda6-7fcb-4d92-942f-d4bf9ce14be6', 'LeadEngineer', '1100');
INSERT INTO `SkillSet` (`id`) VALUES ('1101');
INSERT INTO `SkillSet_skills` (`SkillSet_id`, `skills`) VALUES ('1101', 'UnitTesting');
INSERT INTO `SkillSet_skills` (`SkillSet_id`, `skills`) VALUES ('1101', 'Maven');
INSERT INTO `SkillSet_skills` (`SkillSet_id`, `skills`) VALUES ('1101', 'Gradle');
INSERT INTO `SkillSet_skills` (`SkillSet_id`, `skills`) VALUES ('1101', 'Gradle');
INSERT INTO `Hero` (`id`, `firstName`, `lastName`, `role`, `skillSet_id`) VALUES ('1101', '4c6f3834-0aa3-44d9-9eff-c3b514ec49c5', 'a7bb2163-28da-4a08-85a7-95dd539e99f1', 'JuniorSoftwareEngineer', '1101');
INSERT INTO `SkillSet` (`id`) VALUES ('1102');
INSERT INTO `SkillSet_skills` (`SkillSet_id`, `skills`) VALUES ('1102', 'SQL');
INSERT INTO `SkillSet_skills` (`SkillSet_id`, `skills`) VALUES ('1102', 'UITesting');
INSERT INTO `SkillSet_skills` (`SkillSet_id`, `skills`) VALUES ('1102', 'SQL');
INSERT INTO `SkillSet_skills` (`SkillSet_id`, `skills`) VALUES ('1102', 'Architektur');
INSERT INTO `Hero` (`id`, `firstName`, `lastName`, `role`, `skillSet_id`) VALUES ('1102', '9c417b79-a717-4796-aa07-9462bf6c5c55', '2f27ac53-f358-4761-935c-93006ccbe424', 'LeadEngineer', '1102');
INSERT INTO `SkillSet` (`id`) VALUES ('1103');
INSERT INTO `SkillSet_skills` (`SkillSet_id`, `skills`) VALUES ('1103', 'Maven');
INSERT INTO `SkillSet_skills` (`SkillSet_id`, `skills`) VALUES ('1103', 'Maven');
INSERT INTO `SkillSet_skills` (`SkillSet_id`, `skills`) VALUES ('1103', 'UnitTesting');
INSERT INTO `SkillSet_skills` (`SkillSet_id`, `skills`) VALUES ('1103', 'SQL');
INSERT INTO `Hero` (`id`, `firstName`, `lastName`, `role`, `skillSet_id`) VALUES ('1103', 'dcf7dfab-6899-4c2d-8008-5bad155705bf', 'e4592d18-64d3-4ecd-8158-11da670dfd4e', 'SoftwareEngineer', '1103');
INSERT INTO `SkillSet` (`id`) VALUES ('1104');
INSERT INTO `SkillSet_skills` (`SkillSet_id`, `skills`) VALUES ('1104', 'SQL');
INSERT INTO `SkillSet_skills` (`SkillSet_id`, `skills`) VALUES ('1104', 'UITesting');
INSERT INTO `SkillSet_skills` (`SkillSet_id`, `skills`) VALUES ('1104', 'Architektur');
INSERT INTO `SkillSet_skills` (`SkillSet_id`, `skills`) VALUES ('1104', 'Architektur');
INSERT INTO `Hero` (`id`, `firstName`, `lastName`, `role`, `skillSet_id`) VALUES ('1104', 'f436fda7-fdd0-4d31-a30c-d43284473bc2', 'ee518d2b-7822-4b9d-a160-7bb7d0565eb0', 'LeadEngineer', '1104');
INSERT INTO `SkillSet` (`id`) VALUES ('1105');
INSERT INTO `SkillSet_skills` (`SkillSet_id`, `skills`) VALUES ('1105', 'dotNet');
INSERT INTO `SkillSet_skills` (`SkillSet_id`, `skills`) VALUES ('1105', 'Architektur');
INSERT INTO `SkillSet_skills` (`SkillSet_id`, `skills`) VALUES ('1105', 'dotNet');
INSERT INTO `SkillSet_skills` (`SkillSet_id`, `skills`) VALUES ('1105', 'Architektur');
INSERT INTO `Hero` (`id`, `firstName`, `lastName`, `role`, `skillSet_id`) VALUES ('1105', '43576d8e-2c8f-4f35-aaba-3f8a138cf06a', '495a6317-7951-4ebc-b584-61546e76c8f8', 'SoftwareEngineer', '1105');
INSERT INTO `SkillSet` (`id`) VALUES ('1106');
INSERT INTO `SkillSet_skills` (`SkillSet_id`, `skills`) VALUES ('1106', 'Maven');
INSERT INTO `Hero` (`id`, `firstName`, `lastName`, `role`, `skillSet_id`) VALUES ('1106', '65455949-74eb-47cb-a47f-057497d9e49b', '4854434e-0f72-4ef8-82dd-626338cbbd4c', 'LeadSoftwareArchitect', '1106');
INSERT INTO `SkillSet` (`id`) VALUES ('1107');
INSERT INTO `SkillSet_skills` (`SkillSet_id`, `skills`) VALUES ('1107', 'Java');
INSERT INTO `SkillSet_skills` (`SkillSet_id`, `skills`) VALUES ('1107', 'Architektur');
INSERT INTO `SkillSet_skills` (`SkillSet_id`, `skills`) VALUES ('1107', 'Java');
INSERT INTO `Hero` (`id`, `firstName`, `lastName`, `role`, `skillSet_id`) VALUES ('1107', '6a6dafce-0b33-42fb-8c64-6be558c72201', 'cb4771a7-505c-46c9-a939-26065c5f9ffe', 'LeadEngineer', '1107');
INSERT INTO `SkillSet` (`id`) VALUES ('1108');
INSERT INTO `SkillSet_skills` (`SkillSet_id`, `skills`) VALUES ('1108', 'UnitTesting');
INSERT INTO `SkillSet_skills` (`SkillSet_id`, `skills`) VALUES ('1108', 'Java');
INSERT INTO `SkillSet_skills` (`SkillSet_id`, `skills`) VALUES ('1108', 'Architektur');
INSERT INTO `SkillSet_skills` (`SkillSet_id`, `skills`) VALUES ('1108', 'dotNet');
INSERT INTO `Hero` (`id`, `firstName`, `lastName`, `role`, `skillSet_id`) VALUES ('1108', 'f378364b-b231-4c6d-8bf8-eabd4063f9dc', 'c13fff48-4f36-46a9-adac-533b8d3be3d2', 'PrincipalConsultant', '1108');
INSERT INTO `SkillSet` (`id`) VALUES ('1109');
INSERT INTO `SkillSet_skills` (`SkillSet_id`, `skills`) VALUES ('1109', 'UITesting');
INSERT INTO `Hero` (`id`, `firstName`, `lastName`, `role`, `skillSet_id`) VALUES ('1109', '32bfff7a-cbbb-4110-ac72-8d0b886ab3ee', 'd6846861-2980-4cd6-95a0-37b05d3dafaa', 'SoftwareEngineer', '1109');
INSERT INTO `SkillSet` (`id`) VALUES ('1110');
INSERT INTO `SkillSet_skills` (`SkillSet_id`, `skills`) VALUES ('1110', 'UITesting');
INSERT INTO `SkillSet_skills` (`SkillSet_id`, `skills`) VALUES ('1110', 'Maven');
INSERT INTO `SkillSet_skills` (`SkillSet_id`, `skills`) VALUES ('1110', 'Architektur');
INSERT INTO `SkillSet_skills` (`SkillSet_id`, `skills`) VALUES ('1110', 'Architektur');
INSERT INTO `Hero` (`id`, `firstName`, `lastName`, `role`, `skillSet_id`) VALUES ('1110', 'c1f96ac1-86b5-4872-8a60-4bb59b7b0951', 'dcb41b75-9dec-439a-87b4-58d38df8409a', 'LeadSoftwareArchitect', '1110');
INSERT INTO `SkillSet` (`id`) VALUES ('1111');
INSERT INTO `SkillSet_skills` (`SkillSet_id`, `skills`) VALUES ('1111', 'Gradle');
INSERT INTO `SkillSet_skills` (`SkillSet_id`, `skills`) VALUES ('1111', 'Ant');
INSERT INTO `SkillSet_skills` (`SkillSet_id`, `skills`) VALUES ('1111', 'Gradle');
INSERT INTO `SkillSet_skills` (`SkillSet_id`, `skills`) VALUES ('1111', 'UITesting');
INSERT INTO `Hero` (`id`, `firstName`, `lastName`, `role`, `skillSet_id`) VALUES ('1111', '27050f7a-8a15-420c-b91b-ae9c3a2791d6', '709b7b1f-30d3-4fe5-b4b0-575587f18d3f', 'LeadEngineer', '1111');
INSERT INTO `SkillSet` (`id`) VALUES ('1112');
INSERT INTO `SkillSet_skills` (`SkillSet_id`, `skills`) VALUES ('1112', 'UITesting');
INSERT INTO `SkillSet_skills` (`SkillSet_id`, `skills`) VALUES ('1112', 'SQL');
INSERT INTO `Hero` (`id`, `firstName`, `lastName`, `role`, `skillSet_id`) VALUES ('1112', 'ad09ab49-84b4-441b-8334-4e94b1351a32', '7f8c9d03-df51-4a92-9761-b27a36baa79e', 'JuniorSoftwareEngineer', '1112');
INSERT INTO `SkillSet` (`id`) VALUES ('1113');
INSERT INTO `SkillSet_skills` (`SkillSet_id`, `skills`) VALUES ('1113', 'Architektur');
INSERT INTO `Hero` (`id`, `firstName`, `lastName`, `role`, `skillSet_id`) VALUES ('1113', '427bb73d-106a-4de5-bfdd-3e14ab702f9f', 'a95921a8-ad51-463c-b958-1a160e516650', 'SoftwareEngineer', '1113');
INSERT INTO `SkillSet` (`id`) VALUES ('1114');
INSERT INTO `SkillSet_skills` (`SkillSet_id`, `skills`) VALUES ('1114', 'Gradle');
INSERT INTO `SkillSet_skills` (`SkillSet_id`, `skills`) VALUES ('1114', 'Java');
INSERT INTO `SkillSet_skills` (`SkillSet_id`, `skills`) VALUES ('1114', 'Ant');
INSERT INTO `SkillSet_skills` (`SkillSet_id`, `skills`) VALUES ('1114', 'Ant');
INSERT INTO `Hero` (`id`, `firstName`, `lastName`, `role`, `skillSet_id`) VALUES ('1114', '1e3fc3ac-247a-48ef-9cf8-0fa220be72bb', 'f0a9c0b4-f97e-4ff8-99d0-ce0178abfc8b', 'JuniorSoftwareEngineer', '1114');
INSERT INTO `SkillSet` (`id`) VALUES ('1115');
INSERT INTO `SkillSet_skills` (`SkillSet_id`, `skills`) VALUES ('1115', 'SQL');
INSERT INTO `SkillSet_skills` (`SkillSet_id`, `skills`) VALUES ('1115', 'Architektur');
INSERT INTO `SkillSet_skills` (`SkillSet_id`, `skills`) VALUES ('1115', 'Gradle');
INSERT INTO `SkillSet_skills` (`SkillSet_id`, `skills`) VALUES ('1115', 'Maven');
INSERT INTO `SkillSet_skills` (`SkillSet_id`, `skills`) VALUES ('1115', 'Architektur');
INSERT INTO `Hero` (`id`, `firstName`, `lastName`, `role`, `skillSet_id`) VALUES ('1115', '71c2f725-e2fc-4b29-8a78-d0bef0844f95', '931926b2-fe29-47bb-9a9e-2b8bd16ea167', 'SoftwareEngineer', '1115');
INSERT INTO `SkillSet` (`id`) VALUES ('1116');
INSERT INTO `SkillSet_skills` (`SkillSet_id`, `skills`) VALUES ('1116', 'UnitTesting');
INSERT INTO `SkillSet_skills` (`SkillSet_id`, `skills`) VALUES ('1116', 'Ant');
INSERT INTO `SkillSet_skills` (`SkillSet_id`, `skills`) VALUES ('1116', 'SQL');
INSERT INTO `SkillSet_skills` (`SkillSet_id`, `skills`) VALUES ('1116', 'UnitTesting');
INSERT INTO `SkillSet_skills` (`SkillSet_id`, `skills`) VALUES ('1116', 'UITesting');
INSERT INTO `Hero` (`id`, `firstName`, `lastName`, `role`, `skillSet_id`) VALUES ('1116', 'ececd743-491d-4c29-a826-bf21c5cee1d7', 'ff91a4b2-89f3-42ae-b5e5-e81f1ed4f01a', 'PrincipalConsultant', '1116');
INSERT INTO `SkillSet` (`id`) VALUES ('1117');
INSERT INTO `SkillSet_skills` (`SkillSet_id`, `skills`) VALUES ('1117', 'dotNet');
INSERT INTO `SkillSet_skills` (`SkillSet_id`, `skills`) VALUES ('1117', 'UnitTesting');
INSERT INTO `SkillSet_skills` (`SkillSet_id`, `skills`) VALUES ('1117', 'Ant');
INSERT INTO `SkillSet_skills` (`SkillSet_id`, `skills`) VALUES ('1117', 'Architektur');
INSERT INTO `Hero` (`id`, `firstName`, `lastName`, `role`, `skillSet_id`) VALUES ('1117', 'f67e3651-c500-43e3-a878-9dd5d1038739', '61c1a810-dcbe-46f7-aa0d-1a32cb3c3681', 'SoftwareEngineer', '1117');
INSERT INTO `SkillSet` (`id`) VALUES ('1118');
INSERT INTO `SkillSet_skills` (`SkillSet_id`, `skills`) VALUES ('1118', 'SQL');
INSERT INTO `SkillSet_skills` (`SkillSet_id`, `skills`) VALUES ('1118', 'Ant');
INSERT INTO `SkillSet_skills` (`SkillSet_id`, `skills`) VALUES ('1118', 'dotNet');
INSERT INTO `Hero` (`id`, `firstName`, `lastName`, `role`, `skillSet_id`) VALUES ('1118', '31688aaf-be74-4440-b13d-5f617d244da6', '95a8ed9f-382a-4cb3-a5d2-b33dc3de6113', 'PrincipalConsultant', '1118');
INSERT INTO `SkillSet` (`id`) VALUES ('1119');
INSERT INTO `SkillSet_skills` (`SkillSet_id`, `skills`) VALUES ('1119', 'Gradle');
INSERT INTO `SkillSet_skills` (`SkillSet_id`, `skills`) VALUES ('1119', 'Gradle');
INSERT INTO `SkillSet_skills` (`SkillSet_id`, `skills`) VALUES ('1119', 'Architektur');
INSERT INTO `Hero` (`id`, `firstName`, `lastName`, `role`, `skillSet_id`) VALUES ('1119', '4c1e00be-b352-473b-a7e5-cc81a08450d0', 'd1673ad4-e936-4e1e-bcb4-e77c7532f275', 'LeadSoftwareArchitect', '1119');
INSERT INTO `SkillSet` (`id`) VALUES ('1120');
INSERT INTO `SkillSet_skills` (`SkillSet_id`, `skills`) VALUES ('1120', 'dotNet');
INSERT INTO `SkillSet_skills` (`SkillSet_id`, `skills`) VALUES ('1120', 'Maven');
INSERT INTO `SkillSet_skills` (`SkillSet_id`, `skills`) VALUES ('1120', 'dotNet');
INSERT INTO `SkillSet_skills` (`SkillSet_id`, `skills`) VALUES ('1120', 'UITesting');
INSERT INTO `Hero` (`id`, `firstName`, `lastName`, `role`, `skillSet_id`) VALUES ('1120', '7502f79f-7c06-4d75-be48-4a9ff973a58f', 'b12a4e38-2b5f-405f-9c58-2591ca6f7aa9', 'SeniorSoftwareEngineer', '1120');
INSERT INTO `SkillSet` (`id`) VALUES ('1121');
INSERT INTO `SkillSet_skills` (`SkillSet_id`, `skills`) VALUES ('1121', 'UnitTesting');
INSERT INTO `SkillSet_skills` (`SkillSet_id`, `skills`) VALUES ('1121', 'Ant');
INSERT INTO `SkillSet_skills` (`SkillSet_id`, `skills`) VALUES ('1121', 'Ant');
INSERT INTO `SkillSet_skills` (`SkillSet_id`, `skills`) VALUES ('1121', 'UITesting');
INSERT INTO `SkillSet_skills` (`SkillSet_id`, `skills`) VALUES ('1121', 'Ant');
INSERT INTO `Hero` (`id`, `firstName`, `lastName`, `role`, `skillSet_id`) VALUES ('1121', 'da3448b3-47a2-4cc0-b336-8dfbdde13b8b', 'ccb7f78a-2393-40a9-8177-31bafbf04707', 'JuniorSoftwareEngineer', '1121');
INSERT INTO `SkillSet` (`id`) VALUES ('1122');
INSERT INTO `SkillSet_skills` (`SkillSet_id`, `skills`) VALUES ('1122', 'Gradle');
INSERT INTO `Hero` (`id`, `firstName`, `lastName`, `role`, `skillSet_id`) VALUES ('1122', 'cd13c408-fa3e-4964-bd95-5ed79e4e002a', '5e3551fc-6820-4d98-9acf-f1b9892c85b2', 'LeadEngineer', '1122');
INSERT INTO `SkillSet` (`id`) VALUES ('1123');
INSERT INTO `SkillSet_skills` (`SkillSet_id`, `skills`) VALUES ('1123', 'Architektur');
INSERT INTO `SkillSet_skills` (`SkillSet_id`, `skills`) VALUES ('1123', 'dotNet');
INSERT INTO `SkillSet_skills` (`SkillSet_id`, `skills`) VALUES ('1123', 'Architektur');
INSERT INTO `Hero` (`id`, `firstName`, `lastName`, `role`, `skillSet_id`) VALUES ('1123', 'd7db95d2-1306-47af-9bc3-3c83ad126c51', '87f6ad51-bc2a-4fcf-8156-de37204a579b', 'PrincipalConsultant', '1123');
INSERT INTO `SkillSet` (`id`) VALUES ('1124');
INSERT INTO `SkillSet_skills` (`SkillSet_id`, `skills`) VALUES ('1124', 'Gradle');
INSERT INTO `SkillSet_skills` (`SkillSet_id`, `skills`) VALUES ('1124', 'Java');
INSERT INTO `SkillSet_skills` (`SkillSet_id`, `skills`) VALUES ('1124', 'Maven');
INSERT INTO `SkillSet_skills` (`SkillSet_id`, `skills`) VALUES ('1124', 'Architektur');
INSERT INTO `Hero` (`id`, `firstName`, `lastName`, `role`, `skillSet_id`) VALUES ('1124', '2d66eb9a-8835-4119-aef8-d69291978ddb', 'd67a81ec-51f9-457c-af35-ba4b51fe8f07', 'LeadEngineer', '1124');
INSERT INTO `SkillSet` (`id`) VALUES ('1125');
INSERT INTO `SkillSet_skills` (`SkillSet_id`, `skills`) VALUES ('1125', 'UITesting');
INSERT INTO `SkillSet_skills` (`SkillSet_id`, `skills`) VALUES ('1125', 'dotNet');
INSERT INTO `Hero` (`id`, `firstName`, `lastName`, `role`, `skillSet_id`) VALUES ('1125', '60f8dd27-fa5c-499a-887b-7d97ecf23c27', '14559dbf-bfaf-46f3-8d56-15498b62e3e8', 'LeadEngineer', '1125');
INSERT INTO `SkillSet` (`id`) VALUES ('1126');
INSERT INTO `SkillSet_skills` (`SkillSet_id`, `skills`) VALUES ('1126', 'Maven');
INSERT INTO `SkillSet_skills` (`SkillSet_id`, `skills`) VALUES ('1126', 'Gradle');
INSERT INTO `SkillSet_skills` (`SkillSet_id`, `skills`) VALUES ('1126', 'Gradle');
INSERT INTO `Hero` (`id`, `firstName`, `lastName`, `role`, `skillSet_id`) VALUES ('1126', 'dcd1e2f9-2fc9-4496-9f50-553829165beb', '6a59cc1b-a15d-4380-b9f8-2348e08c2fba', 'JuniorSoftwareEngineer', '1126');
INSERT INTO `SkillSet` (`id`) VALUES ('1127');
INSERT INTO `SkillSet_skills` (`SkillSet_id`, `skills`) VALUES ('1127', 'dotNet');
INSERT INTO `SkillSet_skills` (`SkillSet_id`, `skills`) VALUES ('1127', 'Gradle');
INSERT INTO `Hero` (`id`, `firstName`, `lastName`, `role`, `skillSet_id`) VALUES ('1127', '11a0cc50-ff7c-4b6c-876e-f3325fc11adb', 'b8c54e2b-c8bf-426a-a456-30943403315d', 'LeadEngineer', '1127');
INSERT INTO `SkillSet` (`id`) VALUES ('1128');
INSERT INTO `SkillSet_skills` (`SkillSet_id`, `skills`) VALUES ('1128', 'Ant');
INSERT INTO `SkillSet_skills` (`SkillSet_id`, `skills`) VALUES ('1128', 'Architektur');
INSERT INTO `Hero` (`id`, `firstName`, `lastName`, `role`, `skillSet_id`) VALUES ('1128', 'cc33a811-4e4c-49a2-9cad-a8bb0c3519ea', 'cf654779-f5ba-46b2-8477-76cf9b3a1e63', 'SeniorSoftwareEngineer', '1128');
INSERT INTO `SkillSet` (`id`) VALUES ('1129');
INSERT INTO `SkillSet_skills` (`SkillSet_id`, `skills`) VALUES ('1129', 'Gradle');
INSERT INTO `SkillSet_skills` (`SkillSet_id`, `skills`) VALUES ('1129', 'Maven');
INSERT INTO `SkillSet_skills` (`SkillSet_id`, `skills`) VALUES ('1129', 'UnitTesting');
INSERT INTO `SkillSet_skills` (`SkillSet_id`, `skills`) VALUES ('1129', 'Java');
INSERT INTO `SkillSet_skills` (`SkillSet_id`, `skills`) VALUES ('1129', 'dotNet');
INSERT INTO `Hero` (`id`, `firstName`, `lastName`, `role`, `skillSet_id`) VALUES ('1129', '4f56e9e2-1d39-4a83-a4b0-8fb3bb4fd7cf', '94cb453a-bca1-4cde-86f8-1bb0e4f7c796', 'PrincipalConsultant', '1129');
INSERT INTO `SkillSet` (`id`) VALUES ('1130');
INSERT INTO `SkillSet_skills` (`SkillSet_id`, `skills`) VALUES ('1130', 'dotNet');
INSERT INTO `SkillSet_skills` (`SkillSet_id`, `skills`) VALUES ('1130', 'SQL');
INSERT INTO `SkillSet_skills` (`SkillSet_id`, `skills`) VALUES ('1130', 'Gradle');
INSERT INTO `Hero` (`id`, `firstName`, `lastName`, `role`, `skillSet_id`) VALUES ('1130', 'f35952b1-749c-449c-9c7e-26b71f33f6a2', '8dbe2543-745b-42e2-a708-ffbbd63a1d53', 'JuniorSoftwareEngineer', '1130');
INSERT INTO `SkillSet` (`id`) VALUES ('1131');
INSERT INTO `SkillSet_skills` (`SkillSet_id`, `skills`) VALUES ('1131', 'Ant');
INSERT INTO `Hero` (`id`, `firstName`, `lastName`, `role`, `skillSet_id`) VALUES ('1131', 'be4493b2-d457-4829-86e6-2018a50803a5', '0bc4e4e6-c2a6-417c-94bd-078bb16defb0', 'SoftwareEngineer', '1131');
INSERT INTO `SkillSet` (`id`) VALUES ('1132');
INSERT INTO `SkillSet_skills` (`SkillSet_id`, `skills`) VALUES ('1132', 'Java');
INSERT INTO `SkillSet_skills` (`SkillSet_id`, `skills`) VALUES ('1132', 'UnitTesting');
INSERT INTO `SkillSet_skills` (`SkillSet_id`, `skills`) VALUES ('1132', 'Ant');
INSERT INTO `Hero` (`id`, `firstName`, `lastName`, `role`, `skillSet_id`) VALUES ('1132', 'f051edf8-1692-46db-89d9-25358a1950e9', '91d7f55b-cb07-449d-b232-d0cf6a0d36dc', 'LeadEngineer', '1132');
INSERT INTO `SkillSet` (`id`) VALUES ('1133');
INSERT INTO `SkillSet_skills` (`SkillSet_id`, `skills`) VALUES ('1133', 'Gradle');
INSERT INTO `SkillSet_skills` (`SkillSet_id`, `skills`) VALUES ('1133', 'Architektur');
INSERT INTO `SkillSet_skills` (`SkillSet_id`, `skills`) VALUES ('1133', 'SQL');
INSERT INTO `SkillSet_skills` (`SkillSet_id`, `skills`) VALUES ('1133', 'Maven');
INSERT INTO `Hero` (`id`, `firstName`, `lastName`, `role`, `skillSet_id`) VALUES ('1133', 'f858adb1-f3a8-4d2c-86cd-4f055d15eb68', 'f5795ebd-c68c-4041-8783-9e4c0f1edf19', 'JuniorSoftwareEngineer', '1133');
INSERT INTO `SkillSet` (`id`) VALUES ('1134');
INSERT INTO `SkillSet_skills` (`SkillSet_id`, `skills`) VALUES ('1134', 'Ant');
INSERT INTO `SkillSet_skills` (`SkillSet_id`, `skills`) VALUES ('1134', 'Ant');
INSERT INTO `SkillSet_skills` (`SkillSet_id`, `skills`) VALUES ('1134', 'SQL');
INSERT INTO `SkillSet_skills` (`SkillSet_id`, `skills`) VALUES ('1134', 'UITesting');
INSERT INTO `Hero` (`id`, `firstName`, `lastName`, `role`, `skillSet_id`) VALUES ('1134', '9d581fea-0066-4e2f-b0d2-004ead173778', '47f6e868-2344-4bb3-887d-32e14c9bcd8d', 'JuniorSoftwareEngineer', '1134');
INSERT INTO `SkillSet` (`id`) VALUES ('1135');
INSERT INTO `SkillSet_skills` (`SkillSet_id`, `skills`) VALUES ('1135', 'Architektur');
INSERT INTO `SkillSet_skills` (`SkillSet_id`, `skills`) VALUES ('1135', 'Gradle');
INSERT INTO `SkillSet_skills` (`SkillSet_id`, `skills`) VALUES ('1135', 'UITesting');
INSERT INTO `Hero` (`id`, `firstName`, `lastName`, `role`, `skillSet_id`) VALUES ('1135', 'd44eb969-5f5a-40d4-b648-43302b13c981', '8ddcde40-4bb2-43de-9754-cd25b20d0d03', 'SeniorSoftwareEngineer', '1135');
INSERT INTO `SkillSet` (`id`) VALUES ('1136');
INSERT INTO `SkillSet_skills` (`SkillSet_id`, `skills`) VALUES ('1136', 'Ant');
INSERT INTO `SkillSet_skills` (`SkillSet_id`, `skills`) VALUES ('1136', 'Maven');
INSERT INTO `SkillSet_skills` (`SkillSet_id`, `skills`) VALUES ('1136', 'Architektur');
INSERT INTO `SkillSet_skills` (`SkillSet_id`, `skills`) VALUES ('1136', 'UnitTesting');
INSERT INTO `SkillSet_skills` (`SkillSet_id`, `skills`) VALUES ('1136', 'UnitTesting');
INSERT INTO `Hero` (`id`, `firstName`, `lastName`, `role`, `skillSet_id`) VALUES ('1136', '76408d1a-cf5f-404d-a385-f21855981f29', '05fa7656-10b3-42ee-8999-a5961c89d96b', 'SeniorSoftwareEngineer', '1136');
INSERT INTO `SkillSet` (`id`) VALUES ('1137');
INSERT INTO `SkillSet_skills` (`SkillSet_id`, `skills`) VALUES ('1137', 'UnitTesting');
INSERT INTO `SkillSet_skills` (`SkillSet_id`, `skills`) VALUES ('1137', 'SQL');
INSERT INTO `SkillSet_skills` (`SkillSet_id`, `skills`) VALUES ('1137', 'Architektur');
INSERT INTO `SkillSet_skills` (`SkillSet_id`, `skills`) VALUES ('1137', 'UnitTesting');
INSERT INTO `SkillSet_skills` (`SkillSet_id`, `skills`) VALUES ('1137', 'Architektur');
INSERT INTO `Hero` (`id`, `firstName`, `lastName`, `role`, `skillSet_id`) VALUES ('1137', '49c8c86b-a85e-4d44-adac-eb66881c82dd', 'cd6cde72-209d-489f-9578-21d45495746c', 'SoftwareEngineer', '1137');
INSERT INTO `SkillSet` (`id`) VALUES ('1138');
INSERT INTO `SkillSet_skills` (`SkillSet_id`, `skills`) VALUES ('1138', 'Maven');
INSERT INTO `SkillSet_skills` (`SkillSet_id`, `skills`) VALUES ('1138', 'Maven');
INSERT INTO `SkillSet_skills` (`SkillSet_id`, `skills`) VALUES ('1138', 'Gradle');
INSERT INTO `Hero` (`id`, `firstName`, `lastName`, `role`, `skillSet_id`) VALUES ('1138', '3e36e90d-bed2-46db-8141-d007d9b85f65', '8cdb7d29-f596-4488-ac17-d42cf11323a0', 'JuniorSoftwareEngineer', '1138');
INSERT INTO `SkillSet` (`id`) VALUES ('1139');
INSERT INTO `SkillSet_skills` (`SkillSet_id`, `skills`) VALUES ('1139', 'Maven');
INSERT INTO `SkillSet_skills` (`SkillSet_id`, `skills`) VALUES ('1139', 'dotNet');
INSERT INTO `Hero` (`id`, `firstName`, `lastName`, `role`, `skillSet_id`) VALUES ('1139', 'e93711c1-14ea-454b-bf8c-7227d1eb8937', '3e718fb2-7e06-4895-ac1c-98a7fd3c931a', 'SeniorSoftwareEngineer', '1139');
INSERT INTO `SkillSet` (`id`) VALUES ('1140');
INSERT INTO `SkillSet_skills` (`SkillSet_id`, `skills`) VALUES ('1140', 'Maven');
INSERT INTO `Hero` (`id`, `firstName`, `lastName`, `role`, `skillSet_id`) VALUES ('1140', 'b34cb70a-2803-40c4-934b-e4e45d9295da', '10411e9b-f76b-4499-bf44-1c5a93ccdb23', 'LeadEngineer', '1140');
INSERT INTO `SkillSet` (`id`) VALUES ('1141');
INSERT INTO `SkillSet_skills` (`SkillSet_id`, `skills`) VALUES ('1141', 'Java');
INSERT INTO `SkillSet_skills` (`SkillSet_id`, `skills`) VALUES ('1141', 'Maven');
INSERT INTO `SkillSet_skills` (`SkillSet_id`, `skills`) VALUES ('1141', 'dotNet');
INSERT INTO `Hero` (`id`, `firstName`, `lastName`, `role`, `skillSet_id`) VALUES ('1141', '014ee94b-efa8-4951-9b5a-6e956ca5f7a4', '8d58b9c5-159c-45c4-96a7-aec52452f04d', 'LeadSoftwareArchitect', '1141');
INSERT INTO `SkillSet` (`id`) VALUES ('1142');
INSERT INTO `SkillSet_skills` (`SkillSet_id`, `skills`) VALUES ('1142', 'Ant');
INSERT INTO `SkillSet_skills` (`SkillSet_id`, `skills`) VALUES ('1142', 'Java');
INSERT INTO `Hero` (`id`, `firstName`, `lastName`, `role`, `skillSet_id`) VALUES ('1142', 'ba4ba589-38e0-4598-835c-8b1533767733', '91a38c67-046c-4aa7-8c78-d28c4b770237', 'JuniorSoftwareEngineer', '1142');
INSERT INTO `SkillSet` (`id`) VALUES ('1143');
INSERT INTO `SkillSet_skills` (`SkillSet_id`, `skills`) VALUES ('1143', 'SQL');
INSERT INTO `SkillSet_skills` (`SkillSet_id`, `skills`) VALUES ('1143', 'SQL');
INSERT INTO `SkillSet_skills` (`SkillSet_id`, `skills`) VALUES ('1143', 'UnitTesting');
INSERT INTO `SkillSet_skills` (`SkillSet_id`, `skills`) VALUES ('1143', 'SQL');
INSERT INTO `Hero` (`id`, `firstName`, `lastName`, `role`, `skillSet_id`) VALUES ('1143', '4b69ea75-9145-40e1-9a83-53e0bc53d392', '9ea9363e-4f35-4641-856a-372d1598c6b5', 'LeadSoftwareArchitect', '1143');
INSERT INTO `SkillSet` (`id`) VALUES ('1144');
INSERT INTO `SkillSet_skills` (`SkillSet_id`, `skills`) VALUES ('1144', 'Ant');
INSERT INTO `SkillSet_skills` (`SkillSet_id`, `skills`) VALUES ('1144', 'Architektur');
INSERT INTO `SkillSet_skills` (`SkillSet_id`, `skills`) VALUES ('1144', 'Java');
INSERT INTO `SkillSet_skills` (`SkillSet_id`, `skills`) VALUES ('1144', 'UnitTesting');
INSERT INTO `Hero` (`id`, `firstName`, `lastName`, `role`, `skillSet_id`) VALUES ('1144', '38eb7a0e-3549-4314-9feb-7cbba8f08fb0', 'a756422e-32b0-45a6-a513-b75f916117ec', 'LeadEngineer', '1144');
INSERT INTO `SkillSet` (`id`) VALUES ('1145');
INSERT INTO `SkillSet_skills` (`SkillSet_id`, `skills`) VALUES ('1145', 'dotNet');
INSERT INTO `SkillSet_skills` (`SkillSet_id`, `skills`) VALUES ('1145', 'Maven');
INSERT INTO `SkillSet_skills` (`SkillSet_id`, `skills`) VALUES ('1145', 'UITesting');
INSERT INTO `Hero` (`id`, `firstName`, `lastName`, `role`, `skillSet_id`) VALUES ('1145', '96de7d8e-cb75-4b72-afcb-393646082dc6', '7d0de8d6-8aea-4bc2-ac77-5de4274426c3', 'SoftwareEngineer', '1145');
INSERT INTO `SkillSet` (`id`) VALUES ('1146');
INSERT INTO `SkillSet_skills` (`SkillSet_id`, `skills`) VALUES ('1146', 'UnitTesting');
INSERT INTO `Hero` (`id`, `firstName`, `lastName`, `role`, `skillSet_id`) VALUES ('1146', '0132f9e2-5720-48d8-bae8-4939c24a0cad', 'd3f5eed9-cbff-4cbc-95f6-64be1c170edc', 'LeadSoftwareArchitect', '1146');
INSERT INTO `SkillSet` (`id`) VALUES ('1147');
INSERT INTO `SkillSet_skills` (`SkillSet_id`, `skills`) VALUES ('1147', 'Gradle');
INSERT INTO `SkillSet_skills` (`SkillSet_id`, `skills`) VALUES ('1147', 'Java');
INSERT INTO `SkillSet_skills` (`SkillSet_id`, `skills`) VALUES ('1147', 'Gradle');
INSERT INTO `SkillSet_skills` (`SkillSet_id`, `skills`) VALUES ('1147', 'UnitTesting');
INSERT INTO `SkillSet_skills` (`SkillSet_id`, `skills`) VALUES ('1147', 'SQL');
INSERT INTO `Hero` (`id`, `firstName`, `lastName`, `role`, `skillSet_id`) VALUES ('1147', 'dfcdb70e-aa94-4866-af46-ddbcf4c01688', '6c2a4962-1e8a-4ff3-b3e2-1b5de199cf5a', 'JuniorSoftwareEngineer', '1147');
INSERT INTO `SkillSet` (`id`) VALUES ('1148');
INSERT INTO `SkillSet_skills` (`SkillSet_id`, `skills`) VALUES ('1148', 'UnitTesting');
INSERT INTO `SkillSet_skills` (`SkillSet_id`, `skills`) VALUES ('1148', 'UITesting');
INSERT INTO `Hero` (`id`, `firstName`, `lastName`, `role`, `skillSet_id`) VALUES ('1148', '3ece83e0-eb70-45d3-a620-94301612640c', '17750585-087c-4548-b692-3aec296f314e', 'JuniorSoftwareEngineer', '1148');
INSERT INTO `SkillSet` (`id`) VALUES ('1149');
INSERT INTO `SkillSet_skills` (`SkillSet_id`, `skills`) VALUES ('1149', 'Java');
INSERT INTO `SkillSet_skills` (`SkillSet_id`, `skills`) VALUES ('1149', 'SQL');
INSERT INTO `Hero` (`id`, `firstName`, `lastName`, `role`, `skillSet_id`) VALUES ('1149', 'a27ff80a-4ae0-4a55-a6f9-127cf539f208', '7ef1488c-d846-4fa4-a790-0eb8a839b8ab', 'LeadEngineer', '1149');
INSERT INTO `SkillSet` (`id`) VALUES ('1150');
INSERT INTO `SkillSet_skills` (`SkillSet_id`, `skills`) VALUES ('1150', 'Java');
INSERT INTO `SkillSet_skills` (`SkillSet_id`, `skills`) VALUES ('1150', 'Architektur');
INSERT INTO `Hero` (`id`, `firstName`, `lastName`, `role`, `skillSet_id`) VALUES ('1150', 'b7cc18f2-4d03-4b67-ab78-2ee605a0858a', '51074313-69fd-4cf7-8e22-40e74c38a0cc', 'SeniorSoftwareEngineer', '1150');
INSERT INTO `SkillSet` (`id`) VALUES ('1151');
INSERT INTO `SkillSet_skills` (`SkillSet_id`, `skills`) VALUES ('1151', 'Ant');
INSERT INTO `SkillSet_skills` (`SkillSet_id`, `skills`) VALUES ('1151', 'UnitTesting');
INSERT INTO `SkillSet_skills` (`SkillSet_id`, `skills`) VALUES ('1151', 'Java');
INSERT INTO `Hero` (`id`, `firstName`, `lastName`, `role`, `skillSet_id`) VALUES ('1151', '9fc565c2-1859-4dd8-ac05-0c10272df68f', '6ff8403e-6c52-4ef5-92ca-9525984f9d3b', 'SoftwareEngineer', '1151');
INSERT INTO `SkillSet` (`id`) VALUES ('1152');
INSERT INTO `SkillSet_skills` (`SkillSet_id`, `skills`) VALUES ('1152', 'SQL');
INSERT INTO `SkillSet_skills` (`SkillSet_id`, `skills`) VALUES ('1152', 'UnitTesting');
INSERT INTO `SkillSet_skills` (`SkillSet_id`, `skills`) VALUES ('1152', 'dotNet');
INSERT INTO `SkillSet_skills` (`SkillSet_id`, `skills`) VALUES ('1152', 'Gradle');
INSERT INTO `SkillSet_skills` (`SkillSet_id`, `skills`) VALUES ('1152', 'dotNet');
INSERT INTO `Hero` (`id`, `firstName`, `lastName`, `role`, `skillSet_id`) VALUES ('1152', 'a96a8504-832c-4d68-a774-6eb5e389a74d', 'aa8f43e2-de53-4897-8f96-fa9ab056ede3', 'SoftwareEngineer', '1152');
INSERT INTO `SkillSet` (`id`) VALUES ('1153');
INSERT INTO `SkillSet_skills` (`SkillSet_id`, `skills`) VALUES ('1153', 'Architektur');
INSERT INTO `SkillSet_skills` (`SkillSet_id`, `skills`) VALUES ('1153', 'UnitTesting');
INSERT INTO `SkillSet_skills` (`SkillSet_id`, `skills`) VALUES ('1153', 'Java');
INSERT INTO `SkillSet_skills` (`SkillSet_id`, `skills`) VALUES ('1153', 'UITesting');
INSERT INTO `SkillSet_skills` (`SkillSet_id`, `skills`) VALUES ('1153', 'Ant');
INSERT INTO `Hero` (`id`, `firstName`, `lastName`, `role`, `skillSet_id`) VALUES ('1153', '00f59cb8-d49e-4028-8ed9-ef1fe46528d9', '9801e02d-f8f7-4449-ae8d-a1b60cb2490a', 'LeadSoftwareArchitect', '1153');
INSERT INTO `SkillSet` (`id`) VALUES ('1154');
INSERT INTO `SkillSet_skills` (`SkillSet_id`, `skills`) VALUES ('1154', 'UnitTesting');
INSERT INTO `SkillSet_skills` (`SkillSet_id`, `skills`) VALUES ('1154', 'UnitTesting');
INSERT INTO `Hero` (`id`, `firstName`, `lastName`, `role`, `skillSet_id`) VALUES ('1154', 'a784ec10-2c69-46ac-ba3d-27a5a6adb4db', 'c9d1689e-7f9b-42fc-b6f9-992343901a92', 'LeadSoftwareArchitect', '1154');
INSERT INTO `SkillSet` (`id`) VALUES ('1155');
INSERT INTO `SkillSet_skills` (`SkillSet_id`, `skills`) VALUES ('1155', 'UnitTesting');
INSERT INTO `SkillSet_skills` (`SkillSet_id`, `skills`) VALUES ('1155', 'UITesting');
INSERT INTO `Hero` (`id`, `firstName`, `lastName`, `role`, `skillSet_id`) VALUES ('1155', '8ed2f655-ddba-4cb0-9bf0-55a284bb460a', '9a46507c-32d6-4042-8ddc-bbbec30a0884', 'LeadEngineer', '1155');
INSERT INTO `SkillSet` (`id`) VALUES ('1156');
INSERT INTO `SkillSet_skills` (`SkillSet_id`, `skills`) VALUES ('1156', 'Architektur');
INSERT INTO `SkillSet_skills` (`SkillSet_id`, `skills`) VALUES ('1156', 'Java');
INSERT INTO `SkillSet_skills` (`SkillSet_id`, `skills`) VALUES ('1156', 'Java');
INSERT INTO `SkillSet_skills` (`SkillSet_id`, `skills`) VALUES ('1156', 'SQL');
INSERT INTO `SkillSet_skills` (`SkillSet_id`, `skills`) VALUES ('1156', 'Architektur');
INSERT INTO `Hero` (`id`, `firstName`, `lastName`, `role`, `skillSet_id`) VALUES ('1156', '3e6a58f1-9947-4cfe-afba-9ebd89eba0a3', '4e904280-e20d-443d-ba4d-fa67f102399e', 'JuniorSoftwareEngineer', '1156');
INSERT INTO `SkillSet` (`id`) VALUES ('1157');
INSERT INTO `SkillSet_skills` (`SkillSet_id`, `skills`) VALUES ('1157', 'UnitTesting');
INSERT INTO `Hero` (`id`, `firstName`, `lastName`, `role`, `skillSet_id`) VALUES ('1157', '86c0149f-df1f-42d9-b6b2-bbdc9dde7c88', '2d486408-2515-4496-8d7d-dd9f3df5a86c', 'LeadEngineer', '1157');
INSERT INTO `SkillSet` (`id`) VALUES ('1158');
INSERT INTO `SkillSet_skills` (`SkillSet_id`, `skills`) VALUES ('1158', 'UITesting');
INSERT INTO `SkillSet_skills` (`SkillSet_id`, `skills`) VALUES ('1158', 'UnitTesting');
INSERT INTO `SkillSet_skills` (`SkillSet_id`, `skills`) VALUES ('1158', 'Ant');
INSERT INTO `Hero` (`id`, `firstName`, `lastName`, `role`, `skillSet_id`) VALUES ('1158', '1544c64f-57ea-427a-be8a-fdadc8a670fd', '17d9abfa-38b7-482f-bdd8-213dfea55fc3', 'SoftwareEngineer', '1158');
INSERT INTO `SkillSet` (`id`) VALUES ('1159');
INSERT INTO `SkillSet_skills` (`SkillSet_id`, `skills`) VALUES ('1159', 'Ant');
INSERT INTO `Hero` (`id`, `firstName`, `lastName`, `role`, `skillSet_id`) VALUES ('1159', '737b4037-b474-49ca-94f8-1a4e1aba2fb4', 'a742d4ad-06b4-4e73-9bce-79e3d6bda080', 'SoftwareEngineer', '1159');
INSERT INTO `SkillSet` (`id`) VALUES ('1160');
INSERT INTO `SkillSet_skills` (`SkillSet_id`, `skills`) VALUES ('1160', 'UnitTesting');
INSERT INTO `SkillSet_skills` (`SkillSet_id`, `skills`) VALUES ('1160', 'UnitTesting');
INSERT INTO `SkillSet_skills` (`SkillSet_id`, `skills`) VALUES ('1160', 'UITesting');
INSERT INTO `SkillSet_skills` (`SkillSet_id`, `skills`) VALUES ('1160', 'Maven');
INSERT INTO `SkillSet_skills` (`SkillSet_id`, `skills`) VALUES ('1160', 'Architektur');
INSERT INTO `Hero` (`id`, `firstName`, `lastName`, `role`, `skillSet_id`) VALUES ('1160', '6daef4c2-ca9f-4bac-91f9-6877f306e567', '6ffa864a-fb04-4036-a318-0d202ba0ba5c', 'PrincipalConsultant', '1160');
INSERT INTO `SkillSet` (`id`) VALUES ('1161');
INSERT INTO `SkillSet_skills` (`SkillSet_id`, `skills`) VALUES ('1161', 'Gradle');
INSERT INTO `SkillSet_skills` (`SkillSet_id`, `skills`) VALUES ('1161', 'Maven');
INSERT INTO `SkillSet_skills` (`SkillSet_id`, `skills`) VALUES ('1161', 'Maven');
INSERT INTO `Hero` (`id`, `firstName`, `lastName`, `role`, `skillSet_id`) VALUES ('1161', 'a08e0ae8-3b27-48c5-a666-0a561b89875d', '3fd4fbd8-2cfa-48c8-8d44-a115e72ca1f4', 'SoftwareEngineer', '1161');
INSERT INTO `SkillSet` (`id`) VALUES ('1162');
INSERT INTO `SkillSet_skills` (`SkillSet_id`, `skills`) VALUES ('1162', 'UnitTesting');
INSERT INTO `SkillSet_skills` (`SkillSet_id`, `skills`) VALUES ('1162', 'Java');
INSERT INTO `SkillSet_skills` (`SkillSet_id`, `skills`) VALUES ('1162', 'Architektur');
INSERT INTO `SkillSet_skills` (`SkillSet_id`, `skills`) VALUES ('1162', 'dotNet');
INSERT INTO `Hero` (`id`, `firstName`, `lastName`, `role`, `skillSet_id`) VALUES ('1162', 'cf9d2f6f-29d3-49e9-afcd-4ef0b5e1ae98', '32c24d4c-39fd-405f-8fd5-5c5ad9bbfbdb', 'SeniorSoftwareEngineer', '1162');
INSERT INTO `SkillSet` (`id`) VALUES ('1163');
INSERT INTO `SkillSet_skills` (`SkillSet_id`, `skills`) VALUES ('1163', 'Ant');
INSERT INTO `Hero` (`id`, `firstName`, `lastName`, `role`, `skillSet_id`) VALUES ('1163', '20592ba0-f852-4559-be29-ecb58d9e6c04', '0f8929ca-4818-430b-a4a4-70c6be1f3379', 'LeadSoftwareArchitect', '1163');
INSERT INTO `SkillSet` (`id`) VALUES ('1164');
INSERT INTO `SkillSet_skills` (`SkillSet_id`, `skills`) VALUES ('1164', 'Java');
INSERT INTO `SkillSet_skills` (`SkillSet_id`, `skills`) VALUES ('1164', 'UITesting');
INSERT INTO `SkillSet_skills` (`SkillSet_id`, `skills`) VALUES ('1164', 'dotNet');
INSERT INTO `SkillSet_skills` (`SkillSet_id`, `skills`) VALUES ('1164', 'UITesting');
INSERT INTO `Hero` (`id`, `firstName`, `lastName`, `role`, `skillSet_id`) VALUES ('1164', '135adf07-4959-4c0d-b983-e073d2dcb737', '4c9a04cb-2f62-4689-a027-1202a419c830', 'JuniorSoftwareEngineer', '1164');
INSERT INTO `SkillSet` (`id`) VALUES ('1165');
INSERT INTO `SkillSet_skills` (`SkillSet_id`, `skills`) VALUES ('1165', 'UITesting');
INSERT INTO `Hero` (`id`, `firstName`, `lastName`, `role`, `skillSet_id`) VALUES ('1165', 'd559829f-ef34-419b-8c15-149a0e41aac3', '2fbe156e-37cb-4edc-9fe6-8a679c05bf30', 'PrincipalConsultant', '1165');
INSERT INTO `SkillSet` (`id`) VALUES ('1166');
INSERT INTO `SkillSet_skills` (`SkillSet_id`, `skills`) VALUES ('1166', 'Ant');
INSERT INTO `Hero` (`id`, `firstName`, `lastName`, `role`, `skillSet_id`) VALUES ('1166', '47cce8ca-159a-4d9c-a131-8cc94dc1ab0e', '801e8fe9-f764-4d7b-a6e3-1c6d1400fd28', 'PrincipalConsultant', '1166');
INSERT INTO `SkillSet` (`id`) VALUES ('1167');
INSERT INTO `SkillSet_skills` (`SkillSet_id`, `skills`) VALUES ('1167', 'UITesting');
INSERT INTO `SkillSet_skills` (`SkillSet_id`, `skills`) VALUES ('1167', 'Java');
INSERT INTO `Hero` (`id`, `firstName`, `lastName`, `role`, `skillSet_id`) VALUES ('1167', '857d0ace-9d15-4cbc-86d4-d6c28df2b280', '54e98159-ea59-4c9d-985c-680520b88956', 'PrincipalConsultant', '1167');
INSERT INTO `SkillSet` (`id`) VALUES ('1168');
INSERT INTO `SkillSet_skills` (`SkillSet_id`, `skills`) VALUES ('1168', 'Architektur');
INSERT INTO `SkillSet_skills` (`SkillSet_id`, `skills`) VALUES ('1168', 'SQL');
INSERT INTO `SkillSet_skills` (`SkillSet_id`, `skills`) VALUES ('1168', 'Java');
INSERT INTO `SkillSet_skills` (`SkillSet_id`, `skills`) VALUES ('1168', 'Maven');
INSERT INTO `Hero` (`id`, `firstName`, `lastName`, `role`, `skillSet_id`) VALUES ('1168', 'c579e700-6588-466c-a696-cb50953d38a3', '77ad3814-b176-417a-9269-da5ed5e15a3c', 'SoftwareEngineer', '1168');
INSERT INTO `SkillSet` (`id`) VALUES ('1169');
INSERT INTO `SkillSet_skills` (`SkillSet_id`, `skills`) VALUES ('1169', 'SQL');
INSERT INTO `SkillSet_skills` (`SkillSet_id`, `skills`) VALUES ('1169', 'Java');
INSERT INTO `SkillSet_skills` (`SkillSet_id`, `skills`) VALUES ('1169', 'Architektur');
INSERT INTO `SkillSet_skills` (`SkillSet_id`, `skills`) VALUES ('1169', 'SQL');
INSERT INTO `Hero` (`id`, `firstName`, `lastName`, `role`, `skillSet_id`) VALUES ('1169', '3c9baedc-5caa-40c9-ab2b-bc24d1845a29', 'cbcb3200-3133-4ac5-8f1e-b8c98faa84cb', 'PrincipalConsultant', '1169');
INSERT INTO `SkillSet` (`id`) VALUES ('1170');
INSERT INTO `SkillSet_skills` (`SkillSet_id`, `skills`) VALUES ('1170', 'SQL');
INSERT INTO `SkillSet_skills` (`SkillSet_id`, `skills`) VALUES ('1170', 'Gradle');
INSERT INTO `SkillSet_skills` (`SkillSet_id`, `skills`) VALUES ('1170', 'Ant');
INSERT INTO `Hero` (`id`, `firstName`, `lastName`, `role`, `skillSet_id`) VALUES ('1170', '6ce5c147-4c6b-4d93-8a25-0d371060fdef', 'f39a8346-cc1b-48a3-8523-7c63738e3e14', 'PrincipalConsultant', '1170');
INSERT INTO `SkillSet` (`id`) VALUES ('1171');
INSERT INTO `SkillSet_skills` (`SkillSet_id`, `skills`) VALUES ('1171', 'Java');
INSERT INTO `SkillSet_skills` (`SkillSet_id`, `skills`) VALUES ('1171', 'Java');
INSERT INTO `SkillSet_skills` (`SkillSet_id`, `skills`) VALUES ('1171', 'UITesting');
INSERT INTO `SkillSet_skills` (`SkillSet_id`, `skills`) VALUES ('1171', 'Java');
INSERT INTO `SkillSet_skills` (`SkillSet_id`, `skills`) VALUES ('1171', 'Java');
INSERT INTO `Hero` (`id`, `firstName`, `lastName`, `role`, `skillSet_id`) VALUES ('1171', '008dc9a4-50a9-40e3-9545-2b3decb0ba2a', 'e34640a6-ada1-4119-9386-5bfed2d274ca', 'SeniorSoftwareEngineer', '1171');
INSERT INTO `SkillSet` (`id`) VALUES ('1172');
INSERT INTO `SkillSet_skills` (`SkillSet_id`, `skills`) VALUES ('1172', 'dotNet');
INSERT INTO `SkillSet_skills` (`SkillSet_id`, `skills`) VALUES ('1172', 'SQL');
INSERT INTO `SkillSet_skills` (`SkillSet_id`, `skills`) VALUES ('1172', 'dotNet');
INSERT INTO `Hero` (`id`, `firstName`, `lastName`, `role`, `skillSet_id`) VALUES ('1172', '8cf85d71-27ad-4bda-8173-09de6e4bf033', '7ecab6d7-6946-4d24-a6da-ece42ebf6de4', 'JuniorSoftwareEngineer', '1172');
INSERT INTO `SkillSet` (`id`) VALUES ('1173');
INSERT INTO `SkillSet_skills` (`SkillSet_id`, `skills`) VALUES ('1173', 'SQL');
INSERT INTO `Hero` (`id`, `firstName`, `lastName`, `role`, `skillSet_id`) VALUES ('1173', '01f9ab34-9513-4693-a2ca-421b2e9b732e', '8dcdac04-290f-4a66-a000-93ea89f304a6', 'LeadSoftwareArchitect', '1173');
INSERT INTO `SkillSet` (`id`) VALUES ('1174');
INSERT INTO `SkillSet_skills` (`SkillSet_id`, `skills`) VALUES ('1174', 'dotNet');
INSERT INTO `Hero` (`id`, `firstName`, `lastName`, `role`, `skillSet_id`) VALUES ('1174', '586be796-5cc0-459d-80ee-b057fce97588', '8878aee7-0c93-4eb8-aafd-49e7579ded7c', 'PrincipalConsultant', '1174');
INSERT INTO `SkillSet` (`id`) VALUES ('1175');
INSERT INTO `SkillSet_skills` (`SkillSet_id`, `skills`) VALUES ('1175', 'SQL');
INSERT INTO `SkillSet_skills` (`SkillSet_id`, `skills`) VALUES ('1175', 'SQL');
INSERT INTO `SkillSet_skills` (`SkillSet_id`, `skills`) VALUES ('1175', 'UITesting');
INSERT INTO `Hero` (`id`, `firstName`, `lastName`, `role`, `skillSet_id`) VALUES ('1175', '21a90b20-d3f7-407a-97f1-cb5df83a2644', '79063ba1-5542-42bc-9740-d181231ea380', 'LeadSoftwareArchitect', '1175');
INSERT INTO `SkillSet` (`id`) VALUES ('1176');
INSERT INTO `SkillSet_skills` (`SkillSet_id`, `skills`) VALUES ('1176', 'UnitTesting');
INSERT INTO `SkillSet_skills` (`SkillSet_id`, `skills`) VALUES ('1176', 'SQL');
INSERT INTO `Hero` (`id`, `firstName`, `lastName`, `role`, `skillSet_id`) VALUES ('1176', '5f36398d-c9e7-40d7-81f7-b0d96579c31e', 'ff3b5e99-8430-405f-818d-ac76547b255a', 'LeadEngineer', '1176');
INSERT INTO `SkillSet` (`id`) VALUES ('1177');
INSERT INTO `SkillSet_skills` (`SkillSet_id`, `skills`) VALUES ('1177', 'Ant');
INSERT INTO `Hero` (`id`, `firstName`, `lastName`, `role`, `skillSet_id`) VALUES ('1177', '7d2a2f1e-173f-418c-a85d-0b85a0a0c85f', 'a19c4ca9-4e01-4c5e-ad0c-a4dc38a5eb39', 'SeniorSoftwareEngineer', '1177');
INSERT INTO `SkillSet` (`id`) VALUES ('1178');
INSERT INTO `SkillSet_skills` (`SkillSet_id`, `skills`) VALUES ('1178', 'SQL');
INSERT INTO `SkillSet_skills` (`SkillSet_id`, `skills`) VALUES ('1178', 'UITesting');
INSERT INTO `SkillSet_skills` (`SkillSet_id`, `skills`) VALUES ('1178', 'dotNet');
INSERT INTO `SkillSet_skills` (`SkillSet_id`, `skills`) VALUES ('1178', 'Java');
INSERT INTO `Hero` (`id`, `firstName`, `lastName`, `role`, `skillSet_id`) VALUES ('1178', 'a35661a7-5706-49ab-9842-1f7f92c81ed0', '7338bdd2-864b-44f3-aff1-5c5ef7f7887b', 'LeadEngineer', '1178');
INSERT INTO `SkillSet` (`id`) VALUES ('1179');
INSERT INTO `SkillSet_skills` (`SkillSet_id`, `skills`) VALUES ('1179', 'Ant');
INSERT INTO `Hero` (`id`, `firstName`, `lastName`, `role`, `skillSet_id`) VALUES ('1179', '35b73bd5-b052-4e73-94da-5a3122ef87b6', '0f672cb6-8e05-4909-b4c6-302a1aa18419', 'SeniorSoftwareEngineer', '1179');
INSERT INTO `SkillSet` (`id`) VALUES ('1180');
INSERT INTO `SkillSet_skills` (`SkillSet_id`, `skills`) VALUES ('1180', 'Ant');
INSERT INTO `SkillSet_skills` (`SkillSet_id`, `skills`) VALUES ('1180', 'dotNet');
INSERT INTO `SkillSet_skills` (`SkillSet_id`, `skills`) VALUES ('1180', 'dotNet');
INSERT INTO `Hero` (`id`, `firstName`, `lastName`, `role`, `skillSet_id`) VALUES ('1180', 'fffdfbf8-ca71-4c81-826c-faa9df73de20', 'fb8ff3b6-5e9d-4a7b-92ca-57c603fd0ff7', 'PrincipalConsultant', '1180');
INSERT INTO `SkillSet` (`id`) VALUES ('1181');
INSERT INTO `SkillSet_skills` (`SkillSet_id`, `skills`) VALUES ('1181', 'Maven');
INSERT INTO `SkillSet_skills` (`SkillSet_id`, `skills`) VALUES ('1181', 'UnitTesting');
INSERT INTO `Hero` (`id`, `firstName`, `lastName`, `role`, `skillSet_id`) VALUES ('1181', '3f366300-f733-4626-b8d7-5f75b897e4bb', '4f44049f-78b4-4d79-978b-6efbac3a368e', 'JuniorSoftwareEngineer', '1181');
INSERT INTO `SkillSet` (`id`) VALUES ('1182');
INSERT INTO `SkillSet_skills` (`SkillSet_id`, `skills`) VALUES ('1182', 'UITesting');
INSERT INTO `SkillSet_skills` (`SkillSet_id`, `skills`) VALUES ('1182', 'UnitTesting');
INSERT INTO `Hero` (`id`, `firstName`, `lastName`, `role`, `skillSet_id`) VALUES ('1182', '51e21d20-c273-4cdd-b763-6712bccc2930', '858ccc15-1e93-4b79-94e6-ac2e50f9deb0', 'SoftwareEngineer', '1182');
INSERT INTO `SkillSet` (`id`) VALUES ('1183');
INSERT INTO `SkillSet_skills` (`SkillSet_id`, `skills`) VALUES ('1183', 'UnitTesting');
INSERT INTO `SkillSet_skills` (`SkillSet_id`, `skills`) VALUES ('1183', 'UITesting');
INSERT INTO `SkillSet_skills` (`SkillSet_id`, `skills`) VALUES ('1183', 'Architektur');
INSERT INTO `SkillSet_skills` (`SkillSet_id`, `skills`) VALUES ('1183', 'Java');
INSERT INTO `SkillSet_skills` (`SkillSet_id`, `skills`) VALUES ('1183', 'UITesting');
INSERT INTO `Hero` (`id`, `firstName`, `lastName`, `role`, `skillSet_id`) VALUES ('1183', 'b0702cb4-601c-4cf7-961b-da3fe35f4c01', 'b597f9ae-46ca-47bf-ab9b-efebc5471bac', 'SoftwareEngineer', '1183');
INSERT INTO `SkillSet` (`id`) VALUES ('1184');
INSERT INTO `SkillSet_skills` (`SkillSet_id`, `skills`) VALUES ('1184', 'Architektur');
INSERT INTO `SkillSet_skills` (`SkillSet_id`, `skills`) VALUES ('1184', 'UnitTesting');
INSERT INTO `SkillSet_skills` (`SkillSet_id`, `skills`) VALUES ('1184', 'Gradle');
INSERT INTO `Hero` (`id`, `firstName`, `lastName`, `role`, `skillSet_id`) VALUES ('1184', 'c0b98384-1fc7-45e8-ac7e-1ab0f9983526', '6d01fe1b-e2a8-465c-bf46-14ca146bad2b', 'SeniorSoftwareEngineer', '1184');
INSERT INTO `SkillSet` (`id`) VALUES ('1185');
INSERT INTO `SkillSet_skills` (`SkillSet_id`, `skills`) VALUES ('1185', 'UnitTesting');
INSERT INTO `SkillSet_skills` (`SkillSet_id`, `skills`) VALUES ('1185', 'SQL');
INSERT INTO `SkillSet_skills` (`SkillSet_id`, `skills`) VALUES ('1185', 'Java');
INSERT INTO `SkillSet_skills` (`SkillSet_id`, `skills`) VALUES ('1185', 'Gradle');
INSERT INTO `Hero` (`id`, `firstName`, `lastName`, `role`, `skillSet_id`) VALUES ('1185', '832f8437-d3dd-4ad7-bf5c-ebcf8d4b47ff', '3a2b709e-684d-4e3d-8db1-8e13e9cba6ce', 'SeniorSoftwareEngineer', '1185');
INSERT INTO `SkillSet` (`id`) VALUES ('1186');
INSERT INTO `SkillSet_skills` (`SkillSet_id`, `skills`) VALUES ('1186', 'Ant');
INSERT INTO `SkillSet_skills` (`SkillSet_id`, `skills`) VALUES ('1186', 'UITesting');
INSERT INTO `SkillSet_skills` (`SkillSet_id`, `skills`) VALUES ('1186', 'UITesting');
INSERT INTO `SkillSet_skills` (`SkillSet_id`, `skills`) VALUES ('1186', 'UnitTesting');
INSERT INTO `SkillSet_skills` (`SkillSet_id`, `skills`) VALUES ('1186', 'dotNet');
INSERT INTO `Hero` (`id`, `firstName`, `lastName`, `role`, `skillSet_id`) VALUES ('1186', '72a241c9-eabc-4e4f-bc9f-43ec49d0fb16', '4a45c79a-0c2d-4d37-a9b2-df7e3d35121a', 'LeadEngineer', '1186');
INSERT INTO `SkillSet` (`id`) VALUES ('1187');
INSERT INTO `SkillSet_skills` (`SkillSet_id`, `skills`) VALUES ('1187', 'Architektur');
INSERT INTO `SkillSet_skills` (`SkillSet_id`, `skills`) VALUES ('1187', 'Maven');
INSERT INTO `SkillSet_skills` (`SkillSet_id`, `skills`) VALUES ('1187', 'Gradle');
INSERT INTO `Hero` (`id`, `firstName`, `lastName`, `role`, `skillSet_id`) VALUES ('1187', '5e3922bc-1a17-43db-8641-89ff3047c651', '5a547e4f-6172-4d22-8252-59a088e0cd98', 'JuniorSoftwareEngineer', '1187');
INSERT INTO `SkillSet` (`id`) VALUES ('1188');
INSERT INTO `SkillSet_skills` (`SkillSet_id`, `skills`) VALUES ('1188', 'UnitTesting');
INSERT INTO `SkillSet_skills` (`SkillSet_id`, `skills`) VALUES ('1188', 'UITesting');
INSERT INTO `SkillSet_skills` (`SkillSet_id`, `skills`) VALUES ('1188', 'Maven');
INSERT INTO `SkillSet_skills` (`SkillSet_id`, `skills`) VALUES ('1188', 'UnitTesting');
INSERT INTO `Hero` (`id`, `firstName`, `lastName`, `role`, `skillSet_id`) VALUES ('1188', '5f1397d8-2877-47cb-a2fd-ed45c4ed5386', 'cbea7882-f40a-4d85-b5b0-1d8336005b6b', 'PrincipalConsultant', '1188');
INSERT INTO `SkillSet` (`id`) VALUES ('1189');
INSERT INTO `SkillSet_skills` (`SkillSet_id`, `skills`) VALUES ('1189', 'Maven');
INSERT INTO `SkillSet_skills` (`SkillSet_id`, `skills`) VALUES ('1189', 'Architektur');
INSERT INTO `SkillSet_skills` (`SkillSet_id`, `skills`) VALUES ('1189', 'SQL');
INSERT INTO `Hero` (`id`, `firstName`, `lastName`, `role`, `skillSet_id`) VALUES ('1189', '4c09a6a0-2b8b-432a-a1c9-6b9f55bba12e', '3947ea90-3ea8-4b11-b626-4978a737a02d', 'PrincipalConsultant', '1189');
INSERT INTO `SkillSet` (`id`) VALUES ('1190');
INSERT INTO `SkillSet_skills` (`SkillSet_id`, `skills`) VALUES ('1190', 'Ant');
INSERT INTO `SkillSet_skills` (`SkillSet_id`, `skills`) VALUES ('1190', 'Ant');
INSERT INTO `SkillSet_skills` (`SkillSet_id`, `skills`) VALUES ('1190', 'Ant');
INSERT INTO `Hero` (`id`, `firstName`, `lastName`, `role`, `skillSet_id`) VALUES ('1190', '603f13ca-408e-45f1-8628-0e5378519682', '2a8c0969-5846-4d47-8c68-3841331918df', 'PrincipalConsultant', '1190');
INSERT INTO `SkillSet` (`id`) VALUES ('1191');
INSERT INTO `SkillSet_skills` (`SkillSet_id`, `skills`) VALUES ('1191', 'dotNet');
INSERT INTO `Hero` (`id`, `firstName`, `lastName`, `role`, `skillSet_id`) VALUES ('1191', '796d9778-14fb-4fef-ba32-2375ed48c278', '86f92468-9052-4f37-b05c-851c31a21a78', 'PrincipalConsultant', '1191');
INSERT INTO `SkillSet` (`id`) VALUES ('1192');
INSERT INTO `SkillSet_skills` (`SkillSet_id`, `skills`) VALUES ('1192', 'Ant');
INSERT INTO `SkillSet_skills` (`SkillSet_id`, `skills`) VALUES ('1192', 'Maven');
INSERT INTO `SkillSet_skills` (`SkillSet_id`, `skills`) VALUES ('1192', 'Ant');
INSERT INTO `SkillSet_skills` (`SkillSet_id`, `skills`) VALUES ('1192', 'UnitTesting');
INSERT INTO `SkillSet_skills` (`SkillSet_id`, `skills`) VALUES ('1192', 'Ant');
INSERT INTO `Hero` (`id`, `firstName`, `lastName`, `role`, `skillSet_id`) VALUES ('1192', '78bb8c40-ca15-407d-a5d1-a5f71363c0a9', '4f5a8f28-4bc2-44c6-8c34-ae193295ad18', 'JuniorSoftwareEngineer', '1192');
INSERT INTO `SkillSet` (`id`) VALUES ('1193');
INSERT INTO `SkillSet_skills` (`SkillSet_id`, `skills`) VALUES ('1193', 'Ant');
INSERT INTO `SkillSet_skills` (`SkillSet_id`, `skills`) VALUES ('1193', 'Architektur');
INSERT INTO `Hero` (`id`, `firstName`, `lastName`, `role`, `skillSet_id`) VALUES ('1193', '5eb8b618-30e8-4187-b1fc-52538dd55c68', '0f7e0b34-71b9-47b7-b8b3-2b513f0b143c', 'SoftwareEngineer', '1193');
INSERT INTO `SkillSet` (`id`) VALUES ('1194');
INSERT INTO `SkillSet_skills` (`SkillSet_id`, `skills`) VALUES ('1194', 'UnitTesting');
INSERT INTO `SkillSet_skills` (`SkillSet_id`, `skills`) VALUES ('1194', 'Ant');
INSERT INTO `Hero` (`id`, `firstName`, `lastName`, `role`, `skillSet_id`) VALUES ('1194', '5c667caf-c56b-475d-8b57-35e5b6330856', 'e4ddf123-991b-4630-b88d-36b19f0b05f3', 'JuniorSoftwareEngineer', '1194');
INSERT INTO `SkillSet` (`id`) VALUES ('1195');
INSERT INTO `SkillSet_skills` (`SkillSet_id`, `skills`) VALUES ('1195', 'dotNet');
INSERT INTO `SkillSet_skills` (`SkillSet_id`, `skills`) VALUES ('1195', 'Architektur');
INSERT INTO `SkillSet_skills` (`SkillSet_id`, `skills`) VALUES ('1195', 'SQL');
INSERT INTO `SkillSet_skills` (`SkillSet_id`, `skills`) VALUES ('1195', 'UITesting');
INSERT INTO `SkillSet_skills` (`SkillSet_id`, `skills`) VALUES ('1195', 'UITesting');
INSERT INTO `Hero` (`id`, `firstName`, `lastName`, `role`, `skillSet_id`) VALUES ('1195', 'cc96ac1b-a7ba-412c-bb7e-b1f2bcfdbe0c', '8b42ed14-61e2-4aec-87d4-6495340ad5e1', 'SeniorSoftwareEngineer', '1195');
INSERT INTO `SkillSet` (`id`) VALUES ('1196');
INSERT INTO `SkillSet_skills` (`SkillSet_id`, `skills`) VALUES ('1196', 'dotNet');
INSERT INTO `SkillSet_skills` (`SkillSet_id`, `skills`) VALUES ('1196', 'Architektur');
INSERT INTO `SkillSet_skills` (`SkillSet_id`, `skills`) VALUES ('1196', 'Ant');
INSERT INTO `SkillSet_skills` (`SkillSet_id`, `skills`) VALUES ('1196', 'Ant');
INSERT INTO `Hero` (`id`, `firstName`, `lastName`, `role`, `skillSet_id`) VALUES ('1196', '759ceca6-2ddb-47fc-a0d3-184b33e5e410', '574ec92f-c1d6-49bd-b548-94646c385322', 'PrincipalConsultant', '1196');
INSERT INTO `SkillSet` (`id`) VALUES ('1197');
INSERT INTO `SkillSet_skills` (`SkillSet_id`, `skills`) VALUES ('1197', 'Ant');
INSERT INTO `SkillSet_skills` (`SkillSet_id`, `skills`) VALUES ('1197', 'Ant');
INSERT INTO `SkillSet_skills` (`SkillSet_id`, `skills`) VALUES ('1197', 'Gradle');
INSERT INTO `Hero` (`id`, `firstName`, `lastName`, `role`, `skillSet_id`) VALUES ('1197', '21ed062b-4753-4eaf-bfa4-acfe4eb503ad', '72fbbad4-fe94-4eda-9262-1b990a81842f', 'SeniorSoftwareEngineer', '1197');
INSERT INTO `SkillSet` (`id`) VALUES ('1198');
INSERT INTO `SkillSet_skills` (`SkillSet_id`, `skills`) VALUES ('1198', 'Java');
INSERT INTO `SkillSet_skills` (`SkillSet_id`, `skills`) VALUES ('1198', 'dotNet');
INSERT INTO `SkillSet_skills` (`SkillSet_id`, `skills`) VALUES ('1198', 'UITesting');
INSERT INTO `SkillSet_skills` (`SkillSet_id`, `skills`) VALUES ('1198', 'Java');
INSERT INTO `Hero` (`id`, `firstName`, `lastName`, `role`, `skillSet_id`) VALUES ('1198', '29307fde-827d-493c-8f5f-09f830a0c5db', '5f94b9ee-255e-42d3-8053-ae6025640016', 'SoftwareEngineer', '1198');
INSERT INTO `SkillSet` (`id`) VALUES ('1199');
INSERT INTO `SkillSet_skills` (`SkillSet_id`, `skills`) VALUES ('1199', 'UnitTesting');
INSERT INTO `SkillSet_skills` (`SkillSet_id`, `skills`) VALUES ('1199', 'SQL');
INSERT INTO `SkillSet_skills` (`SkillSet_id`, `skills`) VALUES ('1199', 'Architektur');
INSERT INTO `SkillSet_skills` (`SkillSet_id`, `skills`) VALUES ('1199', 'Architektur');
INSERT INTO `Hero` (`id`, `firstName`, `lastName`, `role`, `skillSet_id`) VALUES ('1199', '87baeba0-940b-4bab-a144-648375ec52dd', 'a3662b68-5c2b-4388-967c-6478856ad1c7', 'JuniorSoftwareEngineer', '1199');
INSERT INTO `SkillSet` (`id`) VALUES ('1200');
INSERT INTO `SkillSet_skills` (`SkillSet_id`, `skills`) VALUES ('1200', 'Java');
INSERT INTO `SkillSet_skills` (`SkillSet_id`, `skills`) VALUES ('1200', 'SQL');
INSERT INTO `SkillSet_skills` (`SkillSet_id`, `skills`) VALUES ('1200', 'dotNet');
INSERT INTO `SkillSet_skills` (`SkillSet_id`, `skills`) VALUES ('1200', 'Ant');
INSERT INTO `SkillSet_skills` (`SkillSet_id`, `skills`) VALUES ('1200', 'dotNet');
INSERT INTO `Hero` (`id`, `firstName`, `lastName`, `role`, `skillSet_id`) VALUES ('1200', '43fb7fbf-a4dd-4da9-8e55-684e1cff03f0', 'f2cfefa3-6b43-48b4-96ea-6e78e9fc8eaf', 'SoftwareEngineer', '1200');
INSERT INTO `SkillSet` (`id`) VALUES ('1201');
INSERT INTO `SkillSet_skills` (`SkillSet_id`, `skills`) VALUES ('1201', 'UnitTesting');
INSERT INTO `Hero` (`id`, `firstName`, `lastName`, `role`, `skillSet_id`) VALUES ('1201', '87bd897a-c3b8-40b0-a340-0c11b9020793', '3bb024b0-c83b-4192-aace-4aa0687951e2', 'SeniorSoftwareEngineer', '1201');
INSERT INTO `SkillSet` (`id`) VALUES ('1202');
INSERT INTO `SkillSet_skills` (`SkillSet_id`, `skills`) VALUES ('1202', 'UITesting');
INSERT INTO `Hero` (`id`, `firstName`, `lastName`, `role`, `skillSet_id`) VALUES ('1202', '0ddd1289-6b8f-436f-a2c9-6809005915ea', '68916af7-d644-4d36-b0e5-faaca5d790ae', 'SeniorSoftwareEngineer', '1202');
INSERT INTO `SkillSet` (`id`) VALUES ('1203');
INSERT INTO `SkillSet_skills` (`SkillSet_id`, `skills`) VALUES ('1203', 'SQL');
INSERT INTO `Hero` (`id`, `firstName`, `lastName`, `role`, `skillSet_id`) VALUES ('1203', '6420f8d6-fb82-4b9b-86a2-6296670f5748', '3d74da3f-677b-49e1-a52f-fa3dc53c93f6', 'LeadSoftwareArchitect', '1203');
INSERT INTO `SkillSet` (`id`) VALUES ('1204');
INSERT INTO `SkillSet_skills` (`SkillSet_id`, `skills`) VALUES ('1204', 'UITesting');
INSERT INTO `SkillSet_skills` (`SkillSet_id`, `skills`) VALUES ('1204', 'UITesting');
INSERT INTO `SkillSet_skills` (`SkillSet_id`, `skills`) VALUES ('1204', 'Ant');
INSERT INTO `Hero` (`id`, `firstName`, `lastName`, `role`, `skillSet_id`) VALUES ('1204', 'b4cbb6b7-08da-41c3-b6a1-6ccfbc803c94', 'cc17f205-ecc7-4374-9c48-b2406f5ac6fa', 'JuniorSoftwareEngineer', '1204');
INSERT INTO `SkillSet` (`id`) VALUES ('1205');
INSERT INTO `SkillSet_skills` (`SkillSet_id`, `skills`) VALUES ('1205', 'Ant');
INSERT INTO `SkillSet_skills` (`SkillSet_id`, `skills`) VALUES ('1205', 'UITesting');
INSERT INTO `SkillSet_skills` (`SkillSet_id`, `skills`) VALUES ('1205', 'Maven');
INSERT INTO `Hero` (`id`, `firstName`, `lastName`, `role`, `skillSet_id`) VALUES ('1205', 'e2feb8a9-763c-42d3-8634-a8dbde9cccc0', '816460ad-4ab8-4d32-992e-33b46a6814ce', 'LeadEngineer', '1205');
INSERT INTO `SkillSet` (`id`) VALUES ('1206');
INSERT INTO `SkillSet_skills` (`SkillSet_id`, `skills`) VALUES ('1206', 'UnitTesting');
INSERT INTO `SkillSet_skills` (`SkillSet_id`, `skills`) VALUES ('1206', 'UITesting');
INSERT INTO `SkillSet_skills` (`SkillSet_id`, `skills`) VALUES ('1206', 'UnitTesting');
INSERT INTO `Hero` (`id`, `firstName`, `lastName`, `role`, `skillSet_id`) VALUES ('1206', '4f78d676-a9cd-41c1-88af-259ebe5ccc72', '760718f9-db8e-4bea-ac5e-7cfb5b49aefc', 'PrincipalConsultant', '1206');
INSERT INTO `SkillSet` (`id`) VALUES ('1207');
INSERT INTO `SkillSet_skills` (`SkillSet_id`, `skills`) VALUES ('1207', 'Java');
INSERT INTO `SkillSet_skills` (`SkillSet_id`, `skills`) VALUES ('1207', 'Ant');
INSERT INTO `SkillSet_skills` (`SkillSet_id`, `skills`) VALUES ('1207', 'UITesting');
INSERT INTO `Hero` (`id`, `firstName`, `lastName`, `role`, `skillSet_id`) VALUES ('1207', '4c77b500-2c06-4eea-9010-f940c9a34bbd', 'e458d734-0181-4d98-91a0-5338291d3d25', 'PrincipalConsultant', '1207');
INSERT INTO `SkillSet` (`id`) VALUES ('1208');
INSERT INTO `SkillSet_skills` (`SkillSet_id`, `skills`) VALUES ('1208', 'Maven');
INSERT INTO `SkillSet_skills` (`SkillSet_id`, `skills`) VALUES ('1208', 'Gradle');
INSERT INTO `SkillSet_skills` (`SkillSet_id`, `skills`) VALUES ('1208', 'Gradle');
INSERT INTO `SkillSet_skills` (`SkillSet_id`, `skills`) VALUES ('1208', 'UnitTesting');
INSERT INTO `SkillSet_skills` (`SkillSet_id`, `skills`) VALUES ('1208', 'Architektur');
INSERT INTO `Hero` (`id`, `firstName`, `lastName`, `role`, `skillSet_id`) VALUES ('1208', 'd893707f-c5bc-4a56-8508-ad5ffe10aab7', 'ba701702-0010-4de0-89a5-179344a30f6d', 'SeniorSoftwareEngineer', '1208');
INSERT INTO `SkillSet` (`id`) VALUES ('1209');
INSERT INTO `SkillSet_skills` (`SkillSet_id`, `skills`) VALUES ('1209', 'Maven');
INSERT INTO `SkillSet_skills` (`SkillSet_id`, `skills`) VALUES ('1209', 'Ant');
INSERT INTO `SkillSet_skills` (`SkillSet_id`, `skills`) VALUES ('1209', 'UnitTesting');
INSERT INTO `Hero` (`id`, `firstName`, `lastName`, `role`, `skillSet_id`) VALUES ('1209', '17a77457-ed77-4269-b468-e6f8356a5df7', '0e144475-dccd-44e5-a05c-c99f245d1c23', 'PrincipalConsultant', '1209');
INSERT INTO `SkillSet` (`id`) VALUES ('1210');
INSERT INTO `SkillSet_skills` (`SkillSet_id`, `skills`) VALUES ('1210', 'UnitTesting');
INSERT INTO `Hero` (`id`, `firstName`, `lastName`, `role`, `skillSet_id`) VALUES ('1210', '3d49870e-7e4f-4352-b9ce-84624860ab0e', '2494e1e4-a091-4def-a84f-1f8724c6bfe5', 'SeniorSoftwareEngineer', '1210');
INSERT INTO `SkillSet` (`id`) VALUES ('1211');
INSERT INTO `SkillSet_skills` (`SkillSet_id`, `skills`) VALUES ('1211', 'Ant');
INSERT INTO `SkillSet_skills` (`SkillSet_id`, `skills`) VALUES ('1211', 'Architektur');
INSERT INTO `SkillSet_skills` (`SkillSet_id`, `skills`) VALUES ('1211', 'dotNet');
INSERT INTO `SkillSet_skills` (`SkillSet_id`, `skills`) VALUES ('1211', 'Java');
INSERT INTO `SkillSet_skills` (`SkillSet_id`, `skills`) VALUES ('1211', 'SQL');
INSERT INTO `Hero` (`id`, `firstName`, `lastName`, `role`, `skillSet_id`) VALUES ('1211', 'f49f42d8-37b4-4298-a5e4-25733b8f5854', '9f87164d-020e-4a00-80a7-d70348524a7f', 'PrincipalConsultant', '1211');
INSERT INTO `SkillSet` (`id`) VALUES ('1212');
INSERT INTO `SkillSet_skills` (`SkillSet_id`, `skills`) VALUES ('1212', 'Gradle');
INSERT INTO `SkillSet_skills` (`SkillSet_id`, `skills`) VALUES ('1212', 'UnitTesting');
INSERT INTO `Hero` (`id`, `firstName`, `lastName`, `role`, `skillSet_id`) VALUES ('1212', '599db086-73c3-494a-9d7d-c9de1270c790', '316c21b5-84ee-4c5c-b9d8-f583088d5b6a', 'LeadEngineer', '1212');
INSERT INTO `SkillSet` (`id`) VALUES ('1213');
INSERT INTO `SkillSet_skills` (`SkillSet_id`, `skills`) VALUES ('1213', 'Ant');
INSERT INTO `SkillSet_skills` (`SkillSet_id`, `skills`) VALUES ('1213', 'Maven');
INSERT INTO `SkillSet_skills` (`SkillSet_id`, `skills`) VALUES ('1213', 'Architektur');
INSERT INTO `SkillSet_skills` (`SkillSet_id`, `skills`) VALUES ('1213', 'Gradle');
INSERT INTO `SkillSet_skills` (`SkillSet_id`, `skills`) VALUES ('1213', 'Java');
INSERT INTO `Hero` (`id`, `firstName`, `lastName`, `role`, `skillSet_id`) VALUES ('1213', '3f140e45-8de9-4649-9701-2b137f75e943', '3da50314-3733-49c3-841c-5df4c74ec6ba', 'SoftwareEngineer', '1213');
INSERT INTO `SkillSet` (`id`) VALUES ('1214');
INSERT INTO `SkillSet_skills` (`SkillSet_id`, `skills`) VALUES ('1214', 'SQL');
INSERT INTO `SkillSet_skills` (`SkillSet_id`, `skills`) VALUES ('1214', 'Java');
INSERT INTO `SkillSet_skills` (`SkillSet_id`, `skills`) VALUES ('1214', 'Java');
INSERT INTO `Hero` (`id`, `firstName`, `lastName`, `role`, `skillSet_id`) VALUES ('1214', '1dcd1a84-ddd6-4d8a-866b-03c77c5c088a', '95a03b62-43d1-4b33-97a6-dcf08a56bc44', 'LeadSoftwareArchitect', '1214');
INSERT INTO `SkillSet` (`id`) VALUES ('1215');
INSERT INTO `SkillSet_skills` (`SkillSet_id`, `skills`) VALUES ('1215', 'UnitTesting');
INSERT INTO `Hero` (`id`, `firstName`, `lastName`, `role`, `skillSet_id`) VALUES ('1215', 'eab84935-ea09-4b2c-bbd6-a994eb7ac5c3', '2578d49d-8056-4781-a1bf-49058d4f187a', 'LeadEngineer', '1215');
INSERT INTO `SkillSet` (`id`) VALUES ('1216');
INSERT INTO `SkillSet_skills` (`SkillSet_id`, `skills`) VALUES ('1216', 'Gradle');
INSERT INTO `SkillSet_skills` (`SkillSet_id`, `skills`) VALUES ('1216', 'UITesting');
INSERT INTO `Hero` (`id`, `firstName`, `lastName`, `role`, `skillSet_id`) VALUES ('1216', 'bd1870ac-e916-4db6-8839-0ea88c0ca0da', '9d607c78-1662-4320-8145-5c7dd7b6837f', 'SeniorSoftwareEngineer', '1216');
INSERT INTO `SkillSet` (`id`) VALUES ('1217');
INSERT INTO `SkillSet_skills` (`SkillSet_id`, `skills`) VALUES ('1217', 'Ant');
INSERT INTO `SkillSet_skills` (`SkillSet_id`, `skills`) VALUES ('1217', 'SQL');
INSERT INTO `SkillSet_skills` (`SkillSet_id`, `skills`) VALUES ('1217', 'Maven');
INSERT INTO `SkillSet_skills` (`SkillSet_id`, `skills`) VALUES ('1217', 'UnitTesting');
INSERT INTO `SkillSet_skills` (`SkillSet_id`, `skills`) VALUES ('1217', 'Java');
INSERT INTO `Hero` (`id`, `firstName`, `lastName`, `role`, `skillSet_id`) VALUES ('1217', '35554b6e-cb81-4f8c-9c24-7e57d33620f3', '702cf028-61dc-4a83-ac28-7bd32ccb59c8', 'LeadEngineer', '1217');
INSERT INTO `SkillSet` (`id`) VALUES ('1218');
INSERT INTO `SkillSet_skills` (`SkillSet_id`, `skills`) VALUES ('1218', 'Java');
INSERT INTO `SkillSet_skills` (`SkillSet_id`, `skills`) VALUES ('1218', 'UnitTesting');
INSERT INTO `SkillSet_skills` (`SkillSet_id`, `skills`) VALUES ('1218', 'UITesting');
INSERT INTO `SkillSet_skills` (`SkillSet_id`, `skills`) VALUES ('1218', 'Maven');
INSERT INTO `SkillSet_skills` (`SkillSet_id`, `skills`) VALUES ('1218', 'Java');
INSERT INTO `Hero` (`id`, `firstName`, `lastName`, `role`, `skillSet_id`) VALUES ('1218', '1846cd8a-6042-4c8c-b000-4cccfb470d5b', '89633ab2-e06a-4858-81be-235d62bdf5e9', 'SeniorSoftwareEngineer', '1218');
INSERT INTO `SkillSet` (`id`) VALUES ('1219');
INSERT INTO `SkillSet_skills` (`SkillSet_id`, `skills`) VALUES ('1219', 'Java');
INSERT INTO `Hero` (`id`, `firstName`, `lastName`, `role`, `skillSet_id`) VALUES ('1219', '09568ac1-b8bb-45f8-a124-de464ea68f4b', '9786c516-8eb1-49d2-83d1-ec03e3a94f3d', 'SoftwareEngineer', '1219');
INSERT INTO `SkillSet` (`id`) VALUES ('1220');
INSERT INTO `SkillSet_skills` (`SkillSet_id`, `skills`) VALUES ('1220', 'Gradle');
INSERT INTO `Hero` (`id`, `firstName`, `lastName`, `role`, `skillSet_id`) VALUES ('1220', 'cad0fea9-c23f-42de-b799-01606eb6c260', '79d534e4-aa5f-49f1-917f-6174ed92db4b', 'SoftwareEngineer', '1220');
INSERT INTO `SkillSet` (`id`) VALUES ('1221');
INSERT INTO `SkillSet_skills` (`SkillSet_id`, `skills`) VALUES ('1221', 'UITesting');
INSERT INTO `SkillSet_skills` (`SkillSet_id`, `skills`) VALUES ('1221', 'Architektur');
INSERT INTO `SkillSet_skills` (`SkillSet_id`, `skills`) VALUES ('1221', 'dotNet');
INSERT INTO `Hero` (`id`, `firstName`, `lastName`, `role`, `skillSet_id`) VALUES ('1221', '3c559c1c-b5c3-4c5e-94e2-6acc39780a66', 'c7ba25dc-a1e6-48a7-b70a-4ecde00740e5', 'JuniorSoftwareEngineer', '1221');
INSERT INTO `SkillSet` (`id`) VALUES ('1222');
INSERT INTO `SkillSet_skills` (`SkillSet_id`, `skills`) VALUES ('1222', 'Maven');
INSERT INTO `SkillSet_skills` (`SkillSet_id`, `skills`) VALUES ('1222', 'Gradle');
INSERT INTO `SkillSet_skills` (`SkillSet_id`, `skills`) VALUES ('1222', 'Gradle');
INSERT INTO `SkillSet_skills` (`SkillSet_id`, `skills`) VALUES ('1222', 'UITesting');
INSERT INTO `SkillSet_skills` (`SkillSet_id`, `skills`) VALUES ('1222', 'Java');
INSERT INTO `Hero` (`id`, `firstName`, `lastName`, `role`, `skillSet_id`) VALUES ('1222', '8d7c5a00-5d15-4310-98c6-44703a7b8d55', 'd2ddd820-8d71-40ab-b79f-7ddc3c0600ab', 'PrincipalConsultant', '1222');
INSERT INTO `SkillSet` (`id`) VALUES ('1223');
INSERT INTO `SkillSet_skills` (`SkillSet_id`, `skills`) VALUES ('1223', 'Gradle');
INSERT INTO `SkillSet_skills` (`SkillSet_id`, `skills`) VALUES ('1223', 'UITesting');
INSERT INTO `SkillSet_skills` (`SkillSet_id`, `skills`) VALUES ('1223', 'UnitTesting');
INSERT INTO `SkillSet_skills` (`SkillSet_id`, `skills`) VALUES ('1223', 'Gradle');
INSERT INTO `SkillSet_skills` (`SkillSet_id`, `skills`) VALUES ('1223', 'SQL');
INSERT INTO `Hero` (`id`, `firstName`, `lastName`, `role`, `skillSet_id`) VALUES ('1223', 'c64c56a4-ae91-479f-8c45-23e665d6442c', '22871018-4980-4452-83b4-f01a4e8fe272', 'SeniorSoftwareEngineer', '1223');
INSERT INTO `SkillSet` (`id`) VALUES ('1224');
INSERT INTO `SkillSet_skills` (`SkillSet_id`, `skills`) VALUES ('1224', 'UnitTesting');
INSERT INTO `SkillSet_skills` (`SkillSet_id`, `skills`) VALUES ('1224', 'Ant');
INSERT INTO `SkillSet_skills` (`SkillSet_id`, `skills`) VALUES ('1224', 'Architektur');
INSERT INTO `SkillSet_skills` (`SkillSet_id`, `skills`) VALUES ('1224', 'dotNet');
INSERT INTO `SkillSet_skills` (`SkillSet_id`, `skills`) VALUES ('1224', 'UITesting');
INSERT INTO `Hero` (`id`, `firstName`, `lastName`, `role`, `skillSet_id`) VALUES ('1224', '87d0d94d-f36b-49dd-a3a0-0bfc813ad578', '62f4a6e5-67f7-48a5-b5d0-5ad3445a67e3', 'PrincipalConsultant', '1224');
INSERT INTO `SkillSet` (`id`) VALUES ('1225');
INSERT INTO `SkillSet_skills` (`SkillSet_id`, `skills`) VALUES ('1225', 'SQL');
INSERT INTO `SkillSet_skills` (`SkillSet_id`, `skills`) VALUES ('1225', 'Maven');
INSERT INTO `SkillSet_skills` (`SkillSet_id`, `skills`) VALUES ('1225', 'UnitTesting');
INSERT INTO `Hero` (`id`, `firstName`, `lastName`, `role`, `skillSet_id`) VALUES ('1225', 'ef416817-caec-4391-9e88-b2d8f72b54e6', 'ee681fe6-8fae-4192-b6f0-51cb19a3f0b4', 'SoftwareEngineer', '1225');
INSERT INTO `SkillSet` (`id`) VALUES ('1226');
INSERT INTO `SkillSet_skills` (`SkillSet_id`, `skills`) VALUES ('1226', 'Architektur');
INSERT INTO `SkillSet_skills` (`SkillSet_id`, `skills`) VALUES ('1226', 'Architektur');
INSERT INTO `SkillSet_skills` (`SkillSet_id`, `skills`) VALUES ('1226', 'UnitTesting');
INSERT INTO `Hero` (`id`, `firstName`, `lastName`, `role`, `skillSet_id`) VALUES ('1226', '75a7a96e-d9bb-495c-a8cc-f212fdc0e452', 'df9ffce5-e7e0-4b62-8cc0-276d5c1d3e99', 'LeadEngineer', '1226');
INSERT INTO `SkillSet` (`id`) VALUES ('1227');
INSERT INTO `SkillSet_skills` (`SkillSet_id`, `skills`) VALUES ('1227', 'Gradle');
INSERT INTO `SkillSet_skills` (`SkillSet_id`, `skills`) VALUES ('1227', 'Ant');
INSERT INTO `Hero` (`id`, `firstName`, `lastName`, `role`, `skillSet_id`) VALUES ('1227', 'b0ff9a3f-dffb-49d7-a8f5-c09cfdc7df8d', '8955fa90-002d-42e4-bdf3-4e35db901470', 'SoftwareEngineer', '1227');
INSERT INTO `SkillSet` (`id`) VALUES ('1228');
INSERT INTO `SkillSet_skills` (`SkillSet_id`, `skills`) VALUES ('1228', 'UnitTesting');
INSERT INTO `Hero` (`id`, `firstName`, `lastName`, `role`, `skillSet_id`) VALUES ('1228', '6ec13351-3115-4cbc-9449-d7cae5b0777c', '3da703af-014b-433e-a497-c2a3ee0e680a', 'LeadSoftwareArchitect', '1228');
INSERT INTO `SkillSet` (`id`) VALUES ('1229');
INSERT INTO `SkillSet_skills` (`SkillSet_id`, `skills`) VALUES ('1229', 'Java');
INSERT INTO `SkillSet_skills` (`SkillSet_id`, `skills`) VALUES ('1229', 'Java');
INSERT INTO `SkillSet_skills` (`SkillSet_id`, `skills`) VALUES ('1229', 'SQL');
INSERT INTO `Hero` (`id`, `firstName`, `lastName`, `role`, `skillSet_id`) VALUES ('1229', 'c2077409-897a-4280-a49a-f94a428cf37d', 'ccc57fad-33a3-44df-9fcd-da4253f3b5e0', 'LeadEngineer', '1229');
INSERT INTO `SkillSet` (`id`) VALUES ('1230');
INSERT INTO `SkillSet_skills` (`SkillSet_id`, `skills`) VALUES ('1230', 'Java');
INSERT INTO `SkillSet_skills` (`SkillSet_id`, `skills`) VALUES ('1230', 'Maven');
INSERT INTO `SkillSet_skills` (`SkillSet_id`, `skills`) VALUES ('1230', 'Java');
INSERT INTO `SkillSet_skills` (`SkillSet_id`, `skills`) VALUES ('1230', 'Architektur');
INSERT INTO `SkillSet_skills` (`SkillSet_id`, `skills`) VALUES ('1230', 'Ant');
INSERT INTO `Hero` (`id`, `firstName`, `lastName`, `role`, `skillSet_id`) VALUES ('1230', '109b0014-5161-4408-b294-74ef2983a495', 'aea67fa2-8495-411e-bf94-08287e80bc1f', 'JuniorSoftwareEngineer', '1230');
INSERT INTO `SkillSet` (`id`) VALUES ('1231');
INSERT INTO `SkillSet_skills` (`SkillSet_id`, `skills`) VALUES ('1231', 'dotNet');
INSERT INTO `SkillSet_skills` (`SkillSet_id`, `skills`) VALUES ('1231', 'Ant');
INSERT INTO `Hero` (`id`, `firstName`, `lastName`, `role`, `skillSet_id`) VALUES ('1231', 'e9821b7d-173a-42af-9960-af0dcb9213b5', '178360f0-0a75-4de0-b0b2-e8cd2e5db9a4', 'SeniorSoftwareEngineer', '1231');
INSERT INTO `SkillSet` (`id`) VALUES ('1232');
INSERT INTO `SkillSet_skills` (`SkillSet_id`, `skills`) VALUES ('1232', 'UITesting');
INSERT INTO `SkillSet_skills` (`SkillSet_id`, `skills`) VALUES ('1232', 'SQL');
INSERT INTO `SkillSet_skills` (`SkillSet_id`, `skills`) VALUES ('1232', 'dotNet');
INSERT INTO `SkillSet_skills` (`SkillSet_id`, `skills`) VALUES ('1232', 'Architektur');
INSERT INTO `Hero` (`id`, `firstName`, `lastName`, `role`, `skillSet_id`) VALUES ('1232', '5d512053-1619-4bb8-97d9-c653551ea79a', 'ac609049-5557-4582-be82-1c25037ba599', 'JuniorSoftwareEngineer', '1232');
INSERT INTO `SkillSet` (`id`) VALUES ('1233');
INSERT INTO `SkillSet_skills` (`SkillSet_id`, `skills`) VALUES ('1233', 'SQL');
INSERT INTO `SkillSet_skills` (`SkillSet_id`, `skills`) VALUES ('1233', 'UnitTesting');
INSERT INTO `SkillSet_skills` (`SkillSet_id`, `skills`) VALUES ('1233', 'dotNet');
INSERT INTO `Hero` (`id`, `firstName`, `lastName`, `role`, `skillSet_id`) VALUES ('1233', 'ab78a152-3f4c-4cc3-bcb9-06346fb79a51', 'cb6eea61-8419-42d9-a6d3-4998f55f7c2f', 'SoftwareEngineer', '1233');
INSERT INTO `SkillSet` (`id`) VALUES ('1234');
INSERT INTO `SkillSet_skills` (`SkillSet_id`, `skills`) VALUES ('1234', 'UnitTesting');
INSERT INTO `SkillSet_skills` (`SkillSet_id`, `skills`) VALUES ('1234', 'UITesting');
INSERT INTO `SkillSet_skills` (`SkillSet_id`, `skills`) VALUES ('1234', 'Gradle');
INSERT INTO `Hero` (`id`, `firstName`, `lastName`, `role`, `skillSet_id`) VALUES ('1234', '462aee2d-fecf-4918-b019-54b11df6581f', '28759f2e-0651-4bf0-a7ef-c1b244e99eca', 'JuniorSoftwareEngineer', '1234');
INSERT INTO `SkillSet` (`id`) VALUES ('1235');
INSERT INTO `SkillSet_skills` (`SkillSet_id`, `skills`) VALUES ('1235', 'Ant');
INSERT INTO `Hero` (`id`, `firstName`, `lastName`, `role`, `skillSet_id`) VALUES ('1235', '315d9470-05d6-45b9-9354-2546aba39609', 'f7dcadd9-8d78-458b-94bd-96820675f03a', 'JuniorSoftwareEngineer', '1235');
INSERT INTO `SkillSet` (`id`) VALUES ('1236');
INSERT INTO `SkillSet_skills` (`SkillSet_id`, `skills`) VALUES ('1236', 'SQL');
INSERT INTO `SkillSet_skills` (`SkillSet_id`, `skills`) VALUES ('1236', 'UnitTesting');
INSERT INTO `SkillSet_skills` (`SkillSet_id`, `skills`) VALUES ('1236', 'dotNet');
INSERT INTO `SkillSet_skills` (`SkillSet_id`, `skills`) VALUES ('1236', 'Architektur');
INSERT INTO `Hero` (`id`, `firstName`, `lastName`, `role`, `skillSet_id`) VALUES ('1236', '861ed7f6-05a3-492d-95e8-9949d7a344b1', 'cc57822f-b73e-4bdc-aa70-299073066b58', 'PrincipalConsultant', '1236');
INSERT INTO `SkillSet` (`id`) VALUES ('1237');
INSERT INTO `SkillSet_skills` (`SkillSet_id`, `skills`) VALUES ('1237', 'SQL');
INSERT INTO `SkillSet_skills` (`SkillSet_id`, `skills`) VALUES ('1237', 'Ant');
INSERT INTO `SkillSet_skills` (`SkillSet_id`, `skills`) VALUES ('1237', 'Maven');
INSERT INTO `Hero` (`id`, `firstName`, `lastName`, `role`, `skillSet_id`) VALUES ('1237', '5208d51e-d932-4728-9789-f0fc7f429e2b', 'a7e811dd-e5ee-467f-b90a-eacc4be12224', 'SeniorSoftwareEngineer', '1237');
INSERT INTO `SkillSet` (`id`) VALUES ('1238');
INSERT INTO `SkillSet_skills` (`SkillSet_id`, `skills`) VALUES ('1238', 'Ant');
INSERT INTO `Hero` (`id`, `firstName`, `lastName`, `role`, `skillSet_id`) VALUES ('1238', '79fc5066-3463-4327-805c-d73159aade7c', 'd9bcd637-4909-45ac-8942-aa4cba315445', 'LeadEngineer', '1238');
INSERT INTO `SkillSet` (`id`) VALUES ('1239');
INSERT INTO `SkillSet_skills` (`SkillSet_id`, `skills`) VALUES ('1239', 'UITesting');
INSERT INTO `SkillSet_skills` (`SkillSet_id`, `skills`) VALUES ('1239', 'SQL');
INSERT INTO `Hero` (`id`, `firstName`, `lastName`, `role`, `skillSet_id`) VALUES ('1239', '4e14f700-c93d-48f6-923e-010b01035a39', 'be6c5353-44a4-4353-b9f0-d6bb976f9352', 'PrincipalConsultant', '1239');
INSERT INTO `SkillSet` (`id`) VALUES ('1240');
INSERT INTO `SkillSet_skills` (`SkillSet_id`, `skills`) VALUES ('1240', 'dotNet');
INSERT INTO `SkillSet_skills` (`SkillSet_id`, `skills`) VALUES ('1240', 'dotNet');
INSERT INTO `SkillSet_skills` (`SkillSet_id`, `skills`) VALUES ('1240', 'Ant');
INSERT INTO `SkillSet_skills` (`SkillSet_id`, `skills`) VALUES ('1240', 'Gradle');
INSERT INTO `Hero` (`id`, `firstName`, `lastName`, `role`, `skillSet_id`) VALUES ('1240', 'd3cec1c9-719d-45aa-aef0-71d562df308b', '9479c215-61ab-4e63-b313-313d8d13af38', 'SoftwareEngineer', '1240');
INSERT INTO `SkillSet` (`id`) VALUES ('1241');
INSERT INTO `SkillSet_skills` (`SkillSet_id`, `skills`) VALUES ('1241', 'Java');
INSERT INTO `SkillSet_skills` (`SkillSet_id`, `skills`) VALUES ('1241', 'SQL');
INSERT INTO `Hero` (`id`, `firstName`, `lastName`, `role`, `skillSet_id`) VALUES ('1241', '99a24f82-2948-41be-b9c1-781fead98bc1', 'a0923aea-303a-44c3-b0a8-4e0a52fab6ce', 'JuniorSoftwareEngineer', '1241');
INSERT INTO `SkillSet` (`id`) VALUES ('1242');
INSERT INTO `SkillSet_skills` (`SkillSet_id`, `skills`) VALUES ('1242', 'UITesting');
INSERT INTO `SkillSet_skills` (`SkillSet_id`, `skills`) VALUES ('1242', 'Java');
INSERT INTO `SkillSet_skills` (`SkillSet_id`, `skills`) VALUES ('1242', 'Java');
INSERT INTO `SkillSet_skills` (`SkillSet_id`, `skills`) VALUES ('1242', 'UITesting');
INSERT INTO `SkillSet_skills` (`SkillSet_id`, `skills`) VALUES ('1242', 'UITesting');
INSERT INTO `Hero` (`id`, `firstName`, `lastName`, `role`, `skillSet_id`) VALUES ('1242', 'cb1271f9-5233-49c8-a3fe-c6b1b520f59d', 'f9702ae5-2d8e-4906-b921-e67c433f755a', 'SoftwareEngineer', '1242');
INSERT INTO `SkillSet` (`id`) VALUES ('1243');
INSERT INTO `SkillSet_skills` (`SkillSet_id`, `skills`) VALUES ('1243', 'Architektur');
INSERT INTO `SkillSet_skills` (`SkillSet_id`, `skills`) VALUES ('1243', 'dotNet');
INSERT INTO `SkillSet_skills` (`SkillSet_id`, `skills`) VALUES ('1243', 'UnitTesting');
INSERT INTO `SkillSet_skills` (`SkillSet_id`, `skills`) VALUES ('1243', 'Ant');
INSERT INTO `SkillSet_skills` (`SkillSet_id`, `skills`) VALUES ('1243', 'dotNet');
INSERT INTO `Hero` (`id`, `firstName`, `lastName`, `role`, `skillSet_id`) VALUES ('1243', '43e49b42-f629-4ebd-b701-091d02586a24', 'f5bbdcc5-3960-47e7-b5fe-ce22bda7953d', 'SeniorSoftwareEngineer', '1243');
INSERT INTO `SkillSet` (`id`) VALUES ('1244');
INSERT INTO `SkillSet_skills` (`SkillSet_id`, `skills`) VALUES ('1244', 'UITesting');
INSERT INTO `SkillSet_skills` (`SkillSet_id`, `skills`) VALUES ('1244', 'SQL');
INSERT INTO `SkillSet_skills` (`SkillSet_id`, `skills`) VALUES ('1244', 'dotNet');
INSERT INTO `SkillSet_skills` (`SkillSet_id`, `skills`) VALUES ('1244', 'UnitTesting');
INSERT INTO `SkillSet_skills` (`SkillSet_id`, `skills`) VALUES ('1244', 'UITesting');
INSERT INTO `Hero` (`id`, `firstName`, `lastName`, `role`, `skillSet_id`) VALUES ('1244', 'd22821c1-c152-4cc9-925e-251e167485aa', 'ed0ed6ae-86f5-4af6-8bb9-01bb414e8f1f', 'JuniorSoftwareEngineer', '1244');
INSERT INTO `SkillSet` (`id`) VALUES ('1245');
INSERT INTO `SkillSet_skills` (`SkillSet_id`, `skills`) VALUES ('1245', 'Gradle');
INSERT INTO `SkillSet_skills` (`SkillSet_id`, `skills`) VALUES ('1245', 'SQL');
INSERT INTO `SkillSet_skills` (`SkillSet_id`, `skills`) VALUES ('1245', 'SQL');
INSERT INTO `Hero` (`id`, `firstName`, `lastName`, `role`, `skillSet_id`) VALUES ('1245', '6802fdbf-c30b-4222-a4ef-e0ec41a78457', 'a361cafb-8ea8-4fc3-923e-23a47c10bf09', 'LeadEngineer', '1245');
INSERT INTO `SkillSet` (`id`) VALUES ('1246');
INSERT INTO `SkillSet_skills` (`SkillSet_id`, `skills`) VALUES ('1246', 'Architektur');
INSERT INTO `SkillSet_skills` (`SkillSet_id`, `skills`) VALUES ('1246', 'Java');
INSERT INTO `SkillSet_skills` (`SkillSet_id`, `skills`) VALUES ('1246', 'UITesting');
INSERT INTO `SkillSet_skills` (`SkillSet_id`, `skills`) VALUES ('1246', 'UnitTesting');
INSERT INTO `SkillSet_skills` (`SkillSet_id`, `skills`) VALUES ('1246', 'Ant');
INSERT INTO `Hero` (`id`, `firstName`, `lastName`, `role`, `skillSet_id`) VALUES ('1246', '672dffaf-41bd-4f59-acdc-4566afab762c', '6bf7adb7-bcf0-4404-98f3-0a1ba588f1a9', 'LeadSoftwareArchitect', '1246');
INSERT INTO `SkillSet` (`id`) VALUES ('1247');
INSERT INTO `SkillSet_skills` (`SkillSet_id`, `skills`) VALUES ('1247', 'Gradle');
INSERT INTO `Hero` (`id`, `firstName`, `lastName`, `role`, `skillSet_id`) VALUES ('1247', '3e8f596a-6004-4686-9d82-e9179006ddff', '2f5fcf50-eb68-4488-abae-7a8088aa1bf3', 'LeadEngineer', '1247');
INSERT INTO `SkillSet` (`id`) VALUES ('1248');
INSERT INTO `SkillSet_skills` (`SkillSet_id`, `skills`) VALUES ('1248', 'Java');
INSERT INTO `SkillSet_skills` (`SkillSet_id`, `skills`) VALUES ('1248', 'dotNet');
INSERT INTO `SkillSet_skills` (`SkillSet_id`, `skills`) VALUES ('1248', 'dotNet');
INSERT INTO `SkillSet_skills` (`SkillSet_id`, `skills`) VALUES ('1248', 'Gradle');
INSERT INTO `SkillSet_skills` (`SkillSet_id`, `skills`) VALUES ('1248', 'dotNet');
INSERT INTO `Hero` (`id`, `firstName`, `lastName`, `role`, `skillSet_id`) VALUES ('1248', '996e6bf7-7bd8-4534-a0ff-b1e8a8a48adf', '60b92810-89f4-422c-9fdf-eee666dfd9a6', 'LeadSoftwareArchitect', '1248');
INSERT INTO `SkillSet` (`id`) VALUES ('1249');
INSERT INTO `SkillSet_skills` (`SkillSet_id`, `skills`) VALUES ('1249', 'Maven');
INSERT INTO `SkillSet_skills` (`SkillSet_id`, `skills`) VALUES ('1249', 'Gradle');
INSERT INTO `Hero` (`id`, `firstName`, `lastName`, `role`, `skillSet_id`) VALUES ('1249', '656840e1-8095-483b-af3f-d7f4e4832659', '49c40862-137c-490c-8ecc-56a75c684337', 'PrincipalConsultant', '1249');
INSERT INTO `SkillSet` (`id`) VALUES ('1250');
INSERT INTO `SkillSet_skills` (`SkillSet_id`, `skills`) VALUES ('1250', 'dotNet');
INSERT INTO `SkillSet_skills` (`SkillSet_id`, `skills`) VALUES ('1250', 'Gradle');
INSERT INTO `Hero` (`id`, `firstName`, `lastName`, `role`, `skillSet_id`) VALUES ('1250', 'f5c1d25b-8bb4-4ae8-adad-ac97af905034', '4d197932-c73d-4843-9a49-10c4cd41537f', 'JuniorSoftwareEngineer', '1250');
INSERT INTO `SkillSet` (`id`) VALUES ('1251');
INSERT INTO `SkillSet_skills` (`SkillSet_id`, `skills`) VALUES ('1251', 'dotNet');
INSERT INTO `SkillSet_skills` (`SkillSet_id`, `skills`) VALUES ('1251', 'Ant');
INSERT INTO `SkillSet_skills` (`SkillSet_id`, `skills`) VALUES ('1251', 'Gradle');
INSERT INTO `SkillSet_skills` (`SkillSet_id`, `skills`) VALUES ('1251', 'Architektur');
INSERT INTO `SkillSet_skills` (`SkillSet_id`, `skills`) VALUES ('1251', 'dotNet');
INSERT INTO `Hero` (`id`, `firstName`, `lastName`, `role`, `skillSet_id`) VALUES ('1251', '8f7a6daf-a54d-4562-bee0-0608f6c20116', '9850330f-2361-4ddf-946d-39f27547b2b8', 'LeadEngineer', '1251');
INSERT INTO `SkillSet` (`id`) VALUES ('1252');
INSERT INTO `SkillSet_skills` (`SkillSet_id`, `skills`) VALUES ('1252', 'dotNet');
INSERT INTO `SkillSet_skills` (`SkillSet_id`, `skills`) VALUES ('1252', 'Ant');
INSERT INTO `SkillSet_skills` (`SkillSet_id`, `skills`) VALUES ('1252', 'dotNet');
INSERT INTO `Hero` (`id`, `firstName`, `lastName`, `role`, `skillSet_id`) VALUES ('1252', 'c8dd8eeb-c833-4acd-9f93-853aa7592c65', 'd3d1da9b-011f-4f7f-acb5-278f673b764c', 'LeadEngineer', '1252');
INSERT INTO `SkillSet` (`id`) VALUES ('1253');
INSERT INTO `SkillSet_skills` (`SkillSet_id`, `skills`) VALUES ('1253', 'Gradle');
INSERT INTO `SkillSet_skills` (`SkillSet_id`, `skills`) VALUES ('1253', 'UITesting');
INSERT INTO `SkillSet_skills` (`SkillSet_id`, `skills`) VALUES ('1253', 'Gradle');
INSERT INTO `Hero` (`id`, `firstName`, `lastName`, `role`, `skillSet_id`) VALUES ('1253', '923b3536-fb7e-4026-81ba-737f1739be25', '821cb4a9-fa8e-4783-a1b4-47a03845b19a', 'LeadSoftwareArchitect', '1253');
INSERT INTO `SkillSet` (`id`) VALUES ('1254');
INSERT INTO `SkillSet_skills` (`SkillSet_id`, `skills`) VALUES ('1254', 'Maven');
INSERT INTO `SkillSet_skills` (`SkillSet_id`, `skills`) VALUES ('1254', 'Ant');
INSERT INTO `SkillSet_skills` (`SkillSet_id`, `skills`) VALUES ('1254', 'Gradle');
INSERT INTO `Hero` (`id`, `firstName`, `lastName`, `role`, `skillSet_id`) VALUES ('1254', '3c67f516-2453-4c42-9748-d11c56fd1655', '1e16b8ba-088b-4066-8a9c-c575f8e33156', 'PrincipalConsultant', '1254');
INSERT INTO `SkillSet` (`id`) VALUES ('1255');
INSERT INTO `SkillSet_skills` (`SkillSet_id`, `skills`) VALUES ('1255', 'SQL');
INSERT INTO `Hero` (`id`, `firstName`, `lastName`, `role`, `skillSet_id`) VALUES ('1255', 'b5a49b6d-bfb8-4ac5-98d7-d2b781bbadaa', 'f8bb4753-e939-4225-a0fe-bbff5e3423c6', 'SeniorSoftwareEngineer', '1255');
INSERT INTO `SkillSet` (`id`) VALUES ('1256');
INSERT INTO `SkillSet_skills` (`SkillSet_id`, `skills`) VALUES ('1256', 'Ant');
INSERT INTO `SkillSet_skills` (`SkillSet_id`, `skills`) VALUES ('1256', 'Gradle');
INSERT INTO `SkillSet_skills` (`SkillSet_id`, `skills`) VALUES ('1256', 'Ant');
INSERT INTO `Hero` (`id`, `firstName`, `lastName`, `role`, `skillSet_id`) VALUES ('1256', 'fc52e960-d622-4e6a-a68e-ae5ac56e908d', '6dd5d6c9-a0e8-400a-8eba-56a3a9a42dbe', 'JuniorSoftwareEngineer', '1256');
INSERT INTO `SkillSet` (`id`) VALUES ('1257');
INSERT INTO `SkillSet_skills` (`SkillSet_id`, `skills`) VALUES ('1257', 'UITesting');
INSERT INTO `SkillSet_skills` (`SkillSet_id`, `skills`) VALUES ('1257', 'SQL');
INSERT INTO `SkillSet_skills` (`SkillSet_id`, `skills`) VALUES ('1257', 'Gradle');
INSERT INTO `Hero` (`id`, `firstName`, `lastName`, `role`, `skillSet_id`) VALUES ('1257', '1f013b08-6e31-44b1-a93f-225897185211', '6a7d6c5b-35eb-485a-bb0c-31890aa7e6ab', 'SeniorSoftwareEngineer', '1257');
INSERT INTO `SkillSet` (`id`) VALUES ('1258');
INSERT INTO `SkillSet_skills` (`SkillSet_id`, `skills`) VALUES ('1258', 'dotNet');
INSERT INTO `SkillSet_skills` (`SkillSet_id`, `skills`) VALUES ('1258', 'dotNet');
INSERT INTO `SkillSet_skills` (`SkillSet_id`, `skills`) VALUES ('1258', 'UITesting');
INSERT INTO `SkillSet_skills` (`SkillSet_id`, `skills`) VALUES ('1258', 'Ant');
INSERT INTO `SkillSet_skills` (`SkillSet_id`, `skills`) VALUES ('1258', 'SQL');
INSERT INTO `Hero` (`id`, `firstName`, `lastName`, `role`, `skillSet_id`) VALUES ('1258', '574b6205-5a13-487d-a7bb-8d41407f182b', '0d66c8f8-ea13-4c85-8973-ac0a3ca29acb', 'LeadEngineer', '1258');
INSERT INTO `SkillSet` (`id`) VALUES ('1259');
INSERT INTO `SkillSet_skills` (`SkillSet_id`, `skills`) VALUES ('1259', 'Gradle');
INSERT INTO `SkillSet_skills` (`SkillSet_id`, `skills`) VALUES ('1259', 'UITesting');
INSERT INTO `SkillSet_skills` (`SkillSet_id`, `skills`) VALUES ('1259', 'Ant');
INSERT INTO `SkillSet_skills` (`SkillSet_id`, `skills`) VALUES ('1259', 'Architektur');
INSERT INTO `Hero` (`id`, `firstName`, `lastName`, `role`, `skillSet_id`) VALUES ('1259', '6fc94c20-ecbc-4ba0-a18a-bcb522151a5c', 'cfe1deca-6dac-4fce-8940-0a7451668c97', 'JuniorSoftwareEngineer', '1259');
INSERT INTO `SkillSet` (`id`) VALUES ('1260');
INSERT INTO `SkillSet_skills` (`SkillSet_id`, `skills`) VALUES ('1260', 'Java');
INSERT INTO `SkillSet_skills` (`SkillSet_id`, `skills`) VALUES ('1260', 'Architektur');
INSERT INTO `SkillSet_skills` (`SkillSet_id`, `skills`) VALUES ('1260', 'dotNet');
INSERT INTO `SkillSet_skills` (`SkillSet_id`, `skills`) VALUES ('1260', 'Maven');
INSERT INTO `Hero` (`id`, `firstName`, `lastName`, `role`, `skillSet_id`) VALUES ('1260', 'aae17afc-a788-424a-a6e6-5e059cd24a4f', '2b718630-bf3b-4354-8cd2-78c8fb9be9b2', 'SoftwareEngineer', '1260');
INSERT INTO `SkillSet` (`id`) VALUES ('1261');
INSERT INTO `SkillSet_skills` (`SkillSet_id`, `skills`) VALUES ('1261', 'Gradle');
INSERT INTO `Hero` (`id`, `firstName`, `lastName`, `role`, `skillSet_id`) VALUES ('1261', '1b235ca8-e9f3-4c01-90d4-505a59cad2d7', '35508870-7d33-4c54-ba8a-88643be8b324', 'SeniorSoftwareEngineer', '1261');
INSERT INTO `SkillSet` (`id`) VALUES ('1262');
INSERT INTO `SkillSet_skills` (`SkillSet_id`, `skills`) VALUES ('1262', 'Java');
INSERT INTO `SkillSet_skills` (`SkillSet_id`, `skills`) VALUES ('1262', 'Maven');
INSERT INTO `SkillSet_skills` (`SkillSet_id`, `skills`) VALUES ('1262', 'Gradle');
INSERT INTO `Hero` (`id`, `firstName`, `lastName`, `role`, `skillSet_id`) VALUES ('1262', 'b6a135b8-b061-4155-9368-169e1968b86b', 'fcbc9cbd-df80-4362-90fc-e21a9fae5935', 'LeadSoftwareArchitect', '1262');
INSERT INTO `SkillSet` (`id`) VALUES ('1263');
INSERT INTO `SkillSet_skills` (`SkillSet_id`, `skills`) VALUES ('1263', 'Gradle');
INSERT INTO `SkillSet_skills` (`SkillSet_id`, `skills`) VALUES ('1263', 'Gradle');
INSERT INTO `Hero` (`id`, `firstName`, `lastName`, `role`, `skillSet_id`) VALUES ('1263', 'b2243df2-aa4d-4d4a-af45-2cac478043ce', 'e1304559-c0b7-43c2-99a5-b255d54308d0', 'LeadSoftwareArchitect', '1263');
INSERT INTO `SkillSet` (`id`) VALUES ('1264');
INSERT INTO `SkillSet_skills` (`SkillSet_id`, `skills`) VALUES ('1264', 'dotNet');
INSERT INTO `SkillSet_skills` (`SkillSet_id`, `skills`) VALUES ('1264', 'Gradle');
INSERT INTO `SkillSet_skills` (`SkillSet_id`, `skills`) VALUES ('1264', 'Gradle');
INSERT INTO `SkillSet_skills` (`SkillSet_id`, `skills`) VALUES ('1264', 'Java');
INSERT INTO `SkillSet_skills` (`SkillSet_id`, `skills`) VALUES ('1264', 'Ant');
INSERT INTO `Hero` (`id`, `firstName`, `lastName`, `role`, `skillSet_id`) VALUES ('1264', '8d9766a1-514b-4cf5-b164-7609aba2ca52', '429cbe7d-b192-4193-b38b-b45e35f6bab0', 'SeniorSoftwareEngineer', '1264');
INSERT INTO `SkillSet` (`id`) VALUES ('1265');
INSERT INTO `SkillSet_skills` (`SkillSet_id`, `skills`) VALUES ('1265', 'Ant');
INSERT INTO `SkillSet_skills` (`SkillSet_id`, `skills`) VALUES ('1265', 'Ant');
INSERT INTO `SkillSet_skills` (`SkillSet_id`, `skills`) VALUES ('1265', 'Ant');
INSERT INTO `Hero` (`id`, `firstName`, `lastName`, `role`, `skillSet_id`) VALUES ('1265', 'a7369944-d0d9-4edd-a52b-3ac9dbb45451', 'ba61c8e7-c077-44e8-a62d-5041c35797fb', 'PrincipalConsultant', '1265');
INSERT INTO `SkillSet` (`id`) VALUES ('1266');
INSERT INTO `SkillSet_skills` (`SkillSet_id`, `skills`) VALUES ('1266', 'Maven');
INSERT INTO `SkillSet_skills` (`SkillSet_id`, `skills`) VALUES ('1266', 'UnitTesting');
INSERT INTO `Hero` (`id`, `firstName`, `lastName`, `role`, `skillSet_id`) VALUES ('1266', 'fc2ea69c-32ca-4634-9cc6-c5f58c1131fd', '609e1a7a-12a9-4b2f-b450-123871441fe5', 'PrincipalConsultant', '1266');
INSERT INTO `SkillSet` (`id`) VALUES ('1267');
INSERT INTO `SkillSet_skills` (`SkillSet_id`, `skills`) VALUES ('1267', 'dotNet');
INSERT INTO `SkillSet_skills` (`SkillSet_id`, `skills`) VALUES ('1267', 'dotNet');
INSERT INTO `SkillSet_skills` (`SkillSet_id`, `skills`) VALUES ('1267', 'SQL');
INSERT INTO `Hero` (`id`, `firstName`, `lastName`, `role`, `skillSet_id`) VALUES ('1267', '804a2e46-f8fa-41f0-856a-d65eac06e891', '2bae598c-7872-4af6-b1b8-b55ef83f9070', 'LeadEngineer', '1267');
INSERT INTO `SkillSet` (`id`) VALUES ('1268');
INSERT INTO `SkillSet_skills` (`SkillSet_id`, `skills`) VALUES ('1268', 'UITesting');
INSERT INTO `Hero` (`id`, `firstName`, `lastName`, `role`, `skillSet_id`) VALUES ('1268', 'dff71604-c238-4b54-9b67-5f6f97de9d70', '33f8dd8d-71fb-452a-b6c0-b123fbbf2b03', 'LeadEngineer', '1268');
INSERT INTO `SkillSet` (`id`) VALUES ('1269');
INSERT INTO `SkillSet_skills` (`SkillSet_id`, `skills`) VALUES ('1269', 'UITesting');
INSERT INTO `Hero` (`id`, `firstName`, `lastName`, `role`, `skillSet_id`) VALUES ('1269', '6e0081e4-1895-4dc2-89e6-fb2ef2bce410', 'b0f879dc-bf66-43ba-8cec-1266feaf253b', 'LeadSoftwareArchitect', '1269');
INSERT INTO `SkillSet` (`id`) VALUES ('1270');
INSERT INTO `SkillSet_skills` (`SkillSet_id`, `skills`) VALUES ('1270', 'Maven');
INSERT INTO `Hero` (`id`, `firstName`, `lastName`, `role`, `skillSet_id`) VALUES ('1270', 'c07c8eaf-b507-4963-81bc-e7ecaeace73d', 'f6d33cbf-eb1d-47a0-ad34-3bdf37ce217a', 'LeadSoftwareArchitect', '1270');
INSERT INTO `SkillSet` (`id`) VALUES ('1271');
INSERT INTO `SkillSet_skills` (`SkillSet_id`, `skills`) VALUES ('1271', 'SQL');
INSERT INTO `SkillSet_skills` (`SkillSet_id`, `skills`) VALUES ('1271', 'UITesting');
INSERT INTO `SkillSet_skills` (`SkillSet_id`, `skills`) VALUES ('1271', 'Ant');
INSERT INTO `SkillSet_skills` (`SkillSet_id`, `skills`) VALUES ('1271', 'Architektur');
INSERT INTO `SkillSet_skills` (`SkillSet_id`, `skills`) VALUES ('1271', 'Ant');
INSERT INTO `Hero` (`id`, `firstName`, `lastName`, `role`, `skillSet_id`) VALUES ('1271', '035ba342-e011-43b0-969c-c8fe0945726e', 'a76dcb1e-4ee3-4eb0-a5d4-b13600ad259c', 'LeadSoftwareArchitect', '1271');
INSERT INTO `SkillSet` (`id`) VALUES ('1272');
INSERT INTO `SkillSet_skills` (`SkillSet_id`, `skills`) VALUES ('1272', 'UITesting');
INSERT INTO `SkillSet_skills` (`SkillSet_id`, `skills`) VALUES ('1272', 'Maven');
INSERT INTO `Hero` (`id`, `firstName`, `lastName`, `role`, `skillSet_id`) VALUES ('1272', '51b4a585-7b1a-4b11-87d6-9a01923d7518', '31ab4a17-7b8e-41c4-8da4-6f7a8f58e789', 'LeadEngineer', '1272');
INSERT INTO `SkillSet` (`id`) VALUES ('1273');
INSERT INTO `SkillSet_skills` (`SkillSet_id`, `skills`) VALUES ('1273', 'SQL');
INSERT INTO `SkillSet_skills` (`SkillSet_id`, `skills`) VALUES ('1273', 'UnitTesting');
INSERT INTO `SkillSet_skills` (`SkillSet_id`, `skills`) VALUES ('1273', 'Architektur');
INSERT INTO `SkillSet_skills` (`SkillSet_id`, `skills`) VALUES ('1273', 'Java');
INSERT INTO `Hero` (`id`, `firstName`, `lastName`, `role`, `skillSet_id`) VALUES ('1273', '28bf34ac-2ee6-4f2b-9d4f-5933054af71e', '3682562d-0a3b-4991-b2ee-56f6f1f9554d', 'SeniorSoftwareEngineer', '1273');
INSERT INTO `SkillSet` (`id`) VALUES ('1274');
INSERT INTO `SkillSet_skills` (`SkillSet_id`, `skills`) VALUES ('1274', 'dotNet');
INSERT INTO `SkillSet_skills` (`SkillSet_id`, `skills`) VALUES ('1274', 'Architektur');
INSERT INTO `SkillSet_skills` (`SkillSet_id`, `skills`) VALUES ('1274', 'UnitTesting');
INSERT INTO `SkillSet_skills` (`SkillSet_id`, `skills`) VALUES ('1274', 'Gradle');
INSERT INTO `SkillSet_skills` (`SkillSet_id`, `skills`) VALUES ('1274', 'SQL');
INSERT INTO `Hero` (`id`, `firstName`, `lastName`, `role`, `skillSet_id`) VALUES ('1274', '69aa9832-be26-4337-81c5-d51d3ecff065', '85c3cacf-c6e6-4ac4-bf21-5ce405a1bafc', 'LeadEngineer', '1274');
INSERT INTO `SkillSet` (`id`) VALUES ('1275');
INSERT INTO `SkillSet_skills` (`SkillSet_id`, `skills`) VALUES ('1275', 'UITesting');
INSERT INTO `SkillSet_skills` (`SkillSet_id`, `skills`) VALUES ('1275', 'Gradle');
INSERT INTO `SkillSet_skills` (`SkillSet_id`, `skills`) VALUES ('1275', 'Architektur');
INSERT INTO `Hero` (`id`, `firstName`, `lastName`, `role`, `skillSet_id`) VALUES ('1275', 'd465c6e9-54bc-4e63-819e-9a7c2c6190cf', '1caea795-3872-4179-9c40-334fa886d6f8', 'PrincipalConsultant', '1275');
INSERT INTO `SkillSet` (`id`) VALUES ('1276');
INSERT INTO `SkillSet_skills` (`SkillSet_id`, `skills`) VALUES ('1276', 'UnitTesting');
INSERT INTO `SkillSet_skills` (`SkillSet_id`, `skills`) VALUES ('1276', 'Java');
INSERT INTO `Hero` (`id`, `firstName`, `lastName`, `role`, `skillSet_id`) VALUES ('1276', '9e54fbcc-4057-4c7c-af62-3e8c397172ac', '581e5274-c0ee-475c-83ea-c1bb5027028a', 'LeadEngineer', '1276');
INSERT INTO `SkillSet` (`id`) VALUES ('1277');
INSERT INTO `SkillSet_skills` (`SkillSet_id`, `skills`) VALUES ('1277', 'SQL');
INSERT INTO `Hero` (`id`, `firstName`, `lastName`, `role`, `skillSet_id`) VALUES ('1277', '6a2157bc-011f-4db3-9b2d-b963b019043b', '82812049-86b9-466e-962d-f0eeb98e5d9a', 'SoftwareEngineer', '1277');
INSERT INTO `SkillSet` (`id`) VALUES ('1278');
INSERT INTO `SkillSet_skills` (`SkillSet_id`, `skills`) VALUES ('1278', 'UnitTesting');
INSERT INTO `SkillSet_skills` (`SkillSet_id`, `skills`) VALUES ('1278', 'Architektur');
INSERT INTO `SkillSet_skills` (`SkillSet_id`, `skills`) VALUES ('1278', 'Gradle');
INSERT INTO `SkillSet_skills` (`SkillSet_id`, `skills`) VALUES ('1278', 'SQL');
INSERT INTO `Hero` (`id`, `firstName`, `lastName`, `role`, `skillSet_id`) VALUES ('1278', '0fa41c6f-4e23-4f29-b821-2669b55de614', '45cb6b4b-2997-405d-8057-2d3705e8a8d4', 'PrincipalConsultant', '1278');
INSERT INTO `SkillSet` (`id`) VALUES ('1279');
INSERT INTO `SkillSet_skills` (`SkillSet_id`, `skills`) VALUES ('1279', 'Java');
INSERT INTO `SkillSet_skills` (`SkillSet_id`, `skills`) VALUES ('1279', 'Architektur');
INSERT INTO `SkillSet_skills` (`SkillSet_id`, `skills`) VALUES ('1279', 'Gradle');
INSERT INTO `Hero` (`id`, `firstName`, `lastName`, `role`, `skillSet_id`) VALUES ('1279', '19e5f5c0-7b10-4139-bcb4-10630144b287', 'a45bdc17-1045-44ad-8fad-2d5e84dea61d', 'LeadEngineer', '1279');
INSERT INTO `SkillSet` (`id`) VALUES ('1280');
INSERT INTO `SkillSet_skills` (`SkillSet_id`, `skills`) VALUES ('1280', 'UITesting');
INSERT INTO `SkillSet_skills` (`SkillSet_id`, `skills`) VALUES ('1280', 'Gradle');
INSERT INTO `SkillSet_skills` (`SkillSet_id`, `skills`) VALUES ('1280', 'Java');
INSERT INTO `SkillSet_skills` (`SkillSet_id`, `skills`) VALUES ('1280', 'Java');
INSERT INTO `SkillSet_skills` (`SkillSet_id`, `skills`) VALUES ('1280', 'Java');
INSERT INTO `Hero` (`id`, `firstName`, `lastName`, `role`, `skillSet_id`) VALUES ('1280', 'c0190bae-741d-4642-a146-4d426281dc85', '385e68e8-e67d-4e8b-9951-1411494f8620', 'SoftwareEngineer', '1280');
INSERT INTO `SkillSet` (`id`) VALUES ('1281');
INSERT INTO `SkillSet_skills` (`SkillSet_id`, `skills`) VALUES ('1281', 'Ant');
INSERT INTO `Hero` (`id`, `firstName`, `lastName`, `role`, `skillSet_id`) VALUES ('1281', 'a978f700-02ec-4bb8-9a10-78177219d9be', '68577dc3-7a05-44ea-9086-343d71a904fe', 'LeadEngineer', '1281');
INSERT INTO `SkillSet` (`id`) VALUES ('1282');
INSERT INTO `SkillSet_skills` (`SkillSet_id`, `skills`) VALUES ('1282', 'Java');
INSERT INTO `SkillSet_skills` (`SkillSet_id`, `skills`) VALUES ('1282', 'dotNet');
INSERT INTO `Hero` (`id`, `firstName`, `lastName`, `role`, `skillSet_id`) VALUES ('1282', '898a5b84-6268-4b8c-ba0f-cfc663acd533', '660ba5dd-8c08-4857-a910-7f2ba3f47e0d', 'SoftwareEngineer', '1282');
INSERT INTO `SkillSet` (`id`) VALUES ('1283');
INSERT INTO `SkillSet_skills` (`SkillSet_id`, `skills`) VALUES ('1283', 'Gradle');
INSERT INTO `SkillSet_skills` (`SkillSet_id`, `skills`) VALUES ('1283', 'Maven');
INSERT INTO `SkillSet_skills` (`SkillSet_id`, `skills`) VALUES ('1283', 'Maven');
INSERT INTO `Hero` (`id`, `firstName`, `lastName`, `role`, `skillSet_id`) VALUES ('1283', '20326324-88d4-4852-98d7-79c523c5e65e', '31355cd0-e8e5-44ef-a1cd-dbd4e050a951', 'JuniorSoftwareEngineer', '1283');
INSERT INTO `SkillSet` (`id`) VALUES ('1284');
INSERT INTO `SkillSet_skills` (`SkillSet_id`, `skills`) VALUES ('1284', 'dotNet');
INSERT INTO `SkillSet_skills` (`SkillSet_id`, `skills`) VALUES ('1284', 'Architektur');
INSERT INTO `Hero` (`id`, `firstName`, `lastName`, `role`, `skillSet_id`) VALUES ('1284', '656a4108-c082-4cf8-9147-2d9c0bda5bf9', 'f5872413-e272-49ee-b98d-cb37f5da1abc', 'PrincipalConsultant', '1284');
INSERT INTO `SkillSet` (`id`) VALUES ('1285');
INSERT INTO `SkillSet_skills` (`SkillSet_id`, `skills`) VALUES ('1285', 'Architektur');
INSERT INTO `Hero` (`id`, `firstName`, `lastName`, `role`, `skillSet_id`) VALUES ('1285', 'af756a10-05a1-4363-951f-fa5cf72dfe67', '76cd54bd-bf86-49f9-b0ad-c3b83a59f7ff', 'SoftwareEngineer', '1285');
INSERT INTO `SkillSet` (`id`) VALUES ('1286');
INSERT INTO `SkillSet_skills` (`SkillSet_id`, `skills`) VALUES ('1286', 'SQL');
INSERT INTO `Hero` (`id`, `firstName`, `lastName`, `role`, `skillSet_id`) VALUES ('1286', 'a237debb-2436-401b-b380-15a2800acf0e', '381b2092-2cca-435e-85d7-127b38abca16', 'SeniorSoftwareEngineer', '1286');
INSERT INTO `SkillSet` (`id`) VALUES ('1287');
INSERT INTO `SkillSet_skills` (`SkillSet_id`, `skills`) VALUES ('1287', 'SQL');
INSERT INTO `SkillSet_skills` (`SkillSet_id`, `skills`) VALUES ('1287', 'Java');
INSERT INTO `SkillSet_skills` (`SkillSet_id`, `skills`) VALUES ('1287', 'Java');
INSERT INTO `SkillSet_skills` (`SkillSet_id`, `skills`) VALUES ('1287', 'Gradle');
INSERT INTO `SkillSet_skills` (`SkillSet_id`, `skills`) VALUES ('1287', 'Ant');
INSERT INTO `Hero` (`id`, `firstName`, `lastName`, `role`, `skillSet_id`) VALUES ('1287', 'ed2dfc80-2f57-4142-bfe4-31dfc19525b9', '0073ea36-4409-4d64-9a5f-5bd62d5c7e56', 'LeadSoftwareArchitect', '1287');
INSERT INTO `SkillSet` (`id`) VALUES ('1288');
INSERT INTO `SkillSet_skills` (`SkillSet_id`, `skills`) VALUES ('1288', 'Architektur');
INSERT INTO `SkillSet_skills` (`SkillSet_id`, `skills`) VALUES ('1288', 'Ant');
INSERT INTO `SkillSet_skills` (`SkillSet_id`, `skills`) VALUES ('1288', 'SQL');
INSERT INTO `SkillSet_skills` (`SkillSet_id`, `skills`) VALUES ('1288', 'UITesting');
INSERT INTO `Hero` (`id`, `firstName`, `lastName`, `role`, `skillSet_id`) VALUES ('1288', '4ec46896-d3c3-4c43-a87b-eaf25b2c0c98', '2047b170-423e-4927-be05-8d7c405d67c8', 'SeniorSoftwareEngineer', '1288');
INSERT INTO `SkillSet` (`id`) VALUES ('1289');
INSERT INTO `SkillSet_skills` (`SkillSet_id`, `skills`) VALUES ('1289', 'Architektur');
INSERT INTO `SkillSet_skills` (`SkillSet_id`, `skills`) VALUES ('1289', 'Ant');
INSERT INTO `SkillSet_skills` (`SkillSet_id`, `skills`) VALUES ('1289', 'Java');
INSERT INTO `Hero` (`id`, `firstName`, `lastName`, `role`, `skillSet_id`) VALUES ('1289', '51e7e46f-c3be-4347-b738-ac160ab2e8f2', '094f3821-37a7-4496-83c2-23743cd585fb', 'PrincipalConsultant', '1289');
INSERT INTO `SkillSet` (`id`) VALUES ('1290');
INSERT INTO `SkillSet_skills` (`SkillSet_id`, `skills`) VALUES ('1290', 'dotNet');
INSERT INTO `SkillSet_skills` (`SkillSet_id`, `skills`) VALUES ('1290', 'Java');
INSERT INTO `Hero` (`id`, `firstName`, `lastName`, `role`, `skillSet_id`) VALUES ('1290', 'ff9779db-7558-42a2-b013-a2a553153a8f', 'e467dce1-09b8-4d2a-8570-b17bc699ea49', 'JuniorSoftwareEngineer', '1290');
INSERT INTO `SkillSet` (`id`) VALUES ('1291');
INSERT INTO `SkillSet_skills` (`SkillSet_id`, `skills`) VALUES ('1291', 'UITesting');
INSERT INTO `SkillSet_skills` (`SkillSet_id`, `skills`) VALUES ('1291', 'SQL');
INSERT INTO `SkillSet_skills` (`SkillSet_id`, `skills`) VALUES ('1291', 'UnitTesting');
INSERT INTO `SkillSet_skills` (`SkillSet_id`, `skills`) VALUES ('1291', 'dotNet');
INSERT INTO `Hero` (`id`, `firstName`, `lastName`, `role`, `skillSet_id`) VALUES ('1291', '0d7929f5-d8c7-46bc-9bd8-49155d2a587e', 'f7f02989-a19d-40e0-b0c1-9a9c35c2181e', 'PrincipalConsultant', '1291');
INSERT INTO `SkillSet` (`id`) VALUES ('1292');
INSERT INTO `SkillSet_skills` (`SkillSet_id`, `skills`) VALUES ('1292', 'UnitTesting');
INSERT INTO `SkillSet_skills` (`SkillSet_id`, `skills`) VALUES ('1292', 'Ant');
INSERT INTO `SkillSet_skills` (`SkillSet_id`, `skills`) VALUES ('1292', 'UITesting');
INSERT INTO `SkillSet_skills` (`SkillSet_id`, `skills`) VALUES ('1292', 'UnitTesting');
INSERT INTO `Hero` (`id`, `firstName`, `lastName`, `role`, `skillSet_id`) VALUES ('1292', 'f80b0a28-ef1a-4e4d-8413-7b071ba27e1f', '470e0aba-ac78-48c5-83ea-d56e89400f27', 'SeniorSoftwareEngineer', '1292');
INSERT INTO `SkillSet` (`id`) VALUES ('1293');
INSERT INTO `SkillSet_skills` (`SkillSet_id`, `skills`) VALUES ('1293', 'UnitTesting');
INSERT INTO `SkillSet_skills` (`SkillSet_id`, `skills`) VALUES ('1293', 'Architektur');
INSERT INTO `SkillSet_skills` (`SkillSet_id`, `skills`) VALUES ('1293', 'Java');
INSERT INTO `SkillSet_skills` (`SkillSet_id`, `skills`) VALUES ('1293', 'Ant');
INSERT INTO `Hero` (`id`, `firstName`, `lastName`, `role`, `skillSet_id`) VALUES ('1293', 'd70916ea-2ffb-4896-9e4d-0781df7cc168', 'ea199ef1-f949-40c0-a3dc-15f358795c3f', 'SeniorSoftwareEngineer', '1293');
INSERT INTO `SkillSet` (`id`) VALUES ('1294');
INSERT INTO `SkillSet_skills` (`SkillSet_id`, `skills`) VALUES ('1294', 'dotNet');
INSERT INTO `SkillSet_skills` (`SkillSet_id`, `skills`) VALUES ('1294', 'Ant');
INSERT INTO `SkillSet_skills` (`SkillSet_id`, `skills`) VALUES ('1294', 'dotNet');
INSERT INTO `Hero` (`id`, `firstName`, `lastName`, `role`, `skillSet_id`) VALUES ('1294', '72e79531-8717-42ae-81be-67e62dfc1630', '7a42d3d2-7035-46c9-8f28-a1f645b7b4a9', 'LeadEngineer', '1294');
INSERT INTO `SkillSet` (`id`) VALUES ('1295');
INSERT INTO `SkillSet_skills` (`SkillSet_id`, `skills`) VALUES ('1295', 'Java');
INSERT INTO `SkillSet_skills` (`SkillSet_id`, `skills`) VALUES ('1295', 'UnitTesting');
INSERT INTO `SkillSet_skills` (`SkillSet_id`, `skills`) VALUES ('1295', 'dotNet');
INSERT INTO `SkillSet_skills` (`SkillSet_id`, `skills`) VALUES ('1295', 'Architektur');
INSERT INTO `SkillSet_skills` (`SkillSet_id`, `skills`) VALUES ('1295', 'Java');
INSERT INTO `Hero` (`id`, `firstName`, `lastName`, `role`, `skillSet_id`) VALUES ('1295', 'bb49b905-985c-444b-831b-b52dfa6cbe7f', '733ed935-504f-4488-8dfc-d0096e4348af', 'PrincipalConsultant', '1295');
INSERT INTO `SkillSet` (`id`) VALUES ('1296');
INSERT INTO `SkillSet_skills` (`SkillSet_id`, `skills`) VALUES ('1296', 'Architektur');
INSERT INTO `SkillSet_skills` (`SkillSet_id`, `skills`) VALUES ('1296', 'Gradle');
INSERT INTO `SkillSet_skills` (`SkillSet_id`, `skills`) VALUES ('1296', 'UnitTesting');
INSERT INTO `SkillSet_skills` (`SkillSet_id`, `skills`) VALUES ('1296', 'SQL');
INSERT INTO `Hero` (`id`, `firstName`, `lastName`, `role`, `skillSet_id`) VALUES ('1296', '758d90b7-fa73-4bf8-a5a4-79bf0ed8b85b', 'bc3398a1-5a2c-429b-bd67-d116e3a0b92e', 'LeadSoftwareArchitect', '1296');
INSERT INTO `SkillSet` (`id`) VALUES ('1297');
INSERT INTO `SkillSet_skills` (`SkillSet_id`, `skills`) VALUES ('1297', 'UITesting');
INSERT INTO `SkillSet_skills` (`SkillSet_id`, `skills`) VALUES ('1297', 'UITesting');
INSERT INTO `SkillSet_skills` (`SkillSet_id`, `skills`) VALUES ('1297', 'UITesting');
INSERT INTO `SkillSet_skills` (`SkillSet_id`, `skills`) VALUES ('1297', 'Gradle');
INSERT INTO `Hero` (`id`, `firstName`, `lastName`, `role`, `skillSet_id`) VALUES ('1297', '8bc82716-a14f-4412-b474-9aa6f9682fa8', '12fb3fbd-69ab-48f4-8e90-764ee3adaf5a', 'PrincipalConsultant', '1297');
INSERT INTO `SkillSet` (`id`) VALUES ('1298');
INSERT INTO `SkillSet_skills` (`SkillSet_id`, `skills`) VALUES ('1298', 'Ant');
INSERT INTO `SkillSet_skills` (`SkillSet_id`, `skills`) VALUES ('1298', 'Gradle');
INSERT INTO `SkillSet_skills` (`SkillSet_id`, `skills`) VALUES ('1298', 'Ant');
INSERT INTO `SkillSet_skills` (`SkillSet_id`, `skills`) VALUES ('1298', 'Architektur');
INSERT INTO `SkillSet_skills` (`SkillSet_id`, `skills`) VALUES ('1298', 'UITesting');
INSERT INTO `Hero` (`id`, `firstName`, `lastName`, `role`, `skillSet_id`) VALUES ('1298', 'dbf09a9a-cace-4134-aa99-466f493b43c9', '641feaed-d4f8-4a5e-9a71-8fb28939c68b', 'LeadEngineer', '1298');
INSERT INTO `SkillSet` (`id`) VALUES ('1299');
INSERT INTO `SkillSet_skills` (`SkillSet_id`, `skills`) VALUES ('1299', 'SQL');
INSERT INTO `SkillSet_skills` (`SkillSet_id`, `skills`) VALUES ('1299', 'SQL');
INSERT INTO `SkillSet_skills` (`SkillSet_id`, `skills`) VALUES ('1299', 'Gradle');
INSERT INTO `Hero` (`id`, `firstName`, `lastName`, `role`, `skillSet_id`) VALUES ('1299', '0de89bb3-6264-40b2-8aa3-19d8a74a6c7b', '8279ba3e-b11b-427b-93bf-b0726a568ff6', 'JuniorSoftwareEngineer', '1299');
INSERT INTO `SkillSet` (`id`) VALUES ('1300');
INSERT INTO `SkillSet_skills` (`SkillSet_id`, `skills`) VALUES ('1300', 'Maven');
INSERT INTO `SkillSet_skills` (`SkillSet_id`, `skills`) VALUES ('1300', 'Java');
INSERT INTO `SkillSet_skills` (`SkillSet_id`, `skills`) VALUES ('1300', 'UITesting');
INSERT INTO `SkillSet_skills` (`SkillSet_id`, `skills`) VALUES ('1300', 'Maven');
INSERT INTO `Hero` (`id`, `firstName`, `lastName`, `role`, `skillSet_id`) VALUES ('1300', '2413ec36-b41c-4250-9fc4-bbc28e19c655', '0229e4b1-54c3-4abc-a211-3a5e59c012c7', 'LeadEngineer', '1300');
INSERT INTO `SkillSet` (`id`) VALUES ('1301');
INSERT INTO `SkillSet_skills` (`SkillSet_id`, `skills`) VALUES ('1301', 'UITesting');
INSERT INTO `Hero` (`id`, `firstName`, `lastName`, `role`, `skillSet_id`) VALUES ('1301', '400e3b9b-ccf0-41e6-8385-ccefc2c49880', 'b3826730-8485-428c-9679-53927f2d44ff', 'SoftwareEngineer', '1301');
INSERT INTO `SkillSet` (`id`) VALUES ('1302');
INSERT INTO `SkillSet_skills` (`SkillSet_id`, `skills`) VALUES ('1302', 'UnitTesting');
INSERT INTO `SkillSet_skills` (`SkillSet_id`, `skills`) VALUES ('1302', 'dotNet');
INSERT INTO `Hero` (`id`, `firstName`, `lastName`, `role`, `skillSet_id`) VALUES ('1302', '739efc9d-b48d-4ad5-9e97-0a0eff39c04b', '56f4b261-192c-4d34-a8ef-b34579314ab2', 'LeadSoftwareArchitect', '1302');
INSERT INTO `SkillSet` (`id`) VALUES ('1303');
INSERT INTO `SkillSet_skills` (`SkillSet_id`, `skills`) VALUES ('1303', 'SQL');
INSERT INTO `SkillSet_skills` (`SkillSet_id`, `skills`) VALUES ('1303', 'UITesting');
INSERT INTO `SkillSet_skills` (`SkillSet_id`, `skills`) VALUES ('1303', 'Maven');
INSERT INTO `SkillSet_skills` (`SkillSet_id`, `skills`) VALUES ('1303', 'Ant');
INSERT INTO `Hero` (`id`, `firstName`, `lastName`, `role`, `skillSet_id`) VALUES ('1303', 'ebdb3b9e-b4be-4123-afc5-91255247d632', '5d99a1bd-6028-46bf-9d73-e661513d2412', 'LeadEngineer', '1303');
INSERT INTO `SkillSet` (`id`) VALUES ('1304');
INSERT INTO `SkillSet_skills` (`SkillSet_id`, `skills`) VALUES ('1304', 'dotNet');
INSERT INTO `SkillSet_skills` (`SkillSet_id`, `skills`) VALUES ('1304', 'Java');
INSERT INTO `SkillSet_skills` (`SkillSet_id`, `skills`) VALUES ('1304', 'dotNet');
INSERT INTO `SkillSet_skills` (`SkillSet_id`, `skills`) VALUES ('1304', 'UITesting');
INSERT INTO `Hero` (`id`, `firstName`, `lastName`, `role`, `skillSet_id`) VALUES ('1304', 'e1dafe53-5ab9-43d4-929b-ae1688a32ef6', '367ad619-9b65-4ed8-a463-93a9cfe659f4', 'PrincipalConsultant', '1304');
INSERT INTO `SkillSet` (`id`) VALUES ('1305');
INSERT INTO `SkillSet_skills` (`SkillSet_id`, `skills`) VALUES ('1305', 'UnitTesting');
INSERT INTO `SkillSet_skills` (`SkillSet_id`, `skills`) VALUES ('1305', 'Architektur');
INSERT INTO `SkillSet_skills` (`SkillSet_id`, `skills`) VALUES ('1305', 'Architektur');
INSERT INTO `SkillSet_skills` (`SkillSet_id`, `skills`) VALUES ('1305', 'Gradle');
INSERT INTO `SkillSet_skills` (`SkillSet_id`, `skills`) VALUES ('1305', 'SQL');
INSERT INTO `Hero` (`id`, `firstName`, `lastName`, `role`, `skillSet_id`) VALUES ('1305', '9238625f-6edb-4ae3-a418-96e573b2281d', '8adf84c3-9811-49e6-9bbc-810977441920', 'PrincipalConsultant', '1305');
INSERT INTO `SkillSet` (`id`) VALUES ('1306');
INSERT INTO `SkillSet_skills` (`SkillSet_id`, `skills`) VALUES ('1306', 'Maven');
INSERT INTO `SkillSet_skills` (`SkillSet_id`, `skills`) VALUES ('1306', 'Java');
INSERT INTO `SkillSet_skills` (`SkillSet_id`, `skills`) VALUES ('1306', 'Java');
INSERT INTO `SkillSet_skills` (`SkillSet_id`, `skills`) VALUES ('1306', 'dotNet');
INSERT INTO `Hero` (`id`, `firstName`, `lastName`, `role`, `skillSet_id`) VALUES ('1306', 'ba525904-b331-4636-92c0-d457574b974f', '42d6d6fa-91dc-4322-85bf-cbe75c635788', 'SeniorSoftwareEngineer', '1306');
INSERT INTO `SkillSet` (`id`) VALUES ('1307');
INSERT INTO `SkillSet_skills` (`SkillSet_id`, `skills`) VALUES ('1307', 'Maven');
INSERT INTO `SkillSet_skills` (`SkillSet_id`, `skills`) VALUES ('1307', 'Gradle');
INSERT INTO `Hero` (`id`, `firstName`, `lastName`, `role`, `skillSet_id`) VALUES ('1307', 'a1a8de35-0140-4efe-b554-ffdea5e347d0', '06ce0b16-ef55-4c65-841a-1d442c41d74d', 'LeadSoftwareArchitect', '1307');
INSERT INTO `SkillSet` (`id`) VALUES ('1308');
INSERT INTO `SkillSet_skills` (`SkillSet_id`, `skills`) VALUES ('1308', 'UnitTesting');
INSERT INTO `SkillSet_skills` (`SkillSet_id`, `skills`) VALUES ('1308', 'UITesting');
INSERT INTO `SkillSet_skills` (`SkillSet_id`, `skills`) VALUES ('1308', 'Java');
INSERT INTO `Hero` (`id`, `firstName`, `lastName`, `role`, `skillSet_id`) VALUES ('1308', 'a533b38d-3e4d-44ea-8215-d079b5216939', 'b427a808-20e3-4f3f-bd89-ed8a71f72745', 'JuniorSoftwareEngineer', '1308');
INSERT INTO `SkillSet` (`id`) VALUES ('1309');
INSERT INTO `SkillSet_skills` (`SkillSet_id`, `skills`) VALUES ('1309', 'UnitTesting');
INSERT INTO `SkillSet_skills` (`SkillSet_id`, `skills`) VALUES ('1309', 'Gradle');
INSERT INTO `SkillSet_skills` (`SkillSet_id`, `skills`) VALUES ('1309', 'SQL');
INSERT INTO `SkillSet_skills` (`SkillSet_id`, `skills`) VALUES ('1309', 'Architektur');
INSERT INTO `Hero` (`id`, `firstName`, `lastName`, `role`, `skillSet_id`) VALUES ('1309', 'ced8a5a8-b342-448e-8e68-1271ac17adc2', '33e025b2-7e49-4dd9-9c7d-d1e5fa6a9a02', 'LeadSoftwareArchitect', '1309');
INSERT INTO `SkillSet` (`id`) VALUES ('1310');
INSERT INTO `SkillSet_skills` (`SkillSet_id`, `skills`) VALUES ('1310', 'Ant');
INSERT INTO `SkillSet_skills` (`SkillSet_id`, `skills`) VALUES ('1310', 'Architektur');
INSERT INTO `SkillSet_skills` (`SkillSet_id`, `skills`) VALUES ('1310', 'dotNet');
INSERT INTO `SkillSet_skills` (`SkillSet_id`, `skills`) VALUES ('1310', 'UITesting');
INSERT INTO `Hero` (`id`, `firstName`, `lastName`, `role`, `skillSet_id`) VALUES ('1310', 'ec53ded3-2dfe-432e-9311-b064466f380e', '5db3c1bf-b769-497c-ad39-de6b1383cd63', 'PrincipalConsultant', '1310');
INSERT INTO `SkillSet` (`id`) VALUES ('1311');
INSERT INTO `SkillSet_skills` (`SkillSet_id`, `skills`) VALUES ('1311', 'UnitTesting');
INSERT INTO `SkillSet_skills` (`SkillSet_id`, `skills`) VALUES ('1311', 'Java');
INSERT INTO `SkillSet_skills` (`SkillSet_id`, `skills`) VALUES ('1311', 'dotNet');
INSERT INTO `SkillSet_skills` (`SkillSet_id`, `skills`) VALUES ('1311', 'Java');
INSERT INTO `SkillSet_skills` (`SkillSet_id`, `skills`) VALUES ('1311', 'UITesting');
INSERT INTO `Hero` (`id`, `firstName`, `lastName`, `role`, `skillSet_id`) VALUES ('1311', '71b5582b-aa8a-45bd-8d88-669cc65a1108', '429022d8-1e8e-4411-9e4a-81b19dbee641', 'LeadEngineer', '1311');
INSERT INTO `SkillSet` (`id`) VALUES ('1312');
INSERT INTO `SkillSet_skills` (`SkillSet_id`, `skills`) VALUES ('1312', 'Ant');
INSERT INTO `SkillSet_skills` (`SkillSet_id`, `skills`) VALUES ('1312', 'Gradle');
INSERT INTO `SkillSet_skills` (`SkillSet_id`, `skills`) VALUES ('1312', 'dotNet');
INSERT INTO `Hero` (`id`, `firstName`, `lastName`, `role`, `skillSet_id`) VALUES ('1312', '915be76a-1d94-4bfb-ba24-a7cc667acdc8', 'e93ee7b4-f502-4cfa-b5ce-db547c37e0bd', 'SeniorSoftwareEngineer', '1312');
INSERT INTO `SkillSet` (`id`) VALUES ('1313');
INSERT INTO `SkillSet_skills` (`SkillSet_id`, `skills`) VALUES ('1313', 'UITesting');
INSERT INTO `SkillSet_skills` (`SkillSet_id`, `skills`) VALUES ('1313', 'UnitTesting');
INSERT INTO `SkillSet_skills` (`SkillSet_id`, `skills`) VALUES ('1313', 'SQL');
INSERT INTO `SkillSet_skills` (`SkillSet_id`, `skills`) VALUES ('1313', 'Architektur');
INSERT INTO `Hero` (`id`, `firstName`, `lastName`, `role`, `skillSet_id`) VALUES ('1313', 'fce834ec-52fd-4249-afc1-67ee94325552', '32eb70fc-d638-4f27-a36f-577f6bf7a7cf', 'SoftwareEngineer', '1313');
INSERT INTO `SkillSet` (`id`) VALUES ('1314');
INSERT INTO `SkillSet_skills` (`SkillSet_id`, `skills`) VALUES ('1314', 'Gradle');
INSERT INTO `Hero` (`id`, `firstName`, `lastName`, `role`, `skillSet_id`) VALUES ('1314', 'fb95013a-5759-4fc1-9a98-b3d401c97190', '0b8d407f-8277-4a4a-8f7e-40e77c1d9a56', 'LeadEngineer', '1314');
INSERT INTO `SkillSet` (`id`) VALUES ('1315');
INSERT INTO `SkillSet_skills` (`SkillSet_id`, `skills`) VALUES ('1315', 'dotNet');
INSERT INTO `SkillSet_skills` (`SkillSet_id`, `skills`) VALUES ('1315', 'Ant');
INSERT INTO `SkillSet_skills` (`SkillSet_id`, `skills`) VALUES ('1315', 'UITesting');
INSERT INTO `SkillSet_skills` (`SkillSet_id`, `skills`) VALUES ('1315', 'Java');
INSERT INTO `SkillSet_skills` (`SkillSet_id`, `skills`) VALUES ('1315', 'Maven');
INSERT INTO `Hero` (`id`, `firstName`, `lastName`, `role`, `skillSet_id`) VALUES ('1315', 'e84cb4a1-1577-42e8-a0d2-972971d1e4be', '0252c90d-07c4-4426-ad5b-a4ea6859a863', 'SeniorSoftwareEngineer', '1315');
INSERT INTO `SkillSet` (`id`) VALUES ('1316');
INSERT INTO `SkillSet_skills` (`SkillSet_id`, `skills`) VALUES ('1316', 'UnitTesting');
INSERT INTO `SkillSet_skills` (`SkillSet_id`, `skills`) VALUES ('1316', 'Gradle');
INSERT INTO `SkillSet_skills` (`SkillSet_id`, `skills`) VALUES ('1316', 'Ant');
INSERT INTO `SkillSet_skills` (`SkillSet_id`, `skills`) VALUES ('1316', 'UnitTesting');
INSERT INTO `Hero` (`id`, `firstName`, `lastName`, `role`, `skillSet_id`) VALUES ('1316', 'e4efe96b-cd2a-4437-8489-7b5738242794', 'c6ed508e-421f-401e-8bde-9dac0b603488', 'SeniorSoftwareEngineer', '1316');
INSERT INTO `SkillSet` (`id`) VALUES ('1317');
INSERT INTO `SkillSet_skills` (`SkillSet_id`, `skills`) VALUES ('1317', 'Architektur');
INSERT INTO `SkillSet_skills` (`SkillSet_id`, `skills`) VALUES ('1317', 'Maven');
INSERT INTO `SkillSet_skills` (`SkillSet_id`, `skills`) VALUES ('1317', 'Gradle');
INSERT INTO `Hero` (`id`, `firstName`, `lastName`, `role`, `skillSet_id`) VALUES ('1317', 'a71c7b2b-5583-421b-a186-85854f9ad85c', '75aa0f80-2f9b-4bd1-bed3-bee0d99ac4cc', 'SeniorSoftwareEngineer', '1317');
INSERT INTO `SkillSet` (`id`) VALUES ('1318');
INSERT INTO `SkillSet_skills` (`SkillSet_id`, `skills`) VALUES ('1318', 'Java');
INSERT INTO `Hero` (`id`, `firstName`, `lastName`, `role`, `skillSet_id`) VALUES ('1318', '50cae0f1-d540-427b-9610-568e2b8b02d8', 'd0344f3d-4512-4e5d-bc8c-60c1bb837fc8', 'SeniorSoftwareEngineer', '1318');
INSERT INTO `SkillSet` (`id`) VALUES ('1319');
INSERT INTO `SkillSet_skills` (`SkillSet_id`, `skills`) VALUES ('1319', 'Java');
INSERT INTO `SkillSet_skills` (`SkillSet_id`, `skills`) VALUES ('1319', 'SQL');
INSERT INTO `SkillSet_skills` (`SkillSet_id`, `skills`) VALUES ('1319', 'Ant');
INSERT INTO `Hero` (`id`, `firstName`, `lastName`, `role`, `skillSet_id`) VALUES ('1319', '7ded3bba-c3f7-44d8-b402-c9443fefd211', '07a7956e-2d41-4151-989b-73fcaeca9e31', 'LeadEngineer', '1319');
INSERT INTO `SkillSet` (`id`) VALUES ('1320');
INSERT INTO `SkillSet_skills` (`SkillSet_id`, `skills`) VALUES ('1320', 'Java');
INSERT INTO `SkillSet_skills` (`SkillSet_id`, `skills`) VALUES ('1320', 'Ant');
INSERT INTO `SkillSet_skills` (`SkillSet_id`, `skills`) VALUES ('1320', 'UITesting');
INSERT INTO `SkillSet_skills` (`SkillSet_id`, `skills`) VALUES ('1320', 'Architektur');
INSERT INTO `Hero` (`id`, `firstName`, `lastName`, `role`, `skillSet_id`) VALUES ('1320', '18923bea-bbf7-4afd-869f-59537b2c41a1', '2fd0834d-a59b-4ee6-a395-c94d313f3162', 'JuniorSoftwareEngineer', '1320');
INSERT INTO `SkillSet` (`id`) VALUES ('1321');
INSERT INTO `SkillSet_skills` (`SkillSet_id`, `skills`) VALUES ('1321', 'dotNet');
INSERT INTO `SkillSet_skills` (`SkillSet_id`, `skills`) VALUES ('1321', 'Maven');
INSERT INTO `SkillSet_skills` (`SkillSet_id`, `skills`) VALUES ('1321', 'Maven');
INSERT INTO `SkillSet_skills` (`SkillSet_id`, `skills`) VALUES ('1321', 'Architektur');
INSERT INTO `Hero` (`id`, `firstName`, `lastName`, `role`, `skillSet_id`) VALUES ('1321', '6625e36d-5a90-4ceb-b5f5-18608b709969', 'adc67c2d-d44e-4852-a7af-566a6cec9c76', 'SeniorSoftwareEngineer', '1321');
INSERT INTO `SkillSet` (`id`) VALUES ('1322');
INSERT INTO `SkillSet_skills` (`SkillSet_id`, `skills`) VALUES ('1322', 'Gradle');
INSERT INTO `SkillSet_skills` (`SkillSet_id`, `skills`) VALUES ('1322', 'UnitTesting');
INSERT INTO `SkillSet_skills` (`SkillSet_id`, `skills`) VALUES ('1322', 'SQL');
INSERT INTO `SkillSet_skills` (`SkillSet_id`, `skills`) VALUES ('1322', 'Gradle');
INSERT INTO `Hero` (`id`, `firstName`, `lastName`, `role`, `skillSet_id`) VALUES ('1322', '26dcbe29-c2ac-4e78-a7af-1c9cf1436039', 'b6885a9a-c6e1-47da-897c-ff193cb9ada1', 'LeadSoftwareArchitect', '1322');
INSERT INTO `SkillSet` (`id`) VALUES ('1323');
INSERT INTO `SkillSet_skills` (`SkillSet_id`, `skills`) VALUES ('1323', 'Maven');
INSERT INTO `SkillSet_skills` (`SkillSet_id`, `skills`) VALUES ('1323', 'Ant');
INSERT INTO `Hero` (`id`, `firstName`, `lastName`, `role`, `skillSet_id`) VALUES ('1323', '72ffb6d6-29c7-468e-98db-3c1122990190', '791afe22-3b2e-4652-813e-e0f6093bade5', 'SoftwareEngineer', '1323');
INSERT INTO `SkillSet` (`id`) VALUES ('1324');
INSERT INTO `SkillSet_skills` (`SkillSet_id`, `skills`) VALUES ('1324', 'UnitTesting');
INSERT INTO `Hero` (`id`, `firstName`, `lastName`, `role`, `skillSet_id`) VALUES ('1324', '71e4bf8d-d256-47e3-a752-49134bfdfd0c', '270a79ea-5732-481d-8cfb-18a32b1c5f94', 'SeniorSoftwareEngineer', '1324');
INSERT INTO `SkillSet` (`id`) VALUES ('1325');
INSERT INTO `SkillSet_skills` (`SkillSet_id`, `skills`) VALUES ('1325', 'Java');
INSERT INTO `SkillSet_skills` (`SkillSet_id`, `skills`) VALUES ('1325', 'UnitTesting');
INSERT INTO `SkillSet_skills` (`SkillSet_id`, `skills`) VALUES ('1325', 'Gradle');
INSERT INTO `Hero` (`id`, `firstName`, `lastName`, `role`, `skillSet_id`) VALUES ('1325', '814291ee-3078-4b7a-ba6b-8aa71a71aba3', '9a92fbcb-9837-471b-8a3a-e8c9449af6fe', 'PrincipalConsultant', '1325');
INSERT INTO `SkillSet` (`id`) VALUES ('1326');
INSERT INTO `SkillSet_skills` (`SkillSet_id`, `skills`) VALUES ('1326', 'UITesting');
INSERT INTO `SkillSet_skills` (`SkillSet_id`, `skills`) VALUES ('1326', 'Ant');
INSERT INTO `SkillSet_skills` (`SkillSet_id`, `skills`) VALUES ('1326', 'UITesting');
INSERT INTO `SkillSet_skills` (`SkillSet_id`, `skills`) VALUES ('1326', 'Maven');
INSERT INTO `Hero` (`id`, `firstName`, `lastName`, `role`, `skillSet_id`) VALUES ('1326', '25721758-51c5-4b4b-8599-57777fbe7af2', '53579dda-e0c0-46f4-a297-dac1054251be', 'PrincipalConsultant', '1326');
INSERT INTO `SkillSet` (`id`) VALUES ('1327');
INSERT INTO `SkillSet_skills` (`SkillSet_id`, `skills`) VALUES ('1327', 'Maven');
INSERT INTO `SkillSet_skills` (`SkillSet_id`, `skills`) VALUES ('1327', 'Gradle');
INSERT INTO `Hero` (`id`, `firstName`, `lastName`, `role`, `skillSet_id`) VALUES ('1327', '692fa05c-b0b4-4226-b426-7160da9824f3', 'cf552592-5aa3-4750-a560-3b0332e36ee6', 'SoftwareEngineer', '1327');
INSERT INTO `SkillSet` (`id`) VALUES ('1328');
INSERT INTO `SkillSet_skills` (`SkillSet_id`, `skills`) VALUES ('1328', 'Architektur');
INSERT INTO `SkillSet_skills` (`SkillSet_id`, `skills`) VALUES ('1328', 'Java');
INSERT INTO `SkillSet_skills` (`SkillSet_id`, `skills`) VALUES ('1328', 'Ant');
INSERT INTO `Hero` (`id`, `firstName`, `lastName`, `role`, `skillSet_id`) VALUES ('1328', '2c3fbcfd-ca6c-48c5-974e-1f09a4b908f7', '4995dac0-d7cc-4597-8205-4c9f9c808da9', 'SoftwareEngineer', '1328');
INSERT INTO `SkillSet` (`id`) VALUES ('1329');
INSERT INTO `SkillSet_skills` (`SkillSet_id`, `skills`) VALUES ('1329', 'Maven');
INSERT INTO `SkillSet_skills` (`SkillSet_id`, `skills`) VALUES ('1329', 'SQL');
INSERT INTO `Hero` (`id`, `firstName`, `lastName`, `role`, `skillSet_id`) VALUES ('1329', '203a346d-ab39-484e-a905-05d2a02da005', 'f0722502-7b07-4164-90fc-db8d0d6f1ee8', 'SeniorSoftwareEngineer', '1329');
INSERT INTO `SkillSet` (`id`) VALUES ('1330');
INSERT INTO `SkillSet_skills` (`SkillSet_id`, `skills`) VALUES ('1330', 'dotNet');
INSERT INTO `SkillSet_skills` (`SkillSet_id`, `skills`) VALUES ('1330', 'Ant');
INSERT INTO `SkillSet_skills` (`SkillSet_id`, `skills`) VALUES ('1330', 'Maven');
INSERT INTO `SkillSet_skills` (`SkillSet_id`, `skills`) VALUES ('1330', 'Maven');
INSERT INTO `SkillSet_skills` (`SkillSet_id`, `skills`) VALUES ('1330', 'Ant');
INSERT INTO `Hero` (`id`, `firstName`, `lastName`, `role`, `skillSet_id`) VALUES ('1330', '96cf7b7d-7e39-443c-a932-237f45a51769', '2042d66c-c634-4e94-a799-ce22222ed145', 'PrincipalConsultant', '1330');
INSERT INTO `SkillSet` (`id`) VALUES ('1331');
INSERT INTO `SkillSet_skills` (`SkillSet_id`, `skills`) VALUES ('1331', 'Maven');
INSERT INTO `Hero` (`id`, `firstName`, `lastName`, `role`, `skillSet_id`) VALUES ('1331', 'c679b698-e7d8-486e-b75e-d0e307c17a46', 'd51c1e00-e845-491a-a966-a38bb547797c', 'JuniorSoftwareEngineer', '1331');
INSERT INTO `SkillSet` (`id`) VALUES ('1332');
INSERT INTO `SkillSet_skills` (`SkillSet_id`, `skills`) VALUES ('1332', 'SQL');
INSERT INTO `SkillSet_skills` (`SkillSet_id`, `skills`) VALUES ('1332', 'Java');
INSERT INTO `Hero` (`id`, `firstName`, `lastName`, `role`, `skillSet_id`) VALUES ('1332', 'd794955b-17a6-42d1-afcd-ebe6e48aadb7', 'f14dd6b6-7dec-4416-95e1-323548a802f5', 'SeniorSoftwareEngineer', '1332');
INSERT INTO `SkillSet` (`id`) VALUES ('1333');
INSERT INTO `SkillSet_skills` (`SkillSet_id`, `skills`) VALUES ('1333', 'dotNet');
INSERT INTO `SkillSet_skills` (`SkillSet_id`, `skills`) VALUES ('1333', 'Architektur');
INSERT INTO `Hero` (`id`, `firstName`, `lastName`, `role`, `skillSet_id`) VALUES ('1333', 'd3ecd02c-6e2d-4882-a085-3f341b7f632f', 'e019bb19-fe9b-47af-8060-541be2986c12', 'SeniorSoftwareEngineer', '1333');
INSERT INTO `SkillSet` (`id`) VALUES ('1334');
INSERT INTO `SkillSet_skills` (`SkillSet_id`, `skills`) VALUES ('1334', 'Java');
INSERT INTO `SkillSet_skills` (`SkillSet_id`, `skills`) VALUES ('1334', 'Java');
INSERT INTO `Hero` (`id`, `firstName`, `lastName`, `role`, `skillSet_id`) VALUES ('1334', 'c273bd5f-809f-4143-8740-8cbcf81f3b54', 'e7789f68-3133-45bf-8003-2c9d28fb354d', 'LeadSoftwareArchitect', '1334');
INSERT INTO `SkillSet` (`id`) VALUES ('1335');
INSERT INTO `SkillSet_skills` (`SkillSet_id`, `skills`) VALUES ('1335', 'UITesting');
INSERT INTO `SkillSet_skills` (`SkillSet_id`, `skills`) VALUES ('1335', 'Architektur');
INSERT INTO `SkillSet_skills` (`SkillSet_id`, `skills`) VALUES ('1335', 'dotNet');
INSERT INTO `SkillSet_skills` (`SkillSet_id`, `skills`) VALUES ('1335', 'UITesting');
INSERT INTO `SkillSet_skills` (`SkillSet_id`, `skills`) VALUES ('1335', 'Ant');
INSERT INTO `Hero` (`id`, `firstName`, `lastName`, `role`, `skillSet_id`) VALUES ('1335', '6feb87de-987b-436a-8383-c918b65c9bb0', '58847754-7d0f-4c72-be5a-881e7e08f304', 'PrincipalConsultant', '1335');
INSERT INTO `SkillSet` (`id`) VALUES ('1336');
INSERT INTO `SkillSet_skills` (`SkillSet_id`, `skills`) VALUES ('1336', 'UnitTesting');
INSERT INTO `Hero` (`id`, `firstName`, `lastName`, `role`, `skillSet_id`) VALUES ('1336', '20b76d3c-5e09-4765-bca0-5cfe54f54d7c', '380dfbda-f4bd-4354-a5c0-14cae706972a', 'JuniorSoftwareEngineer', '1336');
INSERT INTO `SkillSet` (`id`) VALUES ('1337');
INSERT INTO `SkillSet_skills` (`SkillSet_id`, `skills`) VALUES ('1337', 'SQL');
INSERT INTO `Hero` (`id`, `firstName`, `lastName`, `role`, `skillSet_id`) VALUES ('1337', '423ee446-d983-448f-a5fd-b8507827eaea', '1c670dc6-7429-42f0-b037-90922d1a4bb2', 'LeadEngineer', '1337');
INSERT INTO `SkillSet` (`id`) VALUES ('1338');
INSERT INTO `SkillSet_skills` (`SkillSet_id`, `skills`) VALUES ('1338', 'UITesting');
INSERT INTO `SkillSet_skills` (`SkillSet_id`, `skills`) VALUES ('1338', 'Architektur');
INSERT INTO `SkillSet_skills` (`SkillSet_id`, `skills`) VALUES ('1338', 'dotNet');
INSERT INTO `SkillSet_skills` (`SkillSet_id`, `skills`) VALUES ('1338', 'dotNet');
INSERT INTO `SkillSet_skills` (`SkillSet_id`, `skills`) VALUES ('1338', 'UITesting');
INSERT INTO `Hero` (`id`, `firstName`, `lastName`, `role`, `skillSet_id`) VALUES ('1338', '3db762e6-3e30-444d-a2d6-686f5a2c643a', '03f2f9a1-490d-4b0c-892b-ae541ed55ac6', 'SeniorSoftwareEngineer', '1338');
INSERT INTO `SkillSet` (`id`) VALUES ('1339');
INSERT INTO `SkillSet_skills` (`SkillSet_id`, `skills`) VALUES ('1339', 'Maven');
INSERT INTO `SkillSet_skills` (`SkillSet_id`, `skills`) VALUES ('1339', 'UITesting');
INSERT INTO `SkillSet_skills` (`SkillSet_id`, `skills`) VALUES ('1339', 'UnitTesting');
INSERT INTO `SkillSet_skills` (`SkillSet_id`, `skills`) VALUES ('1339', 'Architektur');
INSERT INTO `SkillSet_skills` (`SkillSet_id`, `skills`) VALUES ('1339', 'dotNet');
INSERT INTO `Hero` (`id`, `firstName`, `lastName`, `role`, `skillSet_id`) VALUES ('1339', '81283953-6c55-416b-829f-9e94df8f1f00', '5661e276-2250-4a81-acd2-e027857d4a53', 'SeniorSoftwareEngineer', '1339');
INSERT INTO `SkillSet` (`id`) VALUES ('1340');
INSERT INTO `SkillSet_skills` (`SkillSet_id`, `skills`) VALUES ('1340', 'Architektur');
INSERT INTO `SkillSet_skills` (`SkillSet_id`, `skills`) VALUES ('1340', 'Maven');
INSERT INTO `Hero` (`id`, `firstName`, `lastName`, `role`, `skillSet_id`) VALUES ('1340', '23c7359a-b15c-4c3e-b5a1-015e2b5c2379', '43f0ce16-85d8-4bec-a1d7-5ac4354dd852', 'JuniorSoftwareEngineer', '1340');
INSERT INTO `SkillSet` (`id`) VALUES ('1341');
INSERT INTO `SkillSet_skills` (`SkillSet_id`, `skills`) VALUES ('1341', 'Maven');
INSERT INTO `SkillSet_skills` (`SkillSet_id`, `skills`) VALUES ('1341', 'Maven');
INSERT INTO `SkillSet_skills` (`SkillSet_id`, `skills`) VALUES ('1341', 'UnitTesting');
INSERT INTO `SkillSet_skills` (`SkillSet_id`, `skills`) VALUES ('1341', 'Ant');
INSERT INTO `Hero` (`id`, `firstName`, `lastName`, `role`, `skillSet_id`) VALUES ('1341', 'a92b5ae8-5930-4bd2-9f3f-e16280dc548c', '8d1fab4e-47ee-4cda-80eb-bc8d76fba2c9', 'JuniorSoftwareEngineer', '1341');
INSERT INTO `SkillSet` (`id`) VALUES ('1342');
INSERT INTO `SkillSet_skills` (`SkillSet_id`, `skills`) VALUES ('1342', 'UnitTesting');
INSERT INTO `SkillSet_skills` (`SkillSet_id`, `skills`) VALUES ('1342', 'Java');
INSERT INTO `SkillSet_skills` (`SkillSet_id`, `skills`) VALUES ('1342', 'Gradle');
INSERT INTO `SkillSet_skills` (`SkillSet_id`, `skills`) VALUES ('1342', 'UITesting');
INSERT INTO `Hero` (`id`, `firstName`, `lastName`, `role`, `skillSet_id`) VALUES ('1342', '9a913f80-f2e9-40d1-843d-9d69a12dc337', 'ad092e89-e374-487f-b388-98053315a6c8', 'LeadEngineer', '1342');
INSERT INTO `SkillSet` (`id`) VALUES ('1343');
INSERT INTO `SkillSet_skills` (`SkillSet_id`, `skills`) VALUES ('1343', 'Ant');
INSERT INTO `Hero` (`id`, `firstName`, `lastName`, `role`, `skillSet_id`) VALUES ('1343', '5a7239cd-d7d6-45d3-bbe7-c5a905b68891', '5f239b9a-b579-48a9-9b40-0d4286c28b5f', 'PrincipalConsultant', '1343');
INSERT INTO `SkillSet` (`id`) VALUES ('1344');
INSERT INTO `SkillSet_skills` (`SkillSet_id`, `skills`) VALUES ('1344', 'UITesting');
INSERT INTO `Hero` (`id`, `firstName`, `lastName`, `role`, `skillSet_id`) VALUES ('1344', '5e643f64-4d87-449f-83d8-a84b3befbe76', '7cabc52e-d1f9-41f1-ab4f-e2ff85e3eb6d', 'SoftwareEngineer', '1344');
INSERT INTO `SkillSet` (`id`) VALUES ('1345');
INSERT INTO `SkillSet_skills` (`SkillSet_id`, `skills`) VALUES ('1345', 'UnitTesting');
INSERT INTO `SkillSet_skills` (`SkillSet_id`, `skills`) VALUES ('1345', 'Java');
INSERT INTO `SkillSet_skills` (`SkillSet_id`, `skills`) VALUES ('1345', 'Gradle');
INSERT INTO `Hero` (`id`, `firstName`, `lastName`, `role`, `skillSet_id`) VALUES ('1345', '482e480c-7f3d-4180-bc12-f865f91f54b0', 'a0e339ce-36b3-4418-8692-8028f25bc753', 'PrincipalConsultant', '1345');
INSERT INTO `SkillSet` (`id`) VALUES ('1346');
INSERT INTO `SkillSet_skills` (`SkillSet_id`, `skills`) VALUES ('1346', 'UnitTesting');
INSERT INTO `SkillSet_skills` (`SkillSet_id`, `skills`) VALUES ('1346', 'UnitTesting');
INSERT INTO `SkillSet_skills` (`SkillSet_id`, `skills`) VALUES ('1346', 'UITesting');
INSERT INTO `SkillSet_skills` (`SkillSet_id`, `skills`) VALUES ('1346', 'Architektur');
INSERT INTO `SkillSet_skills` (`SkillSet_id`, `skills`) VALUES ('1346', 'UITesting');
INSERT INTO `Hero` (`id`, `firstName`, `lastName`, `role`, `skillSet_id`) VALUES ('1346', '21ceb6c4-8589-4d0f-99cf-83069e20e1b0', '33d2e5ee-caac-437b-a01e-a7282e713a86', 'LeadEngineer', '1346');
INSERT INTO `SkillSet` (`id`) VALUES ('1347');
INSERT INTO `SkillSet_skills` (`SkillSet_id`, `skills`) VALUES ('1347', 'Ant');
INSERT INTO `SkillSet_skills` (`SkillSet_id`, `skills`) VALUES ('1347', 'Ant');
INSERT INTO `SkillSet_skills` (`SkillSet_id`, `skills`) VALUES ('1347', 'Maven');
INSERT INTO `SkillSet_skills` (`SkillSet_id`, `skills`) VALUES ('1347', 'Maven');
INSERT INTO `Hero` (`id`, `firstName`, `lastName`, `role`, `skillSet_id`) VALUES ('1347', '3c704487-871b-423b-8aca-67328c9cddd4', '6874419e-e8f0-40bb-8b4f-52440ac7e81d', 'PrincipalConsultant', '1347');
INSERT INTO `SkillSet` (`id`) VALUES ('1348');
INSERT INTO `SkillSet_skills` (`SkillSet_id`, `skills`) VALUES ('1348', 'UITesting');
INSERT INTO `Hero` (`id`, `firstName`, `lastName`, `role`, `skillSet_id`) VALUES ('1348', 'bce2769f-fb42-4f6f-9d4e-67e631860c57', 'ad2c79ec-dbb9-4ce7-ba4f-b89afcb95ce3', 'LeadEngineer', '1348');
INSERT INTO `SkillSet` (`id`) VALUES ('1349');
INSERT INTO `SkillSet_skills` (`SkillSet_id`, `skills`) VALUES ('1349', 'Ant');
INSERT INTO `SkillSet_skills` (`SkillSet_id`, `skills`) VALUES ('1349', 'UITesting');
INSERT INTO `SkillSet_skills` (`SkillSet_id`, `skills`) VALUES ('1349', 'Architektur');
INSERT INTO `Hero` (`id`, `firstName`, `lastName`, `role`, `skillSet_id`) VALUES ('1349', '1b7b3c44-8be3-4499-a456-53532027f6aa', '8c0f660f-5427-456b-a85c-caa64b7bef3e', 'LeadSoftwareArchitect', '1349');
INSERT INTO `SkillSet` (`id`) VALUES ('1350');
INSERT INTO `SkillSet_skills` (`SkillSet_id`, `skills`) VALUES ('1350', 'UnitTesting');
INSERT INTO `SkillSet_skills` (`SkillSet_id`, `skills`) VALUES ('1350', 'Architektur');
INSERT INTO `SkillSet_skills` (`SkillSet_id`, `skills`) VALUES ('1350', 'Maven');
INSERT INTO `SkillSet_skills` (`SkillSet_id`, `skills`) VALUES ('1350', 'Ant');
INSERT INTO `SkillSet_skills` (`SkillSet_id`, `skills`) VALUES ('1350', 'UITesting');
INSERT INTO `Hero` (`id`, `firstName`, `lastName`, `role`, `skillSet_id`) VALUES ('1350', 'fccc0d64-390d-471c-a5f8-d81aea6739cd', 'bf9c1be9-0e52-48e8-b3dd-64dfb6db051e', 'SeniorSoftwareEngineer', '1350');
INSERT INTO `SkillSet` (`id`) VALUES ('1351');
INSERT INTO `SkillSet_skills` (`SkillSet_id`, `skills`) VALUES ('1351', 'Gradle');
INSERT INTO `SkillSet_skills` (`SkillSet_id`, `skills`) VALUES ('1351', 'Gradle');
INSERT INTO `SkillSet_skills` (`SkillSet_id`, `skills`) VALUES ('1351', 'dotNet');
INSERT INTO `SkillSet_skills` (`SkillSet_id`, `skills`) VALUES ('1351', 'Gradle');
INSERT INTO `Hero` (`id`, `firstName`, `lastName`, `role`, `skillSet_id`) VALUES ('1351', '5fb9853e-f215-467d-840d-4e13c7629866', '58f56138-c692-4b93-843c-dc66f472ed4e', 'LeadSoftwareArchitect', '1351');
INSERT INTO `SkillSet` (`id`) VALUES ('1352');
INSERT INTO `SkillSet_skills` (`SkillSet_id`, `skills`) VALUES ('1352', 'dotNet');
INSERT INTO `SkillSet_skills` (`SkillSet_id`, `skills`) VALUES ('1352', 'UnitTesting');
INSERT INTO `SkillSet_skills` (`SkillSet_id`, `skills`) VALUES ('1352', 'UnitTesting');
INSERT INTO `Hero` (`id`, `firstName`, `lastName`, `role`, `skillSet_id`) VALUES ('1352', '9043b6fa-f115-4b9d-a19a-811d37386bf5', 'e0eed32b-c722-4a50-8b00-58c82680bc15', 'JuniorSoftwareEngineer', '1352');
INSERT INTO `SkillSet` (`id`) VALUES ('1353');
INSERT INTO `SkillSet_skills` (`SkillSet_id`, `skills`) VALUES ('1353', 'Java');
INSERT INTO `SkillSet_skills` (`SkillSet_id`, `skills`) VALUES ('1353', 'Ant');
INSERT INTO `SkillSet_skills` (`SkillSet_id`, `skills`) VALUES ('1353', 'Java');
INSERT INTO `Hero` (`id`, `firstName`, `lastName`, `role`, `skillSet_id`) VALUES ('1353', '7b6369cb-4bcd-4bb0-968b-a45d241e690a', '9d760238-d8eb-48ea-8d4c-8a9c9647e9bc', 'JuniorSoftwareEngineer', '1353');
INSERT INTO `SkillSet` (`id`) VALUES ('1354');
INSERT INTO `SkillSet_skills` (`SkillSet_id`, `skills`) VALUES ('1354', 'Gradle');
INSERT INTO `SkillSet_skills` (`SkillSet_id`, `skills`) VALUES ('1354', 'Java');
INSERT INTO `SkillSet_skills` (`SkillSet_id`, `skills`) VALUES ('1354', 'Ant');
INSERT INTO `SkillSet_skills` (`SkillSet_id`, `skills`) VALUES ('1354', 'UITesting');
INSERT INTO `SkillSet_skills` (`SkillSet_id`, `skills`) VALUES ('1354', 'Architektur');
INSERT INTO `Hero` (`id`, `firstName`, `lastName`, `role`, `skillSet_id`) VALUES ('1354', '87e44bf5-7711-4f7c-bea9-129f20fb60b8', '280bba8d-f1cb-49e0-9cbf-44400548ca8a', 'SeniorSoftwareEngineer', '1354');
INSERT INTO `SkillSet` (`id`) VALUES ('1355');
INSERT INTO `SkillSet_skills` (`SkillSet_id`, `skills`) VALUES ('1355', 'Gradle');
INSERT INTO `SkillSet_skills` (`SkillSet_id`, `skills`) VALUES ('1355', 'SQL');
INSERT INTO `SkillSet_skills` (`SkillSet_id`, `skills`) VALUES ('1355', 'Architektur');
INSERT INTO `Hero` (`id`, `firstName`, `lastName`, `role`, `skillSet_id`) VALUES ('1355', 'c40c9299-113c-4533-a879-f9edc8446ec7', 'c0b1e355-30bb-4bb2-9fc5-8366a8b73a52', 'JuniorSoftwareEngineer', '1355');
INSERT INTO `SkillSet` (`id`) VALUES ('1356');
INSERT INTO `SkillSet_skills` (`SkillSet_id`, `skills`) VALUES ('1356', 'Ant');
INSERT INTO `Hero` (`id`, `firstName`, `lastName`, `role`, `skillSet_id`) VALUES ('1356', 'b9d87117-75b4-4da1-a5fa-48985d3acea7', 'c513dfa7-a781-4631-a416-cc9ec7108350', 'SeniorSoftwareEngineer', '1356');
INSERT INTO `SkillSet` (`id`) VALUES ('1357');
INSERT INTO `SkillSet_skills` (`SkillSet_id`, `skills`) VALUES ('1357', 'Architektur');
INSERT INTO `SkillSet_skills` (`SkillSet_id`, `skills`) VALUES ('1357', 'dotNet');
INSERT INTO `Hero` (`id`, `firstName`, `lastName`, `role`, `skillSet_id`) VALUES ('1357', '866c1917-584c-4804-9463-07e4da1bd9de', '38b28a16-f026-4558-9cd0-24e3eaf182aa', 'SoftwareEngineer', '1357');
INSERT INTO `SkillSet` (`id`) VALUES ('1358');
INSERT INTO `SkillSet_skills` (`SkillSet_id`, `skills`) VALUES ('1358', 'SQL');
INSERT INTO `SkillSet_skills` (`SkillSet_id`, `skills`) VALUES ('1358', 'Ant');
INSERT INTO `SkillSet_skills` (`SkillSet_id`, `skills`) VALUES ('1358', 'dotNet');
INSERT INTO `SkillSet_skills` (`SkillSet_id`, `skills`) VALUES ('1358', 'Maven');
INSERT INTO `SkillSet_skills` (`SkillSet_id`, `skills`) VALUES ('1358', 'SQL');
INSERT INTO `Hero` (`id`, `firstName`, `lastName`, `role`, `skillSet_id`) VALUES ('1358', '4993a270-1f3d-489a-93b5-48427f40e816', 'c1f12e99-67fb-4fe4-8299-02f3339d4bca', 'LeadEngineer', '1358');
INSERT INTO `SkillSet` (`id`) VALUES ('1359');
INSERT INTO `SkillSet_skills` (`SkillSet_id`, `skills`) VALUES ('1359', 'SQL');
INSERT INTO `SkillSet_skills` (`SkillSet_id`, `skills`) VALUES ('1359', 'UnitTesting');
INSERT INTO `SkillSet_skills` (`SkillSet_id`, `skills`) VALUES ('1359', 'SQL');
INSERT INTO `Hero` (`id`, `firstName`, `lastName`, `role`, `skillSet_id`) VALUES ('1359', '90e66e47-7134-4b08-8a13-b2c64ab4fb0c', '93628892-d304-4eed-b537-9150551af7c3', 'PrincipalConsultant', '1359');
INSERT INTO `SkillSet` (`id`) VALUES ('1360');
INSERT INTO `SkillSet_skills` (`SkillSet_id`, `skills`) VALUES ('1360', 'UITesting');
INSERT INTO `Hero` (`id`, `firstName`, `lastName`, `role`, `skillSet_id`) VALUES ('1360', 'b89f20e1-f9b4-4db1-8065-0ba2a5675415', 'b5e8c72a-6fbe-42c6-b22a-b4259fa5d0fe', 'SoftwareEngineer', '1360');
INSERT INTO `SkillSet` (`id`) VALUES ('1361');
INSERT INTO `SkillSet_skills` (`SkillSet_id`, `skills`) VALUES ('1361', 'Architektur');
INSERT INTO `SkillSet_skills` (`SkillSet_id`, `skills`) VALUES ('1361', 'SQL');
INSERT INTO `SkillSet_skills` (`SkillSet_id`, `skills`) VALUES ('1361', 'Gradle');
INSERT INTO `SkillSet_skills` (`SkillSet_id`, `skills`) VALUES ('1361', 'Ant');
INSERT INTO `Hero` (`id`, `firstName`, `lastName`, `role`, `skillSet_id`) VALUES ('1361', '1231e37a-5803-496a-829a-d7fe74bd3de7', '87fe6ab0-30bc-4b3e-b3e5-7294170220eb', 'PrincipalConsultant', '1361');
INSERT INTO `SkillSet` (`id`) VALUES ('1362');
INSERT INTO `SkillSet_skills` (`SkillSet_id`, `skills`) VALUES ('1362', 'dotNet');
INSERT INTO `SkillSet_skills` (`SkillSet_id`, `skills`) VALUES ('1362', 'Gradle');
INSERT INTO `SkillSet_skills` (`SkillSet_id`, `skills`) VALUES ('1362', 'dotNet');
INSERT INTO `Hero` (`id`, `firstName`, `lastName`, `role`, `skillSet_id`) VALUES ('1362', 'e686b4ba-945c-4f5e-a938-b901cc6cb363', 'e8d83af2-3036-42b9-94d2-1de1c2e0b862', 'LeadSoftwareArchitect', '1362');
INSERT INTO `SkillSet` (`id`) VALUES ('1363');
INSERT INTO `SkillSet_skills` (`SkillSet_id`, `skills`) VALUES ('1363', 'dotNet');
INSERT INTO `Hero` (`id`, `firstName`, `lastName`, `role`, `skillSet_id`) VALUES ('1363', '9d1eb4ea-e0b2-44fd-9968-ff2fa0694ab9', 'd36ba4db-2d20-4634-8db0-25fc7d83b7ae', 'JuniorSoftwareEngineer', '1363');
INSERT INTO `SkillSet` (`id`) VALUES ('1364');
INSERT INTO `SkillSet_skills` (`SkillSet_id`, `skills`) VALUES ('1364', 'Java');
INSERT INTO `SkillSet_skills` (`SkillSet_id`, `skills`) VALUES ('1364', 'Maven');
INSERT INTO `SkillSet_skills` (`SkillSet_id`, `skills`) VALUES ('1364', 'UnitTesting');
INSERT INTO `SkillSet_skills` (`SkillSet_id`, `skills`) VALUES ('1364', 'SQL');
INSERT INTO `Hero` (`id`, `firstName`, `lastName`, `role`, `skillSet_id`) VALUES ('1364', '68ddb93c-6337-4f93-87c0-356faf51343e', 'c39a6b17-12de-4ad2-81e8-285e820bc3f0', 'JuniorSoftwareEngineer', '1364');
INSERT INTO `SkillSet` (`id`) VALUES ('1365');
INSERT INTO `SkillSet_skills` (`SkillSet_id`, `skills`) VALUES ('1365', 'UnitTesting');
INSERT INTO `Hero` (`id`, `firstName`, `lastName`, `role`, `skillSet_id`) VALUES ('1365', '23d4b59f-d607-4ef7-a1a2-c33cdd9b7374', 'dbbf0df4-1951-4b93-9c23-4157e3c96ae4', 'JuniorSoftwareEngineer', '1365');
INSERT INTO `SkillSet` (`id`) VALUES ('1366');
INSERT INTO `SkillSet_skills` (`SkillSet_id`, `skills`) VALUES ('1366', 'Architektur');
INSERT INTO `Hero` (`id`, `firstName`, `lastName`, `role`, `skillSet_id`) VALUES ('1366', 'e82b5125-143f-4cf6-9d9d-d9a0e96d7def', '9a4454b4-1ab8-48ef-b03e-e9e6ac171d13', 'LeadEngineer', '1366');
INSERT INTO `SkillSet` (`id`) VALUES ('1367');
INSERT INTO `SkillSet_skills` (`SkillSet_id`, `skills`) VALUES ('1367', 'UITesting');
INSERT INTO `SkillSet_skills` (`SkillSet_id`, `skills`) VALUES ('1367', 'UITesting');
INSERT INTO `SkillSet_skills` (`SkillSet_id`, `skills`) VALUES ('1367', 'dotNet');
INSERT INTO `SkillSet_skills` (`SkillSet_id`, `skills`) VALUES ('1367', 'UITesting');
INSERT INTO `SkillSet_skills` (`SkillSet_id`, `skills`) VALUES ('1367', 'Gradle');
INSERT INTO `Hero` (`id`, `firstName`, `lastName`, `role`, `skillSet_id`) VALUES ('1367', '09cceb2b-2550-4279-abfe-ac46233cbbf3', 'c40d654c-5544-49c8-936b-69e851704971', 'SeniorSoftwareEngineer', '1367');
INSERT INTO `SkillSet` (`id`) VALUES ('1368');
INSERT INTO `SkillSet_skills` (`SkillSet_id`, `skills`) VALUES ('1368', 'Gradle');
INSERT INTO `SkillSet_skills` (`SkillSet_id`, `skills`) VALUES ('1368', 'dotNet');
INSERT INTO `SkillSet_skills` (`SkillSet_id`, `skills`) VALUES ('1368', 'dotNet');
INSERT INTO `Hero` (`id`, `firstName`, `lastName`, `role`, `skillSet_id`) VALUES ('1368', 'd6876d01-ee3f-4bbd-959e-4cbae20a146f', 'd4693158-c479-40e7-8e95-5e09a68f4e4c', 'SeniorSoftwareEngineer', '1368');
INSERT INTO `SkillSet` (`id`) VALUES ('1369');
INSERT INTO `SkillSet_skills` (`SkillSet_id`, `skills`) VALUES ('1369', 'Java');
INSERT INTO `SkillSet_skills` (`SkillSet_id`, `skills`) VALUES ('1369', 'Java');
INSERT INTO `Hero` (`id`, `firstName`, `lastName`, `role`, `skillSet_id`) VALUES ('1369', '1459bccd-8af7-48b5-b2c1-f30ba9caec2f', '52396f00-ace0-41f9-bbaf-e6b5d5dce1db', 'LeadEngineer', '1369');
INSERT INTO `SkillSet` (`id`) VALUES ('1370');
INSERT INTO `SkillSet_skills` (`SkillSet_id`, `skills`) VALUES ('1370', 'Ant');
INSERT INTO `SkillSet_skills` (`SkillSet_id`, `skills`) VALUES ('1370', 'Maven');
INSERT INTO `Hero` (`id`, `firstName`, `lastName`, `role`, `skillSet_id`) VALUES ('1370', 'ee8ec549-ee1e-4b34-922b-bf18fbe2a981', '20b57bc5-8f80-4788-9fc5-c0f665f1938a', 'LeadEngineer', '1370');
INSERT INTO `SkillSet` (`id`) VALUES ('1371');
INSERT INTO `SkillSet_skills` (`SkillSet_id`, `skills`) VALUES ('1371', 'Ant');
INSERT INTO `SkillSet_skills` (`SkillSet_id`, `skills`) VALUES ('1371', 'Architektur');
INSERT INTO `SkillSet_skills` (`SkillSet_id`, `skills`) VALUES ('1371', 'Ant');
INSERT INTO `SkillSet_skills` (`SkillSet_id`, `skills`) VALUES ('1371', 'Ant');
INSERT INTO `SkillSet_skills` (`SkillSet_id`, `skills`) VALUES ('1371', 'UITesting');
INSERT INTO `Hero` (`id`, `firstName`, `lastName`, `role`, `skillSet_id`) VALUES ('1371', 'd04c2327-56a7-4400-90b2-7c0f3f8f796c', 'a9a0b1da-aaff-4dc2-9223-216fb15d935a', 'JuniorSoftwareEngineer', '1371');
INSERT INTO `SkillSet` (`id`) VALUES ('1372');
INSERT INTO `SkillSet_skills` (`SkillSet_id`, `skills`) VALUES ('1372', 'Architektur');
INSERT INTO `Hero` (`id`, `firstName`, `lastName`, `role`, `skillSet_id`) VALUES ('1372', '8128be3b-55eb-4caf-8622-c2e17ebc2e60', '17bdd03e-9d9d-4b38-93b1-574f1dfd40c7', 'PrincipalConsultant', '1372');
INSERT INTO `SkillSet` (`id`) VALUES ('1373');
INSERT INTO `SkillSet_skills` (`SkillSet_id`, `skills`) VALUES ('1373', 'UnitTesting');
INSERT INTO `Hero` (`id`, `firstName`, `lastName`, `role`, `skillSet_id`) VALUES ('1373', 'c708fcf1-7e27-4d60-8b5b-a6c5606afa57', '3e8846b0-4e44-4acf-bca0-047f3cd560d7', 'JuniorSoftwareEngineer', '1373');
INSERT INTO `SkillSet` (`id`) VALUES ('1374');
INSERT INTO `SkillSet_skills` (`SkillSet_id`, `skills`) VALUES ('1374', 'SQL');
INSERT INTO `SkillSet_skills` (`SkillSet_id`, `skills`) VALUES ('1374', 'Gradle');
INSERT INTO `Hero` (`id`, `firstName`, `lastName`, `role`, `skillSet_id`) VALUES ('1374', 'b255635b-b49f-455e-bce8-10032577d67d', 'f0b214a7-b202-4dc6-8428-49adef927621', 'SoftwareEngineer', '1374');
INSERT INTO `SkillSet` (`id`) VALUES ('1375');
INSERT INTO `SkillSet_skills` (`SkillSet_id`, `skills`) VALUES ('1375', 'Gradle');
INSERT INTO `Hero` (`id`, `firstName`, `lastName`, `role`, `skillSet_id`) VALUES ('1375', '1aaa05f0-e997-406f-8560-1663a6c30148', '1f9b06fe-dfaa-4874-b866-32f3b5f9d446', 'LeadEngineer', '1375');
INSERT INTO `SkillSet` (`id`) VALUES ('1376');
INSERT INTO `SkillSet_skills` (`SkillSet_id`, `skills`) VALUES ('1376', 'UITesting');
INSERT INTO `Hero` (`id`, `firstName`, `lastName`, `role`, `skillSet_id`) VALUES ('1376', '20f99523-7b6e-4f8c-aedf-e21f4a7af8db', '4546e27e-134a-4f47-a257-f1a9215c7167', 'LeadSoftwareArchitect', '1376');
INSERT INTO `SkillSet` (`id`) VALUES ('1377');
INSERT INTO `SkillSet_skills` (`SkillSet_id`, `skills`) VALUES ('1377', 'UITesting');
INSERT INTO `SkillSet_skills` (`SkillSet_id`, `skills`) VALUES ('1377', 'Maven');
INSERT INTO `SkillSet_skills` (`SkillSet_id`, `skills`) VALUES ('1377', 'Gradle');
INSERT INTO `SkillSet_skills` (`SkillSet_id`, `skills`) VALUES ('1377', 'UITesting');
INSERT INTO `SkillSet_skills` (`SkillSet_id`, `skills`) VALUES ('1377', 'Maven');
INSERT INTO `Hero` (`id`, `firstName`, `lastName`, `role`, `skillSet_id`) VALUES ('1377', '65acd186-5f85-48c6-a2c1-71e6e79e8d46', '2f8019b0-ac92-41d9-bfa8-05692b5e638c', 'JuniorSoftwareEngineer', '1377');
INSERT INTO `SkillSet` (`id`) VALUES ('1378');
INSERT INTO `SkillSet_skills` (`SkillSet_id`, `skills`) VALUES ('1378', 'Ant');
INSERT INTO `SkillSet_skills` (`SkillSet_id`, `skills`) VALUES ('1378', 'UITesting');
INSERT INTO `SkillSet_skills` (`SkillSet_id`, `skills`) VALUES ('1378', 'UITesting');
INSERT INTO `SkillSet_skills` (`SkillSet_id`, `skills`) VALUES ('1378', 'SQL');
INSERT INTO `SkillSet_skills` (`SkillSet_id`, `skills`) VALUES ('1378', 'UnitTesting');
INSERT INTO `Hero` (`id`, `firstName`, `lastName`, `role`, `skillSet_id`) VALUES ('1378', '7e8d40aa-f16a-43c7-8e09-4d9a017da2bd', '6feddec3-cc71-4cb5-b4e0-f9513d7cd360', 'LeadEngineer', '1378');
INSERT INTO `SkillSet` (`id`) VALUES ('1379');
INSERT INTO `SkillSet_skills` (`SkillSet_id`, `skills`) VALUES ('1379', 'UnitTesting');
INSERT INTO `SkillSet_skills` (`SkillSet_id`, `skills`) VALUES ('1379', 'Architektur');
INSERT INTO `Hero` (`id`, `firstName`, `lastName`, `role`, `skillSet_id`) VALUES ('1379', '3ee99e72-04a6-450a-bf26-a4023f269e50', '012bca1d-bf4c-4ad9-89cd-074bc5aa2a38', 'LeadSoftwareArchitect', '1379');
INSERT INTO `SkillSet` (`id`) VALUES ('1380');
INSERT INTO `SkillSet_skills` (`SkillSet_id`, `skills`) VALUES ('1380', 'UITesting');
INSERT INTO `SkillSet_skills` (`SkillSet_id`, `skills`) VALUES ('1380', 'UITesting');
INSERT INTO `Hero` (`id`, `firstName`, `lastName`, `role`, `skillSet_id`) VALUES ('1380', 'cfdcbaa2-b79c-448e-affa-16d17fb55498', 'a459119c-1d7b-48a9-8b23-46fce16b6c63', 'LeadEngineer', '1380');
INSERT INTO `SkillSet` (`id`) VALUES ('1381');
INSERT INTO `SkillSet_skills` (`SkillSet_id`, `skills`) VALUES ('1381', 'Gradle');
INSERT INTO `SkillSet_skills` (`SkillSet_id`, `skills`) VALUES ('1381', 'UnitTesting');
INSERT INTO `SkillSet_skills` (`SkillSet_id`, `skills`) VALUES ('1381', 'Architektur');
INSERT INTO `SkillSet_skills` (`SkillSet_id`, `skills`) VALUES ('1381', 'Maven');
INSERT INTO `Hero` (`id`, `firstName`, `lastName`, `role`, `skillSet_id`) VALUES ('1381', '21e6d2a6-a416-4b38-afef-e6779b982e03', '43f29377-04c2-4c09-af99-1f9b8827c925', 'SeniorSoftwareEngineer', '1381');
INSERT INTO `SkillSet` (`id`) VALUES ('1382');
INSERT INTO `SkillSet_skills` (`SkillSet_id`, `skills`) VALUES ('1382', 'Java');
INSERT INTO `SkillSet_skills` (`SkillSet_id`, `skills`) VALUES ('1382', 'UnitTesting');
INSERT INTO `SkillSet_skills` (`SkillSet_id`, `skills`) VALUES ('1382', 'UnitTesting');
INSERT INTO `SkillSet_skills` (`SkillSet_id`, `skills`) VALUES ('1382', 'UnitTesting');
INSERT INTO `Hero` (`id`, `firstName`, `lastName`, `role`, `skillSet_id`) VALUES ('1382', '66d68d72-3cf0-41f6-a583-d5cff53b6cf2', '1e100f9c-47b9-484b-9720-7a91be111437', 'LeadEngineer', '1382');
INSERT INTO `SkillSet` (`id`) VALUES ('1383');
INSERT INTO `SkillSet_skills` (`SkillSet_id`, `skills`) VALUES ('1383', 'Gradle');
INSERT INTO `SkillSet_skills` (`SkillSet_id`, `skills`) VALUES ('1383', 'UITesting');
INSERT INTO `SkillSet_skills` (`SkillSet_id`, `skills`) VALUES ('1383', 'SQL');
INSERT INTO `Hero` (`id`, `firstName`, `lastName`, `role`, `skillSet_id`) VALUES ('1383', 'd40414d3-7acb-4f51-8602-507f001d118d', '27b3a14f-2e97-4ab9-a475-c9fa255e9ca2', 'SoftwareEngineer', '1383');
INSERT INTO `SkillSet` (`id`) VALUES ('1384');
INSERT INTO `SkillSet_skills` (`SkillSet_id`, `skills`) VALUES ('1384', 'Maven');
INSERT INTO `SkillSet_skills` (`SkillSet_id`, `skills`) VALUES ('1384', 'UITesting');
INSERT INTO `SkillSet_skills` (`SkillSet_id`, `skills`) VALUES ('1384', 'Architektur');
INSERT INTO `Hero` (`id`, `firstName`, `lastName`, `role`, `skillSet_id`) VALUES ('1384', '75aa05ab-a68d-4c21-9dfa-4c21cb34fd2d', '1ae971a8-40e1-4da1-8ed2-4d4fc28397b9', 'SeniorSoftwareEngineer', '1384');
INSERT INTO `SkillSet` (`id`) VALUES ('1385');
INSERT INTO `SkillSet_skills` (`SkillSet_id`, `skills`) VALUES ('1385', 'Architektur');
INSERT INTO `Hero` (`id`, `firstName`, `lastName`, `role`, `skillSet_id`) VALUES ('1385', '9f4b549c-a6d4-44ad-9dd3-906ecf6bcb0c', '7f58b69a-77ed-48ac-8f23-d380fc705610', 'SoftwareEngineer', '1385');
INSERT INTO `SkillSet` (`id`) VALUES ('1386');
INSERT INTO `SkillSet_skills` (`SkillSet_id`, `skills`) VALUES ('1386', 'dotNet');
INSERT INTO `SkillSet_skills` (`SkillSet_id`, `skills`) VALUES ('1386', 'Ant');
INSERT INTO `Hero` (`id`, `firstName`, `lastName`, `role`, `skillSet_id`) VALUES ('1386', '4587d3b4-570b-482d-ba4b-eeb42c0eb7e8', '685e12ce-5b5d-4069-9dbf-71d70055993b', 'JuniorSoftwareEngineer', '1386');
INSERT INTO `SkillSet` (`id`) VALUES ('1387');
INSERT INTO `SkillSet_skills` (`SkillSet_id`, `skills`) VALUES ('1387', 'UnitTesting');
INSERT INTO `SkillSet_skills` (`SkillSet_id`, `skills`) VALUES ('1387', 'Maven');
INSERT INTO `Hero` (`id`, `firstName`, `lastName`, `role`, `skillSet_id`) VALUES ('1387', '2709bb11-8a51-41af-99bc-def2cf7b9506', 'dc7f8118-3c8c-45d4-bec6-a92c306d2583', 'PrincipalConsultant', '1387');
INSERT INTO `SkillSet` (`id`) VALUES ('1388');
INSERT INTO `SkillSet_skills` (`SkillSet_id`, `skills`) VALUES ('1388', 'Maven');
INSERT INTO `Hero` (`id`, `firstName`, `lastName`, `role`, `skillSet_id`) VALUES ('1388', 'e5f51535-50dc-43ef-b57e-c4da7cb94658', '4bfdc7bd-1fbb-4a08-b803-9159fa01e636', 'SeniorSoftwareEngineer', '1388');
INSERT INTO `SkillSet` (`id`) VALUES ('1389');
INSERT INTO `SkillSet_skills` (`SkillSet_id`, `skills`) VALUES ('1389', 'Gradle');
INSERT INTO `SkillSet_skills` (`SkillSet_id`, `skills`) VALUES ('1389', 'Maven');
INSERT INTO `SkillSet_skills` (`SkillSet_id`, `skills`) VALUES ('1389', 'Ant');
INSERT INTO `SkillSet_skills` (`SkillSet_id`, `skills`) VALUES ('1389', 'Ant');
INSERT INTO `Hero` (`id`, `firstName`, `lastName`, `role`, `skillSet_id`) VALUES ('1389', '6be4297f-2541-4a3b-af61-b8a835e57b9a', '3ca41357-c421-4abe-aef7-1bed7777b8e7', 'PrincipalConsultant', '1389');
INSERT INTO `SkillSet` (`id`) VALUES ('1390');
INSERT INTO `SkillSet_skills` (`SkillSet_id`, `skills`) VALUES ('1390', 'Architektur');
INSERT INTO `SkillSet_skills` (`SkillSet_id`, `skills`) VALUES ('1390', 'Gradle');
INSERT INTO `Hero` (`id`, `firstName`, `lastName`, `role`, `skillSet_id`) VALUES ('1390', '02959101-3ebf-45a8-8c7c-ad1da1146f1c', '742513d7-18c5-4426-ad1b-800aa01cbe62', 'PrincipalConsultant', '1390');
INSERT INTO `SkillSet` (`id`) VALUES ('1391');
INSERT INTO `SkillSet_skills` (`SkillSet_id`, `skills`) VALUES ('1391', 'Gradle');
INSERT INTO `Hero` (`id`, `firstName`, `lastName`, `role`, `skillSet_id`) VALUES ('1391', '35367f4d-1ccd-4b2c-982e-06cd2aa264b3', '068fba74-a965-4f0f-9d58-ab9dd5269024', 'PrincipalConsultant', '1391');
INSERT INTO `SkillSet` (`id`) VALUES ('1392');
INSERT INTO `SkillSet_skills` (`SkillSet_id`, `skills`) VALUES ('1392', 'dotNet');
INSERT INTO `SkillSet_skills` (`SkillSet_id`, `skills`) VALUES ('1392', 'dotNet');
INSERT INTO `SkillSet_skills` (`SkillSet_id`, `skills`) VALUES ('1392', 'SQL');
INSERT INTO `Hero` (`id`, `firstName`, `lastName`, `role`, `skillSet_id`) VALUES ('1392', '30528580-8162-4bd8-a268-3cb448ccba2e', '7b40d332-132a-4762-9be5-8a0b28e78cfb', 'JuniorSoftwareEngineer', '1392');
INSERT INTO `SkillSet` (`id`) VALUES ('1393');
INSERT INTO `SkillSet_skills` (`SkillSet_id`, `skills`) VALUES ('1393', 'dotNet');
INSERT INTO `SkillSet_skills` (`SkillSet_id`, `skills`) VALUES ('1393', 'SQL');
INSERT INTO `SkillSet_skills` (`SkillSet_id`, `skills`) VALUES ('1393', 'Gradle');
INSERT INTO `Hero` (`id`, `firstName`, `lastName`, `role`, `skillSet_id`) VALUES ('1393', '73b46183-f5c3-4f27-b4e2-5a95128277d1', 'fff65389-f70d-4822-91da-eb2ed1ceea80', 'PrincipalConsultant', '1393');
INSERT INTO `SkillSet` (`id`) VALUES ('1394');
INSERT INTO `SkillSet_skills` (`SkillSet_id`, `skills`) VALUES ('1394', 'SQL');
INSERT INTO `SkillSet_skills` (`SkillSet_id`, `skills`) VALUES ('1394', 'Java');
INSERT INTO `SkillSet_skills` (`SkillSet_id`, `skills`) VALUES ('1394', 'UITesting');
INSERT INTO `SkillSet_skills` (`SkillSet_id`, `skills`) VALUES ('1394', 'Maven');
INSERT INTO `Hero` (`id`, `firstName`, `lastName`, `role`, `skillSet_id`) VALUES ('1394', '8095ff97-4fa3-485a-8e0f-48f919c15cfe', 'be5597b6-0485-4880-b75f-ddea7b52cbf6', 'PrincipalConsultant', '1394');
INSERT INTO `SkillSet` (`id`) VALUES ('1395');
INSERT INTO `SkillSet_skills` (`SkillSet_id`, `skills`) VALUES ('1395', 'Ant');
INSERT INTO `Hero` (`id`, `firstName`, `lastName`, `role`, `skillSet_id`) VALUES ('1395', '268de0e3-7e61-472d-bb61-6e0fe469e9be', '8c4a92b1-c271-4bdf-b1d7-ad828aef10c7', 'LeadSoftwareArchitect', '1395');
INSERT INTO `SkillSet` (`id`) VALUES ('1396');
INSERT INTO `SkillSet_skills` (`SkillSet_id`, `skills`) VALUES ('1396', 'Gradle');
INSERT INTO `Hero` (`id`, `firstName`, `lastName`, `role`, `skillSet_id`) VALUES ('1396', '29836521-060e-44b2-b2d7-eea7994a2fcf', '9fee7fb3-02f2-4f28-baca-70aa24062060', 'SeniorSoftwareEngineer', '1396');
INSERT INTO `SkillSet` (`id`) VALUES ('1397');
INSERT INTO `SkillSet_skills` (`SkillSet_id`, `skills`) VALUES ('1397', 'Java');
INSERT INTO `SkillSet_skills` (`SkillSet_id`, `skills`) VALUES ('1397', 'Maven');
INSERT INTO `Hero` (`id`, `firstName`, `lastName`, `role`, `skillSet_id`) VALUES ('1397', '05ce57ad-a820-4ee6-87f7-a39053fc280c', '0a6e1bdb-5f7b-4d19-a797-b58d8345f6af', 'SeniorSoftwareEngineer', '1397');
INSERT INTO `SkillSet` (`id`) VALUES ('1398');
INSERT INTO `SkillSet_skills` (`SkillSet_id`, `skills`) VALUES ('1398', 'Gradle');
INSERT INTO `SkillSet_skills` (`SkillSet_id`, `skills`) VALUES ('1398', 'Gradle');
INSERT INTO `SkillSet_skills` (`SkillSet_id`, `skills`) VALUES ('1398', 'Ant');
INSERT INTO `SkillSet_skills` (`SkillSet_id`, `skills`) VALUES ('1398', 'SQL');
INSERT INTO `SkillSet_skills` (`SkillSet_id`, `skills`) VALUES ('1398', 'Architektur');
INSERT INTO `Hero` (`id`, `firstName`, `lastName`, `role`, `skillSet_id`) VALUES ('1398', 'd877ee58-218e-4f33-ae2a-8e6f88252045', '1d1956f6-6024-4a37-bf74-fa7d16eba206', 'LeadSoftwareArchitect', '1398');
INSERT INTO `SkillSet` (`id`) VALUES ('1399');
INSERT INTO `SkillSet_skills` (`SkillSet_id`, `skills`) VALUES ('1399', 'UnitTesting');
INSERT INTO `SkillSet_skills` (`SkillSet_id`, `skills`) VALUES ('1399', 'Maven');
INSERT INTO `SkillSet_skills` (`SkillSet_id`, `skills`) VALUES ('1399', 'UnitTesting');
INSERT INTO `SkillSet_skills` (`SkillSet_id`, `skills`) VALUES ('1399', 'UnitTesting');
INSERT INTO `SkillSet_skills` (`SkillSet_id`, `skills`) VALUES ('1399', 'UITesting');
INSERT INTO `Hero` (`id`, `firstName`, `lastName`, `role`, `skillSet_id`) VALUES ('1399', '1c607968-66fa-4d5e-928e-db755789e033', '348ac04a-0f77-4fa4-8dc2-59e7b9028fd1', 'LeadEngineer', '1399');
INSERT INTO `SkillSet` (`id`) VALUES ('1400');
INSERT INTO `SkillSet_skills` (`SkillSet_id`, `skills`) VALUES ('1400', 'UITesting');
INSERT INTO `SkillSet_skills` (`SkillSet_id`, `skills`) VALUES ('1400', 'UITesting');
INSERT INTO `SkillSet_skills` (`SkillSet_id`, `skills`) VALUES ('1400', 'UITesting');
INSERT INTO `SkillSet_skills` (`SkillSet_id`, `skills`) VALUES ('1400', 'UnitTesting');
INSERT INTO `SkillSet_skills` (`SkillSet_id`, `skills`) VALUES ('1400', 'UnitTesting');
INSERT INTO `Hero` (`id`, `firstName`, `lastName`, `role`, `skillSet_id`) VALUES ('1400', '107d1c4d-4596-43e8-84a9-f39b8114e319', '94485d2d-40ab-4023-9255-6773ea9280b2', 'SeniorSoftwareEngineer', '1400');
INSERT INTO `SkillSet` (`id`) VALUES ('1401');
INSERT INTO `SkillSet_skills` (`SkillSet_id`, `skills`) VALUES ('1401', 'Maven');
INSERT INTO `SkillSet_skills` (`SkillSet_id`, `skills`) VALUES ('1401', 'Ant');
INSERT INTO `SkillSet_skills` (`SkillSet_id`, `skills`) VALUES ('1401', 'dotNet');
INSERT INTO `SkillSet_skills` (`SkillSet_id`, `skills`) VALUES ('1401', 'Gradle');
INSERT INTO `Hero` (`id`, `firstName`, `lastName`, `role`, `skillSet_id`) VALUES ('1401', 'ed42f1c6-fdc4-4a9e-ab16-d4026c56e964', '4643af63-1b60-4dd9-b447-843ac83e27ea', 'LeadEngineer', '1401');
INSERT INTO `SkillSet` (`id`) VALUES ('1402');
INSERT INTO `SkillSet_skills` (`SkillSet_id`, `skills`) VALUES ('1402', 'SQL');
INSERT INTO `SkillSet_skills` (`SkillSet_id`, `skills`) VALUES ('1402', 'dotNet');
INSERT INTO `SkillSet_skills` (`SkillSet_id`, `skills`) VALUES ('1402', 'UnitTesting');
INSERT INTO `SkillSet_skills` (`SkillSet_id`, `skills`) VALUES ('1402', 'UITesting');
INSERT INTO `SkillSet_skills` (`SkillSet_id`, `skills`) VALUES ('1402', 'UITesting');
INSERT INTO `Hero` (`id`, `firstName`, `lastName`, `role`, `skillSet_id`) VALUES ('1402', '7d88a080-7622-45f0-bda6-8f8d894a47f3', '47794bcf-c6cf-474d-b20e-273bcc70c631', 'SeniorSoftwareEngineer', '1402');
INSERT INTO `SkillSet` (`id`) VALUES ('1403');
INSERT INTO `SkillSet_skills` (`SkillSet_id`, `skills`) VALUES ('1403', 'Ant');
INSERT INTO `SkillSet_skills` (`SkillSet_id`, `skills`) VALUES ('1403', 'UnitTesting');
INSERT INTO `Hero` (`id`, `firstName`, `lastName`, `role`, `skillSet_id`) VALUES ('1403', 'f1aa30a7-5052-4bcc-b3a5-79ce8c89f7cc', 'e90f9ca0-c6e8-4fbf-bcec-1254596cf5a1', 'LeadEngineer', '1403');
INSERT INTO `SkillSet` (`id`) VALUES ('1404');
INSERT INTO `SkillSet_skills` (`SkillSet_id`, `skills`) VALUES ('1404', 'Maven');
INSERT INTO `SkillSet_skills` (`SkillSet_id`, `skills`) VALUES ('1404', 'UnitTesting');
INSERT INTO `SkillSet_skills` (`SkillSet_id`, `skills`) VALUES ('1404', 'SQL');
INSERT INTO `Hero` (`id`, `firstName`, `lastName`, `role`, `skillSet_id`) VALUES ('1404', '95ee711d-222e-469f-85f5-f1fd5f4dbab2', '67347514-6565-4114-bc4d-2fc690b94100', 'SoftwareEngineer', '1404');
INSERT INTO `SkillSet` (`id`) VALUES ('1405');
INSERT INTO `SkillSet_skills` (`SkillSet_id`, `skills`) VALUES ('1405', 'Gradle');
INSERT INTO `SkillSet_skills` (`SkillSet_id`, `skills`) VALUES ('1405', 'Maven');
INSERT INTO `SkillSet_skills` (`SkillSet_id`, `skills`) VALUES ('1405', 'SQL');
INSERT INTO `Hero` (`id`, `firstName`, `lastName`, `role`, `skillSet_id`) VALUES ('1405', '1210cf74-fb1d-43cd-90a8-70c355fb3cb4', 'b0a182e2-4372-4936-97ee-bc73a137d017', 'JuniorSoftwareEngineer', '1405');
INSERT INTO `SkillSet` (`id`) VALUES ('1406');
INSERT INTO `SkillSet_skills` (`SkillSet_id`, `skills`) VALUES ('1406', 'Maven');
INSERT INTO `SkillSet_skills` (`SkillSet_id`, `skills`) VALUES ('1406', 'Architektur');
INSERT INTO `SkillSet_skills` (`SkillSet_id`, `skills`) VALUES ('1406', 'SQL');
INSERT INTO `Hero` (`id`, `firstName`, `lastName`, `role`, `skillSet_id`) VALUES ('1406', '103ab679-1062-4992-8526-df60bd09a7f1', '5b2cd194-682c-4c8d-9dc6-244106cd8afc', 'LeadSoftwareArchitect', '1406');
INSERT INTO `SkillSet` (`id`) VALUES ('1407');
INSERT INTO `SkillSet_skills` (`SkillSet_id`, `skills`) VALUES ('1407', 'UnitTesting');
INSERT INTO `SkillSet_skills` (`SkillSet_id`, `skills`) VALUES ('1407', 'Java');
INSERT INTO `SkillSet_skills` (`SkillSet_id`, `skills`) VALUES ('1407', 'SQL');
INSERT INTO `SkillSet_skills` (`SkillSet_id`, `skills`) VALUES ('1407', 'Maven');
INSERT INTO `SkillSet_skills` (`SkillSet_id`, `skills`) VALUES ('1407', 'Ant');
INSERT INTO `Hero` (`id`, `firstName`, `lastName`, `role`, `skillSet_id`) VALUES ('1407', '5fd9c6d5-ff9d-47a6-bd62-78b631b18879', '8acab167-d706-4ddb-8db4-3a364185e6ec', 'SeniorSoftwareEngineer', '1407');
INSERT INTO `SkillSet` (`id`) VALUES ('1408');
INSERT INTO `SkillSet_skills` (`SkillSet_id`, `skills`) VALUES ('1408', 'UnitTesting');
INSERT INTO `SkillSet_skills` (`SkillSet_id`, `skills`) VALUES ('1408', 'SQL');
INSERT INTO `SkillSet_skills` (`SkillSet_id`, `skills`) VALUES ('1408', 'Architektur');
INSERT INTO `Hero` (`id`, `firstName`, `lastName`, `role`, `skillSet_id`) VALUES ('1408', '4e0fef68-526c-437d-b659-e79a72b5a296', 'd3f3ee22-0adf-4575-950e-e07474e64e2d', 'JuniorSoftwareEngineer', '1408');
INSERT INTO `SkillSet` (`id`) VALUES ('1409');
INSERT INTO `SkillSet_skills` (`SkillSet_id`, `skills`) VALUES ('1409', 'Ant');
INSERT INTO `SkillSet_skills` (`SkillSet_id`, `skills`) VALUES ('1409', 'Gradle');
INSERT INTO `SkillSet_skills` (`SkillSet_id`, `skills`) VALUES ('1409', 'UITesting');
INSERT INTO `SkillSet_skills` (`SkillSet_id`, `skills`) VALUES ('1409', 'Gradle');
INSERT INTO `Hero` (`id`, `firstName`, `lastName`, `role`, `skillSet_id`) VALUES ('1409', '1c6efe4d-a690-488f-88e8-4761b621f637', 'f14f2e67-2a3b-4878-88f4-2577df056cc0', 'SeniorSoftwareEngineer', '1409');
INSERT INTO `SkillSet` (`id`) VALUES ('1410');
INSERT INTO `SkillSet_skills` (`SkillSet_id`, `skills`) VALUES ('1410', 'Architektur');
INSERT INTO `SkillSet_skills` (`SkillSet_id`, `skills`) VALUES ('1410', 'dotNet');
INSERT INTO `SkillSet_skills` (`SkillSet_id`, `skills`) VALUES ('1410', 'Maven');
INSERT INTO `SkillSet_skills` (`SkillSet_id`, `skills`) VALUES ('1410', 'UITesting');
INSERT INTO `SkillSet_skills` (`SkillSet_id`, `skills`) VALUES ('1410', 'dotNet');
INSERT INTO `Hero` (`id`, `firstName`, `lastName`, `role`, `skillSet_id`) VALUES ('1410', 'a2364345-58a6-4356-8a61-02b04041df4f', 'e0d1e089-1b05-4296-a85d-34bef8801de0', 'JuniorSoftwareEngineer', '1410');
INSERT INTO `SkillSet` (`id`) VALUES ('1411');
INSERT INTO `SkillSet_skills` (`SkillSet_id`, `skills`) VALUES ('1411', 'SQL');
INSERT INTO `SkillSet_skills` (`SkillSet_id`, `skills`) VALUES ('1411', 'UITesting');
INSERT INTO `Hero` (`id`, `firstName`, `lastName`, `role`, `skillSet_id`) VALUES ('1411', '002de735-9434-4e72-b0ba-f30c8ad91158', 'ce5c139c-89bc-4952-bf66-85b4421f56ab', 'SoftwareEngineer', '1411');
INSERT INTO `SkillSet` (`id`) VALUES ('1412');
INSERT INTO `SkillSet_skills` (`SkillSet_id`, `skills`) VALUES ('1412', 'Gradle');
INSERT INTO `SkillSet_skills` (`SkillSet_id`, `skills`) VALUES ('1412', 'Architektur');
INSERT INTO `SkillSet_skills` (`SkillSet_id`, `skills`) VALUES ('1412', 'Java');
INSERT INTO `Hero` (`id`, `firstName`, `lastName`, `role`, `skillSet_id`) VALUES ('1412', '5e4a3c65-55da-484a-b517-407e30f1c3db', 'a1c59e3c-3acd-4bc2-bf5c-1eb820dd4c12', 'PrincipalConsultant', '1412');
INSERT INTO `SkillSet` (`id`) VALUES ('1413');
INSERT INTO `SkillSet_skills` (`SkillSet_id`, `skills`) VALUES ('1413', 'Gradle');
INSERT INTO `SkillSet_skills` (`SkillSet_id`, `skills`) VALUES ('1413', 'Ant');
INSERT INTO `SkillSet_skills` (`SkillSet_id`, `skills`) VALUES ('1413', 'Architektur');
INSERT INTO `SkillSet_skills` (`SkillSet_id`, `skills`) VALUES ('1413', 'Maven');
INSERT INTO `Hero` (`id`, `firstName`, `lastName`, `role`, `skillSet_id`) VALUES ('1413', '2a0ed256-8a74-4f8c-b276-cecbc2fe748d', '41e30a37-179e-47a6-a873-3136e5b5309e', 'SoftwareEngineer', '1413');
INSERT INTO `SkillSet` (`id`) VALUES ('1414');
INSERT INTO `SkillSet_skills` (`SkillSet_id`, `skills`) VALUES ('1414', 'SQL');
INSERT INTO `SkillSet_skills` (`SkillSet_id`, `skills`) VALUES ('1414', 'Ant');
INSERT INTO `Hero` (`id`, `firstName`, `lastName`, `role`, `skillSet_id`) VALUES ('1414', '8530966f-ec23-42ee-bb1b-3df248f90a8b', '3e524e06-dcf4-412a-ac94-633e648da7ed', 'SeniorSoftwareEngineer', '1414');
INSERT INTO `SkillSet` (`id`) VALUES ('1415');
INSERT INTO `SkillSet_skills` (`SkillSet_id`, `skills`) VALUES ('1415', 'UITesting');
INSERT INTO `SkillSet_skills` (`SkillSet_id`, `skills`) VALUES ('1415', 'Gradle');
INSERT INTO `Hero` (`id`, `firstName`, `lastName`, `role`, `skillSet_id`) VALUES ('1415', '32d13c18-00be-4487-b8de-c62ab0cf736e', 'bfd067f8-024b-4286-8802-8250ec086c31', 'SoftwareEngineer', '1415');
INSERT INTO `SkillSet` (`id`) VALUES ('1416');
INSERT INTO `SkillSet_skills` (`SkillSet_id`, `skills`) VALUES ('1416', 'UnitTesting');
INSERT INTO `SkillSet_skills` (`SkillSet_id`, `skills`) VALUES ('1416', 'UITesting');
INSERT INTO `Hero` (`id`, `firstName`, `lastName`, `role`, `skillSet_id`) VALUES ('1416', '47d34b4d-595b-45b7-84ae-befac679b9ca', '32d590d1-9eca-42c3-956d-600395a40aa9', 'LeadEngineer', '1416');
INSERT INTO `SkillSet` (`id`) VALUES ('1417');
INSERT INTO `SkillSet_skills` (`SkillSet_id`, `skills`) VALUES ('1417', 'dotNet');
INSERT INTO `SkillSet_skills` (`SkillSet_id`, `skills`) VALUES ('1417', 'UITesting');
INSERT INTO `SkillSet_skills` (`SkillSet_id`, `skills`) VALUES ('1417', 'Ant');
INSERT INTO `SkillSet_skills` (`SkillSet_id`, `skills`) VALUES ('1417', 'dotNet');
INSERT INTO `Hero` (`id`, `firstName`, `lastName`, `role`, `skillSet_id`) VALUES ('1417', '84af1d47-5413-4960-af6a-691394cc378d', '3df2a072-7c5f-42bc-a112-418e36f89653', 'LeadEngineer', '1417');
INSERT INTO `SkillSet` (`id`) VALUES ('1418');
INSERT INTO `SkillSet_skills` (`SkillSet_id`, `skills`) VALUES ('1418', 'SQL');
INSERT INTO `SkillSet_skills` (`SkillSet_id`, `skills`) VALUES ('1418', 'dotNet');
INSERT INTO `Hero` (`id`, `firstName`, `lastName`, `role`, `skillSet_id`) VALUES ('1418', '7ce1c6a2-c095-4032-9338-9257ed71d932', '92fc9a8f-d233-456f-89f4-c282462ecc60', 'LeadEngineer', '1418');
INSERT INTO `SkillSet` (`id`) VALUES ('1419');
INSERT INTO `SkillSet_skills` (`SkillSet_id`, `skills`) VALUES ('1419', 'Maven');
INSERT INTO `SkillSet_skills` (`SkillSet_id`, `skills`) VALUES ('1419', 'SQL');
INSERT INTO `SkillSet_skills` (`SkillSet_id`, `skills`) VALUES ('1419', 'SQL');
INSERT INTO `SkillSet_skills` (`SkillSet_id`, `skills`) VALUES ('1419', 'Java');
INSERT INTO `SkillSet_skills` (`SkillSet_id`, `skills`) VALUES ('1419', 'SQL');
INSERT INTO `Hero` (`id`, `firstName`, `lastName`, `role`, `skillSet_id`) VALUES ('1419', '8276fe3a-a156-4dca-9546-bb00d8802573', 'ab522faa-b8d4-458e-ab27-42bb6c3ba8de', 'LeadEngineer', '1419');
INSERT INTO `SkillSet` (`id`) VALUES ('1420');
INSERT INTO `SkillSet_skills` (`SkillSet_id`, `skills`) VALUES ('1420', 'Ant');
INSERT INTO `SkillSet_skills` (`SkillSet_id`, `skills`) VALUES ('1420', 'SQL');
INSERT INTO `Hero` (`id`, `firstName`, `lastName`, `role`, `skillSet_id`) VALUES ('1420', '01c68cfa-286e-4cf0-ba6c-8d7e2592a8c8', 'ea267fa2-2bd6-4be9-980f-65026a355b66', 'JuniorSoftwareEngineer', '1420');
INSERT INTO `SkillSet` (`id`) VALUES ('1421');
INSERT INTO `SkillSet_skills` (`SkillSet_id`, `skills`) VALUES ('1421', 'Java');
INSERT INTO `SkillSet_skills` (`SkillSet_id`, `skills`) VALUES ('1421', 'Architektur');
INSERT INTO `SkillSet_skills` (`SkillSet_id`, `skills`) VALUES ('1421', 'SQL');
INSERT INTO `SkillSet_skills` (`SkillSet_id`, `skills`) VALUES ('1421', 'dotNet');
INSERT INTO `Hero` (`id`, `firstName`, `lastName`, `role`, `skillSet_id`) VALUES ('1421', 'dd1aa167-a022-4fed-ba7e-03a3d544cc85', '6ca7f84a-2bfc-48e8-9e79-b30f1270f1c1', 'LeadEngineer', '1421');
INSERT INTO `SkillSet` (`id`) VALUES ('1422');
INSERT INTO `SkillSet_skills` (`SkillSet_id`, `skills`) VALUES ('1422', 'UITesting');
INSERT INTO `SkillSet_skills` (`SkillSet_id`, `skills`) VALUES ('1422', 'Java');
INSERT INTO `Hero` (`id`, `firstName`, `lastName`, `role`, `skillSet_id`) VALUES ('1422', '9ad7379b-b1e3-4824-9f99-67c01530cc03', '809c4bd9-12bc-4d09-bc39-f94259000295', 'LeadSoftwareArchitect', '1422');
INSERT INTO `SkillSet` (`id`) VALUES ('1423');
INSERT INTO `SkillSet_skills` (`SkillSet_id`, `skills`) VALUES ('1423', 'dotNet');
INSERT INTO `SkillSet_skills` (`SkillSet_id`, `skills`) VALUES ('1423', 'Java');
INSERT INTO `SkillSet_skills` (`SkillSet_id`, `skills`) VALUES ('1423', 'UITesting');
INSERT INTO `SkillSet_skills` (`SkillSet_id`, `skills`) VALUES ('1423', 'Gradle');
INSERT INTO `SkillSet_skills` (`SkillSet_id`, `skills`) VALUES ('1423', 'SQL');
INSERT INTO `Hero` (`id`, `firstName`, `lastName`, `role`, `skillSet_id`) VALUES ('1423', 'df80cea7-f7ca-4d32-a1d2-431d79832de9', '94fd23d5-86ce-40f2-8d4b-675826f5715c', 'LeadEngineer', '1423');
INSERT INTO `SkillSet` (`id`) VALUES ('1424');
INSERT INTO `SkillSet_skills` (`SkillSet_id`, `skills`) VALUES ('1424', 'Architektur');
INSERT INTO `SkillSet_skills` (`SkillSet_id`, `skills`) VALUES ('1424', 'Maven');
INSERT INTO `SkillSet_skills` (`SkillSet_id`, `skills`) VALUES ('1424', 'Architektur');
INSERT INTO `SkillSet_skills` (`SkillSet_id`, `skills`) VALUES ('1424', 'Architektur');
INSERT INTO `SkillSet_skills` (`SkillSet_id`, `skills`) VALUES ('1424', 'SQL');
INSERT INTO `Hero` (`id`, `firstName`, `lastName`, `role`, `skillSet_id`) VALUES ('1424', 'dc1fd511-c068-46d1-9cdb-d65129c713bf', '207d09fe-3d49-4726-bc4f-42fac35bcb43', 'SeniorSoftwareEngineer', '1424');
INSERT INTO `SkillSet` (`id`) VALUES ('1425');
INSERT INTO `SkillSet_skills` (`SkillSet_id`, `skills`) VALUES ('1425', 'UnitTesting');
INSERT INTO `SkillSet_skills` (`SkillSet_id`, `skills`) VALUES ('1425', 'UITesting');
INSERT INTO `Hero` (`id`, `firstName`, `lastName`, `role`, `skillSet_id`) VALUES ('1425', 'e3755751-4792-4690-a53d-9742dfe562cf', 'ddbbde10-f52a-4308-9da8-7124e3240270', 'SeniorSoftwareEngineer', '1425');
INSERT INTO `SkillSet` (`id`) VALUES ('1426');
INSERT INTO `SkillSet_skills` (`SkillSet_id`, `skills`) VALUES ('1426', 'Architektur');
INSERT INTO `SkillSet_skills` (`SkillSet_id`, `skills`) VALUES ('1426', 'Java');
INSERT INTO `Hero` (`id`, `firstName`, `lastName`, `role`, `skillSet_id`) VALUES ('1426', '6d5633f5-482b-4151-8a74-540a66232b40', '0a09fb2d-d55a-4aa0-97cf-08ff96da1567', 'SoftwareEngineer', '1426');
INSERT INTO `SkillSet` (`id`) VALUES ('1427');
INSERT INTO `SkillSet_skills` (`SkillSet_id`, `skills`) VALUES ('1427', 'Java');
INSERT INTO `SkillSet_skills` (`SkillSet_id`, `skills`) VALUES ('1427', 'Java');
INSERT INTO `SkillSet_skills` (`SkillSet_id`, `skills`) VALUES ('1427', 'Gradle');
INSERT INTO `Hero` (`id`, `firstName`, `lastName`, `role`, `skillSet_id`) VALUES ('1427', '71fd7837-f604-4b66-83fc-ae57935057d3', '05d8eb8b-af63-4cae-85fc-b9596ee86c74', 'SoftwareEngineer', '1427');
INSERT INTO `SkillSet` (`id`) VALUES ('1428');
INSERT INTO `SkillSet_skills` (`SkillSet_id`, `skills`) VALUES ('1428', 'Maven');
INSERT INTO `Hero` (`id`, `firstName`, `lastName`, `role`, `skillSet_id`) VALUES ('1428', 'b01ab1c6-0e77-4b80-bc5f-6345d83dce1a', '9ebd44cc-f76b-404b-bb8b-d3ff1331c21c', 'SeniorSoftwareEngineer', '1428');
INSERT INTO `SkillSet` (`id`) VALUES ('1429');
INSERT INTO `SkillSet_skills` (`SkillSet_id`, `skills`) VALUES ('1429', 'Java');
INSERT INTO `Hero` (`id`, `firstName`, `lastName`, `role`, `skillSet_id`) VALUES ('1429', 'e105a937-55e0-4f1d-b256-70a2b2d91e85', 'eb02eec7-2fa3-4b0e-a968-73bbc695c161', 'SeniorSoftwareEngineer', '1429');
INSERT INTO `SkillSet` (`id`) VALUES ('1430');
INSERT INTO `SkillSet_skills` (`SkillSet_id`, `skills`) VALUES ('1430', 'UnitTesting');
INSERT INTO `SkillSet_skills` (`SkillSet_id`, `skills`) VALUES ('1430', 'Java');
INSERT INTO `SkillSet_skills` (`SkillSet_id`, `skills`) VALUES ('1430', 'UnitTesting');
INSERT INTO `Hero` (`id`, `firstName`, `lastName`, `role`, `skillSet_id`) VALUES ('1430', '283f6c8a-5d71-4a87-83b5-ccea66f8279c', '31012abf-712a-4985-bfee-92922ce61e03', 'SoftwareEngineer', '1430');
INSERT INTO `SkillSet` (`id`) VALUES ('1431');
INSERT INTO `SkillSet_skills` (`SkillSet_id`, `skills`) VALUES ('1431', 'Java');
INSERT INTO `SkillSet_skills` (`SkillSet_id`, `skills`) VALUES ('1431', 'Ant');
INSERT INTO `SkillSet_skills` (`SkillSet_id`, `skills`) VALUES ('1431', 'Java');
INSERT INTO `Hero` (`id`, `firstName`, `lastName`, `role`, `skillSet_id`) VALUES ('1431', '3b45bdbf-df88-49ea-83a2-7b8f7c316b29', '20e9954e-6f60-4b1a-8e7d-c42311db5d9c', 'SoftwareEngineer', '1431');
INSERT INTO `SkillSet` (`id`) VALUES ('1432');
INSERT INTO `SkillSet_skills` (`SkillSet_id`, `skills`) VALUES ('1432', 'Maven');
INSERT INTO `SkillSet_skills` (`SkillSet_id`, `skills`) VALUES ('1432', 'SQL');
INSERT INTO `Hero` (`id`, `firstName`, `lastName`, `role`, `skillSet_id`) VALUES ('1432', 'f4384cdd-204f-4110-847d-50b7165f1a8e', '93aa0005-8165-44cd-aed5-d253430ce3a9', 'LeadEngineer', '1432');
INSERT INTO `SkillSet` (`id`) VALUES ('1433');
INSERT INTO `SkillSet_skills` (`SkillSet_id`, `skills`) VALUES ('1433', 'UITesting');
INSERT INTO `SkillSet_skills` (`SkillSet_id`, `skills`) VALUES ('1433', 'UITesting');
INSERT INTO `SkillSet_skills` (`SkillSet_id`, `skills`) VALUES ('1433', 'Maven');
INSERT INTO `Hero` (`id`, `firstName`, `lastName`, `role`, `skillSet_id`) VALUES ('1433', '03ba1ca7-08fa-4e72-839a-71be04206b50', '49b1442a-2617-44f8-9a83-e81bd45a6a9d', 'LeadEngineer', '1433');
INSERT INTO `SkillSet` (`id`) VALUES ('1434');
INSERT INTO `SkillSet_skills` (`SkillSet_id`, `skills`) VALUES ('1434', 'dotNet');
INSERT INTO `SkillSet_skills` (`SkillSet_id`, `skills`) VALUES ('1434', 'SQL');
INSERT INTO `SkillSet_skills` (`SkillSet_id`, `skills`) VALUES ('1434', 'Java');
INSERT INTO `SkillSet_skills` (`SkillSet_id`, `skills`) VALUES ('1434', 'Architektur');
INSERT INTO `Hero` (`id`, `firstName`, `lastName`, `role`, `skillSet_id`) VALUES ('1434', '38e8062c-9333-4437-8469-7611efa07284', 'b679d330-4be3-4430-bc8f-00c6332c26ca', 'LeadSoftwareArchitect', '1434');
INSERT INTO `SkillSet` (`id`) VALUES ('1435');
INSERT INTO `SkillSet_skills` (`SkillSet_id`, `skills`) VALUES ('1435', 'Architektur');
INSERT INTO `SkillSet_skills` (`SkillSet_id`, `skills`) VALUES ('1435', 'UITesting');
INSERT INTO `Hero` (`id`, `firstName`, `lastName`, `role`, `skillSet_id`) VALUES ('1435', 'e89e5611-e8ff-49c7-9051-a5b547533dcf', '7a1299e6-a1c7-491d-b660-a647a389e4b3', 'JuniorSoftwareEngineer', '1435');
INSERT INTO `SkillSet` (`id`) VALUES ('1436');
INSERT INTO `SkillSet_skills` (`SkillSet_id`, `skills`) VALUES ('1436', 'SQL');
INSERT INTO `SkillSet_skills` (`SkillSet_id`, `skills`) VALUES ('1436', 'Gradle');
INSERT INTO `SkillSet_skills` (`SkillSet_id`, `skills`) VALUES ('1436', 'Ant');
INSERT INTO `Hero` (`id`, `firstName`, `lastName`, `role`, `skillSet_id`) VALUES ('1436', 'bb4f8d19-f155-485e-8155-a3e0d864e009', 'b4b271b8-0d47-4bb3-8284-442a2cd611e6', 'SoftwareEngineer', '1436');
INSERT INTO `SkillSet` (`id`) VALUES ('1437');
INSERT INTO `SkillSet_skills` (`SkillSet_id`, `skills`) VALUES ('1437', 'Architektur');
INSERT INTO `SkillSet_skills` (`SkillSet_id`, `skills`) VALUES ('1437', 'dotNet');
INSERT INTO `Hero` (`id`, `firstName`, `lastName`, `role`, `skillSet_id`) VALUES ('1437', 'd93cb354-0201-4d45-86c5-17a971c9353e', '4c3c2d1b-b1c0-4963-8db9-901aa42b0fe4', 'LeadEngineer', '1437');
INSERT INTO `SkillSet` (`id`) VALUES ('1438');
INSERT INTO `SkillSet_skills` (`SkillSet_id`, `skills`) VALUES ('1438', 'dotNet');
INSERT INTO `SkillSet_skills` (`SkillSet_id`, `skills`) VALUES ('1438', 'UITesting');
INSERT INTO `SkillSet_skills` (`SkillSet_id`, `skills`) VALUES ('1438', 'Gradle');
INSERT INTO `SkillSet_skills` (`SkillSet_id`, `skills`) VALUES ('1438', 'UITesting');
INSERT INTO `Hero` (`id`, `firstName`, `lastName`, `role`, `skillSet_id`) VALUES ('1438', '7c836b1a-08b5-44ed-9e8e-ed1e9b4f992f', '85c4f7c9-5f31-454f-a307-7fd3933ce032', 'PrincipalConsultant', '1438');
INSERT INTO `SkillSet` (`id`) VALUES ('1439');
INSERT INTO `SkillSet_skills` (`SkillSet_id`, `skills`) VALUES ('1439', 'Gradle');
INSERT INTO `Hero` (`id`, `firstName`, `lastName`, `role`, `skillSet_id`) VALUES ('1439', '8ad2bc19-7ad8-44cd-8f1c-823369cc6c76', 'f4403abd-cce1-486f-b3dc-8ecda4608aad', 'SoftwareEngineer', '1439');
INSERT INTO `SkillSet` (`id`) VALUES ('1440');
INSERT INTO `SkillSet_skills` (`SkillSet_id`, `skills`) VALUES ('1440', 'UITesting');
INSERT INTO `SkillSet_skills` (`SkillSet_id`, `skills`) VALUES ('1440', 'dotNet');
INSERT INTO `SkillSet_skills` (`SkillSet_id`, `skills`) VALUES ('1440', 'Maven');
INSERT INTO `Hero` (`id`, `firstName`, `lastName`, `role`, `skillSet_id`) VALUES ('1440', '436589c8-49a1-456e-99b2-40aaf9b13888', 'f043ba29-dcf9-4a06-b87b-e4b01cab75b4', 'LeadEngineer', '1440');
INSERT INTO `SkillSet` (`id`) VALUES ('1441');
INSERT INTO `SkillSet_skills` (`SkillSet_id`, `skills`) VALUES ('1441', 'Maven');
INSERT INTO `SkillSet_skills` (`SkillSet_id`, `skills`) VALUES ('1441', 'Maven');
INSERT INTO `SkillSet_skills` (`SkillSet_id`, `skills`) VALUES ('1441', 'Java');
INSERT INTO `SkillSet_skills` (`SkillSet_id`, `skills`) VALUES ('1441', 'Java');
INSERT INTO `SkillSet_skills` (`SkillSet_id`, `skills`) VALUES ('1441', 'UnitTesting');
INSERT INTO `Hero` (`id`, `firstName`, `lastName`, `role`, `skillSet_id`) VALUES ('1441', '01ad08dd-26e9-4bdf-b411-423edccdb822', '9d982024-d292-4c1f-92e3-da625958f160', 'LeadSoftwareArchitect', '1441');
INSERT INTO `SkillSet` (`id`) VALUES ('1442');
INSERT INTO `SkillSet_skills` (`SkillSet_id`, `skills`) VALUES ('1442', 'Gradle');
INSERT INTO `SkillSet_skills` (`SkillSet_id`, `skills`) VALUES ('1442', 'dotNet');
INSERT INTO `SkillSet_skills` (`SkillSet_id`, `skills`) VALUES ('1442', 'Java');
INSERT INTO `SkillSet_skills` (`SkillSet_id`, `skills`) VALUES ('1442', 'Ant');
INSERT INTO `SkillSet_skills` (`SkillSet_id`, `skills`) VALUES ('1442', 'UnitTesting');
INSERT INTO `Hero` (`id`, `firstName`, `lastName`, `role`, `skillSet_id`) VALUES ('1442', '08d07937-3456-4b07-aeeb-1ff5bee0b827', '51ae6b8d-3b8a-4429-9165-e76209cc38c8', 'SeniorSoftwareEngineer', '1442');
INSERT INTO `SkillSet` (`id`) VALUES ('1443');
INSERT INTO `SkillSet_skills` (`SkillSet_id`, `skills`) VALUES ('1443', 'Ant');
INSERT INTO `SkillSet_skills` (`SkillSet_id`, `skills`) VALUES ('1443', 'UnitTesting');
INSERT INTO `SkillSet_skills` (`SkillSet_id`, `skills`) VALUES ('1443', 'Ant');
INSERT INTO `SkillSet_skills` (`SkillSet_id`, `skills`) VALUES ('1443', 'UnitTesting');
INSERT INTO `Hero` (`id`, `firstName`, `lastName`, `role`, `skillSet_id`) VALUES ('1443', '13cee87b-9dbc-4463-b98c-9916fa33d8ff', '1e1e298f-60a5-4761-8b39-9259469f6ce8', 'LeadEngineer', '1443');
INSERT INTO `SkillSet` (`id`) VALUES ('1444');
INSERT INTO `SkillSet_skills` (`SkillSet_id`, `skills`) VALUES ('1444', 'UnitTesting');
INSERT INTO `Hero` (`id`, `firstName`, `lastName`, `role`, `skillSet_id`) VALUES ('1444', 'd701619f-e235-4612-baf9-866b25c51b8f', '0b7e5d39-6191-4bf7-9d9c-9068c2a24fa8', 'JuniorSoftwareEngineer', '1444');
INSERT INTO `SkillSet` (`id`) VALUES ('1445');
INSERT INTO `SkillSet_skills` (`SkillSet_id`, `skills`) VALUES ('1445', 'Java');
INSERT INTO `SkillSet_skills` (`SkillSet_id`, `skills`) VALUES ('1445', 'UnitTesting');
INSERT INTO `SkillSet_skills` (`SkillSet_id`, `skills`) VALUES ('1445', 'Ant');
INSERT INTO `SkillSet_skills` (`SkillSet_id`, `skills`) VALUES ('1445', 'Gradle');
INSERT INTO `SkillSet_skills` (`SkillSet_id`, `skills`) VALUES ('1445', 'Gradle');
INSERT INTO `Hero` (`id`, `firstName`, `lastName`, `role`, `skillSet_id`) VALUES ('1445', '9770f320-14d8-4cf0-a6f6-c20372d3b061', 'ad2abe39-a944-416b-a469-27c2120f3e23', 'PrincipalConsultant', '1445');
INSERT INTO `SkillSet` (`id`) VALUES ('1446');
INSERT INTO `SkillSet_skills` (`SkillSet_id`, `skills`) VALUES ('1446', 'Architektur');
INSERT INTO `SkillSet_skills` (`SkillSet_id`, `skills`) VALUES ('1446', 'dotNet');
INSERT INTO `SkillSet_skills` (`SkillSet_id`, `skills`) VALUES ('1446', 'dotNet');
INSERT INTO `Hero` (`id`, `firstName`, `lastName`, `role`, `skillSet_id`) VALUES ('1446', 'a384f71e-faa5-45a7-a732-ba471a645082', 'e8b976fd-c054-4457-bb72-61008ef9e1c6', 'PrincipalConsultant', '1446');
INSERT INTO `SkillSet` (`id`) VALUES ('1447');
INSERT INTO `SkillSet_skills` (`SkillSet_id`, `skills`) VALUES ('1447', 'Architektur');
INSERT INTO `SkillSet_skills` (`SkillSet_id`, `skills`) VALUES ('1447', 'Maven');
INSERT INTO `SkillSet_skills` (`SkillSet_id`, `skills`) VALUES ('1447', 'Gradle');
INSERT INTO `SkillSet_skills` (`SkillSet_id`, `skills`) VALUES ('1447', 'UnitTesting');
INSERT INTO `SkillSet_skills` (`SkillSet_id`, `skills`) VALUES ('1447', 'Ant');
INSERT INTO `Hero` (`id`, `firstName`, `lastName`, `role`, `skillSet_id`) VALUES ('1447', 'f288b43f-c22d-48d4-8524-6b05d31abba9', '8349010b-9a68-4e16-9569-e31cb47e2791', 'LeadEngineer', '1447');
INSERT INTO `SkillSet` (`id`) VALUES ('1448');
INSERT INTO `SkillSet_skills` (`SkillSet_id`, `skills`) VALUES ('1448', 'SQL');
INSERT INTO `SkillSet_skills` (`SkillSet_id`, `skills`) VALUES ('1448', 'Maven');
INSERT INTO `SkillSet_skills` (`SkillSet_id`, `skills`) VALUES ('1448', 'UITesting');
INSERT INTO `SkillSet_skills` (`SkillSet_id`, `skills`) VALUES ('1448', 'UnitTesting');
INSERT INTO `Hero` (`id`, `firstName`, `lastName`, `role`, `skillSet_id`) VALUES ('1448', '478019c6-84c4-4460-b979-660beeaac411', 'dd594294-0539-45e7-8408-1e92d38a7c4c', 'SeniorSoftwareEngineer', '1448');
INSERT INTO `SkillSet` (`id`) VALUES ('1449');
INSERT INTO `SkillSet_skills` (`SkillSet_id`, `skills`) VALUES ('1449', 'Architektur');
INSERT INTO `SkillSet_skills` (`SkillSet_id`, `skills`) VALUES ('1449', 'Gradle');
INSERT INTO `SkillSet_skills` (`SkillSet_id`, `skills`) VALUES ('1449', 'Gradle');
INSERT INTO `Hero` (`id`, `firstName`, `lastName`, `role`, `skillSet_id`) VALUES ('1449', '4e941b22-feef-4d30-bfdb-cfe7b579cd7a', 'db6e6fc3-fce4-4f02-a772-9e0885cc0fe3', 'SoftwareEngineer', '1449');
INSERT INTO `SkillSet` (`id`) VALUES ('1450');
INSERT INTO `SkillSet_skills` (`SkillSet_id`, `skills`) VALUES ('1450', 'Gradle');
INSERT INTO `SkillSet_skills` (`SkillSet_id`, `skills`) VALUES ('1450', 'Gradle');
INSERT INTO `SkillSet_skills` (`SkillSet_id`, `skills`) VALUES ('1450', 'SQL');
INSERT INTO `Hero` (`id`, `firstName`, `lastName`, `role`, `skillSet_id`) VALUES ('1450', '4d36383e-014c-4f75-9d0c-c7fa43e3b8bf', '7e896a67-113d-4565-afbe-a586dd726a6d', 'LeadSoftwareArchitect', '1450');
INSERT INTO `SkillSet` (`id`) VALUES ('1451');
INSERT INTO `SkillSet_skills` (`SkillSet_id`, `skills`) VALUES ('1451', 'Gradle');
INSERT INTO `Hero` (`id`, `firstName`, `lastName`, `role`, `skillSet_id`) VALUES ('1451', '66665ea0-3f46-4798-b497-26d5a16ef473', '3ff1e507-41c9-43b7-be61-045671c60aa3', 'LeadEngineer', '1451');
INSERT INTO `SkillSet` (`id`) VALUES ('1452');
INSERT INTO `SkillSet_skills` (`SkillSet_id`, `skills`) VALUES ('1452', 'Architektur');
INSERT INTO `SkillSet_skills` (`SkillSet_id`, `skills`) VALUES ('1452', 'Architektur');
INSERT INTO `Hero` (`id`, `firstName`, `lastName`, `role`, `skillSet_id`) VALUES ('1452', '725edb0f-145f-4bc2-b8c7-75a195bf0627', '060294a4-066c-4ee1-808d-fd5679b9c8c7', 'JuniorSoftwareEngineer', '1452');
INSERT INTO `SkillSet` (`id`) VALUES ('1453');
INSERT INTO `SkillSet_skills` (`SkillSet_id`, `skills`) VALUES ('1453', 'Architektur');
INSERT INTO `Hero` (`id`, `firstName`, `lastName`, `role`, `skillSet_id`) VALUES ('1453', '287d5307-05a9-440c-adda-01dfaeb6c665', 'b530957d-b57c-4db4-a80a-d88babf75bf3', 'SeniorSoftwareEngineer', '1453');
INSERT INTO `SkillSet` (`id`) VALUES ('1454');
INSERT INTO `SkillSet_skills` (`SkillSet_id`, `skills`) VALUES ('1454', 'Ant');
INSERT INTO `SkillSet_skills` (`SkillSet_id`, `skills`) VALUES ('1454', 'Gradle');
INSERT INTO `Hero` (`id`, `firstName`, `lastName`, `role`, `skillSet_id`) VALUES ('1454', '026924de-9f5e-4f4b-bec0-daab96aa8eca', 'bed749d0-1e33-433d-9974-6352d2a64d9b', 'SoftwareEngineer', '1454');
INSERT INTO `SkillSet` (`id`) VALUES ('1455');
INSERT INTO `SkillSet_skills` (`SkillSet_id`, `skills`) VALUES ('1455', 'Java');
INSERT INTO `SkillSet_skills` (`SkillSet_id`, `skills`) VALUES ('1455', 'dotNet');
INSERT INTO `SkillSet_skills` (`SkillSet_id`, `skills`) VALUES ('1455', 'dotNet');
INSERT INTO `SkillSet_skills` (`SkillSet_id`, `skills`) VALUES ('1455', 'Maven');
INSERT INTO `SkillSet_skills` (`SkillSet_id`, `skills`) VALUES ('1455', 'UITesting');
INSERT INTO `Hero` (`id`, `firstName`, `lastName`, `role`, `skillSet_id`) VALUES ('1455', '55352a34-b81b-4af0-895f-44324d3a4875', '0c2a4768-285c-4b89-892e-0d09430e1f06', 'LeadSoftwareArchitect', '1455');
INSERT INTO `SkillSet` (`id`) VALUES ('1456');
INSERT INTO `SkillSet_skills` (`SkillSet_id`, `skills`) VALUES ('1456', 'Java');
INSERT INTO `Hero` (`id`, `firstName`, `lastName`, `role`, `skillSet_id`) VALUES ('1456', '3f50f653-2286-45fe-b635-16280769b60f', 'fd0d69f7-42d4-4fbf-b4b6-d83259071900', 'SeniorSoftwareEngineer', '1456');
INSERT INTO `SkillSet` (`id`) VALUES ('1457');
INSERT INTO `SkillSet_skills` (`SkillSet_id`, `skills`) VALUES ('1457', 'dotNet');
INSERT INTO `SkillSet_skills` (`SkillSet_id`, `skills`) VALUES ('1457', 'SQL');
INSERT INTO `Hero` (`id`, `firstName`, `lastName`, `role`, `skillSet_id`) VALUES ('1457', '7e5a6997-9677-41d4-9871-8269b16766c9', 'ecff84a2-5ae9-4f87-9d3f-2c4bc26d9c98', 'SoftwareEngineer', '1457');
INSERT INTO `SkillSet` (`id`) VALUES ('1458');
INSERT INTO `SkillSet_skills` (`SkillSet_id`, `skills`) VALUES ('1458', 'UITesting');
INSERT INTO `SkillSet_skills` (`SkillSet_id`, `skills`) VALUES ('1458', 'Ant');
INSERT INTO `SkillSet_skills` (`SkillSet_id`, `skills`) VALUES ('1458', 'SQL');
INSERT INTO `Hero` (`id`, `firstName`, `lastName`, `role`, `skillSet_id`) VALUES ('1458', '6138a895-507e-4fad-8532-d4afdba71a7c', '09b502e5-d361-4e1b-9edd-6e8f26cad875', 'PrincipalConsultant', '1458');
INSERT INTO `SkillSet` (`id`) VALUES ('1459');
INSERT INTO `SkillSet_skills` (`SkillSet_id`, `skills`) VALUES ('1459', 'SQL');
INSERT INTO `Hero` (`id`, `firstName`, `lastName`, `role`, `skillSet_id`) VALUES ('1459', 'c61f7488-cdc0-4926-aedd-0c24110bf618', 'aff7f5a8-0ad4-46f4-a71e-6aa56fb53444', 'SoftwareEngineer', '1459');
INSERT INTO `SkillSet` (`id`) VALUES ('1460');
INSERT INTO `SkillSet_skills` (`SkillSet_id`, `skills`) VALUES ('1460', 'dotNet');
INSERT INTO `SkillSet_skills` (`SkillSet_id`, `skills`) VALUES ('1460', 'Java');
INSERT INTO `SkillSet_skills` (`SkillSet_id`, `skills`) VALUES ('1460', 'UITesting');
INSERT INTO `SkillSet_skills` (`SkillSet_id`, `skills`) VALUES ('1460', 'Ant');
INSERT INTO `Hero` (`id`, `firstName`, `lastName`, `role`, `skillSet_id`) VALUES ('1460', '168a63d3-7a40-4db3-84e9-33364b29bd71', 'a39611da-004d-4351-a9e4-f7d501928d2d', 'LeadSoftwareArchitect', '1460');
INSERT INTO `SkillSet` (`id`) VALUES ('1461');
INSERT INTO `SkillSet_skills` (`SkillSet_id`, `skills`) VALUES ('1461', 'SQL');
INSERT INTO `SkillSet_skills` (`SkillSet_id`, `skills`) VALUES ('1461', 'Ant');
INSERT INTO `Hero` (`id`, `firstName`, `lastName`, `role`, `skillSet_id`) VALUES ('1461', 'f75de991-52aa-48fd-920a-192cb19af664', '77db1e78-4dfc-4251-b00d-bd97089f3371', 'LeadSoftwareArchitect', '1461');
INSERT INTO `SkillSet` (`id`) VALUES ('1462');
INSERT INTO `SkillSet_skills` (`SkillSet_id`, `skills`) VALUES ('1462', 'Gradle');
INSERT INTO `SkillSet_skills` (`SkillSet_id`, `skills`) VALUES ('1462', 'SQL');
INSERT INTO `SkillSet_skills` (`SkillSet_id`, `skills`) VALUES ('1462', 'Gradle');
INSERT INTO `Hero` (`id`, `firstName`, `lastName`, `role`, `skillSet_id`) VALUES ('1462', 'ed9a955a-b01f-44e7-8236-279284aecaa2', 'a565a604-8533-49ab-aa78-76187d8163f0', 'PrincipalConsultant', '1462');
INSERT INTO `SkillSet` (`id`) VALUES ('1463');
INSERT INTO `SkillSet_skills` (`SkillSet_id`, `skills`) VALUES ('1463', 'Maven');
INSERT INTO `SkillSet_skills` (`SkillSet_id`, `skills`) VALUES ('1463', 'UnitTesting');
INSERT INTO `SkillSet_skills` (`SkillSet_id`, `skills`) VALUES ('1463', 'dotNet');
INSERT INTO `SkillSet_skills` (`SkillSet_id`, `skills`) VALUES ('1463', 'UITesting');
INSERT INTO `Hero` (`id`, `firstName`, `lastName`, `role`, `skillSet_id`) VALUES ('1463', '6175998e-4a62-422e-9453-0ca641093d16', 'e2d72a57-6fea-4171-a98d-143ae01eecac', 'SeniorSoftwareEngineer', '1463');
INSERT INTO `SkillSet` (`id`) VALUES ('1464');
INSERT INTO `SkillSet_skills` (`SkillSet_id`, `skills`) VALUES ('1464', 'Architektur');
INSERT INTO `Hero` (`id`, `firstName`, `lastName`, `role`, `skillSet_id`) VALUES ('1464', '5dfe8254-53ab-49b0-b097-a42aa182277a', 'c6460696-f380-4fec-9db8-4eff8f9e0f33', 'JuniorSoftwareEngineer', '1464');
INSERT INTO `SkillSet` (`id`) VALUES ('1465');
INSERT INTO `SkillSet_skills` (`SkillSet_id`, `skills`) VALUES ('1465', 'dotNet');
INSERT INTO `SkillSet_skills` (`SkillSet_id`, `skills`) VALUES ('1465', 'UITesting');
INSERT INTO `Hero` (`id`, `firstName`, `lastName`, `role`, `skillSet_id`) VALUES ('1465', '4b6bd67c-cc8f-4e0e-9910-bdfa05ab1beb', '96b7ffa0-6dae-4424-b960-fd08eed540b0', 'PrincipalConsultant', '1465');
INSERT INTO `SkillSet` (`id`) VALUES ('1466');
INSERT INTO `SkillSet_skills` (`SkillSet_id`, `skills`) VALUES ('1466', 'Java');
INSERT INTO `Hero` (`id`, `firstName`, `lastName`, `role`, `skillSet_id`) VALUES ('1466', 'b96c2def-f1fa-4e88-8fcb-be52ec1bdb11', '18131750-3cf9-4e09-be53-e25778f5d4f5', 'SeniorSoftwareEngineer', '1466');
INSERT INTO `SkillSet` (`id`) VALUES ('1467');
INSERT INTO `SkillSet_skills` (`SkillSet_id`, `skills`) VALUES ('1467', 'UnitTesting');
INSERT INTO `Hero` (`id`, `firstName`, `lastName`, `role`, `skillSet_id`) VALUES ('1467', '074f8e25-99f4-486f-8daa-b58ac7234a4b', '1b5aaf3c-d0dc-4564-90e6-09379848bdf6', 'SoftwareEngineer', '1467');
INSERT INTO `SkillSet` (`id`) VALUES ('1468');
INSERT INTO `SkillSet_skills` (`SkillSet_id`, `skills`) VALUES ('1468', 'dotNet');
INSERT INTO `SkillSet_skills` (`SkillSet_id`, `skills`) VALUES ('1468', 'Gradle');
INSERT INTO `SkillSet_skills` (`SkillSet_id`, `skills`) VALUES ('1468', 'dotNet');
INSERT INTO `SkillSet_skills` (`SkillSet_id`, `skills`) VALUES ('1468', 'Gradle');
INSERT INTO `SkillSet_skills` (`SkillSet_id`, `skills`) VALUES ('1468', 'Maven');
INSERT INTO `Hero` (`id`, `firstName`, `lastName`, `role`, `skillSet_id`) VALUES ('1468', '0bc508c7-abe5-43b7-9357-b0c1dce2c172', '13d5ff71-9f12-4924-b2cd-184a04a9da68', 'SoftwareEngineer', '1468');
INSERT INTO `SkillSet` (`id`) VALUES ('1469');
INSERT INTO `SkillSet_skills` (`SkillSet_id`, `skills`) VALUES ('1469', 'UITesting');
INSERT INTO `SkillSet_skills` (`SkillSet_id`, `skills`) VALUES ('1469', 'Architektur');
INSERT INTO `SkillSet_skills` (`SkillSet_id`, `skills`) VALUES ('1469', 'UITesting');
INSERT INTO `SkillSet_skills` (`SkillSet_id`, `skills`) VALUES ('1469', 'Architektur');
INSERT INTO `Hero` (`id`, `firstName`, `lastName`, `role`, `skillSet_id`) VALUES ('1469', '83034ef4-e685-4886-a972-857bc175e469', '8dad27e0-06ca-4971-b0b8-23e07d71adac', 'JuniorSoftwareEngineer', '1469');
INSERT INTO `SkillSet` (`id`) VALUES ('1470');
INSERT INTO `SkillSet_skills` (`SkillSet_id`, `skills`) VALUES ('1470', 'UnitTesting');
INSERT INTO `SkillSet_skills` (`SkillSet_id`, `skills`) VALUES ('1470', 'Architektur');
INSERT INTO `SkillSet_skills` (`SkillSet_id`, `skills`) VALUES ('1470', 'UITesting');
INSERT INTO `Hero` (`id`, `firstName`, `lastName`, `role`, `skillSet_id`) VALUES ('1470', '8f3549f4-577e-4dc4-b95b-28a86a399681', 'a49cd9ab-0a05-496a-8780-b50da780fca2', 'PrincipalConsultant', '1470');
INSERT INTO `SkillSet` (`id`) VALUES ('1471');
INSERT INTO `SkillSet_skills` (`SkillSet_id`, `skills`) VALUES ('1471', 'UnitTesting');
INSERT INTO `SkillSet_skills` (`SkillSet_id`, `skills`) VALUES ('1471', 'Architektur');
INSERT INTO `SkillSet_skills` (`SkillSet_id`, `skills`) VALUES ('1471', 'Architektur');
INSERT INTO `SkillSet_skills` (`SkillSet_id`, `skills`) VALUES ('1471', 'Maven');
INSERT INTO `Hero` (`id`, `firstName`, `lastName`, `role`, `skillSet_id`) VALUES ('1471', '2c326d22-8c45-4cf7-af65-4c0b114504d4', '562d6686-be6b-4c15-8f4f-d93264dde930', 'JuniorSoftwareEngineer', '1471');
INSERT INTO `SkillSet` (`id`) VALUES ('1472');
INSERT INTO `SkillSet_skills` (`SkillSet_id`, `skills`) VALUES ('1472', 'SQL');
INSERT INTO `SkillSet_skills` (`SkillSet_id`, `skills`) VALUES ('1472', 'Ant');
INSERT INTO `SkillSet_skills` (`SkillSet_id`, `skills`) VALUES ('1472', 'Java');
INSERT INTO `Hero` (`id`, `firstName`, `lastName`, `role`, `skillSet_id`) VALUES ('1472', '1982a657-8fbe-4075-a602-4a0090f02211', '0696fbc0-f350-48aa-90d8-03b9cf70916d', 'SoftwareEngineer', '1472');
INSERT INTO `SkillSet` (`id`) VALUES ('1473');
INSERT INTO `SkillSet_skills` (`SkillSet_id`, `skills`) VALUES ('1473', 'Maven');
INSERT INTO `SkillSet_skills` (`SkillSet_id`, `skills`) VALUES ('1473', 'UnitTesting');
INSERT INTO `SkillSet_skills` (`SkillSet_id`, `skills`) VALUES ('1473', 'Architektur');
INSERT INTO `SkillSet_skills` (`SkillSet_id`, `skills`) VALUES ('1473', 'Maven');
INSERT INTO `SkillSet_skills` (`SkillSet_id`, `skills`) VALUES ('1473', 'Maven');
INSERT INTO `Hero` (`id`, `firstName`, `lastName`, `role`, `skillSet_id`) VALUES ('1473', '26275c22-3dd2-4055-bab1-bf166eb56457', '9a9c73fe-ebba-4de6-a1ba-fabb3c9f7439', 'SeniorSoftwareEngineer', '1473');
INSERT INTO `SkillSet` (`id`) VALUES ('1474');
INSERT INTO `SkillSet_skills` (`SkillSet_id`, `skills`) VALUES ('1474', 'dotNet');
INSERT INTO `SkillSet_skills` (`SkillSet_id`, `skills`) VALUES ('1474', 'UITesting');
INSERT INTO `SkillSet_skills` (`SkillSet_id`, `skills`) VALUES ('1474', 'Ant');
INSERT INTO `Hero` (`id`, `firstName`, `lastName`, `role`, `skillSet_id`) VALUES ('1474', '77822818-2796-4159-bd6a-69dbf6470063', '7ed85a6a-836c-4b9b-93a3-3f5cd5006c7a', 'LeadSoftwareArchitect', '1474');
INSERT INTO `SkillSet` (`id`) VALUES ('1475');
INSERT INTO `SkillSet_skills` (`SkillSet_id`, `skills`) VALUES ('1475', 'Ant');
INSERT INTO `SkillSet_skills` (`SkillSet_id`, `skills`) VALUES ('1475', 'dotNet');
INSERT INTO `Hero` (`id`, `firstName`, `lastName`, `role`, `skillSet_id`) VALUES ('1475', 'daec3b0e-e5fa-4671-860a-437948ca1250', '0a092534-7305-4386-874f-2889113e65eb', 'LeadEngineer', '1475');
INSERT INTO `SkillSet` (`id`) VALUES ('1476');
INSERT INTO `SkillSet_skills` (`SkillSet_id`, `skills`) VALUES ('1476', 'Gradle');
INSERT INTO `SkillSet_skills` (`SkillSet_id`, `skills`) VALUES ('1476', 'Java');
INSERT INTO `Hero` (`id`, `firstName`, `lastName`, `role`, `skillSet_id`) VALUES ('1476', 'd9ac4436-2d93-4dc3-8bda-f2e962672083', 'c7f3e221-44d1-4c7d-b0cf-b8ace9e34706', 'PrincipalConsultant', '1476');
INSERT INTO `SkillSet` (`id`) VALUES ('1477');
INSERT INTO `SkillSet_skills` (`SkillSet_id`, `skills`) VALUES ('1477', 'Ant');
INSERT INTO `Hero` (`id`, `firstName`, `lastName`, `role`, `skillSet_id`) VALUES ('1477', '42617640-23a0-40a9-bea1-8e6dba0d59f0', '35479c96-0013-4b29-a826-540056e39811', 'SoftwareEngineer', '1477');
INSERT INTO `SkillSet` (`id`) VALUES ('1478');
INSERT INTO `SkillSet_skills` (`SkillSet_id`, `skills`) VALUES ('1478', 'SQL');
INSERT INTO `Hero` (`id`, `firstName`, `lastName`, `role`, `skillSet_id`) VALUES ('1478', 'a3b2f8ef-f249-4d85-b25b-0e936297033e', 'f4f2cdcc-f570-4bb1-a28a-42cb2e255d27', 'SoftwareEngineer', '1478');
INSERT INTO `SkillSet` (`id`) VALUES ('1479');
INSERT INTO `SkillSet_skills` (`SkillSet_id`, `skills`) VALUES ('1479', 'Java');
INSERT INTO `SkillSet_skills` (`SkillSet_id`, `skills`) VALUES ('1479', 'Maven');
INSERT INTO `SkillSet_skills` (`SkillSet_id`, `skills`) VALUES ('1479', 'UITesting');
INSERT INTO `SkillSet_skills` (`SkillSet_id`, `skills`) VALUES ('1479', 'Gradle');
INSERT INTO `SkillSet_skills` (`SkillSet_id`, `skills`) VALUES ('1479', 'Gradle');
INSERT INTO `Hero` (`id`, `firstName`, `lastName`, `role`, `skillSet_id`) VALUES ('1479', '23c58c27-c092-49f3-94a1-0cb8ee9bb397', '8a13e86b-27dc-492a-9ea1-48aec5582891', 'SoftwareEngineer', '1479');
INSERT INTO `SkillSet` (`id`) VALUES ('1480');
INSERT INTO `SkillSet_skills` (`SkillSet_id`, `skills`) VALUES ('1480', 'Architektur');
INSERT INTO `SkillSet_skills` (`SkillSet_id`, `skills`) VALUES ('1480', 'dotNet');
INSERT INTO `Hero` (`id`, `firstName`, `lastName`, `role`, `skillSet_id`) VALUES ('1480', 'f29d2622-d849-4776-9c48-004f606ae2e2', '6bb3be4b-a8f5-466c-877f-5aecb961a761', 'SeniorSoftwareEngineer', '1480');
INSERT INTO `SkillSet` (`id`) VALUES ('1481');
INSERT INTO `SkillSet_skills` (`SkillSet_id`, `skills`) VALUES ('1481', 'SQL');
INSERT INTO `SkillSet_skills` (`SkillSet_id`, `skills`) VALUES ('1481', 'UnitTesting');
INSERT INTO `SkillSet_skills` (`SkillSet_id`, `skills`) VALUES ('1481', 'Architektur');
INSERT INTO `SkillSet_skills` (`SkillSet_id`, `skills`) VALUES ('1481', 'SQL');
INSERT INTO `SkillSet_skills` (`SkillSet_id`, `skills`) VALUES ('1481', 'Ant');
INSERT INTO `Hero` (`id`, `firstName`, `lastName`, `role`, `skillSet_id`) VALUES ('1481', 'ab3e0e20-b92b-42c0-bdb9-d8c362eacce2', '82a64273-d7ad-4c11-8649-4fd704997a0e', 'PrincipalConsultant', '1481');
INSERT INTO `SkillSet` (`id`) VALUES ('1482');
INSERT INTO `SkillSet_skills` (`SkillSet_id`, `skills`) VALUES ('1482', 'SQL');
INSERT INTO `Hero` (`id`, `firstName`, `lastName`, `role`, `skillSet_id`) VALUES ('1482', 'c514595d-fe11-4957-bc93-aabc60131e46', '8bc840ce-69ba-447a-a868-a461235b931b', 'PrincipalConsultant', '1482');
INSERT INTO `SkillSet` (`id`) VALUES ('1483');
INSERT INTO `SkillSet_skills` (`SkillSet_id`, `skills`) VALUES ('1483', 'Maven');
INSERT INTO `Hero` (`id`, `firstName`, `lastName`, `role`, `skillSet_id`) VALUES ('1483', '70789564-33c4-42fe-9c8a-2e768211dc7f', 'b57dd1ad-962a-45df-b1e4-c96127991137', 'PrincipalConsultant', '1483');
INSERT INTO `SkillSet` (`id`) VALUES ('1484');
INSERT INTO `SkillSet_skills` (`SkillSet_id`, `skills`) VALUES ('1484', 'Maven');
INSERT INTO `SkillSet_skills` (`SkillSet_id`, `skills`) VALUES ('1484', 'dotNet');
INSERT INTO `SkillSet_skills` (`SkillSet_id`, `skills`) VALUES ('1484', 'Architektur');
INSERT INTO `SkillSet_skills` (`SkillSet_id`, `skills`) VALUES ('1484', 'SQL');
INSERT INTO `SkillSet_skills` (`SkillSet_id`, `skills`) VALUES ('1484', 'Maven');
INSERT INTO `Hero` (`id`, `firstName`, `lastName`, `role`, `skillSet_id`) VALUES ('1484', '89193e75-6471-4b86-8e03-7efc5210ff10', '61f3331c-be45-492a-a6dc-2dbfeadbbb96', 'SoftwareEngineer', '1484');
INSERT INTO `SkillSet` (`id`) VALUES ('1485');
INSERT INTO `SkillSet_skills` (`SkillSet_id`, `skills`) VALUES ('1485', 'Architektur');
INSERT INTO `SkillSet_skills` (`SkillSet_id`, `skills`) VALUES ('1485', 'Architektur');
INSERT INTO `SkillSet_skills` (`SkillSet_id`, `skills`) VALUES ('1485', 'Ant');
INSERT INTO `SkillSet_skills` (`SkillSet_id`, `skills`) VALUES ('1485', 'Ant');
INSERT INTO `SkillSet_skills` (`SkillSet_id`, `skills`) VALUES ('1485', 'dotNet');
INSERT INTO `Hero` (`id`, `firstName`, `lastName`, `role`, `skillSet_id`) VALUES ('1485', '93902568-c202-4326-8560-dfd1f49402b4', '898c2432-6953-4218-887d-300260c47a40', 'LeadEngineer', '1485');
INSERT INTO `SkillSet` (`id`) VALUES ('1486');
INSERT INTO `SkillSet_skills` (`SkillSet_id`, `skills`) VALUES ('1486', 'Maven');
INSERT INTO `SkillSet_skills` (`SkillSet_id`, `skills`) VALUES ('1486', 'Gradle');
INSERT INTO `Hero` (`id`, `firstName`, `lastName`, `role`, `skillSet_id`) VALUES ('1486', '473995ed-44c7-4799-b257-082561d318c1', '3dba8e77-1689-4f45-a4e1-32e64054c1d2', 'LeadEngineer', '1486');
INSERT INTO `SkillSet` (`id`) VALUES ('1487');
INSERT INTO `SkillSet_skills` (`SkillSet_id`, `skills`) VALUES ('1487', 'Ant');
INSERT INTO `SkillSet_skills` (`SkillSet_id`, `skills`) VALUES ('1487', 'Ant');
INSERT INTO `SkillSet_skills` (`SkillSet_id`, `skills`) VALUES ('1487', 'Ant');
INSERT INTO `SkillSet_skills` (`SkillSet_id`, `skills`) VALUES ('1487', 'SQL');
INSERT INTO `Hero` (`id`, `firstName`, `lastName`, `role`, `skillSet_id`) VALUES ('1487', '1495ae72-7db2-4b13-a037-c45d3e4bdfbc', '41bbcbcd-225f-4e12-81ff-e1d78ee2c713', 'JuniorSoftwareEngineer', '1487');
INSERT INTO `SkillSet` (`id`) VALUES ('1488');
INSERT INTO `SkillSet_skills` (`SkillSet_id`, `skills`) VALUES ('1488', 'Gradle');
INSERT INTO `SkillSet_skills` (`SkillSet_id`, `skills`) VALUES ('1488', 'SQL');
INSERT INTO `SkillSet_skills` (`SkillSet_id`, `skills`) VALUES ('1488', 'dotNet');
INSERT INTO `SkillSet_skills` (`SkillSet_id`, `skills`) VALUES ('1488', 'dotNet');
INSERT INTO `Hero` (`id`, `firstName`, `lastName`, `role`, `skillSet_id`) VALUES ('1488', 'dfbf4ee6-2469-40ed-b45d-e6d2a5252373', '957f43ba-ce15-4dcd-ae55-8baa33448eac', 'SoftwareEngineer', '1488');
INSERT INTO `SkillSet` (`id`) VALUES ('1489');
INSERT INTO `SkillSet_skills` (`SkillSet_id`, `skills`) VALUES ('1489', 'Architektur');
INSERT INTO `SkillSet_skills` (`SkillSet_id`, `skills`) VALUES ('1489', 'SQL');
INSERT INTO `SkillSet_skills` (`SkillSet_id`, `skills`) VALUES ('1489', 'UnitTesting');
INSERT INTO `Hero` (`id`, `firstName`, `lastName`, `role`, `skillSet_id`) VALUES ('1489', 'e772f8aa-210f-44a4-9357-a1b977cf0eb7', '6b50cca0-da2b-444b-a770-b099c7957f84', 'PrincipalConsultant', '1489');
INSERT INTO `SkillSet` (`id`) VALUES ('1490');
INSERT INTO `SkillSet_skills` (`SkillSet_id`, `skills`) VALUES ('1490', 'Gradle');
INSERT INTO `SkillSet_skills` (`SkillSet_id`, `skills`) VALUES ('1490', 'SQL');
INSERT INTO `Hero` (`id`, `firstName`, `lastName`, `role`, `skillSet_id`) VALUES ('1490', '51353d6f-5ad7-45bb-9582-61a081e071eb', '37d46aaf-9b7e-426d-890b-19316b5ae534', 'JuniorSoftwareEngineer', '1490');
INSERT INTO `SkillSet` (`id`) VALUES ('1491');
INSERT INTO `SkillSet_skills` (`SkillSet_id`, `skills`) VALUES ('1491', 'Gradle');
INSERT INTO `Hero` (`id`, `firstName`, `lastName`, `role`, `skillSet_id`) VALUES ('1491', 'bd76cc33-a5c8-43e6-8dae-c91cc77eb7f9', 'e03972f1-68ac-46a5-9957-09048d51a63b', 'PrincipalConsultant', '1491');
INSERT INTO `SkillSet` (`id`) VALUES ('1492');
INSERT INTO `SkillSet_skills` (`SkillSet_id`, `skills`) VALUES ('1492', 'Ant');
INSERT INTO `SkillSet_skills` (`SkillSet_id`, `skills`) VALUES ('1492', 'Gradle');
INSERT INTO `Hero` (`id`, `firstName`, `lastName`, `role`, `skillSet_id`) VALUES ('1492', 'aa53a1c0-11a8-4c5f-9715-24fc7a038306', 'ef7d210d-bda0-4cc3-9f6b-4d8934093aec', 'SoftwareEngineer', '1492');
INSERT INTO `SkillSet` (`id`) VALUES ('1493');
INSERT INTO `SkillSet_skills` (`SkillSet_id`, `skills`) VALUES ('1493', 'dotNet');
INSERT INTO `SkillSet_skills` (`SkillSet_id`, `skills`) VALUES ('1493', 'dotNet');
INSERT INTO `SkillSet_skills` (`SkillSet_id`, `skills`) VALUES ('1493', 'Gradle');
INSERT INTO `SkillSet_skills` (`SkillSet_id`, `skills`) VALUES ('1493', 'Ant');
INSERT INTO `SkillSet_skills` (`SkillSet_id`, `skills`) VALUES ('1493', 'dotNet');
INSERT INTO `Hero` (`id`, `firstName`, `lastName`, `role`, `skillSet_id`) VALUES ('1493', '4c6af01b-081e-4278-abf4-d3f757fac49e', '63cb00e9-33e8-4b84-b637-63e152836e90', 'SeniorSoftwareEngineer', '1493');
INSERT INTO `SkillSet` (`id`) VALUES ('1494');
INSERT INTO `SkillSet_skills` (`SkillSet_id`, `skills`) VALUES ('1494', 'Maven');
INSERT INTO `SkillSet_skills` (`SkillSet_id`, `skills`) VALUES ('1494', 'Gradle');
INSERT INTO `Hero` (`id`, `firstName`, `lastName`, `role`, `skillSet_id`) VALUES ('1494', 'd7719a21-066b-4637-8380-c463fa411ad9', '3d9c36c5-c2ab-42a5-aa22-b27009585cec', 'LeadSoftwareArchitect', '1494');
INSERT INTO `SkillSet` (`id`) VALUES ('1495');
INSERT INTO `SkillSet_skills` (`SkillSet_id`, `skills`) VALUES ('1495', 'Ant');
INSERT INTO `SkillSet_skills` (`SkillSet_id`, `skills`) VALUES ('1495', 'Java');
INSERT INTO `SkillSet_skills` (`SkillSet_id`, `skills`) VALUES ('1495', 'UnitTesting');
INSERT INTO `SkillSet_skills` (`SkillSet_id`, `skills`) VALUES ('1495', 'Maven');
INSERT INTO `SkillSet_skills` (`SkillSet_id`, `skills`) VALUES ('1495', 'Java');
INSERT INTO `Hero` (`id`, `firstName`, `lastName`, `role`, `skillSet_id`) VALUES ('1495', 'ce7fbb2b-55c7-4bf4-a097-0aad40b2d4c5', 'f5c2df6b-98ee-4bee-959c-57164f575526', 'SeniorSoftwareEngineer', '1495');
INSERT INTO `SkillSet` (`id`) VALUES ('1496');
INSERT INTO `SkillSet_skills` (`SkillSet_id`, `skills`) VALUES ('1496', 'Architektur');
INSERT INTO `SkillSet_skills` (`SkillSet_id`, `skills`) VALUES ('1496', 'UnitTesting');
INSERT INTO `SkillSet_skills` (`SkillSet_id`, `skills`) VALUES ('1496', 'dotNet');
INSERT INTO `SkillSet_skills` (`SkillSet_id`, `skills`) VALUES ('1496', 'Maven');
INSERT INTO `Hero` (`id`, `firstName`, `lastName`, `role`, `skillSet_id`) VALUES ('1496', 'c4c69c02-6af8-4b5b-8935-00b67db0968d', '08c31bab-6425-43f9-b74d-d70659c44fa4', 'LeadEngineer', '1496');
INSERT INTO `SkillSet` (`id`) VALUES ('1497');
INSERT INTO `SkillSet_skills` (`SkillSet_id`, `skills`) VALUES ('1497', 'UITesting');
INSERT INTO `SkillSet_skills` (`SkillSet_id`, `skills`) VALUES ('1497', 'Architektur');
INSERT INTO `Hero` (`id`, `firstName`, `lastName`, `role`, `skillSet_id`) VALUES ('1497', '0a3f75b5-3588-471c-b6e9-990639248988', 'eb5335ec-605d-4fd1-b503-f1fbefbfbf84', 'SoftwareEngineer', '1497');
INSERT INTO `SkillSet` (`id`) VALUES ('1498');
INSERT INTO `SkillSet_skills` (`SkillSet_id`, `skills`) VALUES ('1498', 'Architektur');
INSERT INTO `Hero` (`id`, `firstName`, `lastName`, `role`, `skillSet_id`) VALUES ('1498', 'e7edf016-ba21-4db6-b812-2c7f25a0b7eb', 'e23e84f9-2cd2-4d59-83a1-0281ed7937a0', 'PrincipalConsultant', '1498');
INSERT INTO `SkillSet` (`id`) VALUES ('1499');
INSERT INTO `SkillSet_skills` (`SkillSet_id`, `skills`) VALUES ('1499', 'SQL');
INSERT INTO `SkillSet_skills` (`SkillSet_id`, `skills`) VALUES ('1499', 'SQL');
INSERT INTO `SkillSet_skills` (`SkillSet_id`, `skills`) VALUES ('1499', 'SQL');
INSERT INTO `Hero` (`id`, `firstName`, `lastName`, `role`, `skillSet_id`) VALUES ('1499', '2f1cfd56-4826-40a5-8e17-efe5826809e4', 'a421f3e6-f6c1-4b17-9ad1-fe930c039013', 'JuniorSoftwareEngineer', '1499');
INSERT INTO `SkillSet` (`id`) VALUES ('1500');
INSERT INTO `SkillSet_skills` (`SkillSet_id`, `skills`) VALUES ('1500', 'UITesting');
INSERT INTO `SkillSet_skills` (`SkillSet_id`, `skills`) VALUES ('1500', 'UITesting');
INSERT INTO `SkillSet_skills` (`SkillSet_id`, `skills`) VALUES ('1500', 'Java');
INSERT INTO `SkillSet_skills` (`SkillSet_id`, `skills`) VALUES ('1500', 'Ant');
INSERT INTO `Hero` (`id`, `firstName`, `lastName`, `role`, `skillSet_id`) VALUES ('1500', '09ec7a9c-04fe-477a-bd07-c4b8bbb70c86', 'a25eee99-d31a-428a-86de-c301aa3512e8', 'SeniorSoftwareEngineer', '1500');
INSERT INTO `SkillSet` (`id`) VALUES ('1501');
INSERT INTO `SkillSet_skills` (`SkillSet_id`, `skills`) VALUES ('1501', 'Java');
INSERT INTO `Hero` (`id`, `firstName`, `lastName`, `role`, `skillSet_id`) VALUES ('1501', '69fe294e-0339-4bd9-ab06-7dd5ef3327a1', '1f115ff1-da7c-4222-831c-1eeaf2273613', 'PrincipalConsultant', '1501');
INSERT INTO `SkillSet` (`id`) VALUES ('1502');
INSERT INTO `SkillSet_skills` (`SkillSet_id`, `skills`) VALUES ('1502', 'Architektur');
INSERT INTO `SkillSet_skills` (`SkillSet_id`, `skills`) VALUES ('1502', 'Ant');
INSERT INTO `SkillSet_skills` (`SkillSet_id`, `skills`) VALUES ('1502', 'Architektur');
INSERT INTO `Hero` (`id`, `firstName`, `lastName`, `role`, `skillSet_id`) VALUES ('1502', '7a6e922c-faa2-4f94-abd4-02cab18165d4', 'd83fa4a5-6253-4ac6-b6b2-f54294e96e32', 'SeniorSoftwareEngineer', '1502');
INSERT INTO `SkillSet` (`id`) VALUES ('1503');
INSERT INTO `SkillSet_skills` (`SkillSet_id`, `skills`) VALUES ('1503', 'Ant');
INSERT INTO `SkillSet_skills` (`SkillSet_id`, `skills`) VALUES ('1503', 'Gradle');
INSERT INTO `SkillSet_skills` (`SkillSet_id`, `skills`) VALUES ('1503', 'UITesting');
INSERT INTO `Hero` (`id`, `firstName`, `lastName`, `role`, `skillSet_id`) VALUES ('1503', '86d18483-c585-4feb-93e7-90c1c6006697', 'ac43432c-3c9f-4503-8bda-e8f8e70214e7', 'LeadEngineer', '1503');
INSERT INTO `SkillSet` (`id`) VALUES ('1504');
INSERT INTO `SkillSet_skills` (`SkillSet_id`, `skills`) VALUES ('1504', 'Maven');
INSERT INTO `SkillSet_skills` (`SkillSet_id`, `skills`) VALUES ('1504', 'UITesting');
INSERT INTO `SkillSet_skills` (`SkillSet_id`, `skills`) VALUES ('1504', 'Gradle');
INSERT INTO `Hero` (`id`, `firstName`, `lastName`, `role`, `skillSet_id`) VALUES ('1504', '32a2d3e0-e0c6-47a1-b380-6b826a8d52b8', 'c592a0ca-904e-464d-8551-57d6e9c11b1a', 'PrincipalConsultant', '1504');
INSERT INTO `SkillSet` (`id`) VALUES ('1505');
INSERT INTO `SkillSet_skills` (`SkillSet_id`, `skills`) VALUES ('1505', 'dotNet');
INSERT INTO `SkillSet_skills` (`SkillSet_id`, `skills`) VALUES ('1505', 'Gradle');
INSERT INTO `SkillSet_skills` (`SkillSet_id`, `skills`) VALUES ('1505', 'SQL');
INSERT INTO `SkillSet_skills` (`SkillSet_id`, `skills`) VALUES ('1505', 'Java');
INSERT INTO `SkillSet_skills` (`SkillSet_id`, `skills`) VALUES ('1505', 'SQL');
INSERT INTO `Hero` (`id`, `firstName`, `lastName`, `role`, `skillSet_id`) VALUES ('1505', '73753d30-693c-4384-90f0-175e9d46f9b8', 'f6a62b26-a1e7-4223-819d-768203c73dc8', 'SeniorSoftwareEngineer', '1505');
INSERT INTO `SkillSet` (`id`) VALUES ('1506');
INSERT INTO `SkillSet_skills` (`SkillSet_id`, `skills`) VALUES ('1506', 'Gradle');
INSERT INTO `SkillSet_skills` (`SkillSet_id`, `skills`) VALUES ('1506', 'Ant');
INSERT INTO `SkillSet_skills` (`SkillSet_id`, `skills`) VALUES ('1506', 'Ant');
INSERT INTO `SkillSet_skills` (`SkillSet_id`, `skills`) VALUES ('1506', 'SQL');
INSERT INTO `SkillSet_skills` (`SkillSet_id`, `skills`) VALUES ('1506', 'Architektur');
INSERT INTO `Hero` (`id`, `firstName`, `lastName`, `role`, `skillSet_id`) VALUES ('1506', 'cd0898e0-6f18-47ce-becf-0ddc7ac68bc6', '4c93a59a-2754-4fa9-8a51-a73e7ead73b8', 'SeniorSoftwareEngineer', '1506');
INSERT INTO `SkillSet` (`id`) VALUES ('1507');
INSERT INTO `SkillSet_skills` (`SkillSet_id`, `skills`) VALUES ('1507', 'Ant');
INSERT INTO `SkillSet_skills` (`SkillSet_id`, `skills`) VALUES ('1507', 'Java');
INSERT INTO `SkillSet_skills` (`SkillSet_id`, `skills`) VALUES ('1507', 'UITesting');
INSERT INTO `Hero` (`id`, `firstName`, `lastName`, `role`, `skillSet_id`) VALUES ('1507', '973b4e28-31d5-4b47-bea7-8031639985a8', 'a0ce39dd-0a0c-4dfd-8551-a67f94c8ea22', 'PrincipalConsultant', '1507');
INSERT INTO `SkillSet` (`id`) VALUES ('1508');
INSERT INTO `SkillSet_skills` (`SkillSet_id`, `skills`) VALUES ('1508', 'Architektur');
INSERT INTO `SkillSet_skills` (`SkillSet_id`, `skills`) VALUES ('1508', 'SQL');
INSERT INTO `SkillSet_skills` (`SkillSet_id`, `skills`) VALUES ('1508', 'SQL');
INSERT INTO `SkillSet_skills` (`SkillSet_id`, `skills`) VALUES ('1508', 'UnitTesting');
INSERT INTO `SkillSet_skills` (`SkillSet_id`, `skills`) VALUES ('1508', 'dotNet');
INSERT INTO `Hero` (`id`, `firstName`, `lastName`, `role`, `skillSet_id`) VALUES ('1508', 'aed11760-d0e0-47dc-8bbc-e5ca5e1bd2bc', 'cdebd2b6-2012-43ba-b364-0fa162e53dcb', 'SeniorSoftwareEngineer', '1508');
INSERT INTO `SkillSet` (`id`) VALUES ('1509');
INSERT INTO `SkillSet_skills` (`SkillSet_id`, `skills`) VALUES ('1509', 'Architektur');
INSERT INTO `SkillSet_skills` (`SkillSet_id`, `skills`) VALUES ('1509', 'Gradle');
INSERT INTO `SkillSet_skills` (`SkillSet_id`, `skills`) VALUES ('1509', 'Ant');
INSERT INTO `Hero` (`id`, `firstName`, `lastName`, `role`, `skillSet_id`) VALUES ('1509', '6b3fe014-a678-496d-a26a-68dfa48de68f', 'c52f61bc-578c-45e0-b90d-f6a471ee7eee', 'JuniorSoftwareEngineer', '1509');
INSERT INTO `SkillSet` (`id`) VALUES ('1510');
INSERT INTO `SkillSet_skills` (`SkillSet_id`, `skills`) VALUES ('1510', 'Gradle');
INSERT INTO `Hero` (`id`, `firstName`, `lastName`, `role`, `skillSet_id`) VALUES ('1510', '77010834-728e-4df5-9f9e-94929b3b504c', 'd62be177-7ba3-4b8f-b2f7-29230b74cc8c', 'JuniorSoftwareEngineer', '1510');
INSERT INTO `SkillSet` (`id`) VALUES ('1511');
INSERT INTO `SkillSet_skills` (`SkillSet_id`, `skills`) VALUES ('1511', 'UITesting');
INSERT INTO `SkillSet_skills` (`SkillSet_id`, `skills`) VALUES ('1511', 'SQL');
INSERT INTO `SkillSet_skills` (`SkillSet_id`, `skills`) VALUES ('1511', 'dotNet');
INSERT INTO `Hero` (`id`, `firstName`, `lastName`, `role`, `skillSet_id`) VALUES ('1511', '9817d0b0-67fa-4e8d-b863-a28cfb354a70', 'dc6dc349-69e9-4450-a0d1-62314e6feb3b', 'JuniorSoftwareEngineer', '1511');
INSERT INTO `SkillSet` (`id`) VALUES ('1512');
INSERT INTO `SkillSet_skills` (`SkillSet_id`, `skills`) VALUES ('1512', 'Architektur');
INSERT INTO `SkillSet_skills` (`SkillSet_id`, `skills`) VALUES ('1512', 'Maven');
INSERT INTO `SkillSet_skills` (`SkillSet_id`, `skills`) VALUES ('1512', 'Ant');
INSERT INTO `SkillSet_skills` (`SkillSet_id`, `skills`) VALUES ('1512', 'dotNet');
INSERT INTO `SkillSet_skills` (`SkillSet_id`, `skills`) VALUES ('1512', 'UITesting');
INSERT INTO `Hero` (`id`, `firstName`, `lastName`, `role`, `skillSet_id`) VALUES ('1512', '9e477f88-5a6c-4457-b67f-b08bca70dab1', '4329fac9-ba81-4a7a-b987-b453d02a030c', 'LeadEngineer', '1512');
INSERT INTO `SkillSet` (`id`) VALUES ('1513');
INSERT INTO `SkillSet_skills` (`SkillSet_id`, `skills`) VALUES ('1513', 'Architektur');
INSERT INTO `Hero` (`id`, `firstName`, `lastName`, `role`, `skillSet_id`) VALUES ('1513', '62c78a09-0978-4852-8fc1-9087a189859d', '7ec52eb8-fd2f-4bb8-9ce2-4b6ee9a91a65', 'LeadSoftwareArchitect', '1513');
INSERT INTO `SkillSet` (`id`) VALUES ('1514');
INSERT INTO `SkillSet_skills` (`SkillSet_id`, `skills`) VALUES ('1514', 'Gradle');
INSERT INTO `SkillSet_skills` (`SkillSet_id`, `skills`) VALUES ('1514', 'UnitTesting');
INSERT INTO `SkillSet_skills` (`SkillSet_id`, `skills`) VALUES ('1514', 'Ant');
INSERT INTO `SkillSet_skills` (`SkillSet_id`, `skills`) VALUES ('1514', 'Maven');
INSERT INTO `Hero` (`id`, `firstName`, `lastName`, `role`, `skillSet_id`) VALUES ('1514', '72b644a2-9e01-416b-8f0f-73a18c715596', 'b9798793-104c-4455-a63d-9525e1520c79', 'JuniorSoftwareEngineer', '1514');
INSERT INTO `SkillSet` (`id`) VALUES ('1515');
INSERT INTO `SkillSet_skills` (`SkillSet_id`, `skills`) VALUES ('1515', 'Gradle');
INSERT INTO `SkillSet_skills` (`SkillSet_id`, `skills`) VALUES ('1515', 'dotNet');
INSERT INTO `SkillSet_skills` (`SkillSet_id`, `skills`) VALUES ('1515', 'Gradle');
INSERT INTO `Hero` (`id`, `firstName`, `lastName`, `role`, `skillSet_id`) VALUES ('1515', 'adb17df4-5054-420f-8f33-2bd0745710a1', '0cdd2410-835f-4b16-98d4-59dbdc3cc62c', 'SeniorSoftwareEngineer', '1515');
INSERT INTO `SkillSet` (`id`) VALUES ('1516');
INSERT INTO `SkillSet_skills` (`SkillSet_id`, `skills`) VALUES ('1516', 'Ant');
INSERT INTO `SkillSet_skills` (`SkillSet_id`, `skills`) VALUES ('1516', 'UITesting');
INSERT INTO `SkillSet_skills` (`SkillSet_id`, `skills`) VALUES ('1516', 'Ant');
INSERT INTO `Hero` (`id`, `firstName`, `lastName`, `role`, `skillSet_id`) VALUES ('1516', '5e9c67bd-6c71-487f-9db3-15b8ee2b0105', 'a727315b-9a10-4bf9-a53b-6fe4015d9bee', 'SoftwareEngineer', '1516');
INSERT INTO `SkillSet` (`id`) VALUES ('1517');
INSERT INTO `SkillSet_skills` (`SkillSet_id`, `skills`) VALUES ('1517', 'dotNet');
INSERT INTO `SkillSet_skills` (`SkillSet_id`, `skills`) VALUES ('1517', 'Java');
INSERT INTO `Hero` (`id`, `firstName`, `lastName`, `role`, `skillSet_id`) VALUES ('1517', '93478118-e186-4ffa-a374-cfd1da83950b', 'fdbeaa1f-e783-4e07-a841-ff99db0988b0', 'PrincipalConsultant', '1517');
INSERT INTO `SkillSet` (`id`) VALUES ('1518');
INSERT INTO `SkillSet_skills` (`SkillSet_id`, `skills`) VALUES ('1518', 'Maven');
INSERT INTO `SkillSet_skills` (`SkillSet_id`, `skills`) VALUES ('1518', 'Java');
INSERT INTO `SkillSet_skills` (`SkillSet_id`, `skills`) VALUES ('1518', 'Maven');
INSERT INTO `SkillSet_skills` (`SkillSet_id`, `skills`) VALUES ('1518', 'dotNet');
INSERT INTO `SkillSet_skills` (`SkillSet_id`, `skills`) VALUES ('1518', 'UITesting');
INSERT INTO `Hero` (`id`, `firstName`, `lastName`, `role`, `skillSet_id`) VALUES ('1518', '270d9999-6ed9-4a91-9c17-dcae27e8db22', '3ac94ca1-0eff-4919-bbba-4274572053fa', 'JuniorSoftwareEngineer', '1518');
INSERT INTO `SkillSet` (`id`) VALUES ('1519');
INSERT INTO `SkillSet_skills` (`SkillSet_id`, `skills`) VALUES ('1519', 'UnitTesting');
INSERT INTO `SkillSet_skills` (`SkillSet_id`, `skills`) VALUES ('1519', 'dotNet');
INSERT INTO `SkillSet_skills` (`SkillSet_id`, `skills`) VALUES ('1519', 'Maven');
INSERT INTO `Hero` (`id`, `firstName`, `lastName`, `role`, `skillSet_id`) VALUES ('1519', 'ac989828-3e4a-4b00-a787-90b10d9c0073', '9ac7f461-2b9f-4113-ba63-79ca12b99fd3', 'PrincipalConsultant', '1519');
INSERT INTO `SkillSet` (`id`) VALUES ('1520');
INSERT INTO `SkillSet_skills` (`SkillSet_id`, `skills`) VALUES ('1520', 'UITesting');
INSERT INTO `SkillSet_skills` (`SkillSet_id`, `skills`) VALUES ('1520', 'dotNet');
INSERT INTO `SkillSet_skills` (`SkillSet_id`, `skills`) VALUES ('1520', 'Ant');
INSERT INTO `SkillSet_skills` (`SkillSet_id`, `skills`) VALUES ('1520', 'Gradle');
INSERT INTO `SkillSet_skills` (`SkillSet_id`, `skills`) VALUES ('1520', 'Architektur');
INSERT INTO `Hero` (`id`, `firstName`, `lastName`, `role`, `skillSet_id`) VALUES ('1520', '5250c821-3d4e-42e4-9ab2-88e9ac3b7936', 'd0f9e0a2-6eff-44a9-8acf-0d584892baea', 'PrincipalConsultant', '1520');
INSERT INTO `SkillSet` (`id`) VALUES ('1521');
INSERT INTO `SkillSet_skills` (`SkillSet_id`, `skills`) VALUES ('1521', 'Java');
INSERT INTO `SkillSet_skills` (`SkillSet_id`, `skills`) VALUES ('1521', 'UnitTesting');
INSERT INTO `SkillSet_skills` (`SkillSet_id`, `skills`) VALUES ('1521', 'Ant');
INSERT INTO `Hero` (`id`, `firstName`, `lastName`, `role`, `skillSet_id`) VALUES ('1521', '35443522-94db-4f4c-b1ef-1c3c621e66c6', '632ca568-1f33-442f-811c-36529b3e4822', 'SeniorSoftwareEngineer', '1521');
INSERT INTO `SkillSet` (`id`) VALUES ('1522');
INSERT INTO `SkillSet_skills` (`SkillSet_id`, `skills`) VALUES ('1522', 'Ant');
INSERT INTO `SkillSet_skills` (`SkillSet_id`, `skills`) VALUES ('1522', 'UnitTesting');
INSERT INTO `Hero` (`id`, `firstName`, `lastName`, `role`, `skillSet_id`) VALUES ('1522', 'eeb72216-7e4a-4dfc-8d1e-4fedf48beaf6', '8f89eb1e-5d87-4f16-b5f6-becb71c03cd8', 'JuniorSoftwareEngineer', '1522');
INSERT INTO `SkillSet` (`id`) VALUES ('1523');
INSERT INTO `SkillSet_skills` (`SkillSet_id`, `skills`) VALUES ('1523', 'SQL');
INSERT INTO `Hero` (`id`, `firstName`, `lastName`, `role`, `skillSet_id`) VALUES ('1523', 'e191d531-2f72-41b4-accc-1974f5e5dfdd', 'ef0e9d46-b1a5-4dca-86a0-397efcb20c6d', 'LeadEngineer', '1523');
INSERT INTO `SkillSet` (`id`) VALUES ('1524');
INSERT INTO `SkillSet_skills` (`SkillSet_id`, `skills`) VALUES ('1524', 'Gradle');
INSERT INTO `SkillSet_skills` (`SkillSet_id`, `skills`) VALUES ('1524', 'Maven');
INSERT INTO `SkillSet_skills` (`SkillSet_id`, `skills`) VALUES ('1524', 'Maven');
INSERT INTO `SkillSet_skills` (`SkillSet_id`, `skills`) VALUES ('1524', 'Gradle');
INSERT INTO `SkillSet_skills` (`SkillSet_id`, `skills`) VALUES ('1524', 'SQL');
INSERT INTO `Hero` (`id`, `firstName`, `lastName`, `role`, `skillSet_id`) VALUES ('1524', '13b266fd-095c-4c73-a3dd-54a1c2e2d8d4', '8cd7ea27-1dc2-4d3e-b43f-bd89f207c25d', 'JuniorSoftwareEngineer', '1524');
INSERT INTO `SkillSet` (`id`) VALUES ('1525');
INSERT INTO `SkillSet_skills` (`SkillSet_id`, `skills`) VALUES ('1525', 'UnitTesting');
INSERT INTO `Hero` (`id`, `firstName`, `lastName`, `role`, `skillSet_id`) VALUES ('1525', '5fc487e8-0440-4c43-9700-2aff6db96d35', 'a3b443f9-3ae1-498e-b981-c7b8e1613a61', 'LeadSoftwareArchitect', '1525');
INSERT INTO `SkillSet` (`id`) VALUES ('1526');
INSERT INTO `SkillSet_skills` (`SkillSet_id`, `skills`) VALUES ('1526', 'Ant');
INSERT INTO `SkillSet_skills` (`SkillSet_id`, `skills`) VALUES ('1526', 'Java');
INSERT INTO `SkillSet_skills` (`SkillSet_id`, `skills`) VALUES ('1526', 'Java');
INSERT INTO `Hero` (`id`, `firstName`, `lastName`, `role`, `skillSet_id`) VALUES ('1526', '23ffc5d9-525e-4d5a-9b8a-7e40697cda0d', 'ba0020e8-fe5b-4b73-8cda-a4544b27110d', 'PrincipalConsultant', '1526');
INSERT INTO `SkillSet` (`id`) VALUES ('1527');
INSERT INTO `SkillSet_skills` (`SkillSet_id`, `skills`) VALUES ('1527', 'Architektur');
INSERT INTO `SkillSet_skills` (`SkillSet_id`, `skills`) VALUES ('1527', 'Ant');
INSERT INTO `SkillSet_skills` (`SkillSet_id`, `skills`) VALUES ('1527', 'Maven');
INSERT INTO `SkillSet_skills` (`SkillSet_id`, `skills`) VALUES ('1527', 'dotNet');
INSERT INTO `SkillSet_skills` (`SkillSet_id`, `skills`) VALUES ('1527', 'UnitTesting');
INSERT INTO `Hero` (`id`, `firstName`, `lastName`, `role`, `skillSet_id`) VALUES ('1527', 'ac65d6f0-d8ba-4ff9-9e61-d9b0f6e21fd2', 'd3a1d8cd-4a89-44d9-802a-a9141d873205', 'PrincipalConsultant', '1527');
INSERT INTO `SkillSet` (`id`) VALUES ('1528');
INSERT INTO `SkillSet_skills` (`SkillSet_id`, `skills`) VALUES ('1528', 'Java');
INSERT INTO `SkillSet_skills` (`SkillSet_id`, `skills`) VALUES ('1528', 'Java');
INSERT INTO `SkillSet_skills` (`SkillSet_id`, `skills`) VALUES ('1528', 'Java');
INSERT INTO `Hero` (`id`, `firstName`, `lastName`, `role`, `skillSet_id`) VALUES ('1528', 'c50a49e0-8d83-404d-863b-4537a85ef90d', '2bed24d8-19b6-474f-8f72-cd1170c7aa7a', 'LeadEngineer', '1528');
INSERT INTO `SkillSet` (`id`) VALUES ('1529');
INSERT INTO `SkillSet_skills` (`SkillSet_id`, `skills`) VALUES ('1529', 'UnitTesting');
INSERT INTO `SkillSet_skills` (`SkillSet_id`, `skills`) VALUES ('1529', 'Maven');
INSERT INTO `SkillSet_skills` (`SkillSet_id`, `skills`) VALUES ('1529', 'UnitTesting');
INSERT INTO `SkillSet_skills` (`SkillSet_id`, `skills`) VALUES ('1529', 'Architektur');
INSERT INTO `Hero` (`id`, `firstName`, `lastName`, `role`, `skillSet_id`) VALUES ('1529', '1f14cd90-8f72-45ff-abae-1d07cea031c2', '4af67c5c-141b-420b-ab8d-691e3c64bb3f', 'PrincipalConsultant', '1529');
INSERT INTO `SkillSet` (`id`) VALUES ('1530');
INSERT INTO `SkillSet_skills` (`SkillSet_id`, `skills`) VALUES ('1530', 'SQL');
INSERT INTO `SkillSet_skills` (`SkillSet_id`, `skills`) VALUES ('1530', 'dotNet');
INSERT INTO `Hero` (`id`, `firstName`, `lastName`, `role`, `skillSet_id`) VALUES ('1530', 'c444d4d1-5955-46d4-8d22-d5b855b2fba2', 'ade8e697-46fa-435b-a610-854d357c58b4', 'SoftwareEngineer', '1530');
INSERT INTO `SkillSet` (`id`) VALUES ('1531');
INSERT INTO `SkillSet_skills` (`SkillSet_id`, `skills`) VALUES ('1531', 'Architektur');
INSERT INTO `SkillSet_skills` (`SkillSet_id`, `skills`) VALUES ('1531', 'Maven');
INSERT INTO `Hero` (`id`, `firstName`, `lastName`, `role`, `skillSet_id`) VALUES ('1531', '1bb4b224-2122-41c5-90db-fedfb8a64ebb', '6c84014d-1339-4c60-ae61-67f617a2503a', 'SoftwareEngineer', '1531');
INSERT INTO `SkillSet` (`id`) VALUES ('1532');
INSERT INTO `SkillSet_skills` (`SkillSet_id`, `skills`) VALUES ('1532', 'SQL');
INSERT INTO `Hero` (`id`, `firstName`, `lastName`, `role`, `skillSet_id`) VALUES ('1532', '16414788-591c-43d9-8e6b-2dc38185928b', '49f465c9-3d4a-42e8-8ccb-d342d2962bf9', 'PrincipalConsultant', '1532');
INSERT INTO `SkillSet` (`id`) VALUES ('1533');
INSERT INTO `SkillSet_skills` (`SkillSet_id`, `skills`) VALUES ('1533', 'Maven');
INSERT INTO `SkillSet_skills` (`SkillSet_id`, `skills`) VALUES ('1533', 'Maven');
INSERT INTO `SkillSet_skills` (`SkillSet_id`, `skills`) VALUES ('1533', 'Ant');
INSERT INTO `Hero` (`id`, `firstName`, `lastName`, `role`, `skillSet_id`) VALUES ('1533', '89b87ded-41f4-4ce3-8676-d76887402a8c', 'c91b65bb-75cb-48fc-8fea-9cd7586feee0', 'SoftwareEngineer', '1533');
INSERT INTO `SkillSet` (`id`) VALUES ('1534');
INSERT INTO `SkillSet_skills` (`SkillSet_id`, `skills`) VALUES ('1534', 'Maven');
INSERT INTO `SkillSet_skills` (`SkillSet_id`, `skills`) VALUES ('1534', 'Java');
INSERT INTO `Hero` (`id`, `firstName`, `lastName`, `role`, `skillSet_id`) VALUES ('1534', '58535422-986e-49e1-9390-56b830ecf82c', '8c52fd15-8589-4637-9a6a-df4ae455b628', 'JuniorSoftwareEngineer', '1534');
INSERT INTO `SkillSet` (`id`) VALUES ('1535');
INSERT INTO `SkillSet_skills` (`SkillSet_id`, `skills`) VALUES ('1535', 'Gradle');
INSERT INTO `SkillSet_skills` (`SkillSet_id`, `skills`) VALUES ('1535', 'Gradle');
INSERT INTO `SkillSet_skills` (`SkillSet_id`, `skills`) VALUES ('1535', 'Java');
INSERT INTO `SkillSet_skills` (`SkillSet_id`, `skills`) VALUES ('1535', 'dotNet');
INSERT INTO `Hero` (`id`, `firstName`, `lastName`, `role`, `skillSet_id`) VALUES ('1535', '4dac7803-2003-4920-8a76-24aa51413113', '9d9f5865-17f2-43d1-b247-a803344da792', 'LeadEngineer', '1535');
INSERT INTO `SkillSet` (`id`) VALUES ('1536');
INSERT INTO `SkillSet_skills` (`SkillSet_id`, `skills`) VALUES ('1536', 'Gradle');
INSERT INTO `SkillSet_skills` (`SkillSet_id`, `skills`) VALUES ('1536', 'Architektur');
INSERT INTO `SkillSet_skills` (`SkillSet_id`, `skills`) VALUES ('1536', 'Maven');
INSERT INTO `Hero` (`id`, `firstName`, `lastName`, `role`, `skillSet_id`) VALUES ('1536', '02d6c761-1386-4301-88d6-92952fcd9856', '3958ca90-f7e6-4d54-a43d-cbe1b3a2f0f5', 'LeadSoftwareArchitect', '1536');
INSERT INTO `SkillSet` (`id`) VALUES ('1537');
INSERT INTO `SkillSet_skills` (`SkillSet_id`, `skills`) VALUES ('1537', 'Maven');
INSERT INTO `SkillSet_skills` (`SkillSet_id`, `skills`) VALUES ('1537', 'UnitTesting');
INSERT INTO `SkillSet_skills` (`SkillSet_id`, `skills`) VALUES ('1537', 'Java');
INSERT INTO `SkillSet_skills` (`SkillSet_id`, `skills`) VALUES ('1537', 'Ant');
INSERT INTO `SkillSet_skills` (`SkillSet_id`, `skills`) VALUES ('1537', 'Maven');
INSERT INTO `Hero` (`id`, `firstName`, `lastName`, `role`, `skillSet_id`) VALUES ('1537', '2597899e-f1bd-4a49-b055-d8f9b76bbdca', '16223313-240e-462e-bc59-03f24f589a43', 'SeniorSoftwareEngineer', '1537');
INSERT INTO `SkillSet` (`id`) VALUES ('1538');
INSERT INTO `SkillSet_skills` (`SkillSet_id`, `skills`) VALUES ('1538', 'dotNet');
INSERT INTO `SkillSet_skills` (`SkillSet_id`, `skills`) VALUES ('1538', 'Architektur');
INSERT INTO `SkillSet_skills` (`SkillSet_id`, `skills`) VALUES ('1538', 'UITesting');
INSERT INTO `Hero` (`id`, `firstName`, `lastName`, `role`, `skillSet_id`) VALUES ('1538', '0b2e29d7-ce27-4bad-a90e-a5d99f51a784', '3081b2f8-1198-4b4f-af7c-d4b7f0641883', 'LeadEngineer', '1538');
INSERT INTO `SkillSet` (`id`) VALUES ('1539');
INSERT INTO `SkillSet_skills` (`SkillSet_id`, `skills`) VALUES ('1539', 'UITesting');
INSERT INTO `SkillSet_skills` (`SkillSet_id`, `skills`) VALUES ('1539', 'Ant');
INSERT INTO `SkillSet_skills` (`SkillSet_id`, `skills`) VALUES ('1539', 'dotNet');
INSERT INTO `SkillSet_skills` (`SkillSet_id`, `skills`) VALUES ('1539', 'Ant');
INSERT INTO `Hero` (`id`, `firstName`, `lastName`, `role`, `skillSet_id`) VALUES ('1539', 'f66dab59-43bc-408b-b614-493b8428be96', 'd1c49dca-4368-4542-84e4-89a0f20837f5', 'JuniorSoftwareEngineer', '1539');
INSERT INTO `SkillSet` (`id`) VALUES ('1540');
INSERT INTO `SkillSet_skills` (`SkillSet_id`, `skills`) VALUES ('1540', 'SQL');
INSERT INTO `SkillSet_skills` (`SkillSet_id`, `skills`) VALUES ('1540', 'UITesting');
INSERT INTO `SkillSet_skills` (`SkillSet_id`, `skills`) VALUES ('1540', 'Ant');
INSERT INTO `SkillSet_skills` (`SkillSet_id`, `skills`) VALUES ('1540', 'dotNet');
INSERT INTO `SkillSet_skills` (`SkillSet_id`, `skills`) VALUES ('1540', 'dotNet');
INSERT INTO `Hero` (`id`, `firstName`, `lastName`, `role`, `skillSet_id`) VALUES ('1540', '71bc1536-4970-441b-8e5f-33e7057f83af', '3a620b77-7734-4d9c-a9fa-f1543eb16a3b', 'SeniorSoftwareEngineer', '1540');
INSERT INTO `SkillSet` (`id`) VALUES ('1541');
INSERT INTO `SkillSet_skills` (`SkillSet_id`, `skills`) VALUES ('1541', 'Maven');
INSERT INTO `SkillSet_skills` (`SkillSet_id`, `skills`) VALUES ('1541', 'UITesting');
INSERT INTO `Hero` (`id`, `firstName`, `lastName`, `role`, `skillSet_id`) VALUES ('1541', '4fc35b96-eb03-40ef-882b-c0882afa4a86', '8702b4d4-9351-4f52-93b5-ea3969cd618e', 'LeadSoftwareArchitect', '1541');
INSERT INTO `SkillSet` (`id`) VALUES ('1542');
INSERT INTO `SkillSet_skills` (`SkillSet_id`, `skills`) VALUES ('1542', 'Maven');
INSERT INTO `SkillSet_skills` (`SkillSet_id`, `skills`) VALUES ('1542', 'Architektur');
INSERT INTO `SkillSet_skills` (`SkillSet_id`, `skills`) VALUES ('1542', 'UITesting');
INSERT INTO `SkillSet_skills` (`SkillSet_id`, `skills`) VALUES ('1542', 'UnitTesting');
INSERT INTO `SkillSet_skills` (`SkillSet_id`, `skills`) VALUES ('1542', 'Ant');
INSERT INTO `Hero` (`id`, `firstName`, `lastName`, `role`, `skillSet_id`) VALUES ('1542', '0290a305-28a3-4981-8fb6-0b108661c8c1', 'bf47992a-f34d-4a81-9ea5-61da9612b531', 'LeadSoftwareArchitect', '1542');
INSERT INTO `SkillSet` (`id`) VALUES ('1543');
INSERT INTO `SkillSet_skills` (`SkillSet_id`, `skills`) VALUES ('1543', 'UITesting');
INSERT INTO `Hero` (`id`, `firstName`, `lastName`, `role`, `skillSet_id`) VALUES ('1543', '12c2a0e1-9966-4081-9ef5-b2c9c689cabe', '5ce51466-096f-4016-80e4-1fca8a6c0472', 'PrincipalConsultant', '1543');
INSERT INTO `SkillSet` (`id`) VALUES ('1544');
INSERT INTO `SkillSet_skills` (`SkillSet_id`, `skills`) VALUES ('1544', 'UnitTesting');
INSERT INTO `SkillSet_skills` (`SkillSet_id`, `skills`) VALUES ('1544', 'Java');
INSERT INTO `Hero` (`id`, `firstName`, `lastName`, `role`, `skillSet_id`) VALUES ('1544', '72106e31-6a2a-4997-b461-8c2ee026cfd1', '36c87397-236f-4eaf-b6f5-10b57358b87c', 'PrincipalConsultant', '1544');
INSERT INTO `SkillSet` (`id`) VALUES ('1545');
INSERT INTO `SkillSet_skills` (`SkillSet_id`, `skills`) VALUES ('1545', 'dotNet');
INSERT INTO `SkillSet_skills` (`SkillSet_id`, `skills`) VALUES ('1545', 'Maven');
INSERT INTO `SkillSet_skills` (`SkillSet_id`, `skills`) VALUES ('1545', 'UITesting');
INSERT INTO `SkillSet_skills` (`SkillSet_id`, `skills`) VALUES ('1545', 'Maven');
INSERT INTO `Hero` (`id`, `firstName`, `lastName`, `role`, `skillSet_id`) VALUES ('1545', 'c03f931b-6910-4f40-8228-d3307f80a34d', '6bf77d22-c183-47aa-baf4-aa80c294ce93', 'LeadEngineer', '1545');
INSERT INTO `SkillSet` (`id`) VALUES ('1546');
INSERT INTO `SkillSet_skills` (`SkillSet_id`, `skills`) VALUES ('1546', 'UITesting');
INSERT INTO `SkillSet_skills` (`SkillSet_id`, `skills`) VALUES ('1546', 'dotNet');
INSERT INTO `SkillSet_skills` (`SkillSet_id`, `skills`) VALUES ('1546', 'UITesting');
INSERT INTO `SkillSet_skills` (`SkillSet_id`, `skills`) VALUES ('1546', 'dotNet');
INSERT INTO `Hero` (`id`, `firstName`, `lastName`, `role`, `skillSet_id`) VALUES ('1546', 'fe1328bf-24dc-4e65-a6e1-c71c9b4f6c52', 'dde2dedc-b412-4b43-95a9-0fe745cfedec', 'PrincipalConsultant', '1546');
INSERT INTO `SkillSet` (`id`) VALUES ('1547');
INSERT INTO `SkillSet_skills` (`SkillSet_id`, `skills`) VALUES ('1547', 'Ant');
INSERT INTO `Hero` (`id`, `firstName`, `lastName`, `role`, `skillSet_id`) VALUES ('1547', '350f2cb5-d58f-4f04-873a-32c12c7008d1', 'e3ea4f2d-52bb-482f-b527-8bf1605aba07', 'PrincipalConsultant', '1547');
INSERT INTO `SkillSet` (`id`) VALUES ('1548');
INSERT INTO `SkillSet_skills` (`SkillSet_id`, `skills`) VALUES ('1548', 'Java');
INSERT INTO `SkillSet_skills` (`SkillSet_id`, `skills`) VALUES ('1548', 'SQL');
INSERT INTO `Hero` (`id`, `firstName`, `lastName`, `role`, `skillSet_id`) VALUES ('1548', '9e2601a4-4572-4dd4-9089-f82c9f367253', '1277e495-e201-4e89-b068-c5659b53c80d', 'SeniorSoftwareEngineer', '1548');
INSERT INTO `SkillSet` (`id`) VALUES ('1549');
INSERT INTO `SkillSet_skills` (`SkillSet_id`, `skills`) VALUES ('1549', 'Architektur');
INSERT INTO `Hero` (`id`, `firstName`, `lastName`, `role`, `skillSet_id`) VALUES ('1549', '17b0d3de-309c-42b3-8431-e766565f31bb', '65b5b83a-22bd-46a5-9353-5c2f1fc55cb9', 'JuniorSoftwareEngineer', '1549');
INSERT INTO `SkillSet` (`id`) VALUES ('1550');
INSERT INTO `SkillSet_skills` (`SkillSet_id`, `skills`) VALUES ('1550', 'Ant');
INSERT INTO `SkillSet_skills` (`SkillSet_id`, `skills`) VALUES ('1550', 'Ant');
INSERT INTO `SkillSet_skills` (`SkillSet_id`, `skills`) VALUES ('1550', 'Java');
INSERT INTO `SkillSet_skills` (`SkillSet_id`, `skills`) VALUES ('1550', 'Gradle');
INSERT INTO `SkillSet_skills` (`SkillSet_id`, `skills`) VALUES ('1550', 'UnitTesting');
INSERT INTO `Hero` (`id`, `firstName`, `lastName`, `role`, `skillSet_id`) VALUES ('1550', '256198bf-7339-4c8e-b0fa-b4ca8e4a3b16', '45b3a9b9-32c5-4ae3-8db0-11ae7700096f', 'JuniorSoftwareEngineer', '1550');
INSERT INTO `SkillSet` (`id`) VALUES ('1551');
INSERT INTO `SkillSet_skills` (`SkillSet_id`, `skills`) VALUES ('1551', 'UITesting');
INSERT INTO `SkillSet_skills` (`SkillSet_id`, `skills`) VALUES ('1551', 'Java');
INSERT INTO `SkillSet_skills` (`SkillSet_id`, `skills`) VALUES ('1551', 'Ant');
INSERT INTO `SkillSet_skills` (`SkillSet_id`, `skills`) VALUES ('1551', 'UnitTesting');
INSERT INTO `Hero` (`id`, `firstName`, `lastName`, `role`, `skillSet_id`) VALUES ('1551', '1efdbd04-6996-4712-8b79-c0786696e44d', '769f2c04-035c-4a02-8bb4-5eabb2cd7ace', 'LeadSoftwareArchitect', '1551');
INSERT INTO `SkillSet` (`id`) VALUES ('1552');
INSERT INTO `SkillSet_skills` (`SkillSet_id`, `skills`) VALUES ('1552', 'Ant');
INSERT INTO `SkillSet_skills` (`SkillSet_id`, `skills`) VALUES ('1552', 'Gradle');
INSERT INTO `SkillSet_skills` (`SkillSet_id`, `skills`) VALUES ('1552', 'UITesting');
INSERT INTO `Hero` (`id`, `firstName`, `lastName`, `role`, `skillSet_id`) VALUES ('1552', '4d1d24a9-1704-49f1-93ef-2b778add7640', '0c77692f-b74c-4eef-ae02-f75eccce4790', 'PrincipalConsultant', '1552');
INSERT INTO `SkillSet` (`id`) VALUES ('1553');
INSERT INTO `SkillSet_skills` (`SkillSet_id`, `skills`) VALUES ('1553', 'Java');
INSERT INTO `SkillSet_skills` (`SkillSet_id`, `skills`) VALUES ('1553', 'Architektur');
INSERT INTO `SkillSet_skills` (`SkillSet_id`, `skills`) VALUES ('1553', 'Ant');
INSERT INTO `SkillSet_skills` (`SkillSet_id`, `skills`) VALUES ('1553', 'Java');
INSERT INTO `Hero` (`id`, `firstName`, `lastName`, `role`, `skillSet_id`) VALUES ('1553', '320a00d2-dcbf-4bcc-bbdc-c24f8e11534d', '6f7692cd-526d-457a-b44e-0e07cca76896', 'SeniorSoftwareEngineer', '1553');
INSERT INTO `SkillSet` (`id`) VALUES ('1554');
INSERT INTO `SkillSet_skills` (`SkillSet_id`, `skills`) VALUES ('1554', 'Java');
INSERT INTO `SkillSet_skills` (`SkillSet_id`, `skills`) VALUES ('1554', 'Architektur');
INSERT INTO `SkillSet_skills` (`SkillSet_id`, `skills`) VALUES ('1554', 'Java');
INSERT INTO `SkillSet_skills` (`SkillSet_id`, `skills`) VALUES ('1554', 'Gradle');
INSERT INTO `SkillSet_skills` (`SkillSet_id`, `skills`) VALUES ('1554', 'Java');
INSERT INTO `Hero` (`id`, `firstName`, `lastName`, `role`, `skillSet_id`) VALUES ('1554', '741130e6-11f0-4e74-9937-c9bac3faa500', '6a519bff-a02e-49d3-8ef9-f70f137054a3', 'JuniorSoftwareEngineer', '1554');
INSERT INTO `SkillSet` (`id`) VALUES ('1555');
INSERT INTO `SkillSet_skills` (`SkillSet_id`, `skills`) VALUES ('1555', 'Java');
INSERT INTO `SkillSet_skills` (`SkillSet_id`, `skills`) VALUES ('1555', 'Architektur');
INSERT INTO `SkillSet_skills` (`SkillSet_id`, `skills`) VALUES ('1555', 'Gradle');
INSERT INTO `SkillSet_skills` (`SkillSet_id`, `skills`) VALUES ('1555', 'dotNet');
INSERT INTO `SkillSet_skills` (`SkillSet_id`, `skills`) VALUES ('1555', 'Ant');
INSERT INTO `Hero` (`id`, `firstName`, `lastName`, `role`, `skillSet_id`) VALUES ('1555', '7084ad50-17f7-4173-9520-091461ca9e84', 'c8d7a802-df20-468c-abb6-077a1827a4c3', 'SeniorSoftwareEngineer', '1555');
INSERT INTO `SkillSet` (`id`) VALUES ('1556');
INSERT INTO `SkillSet_skills` (`SkillSet_id`, `skills`) VALUES ('1556', 'SQL');
INSERT INTO `Hero` (`id`, `firstName`, `lastName`, `role`, `skillSet_id`) VALUES ('1556', 'b34b6319-f3d3-4095-9be5-80a8a360295a', 'f29359e5-a71f-4f7c-8434-192b70a2dcd9', 'PrincipalConsultant', '1556');
INSERT INTO `SkillSet` (`id`) VALUES ('1557');
INSERT INTO `SkillSet_skills` (`SkillSet_id`, `skills`) VALUES ('1557', 'Gradle');
INSERT INTO `SkillSet_skills` (`SkillSet_id`, `skills`) VALUES ('1557', 'Gradle');
INSERT INTO `SkillSet_skills` (`SkillSet_id`, `skills`) VALUES ('1557', 'Java');
INSERT INTO `SkillSet_skills` (`SkillSet_id`, `skills`) VALUES ('1557', 'UnitTesting');
INSERT INTO `Hero` (`id`, `firstName`, `lastName`, `role`, `skillSet_id`) VALUES ('1557', '46e7a159-f259-43d9-9793-d5c11cbb646f', '9b1bcef4-f6de-4397-a123-1ec2d4f5368c', 'JuniorSoftwareEngineer', '1557');
INSERT INTO `SkillSet` (`id`) VALUES ('1558');
INSERT INTO `SkillSet_skills` (`SkillSet_id`, `skills`) VALUES ('1558', 'Gradle');
INSERT INTO `SkillSet_skills` (`SkillSet_id`, `skills`) VALUES ('1558', 'UITesting');
INSERT INTO `SkillSet_skills` (`SkillSet_id`, `skills`) VALUES ('1558', 'Ant');
INSERT INTO `SkillSet_skills` (`SkillSet_id`, `skills`) VALUES ('1558', 'Maven');
INSERT INTO `SkillSet_skills` (`SkillSet_id`, `skills`) VALUES ('1558', 'UITesting');
INSERT INTO `Hero` (`id`, `firstName`, `lastName`, `role`, `skillSet_id`) VALUES ('1558', '08586ba8-ecb3-4e2e-8552-a776d1ee4223', 'a5cffe31-c65e-4319-b7c7-c07462edaa4b', 'SeniorSoftwareEngineer', '1558');
INSERT INTO `SkillSet` (`id`) VALUES ('1559');
INSERT INTO `SkillSet_skills` (`SkillSet_id`, `skills`) VALUES ('1559', 'SQL');
INSERT INTO `SkillSet_skills` (`SkillSet_id`, `skills`) VALUES ('1559', 'Ant');
INSERT INTO `Hero` (`id`, `firstName`, `lastName`, `role`, `skillSet_id`) VALUES ('1559', '933ff77f-759a-43e8-9191-87cf1f2c1cee', 'f2a8ac12-35c0-4b4f-acba-568caac1a90a', 'LeadSoftwareArchitect', '1559');
INSERT INTO `SkillSet` (`id`) VALUES ('1560');
INSERT INTO `SkillSet_skills` (`SkillSet_id`, `skills`) VALUES ('1560', 'UnitTesting');
INSERT INTO `SkillSet_skills` (`SkillSet_id`, `skills`) VALUES ('1560', 'Gradle');
INSERT INTO `SkillSet_skills` (`SkillSet_id`, `skills`) VALUES ('1560', 'Ant');
INSERT INTO `Hero` (`id`, `firstName`, `lastName`, `role`, `skillSet_id`) VALUES ('1560', '10ec587e-3380-4ad6-bb05-c45a0f25c3dd', 'bfde9f70-ec1d-4f7d-a520-c7cfc031b07e', 'SoftwareEngineer', '1560');
INSERT INTO `SkillSet` (`id`) VALUES ('1561');
INSERT INTO `SkillSet_skills` (`SkillSet_id`, `skills`) VALUES ('1561', 'Maven');
INSERT INTO `SkillSet_skills` (`SkillSet_id`, `skills`) VALUES ('1561', 'dotNet');
INSERT INTO `SkillSet_skills` (`SkillSet_id`, `skills`) VALUES ('1561', 'Gradle');
INSERT INTO `Hero` (`id`, `firstName`, `lastName`, `role`, `skillSet_id`) VALUES ('1561', '925fab28-75e7-4596-84b9-011b4294be0c', '98e15fb7-6529-44e6-baa3-23788dcdd97b', 'SoftwareEngineer', '1561');
INSERT INTO `SkillSet` (`id`) VALUES ('1562');
INSERT INTO `SkillSet_skills` (`SkillSet_id`, `skills`) VALUES ('1562', 'Gradle');
INSERT INTO `SkillSet_skills` (`SkillSet_id`, `skills`) VALUES ('1562', 'SQL');
INSERT INTO `SkillSet_skills` (`SkillSet_id`, `skills`) VALUES ('1562', 'UITesting');
INSERT INTO `SkillSet_skills` (`SkillSet_id`, `skills`) VALUES ('1562', 'UnitTesting');
INSERT INTO `Hero` (`id`, `firstName`, `lastName`, `role`, `skillSet_id`) VALUES ('1562', '67b60b86-2206-43b0-a588-89a742beecff', 'bc7532ce-b7d4-4d2f-912d-0ea46bb6bdae', 'PrincipalConsultant', '1562');
INSERT INTO `SkillSet` (`id`) VALUES ('1563');
INSERT INTO `SkillSet_skills` (`SkillSet_id`, `skills`) VALUES ('1563', 'Java');
INSERT INTO `SkillSet_skills` (`SkillSet_id`, `skills`) VALUES ('1563', 'Java');
INSERT INTO `SkillSet_skills` (`SkillSet_id`, `skills`) VALUES ('1563', 'UnitTesting');
INSERT INTO `SkillSet_skills` (`SkillSet_id`, `skills`) VALUES ('1563', 'Ant');
INSERT INTO `Hero` (`id`, `firstName`, `lastName`, `role`, `skillSet_id`) VALUES ('1563', '8da3ab17-c650-499a-b437-b7e4369ce20f', '24d9c2a9-244f-43b1-add5-b3d6cb8e3a2d', 'SeniorSoftwareEngineer', '1563');
INSERT INTO `SkillSet` (`id`) VALUES ('1564');
INSERT INTO `SkillSet_skills` (`SkillSet_id`, `skills`) VALUES ('1564', 'Maven');
INSERT INTO `SkillSet_skills` (`SkillSet_id`, `skills`) VALUES ('1564', 'dotNet');
INSERT INTO `Hero` (`id`, `firstName`, `lastName`, `role`, `skillSet_id`) VALUES ('1564', 'ce2dcb23-8c94-4601-b03b-b922a04a1c86', 'a3a3e12d-dac5-49c6-bcbf-99e74b7e5d19', 'PrincipalConsultant', '1564');
INSERT INTO `SkillSet` (`id`) VALUES ('1565');
INSERT INTO `SkillSet_skills` (`SkillSet_id`, `skills`) VALUES ('1565', 'Java');
INSERT INTO `SkillSet_skills` (`SkillSet_id`, `skills`) VALUES ('1565', 'SQL');
INSERT INTO `SkillSet_skills` (`SkillSet_id`, `skills`) VALUES ('1565', 'dotNet');
INSERT INTO `Hero` (`id`, `firstName`, `lastName`, `role`, `skillSet_id`) VALUES ('1565', '53d53df8-e288-4168-ab41-13d6c72c1136', 'e9d4d02a-3881-44ea-894e-56e3ad399869', 'LeadEngineer', '1565');
INSERT INTO `SkillSet` (`id`) VALUES ('1566');
INSERT INTO `SkillSet_skills` (`SkillSet_id`, `skills`) VALUES ('1566', 'Gradle');
INSERT INTO `SkillSet_skills` (`SkillSet_id`, `skills`) VALUES ('1566', 'SQL');
INSERT INTO `SkillSet_skills` (`SkillSet_id`, `skills`) VALUES ('1566', 'UnitTesting');
INSERT INTO `Hero` (`id`, `firstName`, `lastName`, `role`, `skillSet_id`) VALUES ('1566', '5a5217da-8412-4a14-a043-8672a6736145', 'cd33b1ca-9e71-4d38-b7e1-38e46b90cce5', 'SeniorSoftwareEngineer', '1566');
INSERT INTO `SkillSet` (`id`) VALUES ('1567');
INSERT INTO `SkillSet_skills` (`SkillSet_id`, `skills`) VALUES ('1567', 'UnitTesting');
INSERT INTO `SkillSet_skills` (`SkillSet_id`, `skills`) VALUES ('1567', 'Gradle');
INSERT INTO `SkillSet_skills` (`SkillSet_id`, `skills`) VALUES ('1567', 'dotNet');
INSERT INTO `Hero` (`id`, `firstName`, `lastName`, `role`, `skillSet_id`) VALUES ('1567', 'd964405f-3cd6-42d9-a1da-450a7fae108a', '7f2252ed-24c7-4d76-8eb0-3a8347628b0b', 'JuniorSoftwareEngineer', '1567');
INSERT INTO `SkillSet` (`id`) VALUES ('1568');
INSERT INTO `SkillSet_skills` (`SkillSet_id`, `skills`) VALUES ('1568', 'Gradle');
INSERT INTO `SkillSet_skills` (`SkillSet_id`, `skills`) VALUES ('1568', 'Ant');
INSERT INTO `Hero` (`id`, `firstName`, `lastName`, `role`, `skillSet_id`) VALUES ('1568', '87cd0743-5979-4790-9cf7-0de55d7edd32', '2defaec7-ecc6-46fc-b5a4-d9f5f72050cd', 'JuniorSoftwareEngineer', '1568');
INSERT INTO `SkillSet` (`id`) VALUES ('1569');
INSERT INTO `SkillSet_skills` (`SkillSet_id`, `skills`) VALUES ('1569', 'UITesting');
INSERT INTO `SkillSet_skills` (`SkillSet_id`, `skills`) VALUES ('1569', 'Architektur');
INSERT INTO `SkillSet_skills` (`SkillSet_id`, `skills`) VALUES ('1569', 'UITesting');
INSERT INTO `SkillSet_skills` (`SkillSet_id`, `skills`) VALUES ('1569', 'Architektur');
INSERT INTO `Hero` (`id`, `firstName`, `lastName`, `role`, `skillSet_id`) VALUES ('1569', '4c8be9d2-660d-4e59-8912-024ef823117c', '08760b36-df80-4d8f-b24f-1fa4b6dcaf20', 'SoftwareEngineer', '1569');
INSERT INTO `SkillSet` (`id`) VALUES ('1570');
INSERT INTO `SkillSet_skills` (`SkillSet_id`, `skills`) VALUES ('1570', 'Ant');
INSERT INTO `SkillSet_skills` (`SkillSet_id`, `skills`) VALUES ('1570', 'Java');
INSERT INTO `SkillSet_skills` (`SkillSet_id`, `skills`) VALUES ('1570', 'Ant');
INSERT INTO `SkillSet_skills` (`SkillSet_id`, `skills`) VALUES ('1570', 'Ant');
INSERT INTO `Hero` (`id`, `firstName`, `lastName`, `role`, `skillSet_id`) VALUES ('1570', '24a0e10e-0e43-42bb-9663-d3271ff8d690', '9e75d4dd-1cb2-4481-bc9d-7c3af39d77e7', 'LeadEngineer', '1570');
INSERT INTO `SkillSet` (`id`) VALUES ('1571');
INSERT INTO `SkillSet_skills` (`SkillSet_id`, `skills`) VALUES ('1571', 'Maven');
INSERT INTO `SkillSet_skills` (`SkillSet_id`, `skills`) VALUES ('1571', 'UITesting');
INSERT INTO `SkillSet_skills` (`SkillSet_id`, `skills`) VALUES ('1571', 'Ant');
INSERT INTO `Hero` (`id`, `firstName`, `lastName`, `role`, `skillSet_id`) VALUES ('1571', '344e342c-f21b-4df2-84ac-4ef14930291a', '0508d2d1-add6-4e36-afac-37877e52ab5c', 'LeadSoftwareArchitect', '1571');
INSERT INTO `SkillSet` (`id`) VALUES ('1572');
INSERT INTO `SkillSet_skills` (`SkillSet_id`, `skills`) VALUES ('1572', 'Architektur');
INSERT INTO `Hero` (`id`, `firstName`, `lastName`, `role`, `skillSet_id`) VALUES ('1572', '0027f8c6-53d5-4016-a7b5-61ff8ff17bf3', '4c9edf75-6fbb-4732-81e9-2bc28efced3a', 'LeadSoftwareArchitect', '1572');
INSERT INTO `SkillSet` (`id`) VALUES ('1573');
INSERT INTO `SkillSet_skills` (`SkillSet_id`, `skills`) VALUES ('1573', 'SQL');
INSERT INTO `Hero` (`id`, `firstName`, `lastName`, `role`, `skillSet_id`) VALUES ('1573', '31ae8fe8-c983-45ee-88c0-49f06bebb418', 'c58e4c0a-a298-4430-8dc4-96b8dabd5abd', 'SoftwareEngineer', '1573');
INSERT INTO `SkillSet` (`id`) VALUES ('1574');
INSERT INTO `SkillSet_skills` (`SkillSet_id`, `skills`) VALUES ('1574', 'Maven');
INSERT INTO `SkillSet_skills` (`SkillSet_id`, `skills`) VALUES ('1574', 'UnitTesting');
INSERT INTO `SkillSet_skills` (`SkillSet_id`, `skills`) VALUES ('1574', 'Maven');
INSERT INTO `SkillSet_skills` (`SkillSet_id`, `skills`) VALUES ('1574', 'Maven');
INSERT INTO `SkillSet_skills` (`SkillSet_id`, `skills`) VALUES ('1574', 'Ant');
INSERT INTO `Hero` (`id`, `firstName`, `lastName`, `role`, `skillSet_id`) VALUES ('1574', '2be5630c-583b-4769-9bdd-ec3056f95c55', 'a9e36ce3-a4d3-43f0-b7ac-2a4025e19d36', 'SoftwareEngineer', '1574');
INSERT INTO `SkillSet` (`id`) VALUES ('1575');
INSERT INTO `SkillSet_skills` (`SkillSet_id`, `skills`) VALUES ('1575', 'dotNet');
INSERT INTO `Hero` (`id`, `firstName`, `lastName`, `role`, `skillSet_id`) VALUES ('1575', 'd4e90294-d5f9-4b5e-a398-dbd34d58d01d', '8a8f7b79-888e-49ba-ab0a-46d2d1a5ddb0', 'PrincipalConsultant', '1575');
INSERT INTO `SkillSet` (`id`) VALUES ('1576');
INSERT INTO `SkillSet_skills` (`SkillSet_id`, `skills`) VALUES ('1576', 'Gradle');
INSERT INTO `SkillSet_skills` (`SkillSet_id`, `skills`) VALUES ('1576', 'Java');
INSERT INTO `SkillSet_skills` (`SkillSet_id`, `skills`) VALUES ('1576', 'UnitTesting');
INSERT INTO `Hero` (`id`, `firstName`, `lastName`, `role`, `skillSet_id`) VALUES ('1576', '11b1491e-a66b-407c-b311-f4a7515a86c5', 'c7ff99fb-304b-4573-a221-600d915a2622', 'SoftwareEngineer', '1576');
INSERT INTO `SkillSet` (`id`) VALUES ('1577');
INSERT INTO `SkillSet_skills` (`SkillSet_id`, `skills`) VALUES ('1577', 'Ant');
INSERT INTO `SkillSet_skills` (`SkillSet_id`, `skills`) VALUES ('1577', 'Maven');
INSERT INTO `SkillSet_skills` (`SkillSet_id`, `skills`) VALUES ('1577', 'Java');
INSERT INTO `Hero` (`id`, `firstName`, `lastName`, `role`, `skillSet_id`) VALUES ('1577', '849f5dc9-a705-4720-a03b-373f6619a325', '59bb3b00-0b52-4e4e-9559-5532b640e23c', 'PrincipalConsultant', '1577');
INSERT INTO `SkillSet` (`id`) VALUES ('1578');
INSERT INTO `SkillSet_skills` (`SkillSet_id`, `skills`) VALUES ('1578', 'Gradle');
INSERT INTO `SkillSet_skills` (`SkillSet_id`, `skills`) VALUES ('1578', 'SQL');
INSERT INTO `SkillSet_skills` (`SkillSet_id`, `skills`) VALUES ('1578', 'UITesting');
INSERT INTO `Hero` (`id`, `firstName`, `lastName`, `role`, `skillSet_id`) VALUES ('1578', '51b3af1c-fd12-4e4d-91a3-518535a6d949', 'ffb9710b-8e31-4940-9407-91361e13a9e5', 'JuniorSoftwareEngineer', '1578');
INSERT INTO `SkillSet` (`id`) VALUES ('1579');
INSERT INTO `SkillSet_skills` (`SkillSet_id`, `skills`) VALUES ('1579', 'Gradle');
INSERT INTO `SkillSet_skills` (`SkillSet_id`, `skills`) VALUES ('1579', 'Maven');
INSERT INTO `Hero` (`id`, `firstName`, `lastName`, `role`, `skillSet_id`) VALUES ('1579', '0b0e35c8-8408-46ab-afe8-499bb998c80e', '9c4b7692-6574-439d-b7e1-5d86cc653f8d', 'LeadSoftwareArchitect', '1579');
INSERT INTO `SkillSet` (`id`) VALUES ('1580');
INSERT INTO `SkillSet_skills` (`SkillSet_id`, `skills`) VALUES ('1580', 'Architektur');
INSERT INTO `SkillSet_skills` (`SkillSet_id`, `skills`) VALUES ('1580', 'Gradle');
INSERT INTO `Hero` (`id`, `firstName`, `lastName`, `role`, `skillSet_id`) VALUES ('1580', '1ee47134-84e7-442c-858e-a7d63dfdfba9', 'ef2b5c69-01d9-4a19-8299-e3168eae6ccd', 'SeniorSoftwareEngineer', '1580');
INSERT INTO `SkillSet` (`id`) VALUES ('1581');
INSERT INTO `SkillSet_skills` (`SkillSet_id`, `skills`) VALUES ('1581', 'Java');
INSERT INTO `SkillSet_skills` (`SkillSet_id`, `skills`) VALUES ('1581', 'Java');
INSERT INTO `Hero` (`id`, `firstName`, `lastName`, `role`, `skillSet_id`) VALUES ('1581', 'eeebe2b1-73ce-408c-8503-53b115fa0a5d', '621f0f4f-f8e7-421c-893c-9e2548612c39', 'LeadSoftwareArchitect', '1581');
INSERT INTO `SkillSet` (`id`) VALUES ('1582');
INSERT INTO `SkillSet_skills` (`SkillSet_id`, `skills`) VALUES ('1582', 'Gradle');
INSERT INTO `SkillSet_skills` (`SkillSet_id`, `skills`) VALUES ('1582', 'UITesting');
INSERT INTO `SkillSet_skills` (`SkillSet_id`, `skills`) VALUES ('1582', 'Architektur');
INSERT INTO `SkillSet_skills` (`SkillSet_id`, `skills`) VALUES ('1582', 'UnitTesting');
INSERT INTO `Hero` (`id`, `firstName`, `lastName`, `role`, `skillSet_id`) VALUES ('1582', '9cb931ea-bd29-4f91-a2e7-c3211a863089', 'abd64a35-8778-4f74-ab30-6274eeaf5ebc', 'SeniorSoftwareEngineer', '1582');
INSERT INTO `SkillSet` (`id`) VALUES ('1583');
INSERT INTO `SkillSet_skills` (`SkillSet_id`, `skills`) VALUES ('1583', 'UITesting');
INSERT INTO `SkillSet_skills` (`SkillSet_id`, `skills`) VALUES ('1583', 'SQL');
INSERT INTO `SkillSet_skills` (`SkillSet_id`, `skills`) VALUES ('1583', 'Gradle');
INSERT INTO `SkillSet_skills` (`SkillSet_id`, `skills`) VALUES ('1583', 'UITesting');
INSERT INTO `Hero` (`id`, `firstName`, `lastName`, `role`, `skillSet_id`) VALUES ('1583', 'ea6b6a3c-62a0-4036-9073-2582533098e5', '962e6806-1d9f-4313-a5ea-63fc5fd1b48a', 'SeniorSoftwareEngineer', '1583');
INSERT INTO `SkillSet` (`id`) VALUES ('1584');
INSERT INTO `SkillSet_skills` (`SkillSet_id`, `skills`) VALUES ('1584', 'SQL');
INSERT INTO `SkillSet_skills` (`SkillSet_id`, `skills`) VALUES ('1584', 'Maven');
INSERT INTO `Hero` (`id`, `firstName`, `lastName`, `role`, `skillSet_id`) VALUES ('1584', 'd347322b-0b09-47e7-b411-bd1937e309e3', '2a242a13-fd0b-4738-b6bc-dc26a2a73ea5', 'PrincipalConsultant', '1584');
INSERT INTO `SkillSet` (`id`) VALUES ('1585');
INSERT INTO `SkillSet_skills` (`SkillSet_id`, `skills`) VALUES ('1585', 'Gradle');
INSERT INTO `SkillSet_skills` (`SkillSet_id`, `skills`) VALUES ('1585', 'dotNet');
INSERT INTO `SkillSet_skills` (`SkillSet_id`, `skills`) VALUES ('1585', 'UnitTesting');
INSERT INTO `SkillSet_skills` (`SkillSet_id`, `skills`) VALUES ('1585', 'UITesting');
INSERT INTO `SkillSet_skills` (`SkillSet_id`, `skills`) VALUES ('1585', 'SQL');
INSERT INTO `Hero` (`id`, `firstName`, `lastName`, `role`, `skillSet_id`) VALUES ('1585', '60d7b097-df63-4129-b7c7-376a7adcc77b', 'b97970c3-f991-4b64-a5f0-d61a408e6f56', 'SoftwareEngineer', '1585');
INSERT INTO `SkillSet` (`id`) VALUES ('1586');
INSERT INTO `SkillSet_skills` (`SkillSet_id`, `skills`) VALUES ('1586', 'UnitTesting');
INSERT INTO `SkillSet_skills` (`SkillSet_id`, `skills`) VALUES ('1586', 'UITesting');
INSERT INTO `Hero` (`id`, `firstName`, `lastName`, `role`, `skillSet_id`) VALUES ('1586', 'c7858018-7dad-474e-9fb8-847bf820b921', '99495975-a559-4ab4-a111-f6aa13bff22f', 'SeniorSoftwareEngineer', '1586');
INSERT INTO `SkillSet` (`id`) VALUES ('1587');
INSERT INTO `SkillSet_skills` (`SkillSet_id`, `skills`) VALUES ('1587', 'Ant');
INSERT INTO `SkillSet_skills` (`SkillSet_id`, `skills`) VALUES ('1587', 'Architektur');
INSERT INTO `SkillSet_skills` (`SkillSet_id`, `skills`) VALUES ('1587', 'Ant');
INSERT INTO `Hero` (`id`, `firstName`, `lastName`, `role`, `skillSet_id`) VALUES ('1587', '35df9ba6-e35b-4605-b542-8a18b816c5fe', 'a6d1b616-e79d-4731-8bb8-8a7b9c3030da', 'JuniorSoftwareEngineer', '1587');
INSERT INTO `SkillSet` (`id`) VALUES ('1588');
INSERT INTO `SkillSet_skills` (`SkillSet_id`, `skills`) VALUES ('1588', 'Maven');
INSERT INTO `Hero` (`id`, `firstName`, `lastName`, `role`, `skillSet_id`) VALUES ('1588', 'e5fe27c4-4fc1-4bf1-b983-07ce64bdb6c6', '2328414c-fb72-418b-b318-858cfdc3f5f0', 'SeniorSoftwareEngineer', '1588');
INSERT INTO `SkillSet` (`id`) VALUES ('1589');
INSERT INTO `SkillSet_skills` (`SkillSet_id`, `skills`) VALUES ('1589', 'UnitTesting');
INSERT INTO `SkillSet_skills` (`SkillSet_id`, `skills`) VALUES ('1589', 'Java');
INSERT INTO `Hero` (`id`, `firstName`, `lastName`, `role`, `skillSet_id`) VALUES ('1589', '1ccfea0f-1cb1-4c4b-b7cd-bb3cc06987bc', 'dc3cb727-a444-47dc-817f-5714a1bf81b2', 'LeadSoftwareArchitect', '1589');
INSERT INTO `SkillSet` (`id`) VALUES ('1590');
INSERT INTO `SkillSet_skills` (`SkillSet_id`, `skills`) VALUES ('1590', 'Architektur');
INSERT INTO `SkillSet_skills` (`SkillSet_id`, `skills`) VALUES ('1590', 'Architektur');
INSERT INTO `SkillSet_skills` (`SkillSet_id`, `skills`) VALUES ('1590', 'dotNet');
INSERT INTO `Hero` (`id`, `firstName`, `lastName`, `role`, `skillSet_id`) VALUES ('1590', '62ed41ea-3ac6-4835-820c-4b868345ea02', '173cf751-4c85-4156-9c3b-9a881dcc50fd', 'LeadEngineer', '1590');
INSERT INTO `SkillSet` (`id`) VALUES ('1591');
INSERT INTO `SkillSet_skills` (`SkillSet_id`, `skills`) VALUES ('1591', 'UITesting');
INSERT INTO `SkillSet_skills` (`SkillSet_id`, `skills`) VALUES ('1591', 'Java');
INSERT INTO `SkillSet_skills` (`SkillSet_id`, `skills`) VALUES ('1591', 'Java');
INSERT INTO `SkillSet_skills` (`SkillSet_id`, `skills`) VALUES ('1591', 'Gradle');
INSERT INTO `SkillSet_skills` (`SkillSet_id`, `skills`) VALUES ('1591', 'SQL');
INSERT INTO `Hero` (`id`, `firstName`, `lastName`, `role`, `skillSet_id`) VALUES ('1591', '598b792f-6465-45c7-8226-e92ec95d8c5d', '3da808ab-c88e-4e1e-82c7-2e478f22fb30', 'PrincipalConsultant', '1591');
INSERT INTO `SkillSet` (`id`) VALUES ('1592');
INSERT INTO `SkillSet_skills` (`SkillSet_id`, `skills`) VALUES ('1592', 'Architektur');
INSERT INTO `Hero` (`id`, `firstName`, `lastName`, `role`, `skillSet_id`) VALUES ('1592', '9b0dd33e-25af-4164-b6ef-606c1f06f91b', 'a46614f6-b159-4571-82cc-46b2e806b98c', 'PrincipalConsultant', '1592');
INSERT INTO `SkillSet` (`id`) VALUES ('1593');
INSERT INTO `SkillSet_skills` (`SkillSet_id`, `skills`) VALUES ('1593', 'dotNet');
INSERT INTO `Hero` (`id`, `firstName`, `lastName`, `role`, `skillSet_id`) VALUES ('1593', '09720be1-0734-47c1-a86d-6a8ef074536d', '9d827fa1-b2fd-4856-a233-7dff7769e56e', 'SeniorSoftwareEngineer', '1593');
INSERT INTO `SkillSet` (`id`) VALUES ('1594');
INSERT INTO `SkillSet_skills` (`SkillSet_id`, `skills`) VALUES ('1594', 'SQL');
INSERT INTO `SkillSet_skills` (`SkillSet_id`, `skills`) VALUES ('1594', 'UITesting');
INSERT INTO `Hero` (`id`, `firstName`, `lastName`, `role`, `skillSet_id`) VALUES ('1594', '76d9eca5-36e4-4238-b0fe-1fae1196b215', '9b9882fc-b05a-432c-8e42-11982fe176ea', 'LeadEngineer', '1594');
INSERT INTO `SkillSet` (`id`) VALUES ('1595');
INSERT INTO `SkillSet_skills` (`SkillSet_id`, `skills`) VALUES ('1595', 'UITesting');
INSERT INTO `SkillSet_skills` (`SkillSet_id`, `skills`) VALUES ('1595', 'Architektur');
INSERT INTO `SkillSet_skills` (`SkillSet_id`, `skills`) VALUES ('1595', 'Java');
INSERT INTO `SkillSet_skills` (`SkillSet_id`, `skills`) VALUES ('1595', 'Java');
INSERT INTO `Hero` (`id`, `firstName`, `lastName`, `role`, `skillSet_id`) VALUES ('1595', '68555260-e262-4c86-8f4b-948db9bdbcf6', '3910c54d-9e3b-4857-bba4-f140561dc61f', 'SeniorSoftwareEngineer', '1595');
INSERT INTO `SkillSet` (`id`) VALUES ('1596');
INSERT INTO `SkillSet_skills` (`SkillSet_id`, `skills`) VALUES ('1596', 'UITesting');
INSERT INTO `SkillSet_skills` (`SkillSet_id`, `skills`) VALUES ('1596', 'Gradle');
INSERT INTO `SkillSet_skills` (`SkillSet_id`, `skills`) VALUES ('1596', 'Gradle');
INSERT INTO `SkillSet_skills` (`SkillSet_id`, `skills`) VALUES ('1596', 'UnitTesting');
INSERT INTO `SkillSet_skills` (`SkillSet_id`, `skills`) VALUES ('1596', 'dotNet');
INSERT INTO `Hero` (`id`, `firstName`, `lastName`, `role`, `skillSet_id`) VALUES ('1596', '2869f024-9823-4d79-b17e-8ded68b807b1', '7f70d741-7599-41a8-9e0a-27bbaf5f7065', 'SeniorSoftwareEngineer', '1596');
INSERT INTO `SkillSet` (`id`) VALUES ('1597');
INSERT INTO `SkillSet_skills` (`SkillSet_id`, `skills`) VALUES ('1597', 'dotNet');
INSERT INTO `Hero` (`id`, `firstName`, `lastName`, `role`, `skillSet_id`) VALUES ('1597', '0a151db2-ea04-4f46-8343-992f0ba9813a', '4dcd96a3-6794-49b4-a852-3c9ec8d9b497', 'LeadSoftwareArchitect', '1597');
INSERT INTO `SkillSet` (`id`) VALUES ('1598');
INSERT INTO `SkillSet_skills` (`SkillSet_id`, `skills`) VALUES ('1598', 'dotNet');
INSERT INTO `SkillSet_skills` (`SkillSet_id`, `skills`) VALUES ('1598', 'UnitTesting');
INSERT INTO `Hero` (`id`, `firstName`, `lastName`, `role`, `skillSet_id`) VALUES ('1598', '6481b9b1-019e-4a19-97c4-b48aceb8780f', '1dd415a4-d39f-46e4-8a5a-08514bb8e6c3', 'JuniorSoftwareEngineer', '1598');
INSERT INTO `SkillSet` (`id`) VALUES ('1599');
INSERT INTO `SkillSet_skills` (`SkillSet_id`, `skills`) VALUES ('1599', 'Maven');
INSERT INTO `SkillSet_skills` (`SkillSet_id`, `skills`) VALUES ('1599', 'UITesting');
INSERT INTO `SkillSet_skills` (`SkillSet_id`, `skills`) VALUES ('1599', 'Gradle');
INSERT INTO `Hero` (`id`, `firstName`, `lastName`, `role`, `skillSet_id`) VALUES ('1599', '44797f61-13a0-4ab4-a43a-7755bb3afd81', 'ef6c6d58-6f77-4cf4-8acc-e9251a290c08', 'SoftwareEngineer', '1599');
INSERT INTO `SkillSet` (`id`) VALUES ('1600');
INSERT INTO `SkillSet_skills` (`SkillSet_id`, `skills`) VALUES ('1600', 'Java');
INSERT INTO `SkillSet_skills` (`SkillSet_id`, `skills`) VALUES ('1600', 'Java');
INSERT INTO `SkillSet_skills` (`SkillSet_id`, `skills`) VALUES ('1600', 'Architektur');
INSERT INTO `SkillSet_skills` (`SkillSet_id`, `skills`) VALUES ('1600', 'dotNet');
INSERT INTO `SkillSet_skills` (`SkillSet_id`, `skills`) VALUES ('1600', 'Ant');
INSERT INTO `Hero` (`id`, `firstName`, `lastName`, `role`, `skillSet_id`) VALUES ('1600', '57563e25-9bc6-44bd-96f6-e0e2a63d7aa8', '9b9dac38-772f-476c-8f43-83eeaef78d8f', 'SoftwareEngineer', '1600');
INSERT INTO `SkillSet` (`id`) VALUES ('1601');
INSERT INTO `SkillSet_skills` (`SkillSet_id`, `skills`) VALUES ('1601', 'Java');
INSERT INTO `SkillSet_skills` (`SkillSet_id`, `skills`) VALUES ('1601', 'Maven');
INSERT INTO `SkillSet_skills` (`SkillSet_id`, `skills`) VALUES ('1601', 'UnitTesting');
INSERT INTO `SkillSet_skills` (`SkillSet_id`, `skills`) VALUES ('1601', 'Ant');
INSERT INTO `Hero` (`id`, `firstName`, `lastName`, `role`, `skillSet_id`) VALUES ('1601', '91bed8e5-79b2-464b-8e45-7e187fbf9d10', '69eaa491-15f1-474e-8aa3-efa3853c8b31', 'SeniorSoftwareEngineer', '1601');
INSERT INTO `SkillSet` (`id`) VALUES ('1602');
INSERT INTO `SkillSet_skills` (`SkillSet_id`, `skills`) VALUES ('1602', 'Java');
INSERT INTO `SkillSet_skills` (`SkillSet_id`, `skills`) VALUES ('1602', 'Architektur');
INSERT INTO `Hero` (`id`, `firstName`, `lastName`, `role`, `skillSet_id`) VALUES ('1602', 'cc0e0225-08b2-4691-b527-3eda65443a10', '65d1667d-b120-47e7-b435-601a86a54391', 'PrincipalConsultant', '1602');
INSERT INTO `SkillSet` (`id`) VALUES ('1603');
INSERT INTO `SkillSet_skills` (`SkillSet_id`, `skills`) VALUES ('1603', 'Ant');
INSERT INTO `SkillSet_skills` (`SkillSet_id`, `skills`) VALUES ('1603', 'SQL');
INSERT INTO `SkillSet_skills` (`SkillSet_id`, `skills`) VALUES ('1603', 'Ant');
INSERT INTO `SkillSet_skills` (`SkillSet_id`, `skills`) VALUES ('1603', 'dotNet');
INSERT INTO `SkillSet_skills` (`SkillSet_id`, `skills`) VALUES ('1603', 'Maven');
INSERT INTO `Hero` (`id`, `firstName`, `lastName`, `role`, `skillSet_id`) VALUES ('1603', '3e608500-d128-4f0b-8539-27f984dbdded', '3debb81d-5f28-4b97-9dcf-695826fe65a7', 'PrincipalConsultant', '1603');
INSERT INTO `SkillSet` (`id`) VALUES ('1604');
INSERT INTO `SkillSet_skills` (`SkillSet_id`, `skills`) VALUES ('1604', 'dotNet');
INSERT INTO `Hero` (`id`, `firstName`, `lastName`, `role`, `skillSet_id`) VALUES ('1604', 'a5035251-8513-4429-8cfa-03cc06babe5c', 'be28b38c-f113-44ac-8697-738a5ddf3cdc', 'SeniorSoftwareEngineer', '1604');
INSERT INTO `SkillSet` (`id`) VALUES ('1605');
INSERT INTO `SkillSet_skills` (`SkillSet_id`, `skills`) VALUES ('1605', 'Ant');
INSERT INTO `SkillSet_skills` (`SkillSet_id`, `skills`) VALUES ('1605', 'Ant');
INSERT INTO `SkillSet_skills` (`SkillSet_id`, `skills`) VALUES ('1605', 'dotNet');
INSERT INTO `Hero` (`id`, `firstName`, `lastName`, `role`, `skillSet_id`) VALUES ('1605', '91dc7390-aa1d-4b41-867a-35509650daa5', '31a4b712-5713-4530-99e2-6837bdd5fff9', 'LeadEngineer', '1605');
INSERT INTO `SkillSet` (`id`) VALUES ('1606');
INSERT INTO `SkillSet_skills` (`SkillSet_id`, `skills`) VALUES ('1606', 'UITesting');
INSERT INTO `SkillSet_skills` (`SkillSet_id`, `skills`) VALUES ('1606', 'Ant');
INSERT INTO `SkillSet_skills` (`SkillSet_id`, `skills`) VALUES ('1606', 'UnitTesting');
INSERT INTO `SkillSet_skills` (`SkillSet_id`, `skills`) VALUES ('1606', 'Architektur');
INSERT INTO `SkillSet_skills` (`SkillSet_id`, `skills`) VALUES ('1606', 'dotNet');
INSERT INTO `Hero` (`id`, `firstName`, `lastName`, `role`, `skillSet_id`) VALUES ('1606', 'ebd98ae8-b308-4a95-868c-5046557ca2e3', 'c1d55493-e3e8-4536-9969-a3bd3b3d51c0', 'SoftwareEngineer', '1606');
INSERT INTO `SkillSet` (`id`) VALUES ('1607');
INSERT INTO `SkillSet_skills` (`SkillSet_id`, `skills`) VALUES ('1607', 'Architektur');
INSERT INTO `SkillSet_skills` (`SkillSet_id`, `skills`) VALUES ('1607', 'Architektur');
INSERT INTO `Hero` (`id`, `firstName`, `lastName`, `role`, `skillSet_id`) VALUES ('1607', '9127ea65-3fc8-41ee-9cde-548866f63b51', 'c645e60a-6304-44a2-b97d-5dbbbf14688c', 'SoftwareEngineer', '1607');
INSERT INTO `SkillSet` (`id`) VALUES ('1608');
INSERT INTO `SkillSet_skills` (`SkillSet_id`, `skills`) VALUES ('1608', 'Ant');
INSERT INTO `Hero` (`id`, `firstName`, `lastName`, `role`, `skillSet_id`) VALUES ('1608', 'f52b47d1-9b05-4e58-a0b4-ae28869a5156', '82598c94-e39e-4b40-a14a-57da1e24057f', 'PrincipalConsultant', '1608');
INSERT INTO `SkillSet` (`id`) VALUES ('1609');
INSERT INTO `SkillSet_skills` (`SkillSet_id`, `skills`) VALUES ('1609', 'UnitTesting');
INSERT INTO `SkillSet_skills` (`SkillSet_id`, `skills`) VALUES ('1609', 'UnitTesting');
INSERT INTO `SkillSet_skills` (`SkillSet_id`, `skills`) VALUES ('1609', 'Gradle');
INSERT INTO `SkillSet_skills` (`SkillSet_id`, `skills`) VALUES ('1609', 'dotNet');
INSERT INTO `SkillSet_skills` (`SkillSet_id`, `skills`) VALUES ('1609', 'UnitTesting');
INSERT INTO `Hero` (`id`, `firstName`, `lastName`, `role`, `skillSet_id`) VALUES ('1609', '548b615b-53d5-491a-bdfd-e394b6f14844', '0c9c9823-236c-4599-9891-87648a866de2', 'SeniorSoftwareEngineer', '1609');
INSERT INTO `SkillSet` (`id`) VALUES ('1610');
INSERT INTO `SkillSet_skills` (`SkillSet_id`, `skills`) VALUES ('1610', 'Ant');
INSERT INTO `SkillSet_skills` (`SkillSet_id`, `skills`) VALUES ('1610', 'UnitTesting');
INSERT INTO `SkillSet_skills` (`SkillSet_id`, `skills`) VALUES ('1610', 'Architektur');
INSERT INTO `Hero` (`id`, `firstName`, `lastName`, `role`, `skillSet_id`) VALUES ('1610', '291346a8-d107-400c-bee1-19cae04eb510', '7ff86119-2d2f-465a-a466-53dd7c549dca', 'SoftwareEngineer', '1610');
INSERT INTO `SkillSet` (`id`) VALUES ('1611');
INSERT INTO `SkillSet_skills` (`SkillSet_id`, `skills`) VALUES ('1611', 'Java');
INSERT INTO `SkillSet_skills` (`SkillSet_id`, `skills`) VALUES ('1611', 'Architektur');
INSERT INTO `SkillSet_skills` (`SkillSet_id`, `skills`) VALUES ('1611', 'Architektur');
INSERT INTO `Hero` (`id`, `firstName`, `lastName`, `role`, `skillSet_id`) VALUES ('1611', '1e39fa2e-cce6-4964-a75f-c5dcc46a0e97', '0701e918-855b-44a8-b277-532f2ebf8cec', 'LeadSoftwareArchitect', '1611');
INSERT INTO `SkillSet` (`id`) VALUES ('1612');
INSERT INTO `SkillSet_skills` (`SkillSet_id`, `skills`) VALUES ('1612', 'Java');
INSERT INTO `SkillSet_skills` (`SkillSet_id`, `skills`) VALUES ('1612', 'SQL');
INSERT INTO `SkillSet_skills` (`SkillSet_id`, `skills`) VALUES ('1612', 'Java');
INSERT INTO `SkillSet_skills` (`SkillSet_id`, `skills`) VALUES ('1612', 'UnitTesting');
INSERT INTO `Hero` (`id`, `firstName`, `lastName`, `role`, `skillSet_id`) VALUES ('1612', '00a624cb-fb42-4baa-809b-03240e6de458', '6a52d90c-4833-4d40-98e6-6dfd3fa849db', 'LeadSoftwareArchitect', '1612');
INSERT INTO `SkillSet` (`id`) VALUES ('1613');
INSERT INTO `SkillSet_skills` (`SkillSet_id`, `skills`) VALUES ('1613', 'UnitTesting');
INSERT INTO `SkillSet_skills` (`SkillSet_id`, `skills`) VALUES ('1613', 'Architektur');
INSERT INTO `SkillSet_skills` (`SkillSet_id`, `skills`) VALUES ('1613', 'Architektur');
INSERT INTO `SkillSet_skills` (`SkillSet_id`, `skills`) VALUES ('1613', 'UITesting');
INSERT INTO `Hero` (`id`, `firstName`, `lastName`, `role`, `skillSet_id`) VALUES ('1613', '76324864-0051-4d85-a768-048bb105d913', '1e15de28-0c50-4ee0-a04e-0ddeba38039f', 'JuniorSoftwareEngineer', '1613');
INSERT INTO `SkillSet` (`id`) VALUES ('1614');
INSERT INTO `SkillSet_skills` (`SkillSet_id`, `skills`) VALUES ('1614', 'UnitTesting');
INSERT INTO `SkillSet_skills` (`SkillSet_id`, `skills`) VALUES ('1614', 'Java');
INSERT INTO `SkillSet_skills` (`SkillSet_id`, `skills`) VALUES ('1614', 'UITesting');
INSERT INTO `SkillSet_skills` (`SkillSet_id`, `skills`) VALUES ('1614', 'UITesting');
INSERT INTO `Hero` (`id`, `firstName`, `lastName`, `role`, `skillSet_id`) VALUES ('1614', '95a70655-ae24-4039-8201-27a6ef75f375', '13a6fa69-5094-45b4-bbb3-facd7298b5df', 'LeadSoftwareArchitect', '1614');
INSERT INTO `SkillSet` (`id`) VALUES ('1615');
INSERT INTO `SkillSet_skills` (`SkillSet_id`, `skills`) VALUES ('1615', 'SQL');
INSERT INTO `Hero` (`id`, `firstName`, `lastName`, `role`, `skillSet_id`) VALUES ('1615', '97272d21-632b-4bcd-89fd-0b6d8aa1d2e9', '4795d9a9-11a2-4a3b-8958-133c5eca46a9', 'LeadEngineer', '1615');
INSERT INTO `SkillSet` (`id`) VALUES ('1616');
INSERT INTO `SkillSet_skills` (`SkillSet_id`, `skills`) VALUES ('1616', 'Java');
INSERT INTO `SkillSet_skills` (`SkillSet_id`, `skills`) VALUES ('1616', 'Architektur');
INSERT INTO `Hero` (`id`, `firstName`, `lastName`, `role`, `skillSet_id`) VALUES ('1616', 'dcd9f59e-edc8-4453-9c31-1bb7f876d68d', '765774cc-4791-493e-bfe3-82ab17f0aee7', 'JuniorSoftwareEngineer', '1616');
INSERT INTO `SkillSet` (`id`) VALUES ('1617');
INSERT INTO `SkillSet_skills` (`SkillSet_id`, `skills`) VALUES ('1617', 'UnitTesting');
INSERT INTO `Hero` (`id`, `firstName`, `lastName`, `role`, `skillSet_id`) VALUES ('1617', '46179fa2-2e3d-40a0-8263-355cf3f9dff3', '40bc5194-eb89-4148-b43c-7acba68f2c55', 'SeniorSoftwareEngineer', '1617');
INSERT INTO `SkillSet` (`id`) VALUES ('1618');
INSERT INTO `SkillSet_skills` (`SkillSet_id`, `skills`) VALUES ('1618', 'Ant');
INSERT INTO `SkillSet_skills` (`SkillSet_id`, `skills`) VALUES ('1618', 'UITesting');
INSERT INTO `SkillSet_skills` (`SkillSet_id`, `skills`) VALUES ('1618', 'Gradle');
INSERT INTO `Hero` (`id`, `firstName`, `lastName`, `role`, `skillSet_id`) VALUES ('1618', '0886ecb8-b037-43c2-8588-be57cc79a334', '8a91b6b0-959c-43b4-beff-2565916b216d', 'LeadSoftwareArchitect', '1618');
INSERT INTO `SkillSet` (`id`) VALUES ('1619');
INSERT INTO `SkillSet_skills` (`SkillSet_id`, `skills`) VALUES ('1619', 'Java');
INSERT INTO `Hero` (`id`, `firstName`, `lastName`, `role`, `skillSet_id`) VALUES ('1619', '11a638a4-c671-4e25-b53d-eb89cb72ec85', '14a91d48-ef85-4b81-95cd-a37bbbcefdbf', 'SeniorSoftwareEngineer', '1619');
INSERT INTO `SkillSet` (`id`) VALUES ('1620');
INSERT INTO `SkillSet_skills` (`SkillSet_id`, `skills`) VALUES ('1620', 'Java');
INSERT INTO `SkillSet_skills` (`SkillSet_id`, `skills`) VALUES ('1620', 'dotNet');
INSERT INTO `SkillSet_skills` (`SkillSet_id`, `skills`) VALUES ('1620', 'Architektur');
INSERT INTO `SkillSet_skills` (`SkillSet_id`, `skills`) VALUES ('1620', 'Architektur');
INSERT INTO `SkillSet_skills` (`SkillSet_id`, `skills`) VALUES ('1620', 'UITesting');
INSERT INTO `Hero` (`id`, `firstName`, `lastName`, `role`, `skillSet_id`) VALUES ('1620', '0dd8a0b2-dbde-4412-bfc3-be84d3ab5033', '63f341be-ec6d-4724-84ad-b8c37c9b7295', 'LeadSoftwareArchitect', '1620');
INSERT INTO `SkillSet` (`id`) VALUES ('1621');
INSERT INTO `SkillSet_skills` (`SkillSet_id`, `skills`) VALUES ('1621', 'Gradle');
INSERT INTO `SkillSet_skills` (`SkillSet_id`, `skills`) VALUES ('1621', 'Architektur');
INSERT INTO `Hero` (`id`, `firstName`, `lastName`, `role`, `skillSet_id`) VALUES ('1621', '0661cc9a-93f9-4cab-8225-3ca9452d2455', '9f60a577-da99-4669-b711-03f5c63b79fc', 'SeniorSoftwareEngineer', '1621');
INSERT INTO `SkillSet` (`id`) VALUES ('1622');
INSERT INTO `SkillSet_skills` (`SkillSet_id`, `skills`) VALUES ('1622', 'dotNet');
INSERT INTO `SkillSet_skills` (`SkillSet_id`, `skills`) VALUES ('1622', 'Gradle');
INSERT INTO `SkillSet_skills` (`SkillSet_id`, `skills`) VALUES ('1622', 'UnitTesting');
INSERT INTO `Hero` (`id`, `firstName`, `lastName`, `role`, `skillSet_id`) VALUES ('1622', '513c2ad5-9f5f-4c37-881a-0089bddf28d9', '54cf6ecf-335d-48dd-9b8e-3f19710d8725', 'PrincipalConsultant', '1622');
INSERT INTO `SkillSet` (`id`) VALUES ('1623');
INSERT INTO `SkillSet_skills` (`SkillSet_id`, `skills`) VALUES ('1623', 'Java');
INSERT INTO `SkillSet_skills` (`SkillSet_id`, `skills`) VALUES ('1623', 'Gradle');
INSERT INTO `SkillSet_skills` (`SkillSet_id`, `skills`) VALUES ('1623', 'Architektur');
INSERT INTO `Hero` (`id`, `firstName`, `lastName`, `role`, `skillSet_id`) VALUES ('1623', '9ddfd94a-7f69-4eed-b666-7574c51537c0', 'a6e4104f-7d6c-465a-a0fb-e7237154014a', 'LeadEngineer', '1623');
INSERT INTO `SkillSet` (`id`) VALUES ('1624');
INSERT INTO `SkillSet_skills` (`SkillSet_id`, `skills`) VALUES ('1624', 'UnitTesting');
INSERT INTO `Hero` (`id`, `firstName`, `lastName`, `role`, `skillSet_id`) VALUES ('1624', '4a9dd716-fe4d-416f-be9d-035efdb3ea98', '956b2215-489d-4de2-9d25-f47f5feb239c', 'JuniorSoftwareEngineer', '1624');
INSERT INTO `SkillSet` (`id`) VALUES ('1625');
INSERT INTO `SkillSet_skills` (`SkillSet_id`, `skills`) VALUES ('1625', 'UnitTesting');
INSERT INTO `SkillSet_skills` (`SkillSet_id`, `skills`) VALUES ('1625', 'dotNet');
INSERT INTO `SkillSet_skills` (`SkillSet_id`, `skills`) VALUES ('1625', 'UITesting');
INSERT INTO `SkillSet_skills` (`SkillSet_id`, `skills`) VALUES ('1625', 'Ant');
INSERT INTO `Hero` (`id`, `firstName`, `lastName`, `role`, `skillSet_id`) VALUES ('1625', '85918f58-9dea-4617-8955-adf4d380c6a5', '2635a99d-73dc-4f28-8f84-36642f018819', 'LeadSoftwareArchitect', '1625');
INSERT INTO `SkillSet` (`id`) VALUES ('1626');
INSERT INTO `SkillSet_skills` (`SkillSet_id`, `skills`) VALUES ('1626', 'Architektur');
INSERT INTO `SkillSet_skills` (`SkillSet_id`, `skills`) VALUES ('1626', 'SQL');
INSERT INTO `SkillSet_skills` (`SkillSet_id`, `skills`) VALUES ('1626', 'SQL');
INSERT INTO `Hero` (`id`, `firstName`, `lastName`, `role`, `skillSet_id`) VALUES ('1626', '4d6a4923-4f6b-4ca2-a03a-13833501f3c7', '15f5b863-d60e-4511-b676-140a5b003087', 'SeniorSoftwareEngineer', '1626');
INSERT INTO `SkillSet` (`id`) VALUES ('1627');
INSERT INTO `SkillSet_skills` (`SkillSet_id`, `skills`) VALUES ('1627', 'SQL');
INSERT INTO `SkillSet_skills` (`SkillSet_id`, `skills`) VALUES ('1627', 'Architektur');
INSERT INTO `SkillSet_skills` (`SkillSet_id`, `skills`) VALUES ('1627', 'Architektur');
INSERT INTO `Hero` (`id`, `firstName`, `lastName`, `role`, `skillSet_id`) VALUES ('1627', '7ba326b7-d4f6-4d01-866d-714f981a5aea', '89dadf03-a244-48d3-ad1f-1c29e2870954', 'LeadEngineer', '1627');
INSERT INTO `SkillSet` (`id`) VALUES ('1628');
INSERT INTO `SkillSet_skills` (`SkillSet_id`, `skills`) VALUES ('1628', 'dotNet');
INSERT INTO `SkillSet_skills` (`SkillSet_id`, `skills`) VALUES ('1628', 'UnitTesting');
INSERT INTO `SkillSet_skills` (`SkillSet_id`, `skills`) VALUES ('1628', 'UnitTesting');
INSERT INTO `SkillSet_skills` (`SkillSet_id`, `skills`) VALUES ('1628', 'UnitTesting');
INSERT INTO `SkillSet_skills` (`SkillSet_id`, `skills`) VALUES ('1628', 'Java');
INSERT INTO `Hero` (`id`, `firstName`, `lastName`, `role`, `skillSet_id`) VALUES ('1628', '1718e472-56bc-4854-a83a-d29c4b41a4ae', '4a834456-373f-42f1-ac28-407918e90464', 'LeadEngineer', '1628');
INSERT INTO `SkillSet` (`id`) VALUES ('1629');
INSERT INTO `SkillSet_skills` (`SkillSet_id`, `skills`) VALUES ('1629', 'Architektur');
INSERT INTO `SkillSet_skills` (`SkillSet_id`, `skills`) VALUES ('1629', 'Architektur');
INSERT INTO `SkillSet_skills` (`SkillSet_id`, `skills`) VALUES ('1629', 'Architektur');
INSERT INTO `SkillSet_skills` (`SkillSet_id`, `skills`) VALUES ('1629', 'Architektur');
INSERT INTO `Hero` (`id`, `firstName`, `lastName`, `role`, `skillSet_id`) VALUES ('1629', '0621f38f-5467-40c6-80d8-64682d911dff', '501b140c-cf16-4a25-819c-c77080c6d3a3', 'SoftwareEngineer', '1629');
INSERT INTO `SkillSet` (`id`) VALUES ('1630');
INSERT INTO `SkillSet_skills` (`SkillSet_id`, `skills`) VALUES ('1630', 'UITesting');
INSERT INTO `Hero` (`id`, `firstName`, `lastName`, `role`, `skillSet_id`) VALUES ('1630', 'b00fb6dc-62ff-49d0-9924-089ec80d397c', '0937d52f-a9bf-4296-b26e-4ac0442ca520', 'JuniorSoftwareEngineer', '1630');
INSERT INTO `SkillSet` (`id`) VALUES ('1631');
INSERT INTO `SkillSet_skills` (`SkillSet_id`, `skills`) VALUES ('1631', 'Maven');
INSERT INTO `SkillSet_skills` (`SkillSet_id`, `skills`) VALUES ('1631', 'Gradle');
INSERT INTO `SkillSet_skills` (`SkillSet_id`, `skills`) VALUES ('1631', 'Architektur');
INSERT INTO `SkillSet_skills` (`SkillSet_id`, `skills`) VALUES ('1631', 'Architektur');
INSERT INTO `SkillSet_skills` (`SkillSet_id`, `skills`) VALUES ('1631', 'Architektur');
INSERT INTO `Hero` (`id`, `firstName`, `lastName`, `role`, `skillSet_id`) VALUES ('1631', '9ce7b62a-ca8b-4ef4-875c-5c6c08042ecc', 'beb87dfa-a460-407d-9ab2-4b93542fa793', 'LeadEngineer', '1631');
INSERT INTO `SkillSet` (`id`) VALUES ('1632');
INSERT INTO `SkillSet_skills` (`SkillSet_id`, `skills`) VALUES ('1632', 'dotNet');
INSERT INTO `SkillSet_skills` (`SkillSet_id`, `skills`) VALUES ('1632', 'SQL');
INSERT INTO `SkillSet_skills` (`SkillSet_id`, `skills`) VALUES ('1632', 'SQL');
INSERT INTO `Hero` (`id`, `firstName`, `lastName`, `role`, `skillSet_id`) VALUES ('1632', 'e148529f-f248-4fb2-a464-6609ecdce987', '356df7fa-936e-4688-93fe-676a62099f78', 'LeadSoftwareArchitect', '1632');
INSERT INTO `SkillSet` (`id`) VALUES ('1633');
INSERT INTO `SkillSet_skills` (`SkillSet_id`, `skills`) VALUES ('1633', 'Maven');
INSERT INTO `Hero` (`id`, `firstName`, `lastName`, `role`, `skillSet_id`) VALUES ('1633', 'd7467917-d981-4096-b453-77f644e5d1f4', 'cccd2821-2b62-4b5d-a213-883f59fd969b', 'LeadEngineer', '1633');
INSERT INTO `SkillSet` (`id`) VALUES ('1634');
INSERT INTO `SkillSet_skills` (`SkillSet_id`, `skills`) VALUES ('1634', 'UITesting');
INSERT INTO `SkillSet_skills` (`SkillSet_id`, `skills`) VALUES ('1634', 'Architektur');
INSERT INTO `SkillSet_skills` (`SkillSet_id`, `skills`) VALUES ('1634', 'Gradle');
INSERT INTO `SkillSet_skills` (`SkillSet_id`, `skills`) VALUES ('1634', 'SQL');
INSERT INTO `Hero` (`id`, `firstName`, `lastName`, `role`, `skillSet_id`) VALUES ('1634', 'c0077631-491f-4983-ac70-92c046332459', 'ccefd57e-6331-47cc-957d-d018ce2dd655', 'SeniorSoftwareEngineer', '1634');
INSERT INTO `SkillSet` (`id`) VALUES ('1635');
INSERT INTO `SkillSet_skills` (`SkillSet_id`, `skills`) VALUES ('1635', 'Gradle');
INSERT INTO `SkillSet_skills` (`SkillSet_id`, `skills`) VALUES ('1635', 'Architektur');
INSERT INTO `SkillSet_skills` (`SkillSet_id`, `skills`) VALUES ('1635', 'UnitTesting');
INSERT INTO `SkillSet_skills` (`SkillSet_id`, `skills`) VALUES ('1635', 'UnitTesting');
INSERT INTO `SkillSet_skills` (`SkillSet_id`, `skills`) VALUES ('1635', 'Ant');
INSERT INTO `Hero` (`id`, `firstName`, `lastName`, `role`, `skillSet_id`) VALUES ('1635', '77eb1d76-75cf-4fb0-8be2-8c543249ec1b', 'f33e111c-afcd-4ef3-833e-f4742a4245af', 'SoftwareEngineer', '1635');
INSERT INTO `SkillSet` (`id`) VALUES ('1636');
INSERT INTO `SkillSet_skills` (`SkillSet_id`, `skills`) VALUES ('1636', 'Gradle');
INSERT INTO `SkillSet_skills` (`SkillSet_id`, `skills`) VALUES ('1636', 'Java');
INSERT INTO `Hero` (`id`, `firstName`, `lastName`, `role`, `skillSet_id`) VALUES ('1636', '059425d4-45c1-43c4-bc66-1c72537f04f2', '493cc22b-6165-40a7-97ba-abd773470c91', 'JuniorSoftwareEngineer', '1636');
INSERT INTO `SkillSet` (`id`) VALUES ('1637');
INSERT INTO `SkillSet_skills` (`SkillSet_id`, `skills`) VALUES ('1637', 'dotNet');
INSERT INTO `SkillSet_skills` (`SkillSet_id`, `skills`) VALUES ('1637', 'UITesting');
INSERT INTO `SkillSet_skills` (`SkillSet_id`, `skills`) VALUES ('1637', 'SQL');
INSERT INTO `SkillSet_skills` (`SkillSet_id`, `skills`) VALUES ('1637', 'Gradle');
INSERT INTO `SkillSet_skills` (`SkillSet_id`, `skills`) VALUES ('1637', 'Maven');
INSERT INTO `Hero` (`id`, `firstName`, `lastName`, `role`, `skillSet_id`) VALUES ('1637', '80a71d99-9e71-477c-a52e-30f7c2bb1a79', '8a15a367-54c6-494e-92e0-2f08ceeb8b1d', 'SeniorSoftwareEngineer', '1637');
INSERT INTO `SkillSet` (`id`) VALUES ('1638');
INSERT INTO `SkillSet_skills` (`SkillSet_id`, `skills`) VALUES ('1638', 'Gradle');
INSERT INTO `SkillSet_skills` (`SkillSet_id`, `skills`) VALUES ('1638', 'Ant');
INSERT INTO `SkillSet_skills` (`SkillSet_id`, `skills`) VALUES ('1638', 'Maven');
INSERT INTO `SkillSet_skills` (`SkillSet_id`, `skills`) VALUES ('1638', 'UITesting');
INSERT INTO `SkillSet_skills` (`SkillSet_id`, `skills`) VALUES ('1638', 'UnitTesting');
INSERT INTO `Hero` (`id`, `firstName`, `lastName`, `role`, `skillSet_id`) VALUES ('1638', '62eebe7f-8f66-4aed-9596-88c5ef8f7769', '4d0007ac-0c33-4331-a282-c3153adbaa39', 'JuniorSoftwareEngineer', '1638');
INSERT INTO `SkillSet` (`id`) VALUES ('1639');
INSERT INTO `SkillSet_skills` (`SkillSet_id`, `skills`) VALUES ('1639', 'Gradle');
INSERT INTO `SkillSet_skills` (`SkillSet_id`, `skills`) VALUES ('1639', 'UITesting');
INSERT INTO `SkillSet_skills` (`SkillSet_id`, `skills`) VALUES ('1639', 'Architektur');
INSERT INTO `SkillSet_skills` (`SkillSet_id`, `skills`) VALUES ('1639', 'dotNet');
INSERT INTO `SkillSet_skills` (`SkillSet_id`, `skills`) VALUES ('1639', 'UITesting');
INSERT INTO `Hero` (`id`, `firstName`, `lastName`, `role`, `skillSet_id`) VALUES ('1639', '03ff4b0b-d610-4c7c-8294-312ebe65e856', 'a959af5d-05d7-48d8-8c9d-8af606c148a7', 'PrincipalConsultant', '1639');
INSERT INTO `SkillSet` (`id`) VALUES ('1640');
INSERT INTO `SkillSet_skills` (`SkillSet_id`, `skills`) VALUES ('1640', 'Java');
INSERT INTO `SkillSet_skills` (`SkillSet_id`, `skills`) VALUES ('1640', 'Gradle');
INSERT INTO `SkillSet_skills` (`SkillSet_id`, `skills`) VALUES ('1640', 'Maven');
INSERT INTO `Hero` (`id`, `firstName`, `lastName`, `role`, `skillSet_id`) VALUES ('1640', '0460751c-e444-4e9c-9dbc-268f9861b4a7', 'cfc9a771-0180-41a8-8558-af136bd46e1f', 'SeniorSoftwareEngineer', '1640');
INSERT INTO `SkillSet` (`id`) VALUES ('1641');
INSERT INTO `SkillSet_skills` (`SkillSet_id`, `skills`) VALUES ('1641', 'UnitTesting');
INSERT INTO `SkillSet_skills` (`SkillSet_id`, `skills`) VALUES ('1641', 'Java');
INSERT INTO `Hero` (`id`, `firstName`, `lastName`, `role`, `skillSet_id`) VALUES ('1641', 'd1242b1f-5910-4ced-b81c-1f7af6cbcda8', '9609e179-5aa9-4795-93f1-c00127ce4b8c', 'LeadEngineer', '1641');
INSERT INTO `SkillSet` (`id`) VALUES ('1642');
INSERT INTO `SkillSet_skills` (`SkillSet_id`, `skills`) VALUES ('1642', 'UnitTesting');
INSERT INTO `SkillSet_skills` (`SkillSet_id`, `skills`) VALUES ('1642', 'Gradle');
INSERT INTO `Hero` (`id`, `firstName`, `lastName`, `role`, `skillSet_id`) VALUES ('1642', 'b79649a8-48ea-4865-8d54-aa39bc0574e6', 'b9081579-c7c5-4978-b9a7-9bf6839e15c3', 'SoftwareEngineer', '1642');
INSERT INTO `SkillSet` (`id`) VALUES ('1643');
INSERT INTO `SkillSet_skills` (`SkillSet_id`, `skills`) VALUES ('1643', 'UnitTesting');
INSERT INTO `SkillSet_skills` (`SkillSet_id`, `skills`) VALUES ('1643', 'Ant');
INSERT INTO `SkillSet_skills` (`SkillSet_id`, `skills`) VALUES ('1643', 'Architektur');
INSERT INTO `SkillSet_skills` (`SkillSet_id`, `skills`) VALUES ('1643', 'UnitTesting');
INSERT INTO `Hero` (`id`, `firstName`, `lastName`, `role`, `skillSet_id`) VALUES ('1643', '73db3274-8164-4a7f-aed0-d1baa1007e19', '1a5d6b27-1f78-4a4b-ba8e-fb066278a809', 'PrincipalConsultant', '1643');
INSERT INTO `SkillSet` (`id`) VALUES ('1644');
INSERT INTO `SkillSet_skills` (`SkillSet_id`, `skills`) VALUES ('1644', 'Ant');
INSERT INTO `Hero` (`id`, `firstName`, `lastName`, `role`, `skillSet_id`) VALUES ('1644', '64f424d0-73e7-4b67-bd09-61821ed28a15', '8b08d0a2-b568-441d-a2f1-66eebc1c96e9', 'SoftwareEngineer', '1644');
INSERT INTO `SkillSet` (`id`) VALUES ('1645');
INSERT INTO `SkillSet_skills` (`SkillSet_id`, `skills`) VALUES ('1645', 'SQL');
INSERT INTO `SkillSet_skills` (`SkillSet_id`, `skills`) VALUES ('1645', 'UnitTesting');
INSERT INTO `Hero` (`id`, `firstName`, `lastName`, `role`, `skillSet_id`) VALUES ('1645', '4e9f6dcb-3f98-4a2d-b939-4ee25ee069fc', '4256c414-ba4e-489b-9ce7-08017899c121', 'SeniorSoftwareEngineer', '1645');
INSERT INTO `SkillSet` (`id`) VALUES ('1646');
INSERT INTO `SkillSet_skills` (`SkillSet_id`, `skills`) VALUES ('1646', 'Architektur');
INSERT INTO `Hero` (`id`, `firstName`, `lastName`, `role`, `skillSet_id`) VALUES ('1646', 'f2929234-0984-454a-a5d4-f749bc36597b', '2b075c43-94cb-49d8-8b59-8cfbc69c7cc3', 'JuniorSoftwareEngineer', '1646');
INSERT INTO `SkillSet` (`id`) VALUES ('1647');
INSERT INTO `SkillSet_skills` (`SkillSet_id`, `skills`) VALUES ('1647', 'UnitTesting');
INSERT INTO `Hero` (`id`, `firstName`, `lastName`, `role`, `skillSet_id`) VALUES ('1647', '57eb835a-68e6-45d6-b956-8b2c77610f30', 'c410ddeb-1228-4a1c-9fe3-93ed243e7877', 'LeadSoftwareArchitect', '1647');
INSERT INTO `SkillSet` (`id`) VALUES ('1648');
INSERT INTO `SkillSet_skills` (`SkillSet_id`, `skills`) VALUES ('1648', 'Ant');
INSERT INTO `SkillSet_skills` (`SkillSet_id`, `skills`) VALUES ('1648', 'SQL');
INSERT INTO `SkillSet_skills` (`SkillSet_id`, `skills`) VALUES ('1648', 'Java');
INSERT INTO `SkillSet_skills` (`SkillSet_id`, `skills`) VALUES ('1648', 'UITesting');
INSERT INTO `Hero` (`id`, `firstName`, `lastName`, `role`, `skillSet_id`) VALUES ('1648', '5350ba61-e4b0-447d-a2e4-f842061c3302', 'ce84038a-e047-4aa3-9b45-9752ca2101cb', 'JuniorSoftwareEngineer', '1648');
INSERT INTO `SkillSet` (`id`) VALUES ('1649');
INSERT INTO `SkillSet_skills` (`SkillSet_id`, `skills`) VALUES ('1649', 'Ant');
INSERT INTO `SkillSet_skills` (`SkillSet_id`, `skills`) VALUES ('1649', 'Ant');
INSERT INTO `Hero` (`id`, `firstName`, `lastName`, `role`, `skillSet_id`) VALUES ('1649', '7aa49dcc-532c-48c2-8fff-399ec85ab1b7', 'cc72a1ef-a706-4b4e-b25f-d4ee37596cd4', 'LeadSoftwareArchitect', '1649');
INSERT INTO `SkillSet` (`id`) VALUES ('1650');
INSERT INTO `SkillSet_skills` (`SkillSet_id`, `skills`) VALUES ('1650', 'Architektur');
INSERT INTO `Hero` (`id`, `firstName`, `lastName`, `role`, `skillSet_id`) VALUES ('1650', '8a12475e-56f1-4326-a55f-761c3edfee80', '06b0e1e5-3349-44a0-9fc8-f6a1a760956e', 'JuniorSoftwareEngineer', '1650');
INSERT INTO `SkillSet` (`id`) VALUES ('1651');
INSERT INTO `SkillSet_skills` (`SkillSet_id`, `skills`) VALUES ('1651', 'Gradle');
INSERT INTO `SkillSet_skills` (`SkillSet_id`, `skills`) VALUES ('1651', 'Java');
INSERT INTO `SkillSet_skills` (`SkillSet_id`, `skills`) VALUES ('1651', 'Maven');
INSERT INTO `Hero` (`id`, `firstName`, `lastName`, `role`, `skillSet_id`) VALUES ('1651', 'e0a5aadd-fcfe-43db-98fc-278c74c6913e', '7fdc3fd6-b3d1-4f60-8d31-799f2ce88980', 'SoftwareEngineer', '1651');
INSERT INTO `SkillSet` (`id`) VALUES ('1652');
INSERT INTO `SkillSet_skills` (`SkillSet_id`, `skills`) VALUES ('1652', 'Java');
INSERT INTO `Hero` (`id`, `firstName`, `lastName`, `role`, `skillSet_id`) VALUES ('1652', 'a7ddee0d-ff4c-41d7-af47-960cf2faa4ca', '5dc9f5ea-d878-4c6f-9094-af47fb2cd54d', 'SeniorSoftwareEngineer', '1652');
INSERT INTO `SkillSet` (`id`) VALUES ('1653');
INSERT INTO `SkillSet_skills` (`SkillSet_id`, `skills`) VALUES ('1653', 'dotNet');
INSERT INTO `Hero` (`id`, `firstName`, `lastName`, `role`, `skillSet_id`) VALUES ('1653', 'a1ac48c7-0a0d-4f20-9622-6d6ffab39f12', 'f65f324c-e7ca-431b-97b3-45ad935fbb8c', 'JuniorSoftwareEngineer', '1653');
INSERT INTO `SkillSet` (`id`) VALUES ('1654');
INSERT INTO `SkillSet_skills` (`SkillSet_id`, `skills`) VALUES ('1654', 'Ant');
INSERT INTO `SkillSet_skills` (`SkillSet_id`, `skills`) VALUES ('1654', 'Maven');
INSERT INTO `SkillSet_skills` (`SkillSet_id`, `skills`) VALUES ('1654', 'UnitTesting');
INSERT INTO `SkillSet_skills` (`SkillSet_id`, `skills`) VALUES ('1654', 'UnitTesting');
INSERT INTO `Hero` (`id`, `firstName`, `lastName`, `role`, `skillSet_id`) VALUES ('1654', 'd2717f01-e312-49ca-8324-646e8fd3025a', '8e95bad1-07b1-4f46-a235-54d193a88499', 'SoftwareEngineer', '1654');
INSERT INTO `SkillSet` (`id`) VALUES ('1655');
INSERT INTO `SkillSet_skills` (`SkillSet_id`, `skills`) VALUES ('1655', 'UITesting');
INSERT INTO `SkillSet_skills` (`SkillSet_id`, `skills`) VALUES ('1655', 'Ant');
INSERT INTO `Hero` (`id`, `firstName`, `lastName`, `role`, `skillSet_id`) VALUES ('1655', '58d39715-b2f9-432a-a3dd-188527ffbda5', '8e90d581-0350-4d49-9f89-7e14c4c95cbc', 'LeadSoftwareArchitect', '1655');
INSERT INTO `SkillSet` (`id`) VALUES ('1656');
INSERT INTO `SkillSet_skills` (`SkillSet_id`, `skills`) VALUES ('1656', 'Gradle');
INSERT INTO `SkillSet_skills` (`SkillSet_id`, `skills`) VALUES ('1656', 'Maven');
INSERT INTO `SkillSet_skills` (`SkillSet_id`, `skills`) VALUES ('1656', 'Java');
INSERT INTO `Hero` (`id`, `firstName`, `lastName`, `role`, `skillSet_id`) VALUES ('1656', 'e2283fc6-66f8-45ef-9c99-c58f88b567e1', '95a1e15a-17e4-4fc4-ab7b-4c9c96900c90', 'PrincipalConsultant', '1656');
INSERT INTO `SkillSet` (`id`) VALUES ('1657');
INSERT INTO `SkillSet_skills` (`SkillSet_id`, `skills`) VALUES ('1657', 'Maven');
INSERT INTO `SkillSet_skills` (`SkillSet_id`, `skills`) VALUES ('1657', 'dotNet');
INSERT INTO `SkillSet_skills` (`SkillSet_id`, `skills`) VALUES ('1657', 'Ant');
INSERT INTO `SkillSet_skills` (`SkillSet_id`, `skills`) VALUES ('1657', 'Maven');
INSERT INTO `Hero` (`id`, `firstName`, `lastName`, `role`, `skillSet_id`) VALUES ('1657', 'cba8a819-ed86-4d4d-8c07-a06688f72f95', '6da00083-715c-451b-87dc-c9c409006ac0', 'LeadSoftwareArchitect', '1657');
INSERT INTO `SkillSet` (`id`) VALUES ('1658');
INSERT INTO `SkillSet_skills` (`SkillSet_id`, `skills`) VALUES ('1658', 'Gradle');
INSERT INTO `SkillSet_skills` (`SkillSet_id`, `skills`) VALUES ('1658', 'dotNet');
INSERT INTO `SkillSet_skills` (`SkillSet_id`, `skills`) VALUES ('1658', 'UnitTesting');
INSERT INTO `SkillSet_skills` (`SkillSet_id`, `skills`) VALUES ('1658', 'UITesting');
INSERT INTO `SkillSet_skills` (`SkillSet_id`, `skills`) VALUES ('1658', 'SQL');
INSERT INTO `Hero` (`id`, `firstName`, `lastName`, `role`, `skillSet_id`) VALUES ('1658', '4af93b15-2669-42e5-96e5-72f7cc6ae1e0', '467c1eca-b717-4513-bc47-487053d950ac', 'JuniorSoftwareEngineer', '1658');
INSERT INTO `SkillSet` (`id`) VALUES ('1659');
INSERT INTO `SkillSet_skills` (`SkillSet_id`, `skills`) VALUES ('1659', 'Gradle');
INSERT INTO `SkillSet_skills` (`SkillSet_id`, `skills`) VALUES ('1659', 'dotNet');
INSERT INTO `SkillSet_skills` (`SkillSet_id`, `skills`) VALUES ('1659', 'SQL');
INSERT INTO `SkillSet_skills` (`SkillSet_id`, `skills`) VALUES ('1659', 'SQL');
INSERT INTO `SkillSet_skills` (`SkillSet_id`, `skills`) VALUES ('1659', 'Java');
INSERT INTO `Hero` (`id`, `firstName`, `lastName`, `role`, `skillSet_id`) VALUES ('1659', '3f467c1e-ec65-403e-8f70-223ecfe97ed2', '833d9ad0-0aad-4b3a-b998-6c9de26a275d', 'LeadEngineer', '1659');
INSERT INTO `SkillSet` (`id`) VALUES ('1660');
INSERT INTO `SkillSet_skills` (`SkillSet_id`, `skills`) VALUES ('1660', 'UnitTesting');
INSERT INTO `SkillSet_skills` (`SkillSet_id`, `skills`) VALUES ('1660', 'SQL');
INSERT INTO `Hero` (`id`, `firstName`, `lastName`, `role`, `skillSet_id`) VALUES ('1660', '8f2df224-1597-4ae1-b58c-34d5e3ea19c4', '71d0840a-33ea-4b25-b01a-8416d8d8b03a', 'SeniorSoftwareEngineer', '1660');
INSERT INTO `SkillSet` (`id`) VALUES ('1661');
INSERT INTO `SkillSet_skills` (`SkillSet_id`, `skills`) VALUES ('1661', 'Maven');
INSERT INTO `SkillSet_skills` (`SkillSet_id`, `skills`) VALUES ('1661', 'Gradle');
INSERT INTO `SkillSet_skills` (`SkillSet_id`, `skills`) VALUES ('1661', 'Architektur');
INSERT INTO `SkillSet_skills` (`SkillSet_id`, `skills`) VALUES ('1661', 'Ant');
INSERT INTO `Hero` (`id`, `firstName`, `lastName`, `role`, `skillSet_id`) VALUES ('1661', 'f8e15296-8737-4d71-9a97-cd38a76639c8', '8351d9f5-a623-4d80-8473-3f55cc4a49ad', 'SeniorSoftwareEngineer', '1661');
INSERT INTO `SkillSet` (`id`) VALUES ('1662');
INSERT INTO `SkillSet_skills` (`SkillSet_id`, `skills`) VALUES ('1662', 'Architektur');
INSERT INTO `SkillSet_skills` (`SkillSet_id`, `skills`) VALUES ('1662', 'Java');
INSERT INTO `SkillSet_skills` (`SkillSet_id`, `skills`) VALUES ('1662', 'Ant');
INSERT INTO `SkillSet_skills` (`SkillSet_id`, `skills`) VALUES ('1662', 'Gradle');
INSERT INTO `SkillSet_skills` (`SkillSet_id`, `skills`) VALUES ('1662', 'SQL');
INSERT INTO `Hero` (`id`, `firstName`, `lastName`, `role`, `skillSet_id`) VALUES ('1662', 'bd79d4e4-4aa4-43b0-9928-c8228af6e4f1', '202fd296-7727-4a5b-ac3e-ea167e20654c', 'SoftwareEngineer', '1662');
INSERT INTO `SkillSet` (`id`) VALUES ('1663');
INSERT INTO `SkillSet_skills` (`SkillSet_id`, `skills`) VALUES ('1663', 'Gradle');
INSERT INTO `SkillSet_skills` (`SkillSet_id`, `skills`) VALUES ('1663', 'Ant');
INSERT INTO `Hero` (`id`, `firstName`, `lastName`, `role`, `skillSet_id`) VALUES ('1663', 'efd6de4e-9e4c-4749-837c-4b9c961b0bc1', 'dd563f15-f420-45db-807a-a5d3f117e8d3', 'PrincipalConsultant', '1663');
INSERT INTO `SkillSet` (`id`) VALUES ('1664');
INSERT INTO `SkillSet_skills` (`SkillSet_id`, `skills`) VALUES ('1664', 'Gradle');
INSERT INTO `SkillSet_skills` (`SkillSet_id`, `skills`) VALUES ('1664', 'Architektur');
INSERT INTO `SkillSet_skills` (`SkillSet_id`, `skills`) VALUES ('1664', 'SQL');
INSERT INTO `SkillSet_skills` (`SkillSet_id`, `skills`) VALUES ('1664', 'Gradle');
INSERT INTO `Hero` (`id`, `firstName`, `lastName`, `role`, `skillSet_id`) VALUES ('1664', '01c09d27-5167-4c27-a5c5-ddd6ed2f192c', '516c1cd3-571b-4a2e-9f4e-e02653dbff1d', 'SeniorSoftwareEngineer', '1664');
INSERT INTO `SkillSet` (`id`) VALUES ('1665');
INSERT INTO `SkillSet_skills` (`SkillSet_id`, `skills`) VALUES ('1665', 'UnitTesting');
INSERT INTO `SkillSet_skills` (`SkillSet_id`, `skills`) VALUES ('1665', 'Ant');
INSERT INTO `SkillSet_skills` (`SkillSet_id`, `skills`) VALUES ('1665', 'Ant');
INSERT INTO `SkillSet_skills` (`SkillSet_id`, `skills`) VALUES ('1665', 'SQL');
INSERT INTO `SkillSet_skills` (`SkillSet_id`, `skills`) VALUES ('1665', 'UnitTesting');
INSERT INTO `Hero` (`id`, `firstName`, `lastName`, `role`, `skillSet_id`) VALUES ('1665', 'd7c6d625-734f-4818-bdce-b235ebe55cac', '64dd5a5d-bca8-4942-b04c-adbf572295f1', 'PrincipalConsultant', '1665');
INSERT INTO `SkillSet` (`id`) VALUES ('1666');
INSERT INTO `SkillSet_skills` (`SkillSet_id`, `skills`) VALUES ('1666', 'SQL');
INSERT INTO `SkillSet_skills` (`SkillSet_id`, `skills`) VALUES ('1666', 'dotNet');
INSERT INTO `Hero` (`id`, `firstName`, `lastName`, `role`, `skillSet_id`) VALUES ('1666', 'f5feffdd-9b03-4376-b8c8-f9d799103a41', 'f6190c10-b7a1-4488-8e97-d2c51dad42fd', 'LeadEngineer', '1666');
INSERT INTO `SkillSet` (`id`) VALUES ('1667');
INSERT INTO `SkillSet_skills` (`SkillSet_id`, `skills`) VALUES ('1667', 'UITesting');
INSERT INTO `SkillSet_skills` (`SkillSet_id`, `skills`) VALUES ('1667', 'Java');
INSERT INTO `SkillSet_skills` (`SkillSet_id`, `skills`) VALUES ('1667', 'dotNet');
INSERT INTO `Hero` (`id`, `firstName`, `lastName`, `role`, `skillSet_id`) VALUES ('1667', '8d506769-e359-4c9a-958e-88ae77641d6a', '6083018b-8034-44ae-8341-850536e42357', 'PrincipalConsultant', '1667');
INSERT INTO `SkillSet` (`id`) VALUES ('1668');
INSERT INTO `SkillSet_skills` (`SkillSet_id`, `skills`) VALUES ('1668', 'Ant');
INSERT INTO `SkillSet_skills` (`SkillSet_id`, `skills`) VALUES ('1668', 'SQL');
INSERT INTO `SkillSet_skills` (`SkillSet_id`, `skills`) VALUES ('1668', 'Java');
INSERT INTO `SkillSet_skills` (`SkillSet_id`, `skills`) VALUES ('1668', 'Gradle');
INSERT INTO `Hero` (`id`, `firstName`, `lastName`, `role`, `skillSet_id`) VALUES ('1668', '40087c92-c46b-4f77-aea5-da006bc015ad', 'd43940bb-e5c1-4b74-8258-ba6f0a4cb595', 'SeniorSoftwareEngineer', '1668');
INSERT INTO `SkillSet` (`id`) VALUES ('1669');
INSERT INTO `SkillSet_skills` (`SkillSet_id`, `skills`) VALUES ('1669', 'Maven');
INSERT INTO `SkillSet_skills` (`SkillSet_id`, `skills`) VALUES ('1669', 'dotNet');
INSERT INTO `Hero` (`id`, `firstName`, `lastName`, `role`, `skillSet_id`) VALUES ('1669', 'e9c5f11b-009b-488b-bbd0-f67098f89885', '05c0289f-8e74-4144-96f3-538879052e4f', 'SoftwareEngineer', '1669');
INSERT INTO `SkillSet` (`id`) VALUES ('1670');
INSERT INTO `SkillSet_skills` (`SkillSet_id`, `skills`) VALUES ('1670', 'UnitTesting');
INSERT INTO `SkillSet_skills` (`SkillSet_id`, `skills`) VALUES ('1670', 'Java');
INSERT INTO `Hero` (`id`, `firstName`, `lastName`, `role`, `skillSet_id`) VALUES ('1670', '31769f4a-c9b3-47bd-a2b9-71a61ef8e37a', '76372511-9cfc-40fb-a190-9bb22ad1963a', 'SeniorSoftwareEngineer', '1670');
INSERT INTO `SkillSet` (`id`) VALUES ('1671');
INSERT INTO `SkillSet_skills` (`SkillSet_id`, `skills`) VALUES ('1671', 'dotNet');
INSERT INTO `SkillSet_skills` (`SkillSet_id`, `skills`) VALUES ('1671', 'Architektur');
INSERT INTO `SkillSet_skills` (`SkillSet_id`, `skills`) VALUES ('1671', 'Maven');
INSERT INTO `SkillSet_skills` (`SkillSet_id`, `skills`) VALUES ('1671', 'Architektur');
INSERT INTO `Hero` (`id`, `firstName`, `lastName`, `role`, `skillSet_id`) VALUES ('1671', '50850722-8d4c-4226-b367-43dfecf568e2', 'cf0f876c-4007-439d-ad71-74926a093b0e', 'LeadSoftwareArchitect', '1671');
INSERT INTO `SkillSet` (`id`) VALUES ('1672');
INSERT INTO `SkillSet_skills` (`SkillSet_id`, `skills`) VALUES ('1672', 'Ant');
INSERT INTO `SkillSet_skills` (`SkillSet_id`, `skills`) VALUES ('1672', 'UnitTesting');
INSERT INTO `SkillSet_skills` (`SkillSet_id`, `skills`) VALUES ('1672', 'UITesting');
INSERT INTO `SkillSet_skills` (`SkillSet_id`, `skills`) VALUES ('1672', 'SQL');
INSERT INTO `Hero` (`id`, `firstName`, `lastName`, `role`, `skillSet_id`) VALUES ('1672', '2f6fa61b-75f9-4bd0-96f3-c8b070bbca4a', '036dbc0a-3f02-41b4-9063-9106c4ad09c1', 'LeadSoftwareArchitect', '1672');
INSERT INTO `SkillSet` (`id`) VALUES ('1673');
INSERT INTO `SkillSet_skills` (`SkillSet_id`, `skills`) VALUES ('1673', 'UITesting');
INSERT INTO `SkillSet_skills` (`SkillSet_id`, `skills`) VALUES ('1673', 'Maven');
INSERT INTO `Hero` (`id`, `firstName`, `lastName`, `role`, `skillSet_id`) VALUES ('1673', 'e28856b5-4cc8-4883-9160-2aa5b751f5bb', '61e5a5e0-dcf2-4171-b34f-5fe3b64da688', 'JuniorSoftwareEngineer', '1673');
INSERT INTO `SkillSet` (`id`) VALUES ('1674');
INSERT INTO `SkillSet_skills` (`SkillSet_id`, `skills`) VALUES ('1674', 'SQL');
INSERT INTO `SkillSet_skills` (`SkillSet_id`, `skills`) VALUES ('1674', 'Maven');
INSERT INTO `SkillSet_skills` (`SkillSet_id`, `skills`) VALUES ('1674', 'UITesting');
INSERT INTO `SkillSet_skills` (`SkillSet_id`, `skills`) VALUES ('1674', 'dotNet');
INSERT INTO `SkillSet_skills` (`SkillSet_id`, `skills`) VALUES ('1674', 'SQL');
INSERT INTO `Hero` (`id`, `firstName`, `lastName`, `role`, `skillSet_id`) VALUES ('1674', 'a5b6d2a2-69f4-4826-828a-3883f12c1263', 'b3425f28-1e39-4376-9e92-cba140173fbf', 'SoftwareEngineer', '1674');
INSERT INTO `SkillSet` (`id`) VALUES ('1675');
INSERT INTO `SkillSet_skills` (`SkillSet_id`, `skills`) VALUES ('1675', 'Java');
INSERT INTO `SkillSet_skills` (`SkillSet_id`, `skills`) VALUES ('1675', 'Ant');
INSERT INTO `SkillSet_skills` (`SkillSet_id`, `skills`) VALUES ('1675', 'Gradle');
INSERT INTO `SkillSet_skills` (`SkillSet_id`, `skills`) VALUES ('1675', 'dotNet');
INSERT INTO `SkillSet_skills` (`SkillSet_id`, `skills`) VALUES ('1675', 'Architektur');
INSERT INTO `Hero` (`id`, `firstName`, `lastName`, `role`, `skillSet_id`) VALUES ('1675', '6511649e-78b0-4559-82ec-84f7e4a0927f', '23ee3743-404e-4dc5-b87d-d6d3de861ab0', 'LeadSoftwareArchitect', '1675');
INSERT INTO `SkillSet` (`id`) VALUES ('1676');
INSERT INTO `SkillSet_skills` (`SkillSet_id`, `skills`) VALUES ('1676', 'Architektur');
INSERT INTO `SkillSet_skills` (`SkillSet_id`, `skills`) VALUES ('1676', 'dotNet');
INSERT INTO `SkillSet_skills` (`SkillSet_id`, `skills`) VALUES ('1676', 'dotNet');
INSERT INTO `SkillSet_skills` (`SkillSet_id`, `skills`) VALUES ('1676', 'dotNet');
INSERT INTO `SkillSet_skills` (`SkillSet_id`, `skills`) VALUES ('1676', 'Maven');
INSERT INTO `Hero` (`id`, `firstName`, `lastName`, `role`, `skillSet_id`) VALUES ('1676', '2bdc1dd6-2f92-487d-a5f2-618468c20fae', 'd17b7195-f34c-48a7-b29a-72fbc2577a16', 'JuniorSoftwareEngineer', '1676');
INSERT INTO `SkillSet` (`id`) VALUES ('1677');
INSERT INTO `SkillSet_skills` (`SkillSet_id`, `skills`) VALUES ('1677', 'Maven');
INSERT INTO `Hero` (`id`, `firstName`, `lastName`, `role`, `skillSet_id`) VALUES ('1677', '118300ab-d2a4-4590-9527-75e8b02b9248', '578d5f80-ff1e-4619-9000-b03d2225c088', 'SeniorSoftwareEngineer', '1677');
INSERT INTO `SkillSet` (`id`) VALUES ('1678');
INSERT INTO `SkillSet_skills` (`SkillSet_id`, `skills`) VALUES ('1678', 'UnitTesting');
INSERT INTO `SkillSet_skills` (`SkillSet_id`, `skills`) VALUES ('1678', 'dotNet');
INSERT INTO `SkillSet_skills` (`SkillSet_id`, `skills`) VALUES ('1678', 'UITesting');
INSERT INTO `SkillSet_skills` (`SkillSet_id`, `skills`) VALUES ('1678', 'dotNet');
INSERT INTO `Hero` (`id`, `firstName`, `lastName`, `role`, `skillSet_id`) VALUES ('1678', '194a53c4-0d69-4f7c-ad4f-ab92411dc2db', '1824f2ac-85dc-49d8-acc3-b8bbe0ae9ad2', 'SoftwareEngineer', '1678');
INSERT INTO `SkillSet` (`id`) VALUES ('1679');
INSERT INTO `SkillSet_skills` (`SkillSet_id`, `skills`) VALUES ('1679', 'Java');
INSERT INTO `SkillSet_skills` (`SkillSet_id`, `skills`) VALUES ('1679', 'dotNet');
INSERT INTO `SkillSet_skills` (`SkillSet_id`, `skills`) VALUES ('1679', 'Java');
INSERT INTO `Hero` (`id`, `firstName`, `lastName`, `role`, `skillSet_id`) VALUES ('1679', 'ea4e220f-d603-447e-b542-ce6a9512c2f5', '08cc4394-00d3-4e5f-856a-c7e01b631d88', 'SoftwareEngineer', '1679');
INSERT INTO `SkillSet` (`id`) VALUES ('1680');
INSERT INTO `SkillSet_skills` (`SkillSet_id`, `skills`) VALUES ('1680', 'UnitTesting');
INSERT INTO `Hero` (`id`, `firstName`, `lastName`, `role`, `skillSet_id`) VALUES ('1680', 'b153b1f7-e212-4842-87cc-79bacaeae312', '90881be6-2383-4e10-ac6a-dd3f3d7faf89', 'SoftwareEngineer', '1680');
INSERT INTO `SkillSet` (`id`) VALUES ('1681');
INSERT INTO `SkillSet_skills` (`SkillSet_id`, `skills`) VALUES ('1681', 'Maven');
INSERT INTO `Hero` (`id`, `firstName`, `lastName`, `role`, `skillSet_id`) VALUES ('1681', '16d163c5-9889-4170-bfe3-52e70f7a7c2e', 'a83cd53f-76c9-4639-b65d-563137db8f88', 'SoftwareEngineer', '1681');
INSERT INTO `SkillSet` (`id`) VALUES ('1682');
INSERT INTO `SkillSet_skills` (`SkillSet_id`, `skills`) VALUES ('1682', 'Maven');
INSERT INTO `SkillSet_skills` (`SkillSet_id`, `skills`) VALUES ('1682', 'SQL');
INSERT INTO `SkillSet_skills` (`SkillSet_id`, `skills`) VALUES ('1682', 'Java');
INSERT INTO `SkillSet_skills` (`SkillSet_id`, `skills`) VALUES ('1682', 'Maven');
INSERT INTO `Hero` (`id`, `firstName`, `lastName`, `role`, `skillSet_id`) VALUES ('1682', '0eae9972-cfe9-4ebc-867b-d5505c79e5d8', 'd8cd0a77-b866-43bc-95c3-c44aadeabe08', 'LeadSoftwareArchitect', '1682');
INSERT INTO `SkillSet` (`id`) VALUES ('1683');
INSERT INTO `SkillSet_skills` (`SkillSet_id`, `skills`) VALUES ('1683', 'UnitTesting');
INSERT INTO `SkillSet_skills` (`SkillSet_id`, `skills`) VALUES ('1683', 'Ant');
INSERT INTO `Hero` (`id`, `firstName`, `lastName`, `role`, `skillSet_id`) VALUES ('1683', 'fcec27c3-6103-4d35-9260-c051e03a0afb', 'c7753bb5-3acb-4773-8e45-a2054044f61f', 'LeadEngineer', '1683');
INSERT INTO `SkillSet` (`id`) VALUES ('1684');
INSERT INTO `SkillSet_skills` (`SkillSet_id`, `skills`) VALUES ('1684', 'dotNet');
INSERT INTO `SkillSet_skills` (`SkillSet_id`, `skills`) VALUES ('1684', 'Gradle');
INSERT INTO `Hero` (`id`, `firstName`, `lastName`, `role`, `skillSet_id`) VALUES ('1684', 'eaedc669-8525-47af-add7-bbc4ff7cd5ab', '1f6436f3-7bc9-4596-9fc6-6b230b6f6f26', 'JuniorSoftwareEngineer', '1684');
INSERT INTO `SkillSet` (`id`) VALUES ('1685');
INSERT INTO `SkillSet_skills` (`SkillSet_id`, `skills`) VALUES ('1685', 'Maven');
INSERT INTO `SkillSet_skills` (`SkillSet_id`, `skills`) VALUES ('1685', 'Java');
INSERT INTO `SkillSet_skills` (`SkillSet_id`, `skills`) VALUES ('1685', 'Maven');
INSERT INTO `SkillSet_skills` (`SkillSet_id`, `skills`) VALUES ('1685', 'Java');
INSERT INTO `SkillSet_skills` (`SkillSet_id`, `skills`) VALUES ('1685', 'Architektur');
INSERT INTO `Hero` (`id`, `firstName`, `lastName`, `role`, `skillSet_id`) VALUES ('1685', 'df334b4e-4fa2-4503-9d84-16ee19166f9b', '4aa29acb-f5e1-4f17-9fbb-63ab519dbcd4', 'LeadSoftwareArchitect', '1685');
INSERT INTO `SkillSet` (`id`) VALUES ('1686');
INSERT INTO `SkillSet_skills` (`SkillSet_id`, `skills`) VALUES ('1686', 'Ant');
INSERT INTO `Hero` (`id`, `firstName`, `lastName`, `role`, `skillSet_id`) VALUES ('1686', '0f08f926-72b7-4c07-90da-d657ebac048a', '4a6dec4b-23a2-4385-9532-2c60553f75f5', 'SoftwareEngineer', '1686');
INSERT INTO `SkillSet` (`id`) VALUES ('1687');
INSERT INTO `SkillSet_skills` (`SkillSet_id`, `skills`) VALUES ('1687', 'Maven');
INSERT INTO `SkillSet_skills` (`SkillSet_id`, `skills`) VALUES ('1687', 'SQL');
INSERT INTO `Hero` (`id`, `firstName`, `lastName`, `role`, `skillSet_id`) VALUES ('1687', 'e5391172-1b9a-4b50-8ba3-5521adfcf721', '54fb6a5f-249a-449b-899a-43b1adc8949d', 'SeniorSoftwareEngineer', '1687');
INSERT INTO `SkillSet` (`id`) VALUES ('1688');
INSERT INTO `SkillSet_skills` (`SkillSet_id`, `skills`) VALUES ('1688', 'Architektur');
INSERT INTO `SkillSet_skills` (`SkillSet_id`, `skills`) VALUES ('1688', 'SQL');
INSERT INTO `Hero` (`id`, `firstName`, `lastName`, `role`, `skillSet_id`) VALUES ('1688', '7b942b11-ae80-4fdd-b64a-2b8438514ffa', 'e20a7f53-9a3c-43cd-a70d-cd198e1d963c', 'JuniorSoftwareEngineer', '1688');
INSERT INTO `SkillSet` (`id`) VALUES ('1689');
INSERT INTO `SkillSet_skills` (`SkillSet_id`, `skills`) VALUES ('1689', 'Maven');
INSERT INTO `SkillSet_skills` (`SkillSet_id`, `skills`) VALUES ('1689', 'Java');
INSERT INTO `SkillSet_skills` (`SkillSet_id`, `skills`) VALUES ('1689', 'dotNet');
INSERT INTO `SkillSet_skills` (`SkillSet_id`, `skills`) VALUES ('1689', 'UnitTesting');
INSERT INTO `Hero` (`id`, `firstName`, `lastName`, `role`, `skillSet_id`) VALUES ('1689', '3f2365c0-dc05-4922-8314-c5b30aff1b15', '4a5c1e73-cd56-4274-9ad1-85c42b5ac7fd', 'LeadEngineer', '1689');
INSERT INTO `SkillSet` (`id`) VALUES ('1690');
INSERT INTO `SkillSet_skills` (`SkillSet_id`, `skills`) VALUES ('1690', 'dotNet');
INSERT INTO `SkillSet_skills` (`SkillSet_id`, `skills`) VALUES ('1690', 'Maven');
INSERT INTO `SkillSet_skills` (`SkillSet_id`, `skills`) VALUES ('1690', 'SQL');
INSERT INTO `SkillSet_skills` (`SkillSet_id`, `skills`) VALUES ('1690', 'UITesting');
INSERT INTO `SkillSet_skills` (`SkillSet_id`, `skills`) VALUES ('1690', 'Ant');
INSERT INTO `Hero` (`id`, `firstName`, `lastName`, `role`, `skillSet_id`) VALUES ('1690', 'e57bf466-1587-4ba0-868b-3a7b41b1ad8f', '9609007a-5914-48c0-9d66-d96d1d6e28e1', 'LeadSoftwareArchitect', '1690');
INSERT INTO `SkillSet` (`id`) VALUES ('1691');
INSERT INTO `SkillSet_skills` (`SkillSet_id`, `skills`) VALUES ('1691', 'UITesting');
INSERT INTO `SkillSet_skills` (`SkillSet_id`, `skills`) VALUES ('1691', 'Maven');
INSERT INTO `SkillSet_skills` (`SkillSet_id`, `skills`) VALUES ('1691', 'UITesting');
INSERT INTO `SkillSet_skills` (`SkillSet_id`, `skills`) VALUES ('1691', 'UnitTesting');
INSERT INTO `SkillSet_skills` (`SkillSet_id`, `skills`) VALUES ('1691', 'SQL');
INSERT INTO `Hero` (`id`, `firstName`, `lastName`, `role`, `skillSet_id`) VALUES ('1691', 'ef7025fe-5d8e-4dc9-a317-93af04900a32', '514991c7-cb22-4525-9f2a-2000fc7dc7ad', 'LeadSoftwareArchitect', '1691');
INSERT INTO `SkillSet` (`id`) VALUES ('1692');
INSERT INTO `SkillSet_skills` (`SkillSet_id`, `skills`) VALUES ('1692', 'dotNet');
INSERT INTO `SkillSet_skills` (`SkillSet_id`, `skills`) VALUES ('1692', 'UnitTesting');
INSERT INTO `SkillSet_skills` (`SkillSet_id`, `skills`) VALUES ('1692', 'Architektur');
INSERT INTO `SkillSet_skills` (`SkillSet_id`, `skills`) VALUES ('1692', 'Gradle');
INSERT INTO `Hero` (`id`, `firstName`, `lastName`, `role`, `skillSet_id`) VALUES ('1692', '8de22e00-6f76-41d1-af3d-dded5257e997', '19fcfd94-95b9-43ef-900c-ae6b3d3c26c9', 'SeniorSoftwareEngineer', '1692');
INSERT INTO `SkillSet` (`id`) VALUES ('1693');
INSERT INTO `SkillSet_skills` (`SkillSet_id`, `skills`) VALUES ('1693', 'SQL');
INSERT INTO `SkillSet_skills` (`SkillSet_id`, `skills`) VALUES ('1693', 'Ant');
INSERT INTO `SkillSet_skills` (`SkillSet_id`, `skills`) VALUES ('1693', 'Ant');
INSERT INTO `SkillSet_skills` (`SkillSet_id`, `skills`) VALUES ('1693', 'Java');
INSERT INTO `Hero` (`id`, `firstName`, `lastName`, `role`, `skillSet_id`) VALUES ('1693', 'abe74062-c9bd-4786-a065-6bc45078ca73', '40a93a18-20a4-45c0-be08-4d2fa4aac200', 'JuniorSoftwareEngineer', '1693');
INSERT INTO `SkillSet` (`id`) VALUES ('1694');
INSERT INTO `SkillSet_skills` (`SkillSet_id`, `skills`) VALUES ('1694', 'UITesting');
INSERT INTO `SkillSet_skills` (`SkillSet_id`, `skills`) VALUES ('1694', 'dotNet');
INSERT INTO `SkillSet_skills` (`SkillSet_id`, `skills`) VALUES ('1694', 'SQL');
INSERT INTO `Hero` (`id`, `firstName`, `lastName`, `role`, `skillSet_id`) VALUES ('1694', '9431c38a-5a7f-46c4-99a5-cd8fbb990a30', '70d67b65-5c9d-43d7-8b3b-4f86f933dcea', 'SeniorSoftwareEngineer', '1694');
INSERT INTO `SkillSet` (`id`) VALUES ('1695');
INSERT INTO `SkillSet_skills` (`SkillSet_id`, `skills`) VALUES ('1695', 'SQL');
INSERT INTO `SkillSet_skills` (`SkillSet_id`, `skills`) VALUES ('1695', 'Ant');
INSERT INTO `SkillSet_skills` (`SkillSet_id`, `skills`) VALUES ('1695', 'Maven');
INSERT INTO `Hero` (`id`, `firstName`, `lastName`, `role`, `skillSet_id`) VALUES ('1695', '3f118908-8596-46a8-a84c-108cf1b90c6e', '051637bc-5599-4ea0-b475-8b22d757a77b', 'PrincipalConsultant', '1695');
INSERT INTO `SkillSet` (`id`) VALUES ('1696');
INSERT INTO `SkillSet_skills` (`SkillSet_id`, `skills`) VALUES ('1696', 'Ant');
INSERT INTO `SkillSet_skills` (`SkillSet_id`, `skills`) VALUES ('1696', 'Ant');
INSERT INTO `SkillSet_skills` (`SkillSet_id`, `skills`) VALUES ('1696', 'UnitTesting');
INSERT INTO `SkillSet_skills` (`SkillSet_id`, `skills`) VALUES ('1696', 'Gradle');
INSERT INTO `SkillSet_skills` (`SkillSet_id`, `skills`) VALUES ('1696', 'dotNet');
INSERT INTO `Hero` (`id`, `firstName`, `lastName`, `role`, `skillSet_id`) VALUES ('1696', 'b7d272eb-740f-479a-ba76-a0f7521ca63b', '77a16e92-c63e-4a52-a3ed-c4a6d25e46ee', 'SeniorSoftwareEngineer', '1696');
INSERT INTO `SkillSet` (`id`) VALUES ('1697');
INSERT INTO `SkillSet_skills` (`SkillSet_id`, `skills`) VALUES ('1697', 'UITesting');
INSERT INTO `SkillSet_skills` (`SkillSet_id`, `skills`) VALUES ('1697', 'SQL');
INSERT INTO `SkillSet_skills` (`SkillSet_id`, `skills`) VALUES ('1697', 'SQL');
INSERT INTO `Hero` (`id`, `firstName`, `lastName`, `role`, `skillSet_id`) VALUES ('1697', '1c725cd7-8a31-4e5b-a3a3-a8999a037cf8', '858e99dc-c875-46fd-a792-572493a2d3bd', 'LeadSoftwareArchitect', '1697');
INSERT INTO `SkillSet` (`id`) VALUES ('1698');
INSERT INTO `SkillSet_skills` (`SkillSet_id`, `skills`) VALUES ('1698', 'Gradle');
INSERT INTO `SkillSet_skills` (`SkillSet_id`, `skills`) VALUES ('1698', 'Gradle');
INSERT INTO `SkillSet_skills` (`SkillSet_id`, `skills`) VALUES ('1698', 'Architektur');
INSERT INTO `Hero` (`id`, `firstName`, `lastName`, `role`, `skillSet_id`) VALUES ('1698', '24f8cdd1-1a95-458a-b906-d96a6a76a17a', '3478e52b-627f-4de7-92a5-057533978536', 'JuniorSoftwareEngineer', '1698');
INSERT INTO `SkillSet` (`id`) VALUES ('1699');
INSERT INTO `SkillSet_skills` (`SkillSet_id`, `skills`) VALUES ('1699', 'SQL');
INSERT INTO `SkillSet_skills` (`SkillSet_id`, `skills`) VALUES ('1699', 'Java');
INSERT INTO `SkillSet_skills` (`SkillSet_id`, `skills`) VALUES ('1699', 'SQL');
INSERT INTO `SkillSet_skills` (`SkillSet_id`, `skills`) VALUES ('1699', 'Architektur');
INSERT INTO `Hero` (`id`, `firstName`, `lastName`, `role`, `skillSet_id`) VALUES ('1699', 'fa7dceb0-8ed4-4e59-b130-27f4b51922a9', 'c7b3d865-6bbb-4df7-8735-9f7f9f5f2e50', 'LeadSoftwareArchitect', '1699');
INSERT INTO `SkillSet` (`id`) VALUES ('1700');
INSERT INTO `SkillSet_skills` (`SkillSet_id`, `skills`) VALUES ('1700', 'SQL');
INSERT INTO `SkillSet_skills` (`SkillSet_id`, `skills`) VALUES ('1700', 'UITesting');
INSERT INTO `SkillSet_skills` (`SkillSet_id`, `skills`) VALUES ('1700', 'Architektur');
INSERT INTO `Hero` (`id`, `firstName`, `lastName`, `role`, `skillSet_id`) VALUES ('1700', '5c9ad21f-4a96-487b-b924-d0a061129e2d', 'a1d05b73-a7f1-47cf-b201-7e7579d1f06d', 'LeadEngineer', '1700');
INSERT INTO `SkillSet` (`id`) VALUES ('1701');
INSERT INTO `SkillSet_skills` (`SkillSet_id`, `skills`) VALUES ('1701', 'UnitTesting');
INSERT INTO `SkillSet_skills` (`SkillSet_id`, `skills`) VALUES ('1701', 'UITesting');
INSERT INTO `SkillSet_skills` (`SkillSet_id`, `skills`) VALUES ('1701', 'SQL');
INSERT INTO `Hero` (`id`, `firstName`, `lastName`, `role`, `skillSet_id`) VALUES ('1701', 'a9119775-aa08-409e-8db0-16b84921f910', '9638b40d-6b47-4852-b1d9-751ed1c4c0ef', 'JuniorSoftwareEngineer', '1701');
INSERT INTO `SkillSet` (`id`) VALUES ('1702');
INSERT INTO `SkillSet_skills` (`SkillSet_id`, `skills`) VALUES ('1702', 'Maven');
INSERT INTO `Hero` (`id`, `firstName`, `lastName`, `role`, `skillSet_id`) VALUES ('1702', '5b5189ed-e54d-4e00-802d-c42c93efbc6f', 'e60bd558-cd36-49ba-856c-069c809ed70b', 'LeadEngineer', '1702');
INSERT INTO `SkillSet` (`id`) VALUES ('1703');
INSERT INTO `SkillSet_skills` (`SkillSet_id`, `skills`) VALUES ('1703', 'UITesting');
INSERT INTO `SkillSet_skills` (`SkillSet_id`, `skills`) VALUES ('1703', 'UnitTesting');
INSERT INTO `SkillSet_skills` (`SkillSet_id`, `skills`) VALUES ('1703', 'Java');
INSERT INTO `SkillSet_skills` (`SkillSet_id`, `skills`) VALUES ('1703', 'Java');
INSERT INTO `SkillSet_skills` (`SkillSet_id`, `skills`) VALUES ('1703', 'Ant');
INSERT INTO `Hero` (`id`, `firstName`, `lastName`, `role`, `skillSet_id`) VALUES ('1703', 'ed08b484-d6e0-4167-b4ab-009707e2edf4', '40e1ad76-ae1e-4a2c-9e56-d7f32edf32bb', 'JuniorSoftwareEngineer', '1703');
INSERT INTO `SkillSet` (`id`) VALUES ('1704');
INSERT INTO `SkillSet_skills` (`SkillSet_id`, `skills`) VALUES ('1704', 'Ant');
INSERT INTO `SkillSet_skills` (`SkillSet_id`, `skills`) VALUES ('1704', 'UnitTesting');
INSERT INTO `SkillSet_skills` (`SkillSet_id`, `skills`) VALUES ('1704', 'Maven');
INSERT INTO `Hero` (`id`, `firstName`, `lastName`, `role`, `skillSet_id`) VALUES ('1704', '493fd974-e514-4935-b029-ddb2ab79e080', '63483b2a-0d5f-4105-ae51-bcfd7cef859f', 'LeadEngineer', '1704');
INSERT INTO `SkillSet` (`id`) VALUES ('1705');
INSERT INTO `SkillSet_skills` (`SkillSet_id`, `skills`) VALUES ('1705', 'Gradle');
INSERT INTO `SkillSet_skills` (`SkillSet_id`, `skills`) VALUES ('1705', 'Java');
INSERT INTO `SkillSet_skills` (`SkillSet_id`, `skills`) VALUES ('1705', 'dotNet');
INSERT INTO `Hero` (`id`, `firstName`, `lastName`, `role`, `skillSet_id`) VALUES ('1705', 'cfdf4eb8-5b56-4904-80a2-be9b546be155', 'de8b7310-b99c-4ccb-afe0-a0d7bdbc628b', 'LeadSoftwareArchitect', '1705');
INSERT INTO `SkillSet` (`id`) VALUES ('1706');
INSERT INTO `SkillSet_skills` (`SkillSet_id`, `skills`) VALUES ('1706', 'Ant');
INSERT INTO `SkillSet_skills` (`SkillSet_id`, `skills`) VALUES ('1706', 'Java');
INSERT INTO `SkillSet_skills` (`SkillSet_id`, `skills`) VALUES ('1706', 'Maven');
INSERT INTO `Hero` (`id`, `firstName`, `lastName`, `role`, `skillSet_id`) VALUES ('1706', 'f5355298-45df-4a5d-ba0c-36c69f00c647', '6a3f3337-c777-4c21-aff7-1e990793d6b1', 'LeadEngineer', '1706');
INSERT INTO `SkillSet` (`id`) VALUES ('1707');
INSERT INTO `SkillSet_skills` (`SkillSet_id`, `skills`) VALUES ('1707', 'dotNet');
INSERT INTO `Hero` (`id`, `firstName`, `lastName`, `role`, `skillSet_id`) VALUES ('1707', 'c3d1aa8d-4fc5-46cd-90ed-eccaddac30d3', 'f572a345-5c99-4f4d-8f2c-55b48678d2c6', 'PrincipalConsultant', '1707');
INSERT INTO `SkillSet` (`id`) VALUES ('1708');
INSERT INTO `SkillSet_skills` (`SkillSet_id`, `skills`) VALUES ('1708', 'Java');
INSERT INTO `SkillSet_skills` (`SkillSet_id`, `skills`) VALUES ('1708', 'Architektur');
INSERT INTO `SkillSet_skills` (`SkillSet_id`, `skills`) VALUES ('1708', 'Ant');
INSERT INTO `Hero` (`id`, `firstName`, `lastName`, `role`, `skillSet_id`) VALUES ('1708', '1731ae03-a66c-4c8f-b21e-091f2f0ea153', '0d61fdf8-005a-4d42-9b77-9b117728044d', 'LeadSoftwareArchitect', '1708');
INSERT INTO `SkillSet` (`id`) VALUES ('1709');
INSERT INTO `SkillSet_skills` (`SkillSet_id`, `skills`) VALUES ('1709', 'UnitTesting');
INSERT INTO `SkillSet_skills` (`SkillSet_id`, `skills`) VALUES ('1709', 'Gradle');
INSERT INTO `Hero` (`id`, `firstName`, `lastName`, `role`, `skillSet_id`) VALUES ('1709', 'd4c27e0f-b88c-4af6-9bbd-29b367ddef74', '65ca0543-bbf0-41c3-8319-8f836fef703e', 'SeniorSoftwareEngineer', '1709');
INSERT INTO `SkillSet` (`id`) VALUES ('1710');
INSERT INTO `SkillSet_skills` (`SkillSet_id`, `skills`) VALUES ('1710', 'Java');
INSERT INTO `SkillSet_skills` (`SkillSet_id`, `skills`) VALUES ('1710', 'Gradle');
INSERT INTO `SkillSet_skills` (`SkillSet_id`, `skills`) VALUES ('1710', 'SQL');
INSERT INTO `SkillSet_skills` (`SkillSet_id`, `skills`) VALUES ('1710', 'Gradle');
INSERT INTO `SkillSet_skills` (`SkillSet_id`, `skills`) VALUES ('1710', 'Gradle');
INSERT INTO `Hero` (`id`, `firstName`, `lastName`, `role`, `skillSet_id`) VALUES ('1710', '3704d78e-2548-4cfd-9658-f94f619ee105', 'c42c8ed3-a9e3-4dab-a1d3-2ade1ad52aa7', 'SeniorSoftwareEngineer', '1710');
INSERT INTO `SkillSet` (`id`) VALUES ('1711');
INSERT INTO `SkillSet_skills` (`SkillSet_id`, `skills`) VALUES ('1711', 'UnitTesting');
INSERT INTO `Hero` (`id`, `firstName`, `lastName`, `role`, `skillSet_id`) VALUES ('1711', '69eed161-9e73-4305-932d-02bf3cbdff89', 'b9f6f4d5-5ccf-46d3-b395-640d6eee5fec', 'SeniorSoftwareEngineer', '1711');
INSERT INTO `SkillSet` (`id`) VALUES ('1712');
INSERT INTO `SkillSet_skills` (`SkillSet_id`, `skills`) VALUES ('1712', 'Maven');
INSERT INTO `SkillSet_skills` (`SkillSet_id`, `skills`) VALUES ('1712', 'Architektur');
INSERT INTO `SkillSet_skills` (`SkillSet_id`, `skills`) VALUES ('1712', 'UnitTesting');
INSERT INTO `SkillSet_skills` (`SkillSet_id`, `skills`) VALUES ('1712', 'Maven');
INSERT INTO `SkillSet_skills` (`SkillSet_id`, `skills`) VALUES ('1712', 'UITesting');
INSERT INTO `Hero` (`id`, `firstName`, `lastName`, `role`, `skillSet_id`) VALUES ('1712', '123bd2b8-1f1c-4194-849a-a2ebdc37fdae', 'ea8a0fb2-952e-404b-8d5b-23cf74773c6a', 'LeadSoftwareArchitect', '1712');
INSERT INTO `SkillSet` (`id`) VALUES ('1713');
INSERT INTO `SkillSet_skills` (`SkillSet_id`, `skills`) VALUES ('1713', 'Java');
INSERT INTO `SkillSet_skills` (`SkillSet_id`, `skills`) VALUES ('1713', 'UITesting');
INSERT INTO `SkillSet_skills` (`SkillSet_id`, `skills`) VALUES ('1713', 'Architektur');
INSERT INTO `Hero` (`id`, `firstName`, `lastName`, `role`, `skillSet_id`) VALUES ('1713', 'd7264f8b-9e5f-4605-a67b-ee8a609c6d74', 'a9a0036a-bbca-4abd-8a57-5a1c4735e0fe', 'PrincipalConsultant', '1713');
INSERT INTO `SkillSet` (`id`) VALUES ('1714');
INSERT INTO `SkillSet_skills` (`SkillSet_id`, `skills`) VALUES ('1714', 'Ant');
INSERT INTO `SkillSet_skills` (`SkillSet_id`, `skills`) VALUES ('1714', 'UITesting');
INSERT INTO `SkillSet_skills` (`SkillSet_id`, `skills`) VALUES ('1714', 'UITesting');
INSERT INTO `SkillSet_skills` (`SkillSet_id`, `skills`) VALUES ('1714', 'UnitTesting');
INSERT INTO `SkillSet_skills` (`SkillSet_id`, `skills`) VALUES ('1714', 'Java');
INSERT INTO `Hero` (`id`, `firstName`, `lastName`, `role`, `skillSet_id`) VALUES ('1714', '52079ee3-cad7-45fc-a9ee-cfb1944f95af', 'e2d9150a-115e-49e6-ad0e-3835e72a30d5', 'LeadEngineer', '1714');
INSERT INTO `SkillSet` (`id`) VALUES ('1715');
INSERT INTO `SkillSet_skills` (`SkillSet_id`, `skills`) VALUES ('1715', 'SQL');
INSERT INTO `SkillSet_skills` (`SkillSet_id`, `skills`) VALUES ('1715', 'UITesting');
INSERT INTO `SkillSet_skills` (`SkillSet_id`, `skills`) VALUES ('1715', 'Gradle');
INSERT INTO `Hero` (`id`, `firstName`, `lastName`, `role`, `skillSet_id`) VALUES ('1715', '9feac5f2-46a8-43cf-94f7-be1b444cdef1', '556d2506-7d17-4eaa-8bba-8811a59f84ae', 'LeadSoftwareArchitect', '1715');
INSERT INTO `SkillSet` (`id`) VALUES ('1716');
INSERT INTO `SkillSet_skills` (`SkillSet_id`, `skills`) VALUES ('1716', 'dotNet');
INSERT INTO `Hero` (`id`, `firstName`, `lastName`, `role`, `skillSet_id`) VALUES ('1716', '7229a9a4-55df-4079-aed5-0942ac7a74e2', '707a1f0e-5d0f-4f4a-98c6-944ddac05d68', 'SoftwareEngineer', '1716');
INSERT INTO `SkillSet` (`id`) VALUES ('1717');
INSERT INTO `SkillSet_skills` (`SkillSet_id`, `skills`) VALUES ('1717', 'Java');
INSERT INTO `SkillSet_skills` (`SkillSet_id`, `skills`) VALUES ('1717', 'Ant');
INSERT INTO `SkillSet_skills` (`SkillSet_id`, `skills`) VALUES ('1717', 'Gradle');
INSERT INTO `SkillSet_skills` (`SkillSet_id`, `skills`) VALUES ('1717', 'Maven');
INSERT INTO `SkillSet_skills` (`SkillSet_id`, `skills`) VALUES ('1717', 'UITesting');
INSERT INTO `Hero` (`id`, `firstName`, `lastName`, `role`, `skillSet_id`) VALUES ('1717', 'ed44bd48-e7a8-4bd9-9502-72b8a2873eac', '90a77662-d90f-4bda-803b-ceb3b85d4a7e', 'JuniorSoftwareEngineer', '1717');
INSERT INTO `SkillSet` (`id`) VALUES ('1718');
INSERT INTO `SkillSet_skills` (`SkillSet_id`, `skills`) VALUES ('1718', 'dotNet');
INSERT INTO `Hero` (`id`, `firstName`, `lastName`, `role`, `skillSet_id`) VALUES ('1718', '53000061-46b6-4bc0-816c-0666826e5191', '842c50df-848f-4530-9841-50eedc1cbef1', 'SoftwareEngineer', '1718');
INSERT INTO `SkillSet` (`id`) VALUES ('1719');
INSERT INTO `SkillSet_skills` (`SkillSet_id`, `skills`) VALUES ('1719', 'Java');
INSERT INTO `Hero` (`id`, `firstName`, `lastName`, `role`, `skillSet_id`) VALUES ('1719', '9f67d27a-5459-4010-98a4-d526008fe7c5', 'ad95f120-7d9a-4d7a-bedc-762a27657d9d', 'LeadSoftwareArchitect', '1719');
INSERT INTO `SkillSet` (`id`) VALUES ('1720');
INSERT INTO `SkillSet_skills` (`SkillSet_id`, `skills`) VALUES ('1720', 'UnitTesting');
INSERT INTO `SkillSet_skills` (`SkillSet_id`, `skills`) VALUES ('1720', 'Architektur');
INSERT INTO `Hero` (`id`, `firstName`, `lastName`, `role`, `skillSet_id`) VALUES ('1720', '251d0ddf-a353-4c26-91f3-01fb132c89c1', '468c3690-0d51-4b47-8fa0-e101cf6a0206', 'PrincipalConsultant', '1720');
INSERT INTO `SkillSet` (`id`) VALUES ('1721');
INSERT INTO `SkillSet_skills` (`SkillSet_id`, `skills`) VALUES ('1721', 'Java');
INSERT INTO `SkillSet_skills` (`SkillSet_id`, `skills`) VALUES ('1721', 'UnitTesting');
INSERT INTO `SkillSet_skills` (`SkillSet_id`, `skills`) VALUES ('1721', 'SQL');
INSERT INTO `Hero` (`id`, `firstName`, `lastName`, `role`, `skillSet_id`) VALUES ('1721', 'c2d6bdc3-c1ee-416a-809f-d2c44bab4c8e', '2f4fa203-603e-4cd7-af1f-d8985e3a985f', 'PrincipalConsultant', '1721');
INSERT INTO `SkillSet` (`id`) VALUES ('1722');
INSERT INTO `SkillSet_skills` (`SkillSet_id`, `skills`) VALUES ('1722', 'Java');
INSERT INTO `SkillSet_skills` (`SkillSet_id`, `skills`) VALUES ('1722', 'Maven');
INSERT INTO `Hero` (`id`, `firstName`, `lastName`, `role`, `skillSet_id`) VALUES ('1722', 'ef7bf90d-dd70-47fb-83f5-e8da49b31445', 'dbaf5ef8-23ce-4ecb-b0e9-0d1feb4c2d1d', 'LeadEngineer', '1722');
INSERT INTO `SkillSet` (`id`) VALUES ('1723');
INSERT INTO `SkillSet_skills` (`SkillSet_id`, `skills`) VALUES ('1723', 'Java');
INSERT INTO `SkillSet_skills` (`SkillSet_id`, `skills`) VALUES ('1723', 'UITesting');
INSERT INTO `SkillSet_skills` (`SkillSet_id`, `skills`) VALUES ('1723', 'Architektur');
INSERT INTO `Hero` (`id`, `firstName`, `lastName`, `role`, `skillSet_id`) VALUES ('1723', '48ce1a9f-556a-490f-9232-793018411143', 'c14f4c00-aad2-498e-8593-a9a091eafb08', 'SoftwareEngineer', '1723');
INSERT INTO `SkillSet` (`id`) VALUES ('1724');
INSERT INTO `SkillSet_skills` (`SkillSet_id`, `skills`) VALUES ('1724', 'Gradle');
INSERT INTO `SkillSet_skills` (`SkillSet_id`, `skills`) VALUES ('1724', 'Maven');
INSERT INTO `SkillSet_skills` (`SkillSet_id`, `skills`) VALUES ('1724', 'Maven');
INSERT INTO `SkillSet_skills` (`SkillSet_id`, `skills`) VALUES ('1724', 'SQL');
INSERT INTO `SkillSet_skills` (`SkillSet_id`, `skills`) VALUES ('1724', 'Architektur');
INSERT INTO `Hero` (`id`, `firstName`, `lastName`, `role`, `skillSet_id`) VALUES ('1724', '78491047-315b-40e1-b230-37780a3ef626', '130f6cda-58df-49a1-9f64-16512d533fac', 'PrincipalConsultant', '1724');
INSERT INTO `SkillSet` (`id`) VALUES ('1725');
INSERT INTO `SkillSet_skills` (`SkillSet_id`, `skills`) VALUES ('1725', 'UnitTesting');
INSERT INTO `SkillSet_skills` (`SkillSet_id`, `skills`) VALUES ('1725', 'Ant');
INSERT INTO `SkillSet_skills` (`SkillSet_id`, `skills`) VALUES ('1725', 'Gradle');
INSERT INTO `SkillSet_skills` (`SkillSet_id`, `skills`) VALUES ('1725', 'Maven');
INSERT INTO `Hero` (`id`, `firstName`, `lastName`, `role`, `skillSet_id`) VALUES ('1725', '372d0dfb-0436-4493-bed6-01f520f825f6', '3070ba1f-1db7-4eed-8dd2-9adecad18185', 'JuniorSoftwareEngineer', '1725');
INSERT INTO `SkillSet` (`id`) VALUES ('1726');
INSERT INTO `SkillSet_skills` (`SkillSet_id`, `skills`) VALUES ('1726', 'UnitTesting');
INSERT INTO `SkillSet_skills` (`SkillSet_id`, `skills`) VALUES ('1726', 'Maven');
INSERT INTO `SkillSet_skills` (`SkillSet_id`, `skills`) VALUES ('1726', 'Gradle');
INSERT INTO `Hero` (`id`, `firstName`, `lastName`, `role`, `skillSet_id`) VALUES ('1726', '8bf05e12-60ec-468f-a52b-84b7ee7a3d24', '63adfc1d-ab00-4bfb-9cae-8dfb2ea3ffcb', 'LeadEngineer', '1726');
INSERT INTO `SkillSet` (`id`) VALUES ('1727');
INSERT INTO `SkillSet_skills` (`SkillSet_id`, `skills`) VALUES ('1727', 'Architektur');
INSERT INTO `SkillSet_skills` (`SkillSet_id`, `skills`) VALUES ('1727', 'UITesting');
INSERT INTO `Hero` (`id`, `firstName`, `lastName`, `role`, `skillSet_id`) VALUES ('1727', 'aa5a3d51-e287-46e3-af9c-83f729143cff', 'fc5eb0bd-c303-47df-822b-646d5d2f918c', 'JuniorSoftwareEngineer', '1727');
INSERT INTO `SkillSet` (`id`) VALUES ('1728');
INSERT INTO `SkillSet_skills` (`SkillSet_id`, `skills`) VALUES ('1728', 'UnitTesting');
INSERT INTO `SkillSet_skills` (`SkillSet_id`, `skills`) VALUES ('1728', 'Java');
INSERT INTO `SkillSet_skills` (`SkillSet_id`, `skills`) VALUES ('1728', 'Gradle');
INSERT INTO `SkillSet_skills` (`SkillSet_id`, `skills`) VALUES ('1728', 'UnitTesting');
INSERT INTO `Hero` (`id`, `firstName`, `lastName`, `role`, `skillSet_id`) VALUES ('1728', 'e5c04a2f-5be6-4563-a85e-4035b0055786', '12f6ea7c-1174-4d08-ac10-8848f22fe09c', 'JuniorSoftwareEngineer', '1728');
INSERT INTO `SkillSet` (`id`) VALUES ('1729');
INSERT INTO `SkillSet_skills` (`SkillSet_id`, `skills`) VALUES ('1729', 'Maven');
INSERT INTO `SkillSet_skills` (`SkillSet_id`, `skills`) VALUES ('1729', 'UnitTesting');
INSERT INTO `SkillSet_skills` (`SkillSet_id`, `skills`) VALUES ('1729', 'Maven');
INSERT INTO `SkillSet_skills` (`SkillSet_id`, `skills`) VALUES ('1729', 'UITesting');
INSERT INTO `Hero` (`id`, `firstName`, `lastName`, `role`, `skillSet_id`) VALUES ('1729', 'ac5dcd7b-f239-4ffb-bf83-8850317958de', '06adee2b-755a-4f91-80ce-6bdaebb1a159', 'SoftwareEngineer', '1729');
INSERT INTO `SkillSet` (`id`) VALUES ('1730');
INSERT INTO `SkillSet_skills` (`SkillSet_id`, `skills`) VALUES ('1730', 'Java');
INSERT INTO `SkillSet_skills` (`SkillSet_id`, `skills`) VALUES ('1730', 'Java');
INSERT INTO `SkillSet_skills` (`SkillSet_id`, `skills`) VALUES ('1730', 'Architektur');
INSERT INTO `SkillSet_skills` (`SkillSet_id`, `skills`) VALUES ('1730', 'Maven');
INSERT INTO `SkillSet_skills` (`SkillSet_id`, `skills`) VALUES ('1730', 'UnitTesting');
INSERT INTO `Hero` (`id`, `firstName`, `lastName`, `role`, `skillSet_id`) VALUES ('1730', '22245df4-b36e-4db7-aa0f-2c1ccdb8093b', '3f5ea099-4cfa-4e3d-8066-7daa9d32f0e0', 'SeniorSoftwareEngineer', '1730');
INSERT INTO `SkillSet` (`id`) VALUES ('1731');
INSERT INTO `SkillSet_skills` (`SkillSet_id`, `skills`) VALUES ('1731', 'Architektur');
INSERT INTO `Hero` (`id`, `firstName`, `lastName`, `role`, `skillSet_id`) VALUES ('1731', 'ce374260-f57e-42ca-b168-47cfc024d7ce', '0154876a-e16e-4ac9-b8fa-ad402247bce2', 'PrincipalConsultant', '1731');
INSERT INTO `SkillSet` (`id`) VALUES ('1732');
INSERT INTO `SkillSet_skills` (`SkillSet_id`, `skills`) VALUES ('1732', 'Java');
INSERT INTO `SkillSet_skills` (`SkillSet_id`, `skills`) VALUES ('1732', 'Ant');
INSERT INTO `SkillSet_skills` (`SkillSet_id`, `skills`) VALUES ('1732', 'Gradle');
INSERT INTO `SkillSet_skills` (`SkillSet_id`, `skills`) VALUES ('1732', 'Java');
INSERT INTO `SkillSet_skills` (`SkillSet_id`, `skills`) VALUES ('1732', 'SQL');
INSERT INTO `Hero` (`id`, `firstName`, `lastName`, `role`, `skillSet_id`) VALUES ('1732', '0c5bd6f9-436a-49c2-b026-c9f3ad069b5d', '33ded00b-90b3-461a-a7a6-40a0f987139a', 'SeniorSoftwareEngineer', '1732');
INSERT INTO `SkillSet` (`id`) VALUES ('1733');
INSERT INTO `SkillSet_skills` (`SkillSet_id`, `skills`) VALUES ('1733', 'SQL');
INSERT INTO `SkillSet_skills` (`SkillSet_id`, `skills`) VALUES ('1733', 'Maven');
INSERT INTO `SkillSet_skills` (`SkillSet_id`, `skills`) VALUES ('1733', 'SQL');
INSERT INTO `Hero` (`id`, `firstName`, `lastName`, `role`, `skillSet_id`) VALUES ('1733', 'c618e34b-7802-4d2b-ac79-d8ce4b7fb3c7', '58b17752-f121-4d93-a79d-21c3f9af37ca', 'LeadEngineer', '1733');
INSERT INTO `SkillSet` (`id`) VALUES ('1734');
INSERT INTO `SkillSet_skills` (`SkillSet_id`, `skills`) VALUES ('1734', 'Ant');
INSERT INTO `SkillSet_skills` (`SkillSet_id`, `skills`) VALUES ('1734', 'UITesting');
INSERT INTO `SkillSet_skills` (`SkillSet_id`, `skills`) VALUES ('1734', 'Gradle');
INSERT INTO `SkillSet_skills` (`SkillSet_id`, `skills`) VALUES ('1734', 'SQL');
INSERT INTO `SkillSet_skills` (`SkillSet_id`, `skills`) VALUES ('1734', 'Maven');
INSERT INTO `Hero` (`id`, `firstName`, `lastName`, `role`, `skillSet_id`) VALUES ('1734', 'ae440b24-33c7-4070-9932-d8663ab80850', '3e7b2ccc-4f8d-4998-82c8-02699da7f5d9', 'LeadEngineer', '1734');
INSERT INTO `SkillSet` (`id`) VALUES ('1735');
INSERT INTO `SkillSet_skills` (`SkillSet_id`, `skills`) VALUES ('1735', 'Gradle');
INSERT INTO `SkillSet_skills` (`SkillSet_id`, `skills`) VALUES ('1735', 'UITesting');
INSERT INTO `SkillSet_skills` (`SkillSet_id`, `skills`) VALUES ('1735', 'Java');
INSERT INTO `Hero` (`id`, `firstName`, `lastName`, `role`, `skillSet_id`) VALUES ('1735', 'ab9f066c-4144-4b2d-a810-d1ccee647541', 'b219c12a-92ba-4853-8112-34c35f6f4a9b', 'JuniorSoftwareEngineer', '1735');
INSERT INTO `SkillSet` (`id`) VALUES ('1736');
INSERT INTO `SkillSet_skills` (`SkillSet_id`, `skills`) VALUES ('1736', 'Gradle');
INSERT INTO `Hero` (`id`, `firstName`, `lastName`, `role`, `skillSet_id`) VALUES ('1736', '2841dbea-581d-4ece-aaff-0164506592e5', '32e6d05c-5ad4-47c9-9497-4e69ef4f32bc', 'JuniorSoftwareEngineer', '1736');
INSERT INTO `SkillSet` (`id`) VALUES ('1737');
INSERT INTO `SkillSet_skills` (`SkillSet_id`, `skills`) VALUES ('1737', 'UITesting');
INSERT INTO `Hero` (`id`, `firstName`, `lastName`, `role`, `skillSet_id`) VALUES ('1737', '8d625a16-cf02-42e4-9961-1ff800e120ec', 'ea7cd1bc-2bb7-4d0f-bb06-8161c38b14bd', 'LeadEngineer', '1737');
INSERT INTO `SkillSet` (`id`) VALUES ('1738');
INSERT INTO `SkillSet_skills` (`SkillSet_id`, `skills`) VALUES ('1738', 'Gradle');
INSERT INTO `Hero` (`id`, `firstName`, `lastName`, `role`, `skillSet_id`) VALUES ('1738', 'f3d02ecc-b347-48a1-b63c-a73ad2bdc46f', '08c7517b-4aa5-4a7d-a92f-104547c0f963', 'PrincipalConsultant', '1738');
INSERT INTO `SkillSet` (`id`) VALUES ('1739');
INSERT INTO `SkillSet_skills` (`SkillSet_id`, `skills`) VALUES ('1739', 'UnitTesting');
INSERT INTO `SkillSet_skills` (`SkillSet_id`, `skills`) VALUES ('1739', 'Maven');
INSERT INTO `SkillSet_skills` (`SkillSet_id`, `skills`) VALUES ('1739', 'dotNet');
INSERT INTO `SkillSet_skills` (`SkillSet_id`, `skills`) VALUES ('1739', 'Maven');
INSERT INTO `SkillSet_skills` (`SkillSet_id`, `skills`) VALUES ('1739', 'UITesting');
INSERT INTO `Hero` (`id`, `firstName`, `lastName`, `role`, `skillSet_id`) VALUES ('1739', '1f3615aa-f4d7-4138-a8d7-ee217af16f21', '84a35f7f-1af6-4db8-9b6d-e94bfb8554c3', 'SoftwareEngineer', '1739');
INSERT INTO `SkillSet` (`id`) VALUES ('1740');
INSERT INTO `SkillSet_skills` (`SkillSet_id`, `skills`) VALUES ('1740', 'Ant');
INSERT INTO `SkillSet_skills` (`SkillSet_id`, `skills`) VALUES ('1740', 'dotNet');
INSERT INTO `Hero` (`id`, `firstName`, `lastName`, `role`, `skillSet_id`) VALUES ('1740', 'b06e118c-b90b-4b86-a9e5-f49ac717a58c', '29f9fe0d-b696-4687-a39e-8f45caf5377e', 'LeadEngineer', '1740');
INSERT INTO `SkillSet` (`id`) VALUES ('1741');
INSERT INTO `SkillSet_skills` (`SkillSet_id`, `skills`) VALUES ('1741', 'Gradle');
INSERT INTO `SkillSet_skills` (`SkillSet_id`, `skills`) VALUES ('1741', 'dotNet');
INSERT INTO `SkillSet_skills` (`SkillSet_id`, `skills`) VALUES ('1741', 'Gradle');
INSERT INTO `Hero` (`id`, `firstName`, `lastName`, `role`, `skillSet_id`) VALUES ('1741', '8160a38a-93d6-4a5a-9ad9-f99c3b79021c', '640a1612-3809-4332-adf8-60f90828f54a', 'SeniorSoftwareEngineer', '1741');
INSERT INTO `SkillSet` (`id`) VALUES ('1742');
INSERT INTO `SkillSet_skills` (`SkillSet_id`, `skills`) VALUES ('1742', 'Architektur');
INSERT INTO `SkillSet_skills` (`SkillSet_id`, `skills`) VALUES ('1742', 'Maven');
INSERT INTO `SkillSet_skills` (`SkillSet_id`, `skills`) VALUES ('1742', 'Architektur');
INSERT INTO `Hero` (`id`, `firstName`, `lastName`, `role`, `skillSet_id`) VALUES ('1742', '4a184e0f-be3b-4cb1-a693-40cc7be2d6b9', 'ae914b2d-920e-4b66-97d8-4df06997ba2d', 'JuniorSoftwareEngineer', '1742');
INSERT INTO `SkillSet` (`id`) VALUES ('1743');
INSERT INTO `SkillSet_skills` (`SkillSet_id`, `skills`) VALUES ('1743', 'dotNet');
INSERT INTO `SkillSet_skills` (`SkillSet_id`, `skills`) VALUES ('1743', 'SQL');
INSERT INTO `SkillSet_skills` (`SkillSet_id`, `skills`) VALUES ('1743', 'dotNet');
INSERT INTO `Hero` (`id`, `firstName`, `lastName`, `role`, `skillSet_id`) VALUES ('1743', '17582f7a-fad8-45c1-a16e-aa8cbe7b5f53', 'd287118d-304a-43ef-812a-9c88e4e47a27', 'SoftwareEngineer', '1743');
INSERT INTO `SkillSet` (`id`) VALUES ('1744');
INSERT INTO `SkillSet_skills` (`SkillSet_id`, `skills`) VALUES ('1744', 'dotNet');
INSERT INTO `SkillSet_skills` (`SkillSet_id`, `skills`) VALUES ('1744', 'dotNet');
INSERT INTO `SkillSet_skills` (`SkillSet_id`, `skills`) VALUES ('1744', 'Architektur');
INSERT INTO `SkillSet_skills` (`SkillSet_id`, `skills`) VALUES ('1744', 'UITesting');
INSERT INTO `SkillSet_skills` (`SkillSet_id`, `skills`) VALUES ('1744', 'UITesting');
INSERT INTO `Hero` (`id`, `firstName`, `lastName`, `role`, `skillSet_id`) VALUES ('1744', 'e876db7f-2ff1-4a5a-9cf9-68896a34cb21', '5636ded8-bdad-4717-906f-2423844f94b7', 'PrincipalConsultant', '1744');
INSERT INTO `SkillSet` (`id`) VALUES ('1745');
INSERT INTO `SkillSet_skills` (`SkillSet_id`, `skills`) VALUES ('1745', 'Ant');
INSERT INTO `SkillSet_skills` (`SkillSet_id`, `skills`) VALUES ('1745', 'Gradle');
INSERT INTO `Hero` (`id`, `firstName`, `lastName`, `role`, `skillSet_id`) VALUES ('1745', '98cae92c-b195-487a-8cc9-52d243cb9179', 'bb0e618e-f5ac-4f3c-93de-e2ee74bc5e24', 'JuniorSoftwareEngineer', '1745');
INSERT INTO `SkillSet` (`id`) VALUES ('1746');
INSERT INTO `SkillSet_skills` (`SkillSet_id`, `skills`) VALUES ('1746', 'Maven');
INSERT INTO `SkillSet_skills` (`SkillSet_id`, `skills`) VALUES ('1746', 'Gradle');
INSERT INTO `SkillSet_skills` (`SkillSet_id`, `skills`) VALUES ('1746', 'Architektur');
INSERT INTO `SkillSet_skills` (`SkillSet_id`, `skills`) VALUES ('1746', 'Java');
INSERT INTO `SkillSet_skills` (`SkillSet_id`, `skills`) VALUES ('1746', 'UnitTesting');
INSERT INTO `Hero` (`id`, `firstName`, `lastName`, `role`, `skillSet_id`) VALUES ('1746', '39b912cf-3b2b-48e7-a74d-093cd1794900', 'bf47f403-3c83-4bc1-8508-e4a37088d466', 'JuniorSoftwareEngineer', '1746');
INSERT INTO `SkillSet` (`id`) VALUES ('1747');
INSERT INTO `SkillSet_skills` (`SkillSet_id`, `skills`) VALUES ('1747', 'SQL');
INSERT INTO `Hero` (`id`, `firstName`, `lastName`, `role`, `skillSet_id`) VALUES ('1747', 'e3c184ed-2d75-4881-8de9-c36a716f092f', '13467d86-12aa-4ac1-8b8b-fc9f12ce0574', 'JuniorSoftwareEngineer', '1747');
INSERT INTO `SkillSet` (`id`) VALUES ('1748');
INSERT INTO `SkillSet_skills` (`SkillSet_id`, `skills`) VALUES ('1748', 'Architektur');
INSERT INTO `SkillSet_skills` (`SkillSet_id`, `skills`) VALUES ('1748', 'Architektur');
INSERT INTO `Hero` (`id`, `firstName`, `lastName`, `role`, `skillSet_id`) VALUES ('1748', '23da8a29-22d0-4ef7-a5a1-2a7bcc69f894', '5959f523-946f-49b8-93fa-817c04689cf7', 'LeadEngineer', '1748');
INSERT INTO `SkillSet` (`id`) VALUES ('1749');
INSERT INTO `SkillSet_skills` (`SkillSet_id`, `skills`) VALUES ('1749', 'Java');
INSERT INTO `Hero` (`id`, `firstName`, `lastName`, `role`, `skillSet_id`) VALUES ('1749', '2e31f96e-80ed-4616-a3a9-ed973f36ff2c', '6cb9e376-8778-4d68-9a72-8490b86ea143', 'LeadEngineer', '1749');
INSERT INTO `SkillSet` (`id`) VALUES ('1750');
INSERT INTO `SkillSet_skills` (`SkillSet_id`, `skills`) VALUES ('1750', 'Gradle');
INSERT INTO `SkillSet_skills` (`SkillSet_id`, `skills`) VALUES ('1750', 'Gradle');
INSERT INTO `SkillSet_skills` (`SkillSet_id`, `skills`) VALUES ('1750', 'UnitTesting');
INSERT INTO `SkillSet_skills` (`SkillSet_id`, `skills`) VALUES ('1750', 'SQL');
INSERT INTO `SkillSet_skills` (`SkillSet_id`, `skills`) VALUES ('1750', 'Gradle');
INSERT INTO `Hero` (`id`, `firstName`, `lastName`, `role`, `skillSet_id`) VALUES ('1750', '8ff06cea-cf59-445a-a049-60ea8c49e257', '31a51f8e-fc7f-49ca-9730-08134d16c129', 'SoftwareEngineer', '1750');
INSERT INTO `SkillSet` (`id`) VALUES ('1751');
INSERT INTO `SkillSet_skills` (`SkillSet_id`, `skills`) VALUES ('1751', 'dotNet');
INSERT INTO `SkillSet_skills` (`SkillSet_id`, `skills`) VALUES ('1751', 'SQL');
INSERT INTO `Hero` (`id`, `firstName`, `lastName`, `role`, `skillSet_id`) VALUES ('1751', '92442c96-db97-4d30-b521-8842aa1eb5cb', '15757d4e-37df-4c0c-9ef4-d9141554e237', 'PrincipalConsultant', '1751');
INSERT INTO `SkillSet` (`id`) VALUES ('1752');
INSERT INTO `SkillSet_skills` (`SkillSet_id`, `skills`) VALUES ('1752', 'Maven');
INSERT INTO `SkillSet_skills` (`SkillSet_id`, `skills`) VALUES ('1752', 'Java');
INSERT INTO `SkillSet_skills` (`SkillSet_id`, `skills`) VALUES ('1752', 'Ant');
INSERT INTO `SkillSet_skills` (`SkillSet_id`, `skills`) VALUES ('1752', 'Maven');
INSERT INTO `Hero` (`id`, `firstName`, `lastName`, `role`, `skillSet_id`) VALUES ('1752', '30ad598b-06f5-430e-b476-1f7338757cb7', '741c7706-91a2-4f1d-9ca2-f0f2460b05e0', 'PrincipalConsultant', '1752');
INSERT INTO `SkillSet` (`id`) VALUES ('1753');
INSERT INTO `SkillSet_skills` (`SkillSet_id`, `skills`) VALUES ('1753', 'Architektur');
INSERT INTO `SkillSet_skills` (`SkillSet_id`, `skills`) VALUES ('1753', 'Ant');
INSERT INTO `SkillSet_skills` (`SkillSet_id`, `skills`) VALUES ('1753', 'Java');
INSERT INTO `SkillSet_skills` (`SkillSet_id`, `skills`) VALUES ('1753', 'Gradle');
INSERT INTO `SkillSet_skills` (`SkillSet_id`, `skills`) VALUES ('1753', 'Ant');
INSERT INTO `Hero` (`id`, `firstName`, `lastName`, `role`, `skillSet_id`) VALUES ('1753', '451f944e-4484-49b4-b5ba-de2ea7f659a0', 'c56b7a4b-40a0-410f-bd94-a727754951a4', 'LeadSoftwareArchitect', '1753');
INSERT INTO `SkillSet` (`id`) VALUES ('1754');
INSERT INTO `SkillSet_skills` (`SkillSet_id`, `skills`) VALUES ('1754', 'UITesting');
INSERT INTO `SkillSet_skills` (`SkillSet_id`, `skills`) VALUES ('1754', 'Gradle');
INSERT INTO `SkillSet_skills` (`SkillSet_id`, `skills`) VALUES ('1754', 'dotNet');
INSERT INTO `SkillSet_skills` (`SkillSet_id`, `skills`) VALUES ('1754', 'dotNet');
INSERT INTO `SkillSet_skills` (`SkillSet_id`, `skills`) VALUES ('1754', 'Java');
INSERT INTO `Hero` (`id`, `firstName`, `lastName`, `role`, `skillSet_id`) VALUES ('1754', '489bddf2-7215-40c5-bfa6-77cef8f3a526', '16b2587d-48a1-4dd1-b213-fada20f0cbec', 'SeniorSoftwareEngineer', '1754');
INSERT INTO `SkillSet` (`id`) VALUES ('1755');
INSERT INTO `SkillSet_skills` (`SkillSet_id`, `skills`) VALUES ('1755', 'Architektur');
INSERT INTO `SkillSet_skills` (`SkillSet_id`, `skills`) VALUES ('1755', 'Ant');
INSERT INTO `SkillSet_skills` (`SkillSet_id`, `skills`) VALUES ('1755', 'Java');
INSERT INTO `Hero` (`id`, `firstName`, `lastName`, `role`, `skillSet_id`) VALUES ('1755', '849905de-729c-4a6c-b194-e480c89f49a2', '247ba715-22c6-4bb6-89ba-3af42d249e17', 'SeniorSoftwareEngineer', '1755');
INSERT INTO `SkillSet` (`id`) VALUES ('1756');
INSERT INTO `SkillSet_skills` (`SkillSet_id`, `skills`) VALUES ('1756', 'dotNet');
INSERT INTO `Hero` (`id`, `firstName`, `lastName`, `role`, `skillSet_id`) VALUES ('1756', 'f450463f-b430-4242-bf60-60ecee544acf', '8c167fd3-1371-4808-9e3e-05aa50c5dadf', 'PrincipalConsultant', '1756');
INSERT INTO `SkillSet` (`id`) VALUES ('1757');
INSERT INTO `SkillSet_skills` (`SkillSet_id`, `skills`) VALUES ('1757', 'dotNet');
INSERT INTO `SkillSet_skills` (`SkillSet_id`, `skills`) VALUES ('1757', 'Gradle');
INSERT INTO `SkillSet_skills` (`SkillSet_id`, `skills`) VALUES ('1757', 'Java');
INSERT INTO `Hero` (`id`, `firstName`, `lastName`, `role`, `skillSet_id`) VALUES ('1757', '0dd95b60-fe30-47bf-b972-471fc94a378d', '45bb7334-abd0-4591-958b-6f607200f6ca', 'SeniorSoftwareEngineer', '1757');
INSERT INTO `SkillSet` (`id`) VALUES ('1758');
INSERT INTO `SkillSet_skills` (`SkillSet_id`, `skills`) VALUES ('1758', 'Gradle');
INSERT INTO `SkillSet_skills` (`SkillSet_id`, `skills`) VALUES ('1758', 'Java');
INSERT INTO `SkillSet_skills` (`SkillSet_id`, `skills`) VALUES ('1758', 'SQL');
INSERT INTO `SkillSet_skills` (`SkillSet_id`, `skills`) VALUES ('1758', 'Gradle');
INSERT INTO `SkillSet_skills` (`SkillSet_id`, `skills`) VALUES ('1758', 'dotNet');
INSERT INTO `Hero` (`id`, `firstName`, `lastName`, `role`, `skillSet_id`) VALUES ('1758', 'aeb10435-2c4b-4f05-a021-f9d6cdb17394', '9bd83133-8c9a-4fcb-8ec1-088be04bbf27', 'SeniorSoftwareEngineer', '1758');
INSERT INTO `SkillSet` (`id`) VALUES ('1759');
INSERT INTO `SkillSet_skills` (`SkillSet_id`, `skills`) VALUES ('1759', 'UITesting');
INSERT INTO `SkillSet_skills` (`SkillSet_id`, `skills`) VALUES ('1759', 'UITesting');
INSERT INTO `SkillSet_skills` (`SkillSet_id`, `skills`) VALUES ('1759', 'SQL');
INSERT INTO `SkillSet_skills` (`SkillSet_id`, `skills`) VALUES ('1759', 'UITesting');
INSERT INTO `Hero` (`id`, `firstName`, `lastName`, `role`, `skillSet_id`) VALUES ('1759', '792f848e-15d3-4341-b8ed-a1ebeeebaedd', 'c79cd54f-e5a7-41ee-831e-512070b48027', 'LeadEngineer', '1759');
INSERT INTO `SkillSet` (`id`) VALUES ('1760');
INSERT INTO `SkillSet_skills` (`SkillSet_id`, `skills`) VALUES ('1760', 'SQL');
INSERT INTO `SkillSet_skills` (`SkillSet_id`, `skills`) VALUES ('1760', 'Ant');
INSERT INTO `SkillSet_skills` (`SkillSet_id`, `skills`) VALUES ('1760', 'UITesting');
INSERT INTO `SkillSet_skills` (`SkillSet_id`, `skills`) VALUES ('1760', 'UnitTesting');
INSERT INTO `Hero` (`id`, `firstName`, `lastName`, `role`, `skillSet_id`) VALUES ('1760', '4c8e1ef2-fafc-46c0-a960-7931d63936e2', 'd8a9d793-30ef-42b3-8a50-81345dbd40f2', 'PrincipalConsultant', '1760');
INSERT INTO `SkillSet` (`id`) VALUES ('1761');
INSERT INTO `SkillSet_skills` (`SkillSet_id`, `skills`) VALUES ('1761', 'Gradle');
INSERT INTO `SkillSet_skills` (`SkillSet_id`, `skills`) VALUES ('1761', 'SQL');
INSERT INTO `SkillSet_skills` (`SkillSet_id`, `skills`) VALUES ('1761', 'Ant');
INSERT INTO `SkillSet_skills` (`SkillSet_id`, `skills`) VALUES ('1761', 'Gradle');
INSERT INTO `Hero` (`id`, `firstName`, `lastName`, `role`, `skillSet_id`) VALUES ('1761', '2d3551f1-a9e9-40c8-9def-66aa254d4641', '54e01338-0d4a-405a-8f47-bcc25a8c30f0', 'SeniorSoftwareEngineer', '1761');
INSERT INTO `SkillSet` (`id`) VALUES ('1762');
INSERT INTO `SkillSet_skills` (`SkillSet_id`, `skills`) VALUES ('1762', 'UITesting');
INSERT INTO `SkillSet_skills` (`SkillSet_id`, `skills`) VALUES ('1762', 'Java');
INSERT INTO `SkillSet_skills` (`SkillSet_id`, `skills`) VALUES ('1762', 'dotNet');
INSERT INTO `Hero` (`id`, `firstName`, `lastName`, `role`, `skillSet_id`) VALUES ('1762', '04af3645-5e1b-49ff-853f-2854e59891a9', 'c164b389-4874-4748-be4b-8ede65762b33', 'SeniorSoftwareEngineer', '1762');
INSERT INTO `SkillSet` (`id`) VALUES ('1763');
INSERT INTO `SkillSet_skills` (`SkillSet_id`, `skills`) VALUES ('1763', 'Maven');
INSERT INTO `SkillSet_skills` (`SkillSet_id`, `skills`) VALUES ('1763', 'dotNet');
INSERT INTO `SkillSet_skills` (`SkillSet_id`, `skills`) VALUES ('1763', 'Java');
INSERT INTO `SkillSet_skills` (`SkillSet_id`, `skills`) VALUES ('1763', 'SQL');
INSERT INTO `SkillSet_skills` (`SkillSet_id`, `skills`) VALUES ('1763', 'Ant');
INSERT INTO `Hero` (`id`, `firstName`, `lastName`, `role`, `skillSet_id`) VALUES ('1763', '2e075399-5a1c-4efa-b468-cb039e1c06ff', 'bc0c1dd0-f634-463f-a347-704a39d0ee72', 'LeadEngineer', '1763');
INSERT INTO `SkillSet` (`id`) VALUES ('1764');
INSERT INTO `SkillSet_skills` (`SkillSet_id`, `skills`) VALUES ('1764', 'SQL');
INSERT INTO `SkillSet_skills` (`SkillSet_id`, `skills`) VALUES ('1764', 'UITesting');
INSERT INTO `Hero` (`id`, `firstName`, `lastName`, `role`, `skillSet_id`) VALUES ('1764', 'b4009376-7e0b-4d9c-89a7-843bd183fc52', '664050d8-d9b1-49fd-834d-6eb34cd93e4d', 'PrincipalConsultant', '1764');
INSERT INTO `SkillSet` (`id`) VALUES ('1765');
INSERT INTO `SkillSet_skills` (`SkillSet_id`, `skills`) VALUES ('1765', 'Architektur');
INSERT INTO `SkillSet_skills` (`SkillSet_id`, `skills`) VALUES ('1765', 'Java');
INSERT INTO `SkillSet_skills` (`SkillSet_id`, `skills`) VALUES ('1765', 'dotNet');
INSERT INTO `SkillSet_skills` (`SkillSet_id`, `skills`) VALUES ('1765', 'SQL');
INSERT INTO `SkillSet_skills` (`SkillSet_id`, `skills`) VALUES ('1765', 'Architektur');
INSERT INTO `Hero` (`id`, `firstName`, `lastName`, `role`, `skillSet_id`) VALUES ('1765', 'c74f251b-08ee-4c2d-87d3-5682db25df25', 'bdd71416-89a8-45f2-8b44-9315d4cbb959', 'SoftwareEngineer', '1765');
INSERT INTO `SkillSet` (`id`) VALUES ('1766');
INSERT INTO `SkillSet_skills` (`SkillSet_id`, `skills`) VALUES ('1766', 'Architektur');
INSERT INTO `SkillSet_skills` (`SkillSet_id`, `skills`) VALUES ('1766', 'dotNet');
INSERT INTO `SkillSet_skills` (`SkillSet_id`, `skills`) VALUES ('1766', 'Java');
INSERT INTO `SkillSet_skills` (`SkillSet_id`, `skills`) VALUES ('1766', 'Architektur');
INSERT INTO `Hero` (`id`, `firstName`, `lastName`, `role`, `skillSet_id`) VALUES ('1766', 'fb03974a-a936-42b4-ad2a-e2f1c60dca43', 'b31ce94d-c4fd-4c03-b47a-b1ef22cb3034', 'SoftwareEngineer', '1766');
INSERT INTO `SkillSet` (`id`) VALUES ('1767');
INSERT INTO `SkillSet_skills` (`SkillSet_id`, `skills`) VALUES ('1767', 'Architektur');
INSERT INTO `SkillSet_skills` (`SkillSet_id`, `skills`) VALUES ('1767', 'UITesting');
INSERT INTO `Hero` (`id`, `firstName`, `lastName`, `role`, `skillSet_id`) VALUES ('1767', 'bc25967e-8ad0-435a-a9c7-ee8480b89baa', '0e978481-8e7a-469d-8a09-e6470de6da8c', 'PrincipalConsultant', '1767');
INSERT INTO `SkillSet` (`id`) VALUES ('1768');
INSERT INTO `SkillSet_skills` (`SkillSet_id`, `skills`) VALUES ('1768', 'Ant');
INSERT INTO `Hero` (`id`, `firstName`, `lastName`, `role`, `skillSet_id`) VALUES ('1768', '7aea5ee7-e3b6-46c1-b8ea-fbb4abfffa38', '02bd3ad8-32f0-4e06-aaee-7eb087faa7b0', 'SeniorSoftwareEngineer', '1768');
INSERT INTO `SkillSet` (`id`) VALUES ('1769');
INSERT INTO `SkillSet_skills` (`SkillSet_id`, `skills`) VALUES ('1769', 'dotNet');
INSERT INTO `SkillSet_skills` (`SkillSet_id`, `skills`) VALUES ('1769', 'Maven');
INSERT INTO `SkillSet_skills` (`SkillSet_id`, `skills`) VALUES ('1769', 'SQL');
INSERT INTO `SkillSet_skills` (`SkillSet_id`, `skills`) VALUES ('1769', 'dotNet');
INSERT INTO `Hero` (`id`, `firstName`, `lastName`, `role`, `skillSet_id`) VALUES ('1769', 'ba87b64f-b2f3-4cc6-8b4e-7bb3cabba23c', 'a382234d-e4e4-4e7f-b4cb-34c2fc956ada', 'JuniorSoftwareEngineer', '1769');
INSERT INTO `SkillSet` (`id`) VALUES ('1770');
INSERT INTO `SkillSet_skills` (`SkillSet_id`, `skills`) VALUES ('1770', 'Architektur');
INSERT INTO `Hero` (`id`, `firstName`, `lastName`, `role`, `skillSet_id`) VALUES ('1770', '53441b36-b24a-4c31-8130-e1d31f963019', 'fc8c0ccf-7244-46d4-8d87-869467327144', 'LeadSoftwareArchitect', '1770');
INSERT INTO `SkillSet` (`id`) VALUES ('1771');
INSERT INTO `SkillSet_skills` (`SkillSet_id`, `skills`) VALUES ('1771', 'Gradle');
INSERT INTO `SkillSet_skills` (`SkillSet_id`, `skills`) VALUES ('1771', 'Ant');
INSERT INTO `SkillSet_skills` (`SkillSet_id`, `skills`) VALUES ('1771', 'UnitTesting');
INSERT INTO `SkillSet_skills` (`SkillSet_id`, `skills`) VALUES ('1771', 'Java');
INSERT INTO `SkillSet_skills` (`SkillSet_id`, `skills`) VALUES ('1771', 'UITesting');
INSERT INTO `Hero` (`id`, `firstName`, `lastName`, `role`, `skillSet_id`) VALUES ('1771', 'eb05e9f2-09e1-40bf-8337-7f17a7084c78', '572bbb75-1ed8-4eb0-a8b3-d91db4a660fb', 'SeniorSoftwareEngineer', '1771');
INSERT INTO `SkillSet` (`id`) VALUES ('1772');
INSERT INTO `SkillSet_skills` (`SkillSet_id`, `skills`) VALUES ('1772', 'Architektur');
INSERT INTO `Hero` (`id`, `firstName`, `lastName`, `role`, `skillSet_id`) VALUES ('1772', 'f18d1e0e-a906-4fbe-9074-53a92faaf17c', '3913190a-6904-4160-b862-5ddd30750fc0', 'LeadSoftwareArchitect', '1772');
INSERT INTO `SkillSet` (`id`) VALUES ('1773');
INSERT INTO `SkillSet_skills` (`SkillSet_id`, `skills`) VALUES ('1773', 'UITesting');
INSERT INTO `Hero` (`id`, `firstName`, `lastName`, `role`, `skillSet_id`) VALUES ('1773', '38ff0f45-8bd6-4ed9-9a56-7b6f1d1ffa01', '4afed35d-4545-4b48-9929-a28447f77f0d', 'JuniorSoftwareEngineer', '1773');
INSERT INTO `SkillSet` (`id`) VALUES ('1774');
INSERT INTO `SkillSet_skills` (`SkillSet_id`, `skills`) VALUES ('1774', 'Maven');
INSERT INTO `SkillSet_skills` (`SkillSet_id`, `skills`) VALUES ('1774', 'UnitTesting');
INSERT INTO `SkillSet_skills` (`SkillSet_id`, `skills`) VALUES ('1774', 'Maven');
INSERT INTO `Hero` (`id`, `firstName`, `lastName`, `role`, `skillSet_id`) VALUES ('1774', '2b74431a-5d5a-4002-824d-0f0bb635db97', '092d90a4-2654-4eb5-bee9-05f2e9c4a256', 'PrincipalConsultant', '1774');
INSERT INTO `SkillSet` (`id`) VALUES ('1775');
INSERT INTO `SkillSet_skills` (`SkillSet_id`, `skills`) VALUES ('1775', 'UnitTesting');
INSERT INTO `SkillSet_skills` (`SkillSet_id`, `skills`) VALUES ('1775', 'Architektur');
INSERT INTO `SkillSet_skills` (`SkillSet_id`, `skills`) VALUES ('1775', 'Maven');
INSERT INTO `Hero` (`id`, `firstName`, `lastName`, `role`, `skillSet_id`) VALUES ('1775', 'c6592db5-62d1-4444-a461-98af89f21ff9', '9cd312fd-40ec-4c1e-9f52-694dfd77a771', 'JuniorSoftwareEngineer', '1775');
INSERT INTO `SkillSet` (`id`) VALUES ('1776');
INSERT INTO `SkillSet_skills` (`SkillSet_id`, `skills`) VALUES ('1776', 'UnitTesting');
INSERT INTO `SkillSet_skills` (`SkillSet_id`, `skills`) VALUES ('1776', 'UITesting');
INSERT INTO `SkillSet_skills` (`SkillSet_id`, `skills`) VALUES ('1776', 'Java');
INSERT INTO `SkillSet_skills` (`SkillSet_id`, `skills`) VALUES ('1776', 'Gradle');
INSERT INTO `SkillSet_skills` (`SkillSet_id`, `skills`) VALUES ('1776', 'Maven');
INSERT INTO `Hero` (`id`, `firstName`, `lastName`, `role`, `skillSet_id`) VALUES ('1776', '16c9c035-ae54-42aa-b65f-0012c22216b7', '8a120669-d305-44da-a106-c94a54f40e1f', 'SeniorSoftwareEngineer', '1776');
INSERT INTO `SkillSet` (`id`) VALUES ('1777');
INSERT INTO `SkillSet_skills` (`SkillSet_id`, `skills`) VALUES ('1777', 'Maven');
INSERT INTO `SkillSet_skills` (`SkillSet_id`, `skills`) VALUES ('1777', 'UnitTesting');
INSERT INTO `SkillSet_skills` (`SkillSet_id`, `skills`) VALUES ('1777', 'Java');
INSERT INTO `SkillSet_skills` (`SkillSet_id`, `skills`) VALUES ('1777', 'Maven');
INSERT INTO `SkillSet_skills` (`SkillSet_id`, `skills`) VALUES ('1777', 'SQL');
INSERT INTO `Hero` (`id`, `firstName`, `lastName`, `role`, `skillSet_id`) VALUES ('1777', 'e3ff5dcf-4ebc-4622-94fb-185004068403', 'a8398286-e264-4aa6-a102-907e7fe12231', 'SeniorSoftwareEngineer', '1777');
INSERT INTO `SkillSet` (`id`) VALUES ('1778');
INSERT INTO `SkillSet_skills` (`SkillSet_id`, `skills`) VALUES ('1778', 'SQL');
INSERT INTO `SkillSet_skills` (`SkillSet_id`, `skills`) VALUES ('1778', 'Architektur');
INSERT INTO `SkillSet_skills` (`SkillSet_id`, `skills`) VALUES ('1778', 'UITesting');
INSERT INTO `SkillSet_skills` (`SkillSet_id`, `skills`) VALUES ('1778', 'SQL');
INSERT INTO `SkillSet_skills` (`SkillSet_id`, `skills`) VALUES ('1778', 'Architektur');
INSERT INTO `Hero` (`id`, `firstName`, `lastName`, `role`, `skillSet_id`) VALUES ('1778', '28b32f3f-9d67-489d-bb49-86ec2c71216d', '7f45de62-17e7-4d35-8fa2-5c469e0a51df', 'LeadSoftwareArchitect', '1778');
INSERT INTO `SkillSet` (`id`) VALUES ('1779');
INSERT INTO `SkillSet_skills` (`SkillSet_id`, `skills`) VALUES ('1779', 'Ant');
INSERT INTO `SkillSet_skills` (`SkillSet_id`, `skills`) VALUES ('1779', 'Java');
INSERT INTO `SkillSet_skills` (`SkillSet_id`, `skills`) VALUES ('1779', 'UITesting');
INSERT INTO `Hero` (`id`, `firstName`, `lastName`, `role`, `skillSet_id`) VALUES ('1779', '73df66fd-9f36-4c5f-acc5-5bb8cec2845d', 'e89dd3da-a8ac-4a75-8597-62c133b5b118', 'SeniorSoftwareEngineer', '1779');
INSERT INTO `SkillSet` (`id`) VALUES ('1780');
INSERT INTO `SkillSet_skills` (`SkillSet_id`, `skills`) VALUES ('1780', 'SQL');
INSERT INTO `SkillSet_skills` (`SkillSet_id`, `skills`) VALUES ('1780', 'SQL');
INSERT INTO `Hero` (`id`, `firstName`, `lastName`, `role`, `skillSet_id`) VALUES ('1780', 'f0411288-c8eb-4a07-93be-dc54ee9c4ad0', '9b3809fa-175b-489b-9d7e-6f9c87a638bb', 'JuniorSoftwareEngineer', '1780');
INSERT INTO `SkillSet` (`id`) VALUES ('1781');
INSERT INTO `SkillSet_skills` (`SkillSet_id`, `skills`) VALUES ('1781', 'dotNet');
INSERT INTO `SkillSet_skills` (`SkillSet_id`, `skills`) VALUES ('1781', 'SQL');
INSERT INTO `Hero` (`id`, `firstName`, `lastName`, `role`, `skillSet_id`) VALUES ('1781', '4219554d-b242-4ba5-8fe4-f8760c45e929', 'f3849342-6a11-43a0-b4e3-4648c75dac40', 'PrincipalConsultant', '1781');
INSERT INTO `SkillSet` (`id`) VALUES ('1782');
INSERT INTO `SkillSet_skills` (`SkillSet_id`, `skills`) VALUES ('1782', 'Ant');
INSERT INTO `Hero` (`id`, `firstName`, `lastName`, `role`, `skillSet_id`) VALUES ('1782', 'c1445f1e-75d3-4d67-99a3-78a77fc2c47c', '90282a04-2069-4437-b88d-b75e700b775c', 'LeadEngineer', '1782');
INSERT INTO `SkillSet` (`id`) VALUES ('1783');
INSERT INTO `SkillSet_skills` (`SkillSet_id`, `skills`) VALUES ('1783', 'UITesting');
INSERT INTO `SkillSet_skills` (`SkillSet_id`, `skills`) VALUES ('1783', 'Java');
INSERT INTO `SkillSet_skills` (`SkillSet_id`, `skills`) VALUES ('1783', 'Architektur');
INSERT INTO `SkillSet_skills` (`SkillSet_id`, `skills`) VALUES ('1783', 'Ant');
INSERT INTO `Hero` (`id`, `firstName`, `lastName`, `role`, `skillSet_id`) VALUES ('1783', 'c125a2f0-bd44-4239-8d2b-85fe642e8e84', 'dbe19500-8f9d-43e5-abc2-8ae89e807fb5', 'SoftwareEngineer', '1783');
INSERT INTO `SkillSet` (`id`) VALUES ('1784');
INSERT INTO `SkillSet_skills` (`SkillSet_id`, `skills`) VALUES ('1784', 'Java');
INSERT INTO `SkillSet_skills` (`SkillSet_id`, `skills`) VALUES ('1784', 'dotNet');
INSERT INTO `SkillSet_skills` (`SkillSet_id`, `skills`) VALUES ('1784', 'UnitTesting');
INSERT INTO `Hero` (`id`, `firstName`, `lastName`, `role`, `skillSet_id`) VALUES ('1784', '01ee88da-27b0-40e1-bc2b-b2cdc2658bbd', '90404252-8d63-4a25-9bd2-94629c919986', 'LeadSoftwareArchitect', '1784');
INSERT INTO `SkillSet` (`id`) VALUES ('1785');
INSERT INTO `SkillSet_skills` (`SkillSet_id`, `skills`) VALUES ('1785', 'Gradle');
INSERT INTO `SkillSet_skills` (`SkillSet_id`, `skills`) VALUES ('1785', 'UnitTesting');
INSERT INTO `Hero` (`id`, `firstName`, `lastName`, `role`, `skillSet_id`) VALUES ('1785', 'd52bc03c-eebc-4139-b94c-075ca4f39148', 'e8b2ed31-ea16-42e5-8118-5dc5cbc9bd17', 'LeadEngineer', '1785');
INSERT INTO `SkillSet` (`id`) VALUES ('1786');
INSERT INTO `SkillSet_skills` (`SkillSet_id`, `skills`) VALUES ('1786', 'Java');
INSERT INTO `SkillSet_skills` (`SkillSet_id`, `skills`) VALUES ('1786', 'dotNet');
INSERT INTO `SkillSet_skills` (`SkillSet_id`, `skills`) VALUES ('1786', 'UITesting');
INSERT INTO `SkillSet_skills` (`SkillSet_id`, `skills`) VALUES ('1786', 'Maven');
INSERT INTO `Hero` (`id`, `firstName`, `lastName`, `role`, `skillSet_id`) VALUES ('1786', '6398ce23-64fd-4254-876f-e833d91f8f77', 'ea1b34c7-45ef-4aec-9259-7d49ffd97baa', 'JuniorSoftwareEngineer', '1786');
INSERT INTO `SkillSet` (`id`) VALUES ('1787');
INSERT INTO `SkillSet_skills` (`SkillSet_id`, `skills`) VALUES ('1787', 'Gradle');
INSERT INTO `SkillSet_skills` (`SkillSet_id`, `skills`) VALUES ('1787', 'Gradle');
INSERT INTO `Hero` (`id`, `firstName`, `lastName`, `role`, `skillSet_id`) VALUES ('1787', 'c027383f-2e22-411c-9ade-30f59f4b09b2', '23ecc334-7947-4e62-ac1c-a3911f9ec471', 'JuniorSoftwareEngineer', '1787');
INSERT INTO `SkillSet` (`id`) VALUES ('1788');
INSERT INTO `SkillSet_skills` (`SkillSet_id`, `skills`) VALUES ('1788', 'Gradle');
INSERT INTO `SkillSet_skills` (`SkillSet_id`, `skills`) VALUES ('1788', 'dotNet');
INSERT INTO `SkillSet_skills` (`SkillSet_id`, `skills`) VALUES ('1788', 'UnitTesting');
INSERT INTO `SkillSet_skills` (`SkillSet_id`, `skills`) VALUES ('1788', 'Gradle');
INSERT INTO `SkillSet_skills` (`SkillSet_id`, `skills`) VALUES ('1788', 'UnitTesting');
INSERT INTO `Hero` (`id`, `firstName`, `lastName`, `role`, `skillSet_id`) VALUES ('1788', 'aabb03cd-8726-4df7-9ad4-41f909b6fe7b', 'e43979e9-e33b-49db-9b46-b636e10db8e8', 'LeadSoftwareArchitect', '1788');
INSERT INTO `SkillSet` (`id`) VALUES ('1789');
INSERT INTO `SkillSet_skills` (`SkillSet_id`, `skills`) VALUES ('1789', 'Java');
INSERT INTO `SkillSet_skills` (`SkillSet_id`, `skills`) VALUES ('1789', 'UITesting');
INSERT INTO `Hero` (`id`, `firstName`, `lastName`, `role`, `skillSet_id`) VALUES ('1789', 'ad1813d2-c432-4b00-a376-05c4f83dbfa7', '21c0a383-457d-431d-9d5a-22ae8a891d6d', 'PrincipalConsultant', '1789');
INSERT INTO `SkillSet` (`id`) VALUES ('1790');
INSERT INTO `SkillSet_skills` (`SkillSet_id`, `skills`) VALUES ('1790', 'Architektur');
INSERT INTO `SkillSet_skills` (`SkillSet_id`, `skills`) VALUES ('1790', 'Gradle');
INSERT INTO `SkillSet_skills` (`SkillSet_id`, `skills`) VALUES ('1790', 'Java');
INSERT INTO `SkillSet_skills` (`SkillSet_id`, `skills`) VALUES ('1790', 'dotNet');
INSERT INTO `Hero` (`id`, `firstName`, `lastName`, `role`, `skillSet_id`) VALUES ('1790', 'b0355e9d-289d-4566-9501-e50c4d93e4db', '3c89d160-6d31-4e15-904d-cf3a6e773f7f', 'JuniorSoftwareEngineer', '1790');
INSERT INTO `SkillSet` (`id`) VALUES ('1791');
INSERT INTO `SkillSet_skills` (`SkillSet_id`, `skills`) VALUES ('1791', 'UnitTesting');
INSERT INTO `SkillSet_skills` (`SkillSet_id`, `skills`) VALUES ('1791', 'SQL');
INSERT INTO `SkillSet_skills` (`SkillSet_id`, `skills`) VALUES ('1791', 'Ant');
INSERT INTO `SkillSet_skills` (`SkillSet_id`, `skills`) VALUES ('1791', 'SQL');
INSERT INTO `SkillSet_skills` (`SkillSet_id`, `skills`) VALUES ('1791', 'Maven');
INSERT INTO `Hero` (`id`, `firstName`, `lastName`, `role`, `skillSet_id`) VALUES ('1791', '0e9483ed-ae3d-434d-b29c-c1a58fbf241b', '7d241146-a2a9-41f3-872a-3331fd46ef10', 'PrincipalConsultant', '1791');
INSERT INTO `SkillSet` (`id`) VALUES ('1792');
INSERT INTO `SkillSet_skills` (`SkillSet_id`, `skills`) VALUES ('1792', 'Architektur');
INSERT INTO `SkillSet_skills` (`SkillSet_id`, `skills`) VALUES ('1792', 'SQL');
INSERT INTO `SkillSet_skills` (`SkillSet_id`, `skills`) VALUES ('1792', 'SQL');
INSERT INTO `SkillSet_skills` (`SkillSet_id`, `skills`) VALUES ('1792', 'Java');
INSERT INTO `Hero` (`id`, `firstName`, `lastName`, `role`, `skillSet_id`) VALUES ('1792', '6955c3ff-7423-4b0d-b46d-ed79b819eb4b', 'a8adccc7-76ad-41bc-ad1d-9e830ae38ea6', 'SoftwareEngineer', '1792');
INSERT INTO `SkillSet` (`id`) VALUES ('1793');
INSERT INTO `SkillSet_skills` (`SkillSet_id`, `skills`) VALUES ('1793', 'UITesting');
INSERT INTO `SkillSet_skills` (`SkillSet_id`, `skills`) VALUES ('1793', 'UnitTesting');
INSERT INTO `SkillSet_skills` (`SkillSet_id`, `skills`) VALUES ('1793', 'Architektur');
INSERT INTO `SkillSet_skills` (`SkillSet_id`, `skills`) VALUES ('1793', 'SQL');
INSERT INTO `Hero` (`id`, `firstName`, `lastName`, `role`, `skillSet_id`) VALUES ('1793', 'fb9e86d3-a636-47a7-8579-6120f6575f3b', '041389b2-4a01-4502-a7e5-20f24a95c3b3', 'PrincipalConsultant', '1793');
INSERT INTO `SkillSet` (`id`) VALUES ('1794');
INSERT INTO `SkillSet_skills` (`SkillSet_id`, `skills`) VALUES ('1794', 'Gradle');
INSERT INTO `SkillSet_skills` (`SkillSet_id`, `skills`) VALUES ('1794', 'UITesting');
INSERT INTO `Hero` (`id`, `firstName`, `lastName`, `role`, `skillSet_id`) VALUES ('1794', 'b3e41229-a0bf-4288-8958-7921557143d6', '97df0d5c-6176-413d-87a3-c1697386d190', 'LeadEngineer', '1794');
INSERT INTO `SkillSet` (`id`) VALUES ('1795');
INSERT INTO `SkillSet_skills` (`SkillSet_id`, `skills`) VALUES ('1795', 'SQL');
INSERT INTO `Hero` (`id`, `firstName`, `lastName`, `role`, `skillSet_id`) VALUES ('1795', 'c53f8b5b-8bbc-4b8e-ae5d-c4cafaf64d77', 'fcfad06c-8299-40a9-8641-916427a8e352', 'SoftwareEngineer', '1795');
INSERT INTO `SkillSet` (`id`) VALUES ('1796');
INSERT INTO `SkillSet_skills` (`SkillSet_id`, `skills`) VALUES ('1796', 'Gradle');
INSERT INTO `Hero` (`id`, `firstName`, `lastName`, `role`, `skillSet_id`) VALUES ('1796', '6cce1b26-5f24-474d-a512-0e2488c5849c', '2d493e96-1a0d-471a-a6bc-552705ff0c91', 'LeadEngineer', '1796');
INSERT INTO `SkillSet` (`id`) VALUES ('1797');
INSERT INTO `SkillSet_skills` (`SkillSet_id`, `skills`) VALUES ('1797', 'dotNet');
INSERT INTO `SkillSet_skills` (`SkillSet_id`, `skills`) VALUES ('1797', 'Gradle');
INSERT INTO `Hero` (`id`, `firstName`, `lastName`, `role`, `skillSet_id`) VALUES ('1797', '2c4fe34a-5881-4251-aa47-17bdbc7a99c4', '9b459440-8586-4385-94c0-44fcfce2351f', 'LeadEngineer', '1797');
INSERT INTO `SkillSet` (`id`) VALUES ('1798');
INSERT INTO `SkillSet_skills` (`SkillSet_id`, `skills`) VALUES ('1798', 'Gradle');
INSERT INTO `SkillSet_skills` (`SkillSet_id`, `skills`) VALUES ('1798', 'Ant');
INSERT INTO `SkillSet_skills` (`SkillSet_id`, `skills`) VALUES ('1798', 'Gradle');
INSERT INTO `Hero` (`id`, `firstName`, `lastName`, `role`, `skillSet_id`) VALUES ('1798', '84b5ace9-d293-4749-90f2-beb95a588bab', '5dd64af4-3984-4287-b759-ddecdd3a4028', 'LeadEngineer', '1798');
INSERT INTO `SkillSet` (`id`) VALUES ('1799');
INSERT INTO `SkillSet_skills` (`SkillSet_id`, `skills`) VALUES ('1799', 'Java');
INSERT INTO `SkillSet_skills` (`SkillSet_id`, `skills`) VALUES ('1799', 'Architektur');
INSERT INTO `SkillSet_skills` (`SkillSet_id`, `skills`) VALUES ('1799', 'Architektur');
INSERT INTO `SkillSet_skills` (`SkillSet_id`, `skills`) VALUES ('1799', 'SQL');
INSERT INTO `SkillSet_skills` (`SkillSet_id`, `skills`) VALUES ('1799', 'SQL');
INSERT INTO `Hero` (`id`, `firstName`, `lastName`, `role`, `skillSet_id`) VALUES ('1799', 'ab3db0dc-37ba-48d3-a4ca-dd5c91562390', 'ee0c4c58-8104-4e76-9498-bf97d58cc951', 'LeadEngineer', '1799');
INSERT INTO `SkillSet` (`id`) VALUES ('1800');
INSERT INTO `SkillSet_skills` (`SkillSet_id`, `skills`) VALUES ('1800', 'UnitTesting');
INSERT INTO `SkillSet_skills` (`SkillSet_id`, `skills`) VALUES ('1800', 'dotNet');
INSERT INTO `SkillSet_skills` (`SkillSet_id`, `skills`) VALUES ('1800', 'Architektur');
INSERT INTO `Hero` (`id`, `firstName`, `lastName`, `role`, `skillSet_id`) VALUES ('1800', '8f735b91-967c-47f0-80eb-d90e2b5cb489', '7de9bc9a-da8d-41fc-80d3-356c33a48fc1', 'PrincipalConsultant', '1800');
INSERT INTO `SkillSet` (`id`) VALUES ('1801');
INSERT INTO `SkillSet_skills` (`SkillSet_id`, `skills`) VALUES ('1801', 'Java');
INSERT INTO `SkillSet_skills` (`SkillSet_id`, `skills`) VALUES ('1801', 'Ant');
INSERT INTO `SkillSet_skills` (`SkillSet_id`, `skills`) VALUES ('1801', 'Maven');
INSERT INTO `SkillSet_skills` (`SkillSet_id`, `skills`) VALUES ('1801', 'UITesting');
INSERT INTO `Hero` (`id`, `firstName`, `lastName`, `role`, `skillSet_id`) VALUES ('1801', 'd5f15160-9fc7-4560-a753-9de019417bba', '01180419-cb5b-4fb9-90c2-1f9538f56643', 'LeadSoftwareArchitect', '1801');
INSERT INTO `SkillSet` (`id`) VALUES ('1802');
INSERT INTO `SkillSet_skills` (`SkillSet_id`, `skills`) VALUES ('1802', 'Ant');
INSERT INTO `SkillSet_skills` (`SkillSet_id`, `skills`) VALUES ('1802', 'dotNet');
INSERT INTO `Hero` (`id`, `firstName`, `lastName`, `role`, `skillSet_id`) VALUES ('1802', 'd50d88e9-28bf-43ec-ac57-1a4fa81cc885', '66fe7b38-55e3-4189-aa4b-ad642126864c', 'SeniorSoftwareEngineer', '1802');
INSERT INTO `SkillSet` (`id`) VALUES ('1803');
INSERT INTO `SkillSet_skills` (`SkillSet_id`, `skills`) VALUES ('1803', 'Architektur');
INSERT INTO `SkillSet_skills` (`SkillSet_id`, `skills`) VALUES ('1803', 'dotNet');
INSERT INTO `SkillSet_skills` (`SkillSet_id`, `skills`) VALUES ('1803', 'SQL');
INSERT INTO `SkillSet_skills` (`SkillSet_id`, `skills`) VALUES ('1803', 'Gradle');
INSERT INTO `Hero` (`id`, `firstName`, `lastName`, `role`, `skillSet_id`) VALUES ('1803', '2eaaf3c2-72a6-4032-8c60-03121c92188b', '11e89dee-7182-4199-91f7-660a339e7446', 'LeadEngineer', '1803');
INSERT INTO `SkillSet` (`id`) VALUES ('1804');
INSERT INTO `SkillSet_skills` (`SkillSet_id`, `skills`) VALUES ('1804', 'Architektur');
INSERT INTO `SkillSet_skills` (`SkillSet_id`, `skills`) VALUES ('1804', 'UnitTesting');
INSERT INTO `SkillSet_skills` (`SkillSet_id`, `skills`) VALUES ('1804', 'UnitTesting');
INSERT INTO `SkillSet_skills` (`SkillSet_id`, `skills`) VALUES ('1804', 'Ant');
INSERT INTO `SkillSet_skills` (`SkillSet_id`, `skills`) VALUES ('1804', 'Architektur');
INSERT INTO `Hero` (`id`, `firstName`, `lastName`, `role`, `skillSet_id`) VALUES ('1804', 'db4850a3-01b1-451d-8087-17b1ff6c780b', '25ad2114-f758-497e-bb9f-7fc3b3ad1ad1', 'LeadEngineer', '1804');
INSERT INTO `SkillSet` (`id`) VALUES ('1805');
INSERT INTO `SkillSet_skills` (`SkillSet_id`, `skills`) VALUES ('1805', 'Maven');
INSERT INTO `Hero` (`id`, `firstName`, `lastName`, `role`, `skillSet_id`) VALUES ('1805', 'e26e8d08-65a8-4946-a456-71d6c390997a', '8e950ae1-9edf-42a3-b834-1aef17d2f77a', 'SeniorSoftwareEngineer', '1805');
INSERT INTO `SkillSet` (`id`) VALUES ('1806');
INSERT INTO `SkillSet_skills` (`SkillSet_id`, `skills`) VALUES ('1806', 'Gradle');
INSERT INTO `SkillSet_skills` (`SkillSet_id`, `skills`) VALUES ('1806', 'Ant');
INSERT INTO `SkillSet_skills` (`SkillSet_id`, `skills`) VALUES ('1806', 'dotNet');
INSERT INTO `SkillSet_skills` (`SkillSet_id`, `skills`) VALUES ('1806', 'Java');
INSERT INTO `SkillSet_skills` (`SkillSet_id`, `skills`) VALUES ('1806', 'Gradle');
INSERT INTO `Hero` (`id`, `firstName`, `lastName`, `role`, `skillSet_id`) VALUES ('1806', 'aa399c3c-f79a-45e3-ab09-43515c729d2b', 'e2bc4261-219f-4d3a-8f77-15d72317e75d', 'LeadSoftwareArchitect', '1806');
INSERT INTO `SkillSet` (`id`) VALUES ('1807');
INSERT INTO `SkillSet_skills` (`SkillSet_id`, `skills`) VALUES ('1807', 'UITesting');
INSERT INTO `SkillSet_skills` (`SkillSet_id`, `skills`) VALUES ('1807', 'Java');
INSERT INTO `Hero` (`id`, `firstName`, `lastName`, `role`, `skillSet_id`) VALUES ('1807', 'd0f7124b-6bbb-43f5-95d4-eb5aa52779f6', '944e02c0-abd0-495c-a54e-e70f805e2d8f', 'PrincipalConsultant', '1807');
INSERT INTO `SkillSet` (`id`) VALUES ('1808');
INSERT INTO `SkillSet_skills` (`SkillSet_id`, `skills`) VALUES ('1808', 'Ant');
INSERT INTO `Hero` (`id`, `firstName`, `lastName`, `role`, `skillSet_id`) VALUES ('1808', '19b89461-cef9-4d4b-afb6-6f3b24b127df', 'a3fda5af-1864-4001-a5e7-52b973389479', 'SeniorSoftwareEngineer', '1808');
INSERT INTO `SkillSet` (`id`) VALUES ('1809');
INSERT INTO `SkillSet_skills` (`SkillSet_id`, `skills`) VALUES ('1809', 'UnitTesting');
INSERT INTO `SkillSet_skills` (`SkillSet_id`, `skills`) VALUES ('1809', 'Ant');
INSERT INTO `SkillSet_skills` (`SkillSet_id`, `skills`) VALUES ('1809', 'UITesting');
INSERT INTO `SkillSet_skills` (`SkillSet_id`, `skills`) VALUES ('1809', 'dotNet');
INSERT INTO `Hero` (`id`, `firstName`, `lastName`, `role`, `skillSet_id`) VALUES ('1809', 'cd475b1e-24cb-41a9-ab6f-4a43e3ede444', '17461d88-a9d8-4e90-90b3-7ea0723efb04', 'SeniorSoftwareEngineer', '1809');
INSERT INTO `SkillSet` (`id`) VALUES ('1810');
INSERT INTO `SkillSet_skills` (`SkillSet_id`, `skills`) VALUES ('1810', 'UnitTesting');
INSERT INTO `SkillSet_skills` (`SkillSet_id`, `skills`) VALUES ('1810', 'UnitTesting');
INSERT INTO `Hero` (`id`, `firstName`, `lastName`, `role`, `skillSet_id`) VALUES ('1810', 'b654ea57-8e22-41dd-80e9-e43cc8f4d963', '462ebf14-a376-48ef-a003-c836bd82b564', 'SeniorSoftwareEngineer', '1810');
INSERT INTO `SkillSet` (`id`) VALUES ('1811');
INSERT INTO `SkillSet_skills` (`SkillSet_id`, `skills`) VALUES ('1811', 'Java');
INSERT INTO `SkillSet_skills` (`SkillSet_id`, `skills`) VALUES ('1811', 'Java');
INSERT INTO `Hero` (`id`, `firstName`, `lastName`, `role`, `skillSet_id`) VALUES ('1811', 'f2e930ce-9dbf-4cf6-9759-ea5868099707', '5a8c3f40-1d04-4cc6-9ff2-2654259c91db', 'JuniorSoftwareEngineer', '1811');
INSERT INTO `SkillSet` (`id`) VALUES ('1812');
INSERT INTO `SkillSet_skills` (`SkillSet_id`, `skills`) VALUES ('1812', 'UITesting');
INSERT INTO `SkillSet_skills` (`SkillSet_id`, `skills`) VALUES ('1812', 'Java');
INSERT INTO `SkillSet_skills` (`SkillSet_id`, `skills`) VALUES ('1812', 'UnitTesting');
INSERT INTO `Hero` (`id`, `firstName`, `lastName`, `role`, `skillSet_id`) VALUES ('1812', '3508536d-5fdb-499b-9b2e-48240aa73140', 'c78999f1-a595-4623-95a0-8f1e60121e65', 'SoftwareEngineer', '1812');
INSERT INTO `SkillSet` (`id`) VALUES ('1813');
INSERT INTO `SkillSet_skills` (`SkillSet_id`, `skills`) VALUES ('1813', 'Ant');
INSERT INTO `SkillSet_skills` (`SkillSet_id`, `skills`) VALUES ('1813', 'Ant');
INSERT INTO `SkillSet_skills` (`SkillSet_id`, `skills`) VALUES ('1813', 'Architektur');
INSERT INTO `SkillSet_skills` (`SkillSet_id`, `skills`) VALUES ('1813', 'dotNet');
INSERT INTO `Hero` (`id`, `firstName`, `lastName`, `role`, `skillSet_id`) VALUES ('1813', 'b8b44c9b-229c-4a1f-9601-7f20e9f20254', 'a738c51a-1f92-449c-880e-16afb05ba9c0', 'PrincipalConsultant', '1813');
INSERT INTO `SkillSet` (`id`) VALUES ('1814');
INSERT INTO `SkillSet_skills` (`SkillSet_id`, `skills`) VALUES ('1814', 'dotNet');
INSERT INTO `SkillSet_skills` (`SkillSet_id`, `skills`) VALUES ('1814', 'dotNet');
INSERT INTO `SkillSet_skills` (`SkillSet_id`, `skills`) VALUES ('1814', 'UnitTesting');
INSERT INTO `SkillSet_skills` (`SkillSet_id`, `skills`) VALUES ('1814', 'dotNet');
INSERT INTO `SkillSet_skills` (`SkillSet_id`, `skills`) VALUES ('1814', 'SQL');
INSERT INTO `Hero` (`id`, `firstName`, `lastName`, `role`, `skillSet_id`) VALUES ('1814', '85aa4a5a-03ac-41ec-93b6-c90f384f69e2', '934c438d-fece-4bac-9620-42dd36fab481', 'LeadSoftwareArchitect', '1814');
INSERT INTO `SkillSet` (`id`) VALUES ('1815');
INSERT INTO `SkillSet_skills` (`SkillSet_id`, `skills`) VALUES ('1815', 'UnitTesting');
INSERT INTO `SkillSet_skills` (`SkillSet_id`, `skills`) VALUES ('1815', 'UITesting');
INSERT INTO `SkillSet_skills` (`SkillSet_id`, `skills`) VALUES ('1815', 'UITesting');
INSERT INTO `SkillSet_skills` (`SkillSet_id`, `skills`) VALUES ('1815', 'SQL');
INSERT INTO `SkillSet_skills` (`SkillSet_id`, `skills`) VALUES ('1815', 'UITesting');
INSERT INTO `Hero` (`id`, `firstName`, `lastName`, `role`, `skillSet_id`) VALUES ('1815', '7eb8ecf0-e634-4aa7-b1cc-9c468e3ca7b8', 'ce93dae9-d355-47c2-938d-e1a2dfc3511e', 'JuniorSoftwareEngineer', '1815');
INSERT INTO `SkillSet` (`id`) VALUES ('1816');
INSERT INTO `SkillSet_skills` (`SkillSet_id`, `skills`) VALUES ('1816', 'dotNet');
INSERT INTO `SkillSet_skills` (`SkillSet_id`, `skills`) VALUES ('1816', 'UnitTesting');
INSERT INTO `Hero` (`id`, `firstName`, `lastName`, `role`, `skillSet_id`) VALUES ('1816', '9ae0d736-255a-4e3f-9b8f-c8aee6f5547a', 'e7c33a4f-c520-40a1-a7a1-c7bbff74641f', 'LeadSoftwareArchitect', '1816');
INSERT INTO `SkillSet` (`id`) VALUES ('1817');
INSERT INTO `SkillSet_skills` (`SkillSet_id`, `skills`) VALUES ('1817', 'Architektur');
INSERT INTO `SkillSet_skills` (`SkillSet_id`, `skills`) VALUES ('1817', 'Gradle');
INSERT INTO `Hero` (`id`, `firstName`, `lastName`, `role`, `skillSet_id`) VALUES ('1817', '8e87ae30-cd32-4c53-affe-d3f2921f44b1', '24657139-ddd4-4269-a45d-d5d39d5b6d29', 'SoftwareEngineer', '1817');
INSERT INTO `SkillSet` (`id`) VALUES ('1818');
INSERT INTO `SkillSet_skills` (`SkillSet_id`, `skills`) VALUES ('1818', 'Ant');
INSERT INTO `SkillSet_skills` (`SkillSet_id`, `skills`) VALUES ('1818', 'Ant');
INSERT INTO `SkillSet_skills` (`SkillSet_id`, `skills`) VALUES ('1818', 'UITesting');
INSERT INTO `SkillSet_skills` (`SkillSet_id`, `skills`) VALUES ('1818', 'Architektur');
INSERT INTO `Hero` (`id`, `firstName`, `lastName`, `role`, `skillSet_id`) VALUES ('1818', '23541024-0ee3-46e2-9f6d-be84c16959b4', 'fed27805-c485-4ac5-81bb-69d347b50939', 'SoftwareEngineer', '1818');
INSERT INTO `SkillSet` (`id`) VALUES ('1819');
INSERT INTO `SkillSet_skills` (`SkillSet_id`, `skills`) VALUES ('1819', 'UITesting');
INSERT INTO `SkillSet_skills` (`SkillSet_id`, `skills`) VALUES ('1819', 'Gradle');
INSERT INTO `SkillSet_skills` (`SkillSet_id`, `skills`) VALUES ('1819', 'UITesting');
INSERT INTO `SkillSet_skills` (`SkillSet_id`, `skills`) VALUES ('1819', 'Architektur');
INSERT INTO `SkillSet_skills` (`SkillSet_id`, `skills`) VALUES ('1819', 'Ant');
INSERT INTO `Hero` (`id`, `firstName`, `lastName`, `role`, `skillSet_id`) VALUES ('1819', '5325a685-4826-4246-ba07-9811c3eac23b', 'f2b83668-a861-4940-ad30-43b68185a068', 'SeniorSoftwareEngineer', '1819');
INSERT INTO `SkillSet` (`id`) VALUES ('1820');
INSERT INTO `SkillSet_skills` (`SkillSet_id`, `skills`) VALUES ('1820', 'Architektur');
INSERT INTO `SkillSet_skills` (`SkillSet_id`, `skills`) VALUES ('1820', 'Maven');
INSERT INTO `SkillSet_skills` (`SkillSet_id`, `skills`) VALUES ('1820', 'Java');
INSERT INTO `Hero` (`id`, `firstName`, `lastName`, `role`, `skillSet_id`) VALUES ('1820', 'd2854deb-e174-44cf-8c35-feb60a8034a7', 'bdf2342c-e50b-45c7-8d1a-25ad358139cd', 'LeadSoftwareArchitect', '1820');
INSERT INTO `SkillSet` (`id`) VALUES ('1821');
INSERT INTO `SkillSet_skills` (`SkillSet_id`, `skills`) VALUES ('1821', 'Architektur');
INSERT INTO `Hero` (`id`, `firstName`, `lastName`, `role`, `skillSet_id`) VALUES ('1821', '6d465a3d-c9ff-4e14-bc2a-88cd6f2ac307', '49494680-e6ad-424d-95bc-fd113c1706b5', 'PrincipalConsultant', '1821');
INSERT INTO `SkillSet` (`id`) VALUES ('1822');
INSERT INTO `SkillSet_skills` (`SkillSet_id`, `skills`) VALUES ('1822', 'Ant');
INSERT INTO `Hero` (`id`, `firstName`, `lastName`, `role`, `skillSet_id`) VALUES ('1822', '70b7050b-fa49-4ab1-8066-0c124e25bee0', '6691040e-16c3-40fe-bce9-6f9aaeb51284', 'PrincipalConsultant', '1822');
INSERT INTO `SkillSet` (`id`) VALUES ('1823');
INSERT INTO `SkillSet_skills` (`SkillSet_id`, `skills`) VALUES ('1823', 'Architektur');
INSERT INTO `SkillSet_skills` (`SkillSet_id`, `skills`) VALUES ('1823', 'Maven');
INSERT INTO `SkillSet_skills` (`SkillSet_id`, `skills`) VALUES ('1823', 'Architektur');
INSERT INTO `SkillSet_skills` (`SkillSet_id`, `skills`) VALUES ('1823', 'Java');
INSERT INTO `Hero` (`id`, `firstName`, `lastName`, `role`, `skillSet_id`) VALUES ('1823', '2d2632a4-45b8-433c-a1e8-25613a3348a7', '16ed6e51-b830-4966-84c7-f265e59c0464', 'JuniorSoftwareEngineer', '1823');
INSERT INTO `SkillSet` (`id`) VALUES ('1824');
INSERT INTO `SkillSet_skills` (`SkillSet_id`, `skills`) VALUES ('1824', 'Java');
INSERT INTO `Hero` (`id`, `firstName`, `lastName`, `role`, `skillSet_id`) VALUES ('1824', '7671e3be-6ad1-4337-accf-2289690e0678', 'bd66dfd6-788b-447b-9aa8-f6b5bdd98df7', 'JuniorSoftwareEngineer', '1824');
INSERT INTO `SkillSet` (`id`) VALUES ('1825');
INSERT INTO `SkillSet_skills` (`SkillSet_id`, `skills`) VALUES ('1825', 'UnitTesting');
INSERT INTO `SkillSet_skills` (`SkillSet_id`, `skills`) VALUES ('1825', 'Architektur');
INSERT INTO `SkillSet_skills` (`SkillSet_id`, `skills`) VALUES ('1825', 'Gradle');
INSERT INTO `Hero` (`id`, `firstName`, `lastName`, `role`, `skillSet_id`) VALUES ('1825', '895d4a2f-3b34-4765-82f3-bb2a051b591e', 'c6ec44b8-2a51-4965-ae90-5f61932ba38b', 'LeadEngineer', '1825');
INSERT INTO `SkillSet` (`id`) VALUES ('1826');
INSERT INTO `SkillSet_skills` (`SkillSet_id`, `skills`) VALUES ('1826', 'dotNet');
INSERT INTO `SkillSet_skills` (`SkillSet_id`, `skills`) VALUES ('1826', 'UnitTesting');
INSERT INTO `SkillSet_skills` (`SkillSet_id`, `skills`) VALUES ('1826', 'SQL');
INSERT INTO `Hero` (`id`, `firstName`, `lastName`, `role`, `skillSet_id`) VALUES ('1826', 'f0468d54-24f9-44b7-a763-a1ca004ef5be', '7acce257-9bf2-4b4c-8bc8-6b6d9aea0eff', 'PrincipalConsultant', '1826');
INSERT INTO `SkillSet` (`id`) VALUES ('1827');
INSERT INTO `SkillSet_skills` (`SkillSet_id`, `skills`) VALUES ('1827', 'SQL');
INSERT INTO `Hero` (`id`, `firstName`, `lastName`, `role`, `skillSet_id`) VALUES ('1827', '5716dca2-c04e-40d4-8218-c5ffef32fd53', '81123a9c-8267-4b2e-9478-80780dcfef80', 'LeadEngineer', '1827');
INSERT INTO `SkillSet` (`id`) VALUES ('1828');
INSERT INTO `SkillSet_skills` (`SkillSet_id`, `skills`) VALUES ('1828', 'Architektur');
INSERT INTO `SkillSet_skills` (`SkillSet_id`, `skills`) VALUES ('1828', 'Gradle');
INSERT INTO `SkillSet_skills` (`SkillSet_id`, `skills`) VALUES ('1828', 'UnitTesting');
INSERT INTO `SkillSet_skills` (`SkillSet_id`, `skills`) VALUES ('1828', 'UnitTesting');
INSERT INTO `SkillSet_skills` (`SkillSet_id`, `skills`) VALUES ('1828', 'Architektur');
INSERT INTO `Hero` (`id`, `firstName`, `lastName`, `role`, `skillSet_id`) VALUES ('1828', '8b686755-0a02-4cab-b09f-433fd2138a9a', 'e9c5d467-63cc-4cdc-b047-abe516d27c49', 'LeadSoftwareArchitect', '1828');
INSERT INTO `SkillSet` (`id`) VALUES ('1829');
INSERT INTO `SkillSet_skills` (`SkillSet_id`, `skills`) VALUES ('1829', 'dotNet');
INSERT INTO `Hero` (`id`, `firstName`, `lastName`, `role`, `skillSet_id`) VALUES ('1829', 'c02a020e-80ef-4a5e-b88b-3a0a07ffc9a7', 'f6b30a04-5d00-4aba-b2d9-38a5669a0e1f', 'PrincipalConsultant', '1829');
INSERT INTO `SkillSet` (`id`) VALUES ('1830');
INSERT INTO `SkillSet_skills` (`SkillSet_id`, `skills`) VALUES ('1830', 'SQL');
INSERT INTO `SkillSet_skills` (`SkillSet_id`, `skills`) VALUES ('1830', 'dotNet');
INSERT INTO `SkillSet_skills` (`SkillSet_id`, `skills`) VALUES ('1830', 'Gradle');
INSERT INTO `Hero` (`id`, `firstName`, `lastName`, `role`, `skillSet_id`) VALUES ('1830', '9b58ac2f-e3e9-4ae0-9d02-7008c148c3fd', '18740987-8a8c-4f9e-9ade-1b01564db860', 'LeadSoftwareArchitect', '1830');
INSERT INTO `SkillSet` (`id`) VALUES ('1831');
INSERT INTO `SkillSet_skills` (`SkillSet_id`, `skills`) VALUES ('1831', 'dotNet');
INSERT INTO `SkillSet_skills` (`SkillSet_id`, `skills`) VALUES ('1831', 'Architektur');
INSERT INTO `SkillSet_skills` (`SkillSet_id`, `skills`) VALUES ('1831', 'Gradle');
INSERT INTO `Hero` (`id`, `firstName`, `lastName`, `role`, `skillSet_id`) VALUES ('1831', '7523623e-1713-4597-a553-fde719036871', 'b9cfe893-9132-48c0-8860-5bd202f84986', 'SoftwareEngineer', '1831');
INSERT INTO `SkillSet` (`id`) VALUES ('1832');
INSERT INTO `SkillSet_skills` (`SkillSet_id`, `skills`) VALUES ('1832', 'UnitTesting');
INSERT INTO `SkillSet_skills` (`SkillSet_id`, `skills`) VALUES ('1832', 'Maven');
INSERT INTO `Hero` (`id`, `firstName`, `lastName`, `role`, `skillSet_id`) VALUES ('1832', '7eddcd9b-4915-4edb-95f6-f15b7c707e6f', 'ce7bd60a-2920-4421-bd59-88dc156fb9d6', 'SeniorSoftwareEngineer', '1832');
INSERT INTO `SkillSet` (`id`) VALUES ('1833');
INSERT INTO `SkillSet_skills` (`SkillSet_id`, `skills`) VALUES ('1833', 'UnitTesting');
INSERT INTO `SkillSet_skills` (`SkillSet_id`, `skills`) VALUES ('1833', 'dotNet');
INSERT INTO `SkillSet_skills` (`SkillSet_id`, `skills`) VALUES ('1833', 'dotNet');
INSERT INTO `SkillSet_skills` (`SkillSet_id`, `skills`) VALUES ('1833', 'Ant');
INSERT INTO `SkillSet_skills` (`SkillSet_id`, `skills`) VALUES ('1833', 'UITesting');
INSERT INTO `Hero` (`id`, `firstName`, `lastName`, `role`, `skillSet_id`) VALUES ('1833', '93fdf906-bacf-40c9-922a-50eb381b7f56', '7d699750-24f5-467f-a5b8-f18c595694e1', 'JuniorSoftwareEngineer', '1833');
INSERT INTO `SkillSet` (`id`) VALUES ('1834');
INSERT INTO `SkillSet_skills` (`SkillSet_id`, `skills`) VALUES ('1834', 'dotNet');
INSERT INTO `SkillSet_skills` (`SkillSet_id`, `skills`) VALUES ('1834', 'Ant');
INSERT INTO `Hero` (`id`, `firstName`, `lastName`, `role`, `skillSet_id`) VALUES ('1834', '0b1f0ee6-e5cb-49c7-977b-14ceb92d8e33', 'a9e56b65-4f99-4f82-9154-cffc4c4b26a7', 'LeadEngineer', '1834');
INSERT INTO `SkillSet` (`id`) VALUES ('1835');
INSERT INTO `SkillSet_skills` (`SkillSet_id`, `skills`) VALUES ('1835', 'Java');
INSERT INTO `SkillSet_skills` (`SkillSet_id`, `skills`) VALUES ('1835', 'dotNet');
INSERT INTO `SkillSet_skills` (`SkillSet_id`, `skills`) VALUES ('1835', 'Java');
INSERT INTO `SkillSet_skills` (`SkillSet_id`, `skills`) VALUES ('1835', 'Java');
INSERT INTO `Hero` (`id`, `firstName`, `lastName`, `role`, `skillSet_id`) VALUES ('1835', '027f0661-645e-4313-8467-53e1c60904d3', 'f20cfb35-bf01-49bc-990c-9617debdd83d', 'PrincipalConsultant', '1835');
INSERT INTO `SkillSet` (`id`) VALUES ('1836');
INSERT INTO `SkillSet_skills` (`SkillSet_id`, `skills`) VALUES ('1836', 'dotNet');
INSERT INTO `Hero` (`id`, `firstName`, `lastName`, `role`, `skillSet_id`) VALUES ('1836', '62a2cfe9-6bd4-4891-b6ef-b7f3ddad8f20', '0ff13359-8acb-4278-93cc-066062fd9f07', 'SeniorSoftwareEngineer', '1836');
INSERT INTO `SkillSet` (`id`) VALUES ('1837');
INSERT INTO `SkillSet_skills` (`SkillSet_id`, `skills`) VALUES ('1837', 'Architektur');
INSERT INTO `SkillSet_skills` (`SkillSet_id`, `skills`) VALUES ('1837', 'UnitTesting');
INSERT INTO `SkillSet_skills` (`SkillSet_id`, `skills`) VALUES ('1837', 'dotNet');
INSERT INTO `SkillSet_skills` (`SkillSet_id`, `skills`) VALUES ('1837', 'Architektur');
INSERT INTO `Hero` (`id`, `firstName`, `lastName`, `role`, `skillSet_id`) VALUES ('1837', 'b7887077-b5fd-49c0-a0be-52f409779330', 'cebc725c-dfe9-419c-a308-79d5a1963248', 'LeadEngineer', '1837');
INSERT INTO `SkillSet` (`id`) VALUES ('1838');
INSERT INTO `SkillSet_skills` (`SkillSet_id`, `skills`) VALUES ('1838', 'Architektur');
INSERT INTO `SkillSet_skills` (`SkillSet_id`, `skills`) VALUES ('1838', 'Maven');
INSERT INTO `SkillSet_skills` (`SkillSet_id`, `skills`) VALUES ('1838', 'dotNet');
INSERT INTO `SkillSet_skills` (`SkillSet_id`, `skills`) VALUES ('1838', 'Gradle');
INSERT INTO `SkillSet_skills` (`SkillSet_id`, `skills`) VALUES ('1838', 'Architektur');
INSERT INTO `Hero` (`id`, `firstName`, `lastName`, `role`, `skillSet_id`) VALUES ('1838', '3af6c774-b318-45c1-a293-935c90f12d99', 'bbe88be1-1487-4dd3-8dbc-bad78169c759', 'PrincipalConsultant', '1838');
INSERT INTO `SkillSet` (`id`) VALUES ('1839');
INSERT INTO `SkillSet_skills` (`SkillSet_id`, `skills`) VALUES ('1839', 'Java');
INSERT INTO `SkillSet_skills` (`SkillSet_id`, `skills`) VALUES ('1839', 'Java');
INSERT INTO `SkillSet_skills` (`SkillSet_id`, `skills`) VALUES ('1839', 'Architektur');
INSERT INTO `SkillSet_skills` (`SkillSet_id`, `skills`) VALUES ('1839', 'SQL');
INSERT INTO `SkillSet_skills` (`SkillSet_id`, `skills`) VALUES ('1839', 'Maven');
INSERT INTO `Hero` (`id`, `firstName`, `lastName`, `role`, `skillSet_id`) VALUES ('1839', 'd75c82bd-cb4b-4991-a6a4-5735694d7cb3', 'ccc47b78-bb4c-4ae4-a860-944cd25c9c50', 'SeniorSoftwareEngineer', '1839');
INSERT INTO `SkillSet` (`id`) VALUES ('1840');
INSERT INTO `SkillSet_skills` (`SkillSet_id`, `skills`) VALUES ('1840', 'Ant');
INSERT INTO `SkillSet_skills` (`SkillSet_id`, `skills`) VALUES ('1840', 'Architektur');
INSERT INTO `SkillSet_skills` (`SkillSet_id`, `skills`) VALUES ('1840', 'Architektur');
INSERT INTO `SkillSet_skills` (`SkillSet_id`, `skills`) VALUES ('1840', 'Gradle');
INSERT INTO `Hero` (`id`, `firstName`, `lastName`, `role`, `skillSet_id`) VALUES ('1840', '9d0cc073-78b1-4385-a0ec-b390dadeb009', '363f50cf-76cf-4e4a-a02a-3d2df8f30e99', 'LeadSoftwareArchitect', '1840');
INSERT INTO `SkillSet` (`id`) VALUES ('1841');
INSERT INTO `SkillSet_skills` (`SkillSet_id`, `skills`) VALUES ('1841', 'Java');
INSERT INTO `SkillSet_skills` (`SkillSet_id`, `skills`) VALUES ('1841', 'dotNet');
INSERT INTO `Hero` (`id`, `firstName`, `lastName`, `role`, `skillSet_id`) VALUES ('1841', '2fc218a6-8d66-4e47-9864-b4bce92c367e', '9c3b57f7-e8db-4c2a-a1aa-b775284a52c8', 'JuniorSoftwareEngineer', '1841');
INSERT INTO `SkillSet` (`id`) VALUES ('1842');
INSERT INTO `SkillSet_skills` (`SkillSet_id`, `skills`) VALUES ('1842', 'UnitTesting');
INSERT INTO `Hero` (`id`, `firstName`, `lastName`, `role`, `skillSet_id`) VALUES ('1842', '73acfa67-da02-4ce0-ab27-6c7191f29553', '43cc48da-b904-4980-8d9b-52a8fb9c1d66', 'PrincipalConsultant', '1842');
INSERT INTO `SkillSet` (`id`) VALUES ('1843');
INSERT INTO `SkillSet_skills` (`SkillSet_id`, `skills`) VALUES ('1843', 'Java');
INSERT INTO `Hero` (`id`, `firstName`, `lastName`, `role`, `skillSet_id`) VALUES ('1843', '45bc3ccf-0da5-46bc-b7a1-0bd181b058f1', '23be92ff-8a69-42ed-be9b-5332d147e02d', 'SeniorSoftwareEngineer', '1843');
INSERT INTO `SkillSet` (`id`) VALUES ('1844');
INSERT INTO `SkillSet_skills` (`SkillSet_id`, `skills`) VALUES ('1844', 'Gradle');
INSERT INTO `SkillSet_skills` (`SkillSet_id`, `skills`) VALUES ('1844', 'Gradle');
INSERT INTO `Hero` (`id`, `firstName`, `lastName`, `role`, `skillSet_id`) VALUES ('1844', '7ec7b13b-027a-41c5-9cfe-81c5d4a11d3e', 'e0c31237-a301-478e-bd4e-bf620b12b18f', 'LeadEngineer', '1844');
INSERT INTO `SkillSet` (`id`) VALUES ('1845');
INSERT INTO `SkillSet_skills` (`SkillSet_id`, `skills`) VALUES ('1845', 'Maven');
INSERT INTO `SkillSet_skills` (`SkillSet_id`, `skills`) VALUES ('1845', 'Architektur');
INSERT INTO `SkillSet_skills` (`SkillSet_id`, `skills`) VALUES ('1845', 'Architektur');
INSERT INTO `SkillSet_skills` (`SkillSet_id`, `skills`) VALUES ('1845', 'Architektur');
INSERT INTO `Hero` (`id`, `firstName`, `lastName`, `role`, `skillSet_id`) VALUES ('1845', '882ca4b7-fcf7-42bb-a392-203341c07bf3', 'd0b4676b-5299-42aa-b659-f1fa2690a8b9', 'SoftwareEngineer', '1845');
INSERT INTO `SkillSet` (`id`) VALUES ('1846');
INSERT INTO `SkillSet_skills` (`SkillSet_id`, `skills`) VALUES ('1846', 'dotNet');
INSERT INTO `SkillSet_skills` (`SkillSet_id`, `skills`) VALUES ('1846', 'UnitTesting');
INSERT INTO `SkillSet_skills` (`SkillSet_id`, `skills`) VALUES ('1846', 'Ant');
INSERT INTO `SkillSet_skills` (`SkillSet_id`, `skills`) VALUES ('1846', 'dotNet');
INSERT INTO `Hero` (`id`, `firstName`, `lastName`, `role`, `skillSet_id`) VALUES ('1846', 'a804b35a-6e87-4677-a955-332c7c840586', '16e7f033-20bd-4f69-afba-9559285f1304', 'PrincipalConsultant', '1846');
INSERT INTO `SkillSet` (`id`) VALUES ('1847');
INSERT INTO `SkillSet_skills` (`SkillSet_id`, `skills`) VALUES ('1847', 'Ant');
INSERT INTO `SkillSet_skills` (`SkillSet_id`, `skills`) VALUES ('1847', 'Maven');
INSERT INTO `SkillSet_skills` (`SkillSet_id`, `skills`) VALUES ('1847', 'dotNet');
INSERT INTO `Hero` (`id`, `firstName`, `lastName`, `role`, `skillSet_id`) VALUES ('1847', '254cd5fb-8fca-4ee1-a1cc-3d79e42cdee1', '0a0daf5b-e901-4186-b0e3-7c88b1d28a60', 'JuniorSoftwareEngineer', '1847');
INSERT INTO `SkillSet` (`id`) VALUES ('1848');
INSERT INTO `SkillSet_skills` (`SkillSet_id`, `skills`) VALUES ('1848', 'Architektur');
INSERT INTO `SkillSet_skills` (`SkillSet_id`, `skills`) VALUES ('1848', 'dotNet');
INSERT INTO `SkillSet_skills` (`SkillSet_id`, `skills`) VALUES ('1848', 'Gradle');
INSERT INTO `SkillSet_skills` (`SkillSet_id`, `skills`) VALUES ('1848', 'Architektur');
INSERT INTO `SkillSet_skills` (`SkillSet_id`, `skills`) VALUES ('1848', 'SQL');
INSERT INTO `Hero` (`id`, `firstName`, `lastName`, `role`, `skillSet_id`) VALUES ('1848', '5cf575c3-e6bd-4ec5-951a-69db2809cb5a', 'ab6f8d2b-1336-4b18-a2c5-b9dbb98af880', 'SeniorSoftwareEngineer', '1848');
INSERT INTO `SkillSet` (`id`) VALUES ('1849');
INSERT INTO `SkillSet_skills` (`SkillSet_id`, `skills`) VALUES ('1849', 'SQL');
INSERT INTO `SkillSet_skills` (`SkillSet_id`, `skills`) VALUES ('1849', 'Ant');
INSERT INTO `SkillSet_skills` (`SkillSet_id`, `skills`) VALUES ('1849', 'Architektur');
INSERT INTO `SkillSet_skills` (`SkillSet_id`, `skills`) VALUES ('1849', 'Gradle');
INSERT INTO `SkillSet_skills` (`SkillSet_id`, `skills`) VALUES ('1849', 'Architektur');
INSERT INTO `Hero` (`id`, `firstName`, `lastName`, `role`, `skillSet_id`) VALUES ('1849', '2d6b6253-3250-4760-ae5b-c698c19755bb', 'b0e11091-0236-4352-b62f-5349ce4ddcef', 'JuniorSoftwareEngineer', '1849');
INSERT INTO `SkillSet` (`id`) VALUES ('1850');
INSERT INTO `SkillSet_skills` (`SkillSet_id`, `skills`) VALUES ('1850', 'UnitTesting');
INSERT INTO `SkillSet_skills` (`SkillSet_id`, `skills`) VALUES ('1850', 'Java');
INSERT INTO `SkillSet_skills` (`SkillSet_id`, `skills`) VALUES ('1850', 'Architektur');
INSERT INTO `SkillSet_skills` (`SkillSet_id`, `skills`) VALUES ('1850', 'UnitTesting');
INSERT INTO `Hero` (`id`, `firstName`, `lastName`, `role`, `skillSet_id`) VALUES ('1850', 'c2643d9d-be62-47d7-a25a-467ebfe7ef93', '0a002ec6-15c1-4cdc-ad32-e1774387a18c', 'SeniorSoftwareEngineer', '1850');
INSERT INTO `SkillSet` (`id`) VALUES ('1851');
INSERT INTO `SkillSet_skills` (`SkillSet_id`, `skills`) VALUES ('1851', 'UnitTesting');
INSERT INTO `Hero` (`id`, `firstName`, `lastName`, `role`, `skillSet_id`) VALUES ('1851', '04ecfd26-acb4-4a70-a031-3d07e5b33364', '742bdcf0-c5da-4363-b512-34d49595e5ef', 'JuniorSoftwareEngineer', '1851');
INSERT INTO `SkillSet` (`id`) VALUES ('1852');
INSERT INTO `SkillSet_skills` (`SkillSet_id`, `skills`) VALUES ('1852', 'dotNet');
INSERT INTO `SkillSet_skills` (`SkillSet_id`, `skills`) VALUES ('1852', 'Ant');
INSERT INTO `Hero` (`id`, `firstName`, `lastName`, `role`, `skillSet_id`) VALUES ('1852', '6dfc9a3b-2bb8-4a4f-b3ea-111bdd63990b', '7c269fd5-e85f-45a6-92c0-b56dd8f4465f', 'LeadSoftwareArchitect', '1852');
INSERT INTO `SkillSet` (`id`) VALUES ('1853');
INSERT INTO `SkillSet_skills` (`SkillSet_id`, `skills`) VALUES ('1853', 'Maven');
INSERT INTO `SkillSet_skills` (`SkillSet_id`, `skills`) VALUES ('1853', 'Gradle');
INSERT INTO `SkillSet_skills` (`SkillSet_id`, `skills`) VALUES ('1853', 'UITesting');
INSERT INTO `SkillSet_skills` (`SkillSet_id`, `skills`) VALUES ('1853', 'dotNet');
INSERT INTO `SkillSet_skills` (`SkillSet_id`, `skills`) VALUES ('1853', 'Ant');
INSERT INTO `Hero` (`id`, `firstName`, `lastName`, `role`, `skillSet_id`) VALUES ('1853', 'f64cdfdf-bcc5-4f02-bee2-14fc33778827', 'f0f34118-3571-4364-b69f-3e3df81dc063', 'JuniorSoftwareEngineer', '1853');
INSERT INTO `SkillSet` (`id`) VALUES ('1854');
INSERT INTO `SkillSet_skills` (`SkillSet_id`, `skills`) VALUES ('1854', 'Architektur');
INSERT INTO `SkillSet_skills` (`SkillSet_id`, `skills`) VALUES ('1854', 'dotNet');
INSERT INTO `SkillSet_skills` (`SkillSet_id`, `skills`) VALUES ('1854', 'SQL');
INSERT INTO `SkillSet_skills` (`SkillSet_id`, `skills`) VALUES ('1854', 'UITesting');
INSERT INTO `Hero` (`id`, `firstName`, `lastName`, `role`, `skillSet_id`) VALUES ('1854', 'e50338bb-caf9-4d89-8985-3f9627cf0da8', '73b6768d-f0ca-42d4-8e56-cb85786ad240', 'LeadEngineer', '1854');
INSERT INTO `SkillSet` (`id`) VALUES ('1855');
INSERT INTO `SkillSet_skills` (`SkillSet_id`, `skills`) VALUES ('1855', 'UITesting');
INSERT INTO `SkillSet_skills` (`SkillSet_id`, `skills`) VALUES ('1855', 'UnitTesting');
INSERT INTO `Hero` (`id`, `firstName`, `lastName`, `role`, `skillSet_id`) VALUES ('1855', '84f07a80-e2f3-40a7-93e4-20bd0ea3d23e', '702b0126-28b3-42f3-a135-5d4221856b97', 'SoftwareEngineer', '1855');
INSERT INTO `SkillSet` (`id`) VALUES ('1856');
INSERT INTO `SkillSet_skills` (`SkillSet_id`, `skills`) VALUES ('1856', 'UITesting');
INSERT INTO `SkillSet_skills` (`SkillSet_id`, `skills`) VALUES ('1856', 'SQL');
INSERT INTO `Hero` (`id`, `firstName`, `lastName`, `role`, `skillSet_id`) VALUES ('1856', '23766ab5-835e-4a92-9df5-e7eb2a31a452', '356b38bc-433f-4379-9326-add96c4f2442', 'PrincipalConsultant', '1856');
INSERT INTO `SkillSet` (`id`) VALUES ('1857');
INSERT INTO `SkillSet_skills` (`SkillSet_id`, `skills`) VALUES ('1857', 'Ant');
INSERT INTO `Hero` (`id`, `firstName`, `lastName`, `role`, `skillSet_id`) VALUES ('1857', 'a28e30ad-102f-41bf-b0b0-96ce27ded8b5', '3d91dae8-f233-4fff-a18d-088bbb9d2b4e', 'JuniorSoftwareEngineer', '1857');
INSERT INTO `SkillSet` (`id`) VALUES ('1858');
INSERT INTO `SkillSet_skills` (`SkillSet_id`, `skills`) VALUES ('1858', 'SQL');
INSERT INTO `SkillSet_skills` (`SkillSet_id`, `skills`) VALUES ('1858', 'Ant');
INSERT INTO `SkillSet_skills` (`SkillSet_id`, `skills`) VALUES ('1858', 'Java');
INSERT INTO `Hero` (`id`, `firstName`, `lastName`, `role`, `skillSet_id`) VALUES ('1858', '850482e0-cdee-4f10-b155-4c66491688ab', '238378df-f7a4-4151-baf3-8e70b6f50883', 'LeadEngineer', '1858');
INSERT INTO `SkillSet` (`id`) VALUES ('1859');
INSERT INTO `SkillSet_skills` (`SkillSet_id`, `skills`) VALUES ('1859', 'Maven');
INSERT INTO `Hero` (`id`, `firstName`, `lastName`, `role`, `skillSet_id`) VALUES ('1859', 'dd32a108-e366-45dc-bb07-23d73e1b0354', '64c549f1-2c6b-48c2-9277-c78afa5f78b0', 'LeadSoftwareArchitect', '1859');
INSERT INTO `SkillSet` (`id`) VALUES ('1860');
INSERT INTO `SkillSet_skills` (`SkillSet_id`, `skills`) VALUES ('1860', 'dotNet');
INSERT INTO `SkillSet_skills` (`SkillSet_id`, `skills`) VALUES ('1860', 'UITesting');
INSERT INTO `SkillSet_skills` (`SkillSet_id`, `skills`) VALUES ('1860', 'UITesting');
INSERT INTO `Hero` (`id`, `firstName`, `lastName`, `role`, `skillSet_id`) VALUES ('1860', '72ffdea1-6de3-4692-9b93-d35650d35f46', 'c0f8c8e3-78cd-4749-b5e6-efe01a816806', 'JuniorSoftwareEngineer', '1860');
INSERT INTO `SkillSet` (`id`) VALUES ('1861');
INSERT INTO `SkillSet_skills` (`SkillSet_id`, `skills`) VALUES ('1861', 'Maven');
INSERT INTO `SkillSet_skills` (`SkillSet_id`, `skills`) VALUES ('1861', 'Java');
INSERT INTO `SkillSet_skills` (`SkillSet_id`, `skills`) VALUES ('1861', 'Gradle');
INSERT INTO `Hero` (`id`, `firstName`, `lastName`, `role`, `skillSet_id`) VALUES ('1861', '00ea47b7-7e87-4698-93ae-c8b0946018db', '4b2f2586-9524-48dd-988f-1a9ad061251f', 'SeniorSoftwareEngineer', '1861');
INSERT INTO `SkillSet` (`id`) VALUES ('1862');
INSERT INTO `SkillSet_skills` (`SkillSet_id`, `skills`) VALUES ('1862', 'UITesting');
INSERT INTO `SkillSet_skills` (`SkillSet_id`, `skills`) VALUES ('1862', 'SQL');
INSERT INTO `Hero` (`id`, `firstName`, `lastName`, `role`, `skillSet_id`) VALUES ('1862', '358b29bf-553e-456c-9ded-693a034eabba', '8b7d60d5-3386-468c-bfa0-3b2a815a0f71', 'SeniorSoftwareEngineer', '1862');
INSERT INTO `SkillSet` (`id`) VALUES ('1863');
INSERT INTO `SkillSet_skills` (`SkillSet_id`, `skills`) VALUES ('1863', 'UITesting');
INSERT INTO `SkillSet_skills` (`SkillSet_id`, `skills`) VALUES ('1863', 'UnitTesting');
INSERT INTO `SkillSet_skills` (`SkillSet_id`, `skills`) VALUES ('1863', 'SQL');
INSERT INTO `SkillSet_skills` (`SkillSet_id`, `skills`) VALUES ('1863', 'UITesting');
INSERT INTO `SkillSet_skills` (`SkillSet_id`, `skills`) VALUES ('1863', 'Ant');
INSERT INTO `Hero` (`id`, `firstName`, `lastName`, `role`, `skillSet_id`) VALUES ('1863', 'a2ee0fef-a842-4506-97a4-ed10bd003ca6', 'b91e783a-34ab-41b0-bd73-1fb4d9d9716b', 'PrincipalConsultant', '1863');
INSERT INTO `SkillSet` (`id`) VALUES ('1864');
INSERT INTO `SkillSet_skills` (`SkillSet_id`, `skills`) VALUES ('1864', 'Gradle');
INSERT INTO `SkillSet_skills` (`SkillSet_id`, `skills`) VALUES ('1864', 'UITesting');
INSERT INTO `SkillSet_skills` (`SkillSet_id`, `skills`) VALUES ('1864', 'dotNet');
INSERT INTO `SkillSet_skills` (`SkillSet_id`, `skills`) VALUES ('1864', 'UITesting');
INSERT INTO `Hero` (`id`, `firstName`, `lastName`, `role`, `skillSet_id`) VALUES ('1864', '28d935c4-04e5-41c3-9b3c-90665e4580cf', '8925cb56-d3d1-4f15-8e77-700414f42730', 'JuniorSoftwareEngineer', '1864');
INSERT INTO `SkillSet` (`id`) VALUES ('1865');
INSERT INTO `SkillSet_skills` (`SkillSet_id`, `skills`) VALUES ('1865', 'Java');
INSERT INTO `SkillSet_skills` (`SkillSet_id`, `skills`) VALUES ('1865', 'Java');
INSERT INTO `SkillSet_skills` (`SkillSet_id`, `skills`) VALUES ('1865', 'UnitTesting');
INSERT INTO `SkillSet_skills` (`SkillSet_id`, `skills`) VALUES ('1865', 'Ant');
INSERT INTO `Hero` (`id`, `firstName`, `lastName`, `role`, `skillSet_id`) VALUES ('1865', '7b6dfa3e-1ecf-41d2-8f83-0f206d0d3db3', '4dd25cdf-e06d-4cdb-9155-5083aa9bfc2f', 'JuniorSoftwareEngineer', '1865');
INSERT INTO `SkillSet` (`id`) VALUES ('1866');
INSERT INTO `SkillSet_skills` (`SkillSet_id`, `skills`) VALUES ('1866', 'Java');
INSERT INTO `SkillSet_skills` (`SkillSet_id`, `skills`) VALUES ('1866', 'Java');
INSERT INTO `Hero` (`id`, `firstName`, `lastName`, `role`, `skillSet_id`) VALUES ('1866', 'b27d43b9-2589-4d92-8df3-88c439240142', 'c51cc891-60ef-4548-abeb-30abc61c1580', 'SeniorSoftwareEngineer', '1866');
INSERT INTO `SkillSet` (`id`) VALUES ('1867');
INSERT INTO `SkillSet_skills` (`SkillSet_id`, `skills`) VALUES ('1867', 'UnitTesting');
INSERT INTO `SkillSet_skills` (`SkillSet_id`, `skills`) VALUES ('1867', 'SQL');
INSERT INTO `SkillSet_skills` (`SkillSet_id`, `skills`) VALUES ('1867', 'Ant');
INSERT INTO `SkillSet_skills` (`SkillSet_id`, `skills`) VALUES ('1867', 'Java');
INSERT INTO `SkillSet_skills` (`SkillSet_id`, `skills`) VALUES ('1867', 'UnitTesting');
INSERT INTO `Hero` (`id`, `firstName`, `lastName`, `role`, `skillSet_id`) VALUES ('1867', 'b7587131-6188-4654-bbf4-1fb994c046ee', '689a960c-1a6a-46d6-9a87-eecdf84be636', 'SeniorSoftwareEngineer', '1867');
INSERT INTO `SkillSet` (`id`) VALUES ('1868');
INSERT INTO `SkillSet_skills` (`SkillSet_id`, `skills`) VALUES ('1868', 'Ant');
INSERT INTO `SkillSet_skills` (`SkillSet_id`, `skills`) VALUES ('1868', 'Maven');
INSERT INTO `SkillSet_skills` (`SkillSet_id`, `skills`) VALUES ('1868', 'Java');
INSERT INTO `Hero` (`id`, `firstName`, `lastName`, `role`, `skillSet_id`) VALUES ('1868', '913ea00f-8a45-48ba-985d-b1d46b83e6b7', '0fc81bfc-1b6c-4973-b727-e1e1c8d3e2e5', 'PrincipalConsultant', '1868');
INSERT INTO `SkillSet` (`id`) VALUES ('1869');
INSERT INTO `SkillSet_skills` (`SkillSet_id`, `skills`) VALUES ('1869', 'Java');
INSERT INTO `SkillSet_skills` (`SkillSet_id`, `skills`) VALUES ('1869', 'Ant');
INSERT INTO `SkillSet_skills` (`SkillSet_id`, `skills`) VALUES ('1869', 'UITesting');
INSERT INTO `SkillSet_skills` (`SkillSet_id`, `skills`) VALUES ('1869', 'Architektur');
INSERT INTO `Hero` (`id`, `firstName`, `lastName`, `role`, `skillSet_id`) VALUES ('1869', 'aef03fea-07a3-49fc-a659-2ff360583348', '6b2a358e-b410-4ffe-92f1-885cf7fee32a', 'SoftwareEngineer', '1869');
INSERT INTO `SkillSet` (`id`) VALUES ('1870');
INSERT INTO `SkillSet_skills` (`SkillSet_id`, `skills`) VALUES ('1870', 'Ant');
INSERT INTO `SkillSet_skills` (`SkillSet_id`, `skills`) VALUES ('1870', 'dotNet');
INSERT INTO `SkillSet_skills` (`SkillSet_id`, `skills`) VALUES ('1870', 'Gradle');
INSERT INTO `Hero` (`id`, `firstName`, `lastName`, `role`, `skillSet_id`) VALUES ('1870', '41e9ea71-9a74-4cae-8b75-9f543226290c', 'f4d648e1-a619-4adb-ad8f-5983df0e333a', 'PrincipalConsultant', '1870');
INSERT INTO `SkillSet` (`id`) VALUES ('1871');
INSERT INTO `SkillSet_skills` (`SkillSet_id`, `skills`) VALUES ('1871', 'UITesting');
INSERT INTO `Hero` (`id`, `firstName`, `lastName`, `role`, `skillSet_id`) VALUES ('1871', '6b8cc395-eadb-4943-aa5c-433f785e69f1', 'dd4ca23a-cccb-426f-a599-6c38504d94b5', 'SoftwareEngineer', '1871');
INSERT INTO `SkillSet` (`id`) VALUES ('1872');
INSERT INTO `SkillSet_skills` (`SkillSet_id`, `skills`) VALUES ('1872', 'Ant');
INSERT INTO `SkillSet_skills` (`SkillSet_id`, `skills`) VALUES ('1872', 'Maven');
INSERT INTO `SkillSet_skills` (`SkillSet_id`, `skills`) VALUES ('1872', 'Ant');
INSERT INTO `SkillSet_skills` (`SkillSet_id`, `skills`) VALUES ('1872', 'Ant');
INSERT INTO `Hero` (`id`, `firstName`, `lastName`, `role`, `skillSet_id`) VALUES ('1872', '2aa778e3-bd83-4bff-b7f2-45e705a5132b', 'a20d3c20-903f-412b-966a-b59481df9641', 'LeadSoftwareArchitect', '1872');
INSERT INTO `SkillSet` (`id`) VALUES ('1873');
INSERT INTO `SkillSet_skills` (`SkillSet_id`, `skills`) VALUES ('1873', 'Maven');
INSERT INTO `SkillSet_skills` (`SkillSet_id`, `skills`) VALUES ('1873', 'Gradle');
INSERT INTO `Hero` (`id`, `firstName`, `lastName`, `role`, `skillSet_id`) VALUES ('1873', '4db18e63-5d98-4389-921e-7580727de30b', '1f5d0af5-1d70-4112-8c1c-b5ef3cdb82f9', 'LeadEngineer', '1873');
INSERT INTO `SkillSet` (`id`) VALUES ('1874');
INSERT INTO `SkillSet_skills` (`SkillSet_id`, `skills`) VALUES ('1874', 'UnitTesting');
INSERT INTO `SkillSet_skills` (`SkillSet_id`, `skills`) VALUES ('1874', 'Architektur');
INSERT INTO `SkillSet_skills` (`SkillSet_id`, `skills`) VALUES ('1874', 'SQL');
INSERT INTO `Hero` (`id`, `firstName`, `lastName`, `role`, `skillSet_id`) VALUES ('1874', '0ac06165-4152-4bc4-abd2-11b87a778ead', 'f82b5821-5296-4587-ab48-ff8ca8aeb1ac', 'LeadSoftwareArchitect', '1874');
INSERT INTO `SkillSet` (`id`) VALUES ('1875');
INSERT INTO `SkillSet_skills` (`SkillSet_id`, `skills`) VALUES ('1875', 'dotNet');
INSERT INTO `SkillSet_skills` (`SkillSet_id`, `skills`) VALUES ('1875', 'Maven');
INSERT INTO `SkillSet_skills` (`SkillSet_id`, `skills`) VALUES ('1875', 'Ant');
INSERT INTO `SkillSet_skills` (`SkillSet_id`, `skills`) VALUES ('1875', 'dotNet');
INSERT INTO `Hero` (`id`, `firstName`, `lastName`, `role`, `skillSet_id`) VALUES ('1875', '7f93c786-fa4f-4c17-a9f9-c8a0cd7f6511', '4892f34b-9220-410a-80cc-a0bf2637caed', 'LeadSoftwareArchitect', '1875');
INSERT INTO `SkillSet` (`id`) VALUES ('1876');
INSERT INTO `SkillSet_skills` (`SkillSet_id`, `skills`) VALUES ('1876', 'Gradle');
INSERT INTO `SkillSet_skills` (`SkillSet_id`, `skills`) VALUES ('1876', 'Maven');
INSERT INTO `SkillSet_skills` (`SkillSet_id`, `skills`) VALUES ('1876', 'UITesting');
INSERT INTO `Hero` (`id`, `firstName`, `lastName`, `role`, `skillSet_id`) VALUES ('1876', 'c7a8002d-df10-4dcd-ba3e-db217da9f77a', 'c27c510b-c3c8-4025-9ea9-cd254acffbba', 'SoftwareEngineer', '1876');
INSERT INTO `SkillSet` (`id`) VALUES ('1877');
INSERT INTO `SkillSet_skills` (`SkillSet_id`, `skills`) VALUES ('1877', 'Maven');
INSERT INTO `SkillSet_skills` (`SkillSet_id`, `skills`) VALUES ('1877', 'Architektur');
INSERT INTO `Hero` (`id`, `firstName`, `lastName`, `role`, `skillSet_id`) VALUES ('1877', '6fc4f88f-2127-43a6-ad41-7eb545fee94f', '7a4a0e5e-f117-4bdb-a9b2-d1f19175c0a5', 'PrincipalConsultant', '1877');
INSERT INTO `SkillSet` (`id`) VALUES ('1878');
INSERT INTO `SkillSet_skills` (`SkillSet_id`, `skills`) VALUES ('1878', 'Java');
INSERT INTO `SkillSet_skills` (`SkillSet_id`, `skills`) VALUES ('1878', 'SQL');
INSERT INTO `SkillSet_skills` (`SkillSet_id`, `skills`) VALUES ('1878', 'Architektur');
INSERT INTO `SkillSet_skills` (`SkillSet_id`, `skills`) VALUES ('1878', 'dotNet');
INSERT INTO `Hero` (`id`, `firstName`, `lastName`, `role`, `skillSet_id`) VALUES ('1878', '7ef612eb-c07e-4bad-816e-ebf7440ac9b6', '855a4cbd-da9e-4b34-8c9c-e17abb5ee09f', 'SeniorSoftwareEngineer', '1878');
INSERT INTO `SkillSet` (`id`) VALUES ('1879');
INSERT INTO `SkillSet_skills` (`SkillSet_id`, `skills`) VALUES ('1879', 'SQL');
INSERT INTO `SkillSet_skills` (`SkillSet_id`, `skills`) VALUES ('1879', 'Maven');
INSERT INTO `SkillSet_skills` (`SkillSet_id`, `skills`) VALUES ('1879', 'Gradle');
INSERT INTO `SkillSet_skills` (`SkillSet_id`, `skills`) VALUES ('1879', 'Java');
INSERT INTO `SkillSet_skills` (`SkillSet_id`, `skills`) VALUES ('1879', 'Architektur');
INSERT INTO `Hero` (`id`, `firstName`, `lastName`, `role`, `skillSet_id`) VALUES ('1879', 'f9768e82-4984-41b3-a4cc-a4548104b42d', 'db9fdeb8-484f-4b65-97af-e7ec194b1c70', 'LeadSoftwareArchitect', '1879');
INSERT INTO `SkillSet` (`id`) VALUES ('1880');
INSERT INTO `SkillSet_skills` (`SkillSet_id`, `skills`) VALUES ('1880', 'UnitTesting');
INSERT INTO `Hero` (`id`, `firstName`, `lastName`, `role`, `skillSet_id`) VALUES ('1880', '0aab9c4d-0177-4ab9-854f-c6d8407ba0fc', 'bb15ebd9-2b37-4cc8-8aac-9afadf7f2657', 'SoftwareEngineer', '1880');
INSERT INTO `SkillSet` (`id`) VALUES ('1881');
INSERT INTO `SkillSet_skills` (`SkillSet_id`, `skills`) VALUES ('1881', 'Java');
INSERT INTO `SkillSet_skills` (`SkillSet_id`, `skills`) VALUES ('1881', 'Gradle');
INSERT INTO `SkillSet_skills` (`SkillSet_id`, `skills`) VALUES ('1881', 'UnitTesting');
INSERT INTO `SkillSet_skills` (`SkillSet_id`, `skills`) VALUES ('1881', 'dotNet');
INSERT INTO `Hero` (`id`, `firstName`, `lastName`, `role`, `skillSet_id`) VALUES ('1881', 'fdc4e429-c463-4ef2-bfdc-191f403b7b8f', 'c5d1ff90-2f7d-45c6-ab2e-dd749ae9ab6f', 'LeadSoftwareArchitect', '1881');
INSERT INTO `SkillSet` (`id`) VALUES ('1882');
INSERT INTO `SkillSet_skills` (`SkillSet_id`, `skills`) VALUES ('1882', 'UITesting');
INSERT INTO `SkillSet_skills` (`SkillSet_id`, `skills`) VALUES ('1882', 'UITesting');
INSERT INTO `SkillSet_skills` (`SkillSet_id`, `skills`) VALUES ('1882', 'Java');
INSERT INTO `Hero` (`id`, `firstName`, `lastName`, `role`, `skillSet_id`) VALUES ('1882', '5486dcfc-cae7-45a1-9eda-bb3e2a3e7b08', 'bcce6ca4-b198-41aa-8ab1-115ba026bf4b', 'LeadEngineer', '1882');
INSERT INTO `SkillSet` (`id`) VALUES ('1883');
INSERT INTO `SkillSet_skills` (`SkillSet_id`, `skills`) VALUES ('1883', 'SQL');
INSERT INTO `Hero` (`id`, `firstName`, `lastName`, `role`, `skillSet_id`) VALUES ('1883', 'f2edbdad-b9ef-4727-9446-e9fb79404810', '74d3f402-a976-464f-b513-4e64f396cf3a', 'SeniorSoftwareEngineer', '1883');
INSERT INTO `SkillSet` (`id`) VALUES ('1884');
INSERT INTO `SkillSet_skills` (`SkillSet_id`, `skills`) VALUES ('1884', 'Gradle');
INSERT INTO `SkillSet_skills` (`SkillSet_id`, `skills`) VALUES ('1884', 'Maven');
INSERT INTO `Hero` (`id`, `firstName`, `lastName`, `role`, `skillSet_id`) VALUES ('1884', '57bcaf9c-e92c-4c95-a49b-acb9f2fb63a1', '43dc344d-5024-4a64-83fe-98c199c1eba7', 'SoftwareEngineer', '1884');
INSERT INTO `SkillSet` (`id`) VALUES ('1885');
INSERT INTO `SkillSet_skills` (`SkillSet_id`, `skills`) VALUES ('1885', 'SQL');
INSERT INTO `SkillSet_skills` (`SkillSet_id`, `skills`) VALUES ('1885', 'UITesting');
INSERT INTO `SkillSet_skills` (`SkillSet_id`, `skills`) VALUES ('1885', 'dotNet');
INSERT INTO `SkillSet_skills` (`SkillSet_id`, `skills`) VALUES ('1885', 'Maven');
INSERT INTO `Hero` (`id`, `firstName`, `lastName`, `role`, `skillSet_id`) VALUES ('1885', 'd9d77d24-26a3-4df9-8f1b-317e2ce09248', '6511632c-1636-4703-bcbb-36335e42807f', 'PrincipalConsultant', '1885');
INSERT INTO `SkillSet` (`id`) VALUES ('1886');
INSERT INTO `SkillSet_skills` (`SkillSet_id`, `skills`) VALUES ('1886', 'Java');
INSERT INTO `SkillSet_skills` (`SkillSet_id`, `skills`) VALUES ('1886', 'Architektur');
INSERT INTO `Hero` (`id`, `firstName`, `lastName`, `role`, `skillSet_id`) VALUES ('1886', '3cf6ceb5-15b6-4f0f-8f12-3d9b4f7f6882', 'a43e50bb-36fc-45be-9fa5-bcf7123707a5', 'LeadSoftwareArchitect', '1886');
INSERT INTO `SkillSet` (`id`) VALUES ('1887');
INSERT INTO `SkillSet_skills` (`SkillSet_id`, `skills`) VALUES ('1887', 'Java');
INSERT INTO `Hero` (`id`, `firstName`, `lastName`, `role`, `skillSet_id`) VALUES ('1887', '78f40077-5899-47a8-912b-7275e1eeeba2', '0cdbded7-7e2b-4d90-a4c8-071aabc2a225', 'PrincipalConsultant', '1887');
INSERT INTO `SkillSet` (`id`) VALUES ('1888');
INSERT INTO `SkillSet_skills` (`SkillSet_id`, `skills`) VALUES ('1888', 'Architektur');
INSERT INTO `SkillSet_skills` (`SkillSet_id`, `skills`) VALUES ('1888', 'Architektur');
INSERT INTO `SkillSet_skills` (`SkillSet_id`, `skills`) VALUES ('1888', 'Gradle');
INSERT INTO `SkillSet_skills` (`SkillSet_id`, `skills`) VALUES ('1888', 'Java');
INSERT INTO `Hero` (`id`, `firstName`, `lastName`, `role`, `skillSet_id`) VALUES ('1888', '07db0e0c-add4-40d3-8222-5d1dc636ce64', 'a8559fd5-ddf9-40b5-8d50-84e77ca4909f', 'LeadEngineer', '1888');
INSERT INTO `SkillSet` (`id`) VALUES ('1889');
INSERT INTO `SkillSet_skills` (`SkillSet_id`, `skills`) VALUES ('1889', 'UITesting');
INSERT INTO `SkillSet_skills` (`SkillSet_id`, `skills`) VALUES ('1889', 'Ant');
INSERT INTO `SkillSet_skills` (`SkillSet_id`, `skills`) VALUES ('1889', 'UnitTesting');
INSERT INTO `SkillSet_skills` (`SkillSet_id`, `skills`) VALUES ('1889', 'dotNet');
INSERT INTO `Hero` (`id`, `firstName`, `lastName`, `role`, `skillSet_id`) VALUES ('1889', '568224a7-f403-4233-a60c-d2d728b07d28', 'b7aa1451-75a7-4a34-8304-5b4ca730f18a', 'LeadSoftwareArchitect', '1889');
INSERT INTO `SkillSet` (`id`) VALUES ('1890');
INSERT INTO `SkillSet_skills` (`SkillSet_id`, `skills`) VALUES ('1890', 'Ant');
INSERT INTO `Hero` (`id`, `firstName`, `lastName`, `role`, `skillSet_id`) VALUES ('1890', 'e965bc99-039a-44cf-b50e-60c1075c9a95', 'a5e584fc-e376-4c2d-a982-c6506c54c056', 'LeadSoftwareArchitect', '1890');
INSERT INTO `SkillSet` (`id`) VALUES ('1891');
INSERT INTO `SkillSet_skills` (`SkillSet_id`, `skills`) VALUES ('1891', 'Maven');
INSERT INTO `SkillSet_skills` (`SkillSet_id`, `skills`) VALUES ('1891', 'SQL');
INSERT INTO `Hero` (`id`, `firstName`, `lastName`, `role`, `skillSet_id`) VALUES ('1891', '70282240-4c27-4caf-ba88-7d3d8b264546', '036ec37d-249f-4b76-a666-c80587a0f138', 'JuniorSoftwareEngineer', '1891');
INSERT INTO `SkillSet` (`id`) VALUES ('1892');
INSERT INTO `SkillSet_skills` (`SkillSet_id`, `skills`) VALUES ('1892', 'UnitTesting');
INSERT INTO `SkillSet_skills` (`SkillSet_id`, `skills`) VALUES ('1892', 'UITesting');
INSERT INTO `SkillSet_skills` (`SkillSet_id`, `skills`) VALUES ('1892', 'UITesting');
INSERT INTO `SkillSet_skills` (`SkillSet_id`, `skills`) VALUES ('1892', 'Maven');
INSERT INTO `Hero` (`id`, `firstName`, `lastName`, `role`, `skillSet_id`) VALUES ('1892', 'ee6181e1-dc64-4494-b0cd-fce9c293f5ef', '8bba55ef-11b2-4ec5-a061-05055a5e6ed2', 'JuniorSoftwareEngineer', '1892');
INSERT INTO `SkillSet` (`id`) VALUES ('1893');
INSERT INTO `SkillSet_skills` (`SkillSet_id`, `skills`) VALUES ('1893', 'UnitTesting');
INSERT INTO `SkillSet_skills` (`SkillSet_id`, `skills`) VALUES ('1893', 'Architektur');
INSERT INTO `SkillSet_skills` (`SkillSet_id`, `skills`) VALUES ('1893', 'UnitTesting');
INSERT INTO `SkillSet_skills` (`SkillSet_id`, `skills`) VALUES ('1893', 'SQL');
INSERT INTO `Hero` (`id`, `firstName`, `lastName`, `role`, `skillSet_id`) VALUES ('1893', 'ec164336-e221-4b96-a3c5-2d7851d986e9', '38661791-f173-4cfd-af3b-18d6fb1aad5b', 'SoftwareEngineer', '1893');
INSERT INTO `SkillSet` (`id`) VALUES ('1894');
INSERT INTO `SkillSet_skills` (`SkillSet_id`, `skills`) VALUES ('1894', 'Maven');
INSERT INTO `SkillSet_skills` (`SkillSet_id`, `skills`) VALUES ('1894', 'Ant');
INSERT INTO `Hero` (`id`, `firstName`, `lastName`, `role`, `skillSet_id`) VALUES ('1894', 'c085d361-e75b-4358-8d5f-ca2c4ebdf110', 'acb6ad64-6a58-4e56-bd45-796caca5d72e', 'JuniorSoftwareEngineer', '1894');
INSERT INTO `SkillSet` (`id`) VALUES ('1895');
INSERT INTO `SkillSet_skills` (`SkillSet_id`, `skills`) VALUES ('1895', 'UITesting');
INSERT INTO `Hero` (`id`, `firstName`, `lastName`, `role`, `skillSet_id`) VALUES ('1895', 'cfc3a06f-79ba-4d4e-83b6-c8fb09698d51', 'e35bc980-1633-4624-b0f3-3423690735ca', 'LeadEngineer', '1895');
INSERT INTO `SkillSet` (`id`) VALUES ('1896');
INSERT INTO `SkillSet_skills` (`SkillSet_id`, `skills`) VALUES ('1896', 'Architektur');
INSERT INTO `SkillSet_skills` (`SkillSet_id`, `skills`) VALUES ('1896', 'dotNet');
INSERT INTO `SkillSet_skills` (`SkillSet_id`, `skills`) VALUES ('1896', 'dotNet');
INSERT INTO `SkillSet_skills` (`SkillSet_id`, `skills`) VALUES ('1896', 'UnitTesting');
INSERT INTO `Hero` (`id`, `firstName`, `lastName`, `role`, `skillSet_id`) VALUES ('1896', 'c402b946-3d0f-4457-8e53-e30dacc0fd48', 'f5687150-ad06-4eb8-a400-544a0cd11cdc', 'LeadEngineer', '1896');
INSERT INTO `SkillSet` (`id`) VALUES ('1897');
INSERT INTO `SkillSet_skills` (`SkillSet_id`, `skills`) VALUES ('1897', 'UITesting');
INSERT INTO `Hero` (`id`, `firstName`, `lastName`, `role`, `skillSet_id`) VALUES ('1897', '0181df24-72e6-47db-bcb0-f6f1e249433e', 'caf420ab-fee0-4bfd-abbb-c1121806aacd', 'LeadSoftwareArchitect', '1897');
INSERT INTO `SkillSet` (`id`) VALUES ('1898');
INSERT INTO `SkillSet_skills` (`SkillSet_id`, `skills`) VALUES ('1898', 'dotNet');
INSERT INTO `Hero` (`id`, `firstName`, `lastName`, `role`, `skillSet_id`) VALUES ('1898', '078b525e-1ae9-4d4b-915b-ba25644d0dd9', 'ed49ccb2-096f-4001-bf3d-031751b6f20f', 'LeadSoftwareArchitect', '1898');
INSERT INTO `SkillSet` (`id`) VALUES ('1899');
INSERT INTO `SkillSet_skills` (`SkillSet_id`, `skills`) VALUES ('1899', 'Architektur');
INSERT INTO `SkillSet_skills` (`SkillSet_id`, `skills`) VALUES ('1899', 'Maven');
INSERT INTO `SkillSet_skills` (`SkillSet_id`, `skills`) VALUES ('1899', 'UITesting');
INSERT INTO `SkillSet_skills` (`SkillSet_id`, `skills`) VALUES ('1899', 'SQL');
INSERT INTO `Hero` (`id`, `firstName`, `lastName`, `role`, `skillSet_id`) VALUES ('1899', 'c7e0f23c-80d5-4f79-b889-511f2cf32061', 'c62846cb-5bad-4fa9-985d-8e960a2c7829', 'LeadEngineer', '1899');
INSERT INTO `SkillSet` (`id`) VALUES ('1900');
INSERT INTO `SkillSet_skills` (`SkillSet_id`, `skills`) VALUES ('1900', 'Ant');
INSERT INTO `SkillSet_skills` (`SkillSet_id`, `skills`) VALUES ('1900', 'UnitTesting');
INSERT INTO `SkillSet_skills` (`SkillSet_id`, `skills`) VALUES ('1900', 'SQL');
INSERT INTO `Hero` (`id`, `firstName`, `lastName`, `role`, `skillSet_id`) VALUES ('1900', 'bdd7244f-3798-45f5-8608-a5d0cbd1649d', '1337924e-e8cf-4d18-906c-1ff5fd29342e', 'JuniorSoftwareEngineer', '1900');
INSERT INTO `SkillSet` (`id`) VALUES ('1901');
INSERT INTO `SkillSet_skills` (`SkillSet_id`, `skills`) VALUES ('1901', 'Java');
INSERT INTO `SkillSet_skills` (`SkillSet_id`, `skills`) VALUES ('1901', 'Maven');
INSERT INTO `Hero` (`id`, `firstName`, `lastName`, `role`, `skillSet_id`) VALUES ('1901', 'ea69c226-e6c5-41ec-94d6-a9d08981c191', '5048ff4b-95d1-49ab-87d7-967103f4572d', 'PrincipalConsultant', '1901');
INSERT INTO `SkillSet` (`id`) VALUES ('1902');
INSERT INTO `SkillSet_skills` (`SkillSet_id`, `skills`) VALUES ('1902', 'UnitTesting');
INSERT INTO `SkillSet_skills` (`SkillSet_id`, `skills`) VALUES ('1902', 'UnitTesting');
INSERT INTO `SkillSet_skills` (`SkillSet_id`, `skills`) VALUES ('1902', 'Ant');
INSERT INTO `SkillSet_skills` (`SkillSet_id`, `skills`) VALUES ('1902', 'UITesting');
INSERT INTO `SkillSet_skills` (`SkillSet_id`, `skills`) VALUES ('1902', 'SQL');
INSERT INTO `Hero` (`id`, `firstName`, `lastName`, `role`, `skillSet_id`) VALUES ('1902', '92b629f8-5e1c-4920-a7ba-294915eefbb4', '8908291b-57e3-4250-963d-8b0d0c752fe2', 'JuniorSoftwareEngineer', '1902');
INSERT INTO `SkillSet` (`id`) VALUES ('1903');
INSERT INTO `SkillSet_skills` (`SkillSet_id`, `skills`) VALUES ('1903', 'UnitTesting');
INSERT INTO `SkillSet_skills` (`SkillSet_id`, `skills`) VALUES ('1903', 'Java');
INSERT INTO `SkillSet_skills` (`SkillSet_id`, `skills`) VALUES ('1903', 'Architektur');
INSERT INTO `SkillSet_skills` (`SkillSet_id`, `skills`) VALUES ('1903', 'dotNet');
INSERT INTO `SkillSet_skills` (`SkillSet_id`, `skills`) VALUES ('1903', 'UnitTesting');
INSERT INTO `Hero` (`id`, `firstName`, `lastName`, `role`, `skillSet_id`) VALUES ('1903', '61cccd00-88d8-4251-9a24-f114e736545d', '15e8a2c1-0150-4181-bbf6-d646ef6e37e0', 'LeadEngineer', '1903');
INSERT INTO `SkillSet` (`id`) VALUES ('1904');
INSERT INTO `SkillSet_skills` (`SkillSet_id`, `skills`) VALUES ('1904', 'Ant');
INSERT INTO `Hero` (`id`, `firstName`, `lastName`, `role`, `skillSet_id`) VALUES ('1904', 'f4b6a8e2-ecba-4c2b-83cc-4efa30312115', '776a2119-b96f-4d06-8bea-f18e923be12e', 'LeadSoftwareArchitect', '1904');
INSERT INTO `SkillSet` (`id`) VALUES ('1905');
INSERT INTO `SkillSet_skills` (`SkillSet_id`, `skills`) VALUES ('1905', 'Java');
INSERT INTO `SkillSet_skills` (`SkillSet_id`, `skills`) VALUES ('1905', 'Ant');
INSERT INTO `SkillSet_skills` (`SkillSet_id`, `skills`) VALUES ('1905', 'dotNet');
INSERT INTO `SkillSet_skills` (`SkillSet_id`, `skills`) VALUES ('1905', 'Gradle');
INSERT INTO `SkillSet_skills` (`SkillSet_id`, `skills`) VALUES ('1905', 'Java');
INSERT INTO `Hero` (`id`, `firstName`, `lastName`, `role`, `skillSet_id`) VALUES ('1905', 'c1426b03-2337-4797-9a3f-9794f6733f50', '9ecacb95-a84b-4c75-b664-ec521432c475', 'SoftwareEngineer', '1905');
INSERT INTO `SkillSet` (`id`) VALUES ('1906');
INSERT INTO `SkillSet_skills` (`SkillSet_id`, `skills`) VALUES ('1906', 'Java');
INSERT INTO `SkillSet_skills` (`SkillSet_id`, `skills`) VALUES ('1906', 'Java');
INSERT INTO `SkillSet_skills` (`SkillSet_id`, `skills`) VALUES ('1906', 'UnitTesting');
INSERT INTO `Hero` (`id`, `firstName`, `lastName`, `role`, `skillSet_id`) VALUES ('1906', '528b9ee0-f35f-4b55-855c-2f11d99765d8', '9a2efa19-796c-485f-b43f-f341d8423c4c', 'LeadSoftwareArchitect', '1906');
INSERT INTO `SkillSet` (`id`) VALUES ('1907');
INSERT INTO `SkillSet_skills` (`SkillSet_id`, `skills`) VALUES ('1907', 'UnitTesting');
INSERT INTO `SkillSet_skills` (`SkillSet_id`, `skills`) VALUES ('1907', 'Ant');
INSERT INTO `SkillSet_skills` (`SkillSet_id`, `skills`) VALUES ('1907', 'dotNet');
INSERT INTO `SkillSet_skills` (`SkillSet_id`, `skills`) VALUES ('1907', 'SQL');
INSERT INTO `Hero` (`id`, `firstName`, `lastName`, `role`, `skillSet_id`) VALUES ('1907', '543ece3e-0391-4209-a43a-d25cfa1b383f', '66fe52c2-e071-4631-9cdf-a7f14b0614bf', 'SeniorSoftwareEngineer', '1907');
INSERT INTO `SkillSet` (`id`) VALUES ('1908');
INSERT INTO `SkillSet_skills` (`SkillSet_id`, `skills`) VALUES ('1908', 'UITesting');
INSERT INTO `SkillSet_skills` (`SkillSet_id`, `skills`) VALUES ('1908', 'Ant');
INSERT INTO `Hero` (`id`, `firstName`, `lastName`, `role`, `skillSet_id`) VALUES ('1908', 'dd26a2af-891c-476e-b31c-1dea6025c03d', 'f91d4d44-7889-4969-a02a-344739eec1c1', 'PrincipalConsultant', '1908');
INSERT INTO `SkillSet` (`id`) VALUES ('1909');
INSERT INTO `SkillSet_skills` (`SkillSet_id`, `skills`) VALUES ('1909', 'dotNet');
INSERT INTO `SkillSet_skills` (`SkillSet_id`, `skills`) VALUES ('1909', 'UnitTesting');
INSERT INTO `SkillSet_skills` (`SkillSet_id`, `skills`) VALUES ('1909', 'UITesting');
INSERT INTO `SkillSet_skills` (`SkillSet_id`, `skills`) VALUES ('1909', 'Maven');
INSERT INTO `Hero` (`id`, `firstName`, `lastName`, `role`, `skillSet_id`) VALUES ('1909', '89777e15-5547-4954-b7f9-9a8c8dac0bbd', '88aaf2f0-8c06-408e-9301-aa8b0f7522c3', 'LeadEngineer', '1909');
INSERT INTO `SkillSet` (`id`) VALUES ('1910');
INSERT INTO `SkillSet_skills` (`SkillSet_id`, `skills`) VALUES ('1910', 'Java');
INSERT INTO `SkillSet_skills` (`SkillSet_id`, `skills`) VALUES ('1910', 'UnitTesting');
INSERT INTO `SkillSet_skills` (`SkillSet_id`, `skills`) VALUES ('1910', 'UnitTesting');
INSERT INTO `SkillSet_skills` (`SkillSet_id`, `skills`) VALUES ('1910', 'Maven');
INSERT INTO `SkillSet_skills` (`SkillSet_id`, `skills`) VALUES ('1910', 'Ant');
INSERT INTO `Hero` (`id`, `firstName`, `lastName`, `role`, `skillSet_id`) VALUES ('1910', 'd9830c7c-1323-42b2-a66a-31d1a50e504e', '151f3216-cd11-4e21-8c32-7273158b1ab2', 'LeadSoftwareArchitect', '1910');
INSERT INTO `SkillSet` (`id`) VALUES ('1911');
INSERT INTO `SkillSet_skills` (`SkillSet_id`, `skills`) VALUES ('1911', 'Ant');
INSERT INTO `SkillSet_skills` (`SkillSet_id`, `skills`) VALUES ('1911', 'Maven');
INSERT INTO `Hero` (`id`, `firstName`, `lastName`, `role`, `skillSet_id`) VALUES ('1911', '3aaf60b9-4b44-4d9b-8a0e-3f5464fac1e8', '0e6cd64e-c51b-4ffb-94bb-721823cde436', 'PrincipalConsultant', '1911');
INSERT INTO `SkillSet` (`id`) VALUES ('1912');
INSERT INTO `SkillSet_skills` (`SkillSet_id`, `skills`) VALUES ('1912', 'Maven');
INSERT INTO `SkillSet_skills` (`SkillSet_id`, `skills`) VALUES ('1912', 'Ant');
INSERT INTO `SkillSet_skills` (`SkillSet_id`, `skills`) VALUES ('1912', 'Maven');
INSERT INTO `SkillSet_skills` (`SkillSet_id`, `skills`) VALUES ('1912', 'Architektur');
INSERT INTO `Hero` (`id`, `firstName`, `lastName`, `role`, `skillSet_id`) VALUES ('1912', 'a6812bcc-b0b9-46d9-aad5-3df83b9744f5', 'af11b8e5-24f7-462a-a786-50abaae1613b', 'LeadSoftwareArchitect', '1912');
INSERT INTO `SkillSet` (`id`) VALUES ('1913');
INSERT INTO `SkillSet_skills` (`SkillSet_id`, `skills`) VALUES ('1913', 'dotNet');
INSERT INTO `Hero` (`id`, `firstName`, `lastName`, `role`, `skillSet_id`) VALUES ('1913', 'b2b7231b-b299-4aa6-aa2f-96f9f3dc1c00', 'a4c68b6e-e529-48d5-b682-cdc4b83899be', 'LeadSoftwareArchitect', '1913');
INSERT INTO `SkillSet` (`id`) VALUES ('1914');
INSERT INTO `SkillSet_skills` (`SkillSet_id`, `skills`) VALUES ('1914', 'UnitTesting');
INSERT INTO `SkillSet_skills` (`SkillSet_id`, `skills`) VALUES ('1914', 'SQL');
INSERT INTO `SkillSet_skills` (`SkillSet_id`, `skills`) VALUES ('1914', 'Ant');
INSERT INTO `SkillSet_skills` (`SkillSet_id`, `skills`) VALUES ('1914', 'Gradle');
INSERT INTO `Hero` (`id`, `firstName`, `lastName`, `role`, `skillSet_id`) VALUES ('1914', 'e9ddcdd8-5d7d-4e9d-93fa-cbb4533c6c88', '16e2a6ff-deff-4243-958a-6431ee641750', 'PrincipalConsultant', '1914');
INSERT INTO `SkillSet` (`id`) VALUES ('1915');
INSERT INTO `SkillSet_skills` (`SkillSet_id`, `skills`) VALUES ('1915', 'Gradle');
INSERT INTO `Hero` (`id`, `firstName`, `lastName`, `role`, `skillSet_id`) VALUES ('1915', 'a3102ad2-af52-4f93-8dcb-7e8b3b52a788', '5c28be39-e12d-4e97-aa47-5852bcd069f1', 'PrincipalConsultant', '1915');
INSERT INTO `SkillSet` (`id`) VALUES ('1916');
INSERT INTO `SkillSet_skills` (`SkillSet_id`, `skills`) VALUES ('1916', 'Ant');
INSERT INTO `SkillSet_skills` (`SkillSet_id`, `skills`) VALUES ('1916', 'Java');
INSERT INTO `SkillSet_skills` (`SkillSet_id`, `skills`) VALUES ('1916', 'Maven');
INSERT INTO `SkillSet_skills` (`SkillSet_id`, `skills`) VALUES ('1916', 'dotNet');
INSERT INTO `Hero` (`id`, `firstName`, `lastName`, `role`, `skillSet_id`) VALUES ('1916', 'c9a077fa-c2df-4af7-8f23-bd9a75590275', '35b529fe-dd94-4fc3-aef7-101dab7287c2', 'SoftwareEngineer', '1916');
INSERT INTO `SkillSet` (`id`) VALUES ('1917');
INSERT INTO `SkillSet_skills` (`SkillSet_id`, `skills`) VALUES ('1917', 'UnitTesting');
INSERT INTO `SkillSet_skills` (`SkillSet_id`, `skills`) VALUES ('1917', 'UnitTesting');
INSERT INTO `SkillSet_skills` (`SkillSet_id`, `skills`) VALUES ('1917', 'SQL');
INSERT INTO `SkillSet_skills` (`SkillSet_id`, `skills`) VALUES ('1917', 'Architektur');
INSERT INTO `Hero` (`id`, `firstName`, `lastName`, `role`, `skillSet_id`) VALUES ('1917', '62ed51a1-dcb8-4201-b25f-7684540cdf45', '68662293-6007-4380-8fc5-9ba4b366359d', 'SeniorSoftwareEngineer', '1917');
INSERT INTO `SkillSet` (`id`) VALUES ('1918');
INSERT INTO `SkillSet_skills` (`SkillSet_id`, `skills`) VALUES ('1918', 'SQL');
INSERT INTO `SkillSet_skills` (`SkillSet_id`, `skills`) VALUES ('1918', 'dotNet');
INSERT INTO `SkillSet_skills` (`SkillSet_id`, `skills`) VALUES ('1918', 'Gradle');
INSERT INTO `Hero` (`id`, `firstName`, `lastName`, `role`, `skillSet_id`) VALUES ('1918', '98bbb249-7ec9-4ce2-889c-29f62c2f2f9d', '13a2fec7-7f04-42ce-bfd7-ce6dbdb0402c', 'LeadSoftwareArchitect', '1918');
INSERT INTO `SkillSet` (`id`) VALUES ('1919');
INSERT INTO `SkillSet_skills` (`SkillSet_id`, `skills`) VALUES ('1919', 'UITesting');
INSERT INTO `Hero` (`id`, `firstName`, `lastName`, `role`, `skillSet_id`) VALUES ('1919', '95793a96-d967-41c5-b699-9c3d937652f5', 'c51ddae8-ac6a-427c-83a4-4d247be9b1c6', 'LeadSoftwareArchitect', '1919');
INSERT INTO `SkillSet` (`id`) VALUES ('1920');
INSERT INTO `SkillSet_skills` (`SkillSet_id`, `skills`) VALUES ('1920', 'SQL');
INSERT INTO `SkillSet_skills` (`SkillSet_id`, `skills`) VALUES ('1920', 'Maven');
INSERT INTO `Hero` (`id`, `firstName`, `lastName`, `role`, `skillSet_id`) VALUES ('1920', '3817c6a1-42f0-427b-a42f-78cee8f0b56d', '73db9052-20f8-42f1-9b58-a8298db844aa', 'SoftwareEngineer', '1920');
INSERT INTO `SkillSet` (`id`) VALUES ('1921');
INSERT INTO `SkillSet_skills` (`SkillSet_id`, `skills`) VALUES ('1921', 'Ant');
INSERT INTO `Hero` (`id`, `firstName`, `lastName`, `role`, `skillSet_id`) VALUES ('1921', 'd2ee20e2-fb1c-42b1-a086-4064391d12b1', '5ef6fdba-73f3-4aad-9c6c-b55d00a2ae6f', 'LeadEngineer', '1921');
INSERT INTO `SkillSet` (`id`) VALUES ('1922');
INSERT INTO `SkillSet_skills` (`SkillSet_id`, `skills`) VALUES ('1922', 'SQL');
INSERT INTO `SkillSet_skills` (`SkillSet_id`, `skills`) VALUES ('1922', 'SQL');
INSERT INTO `SkillSet_skills` (`SkillSet_id`, `skills`) VALUES ('1922', 'Architektur');
INSERT INTO `SkillSet_skills` (`SkillSet_id`, `skills`) VALUES ('1922', 'Maven');
INSERT INTO `Hero` (`id`, `firstName`, `lastName`, `role`, `skillSet_id`) VALUES ('1922', '6095e9f6-78fa-4343-99c8-0c84c69fccdd', 'e7dff9b4-e335-45bc-b4b5-d31bff612a23', 'LeadEngineer', '1922');
INSERT INTO `SkillSet` (`id`) VALUES ('1923');
INSERT INTO `SkillSet_skills` (`SkillSet_id`, `skills`) VALUES ('1923', 'Architektur');
INSERT INTO `SkillSet_skills` (`SkillSet_id`, `skills`) VALUES ('1923', 'Maven');
INSERT INTO `Hero` (`id`, `firstName`, `lastName`, `role`, `skillSet_id`) VALUES ('1923', '43e05e0f-6458-44c2-895f-55cce0d95dc9', '26a92082-3f89-4048-a063-f81f51322dcc', 'SoftwareEngineer', '1923');
INSERT INTO `SkillSet` (`id`) VALUES ('1924');
INSERT INTO `SkillSet_skills` (`SkillSet_id`, `skills`) VALUES ('1924', 'Gradle');
INSERT INTO `SkillSet_skills` (`SkillSet_id`, `skills`) VALUES ('1924', 'Gradle');
INSERT INTO `Hero` (`id`, `firstName`, `lastName`, `role`, `skillSet_id`) VALUES ('1924', '2f8ee7dc-a331-4162-90f2-9cf2f63d28ab', 'b02dc747-5ddf-481e-8cf5-afc5e8f03eef', 'LeadEngineer', '1924');
INSERT INTO `SkillSet` (`id`) VALUES ('1925');
INSERT INTO `SkillSet_skills` (`SkillSet_id`, `skills`) VALUES ('1925', 'UITesting');
INSERT INTO `SkillSet_skills` (`SkillSet_id`, `skills`) VALUES ('1925', 'Ant');
INSERT INTO `Hero` (`id`, `firstName`, `lastName`, `role`, `skillSet_id`) VALUES ('1925', '9879d0c9-5f1d-4611-8c07-301ed65be944', '6ff85301-97bf-4d50-9ce6-22a701694227', 'LeadEngineer', '1925');
INSERT INTO `SkillSet` (`id`) VALUES ('1926');
INSERT INTO `SkillSet_skills` (`SkillSet_id`, `skills`) VALUES ('1926', 'UITesting');
INSERT INTO `Hero` (`id`, `firstName`, `lastName`, `role`, `skillSet_id`) VALUES ('1926', 'f04410fa-9414-47f7-9b25-8e417bf3f840', '9902a669-7541-4c9d-815a-2ab37b46e71c', 'SeniorSoftwareEngineer', '1926');
INSERT INTO `SkillSet` (`id`) VALUES ('1927');
INSERT INTO `SkillSet_skills` (`SkillSet_id`, `skills`) VALUES ('1927', 'Ant');
INSERT INTO `SkillSet_skills` (`SkillSet_id`, `skills`) VALUES ('1927', 'Ant');
INSERT INTO `SkillSet_skills` (`SkillSet_id`, `skills`) VALUES ('1927', 'dotNet');
INSERT INTO `SkillSet_skills` (`SkillSet_id`, `skills`) VALUES ('1927', 'dotNet');
INSERT INTO `Hero` (`id`, `firstName`, `lastName`, `role`, `skillSet_id`) VALUES ('1927', '04b38f8e-ded7-48e9-a263-57c0dac957fb', 'eed8dc65-8b4c-4c6c-846d-433f2720d71a', 'LeadEngineer', '1927');
INSERT INTO `SkillSet` (`id`) VALUES ('1928');
INSERT INTO `SkillSet_skills` (`SkillSet_id`, `skills`) VALUES ('1928', 'UITesting');
INSERT INTO `SkillSet_skills` (`SkillSet_id`, `skills`) VALUES ('1928', 'UnitTesting');
INSERT INTO `Hero` (`id`, `firstName`, `lastName`, `role`, `skillSet_id`) VALUES ('1928', '7adb0a6b-ff42-4fcb-9953-f8e95d8be2f9', '235b7647-8268-481f-b76e-ec39b3ff193d', 'LeadEngineer', '1928');
INSERT INTO `SkillSet` (`id`) VALUES ('1929');
INSERT INTO `SkillSet_skills` (`SkillSet_id`, `skills`) VALUES ('1929', 'Maven');
INSERT INTO `SkillSet_skills` (`SkillSet_id`, `skills`) VALUES ('1929', 'Maven');
INSERT INTO `Hero` (`id`, `firstName`, `lastName`, `role`, `skillSet_id`) VALUES ('1929', '32bc5262-c07d-464a-9427-d83ef1973513', '6cf409ff-7f2d-481d-aa76-a1a333fddb20', 'LeadSoftwareArchitect', '1929');
INSERT INTO `SkillSet` (`id`) VALUES ('1930');
INSERT INTO `SkillSet_skills` (`SkillSet_id`, `skills`) VALUES ('1930', 'Maven');
INSERT INTO `SkillSet_skills` (`SkillSet_id`, `skills`) VALUES ('1930', 'Ant');
INSERT INTO `SkillSet_skills` (`SkillSet_id`, `skills`) VALUES ('1930', 'UnitTesting');
INSERT INTO `SkillSet_skills` (`SkillSet_id`, `skills`) VALUES ('1930', 'SQL');
INSERT INTO `SkillSet_skills` (`SkillSet_id`, `skills`) VALUES ('1930', 'Gradle');
INSERT INTO `Hero` (`id`, `firstName`, `lastName`, `role`, `skillSet_id`) VALUES ('1930', 'e4c616bc-f44f-45bc-8ad8-2ba70e02d09f', '2eb3875f-1842-4b9d-ac87-869fb084bb4c', 'JuniorSoftwareEngineer', '1930');
INSERT INTO `SkillSet` (`id`) VALUES ('1931');
INSERT INTO `SkillSet_skills` (`SkillSet_id`, `skills`) VALUES ('1931', 'Maven');
INSERT INTO `SkillSet_skills` (`SkillSet_id`, `skills`) VALUES ('1931', 'Java');
INSERT INTO `SkillSet_skills` (`SkillSet_id`, `skills`) VALUES ('1931', 'Maven');
INSERT INTO `SkillSet_skills` (`SkillSet_id`, `skills`) VALUES ('1931', 'dotNet');
INSERT INTO `SkillSet_skills` (`SkillSet_id`, `skills`) VALUES ('1931', 'SQL');
INSERT INTO `Hero` (`id`, `firstName`, `lastName`, `role`, `skillSet_id`) VALUES ('1931', '97be76a2-00bf-4ebb-8a54-b68f3bbe5aad', '1edba360-050e-4031-9cd6-7d707373fc4a', 'LeadEngineer', '1931');
INSERT INTO `SkillSet` (`id`) VALUES ('1932');
INSERT INTO `SkillSet_skills` (`SkillSet_id`, `skills`) VALUES ('1932', 'dotNet');
INSERT INTO `SkillSet_skills` (`SkillSet_id`, `skills`) VALUES ('1932', 'Java');
INSERT INTO `Hero` (`id`, `firstName`, `lastName`, `role`, `skillSet_id`) VALUES ('1932', 'fdddfa3c-0d4b-4c19-a9d8-7d1d61fd3fb7', 'e09f3d0d-22b8-4990-9298-81b299599fd7', 'JuniorSoftwareEngineer', '1932');
INSERT INTO `SkillSet` (`id`) VALUES ('1933');
INSERT INTO `SkillSet_skills` (`SkillSet_id`, `skills`) VALUES ('1933', 'SQL');
INSERT INTO `SkillSet_skills` (`SkillSet_id`, `skills`) VALUES ('1933', 'Gradle');
INSERT INTO `SkillSet_skills` (`SkillSet_id`, `skills`) VALUES ('1933', 'Architektur');
INSERT INTO `SkillSet_skills` (`SkillSet_id`, `skills`) VALUES ('1933', 'dotNet');
INSERT INTO `Hero` (`id`, `firstName`, `lastName`, `role`, `skillSet_id`) VALUES ('1933', '549ca5b0-b414-429e-9443-6a6e00b8fe31', '636165fe-dced-4637-a27a-848a450bd555', 'SoftwareEngineer', '1933');
INSERT INTO `SkillSet` (`id`) VALUES ('1934');
INSERT INTO `SkillSet_skills` (`SkillSet_id`, `skills`) VALUES ('1934', 'Ant');
INSERT INTO `SkillSet_skills` (`SkillSet_id`, `skills`) VALUES ('1934', 'UnitTesting');
INSERT INTO `Hero` (`id`, `firstName`, `lastName`, `role`, `skillSet_id`) VALUES ('1934', '1d5189d6-f032-49c8-a2e1-6155dafc539e', '6cf31841-1c28-4b33-be8d-4b560c41c6ae', 'LeadEngineer', '1934');
INSERT INTO `SkillSet` (`id`) VALUES ('1935');
INSERT INTO `SkillSet_skills` (`SkillSet_id`, `skills`) VALUES ('1935', 'Architektur');
INSERT INTO `Hero` (`id`, `firstName`, `lastName`, `role`, `skillSet_id`) VALUES ('1935', '9e3b7eae-67e2-4afb-9987-65ab6d5f58cf', 'df0e7065-e0b6-4958-adcf-8f55d93e86f0', 'LeadEngineer', '1935');
INSERT INTO `SkillSet` (`id`) VALUES ('1936');
INSERT INTO `SkillSet_skills` (`SkillSet_id`, `skills`) VALUES ('1936', 'Gradle');
INSERT INTO `Hero` (`id`, `firstName`, `lastName`, `role`, `skillSet_id`) VALUES ('1936', 'd760743e-5566-4851-80ea-10c5feff9b64', '8010d737-912e-4887-ae6b-13df717be2cc', 'SeniorSoftwareEngineer', '1936');
INSERT INTO `SkillSet` (`id`) VALUES ('1937');
INSERT INTO `SkillSet_skills` (`SkillSet_id`, `skills`) VALUES ('1937', 'dotNet');
INSERT INTO `SkillSet_skills` (`SkillSet_id`, `skills`) VALUES ('1937', 'Ant');
INSERT INTO `SkillSet_skills` (`SkillSet_id`, `skills`) VALUES ('1937', 'Gradle');
INSERT INTO `SkillSet_skills` (`SkillSet_id`, `skills`) VALUES ('1937', 'Java');
INSERT INTO `SkillSet_skills` (`SkillSet_id`, `skills`) VALUES ('1937', 'Architektur');
INSERT INTO `Hero` (`id`, `firstName`, `lastName`, `role`, `skillSet_id`) VALUES ('1937', '3d96dcb8-0028-451b-b3cc-12608abfb61a', 'a8d3d2d1-ed87-421e-a4ba-205cdc1ce80c', 'SeniorSoftwareEngineer', '1937');
INSERT INTO `SkillSet` (`id`) VALUES ('1938');
INSERT INTO `SkillSet_skills` (`SkillSet_id`, `skills`) VALUES ('1938', 'Gradle');
INSERT INTO `SkillSet_skills` (`SkillSet_id`, `skills`) VALUES ('1938', 'Java');
INSERT INTO `SkillSet_skills` (`SkillSet_id`, `skills`) VALUES ('1938', 'dotNet');
INSERT INTO `SkillSet_skills` (`SkillSet_id`, `skills`) VALUES ('1938', 'Ant');
INSERT INTO `SkillSet_skills` (`SkillSet_id`, `skills`) VALUES ('1938', 'Ant');
INSERT INTO `Hero` (`id`, `firstName`, `lastName`, `role`, `skillSet_id`) VALUES ('1938', '7fae6a89-48c1-457b-8e8b-6580e3fa72f6', '7c96e97e-5df6-427e-94bd-63651724cda0', 'LeadEngineer', '1938');
INSERT INTO `SkillSet` (`id`) VALUES ('1939');
INSERT INTO `SkillSet_skills` (`SkillSet_id`, `skills`) VALUES ('1939', 'UITesting');
INSERT INTO `SkillSet_skills` (`SkillSet_id`, `skills`) VALUES ('1939', 'Ant');
INSERT INTO `SkillSet_skills` (`SkillSet_id`, `skills`) VALUES ('1939', 'Ant');
INSERT INTO `Hero` (`id`, `firstName`, `lastName`, `role`, `skillSet_id`) VALUES ('1939', 'b0ed3a27-7b8f-46ea-a4d7-daf053f2dda3', 'a4daa7f7-cb50-43d0-bc25-06777070fb97', 'JuniorSoftwareEngineer', '1939');
INSERT INTO `SkillSet` (`id`) VALUES ('1940');
INSERT INTO `SkillSet_skills` (`SkillSet_id`, `skills`) VALUES ('1940', 'Java');
INSERT INTO `SkillSet_skills` (`SkillSet_id`, `skills`) VALUES ('1940', 'Java');
INSERT INTO `SkillSet_skills` (`SkillSet_id`, `skills`) VALUES ('1940', 'Java');
INSERT INTO `SkillSet_skills` (`SkillSet_id`, `skills`) VALUES ('1940', 'Gradle');
INSERT INTO `Hero` (`id`, `firstName`, `lastName`, `role`, `skillSet_id`) VALUES ('1940', 'bc007cb9-129f-4fe9-b746-71dd1a5d7ce8', 'dcd430f1-a2a9-4316-b7ec-e9789ea4dd6d', 'LeadSoftwareArchitect', '1940');
INSERT INTO `SkillSet` (`id`) VALUES ('1941');
INSERT INTO `SkillSet_skills` (`SkillSet_id`, `skills`) VALUES ('1941', 'Architektur');
INSERT INTO `SkillSet_skills` (`SkillSet_id`, `skills`) VALUES ('1941', 'Ant');
INSERT INTO `SkillSet_skills` (`SkillSet_id`, `skills`) VALUES ('1941', 'Architektur');
INSERT INTO `SkillSet_skills` (`SkillSet_id`, `skills`) VALUES ('1941', 'UITesting');
INSERT INTO `SkillSet_skills` (`SkillSet_id`, `skills`) VALUES ('1941', 'UnitTesting');
INSERT INTO `Hero` (`id`, `firstName`, `lastName`, `role`, `skillSet_id`) VALUES ('1941', '507809c3-c67c-40ca-9fff-23c454d2680f', '7325dca9-3253-4072-b852-580ccb89b12c', 'PrincipalConsultant', '1941');
INSERT INTO `SkillSet` (`id`) VALUES ('1942');
INSERT INTO `SkillSet_skills` (`SkillSet_id`, `skills`) VALUES ('1942', 'SQL');
INSERT INTO `SkillSet_skills` (`SkillSet_id`, `skills`) VALUES ('1942', 'Architektur');
INSERT INTO `Hero` (`id`, `firstName`, `lastName`, `role`, `skillSet_id`) VALUES ('1942', '93a4e7ae-b83c-429f-a643-b52f94756a85', 'cdf2fee5-46e7-4f65-8364-20a34821f25c', 'LeadSoftwareArchitect', '1942');
INSERT INTO `SkillSet` (`id`) VALUES ('1943');
INSERT INTO `SkillSet_skills` (`SkillSet_id`, `skills`) VALUES ('1943', 'SQL');
INSERT INTO `SkillSet_skills` (`SkillSet_id`, `skills`) VALUES ('1943', 'SQL');
INSERT INTO `Hero` (`id`, `firstName`, `lastName`, `role`, `skillSet_id`) VALUES ('1943', '1dc73a3d-f2ed-4038-82b2-6fc4cd8e98f8', '241216b7-7e09-4996-a152-5b261fc3f7b5', 'SoftwareEngineer', '1943');
INSERT INTO `SkillSet` (`id`) VALUES ('1944');
INSERT INTO `SkillSet_skills` (`SkillSet_id`, `skills`) VALUES ('1944', 'Ant');
INSERT INTO `SkillSet_skills` (`SkillSet_id`, `skills`) VALUES ('1944', 'UnitTesting');
INSERT INTO `Hero` (`id`, `firstName`, `lastName`, `role`, `skillSet_id`) VALUES ('1944', '00120055-b08d-4765-9563-419f022497c1', 'c5ddff2d-3e6c-403b-afc6-fc4215650201', 'SoftwareEngineer', '1944');
INSERT INTO `SkillSet` (`id`) VALUES ('1945');
INSERT INTO `SkillSet_skills` (`SkillSet_id`, `skills`) VALUES ('1945', 'Gradle');
INSERT INTO `SkillSet_skills` (`SkillSet_id`, `skills`) VALUES ('1945', 'Gradle');
INSERT INTO `SkillSet_skills` (`SkillSet_id`, `skills`) VALUES ('1945', 'dotNet');
INSERT INTO `Hero` (`id`, `firstName`, `lastName`, `role`, `skillSet_id`) VALUES ('1945', 'bd6e566b-22dd-4bc1-908f-470a60ad3f42', '749cc862-3b87-4545-ac58-57c27dd47460', 'PrincipalConsultant', '1945');
INSERT INTO `SkillSet` (`id`) VALUES ('1946');
INSERT INTO `SkillSet_skills` (`SkillSet_id`, `skills`) VALUES ('1946', 'SQL');
INSERT INTO `SkillSet_skills` (`SkillSet_id`, `skills`) VALUES ('1946', 'dotNet');
INSERT INTO `Hero` (`id`, `firstName`, `lastName`, `role`, `skillSet_id`) VALUES ('1946', '09795bfa-a902-440e-a9ac-f2269f51ac70', '03fd754b-d09d-4d33-8293-5fd8c2e5308d', 'LeadSoftwareArchitect', '1946');
INSERT INTO `SkillSet` (`id`) VALUES ('1947');
INSERT INTO `SkillSet_skills` (`SkillSet_id`, `skills`) VALUES ('1947', 'SQL');
INSERT INTO `SkillSet_skills` (`SkillSet_id`, `skills`) VALUES ('1947', 'dotNet');
INSERT INTO `SkillSet_skills` (`SkillSet_id`, `skills`) VALUES ('1947', 'Gradle');
INSERT INTO `Hero` (`id`, `firstName`, `lastName`, `role`, `skillSet_id`) VALUES ('1947', 'e8c6321d-854c-4492-9e11-ccda3e219a44', '76cbb712-f4f4-4d3f-a4f3-89568a0f849c', 'SoftwareEngineer', '1947');
INSERT INTO `SkillSet` (`id`) VALUES ('1948');
INSERT INTO `SkillSet_skills` (`SkillSet_id`, `skills`) VALUES ('1948', 'Gradle');
INSERT INTO `Hero` (`id`, `firstName`, `lastName`, `role`, `skillSet_id`) VALUES ('1948', '4fb8282f-ced2-47a8-9e5d-7cc8725397c9', '48df01bc-345f-4dc3-ab41-73555a77872f', 'SoftwareEngineer', '1948');
INSERT INTO `SkillSet` (`id`) VALUES ('1949');
INSERT INTO `SkillSet_skills` (`SkillSet_id`, `skills`) VALUES ('1949', 'dotNet');
INSERT INTO `SkillSet_skills` (`SkillSet_id`, `skills`) VALUES ('1949', 'dotNet');
INSERT INTO `SkillSet_skills` (`SkillSet_id`, `skills`) VALUES ('1949', 'SQL');
INSERT INTO `SkillSet_skills` (`SkillSet_id`, `skills`) VALUES ('1949', 'UITesting');
INSERT INTO `Hero` (`id`, `firstName`, `lastName`, `role`, `skillSet_id`) VALUES ('1949', '10cfbd6b-9855-4f47-a4a0-dedeab287f28', '092e95bb-06aa-41e9-b07f-158f9a477502', 'SeniorSoftwareEngineer', '1949');
INSERT INTO `SkillSet` (`id`) VALUES ('1950');
INSERT INTO `SkillSet_skills` (`SkillSet_id`, `skills`) VALUES ('1950', 'Maven');
INSERT INTO `SkillSet_skills` (`SkillSet_id`, `skills`) VALUES ('1950', 'Ant');
INSERT INTO `Hero` (`id`, `firstName`, `lastName`, `role`, `skillSet_id`) VALUES ('1950', '9deb0ea8-feed-4bb4-ac62-4023d6cd2296', 'a07b0edb-8216-4e6f-8841-7f9866a8c770', 'PrincipalConsultant', '1950');
INSERT INTO `SkillSet` (`id`) VALUES ('1951');
INSERT INTO `SkillSet_skills` (`SkillSet_id`, `skills`) VALUES ('1951', 'Maven');
INSERT INTO `SkillSet_skills` (`SkillSet_id`, `skills`) VALUES ('1951', 'UnitTesting');
INSERT INTO `SkillSet_skills` (`SkillSet_id`, `skills`) VALUES ('1951', 'Architektur');
INSERT INTO `SkillSet_skills` (`SkillSet_id`, `skills`) VALUES ('1951', 'dotNet');
INSERT INTO `Hero` (`id`, `firstName`, `lastName`, `role`, `skillSet_id`) VALUES ('1951', 'da9f7711-5b48-450a-a2fa-8e82ed139329', '00efadee-9c9e-4c76-bca5-8d1ad8401fd6', 'PrincipalConsultant', '1951');
INSERT INTO `SkillSet` (`id`) VALUES ('1952');
INSERT INTO `SkillSet_skills` (`SkillSet_id`, `skills`) VALUES ('1952', 'Maven');
INSERT INTO `SkillSet_skills` (`SkillSet_id`, `skills`) VALUES ('1952', 'Architektur');
INSERT INTO `SkillSet_skills` (`SkillSet_id`, `skills`) VALUES ('1952', 'Architektur');
INSERT INTO `SkillSet_skills` (`SkillSet_id`, `skills`) VALUES ('1952', 'Architektur');
INSERT INTO `Hero` (`id`, `firstName`, `lastName`, `role`, `skillSet_id`) VALUES ('1952', 'ea7be43a-5270-4c41-b261-6f3e55069372', '01d1c8d0-8f75-4bea-8c31-8f15d245852e', 'JuniorSoftwareEngineer', '1952');
INSERT INTO `SkillSet` (`id`) VALUES ('1953');
INSERT INTO `SkillSet_skills` (`SkillSet_id`, `skills`) VALUES ('1953', 'UITesting');
INSERT INTO `SkillSet_skills` (`SkillSet_id`, `skills`) VALUES ('1953', 'Gradle');
INSERT INTO `SkillSet_skills` (`SkillSet_id`, `skills`) VALUES ('1953', 'UITesting');
INSERT INTO `Hero` (`id`, `firstName`, `lastName`, `role`, `skillSet_id`) VALUES ('1953', '84138666-2a37-4bbb-8706-2614860e1c4a', '3a90c07d-c76d-432b-89df-7fad3be98187', 'LeadEngineer', '1953');
INSERT INTO `SkillSet` (`id`) VALUES ('1954');
INSERT INTO `SkillSet_skills` (`SkillSet_id`, `skills`) VALUES ('1954', 'Ant');
INSERT INTO `Hero` (`id`, `firstName`, `lastName`, `role`, `skillSet_id`) VALUES ('1954', 'c9ff01bc-c465-4a22-9bed-b7ed32047ce9', '204f4b80-a544-48cd-b678-a7060bef018c', 'SoftwareEngineer', '1954');
INSERT INTO `SkillSet` (`id`) VALUES ('1955');
INSERT INTO `SkillSet_skills` (`SkillSet_id`, `skills`) VALUES ('1955', 'Java');
INSERT INTO `SkillSet_skills` (`SkillSet_id`, `skills`) VALUES ('1955', 'Java');
INSERT INTO `Hero` (`id`, `firstName`, `lastName`, `role`, `skillSet_id`) VALUES ('1955', 'c3328f34-8ef1-4a0c-926d-1de5a50b06b8', 'cba5997c-fbe0-4b51-825e-5b8ad6019dfe', 'JuniorSoftwareEngineer', '1955');
INSERT INTO `SkillSet` (`id`) VALUES ('1956');
INSERT INTO `SkillSet_skills` (`SkillSet_id`, `skills`) VALUES ('1956', 'Gradle');
INSERT INTO `Hero` (`id`, `firstName`, `lastName`, `role`, `skillSet_id`) VALUES ('1956', '1c6045c5-a003-4d66-a285-f0a43a4be025', '3d570e56-b37f-42f6-b384-a2d6426b85cb', 'SeniorSoftwareEngineer', '1956');
INSERT INTO `SkillSet` (`id`) VALUES ('1957');
INSERT INTO `SkillSet_skills` (`SkillSet_id`, `skills`) VALUES ('1957', 'Maven');
INSERT INTO `SkillSet_skills` (`SkillSet_id`, `skills`) VALUES ('1957', 'dotNet');
INSERT INTO `SkillSet_skills` (`SkillSet_id`, `skills`) VALUES ('1957', 'Maven');
INSERT INTO `SkillSet_skills` (`SkillSet_id`, `skills`) VALUES ('1957', 'Maven');
INSERT INTO `SkillSet_skills` (`SkillSet_id`, `skills`) VALUES ('1957', 'UnitTesting');
INSERT INTO `Hero` (`id`, `firstName`, `lastName`, `role`, `skillSet_id`) VALUES ('1957', '5ac96267-c44d-4325-8f3d-1cc80cbe90a9', '7b140be9-f175-47f0-9109-8d283f6f0b37', 'JuniorSoftwareEngineer', '1957');
INSERT INTO `SkillSet` (`id`) VALUES ('1958');
INSERT INTO `SkillSet_skills` (`SkillSet_id`, `skills`) VALUES ('1958', 'dotNet');
INSERT INTO `SkillSet_skills` (`SkillSet_id`, `skills`) VALUES ('1958', 'SQL');
INSERT INTO `SkillSet_skills` (`SkillSet_id`, `skills`) VALUES ('1958', 'UnitTesting');
INSERT INTO `SkillSet_skills` (`SkillSet_id`, `skills`) VALUES ('1958', 'Ant');
INSERT INTO `SkillSet_skills` (`SkillSet_id`, `skills`) VALUES ('1958', 'Maven');
INSERT INTO `Hero` (`id`, `firstName`, `lastName`, `role`, `skillSet_id`) VALUES ('1958', '73f2c41c-54a5-4786-9cdf-ee4656deecee', 'c70642df-b481-487e-a5ba-58cee1e6e6ec', 'JuniorSoftwareEngineer', '1958');
INSERT INTO `SkillSet` (`id`) VALUES ('1959');
INSERT INTO `SkillSet_skills` (`SkillSet_id`, `skills`) VALUES ('1959', 'Maven');
INSERT INTO `SkillSet_skills` (`SkillSet_id`, `skills`) VALUES ('1959', 'UITesting');
INSERT INTO `SkillSet_skills` (`SkillSet_id`, `skills`) VALUES ('1959', 'Gradle');
INSERT INTO `SkillSet_skills` (`SkillSet_id`, `skills`) VALUES ('1959', 'UITesting');
INSERT INTO `SkillSet_skills` (`SkillSet_id`, `skills`) VALUES ('1959', 'Gradle');
INSERT INTO `Hero` (`id`, `firstName`, `lastName`, `role`, `skillSet_id`) VALUES ('1959', '7e0f4216-4cd1-49a5-947e-2cfb5cb143b9', '82fbc8ae-0337-4cb3-b263-409254ee07ba', 'JuniorSoftwareEngineer', '1959');
INSERT INTO `SkillSet` (`id`) VALUES ('1960');
INSERT INTO `SkillSet_skills` (`SkillSet_id`, `skills`) VALUES ('1960', 'dotNet');
INSERT INTO `SkillSet_skills` (`SkillSet_id`, `skills`) VALUES ('1960', 'Gradle');
INSERT INTO `SkillSet_skills` (`SkillSet_id`, `skills`) VALUES ('1960', 'Maven');
INSERT INTO `SkillSet_skills` (`SkillSet_id`, `skills`) VALUES ('1960', 'UnitTesting');
INSERT INTO `SkillSet_skills` (`SkillSet_id`, `skills`) VALUES ('1960', 'dotNet');
INSERT INTO `Hero` (`id`, `firstName`, `lastName`, `role`, `skillSet_id`) VALUES ('1960', '984d4e99-bb3a-48de-a9c9-2a0672877226', 'b3461b52-a57f-4549-9d3b-eaf62a1028b9', 'SoftwareEngineer', '1960');
INSERT INTO `SkillSet` (`id`) VALUES ('1961');
INSERT INTO `SkillSet_skills` (`SkillSet_id`, `skills`) VALUES ('1961', 'SQL');
INSERT INTO `SkillSet_skills` (`SkillSet_id`, `skills`) VALUES ('1961', 'Maven');
INSERT INTO `SkillSet_skills` (`SkillSet_id`, `skills`) VALUES ('1961', 'dotNet');
INSERT INTO `SkillSet_skills` (`SkillSet_id`, `skills`) VALUES ('1961', 'dotNet');
INSERT INTO `SkillSet_skills` (`SkillSet_id`, `skills`) VALUES ('1961', 'SQL');
INSERT INTO `Hero` (`id`, `firstName`, `lastName`, `role`, `skillSet_id`) VALUES ('1961', '54b73c5f-fd91-49a9-bf10-be63d928ff24', 'aebd9835-b52a-4f31-bab9-d4ff10ec5ce9', 'JuniorSoftwareEngineer', '1961');
INSERT INTO `SkillSet` (`id`) VALUES ('1962');
INSERT INTO `SkillSet_skills` (`SkillSet_id`, `skills`) VALUES ('1962', 'UITesting');
INSERT INTO `SkillSet_skills` (`SkillSet_id`, `skills`) VALUES ('1962', 'Gradle');
INSERT INTO `SkillSet_skills` (`SkillSet_id`, `skills`) VALUES ('1962', 'dotNet');
INSERT INTO `Hero` (`id`, `firstName`, `lastName`, `role`, `skillSet_id`) VALUES ('1962', 'cd708773-5bf1-4e9f-a46d-e5b31eaafa03', '70eea52b-e1c1-4a10-8867-79916ce142ac', 'JuniorSoftwareEngineer', '1962');
INSERT INTO `SkillSet` (`id`) VALUES ('1963');
INSERT INTO `SkillSet_skills` (`SkillSet_id`, `skills`) VALUES ('1963', 'Gradle');
INSERT INTO `SkillSet_skills` (`SkillSet_id`, `skills`) VALUES ('1963', 'Architektur');
INSERT INTO `SkillSet_skills` (`SkillSet_id`, `skills`) VALUES ('1963', 'SQL');
INSERT INTO `SkillSet_skills` (`SkillSet_id`, `skills`) VALUES ('1963', 'dotNet');
INSERT INTO `Hero` (`id`, `firstName`, `lastName`, `role`, `skillSet_id`) VALUES ('1963', 'dab8e386-dba5-42f9-ae31-7cbc9aa74913', '1a828d12-15e8-4090-b953-7f33bd039e9f', 'SoftwareEngineer', '1963');
INSERT INTO `SkillSet` (`id`) VALUES ('1964');
INSERT INTO `SkillSet_skills` (`SkillSet_id`, `skills`) VALUES ('1964', 'Architektur');
INSERT INTO `SkillSet_skills` (`SkillSet_id`, `skills`) VALUES ('1964', 'Ant');
INSERT INTO `SkillSet_skills` (`SkillSet_id`, `skills`) VALUES ('1964', 'SQL');
INSERT INTO `Hero` (`id`, `firstName`, `lastName`, `role`, `skillSet_id`) VALUES ('1964', '859d9c47-21d0-4ff8-bc70-c5d1a9516d80', '3707b10e-ea75-4e40-97d3-0179bd64df58', 'JuniorSoftwareEngineer', '1964');
INSERT INTO `SkillSet` (`id`) VALUES ('1965');
INSERT INTO `SkillSet_skills` (`SkillSet_id`, `skills`) VALUES ('1965', 'UnitTesting');
INSERT INTO `SkillSet_skills` (`SkillSet_id`, `skills`) VALUES ('1965', 'Ant');
INSERT INTO `SkillSet_skills` (`SkillSet_id`, `skills`) VALUES ('1965', 'Maven');
INSERT INTO `SkillSet_skills` (`SkillSet_id`, `skills`) VALUES ('1965', 'dotNet');
INSERT INTO `SkillSet_skills` (`SkillSet_id`, `skills`) VALUES ('1965', 'Gradle');
INSERT INTO `Hero` (`id`, `firstName`, `lastName`, `role`, `skillSet_id`) VALUES ('1965', 'fe928738-4247-4365-982c-06996010f966', '78881b80-616e-42ff-a740-33c86db5972d', 'LeadSoftwareArchitect', '1965');
INSERT INTO `SkillSet` (`id`) VALUES ('1966');
INSERT INTO `SkillSet_skills` (`SkillSet_id`, `skills`) VALUES ('1966', 'Gradle');
INSERT INTO `Hero` (`id`, `firstName`, `lastName`, `role`, `skillSet_id`) VALUES ('1966', '078a76e5-fa32-452e-992c-eb674ca097d1', 'f6b58dea-353a-4f43-846a-5a13fe99d759', 'SeniorSoftwareEngineer', '1966');
INSERT INTO `SkillSet` (`id`) VALUES ('1967');
INSERT INTO `SkillSet_skills` (`SkillSet_id`, `skills`) VALUES ('1967', 'dotNet');
INSERT INTO `SkillSet_skills` (`SkillSet_id`, `skills`) VALUES ('1967', 'SQL');
INSERT INTO `SkillSet_skills` (`SkillSet_id`, `skills`) VALUES ('1967', 'UITesting');
INSERT INTO `SkillSet_skills` (`SkillSet_id`, `skills`) VALUES ('1967', 'UnitTesting');
INSERT INTO `SkillSet_skills` (`SkillSet_id`, `skills`) VALUES ('1967', 'UnitTesting');
INSERT INTO `Hero` (`id`, `firstName`, `lastName`, `role`, `skillSet_id`) VALUES ('1967', '9b62332d-31c4-4d81-baf4-4e35b18d826e', '738f5383-b3d8-4135-9ba9-901ff72b0335', 'SoftwareEngineer', '1967');
INSERT INTO `SkillSet` (`id`) VALUES ('1968');
INSERT INTO `SkillSet_skills` (`SkillSet_id`, `skills`) VALUES ('1968', 'SQL');
INSERT INTO `SkillSet_skills` (`SkillSet_id`, `skills`) VALUES ('1968', 'UITesting');
INSERT INTO `SkillSet_skills` (`SkillSet_id`, `skills`) VALUES ('1968', 'UnitTesting');
INSERT INTO `SkillSet_skills` (`SkillSet_id`, `skills`) VALUES ('1968', 'Gradle');
INSERT INTO `SkillSet_skills` (`SkillSet_id`, `skills`) VALUES ('1968', 'UITesting');
INSERT INTO `Hero` (`id`, `firstName`, `lastName`, `role`, `skillSet_id`) VALUES ('1968', '50235fc2-4ae9-4706-8637-c5c4c81455d8', '7d6a7df1-2ed1-420e-a07c-383453deec49', 'PrincipalConsultant', '1968');
INSERT INTO `SkillSet` (`id`) VALUES ('1969');
INSERT INTO `SkillSet_skills` (`SkillSet_id`, `skills`) VALUES ('1969', 'Maven');
INSERT INTO `SkillSet_skills` (`SkillSet_id`, `skills`) VALUES ('1969', 'dotNet');
INSERT INTO `SkillSet_skills` (`SkillSet_id`, `skills`) VALUES ('1969', 'SQL');
INSERT INTO `SkillSet_skills` (`SkillSet_id`, `skills`) VALUES ('1969', 'UnitTesting');
INSERT INTO `Hero` (`id`, `firstName`, `lastName`, `role`, `skillSet_id`) VALUES ('1969', '12445390-f6ca-4d76-92bd-0606dad35077', '9c31db7c-ffbd-4408-98c7-9ae86c9cf076', 'JuniorSoftwareEngineer', '1969');
INSERT INTO `SkillSet` (`id`) VALUES ('1970');
INSERT INTO `SkillSet_skills` (`SkillSet_id`, `skills`) VALUES ('1970', 'UnitTesting');
INSERT INTO `SkillSet_skills` (`SkillSet_id`, `skills`) VALUES ('1970', 'Java');
INSERT INTO `SkillSet_skills` (`SkillSet_id`, `skills`) VALUES ('1970', 'SQL');
INSERT INTO `Hero` (`id`, `firstName`, `lastName`, `role`, `skillSet_id`) VALUES ('1970', '1e7807b4-ea01-4505-af73-3c6741385bcd', '3552bd7a-4039-4946-8aed-ff36c1d10996', 'LeadSoftwareArchitect', '1970');
INSERT INTO `SkillSet` (`id`) VALUES ('1971');
INSERT INTO `SkillSet_skills` (`SkillSet_id`, `skills`) VALUES ('1971', 'Ant');
INSERT INTO `Hero` (`id`, `firstName`, `lastName`, `role`, `skillSet_id`) VALUES ('1971', '16d22cf3-dbec-40e1-843d-56b00ee275b9', 'bef407c2-9c30-4ef8-b011-262d3360ff46', 'SoftwareEngineer', '1971');
INSERT INTO `SkillSet` (`id`) VALUES ('1972');
INSERT INTO `SkillSet_skills` (`SkillSet_id`, `skills`) VALUES ('1972', 'dotNet');
INSERT INTO `Hero` (`id`, `firstName`, `lastName`, `role`, `skillSet_id`) VALUES ('1972', 'e9fdc18d-dfad-4bbd-a155-dcec5e37ec09', '856b5aa8-783d-4881-8327-e84d096aca60', 'JuniorSoftwareEngineer', '1972');
INSERT INTO `SkillSet` (`id`) VALUES ('1973');
INSERT INTO `SkillSet_skills` (`SkillSet_id`, `skills`) VALUES ('1973', 'Maven');
INSERT INTO `SkillSet_skills` (`SkillSet_id`, `skills`) VALUES ('1973', 'Java');
INSERT INTO `Hero` (`id`, `firstName`, `lastName`, `role`, `skillSet_id`) VALUES ('1973', '55ead227-540b-4b0b-9389-6a8d1a8698e0', 'a65fa93c-3fed-4466-b231-a14e45b4793d', 'SeniorSoftwareEngineer', '1973');
INSERT INTO `SkillSet` (`id`) VALUES ('1974');
INSERT INTO `SkillSet_skills` (`SkillSet_id`, `skills`) VALUES ('1974', 'Gradle');
INSERT INTO `SkillSet_skills` (`SkillSet_id`, `skills`) VALUES ('1974', 'Java');
INSERT INTO `SkillSet_skills` (`SkillSet_id`, `skills`) VALUES ('1974', 'Gradle');
INSERT INTO `Hero` (`id`, `firstName`, `lastName`, `role`, `skillSet_id`) VALUES ('1974', '206550aa-2f35-442a-bd81-5b17da81cb4f', '9601abdb-da5d-4184-8238-03357090fa8a', 'LeadEngineer', '1974');
INSERT INTO `SkillSet` (`id`) VALUES ('1975');
INSERT INTO `SkillSet_skills` (`SkillSet_id`, `skills`) VALUES ('1975', 'dotNet');
INSERT INTO `Hero` (`id`, `firstName`, `lastName`, `role`, `skillSet_id`) VALUES ('1975', '8dfd5931-0e0e-4c31-beed-7cdf7eac5e5d', '66eba9cd-c196-4530-b5b9-7f07c362c582', 'SeniorSoftwareEngineer', '1975');
INSERT INTO `SkillSet` (`id`) VALUES ('1976');
INSERT INTO `SkillSet_skills` (`SkillSet_id`, `skills`) VALUES ('1976', 'Architektur');
INSERT INTO `SkillSet_skills` (`SkillSet_id`, `skills`) VALUES ('1976', 'Maven');
INSERT INTO `Hero` (`id`, `firstName`, `lastName`, `role`, `skillSet_id`) VALUES ('1976', 'ed3903d4-2879-415d-8f27-016d93223ae3', '5b68719e-3fbe-4463-9a0d-b8aed411946c', 'LeadSoftwareArchitect', '1976');
INSERT INTO `SkillSet` (`id`) VALUES ('1977');
INSERT INTO `SkillSet_skills` (`SkillSet_id`, `skills`) VALUES ('1977', 'Maven');
INSERT INTO `SkillSet_skills` (`SkillSet_id`, `skills`) VALUES ('1977', 'Architektur');
INSERT INTO `SkillSet_skills` (`SkillSet_id`, `skills`) VALUES ('1977', 'Gradle');
INSERT INTO `Hero` (`id`, `firstName`, `lastName`, `role`, `skillSet_id`) VALUES ('1977', 'efd138e8-469d-47d2-9d86-dd4de62c70d7', '9d520f61-c446-4daa-9c27-8374b42f4b6b', 'JuniorSoftwareEngineer', '1977');
INSERT INTO `SkillSet` (`id`) VALUES ('1978');
INSERT INTO `SkillSet_skills` (`SkillSet_id`, `skills`) VALUES ('1978', 'dotNet');
INSERT INTO `SkillSet_skills` (`SkillSet_id`, `skills`) VALUES ('1978', 'UnitTesting');
INSERT INTO `Hero` (`id`, `firstName`, `lastName`, `role`, `skillSet_id`) VALUES ('1978', '142f5ead-18e1-440d-88fc-a604b2549eb9', 'c1d7b4b1-06d4-4c4b-a18c-140d75e6e573', 'LeadSoftwareArchitect', '1978');
INSERT INTO `SkillSet` (`id`) VALUES ('1979');
INSERT INTO `SkillSet_skills` (`SkillSet_id`, `skills`) VALUES ('1979', 'UITesting');
INSERT INTO `SkillSet_skills` (`SkillSet_id`, `skills`) VALUES ('1979', 'Ant');
INSERT INTO `SkillSet_skills` (`SkillSet_id`, `skills`) VALUES ('1979', 'Gradle');
INSERT INTO `Hero` (`id`, `firstName`, `lastName`, `role`, `skillSet_id`) VALUES ('1979', '04417880-3c0e-4f92-bdea-9d833e2acc2f', '75dd8603-1c6a-4695-8946-71234cec034c', 'JuniorSoftwareEngineer', '1979');
INSERT INTO `SkillSet` (`id`) VALUES ('1980');
INSERT INTO `SkillSet_skills` (`SkillSet_id`, `skills`) VALUES ('1980', 'Java');
INSERT INTO `SkillSet_skills` (`SkillSet_id`, `skills`) VALUES ('1980', 'Java');
INSERT INTO `SkillSet_skills` (`SkillSet_id`, `skills`) VALUES ('1980', 'Java');
INSERT INTO `SkillSet_skills` (`SkillSet_id`, `skills`) VALUES ('1980', 'dotNet');
INSERT INTO `Hero` (`id`, `firstName`, `lastName`, `role`, `skillSet_id`) VALUES ('1980', '85d85b7b-1c19-4259-91c8-cef744e94657', '6b4fe1b5-165a-40cc-8995-3c3ef2250bdc', 'PrincipalConsultant', '1980');
INSERT INTO `SkillSet` (`id`) VALUES ('1981');
INSERT INTO `SkillSet_skills` (`SkillSet_id`, `skills`) VALUES ('1981', 'SQL');
INSERT INTO `SkillSet_skills` (`SkillSet_id`, `skills`) VALUES ('1981', 'UnitTesting');
INSERT INTO `Hero` (`id`, `firstName`, `lastName`, `role`, `skillSet_id`) VALUES ('1981', '588fbc4d-671a-4008-bdb3-4debfac19597', '51479ed1-d8b5-4090-81e1-d90784d41592', 'SeniorSoftwareEngineer', '1981');
INSERT INTO `SkillSet` (`id`) VALUES ('1982');
INSERT INTO `SkillSet_skills` (`SkillSet_id`, `skills`) VALUES ('1982', 'Ant');
INSERT INTO `SkillSet_skills` (`SkillSet_id`, `skills`) VALUES ('1982', 'Maven');
INSERT INTO `SkillSet_skills` (`SkillSet_id`, `skills`) VALUES ('1982', 'SQL');
INSERT INTO `SkillSet_skills` (`SkillSet_id`, `skills`) VALUES ('1982', 'SQL');
INSERT INTO `SkillSet_skills` (`SkillSet_id`, `skills`) VALUES ('1982', 'Gradle');
INSERT INTO `Hero` (`id`, `firstName`, `lastName`, `role`, `skillSet_id`) VALUES ('1982', 'f3d28057-3798-421d-8d29-5303169e0c78', '5397f606-70af-4c59-9f6a-cf3ebf304037', 'SoftwareEngineer', '1982');
INSERT INTO `SkillSet` (`id`) VALUES ('1983');
INSERT INTO `SkillSet_skills` (`SkillSet_id`, `skills`) VALUES ('1983', 'Maven');
INSERT INTO `SkillSet_skills` (`SkillSet_id`, `skills`) VALUES ('1983', 'Maven');
INSERT INTO `SkillSet_skills` (`SkillSet_id`, `skills`) VALUES ('1983', 'Ant');
INSERT INTO `SkillSet_skills` (`SkillSet_id`, `skills`) VALUES ('1983', 'UnitTesting');
INSERT INTO `Hero` (`id`, `firstName`, `lastName`, `role`, `skillSet_id`) VALUES ('1983', '2ca031f0-4a09-4246-ba99-0563a10b7fcc', 'c8c92e07-5884-4d38-8964-5a9e0190f353', 'LeadSoftwareArchitect', '1983');
INSERT INTO `SkillSet` (`id`) VALUES ('1984');
INSERT INTO `SkillSet_skills` (`SkillSet_id`, `skills`) VALUES ('1984', 'Gradle');
INSERT INTO `SkillSet_skills` (`SkillSet_id`, `skills`) VALUES ('1984', 'Gradle');
INSERT INTO `SkillSet_skills` (`SkillSet_id`, `skills`) VALUES ('1984', 'Architektur');
INSERT INTO `SkillSet_skills` (`SkillSet_id`, `skills`) VALUES ('1984', 'Java');
INSERT INTO `SkillSet_skills` (`SkillSet_id`, `skills`) VALUES ('1984', 'Maven');
INSERT INTO `Hero` (`id`, `firstName`, `lastName`, `role`, `skillSet_id`) VALUES ('1984', '28b5a3e5-1ef7-4ace-a08f-cc807af1847b', '56bfccab-b588-4f92-b4b1-ebe770a3c98f', 'JuniorSoftwareEngineer', '1984');
INSERT INTO `SkillSet` (`id`) VALUES ('1985');
INSERT INTO `SkillSet_skills` (`SkillSet_id`, `skills`) VALUES ('1985', 'Ant');
INSERT INTO `SkillSet_skills` (`SkillSet_id`, `skills`) VALUES ('1985', 'Gradle');
INSERT INTO `SkillSet_skills` (`SkillSet_id`, `skills`) VALUES ('1985', 'Maven');
INSERT INTO `Hero` (`id`, `firstName`, `lastName`, `role`, `skillSet_id`) VALUES ('1985', 'c998b39d-5196-4e75-b69e-3380e9065e60', '8a4ef9c9-a38e-4b3a-8382-161f5201ac8c', 'SoftwareEngineer', '1985');
INSERT INTO `SkillSet` (`id`) VALUES ('1986');
INSERT INTO `SkillSet_skills` (`SkillSet_id`, `skills`) VALUES ('1986', 'UnitTesting');
INSERT INTO `SkillSet_skills` (`SkillSet_id`, `skills`) VALUES ('1986', 'Ant');
INSERT INTO `SkillSet_skills` (`SkillSet_id`, `skills`) VALUES ('1986', 'dotNet');
INSERT INTO `Hero` (`id`, `firstName`, `lastName`, `role`, `skillSet_id`) VALUES ('1986', 'decc76cd-6242-4966-9682-44024c30b1ec', '7b2b3adf-4a5e-4f40-ae0f-527924209543', 'SeniorSoftwareEngineer', '1986');
INSERT INTO `SkillSet` (`id`) VALUES ('1987');
INSERT INTO `SkillSet_skills` (`SkillSet_id`, `skills`) VALUES ('1987', 'Architektur');
INSERT INTO `Hero` (`id`, `firstName`, `lastName`, `role`, `skillSet_id`) VALUES ('1987', '057eafc5-d2a7-41b0-989b-11fdd8053f39', 'd3294d3a-cfd3-4786-9ad2-32e3d901cfb3', 'LeadEngineer', '1987');
INSERT INTO `SkillSet` (`id`) VALUES ('1988');
INSERT INTO `SkillSet_skills` (`SkillSet_id`, `skills`) VALUES ('1988', 'SQL');
INSERT INTO `SkillSet_skills` (`SkillSet_id`, `skills`) VALUES ('1988', 'UITesting');
INSERT INTO `SkillSet_skills` (`SkillSet_id`, `skills`) VALUES ('1988', 'UnitTesting');
INSERT INTO `SkillSet_skills` (`SkillSet_id`, `skills`) VALUES ('1988', 'Ant');
INSERT INTO `Hero` (`id`, `firstName`, `lastName`, `role`, `skillSet_id`) VALUES ('1988', '21bf2805-961e-4664-9eca-a6185f42e360', 'b8c1b6c7-8684-4253-bfe5-27b3daeb4b72', 'LeadSoftwareArchitect', '1988');
INSERT INTO `SkillSet` (`id`) VALUES ('1989');
INSERT INTO `SkillSet_skills` (`SkillSet_id`, `skills`) VALUES ('1989', 'Ant');
INSERT INTO `SkillSet_skills` (`SkillSet_id`, `skills`) VALUES ('1989', 'UITesting');
INSERT INTO `SkillSet_skills` (`SkillSet_id`, `skills`) VALUES ('1989', 'Maven');
INSERT INTO `Hero` (`id`, `firstName`, `lastName`, `role`, `skillSet_id`) VALUES ('1989', '4bf6402d-9ba1-4c9c-b4b3-3fd3678beb88', 'fe9fdd93-accb-4673-8d0d-977dd864c626', 'LeadSoftwareArchitect', '1989');
INSERT INTO `SkillSet` (`id`) VALUES ('1990');
INSERT INTO `SkillSet_skills` (`SkillSet_id`, `skills`) VALUES ('1990', 'dotNet');
INSERT INTO `SkillSet_skills` (`SkillSet_id`, `skills`) VALUES ('1990', 'Java');
INSERT INTO `SkillSet_skills` (`SkillSet_id`, `skills`) VALUES ('1990', 'dotNet');
INSERT INTO `SkillSet_skills` (`SkillSet_id`, `skills`) VALUES ('1990', 'UnitTesting');
INSERT INTO `SkillSet_skills` (`SkillSet_id`, `skills`) VALUES ('1990', 'UITesting');
INSERT INTO `Hero` (`id`, `firstName`, `lastName`, `role`, `skillSet_id`) VALUES ('1990', 'ad76730d-7b56-41b3-b5d6-3cbb111301e0', 'e5b7c8c6-2f65-4245-a3a0-4edfe3ef8d07', 'SeniorSoftwareEngineer', '1990');
INSERT INTO `SkillSet` (`id`) VALUES ('1991');
INSERT INTO `SkillSet_skills` (`SkillSet_id`, `skills`) VALUES ('1991', 'UnitTesting');
INSERT INTO `Hero` (`id`, `firstName`, `lastName`, `role`, `skillSet_id`) VALUES ('1991', '5147ac98-4c82-4a24-8729-bb1ff59627b0', 'e481bf1b-0165-4938-a8cb-87c6fbaf4bf2', 'SeniorSoftwareEngineer', '1991');
INSERT INTO `SkillSet` (`id`) VALUES ('1992');
INSERT INTO `SkillSet_skills` (`SkillSet_id`, `skills`) VALUES ('1992', 'dotNet');
INSERT INTO `SkillSet_skills` (`SkillSet_id`, `skills`) VALUES ('1992', 'dotNet');
INSERT INTO `SkillSet_skills` (`SkillSet_id`, `skills`) VALUES ('1992', 'dotNet');
INSERT INTO `SkillSet_skills` (`SkillSet_id`, `skills`) VALUES ('1992', 'Gradle');
INSERT INTO `SkillSet_skills` (`SkillSet_id`, `skills`) VALUES ('1992', 'Ant');
INSERT INTO `Hero` (`id`, `firstName`, `lastName`, `role`, `skillSet_id`) VALUES ('1992', 'c87f95dc-041e-431d-8bf0-a96745cd1bb5', 'e7244f5f-ab34-44f2-a986-7eaa6e1b832a', 'LeadSoftwareArchitect', '1992');
INSERT INTO `SkillSet` (`id`) VALUES ('1993');
INSERT INTO `SkillSet_skills` (`SkillSet_id`, `skills`) VALUES ('1993', 'Ant');
INSERT INTO `SkillSet_skills` (`SkillSet_id`, `skills`) VALUES ('1993', 'UnitTesting');
INSERT INTO `SkillSet_skills` (`SkillSet_id`, `skills`) VALUES ('1993', 'Architektur');
INSERT INTO `SkillSet_skills` (`SkillSet_id`, `skills`) VALUES ('1993', 'Maven');
INSERT INTO `SkillSet_skills` (`SkillSet_id`, `skills`) VALUES ('1993', 'Ant');
INSERT INTO `Hero` (`id`, `firstName`, `lastName`, `role`, `skillSet_id`) VALUES ('1993', 'd7be1d8d-43cf-4ccc-94a2-f9454fecd96e', '8f0ceb68-15a1-465c-a1d8-9f025a5b0941', 'LeadEngineer', '1993');
INSERT INTO `SkillSet` (`id`) VALUES ('1994');
INSERT INTO `SkillSet_skills` (`SkillSet_id`, `skills`) VALUES ('1994', 'UITesting');
INSERT INTO `SkillSet_skills` (`SkillSet_id`, `skills`) VALUES ('1994', 'Architektur');
INSERT INTO `SkillSet_skills` (`SkillSet_id`, `skills`) VALUES ('1994', 'dotNet');
INSERT INTO `SkillSet_skills` (`SkillSet_id`, `skills`) VALUES ('1994', 'UnitTesting');
INSERT INTO `SkillSet_skills` (`SkillSet_id`, `skills`) VALUES ('1994', 'SQL');
INSERT INTO `Hero` (`id`, `firstName`, `lastName`, `role`, `skillSet_id`) VALUES ('1994', '8764d2c1-0afa-40a9-bd47-4059147da4f4', 'd30ad1ab-d66f-4bbc-b2cd-c4b95b4878bb', 'SoftwareEngineer', '1994');
INSERT INTO `SkillSet` (`id`) VALUES ('1995');
INSERT INTO `SkillSet_skills` (`SkillSet_id`, `skills`) VALUES ('1995', 'Gradle');
INSERT INTO `SkillSet_skills` (`SkillSet_id`, `skills`) VALUES ('1995', 'SQL');
INSERT INTO `SkillSet_skills` (`SkillSet_id`, `skills`) VALUES ('1995', 'Architektur');
INSERT INTO `SkillSet_skills` (`SkillSet_id`, `skills`) VALUES ('1995', 'dotNet');
INSERT INTO `Hero` (`id`, `firstName`, `lastName`, `role`, `skillSet_id`) VALUES ('1995', '995a19f0-0ec7-4cd4-a8b3-cb65c567c875', '58a2f111-b81c-4279-a007-d3fd2b82bcbf', 'SeniorSoftwareEngineer', '1995');
INSERT INTO `SkillSet` (`id`) VALUES ('1996');
INSERT INTO `SkillSet_skills` (`SkillSet_id`, `skills`) VALUES ('1996', 'dotNet');
INSERT INTO `Hero` (`id`, `firstName`, `lastName`, `role`, `skillSet_id`) VALUES ('1996', '9f12b553-78b1-4fc8-8807-ec9ddcc6271d', '9c8a8578-eaab-402d-87a1-c68d98b6f9ab', 'JuniorSoftwareEngineer', '1996');
INSERT INTO `SkillSet` (`id`) VALUES ('1997');
INSERT INTO `SkillSet_skills` (`SkillSet_id`, `skills`) VALUES ('1997', 'dotNet');
INSERT INTO `SkillSet_skills` (`SkillSet_id`, `skills`) VALUES ('1997', 'Ant');
INSERT INTO `Hero` (`id`, `firstName`, `lastName`, `role`, `skillSet_id`) VALUES ('1997', '00308170-085b-4f90-8156-91649a63e7c3', '049086dc-8f84-4973-82f6-55528715f2cc', 'PrincipalConsultant', '1997');
INSERT INTO `SkillSet` (`id`) VALUES ('1998');
INSERT INTO `SkillSet_skills` (`SkillSet_id`, `skills`) VALUES ('1998', 'Java');
INSERT INTO `SkillSet_skills` (`SkillSet_id`, `skills`) VALUES ('1998', 'Architektur');
INSERT INTO `Hero` (`id`, `firstName`, `lastName`, `role`, `skillSet_id`) VALUES ('1998', '6b7e61fd-4599-442c-afe7-349969d096d8', '759d5918-fd30-4f12-aef7-a46263673e55', 'SeniorSoftwareEngineer', '1998');
INSERT INTO `SkillSet` (`id`) VALUES ('1999');
INSERT INTO `SkillSet_skills` (`SkillSet_id`, `skills`) VALUES ('1999', 'UITesting');
INSERT INTO `SkillSet_skills` (`SkillSet_id`, `skills`) VALUES ('1999', 'Gradle');
INSERT INTO `Hero` (`id`, `firstName`, `lastName`, `role`, `skillSet_id`) VALUES ('1999', 'a6ee5c64-54f7-4e83-845d-c5f7842f75f3', '4d885efc-d5d2-4654-b966-6ba7855bcb95', 'PrincipalConsultant', '1999');
INSERT INTO `SkillSet` (`id`) VALUES ('11000');
INSERT INTO `SkillSet_skills` (`SkillSet_id`, `skills`) VALUES ('11000', 'Maven');
INSERT INTO `SkillSet_skills` (`SkillSet_id`, `skills`) VALUES ('11000', 'Maven');
INSERT INTO `Mission` (`id`, `companyName`, `shortName`, `role`, `skillSet_id`) VALUES ('11000', 'a2c37e49-5958-4a86-846b-745a3b2fafd6', '480090d0-cefe-446c-81e6-682c0c6016b3', 'SoftwareEngineer', '11000');
INSERT INTO `SkillSet` (`id`) VALUES ('11001');
INSERT INTO `SkillSet_skills` (`SkillSet_id`, `skills`) VALUES ('11001', 'Architektur');
INSERT INTO `SkillSet_skills` (`SkillSet_id`, `skills`) VALUES ('11001', 'dotNet');
INSERT INTO `Mission` (`id`, `companyName`, `shortName`, `role`, `skillSet_id`) VALUES ('11001', '91f19a10-eeb3-47c7-9473-c5fc241464ca', '8df39059-2656-421f-bd44-9448a4d28996', 'JuniorSoftwareEngineer', '11001');
INSERT INTO `SkillSet` (`id`) VALUES ('11002');
INSERT INTO `SkillSet_skills` (`SkillSet_id`, `skills`) VALUES ('11002', 'Maven');
INSERT INTO `SkillSet_skills` (`SkillSet_id`, `skills`) VALUES ('11002', 'Gradle');
INSERT INTO `SkillSet_skills` (`SkillSet_id`, `skills`) VALUES ('11002', 'Architektur');
INSERT INTO `SkillSet_skills` (`SkillSet_id`, `skills`) VALUES ('11002', 'Java');
INSERT INTO `Mission` (`id`, `companyName`, `shortName`, `role`, `skillSet_id`) VALUES ('11002', 'e79a93c3-5854-43fc-8222-9ecad53b416e', '2d548a01-ebeb-4ecd-ae0d-24185f768325', 'LeadSoftwareArchitect', '11002');
INSERT INTO `SkillSet` (`id`) VALUES ('11003');
INSERT INTO `SkillSet_skills` (`SkillSet_id`, `skills`) VALUES ('11003', 'dotNet');
INSERT INTO `SkillSet_skills` (`SkillSet_id`, `skills`) VALUES ('11003', 'Ant');
INSERT INTO `SkillSet_skills` (`SkillSet_id`, `skills`) VALUES ('11003', 'Ant');
INSERT INTO `SkillSet_skills` (`SkillSet_id`, `skills`) VALUES ('11003', 'Ant');
INSERT INTO `Mission` (`id`, `companyName`, `shortName`, `role`, `skillSet_id`) VALUES ('11003', '8c4f8801-d1a8-418b-b437-b766ed207310', 'c2f7c323-c4a5-471b-80dc-98518696688a', 'PrincipalConsultant', '11003');
INSERT INTO `SkillSet` (`id`) VALUES ('11004');
INSERT INTO `SkillSet_skills` (`SkillSet_id`, `skills`) VALUES ('11004', 'UITesting');
INSERT INTO `SkillSet_skills` (`SkillSet_id`, `skills`) VALUES ('11004', 'dotNet');
INSERT INTO `SkillSet_skills` (`SkillSet_id`, `skills`) VALUES ('11004', 'SQL');
INSERT INTO `SkillSet_skills` (`SkillSet_id`, `skills`) VALUES ('11004', 'Maven');
INSERT INTO `Mission` (`id`, `companyName`, `shortName`, `role`, `skillSet_id`) VALUES ('11004', 'e2be4bac-6e33-484e-bd4d-2da24d8cace1', '45a8667d-508f-4d9e-a279-408e30d7074b', 'JuniorSoftwareEngineer', '11004');
INSERT INTO `SkillSet` (`id`) VALUES ('11005');
INSERT INTO `SkillSet_skills` (`SkillSet_id`, `skills`) VALUES ('11005', 'UnitTesting');
INSERT INTO `SkillSet_skills` (`SkillSet_id`, `skills`) VALUES ('11005', 'dotNet');
INSERT INTO `SkillSet_skills` (`SkillSet_id`, `skills`) VALUES ('11005', 'Gradle');
INSERT INTO `SkillSet_skills` (`SkillSet_id`, `skills`) VALUES ('11005', 'Ant');
INSERT INTO `SkillSet_skills` (`SkillSet_id`, `skills`) VALUES ('11005', 'dotNet');
INSERT INTO `Mission` (`id`, `companyName`, `shortName`, `role`, `skillSet_id`) VALUES ('11005', '690393df-c5f6-494b-bd9c-ebdacfe74b19', '422c7b77-1909-444d-a95c-7b74c251abfa', 'SeniorSoftwareEngineer', '11005');
INSERT INTO `SkillSet` (`id`) VALUES ('11006');
INSERT INTO `SkillSet_skills` (`SkillSet_id`, `skills`) VALUES ('11006', 'Ant');
INSERT INTO `SkillSet_skills` (`SkillSet_id`, `skills`) VALUES ('11006', 'dotNet');
INSERT INTO `SkillSet_skills` (`SkillSet_id`, `skills`) VALUES ('11006', 'Java');
INSERT INTO `Mission` (`id`, `companyName`, `shortName`, `role`, `skillSet_id`) VALUES ('11006', 'edb24850-cc3a-4bd2-89c4-697aa026864d', '51e2ef70-48d7-4924-b328-c4dcc9b4e48b', 'JuniorSoftwareEngineer', '11006');
INSERT INTO `SkillSet` (`id`) VALUES ('11007');
INSERT INTO `SkillSet_skills` (`SkillSet_id`, `skills`) VALUES ('11007', 'UITesting');
INSERT INTO `SkillSet_skills` (`SkillSet_id`, `skills`) VALUES ('11007', 'dotNet');
INSERT INTO `Mission` (`id`, `companyName`, `shortName`, `role`, `skillSet_id`) VALUES ('11007', '6d7d8ea6-cbb1-47ee-9fcf-a1604756049f', '0e7f08fe-e06e-4f30-b92d-77b9b1da01c5', 'JuniorSoftwareEngineer', '11007');
INSERT INTO `SkillSet` (`id`) VALUES ('11008');
INSERT INTO `SkillSet_skills` (`SkillSet_id`, `skills`) VALUES ('11008', 'Ant');
INSERT INTO `SkillSet_skills` (`SkillSet_id`, `skills`) VALUES ('11008', 'Architektur');
INSERT INTO `SkillSet_skills` (`SkillSet_id`, `skills`) VALUES ('11008', 'Maven');
INSERT INTO `Mission` (`id`, `companyName`, `shortName`, `role`, `skillSet_id`) VALUES ('11008', 'c5316435-cf10-4f22-a94b-8e340780481e', '6dc7002f-4250-4fa0-8a76-b3b7c38d1b7e', 'LeadSoftwareArchitect', '11008');
INSERT INTO `SkillSet` (`id`) VALUES ('11009');
INSERT INTO `SkillSet_skills` (`SkillSet_id`, `skills`) VALUES ('11009', 'Maven');
INSERT INTO `Mission` (`id`, `companyName`, `shortName`, `role`, `skillSet_id`) VALUES ('11009', '9050e3a2-b59b-4b7d-a435-060985ff26c4', '01187572-d4ec-42e9-8a17-0cb524e0f039', 'PrincipalConsultant', '11009');
INSERT INTO `SkillSet` (`id`) VALUES ('11010');
INSERT INTO `SkillSet_skills` (`SkillSet_id`, `skills`) VALUES ('11010', 'Architektur');
INSERT INTO `Mission` (`id`, `companyName`, `shortName`, `role`, `skillSet_id`) VALUES ('11010', 'feaf92e6-2fc4-48b5-8ac7-4c30b5566f72', '07699a6a-6086-4178-ba7f-120d8ed12371', 'LeadEngineer', '11010');
INSERT INTO `SkillSet` (`id`) VALUES ('11011');
INSERT INTO `SkillSet_skills` (`SkillSet_id`, `skills`) VALUES ('11011', 'Gradle');
INSERT INTO `SkillSet_skills` (`SkillSet_id`, `skills`) VALUES ('11011', 'Ant');
INSERT INTO `SkillSet_skills` (`SkillSet_id`, `skills`) VALUES ('11011', 'SQL');
INSERT INTO `SkillSet_skills` (`SkillSet_id`, `skills`) VALUES ('11011', 'Java');
INSERT INTO `SkillSet_skills` (`SkillSet_id`, `skills`) VALUES ('11011', 'Maven');
INSERT INTO `Mission` (`id`, `companyName`, `shortName`, `role`, `skillSet_id`) VALUES ('11011', 'e487cfa5-91df-40ca-b087-9080e45e8493', 'ee3431b4-561c-4126-8f18-4f1fbd082866', 'PrincipalConsultant', '11011');
INSERT INTO `SkillSet` (`id`) VALUES ('11012');
INSERT INTO `SkillSet_skills` (`SkillSet_id`, `skills`) VALUES ('11012', 'SQL');
INSERT INTO `SkillSet_skills` (`SkillSet_id`, `skills`) VALUES ('11012', 'Ant');
INSERT INTO `SkillSet_skills` (`SkillSet_id`, `skills`) VALUES ('11012', 'Java');
INSERT INTO `SkillSet_skills` (`SkillSet_id`, `skills`) VALUES ('11012', 'UnitTesting');
INSERT INTO `SkillSet_skills` (`SkillSet_id`, `skills`) VALUES ('11012', 'Java');
INSERT INTO `Mission` (`id`, `companyName`, `shortName`, `role`, `skillSet_id`) VALUES ('11012', 'ff6f32c7-ab3a-4652-b10b-71bdcc08636d', '2e162bd5-7460-4aef-a7c9-3e4513d3520f', 'JuniorSoftwareEngineer', '11012');
INSERT INTO `SkillSet` (`id`) VALUES ('11013');
INSERT INTO `SkillSet_skills` (`SkillSet_id`, `skills`) VALUES ('11013', 'Maven');
INSERT INTO `SkillSet_skills` (`SkillSet_id`, `skills`) VALUES ('11013', 'UITesting');
INSERT INTO `SkillSet_skills` (`SkillSet_id`, `skills`) VALUES ('11013', 'Gradle');
INSERT INTO `Mission` (`id`, `companyName`, `shortName`, `role`, `skillSet_id`) VALUES ('11013', '0dd7eeb0-543c-4c9e-a579-9de6ee2005b3', '6931c4b2-959c-4427-91d3-097d1ea672e8', 'SoftwareEngineer', '11013');
INSERT INTO `SkillSet` (`id`) VALUES ('11014');
INSERT INTO `SkillSet_skills` (`SkillSet_id`, `skills`) VALUES ('11014', 'Gradle');
INSERT INTO `SkillSet_skills` (`SkillSet_id`, `skills`) VALUES ('11014', 'Java');
INSERT INTO `SkillSet_skills` (`SkillSet_id`, `skills`) VALUES ('11014', 'Architektur');
INSERT INTO `Mission` (`id`, `companyName`, `shortName`, `role`, `skillSet_id`) VALUES ('11014', '4b8d9dbc-0d58-4255-af90-57de7f5b424a', '6bc3bc34-eec5-4d4f-b80c-eeced13b1de5', 'LeadEngineer', '11014');
INSERT INTO `SkillSet` (`id`) VALUES ('11015');
INSERT INTO `SkillSet_skills` (`SkillSet_id`, `skills`) VALUES ('11015', 'Architektur');
INSERT INTO `SkillSet_skills` (`SkillSet_id`, `skills`) VALUES ('11015', 'Architektur');
INSERT INTO `Mission` (`id`, `companyName`, `shortName`, `role`, `skillSet_id`) VALUES ('11015', '8396662a-0997-493e-b4e6-3475c97d325e', '178bf983-7415-4a3a-acd1-242065241c8b', 'SoftwareEngineer', '11015');
INSERT INTO `SkillSet` (`id`) VALUES ('11016');
INSERT INTO `SkillSet_skills` (`SkillSet_id`, `skills`) VALUES ('11016', 'SQL');
INSERT INTO `SkillSet_skills` (`SkillSet_id`, `skills`) VALUES ('11016', 'Maven');
INSERT INTO `SkillSet_skills` (`SkillSet_id`, `skills`) VALUES ('11016', 'Java');
INSERT INTO `Mission` (`id`, `companyName`, `shortName`, `role`, `skillSet_id`) VALUES ('11016', '36804785-84ca-4678-ba35-6d3c2d401199', '57efd8a4-f404-4071-b1a5-bacb58af4464', 'JuniorSoftwareEngineer', '11016');
INSERT INTO `SkillSet` (`id`) VALUES ('11017');
INSERT INTO `SkillSet_skills` (`SkillSet_id`, `skills`) VALUES ('11017', 'Gradle');
INSERT INTO `Mission` (`id`, `companyName`, `shortName`, `role`, `skillSet_id`) VALUES ('11017', '2fda2fd0-1754-44e4-967b-0ecb1fd3a186', '0706caee-6a5a-4986-9918-4f6050e7df57', 'PrincipalConsultant', '11017');
INSERT INTO `SkillSet` (`id`) VALUES ('11018');
INSERT INTO `SkillSet_skills` (`SkillSet_id`, `skills`) VALUES ('11018', 'Architektur');
INSERT INTO `SkillSet_skills` (`SkillSet_id`, `skills`) VALUES ('11018', 'Maven');
INSERT INTO `SkillSet_skills` (`SkillSet_id`, `skills`) VALUES ('11018', 'Java');
INSERT INTO `SkillSet_skills` (`SkillSet_id`, `skills`) VALUES ('11018', 'Java');
INSERT INTO `Mission` (`id`, `companyName`, `shortName`, `role`, `skillSet_id`) VALUES ('11018', '76f5881d-6ada-4400-a90f-404bcb1f2bdf', '5c2264c4-18d3-4e8d-a3fd-5ef1dd877907', 'PrincipalConsultant', '11018');
INSERT INTO `SkillSet` (`id`) VALUES ('11019');
INSERT INTO `SkillSet_skills` (`SkillSet_id`, `skills`) VALUES ('11019', 'UITesting');
INSERT INTO `SkillSet_skills` (`SkillSet_id`, `skills`) VALUES ('11019', 'SQL');
INSERT INTO `SkillSet_skills` (`SkillSet_id`, `skills`) VALUES ('11019', 'Gradle');
INSERT INTO `Mission` (`id`, `companyName`, `shortName`, `role`, `skillSet_id`) VALUES ('11019', '54c94881-6169-42b8-af80-e85be369a64b', '2304fb9f-fb3a-4e25-b022-24ad834908b1', 'JuniorSoftwareEngineer', '11019');
INSERT INTO `SkillSet` (`id`) VALUES ('11020');
INSERT INTO `SkillSet_skills` (`SkillSet_id`, `skills`) VALUES ('11020', 'SQL');
INSERT INTO `SkillSet_skills` (`SkillSet_id`, `skills`) VALUES ('11020', 'Java');
INSERT INTO `SkillSet_skills` (`SkillSet_id`, `skills`) VALUES ('11020', 'SQL');
INSERT INTO `Mission` (`id`, `companyName`, `shortName`, `role`, `skillSet_id`) VALUES ('11020', '9713dfcf-b31e-4953-abe4-3db59a9faf4c', 'f7e84e89-1000-4406-921d-c764bfe0ad17', 'LeadSoftwareArchitect', '11020');
INSERT INTO `SkillSet` (`id`) VALUES ('11021');
INSERT INTO `SkillSet_skills` (`SkillSet_id`, `skills`) VALUES ('11021', 'Maven');
INSERT INTO `SkillSet_skills` (`SkillSet_id`, `skills`) VALUES ('11021', 'Ant');
INSERT INTO `SkillSet_skills` (`SkillSet_id`, `skills`) VALUES ('11021', 'Gradle');
INSERT INTO `Mission` (`id`, `companyName`, `shortName`, `role`, `skillSet_id`) VALUES ('11021', '623540d5-20fb-4e46-ba89-9e013e0f0b1f', '96fb919e-0494-43ed-ac05-20a880d32f5b', 'PrincipalConsultant', '11021');
INSERT INTO `SkillSet` (`id`) VALUES ('11022');
INSERT INTO `SkillSet_skills` (`SkillSet_id`, `skills`) VALUES ('11022', 'Ant');
INSERT INTO `SkillSet_skills` (`SkillSet_id`, `skills`) VALUES ('11022', 'dotNet');
INSERT INTO `Mission` (`id`, `companyName`, `shortName`, `role`, `skillSet_id`) VALUES ('11022', 'ee7b9f31-2ece-4b95-9138-052191713e9f', '954b8eaf-03c8-401d-91ec-444343b97c49', 'LeadEngineer', '11022');
INSERT INTO `SkillSet` (`id`) VALUES ('11023');
INSERT INTO `SkillSet_skills` (`SkillSet_id`, `skills`) VALUES ('11023', 'SQL');
INSERT INTO `SkillSet_skills` (`SkillSet_id`, `skills`) VALUES ('11023', 'SQL');
INSERT INTO `SkillSet_skills` (`SkillSet_id`, `skills`) VALUES ('11023', 'UnitTesting');
INSERT INTO `SkillSet_skills` (`SkillSet_id`, `skills`) VALUES ('11023', 'UITesting');
INSERT INTO `Mission` (`id`, `companyName`, `shortName`, `role`, `skillSet_id`) VALUES ('11023', '2f1c42fd-2cc9-45af-b082-4505c26d4e45', 'd9d4f33c-25d6-491b-a8fb-275b1b57c8a6', 'SoftwareEngineer', '11023');
INSERT INTO `SkillSet` (`id`) VALUES ('11024');
INSERT INTO `SkillSet_skills` (`SkillSet_id`, `skills`) VALUES ('11024', 'UnitTesting');
INSERT INTO `Mission` (`id`, `companyName`, `shortName`, `role`, `skillSet_id`) VALUES ('11024', '0ef1aff8-759a-47b3-9e83-a49ccee35ad7', '1c83100c-1c86-47e6-8f51-f0616a20157b', 'SeniorSoftwareEngineer', '11024');
INSERT INTO `SkillSet` (`id`) VALUES ('11025');
INSERT INTO `SkillSet_skills` (`SkillSet_id`, `skills`) VALUES ('11025', 'SQL');
INSERT INTO `SkillSet_skills` (`SkillSet_id`, `skills`) VALUES ('11025', 'Maven');
INSERT INTO `Mission` (`id`, `companyName`, `shortName`, `role`, `skillSet_id`) VALUES ('11025', '682b6794-21b6-4b71-ad23-c779865323c6', 'c5d3841a-f181-478f-9aeb-1e4c35615073', 'SoftwareEngineer', '11025');
INSERT INTO `SkillSet` (`id`) VALUES ('11026');
INSERT INTO `SkillSet_skills` (`SkillSet_id`, `skills`) VALUES ('11026', 'Java');
INSERT INTO `SkillSet_skills` (`SkillSet_id`, `skills`) VALUES ('11026', 'Java');
INSERT INTO `SkillSet_skills` (`SkillSet_id`, `skills`) VALUES ('11026', 'dotNet');
INSERT INTO `SkillSet_skills` (`SkillSet_id`, `skills`) VALUES ('11026', 'Java');
INSERT INTO `SkillSet_skills` (`SkillSet_id`, `skills`) VALUES ('11026', 'Java');
INSERT INTO `Mission` (`id`, `companyName`, `shortName`, `role`, `skillSet_id`) VALUES ('11026', '53fbad64-669d-4799-96e8-96f32a651a21', 'b66e696f-7ffd-429b-bbdb-ea95030e243c', 'SoftwareEngineer', '11026');
INSERT INTO `SkillSet` (`id`) VALUES ('11027');
INSERT INTO `SkillSet_skills` (`SkillSet_id`, `skills`) VALUES ('11027', 'Ant');
INSERT INTO `SkillSet_skills` (`SkillSet_id`, `skills`) VALUES ('11027', 'SQL');
INSERT INTO `SkillSet_skills` (`SkillSet_id`, `skills`) VALUES ('11027', 'Architektur');
INSERT INTO `SkillSet_skills` (`SkillSet_id`, `skills`) VALUES ('11027', 'Ant');
INSERT INTO `Mission` (`id`, `companyName`, `shortName`, `role`, `skillSet_id`) VALUES ('11027', 'fb4d1aff-db8c-4c27-93fa-17bfe62bf701', 'e85bd3ab-75fd-4b44-b6d7-5b5719267bf7', 'JuniorSoftwareEngineer', '11027');
INSERT INTO `SkillSet` (`id`) VALUES ('11028');
INSERT INTO `SkillSet_skills` (`SkillSet_id`, `skills`) VALUES ('11028', 'Java');
INSERT INTO `SkillSet_skills` (`SkillSet_id`, `skills`) VALUES ('11028', 'Architektur');
INSERT INTO `Mission` (`id`, `companyName`, `shortName`, `role`, `skillSet_id`) VALUES ('11028', '5bfb3760-17ac-4a2e-b62a-280e48c45ad0', '62938a22-416b-42be-9f4f-44604748a6d7', 'LeadEngineer', '11028');
INSERT INTO `SkillSet` (`id`) VALUES ('11029');
INSERT INTO `SkillSet_skills` (`SkillSet_id`, `skills`) VALUES ('11029', 'Java');
INSERT INTO `SkillSet_skills` (`SkillSet_id`, `skills`) VALUES ('11029', 'Ant');
INSERT INTO `SkillSet_skills` (`SkillSet_id`, `skills`) VALUES ('11029', 'Architektur');
INSERT INTO `SkillSet_skills` (`SkillSet_id`, `skills`) VALUES ('11029', 'Architektur');
INSERT INTO `SkillSet_skills` (`SkillSet_id`, `skills`) VALUES ('11029', 'SQL');
INSERT INTO `Mission` (`id`, `companyName`, `shortName`, `role`, `skillSet_id`) VALUES ('11029', 'e22afa72-6d06-4652-a43e-9403b67afa55', '472e6bfc-46bc-4a7c-9332-1edb34dd3d4a', 'LeadSoftwareArchitect', '11029');
INSERT INTO `SkillSet` (`id`) VALUES ('11030');
INSERT INTO `SkillSet_skills` (`SkillSet_id`, `skills`) VALUES ('11030', 'SQL');
INSERT INTO `SkillSet_skills` (`SkillSet_id`, `skills`) VALUES ('11030', 'Architektur');
INSERT INTO `Mission` (`id`, `companyName`, `shortName`, `role`, `skillSet_id`) VALUES ('11030', '3fe9e07b-f8f3-4bc8-86c7-988c7f88d6a0', '3f5ae446-5ea4-4cb4-97a3-151a10eda0c0', 'LeadEngineer', '11030');
INSERT INTO `SkillSet` (`id`) VALUES ('11031');
INSERT INTO `SkillSet_skills` (`SkillSet_id`, `skills`) VALUES ('11031', 'Maven');
INSERT INTO `SkillSet_skills` (`SkillSet_id`, `skills`) VALUES ('11031', 'dotNet');
INSERT INTO `SkillSet_skills` (`SkillSet_id`, `skills`) VALUES ('11031', 'Java');
INSERT INTO `Mission` (`id`, `companyName`, `shortName`, `role`, `skillSet_id`) VALUES ('11031', '2c943437-1c84-4c38-9ac9-d648a6602ad5', '47df8ff3-ead0-41ea-b925-54c824978d5c', 'PrincipalConsultant', '11031');
INSERT INTO `SkillSet` (`id`) VALUES ('11032');
INSERT INTO `SkillSet_skills` (`SkillSet_id`, `skills`) VALUES ('11032', 'Gradle');
INSERT INTO `SkillSet_skills` (`SkillSet_id`, `skills`) VALUES ('11032', 'Java');
INSERT INTO `Mission` (`id`, `companyName`, `shortName`, `role`, `skillSet_id`) VALUES ('11032', '5d3ac6c0-2c39-402c-ad2a-714cb5613a8b', '74d29c62-8b1f-4618-ac52-e2cacf9d20b3', 'JuniorSoftwareEngineer', '11032');
INSERT INTO `SkillSet` (`id`) VALUES ('11033');
INSERT INTO `SkillSet_skills` (`SkillSet_id`, `skills`) VALUES ('11033', 'SQL');
INSERT INTO `SkillSet_skills` (`SkillSet_id`, `skills`) VALUES ('11033', 'dotNet');
INSERT INTO `SkillSet_skills` (`SkillSet_id`, `skills`) VALUES ('11033', 'Architektur');
INSERT INTO `SkillSet_skills` (`SkillSet_id`, `skills`) VALUES ('11033', 'dotNet');
INSERT INTO `SkillSet_skills` (`SkillSet_id`, `skills`) VALUES ('11033', 'UnitTesting');
INSERT INTO `Mission` (`id`, `companyName`, `shortName`, `role`, `skillSet_id`) VALUES ('11033', 'f0d81947-ca75-486a-9de8-48bb7a958ba3', '5d818857-8f82-4814-9e41-b7379670ec84', 'SeniorSoftwareEngineer', '11033');
INSERT INTO `SkillSet` (`id`) VALUES ('11034');
INSERT INTO `SkillSet_skills` (`SkillSet_id`, `skills`) VALUES ('11034', 'Java');
INSERT INTO `SkillSet_skills` (`SkillSet_id`, `skills`) VALUES ('11034', 'dotNet');
INSERT INTO `SkillSet_skills` (`SkillSet_id`, `skills`) VALUES ('11034', 'Maven');
INSERT INTO `SkillSet_skills` (`SkillSet_id`, `skills`) VALUES ('11034', 'UnitTesting');
INSERT INTO `Mission` (`id`, `companyName`, `shortName`, `role`, `skillSet_id`) VALUES ('11034', 'd35b6df5-21bc-43a2-b206-95b357608ca4', '72c5534b-4870-4222-bad2-81627fa7e270', 'SoftwareEngineer', '11034');
INSERT INTO `SkillSet` (`id`) VALUES ('11035');
INSERT INTO `SkillSet_skills` (`SkillSet_id`, `skills`) VALUES ('11035', 'Gradle');
INSERT INTO `SkillSet_skills` (`SkillSet_id`, `skills`) VALUES ('11035', 'Architektur');
INSERT INTO `SkillSet_skills` (`SkillSet_id`, `skills`) VALUES ('11035', 'Ant');
INSERT INTO `SkillSet_skills` (`SkillSet_id`, `skills`) VALUES ('11035', 'UnitTesting');
INSERT INTO `Mission` (`id`, `companyName`, `shortName`, `role`, `skillSet_id`) VALUES ('11035', 'b11b17ce-3c71-40ed-9b1c-24052621ae9e', 'e411a91d-5ea7-4fc2-834c-62ce478ce062', 'LeadSoftwareArchitect', '11035');
INSERT INTO `SkillSet` (`id`) VALUES ('11036');
INSERT INTO `SkillSet_skills` (`SkillSet_id`, `skills`) VALUES ('11036', 'Gradle');
INSERT INTO `SkillSet_skills` (`SkillSet_id`, `skills`) VALUES ('11036', 'Architektur');
INSERT INTO `SkillSet_skills` (`SkillSet_id`, `skills`) VALUES ('11036', 'Maven');
INSERT INTO `Mission` (`id`, `companyName`, `shortName`, `role`, `skillSet_id`) VALUES ('11036', '4cf7646e-1818-484c-aa0b-635c3af179c0', 'c560dc63-afa5-4607-95cd-2b91ce79865f', 'LeadSoftwareArchitect', '11036');
INSERT INTO `SkillSet` (`id`) VALUES ('11037');
INSERT INTO `SkillSet_skills` (`SkillSet_id`, `skills`) VALUES ('11037', 'Java');
INSERT INTO `SkillSet_skills` (`SkillSet_id`, `skills`) VALUES ('11037', 'Gradle');
INSERT INTO `SkillSet_skills` (`SkillSet_id`, `skills`) VALUES ('11037', 'Architektur');
INSERT INTO `SkillSet_skills` (`SkillSet_id`, `skills`) VALUES ('11037', 'SQL');
INSERT INTO `Mission` (`id`, `companyName`, `shortName`, `role`, `skillSet_id`) VALUES ('11037', '08005015-3a9c-425f-81ee-f031dcbca294', '2a7044bd-506e-47ce-bf7a-69ee77262a02', 'PrincipalConsultant', '11037');
INSERT INTO `SkillSet` (`id`) VALUES ('11038');
INSERT INTO `SkillSet_skills` (`SkillSet_id`, `skills`) VALUES ('11038', 'UITesting');
INSERT INTO `Mission` (`id`, `companyName`, `shortName`, `role`, `skillSet_id`) VALUES ('11038', 'd309ba52-bd75-4b15-bf8d-213e53dff309', 'a656e4f0-810d-4fc9-8b55-fd18d01268c1', 'LeadSoftwareArchitect', '11038');
INSERT INTO `SkillSet` (`id`) VALUES ('11039');
INSERT INTO `SkillSet_skills` (`SkillSet_id`, `skills`) VALUES ('11039', 'Java');
INSERT INTO `SkillSet_skills` (`SkillSet_id`, `skills`) VALUES ('11039', 'Gradle');
INSERT INTO `SkillSet_skills` (`SkillSet_id`, `skills`) VALUES ('11039', 'Architektur');
INSERT INTO `Mission` (`id`, `companyName`, `shortName`, `role`, `skillSet_id`) VALUES ('11039', 'c8fafbbf-bc10-4b6c-980b-5819190784a0', '540d16c1-f9e0-418c-943b-ae41c31b9f79', 'PrincipalConsultant', '11039');
INSERT INTO `SkillSet` (`id`) VALUES ('11040');
INSERT INTO `SkillSet_skills` (`SkillSet_id`, `skills`) VALUES ('11040', 'Architektur');
INSERT INTO `SkillSet_skills` (`SkillSet_id`, `skills`) VALUES ('11040', 'Architektur');
INSERT INTO `SkillSet_skills` (`SkillSet_id`, `skills`) VALUES ('11040', 'Ant');
INSERT INTO `SkillSet_skills` (`SkillSet_id`, `skills`) VALUES ('11040', 'Architektur');
INSERT INTO `Mission` (`id`, `companyName`, `shortName`, `role`, `skillSet_id`) VALUES ('11040', '88343dd1-efc6-4997-b161-492f99a9656b', '7571d5e4-48dd-446a-9f43-7e5b457693b2', 'JuniorSoftwareEngineer', '11040');
INSERT INTO `SkillSet` (`id`) VALUES ('11041');
INSERT INTO `SkillSet_skills` (`SkillSet_id`, `skills`) VALUES ('11041', 'Maven');
INSERT INTO `SkillSet_skills` (`SkillSet_id`, `skills`) VALUES ('11041', 'Ant');
INSERT INTO `Mission` (`id`, `companyName`, `shortName`, `role`, `skillSet_id`) VALUES ('11041', '21936534-8479-483c-af45-c4854e6f33da', '84289cbc-61eb-478f-bf8d-dd44cd787742', 'LeadEngineer', '11041');
INSERT INTO `SkillSet` (`id`) VALUES ('11042');
INSERT INTO `SkillSet_skills` (`SkillSet_id`, `skills`) VALUES ('11042', 'Gradle');
INSERT INTO `SkillSet_skills` (`SkillSet_id`, `skills`) VALUES ('11042', 'UnitTesting');
INSERT INTO `SkillSet_skills` (`SkillSet_id`, `skills`) VALUES ('11042', 'dotNet');
INSERT INTO `SkillSet_skills` (`SkillSet_id`, `skills`) VALUES ('11042', 'UITesting');
INSERT INTO `SkillSet_skills` (`SkillSet_id`, `skills`) VALUES ('11042', 'Architektur');
INSERT INTO `Mission` (`id`, `companyName`, `shortName`, `role`, `skillSet_id`) VALUES ('11042', 'b7c21079-6495-4812-86d3-65b95382c6c7', '91b53227-6dcc-4bc6-b054-8d2e26f4a9fe', 'JuniorSoftwareEngineer', '11042');
INSERT INTO `SkillSet` (`id`) VALUES ('11043');
INSERT INTO `SkillSet_skills` (`SkillSet_id`, `skills`) VALUES ('11043', 'Gradle');
INSERT INTO `SkillSet_skills` (`SkillSet_id`, `skills`) VALUES ('11043', 'Maven');
INSERT INTO `SkillSet_skills` (`SkillSet_id`, `skills`) VALUES ('11043', 'Gradle');
INSERT INTO `Mission` (`id`, `companyName`, `shortName`, `role`, `skillSet_id`) VALUES ('11043', '7576eeee-5304-4212-9175-861ad0807297', 'e01705e1-53d8-4a0c-b862-6dc999a123e8', 'JuniorSoftwareEngineer', '11043');
INSERT INTO `SkillSet` (`id`) VALUES ('11044');
INSERT INTO `SkillSet_skills` (`SkillSet_id`, `skills`) VALUES ('11044', 'Ant');
INSERT INTO `SkillSet_skills` (`SkillSet_id`, `skills`) VALUES ('11044', 'dotNet');
INSERT INTO `SkillSet_skills` (`SkillSet_id`, `skills`) VALUES ('11044', 'Architektur');
INSERT INTO `SkillSet_skills` (`SkillSet_id`, `skills`) VALUES ('11044', 'Gradle');
INSERT INTO `SkillSet_skills` (`SkillSet_id`, `skills`) VALUES ('11044', 'Gradle');
INSERT INTO `Mission` (`id`, `companyName`, `shortName`, `role`, `skillSet_id`) VALUES ('11044', '94bb4768-f30c-4860-82ca-8fbd1cfc9d6f', '78bbd7c9-171c-442e-8322-19905f99c93d', 'SeniorSoftwareEngineer', '11044');
INSERT INTO `SkillSet` (`id`) VALUES ('11045');
INSERT INTO `SkillSet_skills` (`SkillSet_id`, `skills`) VALUES ('11045', 'Maven');
INSERT INTO `SkillSet_skills` (`SkillSet_id`, `skills`) VALUES ('11045', 'dotNet');
INSERT INTO `Mission` (`id`, `companyName`, `shortName`, `role`, `skillSet_id`) VALUES ('11045', '8ac3f8d0-4bf0-4b3f-b3d3-4ce494a0a842', '31efde43-6699-4de0-9977-98097e17da2b', 'SeniorSoftwareEngineer', '11045');
INSERT INTO `SkillSet` (`id`) VALUES ('11046');
INSERT INTO `SkillSet_skills` (`SkillSet_id`, `skills`) VALUES ('11046', 'Architektur');
INSERT INTO `Mission` (`id`, `companyName`, `shortName`, `role`, `skillSet_id`) VALUES ('11046', '3c4805d0-93fc-46eb-bf17-c8b1a138744e', '962dbf75-eff6-435f-8677-2198548791e1', 'PrincipalConsultant', '11046');
INSERT INTO `SkillSet` (`id`) VALUES ('11047');
INSERT INTO `SkillSet_skills` (`SkillSet_id`, `skills`) VALUES ('11047', 'Gradle');
INSERT INTO `Mission` (`id`, `companyName`, `shortName`, `role`, `skillSet_id`) VALUES ('11047', 'ca89c3e3-46f3-4b0b-b60b-8899eeb336c3', 'ebd295c9-b845-4d78-8ddd-9ca75facbab5', 'SeniorSoftwareEngineer', '11047');
INSERT INTO `SkillSet` (`id`) VALUES ('11048');
INSERT INTO `SkillSet_skills` (`SkillSet_id`, `skills`) VALUES ('11048', 'dotNet');
INSERT INTO `SkillSet_skills` (`SkillSet_id`, `skills`) VALUES ('11048', 'Gradle');
INSERT INTO `SkillSet_skills` (`SkillSet_id`, `skills`) VALUES ('11048', 'dotNet');
INSERT INTO `SkillSet_skills` (`SkillSet_id`, `skills`) VALUES ('11048', 'Architektur');
INSERT INTO `SkillSet_skills` (`SkillSet_id`, `skills`) VALUES ('11048', 'Maven');
INSERT INTO `Mission` (`id`, `companyName`, `shortName`, `role`, `skillSet_id`) VALUES ('11048', '493781b7-d581-4493-a624-51648f151d8f', '5ce37145-d007-4183-a943-70f48c8456e8', 'JuniorSoftwareEngineer', '11048');
INSERT INTO `SkillSet` (`id`) VALUES ('11049');
INSERT INTO `SkillSet_skills` (`SkillSet_id`, `skills`) VALUES ('11049', 'Ant');
INSERT INTO `Mission` (`id`, `companyName`, `shortName`, `role`, `skillSet_id`) VALUES ('11049', 'a4bdaacd-0e0f-404a-ba3c-a5f0a84299a8', 'f727d0b5-ad7a-4820-bcd9-cb7ae5868913', 'LeadEngineer', '11049');
INSERT INTO `SkillSet` (`id`) VALUES ('11050');
INSERT INTO `SkillSet_skills` (`SkillSet_id`, `skills`) VALUES ('11050', 'Ant');
INSERT INTO `SkillSet_skills` (`SkillSet_id`, `skills`) VALUES ('11050', 'SQL');
INSERT INTO `SkillSet_skills` (`SkillSet_id`, `skills`) VALUES ('11050', 'Java');
INSERT INTO `Mission` (`id`, `companyName`, `shortName`, `role`, `skillSet_id`) VALUES ('11050', '2613d6c0-8057-4023-9e1f-dee42704fbc5', '17d72f56-caf2-435f-919e-16e0dd548a44', 'LeadSoftwareArchitect', '11050');
INSERT INTO `SkillSet` (`id`) VALUES ('11051');
INSERT INTO `SkillSet_skills` (`SkillSet_id`, `skills`) VALUES ('11051', 'SQL');
INSERT INTO `SkillSet_skills` (`SkillSet_id`, `skills`) VALUES ('11051', 'Java');
INSERT INTO `SkillSet_skills` (`SkillSet_id`, `skills`) VALUES ('11051', 'Architektur');
INSERT INTO `SkillSet_skills` (`SkillSet_id`, `skills`) VALUES ('11051', 'Architektur');
INSERT INTO `Mission` (`id`, `companyName`, `shortName`, `role`, `skillSet_id`) VALUES ('11051', '8501b293-4f33-4eb1-8e0f-375e37bf9868', 'd75dfa2b-b502-4360-9cf3-fa7bb7f4e065', 'LeadSoftwareArchitect', '11051');
INSERT INTO `SkillSet` (`id`) VALUES ('11052');
INSERT INTO `SkillSet_skills` (`SkillSet_id`, `skills`) VALUES ('11052', 'SQL');
INSERT INTO `SkillSet_skills` (`SkillSet_id`, `skills`) VALUES ('11052', 'SQL');
INSERT INTO `SkillSet_skills` (`SkillSet_id`, `skills`) VALUES ('11052', 'SQL');
INSERT INTO `SkillSet_skills` (`SkillSet_id`, `skills`) VALUES ('11052', 'Java');
INSERT INTO `SkillSet_skills` (`SkillSet_id`, `skills`) VALUES ('11052', 'UnitTesting');
INSERT INTO `Mission` (`id`, `companyName`, `shortName`, `role`, `skillSet_id`) VALUES ('11052', 'caece465-ba9d-43d2-ad9a-c81ed8de3271', '95371f02-29c5-420e-8694-1230bfe9b40d', 'LeadSoftwareArchitect', '11052');
INSERT INTO `SkillSet` (`id`) VALUES ('11053');
INSERT INTO `SkillSet_skills` (`SkillSet_id`, `skills`) VALUES ('11053', 'Gradle');
INSERT INTO `SkillSet_skills` (`SkillSet_id`, `skills`) VALUES ('11053', 'UITesting');
INSERT INTO `SkillSet_skills` (`SkillSet_id`, `skills`) VALUES ('11053', 'UnitTesting');
INSERT INTO `SkillSet_skills` (`SkillSet_id`, `skills`) VALUES ('11053', 'Gradle');
INSERT INTO `Mission` (`id`, `companyName`, `shortName`, `role`, `skillSet_id`) VALUES ('11053', 'cf45bfda-95a9-4478-a47f-dedf8843a8b2', 'cd79fb52-62f3-47eb-9e32-00fddbfcbab6', 'SoftwareEngineer', '11053');
INSERT INTO `SkillSet` (`id`) VALUES ('11054');
INSERT INTO `SkillSet_skills` (`SkillSet_id`, `skills`) VALUES ('11054', 'UnitTesting');
INSERT INTO `Mission` (`id`, `companyName`, `shortName`, `role`, `skillSet_id`) VALUES ('11054', '502472c3-2c3a-4c83-a75d-0ade6f7ab1df', '898af09a-e36e-44e1-9e24-42452f8df295', 'SeniorSoftwareEngineer', '11054');
INSERT INTO `SkillSet` (`id`) VALUES ('11055');
INSERT INTO `SkillSet_skills` (`SkillSet_id`, `skills`) VALUES ('11055', 'Maven');
INSERT INTO `SkillSet_skills` (`SkillSet_id`, `skills`) VALUES ('11055', 'Gradle');
INSERT INTO `SkillSet_skills` (`SkillSet_id`, `skills`) VALUES ('11055', 'dotNet');
INSERT INTO `Mission` (`id`, `companyName`, `shortName`, `role`, `skillSet_id`) VALUES ('11055', 'c6e4ff74-5a8c-414b-a3c2-33d557c36d21', '80821700-e229-4176-a7a6-dab3ce72cca3', 'LeadEngineer', '11055');
INSERT INTO `SkillSet` (`id`) VALUES ('11056');
INSERT INTO `SkillSet_skills` (`SkillSet_id`, `skills`) VALUES ('11056', 'dotNet');
INSERT INTO `Mission` (`id`, `companyName`, `shortName`, `role`, `skillSet_id`) VALUES ('11056', 'ef430208-4dab-4374-8ab3-de11c7731f5c', 'a8c655e1-d1ce-4cfe-972d-089309c15727', 'SeniorSoftwareEngineer', '11056');
INSERT INTO `SkillSet` (`id`) VALUES ('11057');
INSERT INTO `SkillSet_skills` (`SkillSet_id`, `skills`) VALUES ('11057', 'Maven');
INSERT INTO `SkillSet_skills` (`SkillSet_id`, `skills`) VALUES ('11057', 'Architektur');
INSERT INTO `SkillSet_skills` (`SkillSet_id`, `skills`) VALUES ('11057', 'dotNet');
INSERT INTO `SkillSet_skills` (`SkillSet_id`, `skills`) VALUES ('11057', 'Architektur');
INSERT INTO `Mission` (`id`, `companyName`, `shortName`, `role`, `skillSet_id`) VALUES ('11057', '1d5bb6dc-c638-4b06-8528-fd9d038dbb5b', 'e56a224c-d5f5-427b-982d-117302759154', 'PrincipalConsultant', '11057');
INSERT INTO `SkillSet` (`id`) VALUES ('11058');
INSERT INTO `SkillSet_skills` (`SkillSet_id`, `skills`) VALUES ('11058', 'SQL');
INSERT INTO `SkillSet_skills` (`SkillSet_id`, `skills`) VALUES ('11058', 'Architektur');
INSERT INTO `SkillSet_skills` (`SkillSet_id`, `skills`) VALUES ('11058', 'Gradle');
INSERT INTO `Mission` (`id`, `companyName`, `shortName`, `role`, `skillSet_id`) VALUES ('11058', 'f957d4d1-25e0-4c83-8786-7591ca59d8b2', '5cb2295e-a5df-4671-a226-b7bffee7b2ae', 'SeniorSoftwareEngineer', '11058');
INSERT INTO `SkillSet` (`id`) VALUES ('11059');
INSERT INTO `SkillSet_skills` (`SkillSet_id`, `skills`) VALUES ('11059', 'Gradle');
INSERT INTO `SkillSet_skills` (`SkillSet_id`, `skills`) VALUES ('11059', 'Architektur');
INSERT INTO `SkillSet_skills` (`SkillSet_id`, `skills`) VALUES ('11059', 'Ant');
INSERT INTO `Mission` (`id`, `companyName`, `shortName`, `role`, `skillSet_id`) VALUES ('11059', '247e1996-fa50-40c2-9466-6b8196a1e5b5', 'd83fcef0-7998-4e5f-9381-eac2541bd71c', 'LeadEngineer', '11059');
INSERT INTO `SkillSet` (`id`) VALUES ('11060');
INSERT INTO `SkillSet_skills` (`SkillSet_id`, `skills`) VALUES ('11060', 'SQL');
INSERT INTO `SkillSet_skills` (`SkillSet_id`, `skills`) VALUES ('11060', 'Gradle');
INSERT INTO `SkillSet_skills` (`SkillSet_id`, `skills`) VALUES ('11060', 'Java');
INSERT INTO `Mission` (`id`, `companyName`, `shortName`, `role`, `skillSet_id`) VALUES ('11060', 'fc7efa8d-ada7-49e8-a45b-59a7d2a0d80b', '07e7f7b2-8696-4216-9076-817dd13f75af', 'PrincipalConsultant', '11060');
INSERT INTO `SkillSet` (`id`) VALUES ('11061');
INSERT INTO `SkillSet_skills` (`SkillSet_id`, `skills`) VALUES ('11061', 'Gradle');
INSERT INTO `SkillSet_skills` (`SkillSet_id`, `skills`) VALUES ('11061', 'Ant');
INSERT INTO `SkillSet_skills` (`SkillSet_id`, `skills`) VALUES ('11061', 'Gradle');
INSERT INTO `Mission` (`id`, `companyName`, `shortName`, `role`, `skillSet_id`) VALUES ('11061', 'c76d259a-3d7a-43bd-a0ed-314c68c797e6', 'd866cb8f-cb8d-4bff-8360-aa82b26975bb', 'SeniorSoftwareEngineer', '11061');
INSERT INTO `SkillSet` (`id`) VALUES ('11062');
INSERT INTO `SkillSet_skills` (`SkillSet_id`, `skills`) VALUES ('11062', 'UITesting');
INSERT INTO `SkillSet_skills` (`SkillSet_id`, `skills`) VALUES ('11062', 'Java');
INSERT INTO `SkillSet_skills` (`SkillSet_id`, `skills`) VALUES ('11062', 'UITesting');
INSERT INTO `SkillSet_skills` (`SkillSet_id`, `skills`) VALUES ('11062', 'Architektur');
INSERT INTO `Mission` (`id`, `companyName`, `shortName`, `role`, `skillSet_id`) VALUES ('11062', '6ca4a1fe-d915-46ae-b662-59f2389b9263', 'c70f72f3-4b4c-4da2-ae3e-e54c59d0b79c', 'SeniorSoftwareEngineer', '11062');
INSERT INTO `SkillSet` (`id`) VALUES ('11063');
INSERT INTO `SkillSet_skills` (`SkillSet_id`, `skills`) VALUES ('11063', 'SQL');
INSERT INTO `SkillSet_skills` (`SkillSet_id`, `skills`) VALUES ('11063', 'UITesting');
INSERT INTO `SkillSet_skills` (`SkillSet_id`, `skills`) VALUES ('11063', 'Maven');
INSERT INTO `Mission` (`id`, `companyName`, `shortName`, `role`, `skillSet_id`) VALUES ('11063', '4b4bdd93-3237-407a-b96f-ab076d20aa27', 'fe325dd3-2a48-42b5-8e6f-9ded4f395851', 'SeniorSoftwareEngineer', '11063');
INSERT INTO `SkillSet` (`id`) VALUES ('11064');
INSERT INTO `SkillSet_skills` (`SkillSet_id`, `skills`) VALUES ('11064', 'Gradle');
INSERT INTO `Mission` (`id`, `companyName`, `shortName`, `role`, `skillSet_id`) VALUES ('11064', 'fbd849c6-c63c-4b39-820c-c33c0be16b5c', '013cbbde-d39c-4234-957c-6806b22028a4', 'SoftwareEngineer', '11064');
INSERT INTO `SkillSet` (`id`) VALUES ('11065');
INSERT INTO `SkillSet_skills` (`SkillSet_id`, `skills`) VALUES ('11065', 'Java');
INSERT INTO `SkillSet_skills` (`SkillSet_id`, `skills`) VALUES ('11065', 'UnitTesting');
INSERT INTO `Mission` (`id`, `companyName`, `shortName`, `role`, `skillSet_id`) VALUES ('11065', '99dc3342-5403-417b-929c-785aec7f5b05', '93695e89-d567-451d-b64d-d6932d76118e', 'PrincipalConsultant', '11065');
INSERT INTO `SkillSet` (`id`) VALUES ('11066');
INSERT INTO `SkillSet_skills` (`SkillSet_id`, `skills`) VALUES ('11066', 'Java');
INSERT INTO `SkillSet_skills` (`SkillSet_id`, `skills`) VALUES ('11066', 'Java');
INSERT INTO `SkillSet_skills` (`SkillSet_id`, `skills`) VALUES ('11066', 'Ant');
INSERT INTO `Mission` (`id`, `companyName`, `shortName`, `role`, `skillSet_id`) VALUES ('11066', '4438a72d-0edd-4339-ae1f-682891ab6c79', 'b9d7545c-1bec-48e7-8fb4-bc0714ee5896', 'LeadSoftwareArchitect', '11066');
INSERT INTO `SkillSet` (`id`) VALUES ('11067');
INSERT INTO `SkillSet_skills` (`SkillSet_id`, `skills`) VALUES ('11067', 'dotNet');
INSERT INTO `SkillSet_skills` (`SkillSet_id`, `skills`) VALUES ('11067', 'Gradle');
INSERT INTO `SkillSet_skills` (`SkillSet_id`, `skills`) VALUES ('11067', 'dotNet');
INSERT INTO `Mission` (`id`, `companyName`, `shortName`, `role`, `skillSet_id`) VALUES ('11067', '411ee8c5-efa6-4a5d-91e0-360c8330f08b', '6902b08e-3a57-4075-96bf-2e72dd01dbdd', 'SeniorSoftwareEngineer', '11067');
INSERT INTO `SkillSet` (`id`) VALUES ('11068');
INSERT INTO `SkillSet_skills` (`SkillSet_id`, `skills`) VALUES ('11068', 'UITesting');
INSERT INTO `SkillSet_skills` (`SkillSet_id`, `skills`) VALUES ('11068', 'Gradle');
INSERT INTO `SkillSet_skills` (`SkillSet_id`, `skills`) VALUES ('11068', 'Architektur');
INSERT INTO `SkillSet_skills` (`SkillSet_id`, `skills`) VALUES ('11068', 'Ant');
INSERT INTO `SkillSet_skills` (`SkillSet_id`, `skills`) VALUES ('11068', 'dotNet');
INSERT INTO `Mission` (`id`, `companyName`, `shortName`, `role`, `skillSet_id`) VALUES ('11068', '9e1197d2-d89c-4145-8ca6-317c0a5972be', 'be861cbf-6e45-4f11-91ff-ea3d44ff2206', 'SeniorSoftwareEngineer', '11068');
INSERT INTO `SkillSet` (`id`) VALUES ('11069');
INSERT INTO `SkillSet_skills` (`SkillSet_id`, `skills`) VALUES ('11069', 'Gradle');
INSERT INTO `Mission` (`id`, `companyName`, `shortName`, `role`, `skillSet_id`) VALUES ('11069', '1dc9fd35-00a6-4bb0-b654-583521ae9fbf', '6cc678e4-17c4-4619-bc01-551438bfd7e8', 'LeadSoftwareArchitect', '11069');
INSERT INTO `SkillSet` (`id`) VALUES ('11070');
INSERT INTO `SkillSet_skills` (`SkillSet_id`, `skills`) VALUES ('11070', 'Ant');
INSERT INTO `SkillSet_skills` (`SkillSet_id`, `skills`) VALUES ('11070', 'SQL');
INSERT INTO `SkillSet_skills` (`SkillSet_id`, `skills`) VALUES ('11070', 'Maven');
INSERT INTO `Mission` (`id`, `companyName`, `shortName`, `role`, `skillSet_id`) VALUES ('11070', '4b3dcbe9-2da2-4ed7-af25-d3d31e85a6c2', '47624142-db87-42c8-822f-9223edde0479', 'SeniorSoftwareEngineer', '11070');
INSERT INTO `SkillSet` (`id`) VALUES ('11071');
INSERT INTO `SkillSet_skills` (`SkillSet_id`, `skills`) VALUES ('11071', 'UnitTesting');
INSERT INTO `SkillSet_skills` (`SkillSet_id`, `skills`) VALUES ('11071', 'UnitTesting');
INSERT INTO `Mission` (`id`, `companyName`, `shortName`, `role`, `skillSet_id`) VALUES ('11071', '9a2d42f7-b2d8-4815-aeda-4c39b43769fa', '8ab5a0aa-dd9c-4c07-8624-e7983b9b9640', 'LeadEngineer', '11071');
INSERT INTO `SkillSet` (`id`) VALUES ('11072');
INSERT INTO `SkillSet_skills` (`SkillSet_id`, `skills`) VALUES ('11072', 'dotNet');
INSERT INTO `SkillSet_skills` (`SkillSet_id`, `skills`) VALUES ('11072', 'UITesting');
INSERT INTO `SkillSet_skills` (`SkillSet_id`, `skills`) VALUES ('11072', 'Ant');
INSERT INTO `Mission` (`id`, `companyName`, `shortName`, `role`, `skillSet_id`) VALUES ('11072', '9d17fab9-9bb4-4a62-85d3-6b26ef3fe833', '4f2a10e1-29f7-4cac-87e0-b31a6d0a5452', 'LeadSoftwareArchitect', '11072');
INSERT INTO `SkillSet` (`id`) VALUES ('11073');
INSERT INTO `SkillSet_skills` (`SkillSet_id`, `skills`) VALUES ('11073', 'dotNet');
INSERT INTO `SkillSet_skills` (`SkillSet_id`, `skills`) VALUES ('11073', 'UITesting');
INSERT INTO `SkillSet_skills` (`SkillSet_id`, `skills`) VALUES ('11073', 'Ant');
INSERT INTO `Mission` (`id`, `companyName`, `shortName`, `role`, `skillSet_id`) VALUES ('11073', 'e242dd7e-becf-4385-9c46-f4c62435a51a', 'fdb1fa6d-4f8c-4593-9d5f-125d23bb94bd', 'SeniorSoftwareEngineer', '11073');
INSERT INTO `SkillSet` (`id`) VALUES ('11074');
INSERT INTO `SkillSet_skills` (`SkillSet_id`, `skills`) VALUES ('11074', 'UnitTesting');
INSERT INTO `SkillSet_skills` (`SkillSet_id`, `skills`) VALUES ('11074', 'UITesting');
INSERT INTO `Mission` (`id`, `companyName`, `shortName`, `role`, `skillSet_id`) VALUES ('11074', '473c13a3-4dae-4d20-97b1-2fdfd6c63d1d', 'ad26ce4d-ed5f-407d-a968-719144f5d35e', 'LeadEngineer', '11074');
INSERT INTO `SkillSet` (`id`) VALUES ('11075');
INSERT INTO `SkillSet_skills` (`SkillSet_id`, `skills`) VALUES ('11075', 'UnitTesting');
INSERT INTO `SkillSet_skills` (`SkillSet_id`, `skills`) VALUES ('11075', 'Ant');
INSERT INTO `SkillSet_skills` (`SkillSet_id`, `skills`) VALUES ('11075', 'UITesting');
INSERT INTO `Mission` (`id`, `companyName`, `shortName`, `role`, `skillSet_id`) VALUES ('11075', 'ab4e7811-7017-42ee-ab3c-cc6ff91258e3', 'b01541cb-8520-42a1-8c43-61ae7939e974', 'SoftwareEngineer', '11075');
INSERT INTO `SkillSet` (`id`) VALUES ('11076');
INSERT INTO `SkillSet_skills` (`SkillSet_id`, `skills`) VALUES ('11076', 'Architektur');
INSERT INTO `SkillSet_skills` (`SkillSet_id`, `skills`) VALUES ('11076', 'UITesting');
INSERT INTO `SkillSet_skills` (`SkillSet_id`, `skills`) VALUES ('11076', 'SQL');
INSERT INTO `SkillSet_skills` (`SkillSet_id`, `skills`) VALUES ('11076', 'UnitTesting');
INSERT INTO `SkillSet_skills` (`SkillSet_id`, `skills`) VALUES ('11076', 'Ant');
INSERT INTO `Mission` (`id`, `companyName`, `shortName`, `role`, `skillSet_id`) VALUES ('11076', 'd806d783-51ab-4634-b380-63e374108cd0', 'a5ce45b4-8a76-403a-8ba7-910f1fbc5991', 'SoftwareEngineer', '11076');
INSERT INTO `SkillSet` (`id`) VALUES ('11077');
INSERT INTO `SkillSet_skills` (`SkillSet_id`, `skills`) VALUES ('11077', 'Java');
INSERT INTO `SkillSet_skills` (`SkillSet_id`, `skills`) VALUES ('11077', 'Gradle');
INSERT INTO `SkillSet_skills` (`SkillSet_id`, `skills`) VALUES ('11077', 'Ant');
INSERT INTO `SkillSet_skills` (`SkillSet_id`, `skills`) VALUES ('11077', 'dotNet');
INSERT INTO `SkillSet_skills` (`SkillSet_id`, `skills`) VALUES ('11077', 'UITesting');
INSERT INTO `Mission` (`id`, `companyName`, `shortName`, `role`, `skillSet_id`) VALUES ('11077', '295012b0-ceb7-4a5b-be14-a88a9915d7d4', 'b371c989-8359-4988-8961-b50c15bccdec', 'JuniorSoftwareEngineer', '11077');
INSERT INTO `SkillSet` (`id`) VALUES ('11078');
INSERT INTO `SkillSet_skills` (`SkillSet_id`, `skills`) VALUES ('11078', 'UnitTesting');
INSERT INTO `SkillSet_skills` (`SkillSet_id`, `skills`) VALUES ('11078', 'dotNet');
INSERT INTO `SkillSet_skills` (`SkillSet_id`, `skills`) VALUES ('11078', 'Ant');
INSERT INTO `SkillSet_skills` (`SkillSet_id`, `skills`) VALUES ('11078', 'Gradle');
INSERT INTO `Mission` (`id`, `companyName`, `shortName`, `role`, `skillSet_id`) VALUES ('11078', 'b1ea6c5a-e682-4455-8ce3-ca785b19f8fd', 'e893d1c7-319c-4167-b4a8-27dacba3d4c6', 'LeadSoftwareArchitect', '11078');
INSERT INTO `SkillSet` (`id`) VALUES ('11079');
INSERT INTO `SkillSet_skills` (`SkillSet_id`, `skills`) VALUES ('11079', 'UITesting');
INSERT INTO `Mission` (`id`, `companyName`, `shortName`, `role`, `skillSet_id`) VALUES ('11079', 'e07d5059-6de1-4673-a222-6dcceec18c4b', 'ac9991b4-91a8-4111-b7f1-26dc4d828873', 'LeadEngineer', '11079');
INSERT INTO `SkillSet` (`id`) VALUES ('11080');
INSERT INTO `SkillSet_skills` (`SkillSet_id`, `skills`) VALUES ('11080', 'Ant');
INSERT INTO `SkillSet_skills` (`SkillSet_id`, `skills`) VALUES ('11080', 'Gradle');
INSERT INTO `SkillSet_skills` (`SkillSet_id`, `skills`) VALUES ('11080', 'UnitTesting');
INSERT INTO `SkillSet_skills` (`SkillSet_id`, `skills`) VALUES ('11080', 'Architektur');
INSERT INTO `SkillSet_skills` (`SkillSet_id`, `skills`) VALUES ('11080', 'dotNet');
INSERT INTO `Mission` (`id`, `companyName`, `shortName`, `role`, `skillSet_id`) VALUES ('11080', 'c7110ce5-45c2-416f-b770-4f31398d6fca', '7f63d061-f89b-4ea2-8212-13be59b28cfe', 'SoftwareEngineer', '11080');
INSERT INTO `SkillSet` (`id`) VALUES ('11081');
INSERT INTO `SkillSet_skills` (`SkillSet_id`, `skills`) VALUES ('11081', 'Architektur');
INSERT INTO `SkillSet_skills` (`SkillSet_id`, `skills`) VALUES ('11081', 'Architektur');
INSERT INTO `SkillSet_skills` (`SkillSet_id`, `skills`) VALUES ('11081', 'UnitTesting');
INSERT INTO `SkillSet_skills` (`SkillSet_id`, `skills`) VALUES ('11081', 'UnitTesting');
INSERT INTO `Mission` (`id`, `companyName`, `shortName`, `role`, `skillSet_id`) VALUES ('11081', '99450509-05de-4a1e-a14c-eeec5025b593', 'f977a919-8f20-4f6a-bd7c-ea17307ecf4f', 'SeniorSoftwareEngineer', '11081');
INSERT INTO `SkillSet` (`id`) VALUES ('11082');
INSERT INTO `SkillSet_skills` (`SkillSet_id`, `skills`) VALUES ('11082', 'UITesting');
INSERT INTO `Mission` (`id`, `companyName`, `shortName`, `role`, `skillSet_id`) VALUES ('11082', 'fe16f363-ba78-4b79-92fb-dc29f332a1c8', 'fd9c4d5d-b638-4566-8ea0-9f45b4f1c636', 'SeniorSoftwareEngineer', '11082');
INSERT INTO `SkillSet` (`id`) VALUES ('11083');
INSERT INTO `SkillSet_skills` (`SkillSet_id`, `skills`) VALUES ('11083', 'UnitTesting');
INSERT INTO `SkillSet_skills` (`SkillSet_id`, `skills`) VALUES ('11083', 'Java');
INSERT INTO `SkillSet_skills` (`SkillSet_id`, `skills`) VALUES ('11083', 'Architektur');
INSERT INTO `SkillSet_skills` (`SkillSet_id`, `skills`) VALUES ('11083', 'Gradle');
INSERT INTO `Mission` (`id`, `companyName`, `shortName`, `role`, `skillSet_id`) VALUES ('11083', '88c2efef-cd38-42d0-9f84-2ac8aa0c7492', '210ac169-0787-4e91-8dc5-3d40a0b8c4cd', 'JuniorSoftwareEngineer', '11083');
INSERT INTO `SkillSet` (`id`) VALUES ('11084');
INSERT INTO `SkillSet_skills` (`SkillSet_id`, `skills`) VALUES ('11084', 'Architektur');
INSERT INTO `SkillSet_skills` (`SkillSet_id`, `skills`) VALUES ('11084', 'Architektur');
INSERT INTO `Mission` (`id`, `companyName`, `shortName`, `role`, `skillSet_id`) VALUES ('11084', '68d19c52-1d3d-41f0-83b2-6b043c202295', 'eee2c43c-b275-4492-b108-b5c4853c5be7', 'PrincipalConsultant', '11084');
INSERT INTO `SkillSet` (`id`) VALUES ('11085');
INSERT INTO `SkillSet_skills` (`SkillSet_id`, `skills`) VALUES ('11085', 'dotNet');
INSERT INTO `SkillSet_skills` (`SkillSet_id`, `skills`) VALUES ('11085', 'Maven');
INSERT INTO `SkillSet_skills` (`SkillSet_id`, `skills`) VALUES ('11085', 'Ant');
INSERT INTO `SkillSet_skills` (`SkillSet_id`, `skills`) VALUES ('11085', 'UITesting');
INSERT INTO `Mission` (`id`, `companyName`, `shortName`, `role`, `skillSet_id`) VALUES ('11085', 'fe749ca9-a457-43ca-b86d-de88a5f8fc4b', '61017f97-c55f-492e-8bf6-d0ee926e3780', 'SeniorSoftwareEngineer', '11085');
INSERT INTO `SkillSet` (`id`) VALUES ('11086');
INSERT INTO `SkillSet_skills` (`SkillSet_id`, `skills`) VALUES ('11086', 'dotNet');
INSERT INTO `Mission` (`id`, `companyName`, `shortName`, `role`, `skillSet_id`) VALUES ('11086', '9ef161c1-d13b-4478-bb6c-c652981cc14f', '0ab39efa-d26b-4d36-a01b-fa1456323c2b', 'PrincipalConsultant', '11086');
INSERT INTO `SkillSet` (`id`) VALUES ('11087');
INSERT INTO `SkillSet_skills` (`SkillSet_id`, `skills`) VALUES ('11087', 'Java');
INSERT INTO `Mission` (`id`, `companyName`, `shortName`, `role`, `skillSet_id`) VALUES ('11087', '8942156a-181c-4deb-9484-ea8f6288958d', 'c7cb0bbe-9ad5-47ec-99c8-d01af018e5e6', 'SeniorSoftwareEngineer', '11087');
INSERT INTO `SkillSet` (`id`) VALUES ('11088');
INSERT INTO `SkillSet_skills` (`SkillSet_id`, `skills`) VALUES ('11088', 'dotNet');
INSERT INTO `SkillSet_skills` (`SkillSet_id`, `skills`) VALUES ('11088', 'Gradle');
INSERT INTO `Mission` (`id`, `companyName`, `shortName`, `role`, `skillSet_id`) VALUES ('11088', '470ebc9a-84f2-492e-a981-ae5cb373cbeb', 'f8c61ea1-06da-4aba-b914-2c7ea7d6b379', 'SoftwareEngineer', '11088');
INSERT INTO `SkillSet` (`id`) VALUES ('11089');
INSERT INTO `SkillSet_skills` (`SkillSet_id`, `skills`) VALUES ('11089', 'Architektur');
INSERT INTO `SkillSet_skills` (`SkillSet_id`, `skills`) VALUES ('11089', 'Maven');
INSERT INTO `SkillSet_skills` (`SkillSet_id`, `skills`) VALUES ('11089', 'dotNet');
INSERT INTO `SkillSet_skills` (`SkillSet_id`, `skills`) VALUES ('11089', 'UnitTesting');
INSERT INTO `Mission` (`id`, `companyName`, `shortName`, `role`, `skillSet_id`) VALUES ('11089', '7e56ce91-e0bf-4176-9e95-e733a30a541c', '789e8945-146d-47ac-8063-93d41b844faa', 'LeadSoftwareArchitect', '11089');
INSERT INTO `SkillSet` (`id`) VALUES ('11090');
INSERT INTO `SkillSet_skills` (`SkillSet_id`, `skills`) VALUES ('11090', 'SQL');
INSERT INTO `SkillSet_skills` (`SkillSet_id`, `skills`) VALUES ('11090', 'Ant');
INSERT INTO `Mission` (`id`, `companyName`, `shortName`, `role`, `skillSet_id`) VALUES ('11090', '79358901-ec30-4ef4-9e68-f87a1ad1cc97', '2c691027-4c27-4bd9-95a2-c23f0b84c2da', 'SoftwareEngineer', '11090');
INSERT INTO `SkillSet` (`id`) VALUES ('11091');
INSERT INTO `SkillSet_skills` (`SkillSet_id`, `skills`) VALUES ('11091', 'Maven');
INSERT INTO `SkillSet_skills` (`SkillSet_id`, `skills`) VALUES ('11091', 'UITesting');
INSERT INTO `SkillSet_skills` (`SkillSet_id`, `skills`) VALUES ('11091', 'Ant');
INSERT INTO `Mission` (`id`, `companyName`, `shortName`, `role`, `skillSet_id`) VALUES ('11091', '13fc0065-410d-46d4-be21-621fda7cf5e3', 'f6806473-4430-4827-b5f8-a0a687281152', 'JuniorSoftwareEngineer', '11091');
INSERT INTO `SkillSet` (`id`) VALUES ('11092');
INSERT INTO `SkillSet_skills` (`SkillSet_id`, `skills`) VALUES ('11092', 'Java');
INSERT INTO `SkillSet_skills` (`SkillSet_id`, `skills`) VALUES ('11092', 'Architektur');
INSERT INTO `SkillSet_skills` (`SkillSet_id`, `skills`) VALUES ('11092', 'Java');
INSERT INTO `Mission` (`id`, `companyName`, `shortName`, `role`, `skillSet_id`) VALUES ('11092', '90e35cfa-1472-4703-a4c5-0e719ceb2ce3', 'd9290c56-d4d3-46f0-8141-ac09d51601f7', 'LeadSoftwareArchitect', '11092');
INSERT INTO `SkillSet` (`id`) VALUES ('11093');
INSERT INTO `SkillSet_skills` (`SkillSet_id`, `skills`) VALUES ('11093', 'UITesting');
INSERT INTO `SkillSet_skills` (`SkillSet_id`, `skills`) VALUES ('11093', 'SQL');
INSERT INTO `SkillSet_skills` (`SkillSet_id`, `skills`) VALUES ('11093', 'SQL');
INSERT INTO `SkillSet_skills` (`SkillSet_id`, `skills`) VALUES ('11093', 'Ant');
INSERT INTO `SkillSet_skills` (`SkillSet_id`, `skills`) VALUES ('11093', 'dotNet');
INSERT INTO `Mission` (`id`, `companyName`, `shortName`, `role`, `skillSet_id`) VALUES ('11093', 'b4c42f95-685c-4dce-850a-290c7cb105fc', '8719d492-a133-4eee-b8fe-5d6da42b56d4', 'SoftwareEngineer', '11093');
INSERT INTO `SkillSet` (`id`) VALUES ('11094');
INSERT INTO `SkillSet_skills` (`SkillSet_id`, `skills`) VALUES ('11094', 'Gradle');
INSERT INTO `Mission` (`id`, `companyName`, `shortName`, `role`, `skillSet_id`) VALUES ('11094', '23a63e2a-c55d-4ffc-bf32-0eae7e2c676d', '49487435-12db-4b73-99d8-b6af822b5cc4', 'LeadSoftwareArchitect', '11094');
INSERT INTO `SkillSet` (`id`) VALUES ('11095');
INSERT INTO `SkillSet_skills` (`SkillSet_id`, `skills`) VALUES ('11095', 'Ant');
INSERT INTO `SkillSet_skills` (`SkillSet_id`, `skills`) VALUES ('11095', 'UITesting');
INSERT INTO `SkillSet_skills` (`SkillSet_id`, `skills`) VALUES ('11095', 'Maven');
INSERT INTO `SkillSet_skills` (`SkillSet_id`, `skills`) VALUES ('11095', 'Gradle');
INSERT INTO `SkillSet_skills` (`SkillSet_id`, `skills`) VALUES ('11095', 'Maven');
INSERT INTO `Mission` (`id`, `companyName`, `shortName`, `role`, `skillSet_id`) VALUES ('11095', 'bdbd89f7-18f4-4b26-8262-b8fd30f4a874', '310f8d9a-0120-43d0-823a-8e5c778c48ef', 'PrincipalConsultant', '11095');
INSERT INTO `SkillSet` (`id`) VALUES ('11096');
INSERT INTO `SkillSet_skills` (`SkillSet_id`, `skills`) VALUES ('11096', 'UITesting');
INSERT INTO `SkillSet_skills` (`SkillSet_id`, `skills`) VALUES ('11096', 'UnitTesting');
INSERT INTO `SkillSet_skills` (`SkillSet_id`, `skills`) VALUES ('11096', 'UnitTesting');
INSERT INTO `Mission` (`id`, `companyName`, `shortName`, `role`, `skillSet_id`) VALUES ('11096', 'f20e5f31-cdaf-4aac-8513-6fa685c6fa8b', '9ca4c7f2-2fa3-4dac-8936-bb8c3e93bae7', 'LeadEngineer', '11096');
INSERT INTO `SkillSet` (`id`) VALUES ('11097');
INSERT INTO `SkillSet_skills` (`SkillSet_id`, `skills`) VALUES ('11097', 'UnitTesting');
INSERT INTO `SkillSet_skills` (`SkillSet_id`, `skills`) VALUES ('11097', 'Java');
INSERT INTO `Mission` (`id`, `companyName`, `shortName`, `role`, `skillSet_id`) VALUES ('11097', 'a4550ce7-2a60-4ab4-96ee-2a5cc35050ba', 'a425f661-f5c7-4cfa-a63c-ec6694fcfe35', 'JuniorSoftwareEngineer', '11097');
INSERT INTO `SkillSet` (`id`) VALUES ('11098');
INSERT INTO `SkillSet_skills` (`SkillSet_id`, `skills`) VALUES ('11098', 'Gradle');
INSERT INTO `SkillSet_skills` (`SkillSet_id`, `skills`) VALUES ('11098', 'Java');
INSERT INTO `SkillSet_skills` (`SkillSet_id`, `skills`) VALUES ('11098', 'Architektur');
INSERT INTO `SkillSet_skills` (`SkillSet_id`, `skills`) VALUES ('11098', 'SQL');
INSERT INTO `Mission` (`id`, `companyName`, `shortName`, `role`, `skillSet_id`) VALUES ('11098', '30013595-0af3-401c-90d9-200ee9883b87', '3c7d676d-e158-4ac7-ba11-889c0db91374', 'LeadEngineer', '11098');
INSERT INTO `SkillSet` (`id`) VALUES ('11099');
INSERT INTO `SkillSet_skills` (`SkillSet_id`, `skills`) VALUES ('11099', 'SQL');
INSERT INTO `SkillSet_skills` (`SkillSet_id`, `skills`) VALUES ('11099', 'Java');
INSERT INTO `SkillSet_skills` (`SkillSet_id`, `skills`) VALUES ('11099', 'dotNet');
INSERT INTO `SkillSet_skills` (`SkillSet_id`, `skills`) VALUES ('11099', 'dotNet');
INSERT INTO `Mission` (`id`, `companyName`, `shortName`, `role`, `skillSet_id`) VALUES ('11099', '1e0d53be-fb4b-475f-8143-dc5811a4aaa7', '1b5e2c33-cbda-4b9e-b61e-37feda0d7a3d', 'JuniorSoftwareEngineer', '11099');
INSERT INTO `SkillSet` (`id`) VALUES ('11100');
INSERT INTO `SkillSet_skills` (`SkillSet_id`, `skills`) VALUES ('11100', 'UnitTesting');
INSERT INTO `SkillSet_skills` (`SkillSet_id`, `skills`) VALUES ('11100', 'Maven');
INSERT INTO `SkillSet_skills` (`SkillSet_id`, `skills`) VALUES ('11100', 'Maven');
INSERT INTO `SkillSet_skills` (`SkillSet_id`, `skills`) VALUES ('11100', 'UITesting');
INSERT INTO `SkillSet_skills` (`SkillSet_id`, `skills`) VALUES ('11100', 'Maven');
INSERT INTO `Mission` (`id`, `companyName`, `shortName`, `role`, `skillSet_id`) VALUES ('11100', '8adf312e-7181-4dac-a470-a8fe3c41a164', '5a5b9b1e-3edd-4067-8b9d-3657c3742727', 'SoftwareEngineer', '11100');
INSERT INTO `SkillSet` (`id`) VALUES ('11101');
INSERT INTO `SkillSet_skills` (`SkillSet_id`, `skills`) VALUES ('11101', 'UnitTesting');
INSERT INTO `Mission` (`id`, `companyName`, `shortName`, `role`, `skillSet_id`) VALUES ('11101', '5c1c352b-682c-4f26-9464-8f2cd1e7f415', 'f1eede9f-abe5-4fd0-89b2-ccf7a6081166', 'SeniorSoftwareEngineer', '11101');
INSERT INTO `SkillSet` (`id`) VALUES ('11102');
INSERT INTO `SkillSet_skills` (`SkillSet_id`, `skills`) VALUES ('11102', 'Maven');
INSERT INTO `SkillSet_skills` (`SkillSet_id`, `skills`) VALUES ('11102', 'Java');
INSERT INTO `SkillSet_skills` (`SkillSet_id`, `skills`) VALUES ('11102', 'Java');
INSERT INTO `SkillSet_skills` (`SkillSet_id`, `skills`) VALUES ('11102', 'Java');
INSERT INTO `SkillSet_skills` (`SkillSet_id`, `skills`) VALUES ('11102', 'UnitTesting');
INSERT INTO `Mission` (`id`, `companyName`, `shortName`, `role`, `skillSet_id`) VALUES ('11102', 'cbee2f9a-fa87-4ce1-a834-63fb41833300', '73699a42-6533-45b9-b7fe-bd8de2773dcb', 'SeniorSoftwareEngineer', '11102');
INSERT INTO `SkillSet` (`id`) VALUES ('11103');
INSERT INTO `SkillSet_skills` (`SkillSet_id`, `skills`) VALUES ('11103', 'Ant');
INSERT INTO `Mission` (`id`, `companyName`, `shortName`, `role`, `skillSet_id`) VALUES ('11103', 'b2734e53-b558-42a2-a8d7-88d7e99331d3', '3e02c15c-f064-45e0-a3e7-e49f04451ca6', 'PrincipalConsultant', '11103');
INSERT INTO `SkillSet` (`id`) VALUES ('11104');
INSERT INTO `SkillSet_skills` (`SkillSet_id`, `skills`) VALUES ('11104', 'Gradle');
INSERT INTO `Mission` (`id`, `companyName`, `shortName`, `role`, `skillSet_id`) VALUES ('11104', 'fcfd67f3-7789-4c26-98e6-6c0bb2e8e319', '91e47016-ec9f-4a03-9957-e0aa70f7b9a5', 'PrincipalConsultant', '11104');
INSERT INTO `SkillSet` (`id`) VALUES ('11105');
INSERT INTO `SkillSet_skills` (`SkillSet_id`, `skills`) VALUES ('11105', 'dotNet');
INSERT INTO `SkillSet_skills` (`SkillSet_id`, `skills`) VALUES ('11105', 'Java');
INSERT INTO `SkillSet_skills` (`SkillSet_id`, `skills`) VALUES ('11105', 'UnitTesting');
INSERT INTO `SkillSet_skills` (`SkillSet_id`, `skills`) VALUES ('11105', 'Gradle');
INSERT INTO `Mission` (`id`, `companyName`, `shortName`, `role`, `skillSet_id`) VALUES ('11105', '3bc0b3a0-6d8d-45fe-86f4-a78e4fc5aa3c', '9a5648ec-0286-445d-8a42-837ab8309b45', 'LeadEngineer', '11105');
INSERT INTO `SkillSet` (`id`) VALUES ('11106');
INSERT INTO `SkillSet_skills` (`SkillSet_id`, `skills`) VALUES ('11106', 'Architektur');
INSERT INTO `SkillSet_skills` (`SkillSet_id`, `skills`) VALUES ('11106', 'dotNet');
INSERT INTO `SkillSet_skills` (`SkillSet_id`, `skills`) VALUES ('11106', 'Gradle');
INSERT INTO `SkillSet_skills` (`SkillSet_id`, `skills`) VALUES ('11106', 'SQL');
INSERT INTO `Mission` (`id`, `companyName`, `shortName`, `role`, `skillSet_id`) VALUES ('11106', 'af968b8a-36f6-4280-a157-0282bd979979', 'f61c7c03-f6b9-4087-bf49-79168b299f14', 'LeadEngineer', '11106');
INSERT INTO `SkillSet` (`id`) VALUES ('11107');
INSERT INTO `SkillSet_skills` (`SkillSet_id`, `skills`) VALUES ('11107', 'Gradle');
INSERT INTO `SkillSet_skills` (`SkillSet_id`, `skills`) VALUES ('11107', 'SQL');
INSERT INTO `SkillSet_skills` (`SkillSet_id`, `skills`) VALUES ('11107', 'Java');
INSERT INTO `Mission` (`id`, `companyName`, `shortName`, `role`, `skillSet_id`) VALUES ('11107', '1799a72a-661d-4dd0-a423-03488faa5211', '89680ebb-7ed2-4df9-8b5e-44adf9d2de45', 'LeadEngineer', '11107');
INSERT INTO `SkillSet` (`id`) VALUES ('11108');
INSERT INTO `SkillSet_skills` (`SkillSet_id`, `skills`) VALUES ('11108', 'Architektur');
INSERT INTO `SkillSet_skills` (`SkillSet_id`, `skills`) VALUES ('11108', 'Maven');
INSERT INTO `SkillSet_skills` (`SkillSet_id`, `skills`) VALUES ('11108', 'UnitTesting');
INSERT INTO `Mission` (`id`, `companyName`, `shortName`, `role`, `skillSet_id`) VALUES ('11108', '88981503-05b4-4d08-87e8-137d6ba5db04', '9e85da54-53b0-4c40-b8ab-c2ff84a93a60', 'SoftwareEngineer', '11108');
INSERT INTO `SkillSet` (`id`) VALUES ('11109');
INSERT INTO `SkillSet_skills` (`SkillSet_id`, `skills`) VALUES ('11109', 'Ant');
INSERT INTO `SkillSet_skills` (`SkillSet_id`, `skills`) VALUES ('11109', 'UnitTesting');
INSERT INTO `SkillSet_skills` (`SkillSet_id`, `skills`) VALUES ('11109', 'UnitTesting');
INSERT INTO `SkillSet_skills` (`SkillSet_id`, `skills`) VALUES ('11109', 'Gradle');
INSERT INTO `SkillSet_skills` (`SkillSet_id`, `skills`) VALUES ('11109', 'UITesting');
INSERT INTO `Mission` (`id`, `companyName`, `shortName`, `role`, `skillSet_id`) VALUES ('11109', '41ffedbd-d71b-4f31-a534-42c6dc4b09f5', 'd0fa448c-b8dc-4c33-a243-be057d9956b3', 'LeadEngineer', '11109');
INSERT INTO `SkillSet` (`id`) VALUES ('11110');
INSERT INTO `SkillSet_skills` (`SkillSet_id`, `skills`) VALUES ('11110', 'SQL');
INSERT INTO `SkillSet_skills` (`SkillSet_id`, `skills`) VALUES ('11110', 'Java');
INSERT INTO `Mission` (`id`, `companyName`, `shortName`, `role`, `skillSet_id`) VALUES ('11110', '49432fa6-7b74-415b-96c1-42da7e93c767', '3628bad9-cc4c-49f8-aa82-aa0582033a69', 'JuniorSoftwareEngineer', '11110');
INSERT INTO `SkillSet` (`id`) VALUES ('11111');
INSERT INTO `SkillSet_skills` (`SkillSet_id`, `skills`) VALUES ('11111', 'Maven');
INSERT INTO `SkillSet_skills` (`SkillSet_id`, `skills`) VALUES ('11111', 'Architektur');
INSERT INTO `SkillSet_skills` (`SkillSet_id`, `skills`) VALUES ('11111', 'SQL');
INSERT INTO `SkillSet_skills` (`SkillSet_id`, `skills`) VALUES ('11111', 'dotNet');
INSERT INTO `SkillSet_skills` (`SkillSet_id`, `skills`) VALUES ('11111', 'Maven');
INSERT INTO `Mission` (`id`, `companyName`, `shortName`, `role`, `skillSet_id`) VALUES ('11111', 'e9052427-bc6a-4a76-ada9-e5c3c5c6d74b', 'c28d4291-5be9-40dd-b0c3-2033ffbaa654', 'PrincipalConsultant', '11111');
INSERT INTO `SkillSet` (`id`) VALUES ('11112');
INSERT INTO `SkillSet_skills` (`SkillSet_id`, `skills`) VALUES ('11112', 'Java');
INSERT INTO `Mission` (`id`, `companyName`, `shortName`, `role`, `skillSet_id`) VALUES ('11112', '5fecc013-55a0-4c1b-a8d4-1f25a56a3fc9', 'cf68db96-949b-4227-9d0b-2125c14bca5f', 'JuniorSoftwareEngineer', '11112');
INSERT INTO `SkillSet` (`id`) VALUES ('11113');
INSERT INTO `SkillSet_skills` (`SkillSet_id`, `skills`) VALUES ('11113', 'Ant');
INSERT INTO `SkillSet_skills` (`SkillSet_id`, `skills`) VALUES ('11113', 'Maven');
INSERT INTO `SkillSet_skills` (`SkillSet_id`, `skills`) VALUES ('11113', 'UITesting');
INSERT INTO `SkillSet_skills` (`SkillSet_id`, `skills`) VALUES ('11113', 'Architektur');
INSERT INTO `SkillSet_skills` (`SkillSet_id`, `skills`) VALUES ('11113', 'UnitTesting');
INSERT INTO `Mission` (`id`, `companyName`, `shortName`, `role`, `skillSet_id`) VALUES ('11113', 'e9f1fde6-e8a8-4a8b-9064-3e83253a5d80', '1dba2cb7-1be9-4309-a146-5c585609e822', 'PrincipalConsultant', '11113');
INSERT INTO `SkillSet` (`id`) VALUES ('11114');
INSERT INTO `SkillSet_skills` (`SkillSet_id`, `skills`) VALUES ('11114', 'Architektur');
INSERT INTO `SkillSet_skills` (`SkillSet_id`, `skills`) VALUES ('11114', 'Gradle');
INSERT INTO `SkillSet_skills` (`SkillSet_id`, `skills`) VALUES ('11114', 'UITesting');
INSERT INTO `Mission` (`id`, `companyName`, `shortName`, `role`, `skillSet_id`) VALUES ('11114', '39350229-044d-420a-879d-e0416922f578', '569d1d07-388b-4e81-8858-f5a71b924669', 'LeadSoftwareArchitect', '11114');
INSERT INTO `SkillSet` (`id`) VALUES ('11115');
INSERT INTO `SkillSet_skills` (`SkillSet_id`, `skills`) VALUES ('11115', 'SQL');
INSERT INTO `SkillSet_skills` (`SkillSet_id`, `skills`) VALUES ('11115', 'dotNet');
INSERT INTO `Mission` (`id`, `companyName`, `shortName`, `role`, `skillSet_id`) VALUES ('11115', '88efe6ae-7a9e-4c80-8abf-ad742acd81b7', '127ad85c-b7ae-45be-af8d-1c29a49a8530', 'LeadEngineer', '11115');
INSERT INTO `SkillSet` (`id`) VALUES ('11116');
INSERT INTO `SkillSet_skills` (`SkillSet_id`, `skills`) VALUES ('11116', 'UnitTesting');
INSERT INTO `Mission` (`id`, `companyName`, `shortName`, `role`, `skillSet_id`) VALUES ('11116', 'adf92cfb-7a1d-499b-b6b6-dee3a35e84cd', 'd9db1405-3cd1-4268-b14e-b2dabb2722e3', 'JuniorSoftwareEngineer', '11116');
INSERT INTO `SkillSet` (`id`) VALUES ('11117');
INSERT INTO `SkillSet_skills` (`SkillSet_id`, `skills`) VALUES ('11117', 'UITesting');
INSERT INTO `SkillSet_skills` (`SkillSet_id`, `skills`) VALUES ('11117', 'UnitTesting');
INSERT INTO `SkillSet_skills` (`SkillSet_id`, `skills`) VALUES ('11117', 'dotNet');
INSERT INTO `Mission` (`id`, `companyName`, `shortName`, `role`, `skillSet_id`) VALUES ('11117', '3ebb2e30-e1fd-4a20-9d95-3b49a4f106d4', '7d68c3e9-9eaa-4ab9-9778-b129fac8b98a', 'SeniorSoftwareEngineer', '11117');
INSERT INTO `SkillSet` (`id`) VALUES ('11118');
INSERT INTO `SkillSet_skills` (`SkillSet_id`, `skills`) VALUES ('11118', 'SQL');
INSERT INTO `SkillSet_skills` (`SkillSet_id`, `skills`) VALUES ('11118', 'Java');
INSERT INTO `Mission` (`id`, `companyName`, `shortName`, `role`, `skillSet_id`) VALUES ('11118', '82a53cb5-fea9-4694-989d-c804b371ad35', 'e3fa3d8b-e27f-455f-b34b-a4c7da5cbfa8', 'LeadEngineer', '11118');
INSERT INTO `SkillSet` (`id`) VALUES ('11119');
INSERT INTO `SkillSet_skills` (`SkillSet_id`, `skills`) VALUES ('11119', 'SQL');
INSERT INTO `Mission` (`id`, `companyName`, `shortName`, `role`, `skillSet_id`) VALUES ('11119', 'e11f7b84-842d-4f16-8682-cdcf6c057f68', '0d06e80a-1364-4db0-80b6-7dfa9a5111e8', 'PrincipalConsultant', '11119');
INSERT INTO `SkillSet` (`id`) VALUES ('11120');
INSERT INTO `SkillSet_skills` (`SkillSet_id`, `skills`) VALUES ('11120', 'dotNet');
INSERT INTO `SkillSet_skills` (`SkillSet_id`, `skills`) VALUES ('11120', 'Java');
INSERT INTO `SkillSet_skills` (`SkillSet_id`, `skills`) VALUES ('11120', 'Java');
INSERT INTO `SkillSet_skills` (`SkillSet_id`, `skills`) VALUES ('11120', 'dotNet');
INSERT INTO `SkillSet_skills` (`SkillSet_id`, `skills`) VALUES ('11120', 'dotNet');
INSERT INTO `Mission` (`id`, `companyName`, `shortName`, `role`, `skillSet_id`) VALUES ('11120', '567cdd90-d6e7-4175-be7a-05defa1e0b19', '71beee23-77b7-4b87-91c8-07b240700df3', 'JuniorSoftwareEngineer', '11120');
INSERT INTO `SkillSet` (`id`) VALUES ('11121');
INSERT INTO `SkillSet_skills` (`SkillSet_id`, `skills`) VALUES ('11121', 'UITesting');
INSERT INTO `SkillSet_skills` (`SkillSet_id`, `skills`) VALUES ('11121', 'Ant');
INSERT INTO `Mission` (`id`, `companyName`, `shortName`, `role`, `skillSet_id`) VALUES ('11121', 'ce77d121-e89a-403f-a2c7-528d166881f1', 'a25d2f60-27d8-405e-ba52-42ebaf2ec1bb', 'SeniorSoftwareEngineer', '11121');
INSERT INTO `SkillSet` (`id`) VALUES ('11122');
INSERT INTO `SkillSet_skills` (`SkillSet_id`, `skills`) VALUES ('11122', 'Maven');
INSERT INTO `SkillSet_skills` (`SkillSet_id`, `skills`) VALUES ('11122', 'dotNet');
INSERT INTO `Mission` (`id`, `companyName`, `shortName`, `role`, `skillSet_id`) VALUES ('11122', '833b7cb2-fc77-4923-9ccf-c985af0fda7a', 'f8f20552-86f6-43ed-8fe7-c400757adb7f', 'LeadSoftwareArchitect', '11122');
INSERT INTO `SkillSet` (`id`) VALUES ('11123');
INSERT INTO `SkillSet_skills` (`SkillSet_id`, `skills`) VALUES ('11123', 'dotNet');
INSERT INTO `SkillSet_skills` (`SkillSet_id`, `skills`) VALUES ('11123', 'Ant');
INSERT INTO `Mission` (`id`, `companyName`, `shortName`, `role`, `skillSet_id`) VALUES ('11123', '0d638449-d815-4233-a8a9-dfcfb2ea6f8c', '05eabb24-5791-445d-a858-f54334e9e53b', 'SeniorSoftwareEngineer', '11123');
INSERT INTO `SkillSet` (`id`) VALUES ('11124');
INSERT INTO `SkillSet_skills` (`SkillSet_id`, `skills`) VALUES ('11124', 'Architektur');
INSERT INTO `SkillSet_skills` (`SkillSet_id`, `skills`) VALUES ('11124', 'Architektur');
INSERT INTO `Mission` (`id`, `companyName`, `shortName`, `role`, `skillSet_id`) VALUES ('11124', '3ccba1ee-0ab5-48b5-8000-0e61f59e80e8', 'e1c10992-509a-4969-a0d7-0704b79c747e', 'SeniorSoftwareEngineer', '11124');
INSERT INTO `SkillSet` (`id`) VALUES ('11125');
INSERT INTO `SkillSet_skills` (`SkillSet_id`, `skills`) VALUES ('11125', 'SQL');
INSERT INTO `SkillSet_skills` (`SkillSet_id`, `skills`) VALUES ('11125', 'UnitTesting');
INSERT INTO `SkillSet_skills` (`SkillSet_id`, `skills`) VALUES ('11125', 'SQL');
INSERT INTO `Mission` (`id`, `companyName`, `shortName`, `role`, `skillSet_id`) VALUES ('11125', '35d12b68-dd2d-45ff-a85b-9a2275b405f1', '88842afd-8f4b-4c33-b095-64673acb0ea5', 'PrincipalConsultant', '11125');
INSERT INTO `SkillSet` (`id`) VALUES ('11126');
INSERT INTO `SkillSet_skills` (`SkillSet_id`, `skills`) VALUES ('11126', 'Java');
INSERT INTO `SkillSet_skills` (`SkillSet_id`, `skills`) VALUES ('11126', 'dotNet');
INSERT INTO `SkillSet_skills` (`SkillSet_id`, `skills`) VALUES ('11126', 'Architektur');
INSERT INTO `SkillSet_skills` (`SkillSet_id`, `skills`) VALUES ('11126', 'UnitTesting');
INSERT INTO `Mission` (`id`, `companyName`, `shortName`, `role`, `skillSet_id`) VALUES ('11126', '15b7d575-7963-425e-9d32-77ffc6d7b967', '7613334e-41f7-403f-83c9-d68c213a838b', 'LeadSoftwareArchitect', '11126');
INSERT INTO `SkillSet` (`id`) VALUES ('11127');
INSERT INTO `SkillSet_skills` (`SkillSet_id`, `skills`) VALUES ('11127', 'Java');
INSERT INTO `SkillSet_skills` (`SkillSet_id`, `skills`) VALUES ('11127', 'Gradle');
INSERT INTO `SkillSet_skills` (`SkillSet_id`, `skills`) VALUES ('11127', 'UnitTesting');
INSERT INTO `SkillSet_skills` (`SkillSet_id`, `skills`) VALUES ('11127', 'Java');
INSERT INTO `Mission` (`id`, `companyName`, `shortName`, `role`, `skillSet_id`) VALUES ('11127', '5d0dbe8c-614b-49e8-a7ef-4e893174a3cf', 'd66334c2-6b8c-45d0-a34b-9563c3a4241a', 'LeadEngineer', '11127');
INSERT INTO `SkillSet` (`id`) VALUES ('11128');
INSERT INTO `SkillSet_skills` (`SkillSet_id`, `skills`) VALUES ('11128', 'Gradle');
INSERT INTO `SkillSet_skills` (`SkillSet_id`, `skills`) VALUES ('11128', 'Maven');
INSERT INTO `SkillSet_skills` (`SkillSet_id`, `skills`) VALUES ('11128', 'Gradle');
INSERT INTO `SkillSet_skills` (`SkillSet_id`, `skills`) VALUES ('11128', 'Maven');
INSERT INTO `SkillSet_skills` (`SkillSet_id`, `skills`) VALUES ('11128', 'Java');
INSERT INTO `Mission` (`id`, `companyName`, `shortName`, `role`, `skillSet_id`) VALUES ('11128', '3ce94714-70b7-46d5-bada-57d70dea74d2', '5d2c4b5a-babd-4957-8446-574854d38a29', 'SoftwareEngineer', '11128');
INSERT INTO `SkillSet` (`id`) VALUES ('11129');
INSERT INTO `SkillSet_skills` (`SkillSet_id`, `skills`) VALUES ('11129', 'Java');
INSERT INTO `SkillSet_skills` (`SkillSet_id`, `skills`) VALUES ('11129', 'UITesting');
INSERT INTO `SkillSet_skills` (`SkillSet_id`, `skills`) VALUES ('11129', 'UnitTesting');
INSERT INTO `SkillSet_skills` (`SkillSet_id`, `skills`) VALUES ('11129', 'UITesting');
INSERT INTO `Mission` (`id`, `companyName`, `shortName`, `role`, `skillSet_id`) VALUES ('11129', '1a258d04-2545-4cec-aab3-6dd410e5f8af', 'c95a83df-f91a-44e4-a30c-650a5b5bc7f6', 'JuniorSoftwareEngineer', '11129');
INSERT INTO `SkillSet` (`id`) VALUES ('11130');
INSERT INTO `SkillSet_skills` (`SkillSet_id`, `skills`) VALUES ('11130', 'Architektur');
INSERT INTO `SkillSet_skills` (`SkillSet_id`, `skills`) VALUES ('11130', 'Ant');
INSERT INTO `SkillSet_skills` (`SkillSet_id`, `skills`) VALUES ('11130', 'Gradle');
INSERT INTO `Mission` (`id`, `companyName`, `shortName`, `role`, `skillSet_id`) VALUES ('11130', '1d80c16b-9a1f-4bc2-b48d-371184a48ed7', '7140e865-966c-4213-9307-f1254aa3bdcf', 'LeadEngineer', '11130');
INSERT INTO `SkillSet` (`id`) VALUES ('11131');
INSERT INTO `SkillSet_skills` (`SkillSet_id`, `skills`) VALUES ('11131', 'Ant');
INSERT INTO `SkillSet_skills` (`SkillSet_id`, `skills`) VALUES ('11131', 'SQL');
INSERT INTO `Mission` (`id`, `companyName`, `shortName`, `role`, `skillSet_id`) VALUES ('11131', 'e34f4798-1e96-4b4b-9cc4-7ca3a14b011b', '98a7f7e2-a26c-49c9-8765-e44b0bd10594', 'SeniorSoftwareEngineer', '11131');
INSERT INTO `SkillSet` (`id`) VALUES ('11132');
INSERT INTO `SkillSet_skills` (`SkillSet_id`, `skills`) VALUES ('11132', 'Java');
INSERT INTO `SkillSet_skills` (`SkillSet_id`, `skills`) VALUES ('11132', 'UITesting');
INSERT INTO `SkillSet_skills` (`SkillSet_id`, `skills`) VALUES ('11132', 'Architektur');
INSERT INTO `Mission` (`id`, `companyName`, `shortName`, `role`, `skillSet_id`) VALUES ('11132', '3c5d7c5a-053e-4e33-95f7-abf64549f6d4', '25ff2839-19d6-4cb9-bbdb-5575d9b388b0', 'JuniorSoftwareEngineer', '11132');
INSERT INTO `SkillSet` (`id`) VALUES ('11133');
INSERT INTO `SkillSet_skills` (`SkillSet_id`, `skills`) VALUES ('11133', 'Gradle');
INSERT INTO `SkillSet_skills` (`SkillSet_id`, `skills`) VALUES ('11133', 'UITesting');
INSERT INTO `Mission` (`id`, `companyName`, `shortName`, `role`, `skillSet_id`) VALUES ('11133', '7552264a-1e01-481c-9c7f-84844bb2534f', '9d1bb235-f16a-411a-8333-e91956f5a9bf', 'LeadEngineer', '11133');
INSERT INTO `SkillSet` (`id`) VALUES ('11134');
INSERT INTO `SkillSet_skills` (`SkillSet_id`, `skills`) VALUES ('11134', 'Architektur');
INSERT INTO `SkillSet_skills` (`SkillSet_id`, `skills`) VALUES ('11134', 'Gradle');
INSERT INTO `SkillSet_skills` (`SkillSet_id`, `skills`) VALUES ('11134', 'UnitTesting');
INSERT INTO `Mission` (`id`, `companyName`, `shortName`, `role`, `skillSet_id`) VALUES ('11134', 'c126d405-7fd4-43a9-8561-4201a3597620', '02c7f6a1-9915-4046-a7c3-8b9e932d40ab', 'SeniorSoftwareEngineer', '11134');
INSERT INTO `SkillSet` (`id`) VALUES ('11135');
INSERT INTO `SkillSet_skills` (`SkillSet_id`, `skills`) VALUES ('11135', 'Maven');
INSERT INTO `SkillSet_skills` (`SkillSet_id`, `skills`) VALUES ('11135', 'UITesting');
INSERT INTO `Mission` (`id`, `companyName`, `shortName`, `role`, `skillSet_id`) VALUES ('11135', 'ca807814-c834-4f08-b3a6-cf782a8267b7', 'ed754a84-3b9e-4345-b15d-0a2eb42754d8', 'SeniorSoftwareEngineer', '11135');
INSERT INTO `SkillSet` (`id`) VALUES ('11136');
INSERT INTO `SkillSet_skills` (`SkillSet_id`, `skills`) VALUES ('11136', 'Architektur');
INSERT INTO `SkillSet_skills` (`SkillSet_id`, `skills`) VALUES ('11136', 'Architektur');
INSERT INTO `SkillSet_skills` (`SkillSet_id`, `skills`) VALUES ('11136', 'UITesting');
INSERT INTO `Mission` (`id`, `companyName`, `shortName`, `role`, `skillSet_id`) VALUES ('11136', 'da132551-b996-43f1-987b-ac886ba35e02', '4c2e493f-bae8-4b0c-8074-5b936df87e2a', 'LeadEngineer', '11136');
INSERT INTO `SkillSet` (`id`) VALUES ('11137');
INSERT INTO `SkillSet_skills` (`SkillSet_id`, `skills`) VALUES ('11137', 'Gradle');
INSERT INTO `SkillSet_skills` (`SkillSet_id`, `skills`) VALUES ('11137', 'Architektur');
INSERT INTO `Mission` (`id`, `companyName`, `shortName`, `role`, `skillSet_id`) VALUES ('11137', '955c6231-1f09-4c57-9b4c-27b203d50e5f', '6fee59d6-d084-4a9a-bfe0-f8c279680b2c', 'PrincipalConsultant', '11137');
INSERT INTO `SkillSet` (`id`) VALUES ('11138');
INSERT INTO `SkillSet_skills` (`SkillSet_id`, `skills`) VALUES ('11138', 'Java');
INSERT INTO `Mission` (`id`, `companyName`, `shortName`, `role`, `skillSet_id`) VALUES ('11138', '8e16b067-fa60-40b7-bb1a-b3592219c151', 'f2f0af85-c4e3-4073-a90c-9062571bedf3', 'LeadEngineer', '11138');
INSERT INTO `SkillSet` (`id`) VALUES ('11139');
INSERT INTO `SkillSet_skills` (`SkillSet_id`, `skills`) VALUES ('11139', 'Ant');
INSERT INTO `Mission` (`id`, `companyName`, `shortName`, `role`, `skillSet_id`) VALUES ('11139', '1c45f3ff-35bd-41ce-9e12-8a121a244b74', 'eaaba7e1-1718-4d72-b7fa-3006202ba5c4', 'LeadEngineer', '11139');
INSERT INTO `SkillSet` (`id`) VALUES ('11140');
INSERT INTO `SkillSet_skills` (`SkillSet_id`, `skills`) VALUES ('11140', 'Architektur');
INSERT INTO `SkillSet_skills` (`SkillSet_id`, `skills`) VALUES ('11140', 'UITesting');
INSERT INTO `SkillSet_skills` (`SkillSet_id`, `skills`) VALUES ('11140', 'Ant');
INSERT INTO `SkillSet_skills` (`SkillSet_id`, `skills`) VALUES ('11140', 'Java');
INSERT INTO `SkillSet_skills` (`SkillSet_id`, `skills`) VALUES ('11140', 'Architektur');
INSERT INTO `Mission` (`id`, `companyName`, `shortName`, `role`, `skillSet_id`) VALUES ('11140', '68df9421-9135-4ce1-bd18-079d43ce2072', '228d2c4e-d9eb-4cd2-abb9-7df11e234362', 'SeniorSoftwareEngineer', '11140');
INSERT INTO `SkillSet` (`id`) VALUES ('11141');
INSERT INTO `SkillSet_skills` (`SkillSet_id`, `skills`) VALUES ('11141', 'UITesting');
INSERT INTO `SkillSet_skills` (`SkillSet_id`, `skills`) VALUES ('11141', 'UnitTesting');
INSERT INTO `SkillSet_skills` (`SkillSet_id`, `skills`) VALUES ('11141', 'Ant');
INSERT INTO `Mission` (`id`, `companyName`, `shortName`, `role`, `skillSet_id`) VALUES ('11141', 'c5d17a58-e260-48e6-b230-d5e9b95b06da', '6604856d-1e3b-418a-ad5a-f037093319b7', 'SoftwareEngineer', '11141');
INSERT INTO `SkillSet` (`id`) VALUES ('11142');
INSERT INTO `SkillSet_skills` (`SkillSet_id`, `skills`) VALUES ('11142', 'UnitTesting');
INSERT INTO `SkillSet_skills` (`SkillSet_id`, `skills`) VALUES ('11142', 'UITesting');
INSERT INTO `SkillSet_skills` (`SkillSet_id`, `skills`) VALUES ('11142', 'SQL');
INSERT INTO `SkillSet_skills` (`SkillSet_id`, `skills`) VALUES ('11142', 'Architektur');
INSERT INTO `Mission` (`id`, `companyName`, `shortName`, `role`, `skillSet_id`) VALUES ('11142', '53bd726b-5028-496d-9986-f25d30e3bd06', '3a0567bd-8035-4211-826e-cfe43c9b943a', 'LeadSoftwareArchitect', '11142');
INSERT INTO `SkillSet` (`id`) VALUES ('11143');
INSERT INTO `SkillSet_skills` (`SkillSet_id`, `skills`) VALUES ('11143', 'UnitTesting');
INSERT INTO `Mission` (`id`, `companyName`, `shortName`, `role`, `skillSet_id`) VALUES ('11143', '8909b1ef-883d-45b2-b75b-8266a35df35b', '4def3a4e-99f7-408d-b3f8-71b27e729012', 'JuniorSoftwareEngineer', '11143');
INSERT INTO `SkillSet` (`id`) VALUES ('11144');
INSERT INTO `SkillSet_skills` (`SkillSet_id`, `skills`) VALUES ('11144', 'Architektur');
INSERT INTO `SkillSet_skills` (`SkillSet_id`, `skills`) VALUES ('11144', 'dotNet');
INSERT INTO `Mission` (`id`, `companyName`, `shortName`, `role`, `skillSet_id`) VALUES ('11144', '8f72b9e7-1f6b-44f6-b827-e63038c70c53', 'abc641aa-e18d-434a-a95e-74fb41602f66', 'LeadSoftwareArchitect', '11144');
INSERT INTO `SkillSet` (`id`) VALUES ('11145');
INSERT INTO `SkillSet_skills` (`SkillSet_id`, `skills`) VALUES ('11145', 'UITesting');
INSERT INTO `SkillSet_skills` (`SkillSet_id`, `skills`) VALUES ('11145', 'UnitTesting');
INSERT INTO `Mission` (`id`, `companyName`, `shortName`, `role`, `skillSet_id`) VALUES ('11145', 'a0ec5536-b29c-4136-9fb3-4e51da304d39', 'e0e71eea-7428-433b-846f-f2c6742be20b', 'LeadSoftwareArchitect', '11145');
INSERT INTO `SkillSet` (`id`) VALUES ('11146');
INSERT INTO `SkillSet_skills` (`SkillSet_id`, `skills`) VALUES ('11146', 'dotNet');
INSERT INTO `SkillSet_skills` (`SkillSet_id`, `skills`) VALUES ('11146', 'dotNet');
INSERT INTO `SkillSet_skills` (`SkillSet_id`, `skills`) VALUES ('11146', 'Architektur');
INSERT INTO `SkillSet_skills` (`SkillSet_id`, `skills`) VALUES ('11146', 'Maven');
INSERT INTO `Mission` (`id`, `companyName`, `shortName`, `role`, `skillSet_id`) VALUES ('11146', '7a7c75ae-aaa8-4f44-88b8-1c4a8b0499f3', '7bac0fe9-3f20-4b85-bc27-56880e8ffa94', 'PrincipalConsultant', '11146');
INSERT INTO `SkillSet` (`id`) VALUES ('11147');
INSERT INTO `SkillSet_skills` (`SkillSet_id`, `skills`) VALUES ('11147', 'Ant');
INSERT INTO `Mission` (`id`, `companyName`, `shortName`, `role`, `skillSet_id`) VALUES ('11147', 'c16a3c04-c1ab-4d36-b80c-a99e810801d9', '7a20a8ef-0f94-4c67-9bbf-dced84185b84', 'SoftwareEngineer', '11147');
INSERT INTO `SkillSet` (`id`) VALUES ('11148');
INSERT INTO `SkillSet_skills` (`SkillSet_id`, `skills`) VALUES ('11148', 'Gradle');
INSERT INTO `SkillSet_skills` (`SkillSet_id`, `skills`) VALUES ('11148', 'UnitTesting');
INSERT INTO `Mission` (`id`, `companyName`, `shortName`, `role`, `skillSet_id`) VALUES ('11148', '8d22276a-6d17-46de-b9b5-513860b1c0e0', '975237e2-60a9-4f9b-ac55-146e9538001b', 'LeadEngineer', '11148');
INSERT INTO `SkillSet` (`id`) VALUES ('11149');
INSERT INTO `SkillSet_skills` (`SkillSet_id`, `skills`) VALUES ('11149', 'Ant');
INSERT INTO `SkillSet_skills` (`SkillSet_id`, `skills`) VALUES ('11149', 'Gradle');
INSERT INTO `SkillSet_skills` (`SkillSet_id`, `skills`) VALUES ('11149', 'Gradle');
INSERT INTO `Mission` (`id`, `companyName`, `shortName`, `role`, `skillSet_id`) VALUES ('11149', '7a9a60f1-d045-425d-a686-4cd5f671c60a', '7f6414c3-f541-4dfe-8514-a69f8161c862', 'LeadSoftwareArchitect', '11149');
INSERT INTO `SkillSet` (`id`) VALUES ('11150');
INSERT INTO `SkillSet_skills` (`SkillSet_id`, `skills`) VALUES ('11150', 'Architektur');
INSERT INTO `Mission` (`id`, `companyName`, `shortName`, `role`, `skillSet_id`) VALUES ('11150', 'ddd2ab5a-ed00-4441-ae3c-b51ab3dcf990', 'b6171d12-b234-4496-9f19-5c1abda980ff', 'PrincipalConsultant', '11150');
INSERT INTO `SkillSet` (`id`) VALUES ('11151');
INSERT INTO `SkillSet_skills` (`SkillSet_id`, `skills`) VALUES ('11151', 'UnitTesting');
INSERT INTO `SkillSet_skills` (`SkillSet_id`, `skills`) VALUES ('11151', 'SQL');
INSERT INTO `SkillSet_skills` (`SkillSet_id`, `skills`) VALUES ('11151', 'Maven');
INSERT INTO `SkillSet_skills` (`SkillSet_id`, `skills`) VALUES ('11151', 'Maven');
INSERT INTO `SkillSet_skills` (`SkillSet_id`, `skills`) VALUES ('11151', 'Maven');
INSERT INTO `Mission` (`id`, `companyName`, `shortName`, `role`, `skillSet_id`) VALUES ('11151', 'cd1f9e3b-0dd8-4a82-a643-516c8d87e375', 'ba54885f-d9f8-4a77-8fbf-663e53a7f31f', 'SeniorSoftwareEngineer', '11151');
INSERT INTO `SkillSet` (`id`) VALUES ('11152');
INSERT INTO `SkillSet_skills` (`SkillSet_id`, `skills`) VALUES ('11152', 'Architektur');
INSERT INTO `SkillSet_skills` (`SkillSet_id`, `skills`) VALUES ('11152', 'Java');
INSERT INTO `Mission` (`id`, `companyName`, `shortName`, `role`, `skillSet_id`) VALUES ('11152', '4c5f6c7d-3b45-484f-a026-17d39cc51206', '1adb06fb-c126-46b2-96a1-07b1776beee2', 'JuniorSoftwareEngineer', '11152');
INSERT INTO `SkillSet` (`id`) VALUES ('11153');
INSERT INTO `SkillSet_skills` (`SkillSet_id`, `skills`) VALUES ('11153', 'UITesting');
INSERT INTO `SkillSet_skills` (`SkillSet_id`, `skills`) VALUES ('11153', 'Architektur');
INSERT INTO `SkillSet_skills` (`SkillSet_id`, `skills`) VALUES ('11153', 'Maven');
INSERT INTO `Mission` (`id`, `companyName`, `shortName`, `role`, `skillSet_id`) VALUES ('11153', '2c54a426-8637-4cbb-9fe3-258a9c8a2056', 'f2740a5c-8b97-41a6-a148-4d9cd7f941d8', 'PrincipalConsultant', '11153');
INSERT INTO `SkillSet` (`id`) VALUES ('11154');
INSERT INTO `SkillSet_skills` (`SkillSet_id`, `skills`) VALUES ('11154', 'Java');
INSERT INTO `SkillSet_skills` (`SkillSet_id`, `skills`) VALUES ('11154', 'Gradle');
INSERT INTO `Mission` (`id`, `companyName`, `shortName`, `role`, `skillSet_id`) VALUES ('11154', '724ef1dc-10a7-49e1-ab05-6fbe8dff040b', '25edc683-3ac0-45bf-9100-93b4224abd07', 'SoftwareEngineer', '11154');
INSERT INTO `SkillSet` (`id`) VALUES ('11155');
INSERT INTO `SkillSet_skills` (`SkillSet_id`, `skills`) VALUES ('11155', 'UITesting');
INSERT INTO `Mission` (`id`, `companyName`, `shortName`, `role`, `skillSet_id`) VALUES ('11155', 'c42c641d-c9a5-49cf-af87-d807c05a6387', '9d394af3-804a-49d1-8a62-3605cd90db22', 'LeadSoftwareArchitect', '11155');
INSERT INTO `SkillSet` (`id`) VALUES ('11156');
INSERT INTO `SkillSet_skills` (`SkillSet_id`, `skills`) VALUES ('11156', 'SQL');
INSERT INTO `Mission` (`id`, `companyName`, `shortName`, `role`, `skillSet_id`) VALUES ('11156', 'a3164176-dfec-455b-a9cd-211a38c7b8c7', '0a913701-eb85-46cf-b8ac-23eeb3a00d82', 'LeadSoftwareArchitect', '11156');
INSERT INTO `SkillSet` (`id`) VALUES ('11157');
INSERT INTO `SkillSet_skills` (`SkillSet_id`, `skills`) VALUES ('11157', 'UnitTesting');
INSERT INTO `Mission` (`id`, `companyName`, `shortName`, `role`, `skillSet_id`) VALUES ('11157', 'ae4801fd-4313-4145-aced-5e3218e7a301', 'e56a82aa-e396-4938-924d-98877f0e9b26', 'JuniorSoftwareEngineer', '11157');
INSERT INTO `SkillSet` (`id`) VALUES ('11158');
INSERT INTO `SkillSet_skills` (`SkillSet_id`, `skills`) VALUES ('11158', 'Java');
INSERT INTO `Mission` (`id`, `companyName`, `shortName`, `role`, `skillSet_id`) VALUES ('11158', '96351868-7fe5-4ff5-8384-2ae4877ebadd', '1d8502b1-b160-44a8-a678-1b465814173b', 'LeadSoftwareArchitect', '11158');
INSERT INTO `SkillSet` (`id`) VALUES ('11159');
INSERT INTO `SkillSet_skills` (`SkillSet_id`, `skills`) VALUES ('11159', 'SQL');
INSERT INTO `SkillSet_skills` (`SkillSet_id`, `skills`) VALUES ('11159', 'Ant');
INSERT INTO `SkillSet_skills` (`SkillSet_id`, `skills`) VALUES ('11159', 'Architektur');
INSERT INTO `SkillSet_skills` (`SkillSet_id`, `skills`) VALUES ('11159', 'UITesting');
INSERT INTO `Mission` (`id`, `companyName`, `shortName`, `role`, `skillSet_id`) VALUES ('11159', '6a5c06f7-9051-4d37-b055-f8f4e56eec87', 'fccbf666-fe93-46ac-97e0-27f2628a8266', 'JuniorSoftwareEngineer', '11159');
INSERT INTO `SkillSet` (`id`) VALUES ('11160');
INSERT INTO `SkillSet_skills` (`SkillSet_id`, `skills`) VALUES ('11160', 'UnitTesting');
INSERT INTO `SkillSet_skills` (`SkillSet_id`, `skills`) VALUES ('11160', 'Maven');
INSERT INTO `SkillSet_skills` (`SkillSet_id`, `skills`) VALUES ('11160', 'Maven');
INSERT INTO `SkillSet_skills` (`SkillSet_id`, `skills`) VALUES ('11160', 'Maven');
INSERT INTO `Mission` (`id`, `companyName`, `shortName`, `role`, `skillSet_id`) VALUES ('11160', 'be0212a8-827f-44ac-af86-4f3bdaa5a5fa', 'e0a447f4-71b0-4bef-a619-51f1d96b4c99', 'LeadSoftwareArchitect', '11160');
INSERT INTO `SkillSet` (`id`) VALUES ('11161');
INSERT INTO `SkillSet_skills` (`SkillSet_id`, `skills`) VALUES ('11161', 'Gradle');
INSERT INTO `SkillSet_skills` (`SkillSet_id`, `skills`) VALUES ('11161', 'Maven');
INSERT INTO `SkillSet_skills` (`SkillSet_id`, `skills`) VALUES ('11161', 'UnitTesting');
INSERT INTO `SkillSet_skills` (`SkillSet_id`, `skills`) VALUES ('11161', 'UITesting');
INSERT INTO `SkillSet_skills` (`SkillSet_id`, `skills`) VALUES ('11161', 'Gradle');
INSERT INTO `Mission` (`id`, `companyName`, `shortName`, `role`, `skillSet_id`) VALUES ('11161', '7b86b177-fbda-4b40-a5af-807a961b9608', '648a3e9e-0da8-4688-870d-894a601fbd7b', 'JuniorSoftwareEngineer', '11161');
INSERT INTO `SkillSet` (`id`) VALUES ('11162');
INSERT INTO `SkillSet_skills` (`SkillSet_id`, `skills`) VALUES ('11162', 'UnitTesting');
INSERT INTO `SkillSet_skills` (`SkillSet_id`, `skills`) VALUES ('11162', 'UnitTesting');
INSERT INTO `Mission` (`id`, `companyName`, `shortName`, `role`, `skillSet_id`) VALUES ('11162', '6d1f955c-5cd7-4aad-9f6f-ec87b4521333', '885ea883-3826-4693-9d0c-855c9a048c67', 'JuniorSoftwareEngineer', '11162');
INSERT INTO `SkillSet` (`id`) VALUES ('11163');
INSERT INTO `SkillSet_skills` (`SkillSet_id`, `skills`) VALUES ('11163', 'Ant');
INSERT INTO `SkillSet_skills` (`SkillSet_id`, `skills`) VALUES ('11163', 'dotNet');
INSERT INTO `SkillSet_skills` (`SkillSet_id`, `skills`) VALUES ('11163', 'Gradle');
INSERT INTO `SkillSet_skills` (`SkillSet_id`, `skills`) VALUES ('11163', 'Maven');
INSERT INTO `SkillSet_skills` (`SkillSet_id`, `skills`) VALUES ('11163', 'Maven');
INSERT INTO `Mission` (`id`, `companyName`, `shortName`, `role`, `skillSet_id`) VALUES ('11163', '213eb5d9-0ffb-42fe-8d63-88b484c9ea22', 'fe21049a-832a-4083-8c72-ed60582aa5d8', 'LeadEngineer', '11163');
INSERT INTO `SkillSet` (`id`) VALUES ('11164');
INSERT INTO `SkillSet_skills` (`SkillSet_id`, `skills`) VALUES ('11164', 'Java');
INSERT INTO `SkillSet_skills` (`SkillSet_id`, `skills`) VALUES ('11164', 'Architektur');
INSERT INTO `Mission` (`id`, `companyName`, `shortName`, `role`, `skillSet_id`) VALUES ('11164', '6a5f4113-423f-4cbb-bfff-a9e0732b5bd5', '4ba01da6-2c97-42a6-b305-d7378bea87ee', 'LeadEngineer', '11164');
INSERT INTO `SkillSet` (`id`) VALUES ('11165');
INSERT INTO `SkillSet_skills` (`SkillSet_id`, `skills`) VALUES ('11165', 'Gradle');
INSERT INTO `Mission` (`id`, `companyName`, `shortName`, `role`, `skillSet_id`) VALUES ('11165', '6013f20c-cc63-48d0-b62b-544515198ff5', '3dd9d86e-1184-434a-8bea-8dc61b28917d', 'LeadEngineer', '11165');
INSERT INTO `SkillSet` (`id`) VALUES ('11166');
INSERT INTO `SkillSet_skills` (`SkillSet_id`, `skills`) VALUES ('11166', 'Ant');
INSERT INTO `Mission` (`id`, `companyName`, `shortName`, `role`, `skillSet_id`) VALUES ('11166', 'f51de22a-e4f7-4364-a70d-9f76fb642807', '103bdfa3-46a9-4cb1-9494-9fed45777647', 'LeadEngineer', '11166');
INSERT INTO `SkillSet` (`id`) VALUES ('11167');
INSERT INTO `SkillSet_skills` (`SkillSet_id`, `skills`) VALUES ('11167', 'Gradle');
INSERT INTO `SkillSet_skills` (`SkillSet_id`, `skills`) VALUES ('11167', 'dotNet');
INSERT INTO `SkillSet_skills` (`SkillSet_id`, `skills`) VALUES ('11167', 'Gradle');
INSERT INTO `SkillSet_skills` (`SkillSet_id`, `skills`) VALUES ('11167', 'dotNet');
INSERT INTO `SkillSet_skills` (`SkillSet_id`, `skills`) VALUES ('11167', 'UITesting');
INSERT INTO `Mission` (`id`, `companyName`, `shortName`, `role`, `skillSet_id`) VALUES ('11167', '9d959bbf-0d14-4e33-91f3-b1c72b468723', 'd5de819e-c009-4b1e-840c-66c1435802f7', 'PrincipalConsultant', '11167');
INSERT INTO `SkillSet` (`id`) VALUES ('11168');
INSERT INTO `SkillSet_skills` (`SkillSet_id`, `skills`) VALUES ('11168', 'Ant');
INSERT INTO `SkillSet_skills` (`SkillSet_id`, `skills`) VALUES ('11168', 'SQL');
INSERT INTO `SkillSet_skills` (`SkillSet_id`, `skills`) VALUES ('11168', 'dotNet');
INSERT INTO `Mission` (`id`, `companyName`, `shortName`, `role`, `skillSet_id`) VALUES ('11168', 'aec9b3d9-80ea-442a-a0a0-85842b0a2eca', 'cbb2b16f-df86-4daa-98c8-b2f6d2954853', 'SoftwareEngineer', '11168');
INSERT INTO `SkillSet` (`id`) VALUES ('11169');
INSERT INTO `SkillSet_skills` (`SkillSet_id`, `skills`) VALUES ('11169', 'Java');
INSERT INTO `SkillSet_skills` (`SkillSet_id`, `skills`) VALUES ('11169', 'Architektur');
INSERT INTO `SkillSet_skills` (`SkillSet_id`, `skills`) VALUES ('11169', 'Java');
INSERT INTO `SkillSet_skills` (`SkillSet_id`, `skills`) VALUES ('11169', 'Architektur');
INSERT INTO `Mission` (`id`, `companyName`, `shortName`, `role`, `skillSet_id`) VALUES ('11169', '8534d3c2-cdef-4475-ad22-391a668f0ff4', '1f821f38-ac6c-4260-bf64-7b136fbd8ef1', 'SeniorSoftwareEngineer', '11169');
INSERT INTO `SkillSet` (`id`) VALUES ('11170');
INSERT INTO `SkillSet_skills` (`SkillSet_id`, `skills`) VALUES ('11170', 'Ant');
INSERT INTO `SkillSet_skills` (`SkillSet_id`, `skills`) VALUES ('11170', 'UnitTesting');
INSERT INTO `SkillSet_skills` (`SkillSet_id`, `skills`) VALUES ('11170', 'Maven');
INSERT INTO `SkillSet_skills` (`SkillSet_id`, `skills`) VALUES ('11170', 'UnitTesting');
INSERT INTO `SkillSet_skills` (`SkillSet_id`, `skills`) VALUES ('11170', 'Java');
INSERT INTO `Mission` (`id`, `companyName`, `shortName`, `role`, `skillSet_id`) VALUES ('11170', '3440dae2-1ccd-47ae-b72f-3e52494d7143', 'd8a9a959-1310-4900-a5ef-817dccf9abc7', 'JuniorSoftwareEngineer', '11170');
INSERT INTO `SkillSet` (`id`) VALUES ('11171');
INSERT INTO `SkillSet_skills` (`SkillSet_id`, `skills`) VALUES ('11171', 'Architektur');
INSERT INTO `SkillSet_skills` (`SkillSet_id`, `skills`) VALUES ('11171', 'Maven');
INSERT INTO `SkillSet_skills` (`SkillSet_id`, `skills`) VALUES ('11171', 'Architektur');
INSERT INTO `SkillSet_skills` (`SkillSet_id`, `skills`) VALUES ('11171', 'Maven');
INSERT INTO `SkillSet_skills` (`SkillSet_id`, `skills`) VALUES ('11171', 'dotNet');
INSERT INTO `Mission` (`id`, `companyName`, `shortName`, `role`, `skillSet_id`) VALUES ('11171', 'e3befdcb-89da-4d27-bd65-0336d329bc80', '6b0d95cb-556b-4839-bcb5-a8d88f647c61', 'LeadEngineer', '11171');
INSERT INTO `SkillSet` (`id`) VALUES ('11172');
INSERT INTO `SkillSet_skills` (`SkillSet_id`, `skills`) VALUES ('11172', 'SQL');
INSERT INTO `SkillSet_skills` (`SkillSet_id`, `skills`) VALUES ('11172', 'Java');
INSERT INTO `SkillSet_skills` (`SkillSet_id`, `skills`) VALUES ('11172', 'Ant');
INSERT INTO `Mission` (`id`, `companyName`, `shortName`, `role`, `skillSet_id`) VALUES ('11172', 'bef677f0-0ceb-4d74-a245-e7b3969ae656', 'f2af31bf-8e1d-473d-87f9-213b30e01c9f', 'PrincipalConsultant', '11172');
INSERT INTO `SkillSet` (`id`) VALUES ('11173');
INSERT INTO `SkillSet_skills` (`SkillSet_id`, `skills`) VALUES ('11173', 'Maven');
INSERT INTO `SkillSet_skills` (`SkillSet_id`, `skills`) VALUES ('11173', 'Architektur');
INSERT INTO `Mission` (`id`, `companyName`, `shortName`, `role`, `skillSet_id`) VALUES ('11173', '9b5eec69-fa86-4e22-9e11-c996c59393b4', '31cc6064-fe28-4bf2-bab2-7e48f09b168b', 'JuniorSoftwareEngineer', '11173');
INSERT INTO `SkillSet` (`id`) VALUES ('11174');
INSERT INTO `SkillSet_skills` (`SkillSet_id`, `skills`) VALUES ('11174', 'Maven');
INSERT INTO `SkillSet_skills` (`SkillSet_id`, `skills`) VALUES ('11174', 'Java');
INSERT INTO `SkillSet_skills` (`SkillSet_id`, `skills`) VALUES ('11174', 'dotNet');
INSERT INTO `SkillSet_skills` (`SkillSet_id`, `skills`) VALUES ('11174', 'Maven');
INSERT INTO `SkillSet_skills` (`SkillSet_id`, `skills`) VALUES ('11174', 'dotNet');
INSERT INTO `Mission` (`id`, `companyName`, `shortName`, `role`, `skillSet_id`) VALUES ('11174', '72df081f-c7a6-42d6-bc46-f1c9be75715d', 'f61d67f7-4eb9-48be-b15d-8d9e1ea2b4db', 'LeadSoftwareArchitect', '11174');
INSERT INTO `SkillSet` (`id`) VALUES ('11175');
INSERT INTO `SkillSet_skills` (`SkillSet_id`, `skills`) VALUES ('11175', 'Gradle');
INSERT INTO `SkillSet_skills` (`SkillSet_id`, `skills`) VALUES ('11175', 'Architektur');
INSERT INTO `SkillSet_skills` (`SkillSet_id`, `skills`) VALUES ('11175', 'SQL');
INSERT INTO `SkillSet_skills` (`SkillSet_id`, `skills`) VALUES ('11175', 'Architektur');
INSERT INTO `Mission` (`id`, `companyName`, `shortName`, `role`, `skillSet_id`) VALUES ('11175', 'bcef15f2-f80f-4773-860c-032410f18a69', '3a0b8e4d-7b99-40d8-90bf-3ec0cb044843', 'LeadEngineer', '11175');
INSERT INTO `SkillSet` (`id`) VALUES ('11176');
INSERT INTO `SkillSet_skills` (`SkillSet_id`, `skills`) VALUES ('11176', 'Ant');
INSERT INTO `SkillSet_skills` (`SkillSet_id`, `skills`) VALUES ('11176', 'dotNet');
INSERT INTO `SkillSet_skills` (`SkillSet_id`, `skills`) VALUES ('11176', 'dotNet');
INSERT INTO `Mission` (`id`, `companyName`, `shortName`, `role`, `skillSet_id`) VALUES ('11176', '47b2f857-0f87-4c9f-b65d-f4bcd2bbc20e', '1b9182b5-923f-4244-97f0-77c1249befdb', 'SoftwareEngineer', '11176');
INSERT INTO `SkillSet` (`id`) VALUES ('11177');
INSERT INTO `SkillSet_skills` (`SkillSet_id`, `skills`) VALUES ('11177', 'Ant');
INSERT INTO `SkillSet_skills` (`SkillSet_id`, `skills`) VALUES ('11177', 'Java');
INSERT INTO `SkillSet_skills` (`SkillSet_id`, `skills`) VALUES ('11177', 'Architektur');
INSERT INTO `SkillSet_skills` (`SkillSet_id`, `skills`) VALUES ('11177', 'Ant');
INSERT INTO `SkillSet_skills` (`SkillSet_id`, `skills`) VALUES ('11177', 'UnitTesting');
INSERT INTO `Mission` (`id`, `companyName`, `shortName`, `role`, `skillSet_id`) VALUES ('11177', 'c379d559-d123-4c37-8521-90aea8afcc1a', '0005db88-d177-4c99-a288-df3d3485f20c', 'LeadEngineer', '11177');
INSERT INTO `SkillSet` (`id`) VALUES ('11178');
INSERT INTO `SkillSet_skills` (`SkillSet_id`, `skills`) VALUES ('11178', 'UnitTesting');
INSERT INTO `Mission` (`id`, `companyName`, `shortName`, `role`, `skillSet_id`) VALUES ('11178', 'e0301de3-2004-4ea4-9efd-8181b3cc0046', '99604d56-b202-4225-a3c5-92c29008757e', 'SoftwareEngineer', '11178');
INSERT INTO `SkillSet` (`id`) VALUES ('11179');
INSERT INTO `SkillSet_skills` (`SkillSet_id`, `skills`) VALUES ('11179', 'SQL');
INSERT INTO `Mission` (`id`, `companyName`, `shortName`, `role`, `skillSet_id`) VALUES ('11179', 'a99701f2-9892-4504-8447-48a1f9dc1a16', 'aca92ab2-ff45-4107-9fef-725e882554cc', 'SoftwareEngineer', '11179');
INSERT INTO `SkillSet` (`id`) VALUES ('11180');
INSERT INTO `SkillSet_skills` (`SkillSet_id`, `skills`) VALUES ('11180', 'UITesting');
INSERT INTO `SkillSet_skills` (`SkillSet_id`, `skills`) VALUES ('11180', 'Ant');
INSERT INTO `SkillSet_skills` (`SkillSet_id`, `skills`) VALUES ('11180', 'Architektur');
INSERT INTO `SkillSet_skills` (`SkillSet_id`, `skills`) VALUES ('11180', 'UnitTesting');
INSERT INTO `SkillSet_skills` (`SkillSet_id`, `skills`) VALUES ('11180', 'SQL');
INSERT INTO `Mission` (`id`, `companyName`, `shortName`, `role`, `skillSet_id`) VALUES ('11180', '867c7a7c-6f03-40a5-b04c-8455ce7db3fe', 'f08dbe57-8f8c-444a-8d06-b084710d3024', 'SeniorSoftwareEngineer', '11180');
INSERT INTO `SkillSet` (`id`) VALUES ('11181');
INSERT INTO `SkillSet_skills` (`SkillSet_id`, `skills`) VALUES ('11181', 'Architektur');
INSERT INTO `SkillSet_skills` (`SkillSet_id`, `skills`) VALUES ('11181', 'Maven');
INSERT INTO `SkillSet_skills` (`SkillSet_id`, `skills`) VALUES ('11181', 'Gradle');
INSERT INTO `SkillSet_skills` (`SkillSet_id`, `skills`) VALUES ('11181', 'SQL');
INSERT INTO `SkillSet_skills` (`SkillSet_id`, `skills`) VALUES ('11181', 'UnitTesting');
INSERT INTO `Mission` (`id`, `companyName`, `shortName`, `role`, `skillSet_id`) VALUES ('11181', 'da517931-b5d9-4f2f-8bcf-080f998376f9', 'd670c3e3-4a8c-4638-802c-c83e1193205e', 'LeadSoftwareArchitect', '11181');
INSERT INTO `SkillSet` (`id`) VALUES ('11182');
INSERT INTO `SkillSet_skills` (`SkillSet_id`, `skills`) VALUES ('11182', 'Ant');
INSERT INTO `SkillSet_skills` (`SkillSet_id`, `skills`) VALUES ('11182', 'Ant');
INSERT INTO `SkillSet_skills` (`SkillSet_id`, `skills`) VALUES ('11182', 'UnitTesting');
INSERT INTO `SkillSet_skills` (`SkillSet_id`, `skills`) VALUES ('11182', 'UnitTesting');
INSERT INTO `Mission` (`id`, `companyName`, `shortName`, `role`, `skillSet_id`) VALUES ('11182', '20435aaf-d7cd-43c9-92ce-ed9491290b2c', '8b94c5aa-d9d1-4310-89ed-6a0174188566', 'JuniorSoftwareEngineer', '11182');
INSERT INTO `SkillSet` (`id`) VALUES ('11183');
INSERT INTO `SkillSet_skills` (`SkillSet_id`, `skills`) VALUES ('11183', 'Gradle');
INSERT INTO `SkillSet_skills` (`SkillSet_id`, `skills`) VALUES ('11183', 'Gradle');
INSERT INTO `SkillSet_skills` (`SkillSet_id`, `skills`) VALUES ('11183', 'Ant');
INSERT INTO `SkillSet_skills` (`SkillSet_id`, `skills`) VALUES ('11183', 'Ant');
INSERT INTO `SkillSet_skills` (`SkillSet_id`, `skills`) VALUES ('11183', 'dotNet');
INSERT INTO `Mission` (`id`, `companyName`, `shortName`, `role`, `skillSet_id`) VALUES ('11183', '8a61e86a-fa80-442a-9342-3be25f95120a', '561a1e1d-5064-4128-8323-a3fa3ca7ccee', 'PrincipalConsultant', '11183');
INSERT INTO `SkillSet` (`id`) VALUES ('11184');
INSERT INTO `SkillSet_skills` (`SkillSet_id`, `skills`) VALUES ('11184', 'SQL');
INSERT INTO `SkillSet_skills` (`SkillSet_id`, `skills`) VALUES ('11184', 'dotNet');
INSERT INTO `SkillSet_skills` (`SkillSet_id`, `skills`) VALUES ('11184', 'Maven');
INSERT INTO `Mission` (`id`, `companyName`, `shortName`, `role`, `skillSet_id`) VALUES ('11184', '3289fd07-3381-450c-88a9-4c85d50f4e05', 'f6c7743c-e0f5-4b18-bd7d-741a2ad04c93', 'LeadSoftwareArchitect', '11184');
INSERT INTO `SkillSet` (`id`) VALUES ('11185');
INSERT INTO `SkillSet_skills` (`SkillSet_id`, `skills`) VALUES ('11185', 'Gradle');
INSERT INTO `Mission` (`id`, `companyName`, `shortName`, `role`, `skillSet_id`) VALUES ('11185', '92c36198-1996-43da-bc1c-24b4a1cbaaa5', '13304b57-a3ad-491f-b8a9-d6475ecd0260', 'LeadSoftwareArchitect', '11185');
INSERT INTO `SkillSet` (`id`) VALUES ('11186');
INSERT INTO `SkillSet_skills` (`SkillSet_id`, `skills`) VALUES ('11186', 'Ant');
INSERT INTO `SkillSet_skills` (`SkillSet_id`, `skills`) VALUES ('11186', 'Java');
INSERT INTO `SkillSet_skills` (`SkillSet_id`, `skills`) VALUES ('11186', 'Maven');
INSERT INTO `SkillSet_skills` (`SkillSet_id`, `skills`) VALUES ('11186', 'UITesting');
INSERT INTO `SkillSet_skills` (`SkillSet_id`, `skills`) VALUES ('11186', 'Java');
INSERT INTO `Mission` (`id`, `companyName`, `shortName`, `role`, `skillSet_id`) VALUES ('11186', '65655cf0-0f14-40cc-8ae9-0ab4451c30b2', '5175998c-d716-48a6-9786-64af1002606b', 'SoftwareEngineer', '11186');
INSERT INTO `SkillSet` (`id`) VALUES ('11187');
INSERT INTO `SkillSet_skills` (`SkillSet_id`, `skills`) VALUES ('11187', 'Gradle');
INSERT INTO `Mission` (`id`, `companyName`, `shortName`, `role`, `skillSet_id`) VALUES ('11187', '50646cfc-eedf-4c4c-a39d-d73300bc7e93', '77ff1030-708f-4fa1-a311-6888cd98b0d8', 'SeniorSoftwareEngineer', '11187');
INSERT INTO `SkillSet` (`id`) VALUES ('11188');
INSERT INTO `SkillSet_skills` (`SkillSet_id`, `skills`) VALUES ('11188', 'UnitTesting');
INSERT INTO `SkillSet_skills` (`SkillSet_id`, `skills`) VALUES ('11188', 'SQL');
INSERT INTO `SkillSet_skills` (`SkillSet_id`, `skills`) VALUES ('11188', 'Gradle');
INSERT INTO `Mission` (`id`, `companyName`, `shortName`, `role`, `skillSet_id`) VALUES ('11188', 'e0a24e6d-8346-49fd-9d7b-b0da71b43696', '24f649e9-4990-4c5e-9f6e-7d1ecf6be10c', 'PrincipalConsultant', '11188');
INSERT INTO `SkillSet` (`id`) VALUES ('11189');
INSERT INTO `SkillSet_skills` (`SkillSet_id`, `skills`) VALUES ('11189', 'UnitTesting');
INSERT INTO `Mission` (`id`, `companyName`, `shortName`, `role`, `skillSet_id`) VALUES ('11189', 'abadbfc1-5864-4ff4-9e0c-be4501201e20', '5a117b04-76ea-4290-98b1-3cbbad1eb2f5', 'SeniorSoftwareEngineer', '11189');
INSERT INTO `SkillSet` (`id`) VALUES ('11190');
INSERT INTO `SkillSet_skills` (`SkillSet_id`, `skills`) VALUES ('11190', 'SQL');
INSERT INTO `SkillSet_skills` (`SkillSet_id`, `skills`) VALUES ('11190', 'UnitTesting');
INSERT INTO `SkillSet_skills` (`SkillSet_id`, `skills`) VALUES ('11190', 'Java');
INSERT INTO `SkillSet_skills` (`SkillSet_id`, `skills`) VALUES ('11190', 'Java');
INSERT INTO `Mission` (`id`, `companyName`, `shortName`, `role`, `skillSet_id`) VALUES ('11190', 'ad00cbd9-1629-4843-83e8-4230fa7a7d93', '2f40c21c-9b10-47f9-b15e-233885262dd6', 'SeniorSoftwareEngineer', '11190');
INSERT INTO `SkillSet` (`id`) VALUES ('11191');
INSERT INTO `SkillSet_skills` (`SkillSet_id`, `skills`) VALUES ('11191', 'UITesting');
INSERT INTO `SkillSet_skills` (`SkillSet_id`, `skills`) VALUES ('11191', 'UITesting');
INSERT INTO `SkillSet_skills` (`SkillSet_id`, `skills`) VALUES ('11191', 'Maven');
INSERT INTO `SkillSet_skills` (`SkillSet_id`, `skills`) VALUES ('11191', 'UnitTesting');
INSERT INTO `Mission` (`id`, `companyName`, `shortName`, `role`, `skillSet_id`) VALUES ('11191', '926d6994-d343-47c7-856e-89372e7b78c3', '5c1a5df8-5638-4905-a118-a52ce36369e6', 'JuniorSoftwareEngineer', '11191');
INSERT INTO `SkillSet` (`id`) VALUES ('11192');
INSERT INTO `SkillSet_skills` (`SkillSet_id`, `skills`) VALUES ('11192', 'Ant');
INSERT INTO `SkillSet_skills` (`SkillSet_id`, `skills`) VALUES ('11192', 'UnitTesting');
INSERT INTO `SkillSet_skills` (`SkillSet_id`, `skills`) VALUES ('11192', 'Architektur');
INSERT INTO `Mission` (`id`, `companyName`, `shortName`, `role`, `skillSet_id`) VALUES ('11192', '8bf0dad0-aae4-4ecc-9ca4-35622193ade9', '24debef3-5b9e-441d-9464-247b4978c664', 'JuniorSoftwareEngineer', '11192');
INSERT INTO `SkillSet` (`id`) VALUES ('11193');
INSERT INTO `SkillSet_skills` (`SkillSet_id`, `skills`) VALUES ('11193', 'Gradle');
INSERT INTO `SkillSet_skills` (`SkillSet_id`, `skills`) VALUES ('11193', 'dotNet');
INSERT INTO `Mission` (`id`, `companyName`, `shortName`, `role`, `skillSet_id`) VALUES ('11193', '78948745-80bf-45f3-ad11-f1225f746fbe', '9f86abc3-7695-4524-b4db-6b9e14de8b81', 'JuniorSoftwareEngineer', '11193');
INSERT INTO `SkillSet` (`id`) VALUES ('11194');
INSERT INTO `SkillSet_skills` (`SkillSet_id`, `skills`) VALUES ('11194', 'Ant');
INSERT INTO `SkillSet_skills` (`SkillSet_id`, `skills`) VALUES ('11194', 'Java');
INSERT INTO `Mission` (`id`, `companyName`, `shortName`, `role`, `skillSet_id`) VALUES ('11194', 'd8e1f316-69ff-4402-be77-24013429d395', '1a7f5348-45ab-4cf9-9efb-0ececa3f2687', 'SoftwareEngineer', '11194');
INSERT INTO `SkillSet` (`id`) VALUES ('11195');
INSERT INTO `SkillSet_skills` (`SkillSet_id`, `skills`) VALUES ('11195', 'Java');
INSERT INTO `SkillSet_skills` (`SkillSet_id`, `skills`) VALUES ('11195', 'SQL');
INSERT INTO `SkillSet_skills` (`SkillSet_id`, `skills`) VALUES ('11195', 'Maven');
INSERT INTO `SkillSet_skills` (`SkillSet_id`, `skills`) VALUES ('11195', 'dotNet');
INSERT INTO `SkillSet_skills` (`SkillSet_id`, `skills`) VALUES ('11195', 'dotNet');
INSERT INTO `Mission` (`id`, `companyName`, `shortName`, `role`, `skillSet_id`) VALUES ('11195', 'b5bc5adc-9555-47fe-ac4f-7c9171222ff3', 'e7438cd6-9164-4611-b69e-61d35496b8a5', 'LeadEngineer', '11195');
INSERT INTO `SkillSet` (`id`) VALUES ('11196');
INSERT INTO `SkillSet_skills` (`SkillSet_id`, `skills`) VALUES ('11196', 'dotNet');
INSERT INTO `SkillSet_skills` (`SkillSet_id`, `skills`) VALUES ('11196', 'Gradle');
INSERT INTO `SkillSet_skills` (`SkillSet_id`, `skills`) VALUES ('11196', 'Maven');
INSERT INTO `Mission` (`id`, `companyName`, `shortName`, `role`, `skillSet_id`) VALUES ('11196', 'd7afc15d-078b-4401-80c3-0cd9607a6b79', '8b2b34ac-dc24-4f03-b1f7-718de1da3f7b', 'LeadEngineer', '11196');
INSERT INTO `SkillSet` (`id`) VALUES ('11197');
INSERT INTO `SkillSet_skills` (`SkillSet_id`, `skills`) VALUES ('11197', 'UnitTesting');
INSERT INTO `SkillSet_skills` (`SkillSet_id`, `skills`) VALUES ('11197', 'Maven');
INSERT INTO `Mission` (`id`, `companyName`, `shortName`, `role`, `skillSet_id`) VALUES ('11197', 'd8db152d-12ad-4af8-a2b6-e97419deedc5', 'cb21f7c1-61d2-4a12-9063-a4d148f97b69', 'LeadEngineer', '11197');
INSERT INTO `SkillSet` (`id`) VALUES ('11198');
INSERT INTO `SkillSet_skills` (`SkillSet_id`, `skills`) VALUES ('11198', 'Gradle');
INSERT INTO `SkillSet_skills` (`SkillSet_id`, `skills`) VALUES ('11198', 'UnitTesting');
INSERT INTO `SkillSet_skills` (`SkillSet_id`, `skills`) VALUES ('11198', 'Maven');
INSERT INTO `Mission` (`id`, `companyName`, `shortName`, `role`, `skillSet_id`) VALUES ('11198', '07666cfe-0f8c-44e8-9442-ad0b585c48fe', 'eb00f277-9358-4e34-be01-204fa4e8809d', 'LeadEngineer', '11198');
INSERT INTO `SkillSet` (`id`) VALUES ('11199');
INSERT INTO `SkillSet_skills` (`SkillSet_id`, `skills`) VALUES ('11199', 'Java');
INSERT INTO `SkillSet_skills` (`SkillSet_id`, `skills`) VALUES ('11199', 'Ant');
INSERT INTO `SkillSet_skills` (`SkillSet_id`, `skills`) VALUES ('11199', 'SQL');
INSERT INTO `SkillSet_skills` (`SkillSet_id`, `skills`) VALUES ('11199', 'Architektur');
INSERT INTO `SkillSet_skills` (`SkillSet_id`, `skills`) VALUES ('11199', 'SQL');
INSERT INTO `Mission` (`id`, `companyName`, `shortName`, `role`, `skillSet_id`) VALUES ('11199', '64cf353f-3a4e-4d7e-8ff1-8c7b17bd75f6', '921a3931-e268-4dc1-a7fe-31c029269605', 'SoftwareEngineer', '11199');
INSERT INTO `SkillSet` (`id`) VALUES ('11200');
INSERT INTO `SkillSet_skills` (`SkillSet_id`, `skills`) VALUES ('11200', 'SQL');
INSERT INTO `Mission` (`id`, `companyName`, `shortName`, `role`, `skillSet_id`) VALUES ('11200', 'b6078405-8223-483b-ab41-33166ea8b7aa', 'a905b0c7-f3ae-4163-a955-18a01c7e78c5', 'SeniorSoftwareEngineer', '11200');
INSERT INTO `SkillSet` (`id`) VALUES ('11201');
INSERT INTO `SkillSet_skills` (`SkillSet_id`, `skills`) VALUES ('11201', 'SQL');
INSERT INTO `SkillSet_skills` (`SkillSet_id`, `skills`) VALUES ('11201', 'Maven');
INSERT INTO `Mission` (`id`, `companyName`, `shortName`, `role`, `skillSet_id`) VALUES ('11201', '0e4bceea-f7d7-4b15-aabb-34faa1209f28', '9bdcf36d-6982-4b9c-9b4a-6a13078ac53d', 'LeadEngineer', '11201');
INSERT INTO `SkillSet` (`id`) VALUES ('11202');
INSERT INTO `SkillSet_skills` (`SkillSet_id`, `skills`) VALUES ('11202', 'Architektur');
INSERT INTO `SkillSet_skills` (`SkillSet_id`, `skills`) VALUES ('11202', 'SQL');
INSERT INTO `SkillSet_skills` (`SkillSet_id`, `skills`) VALUES ('11202', 'UITesting');
INSERT INTO `Mission` (`id`, `companyName`, `shortName`, `role`, `skillSet_id`) VALUES ('11202', 'e57d7147-af82-4725-ba80-55271d7e9d7e', '192a138c-2fbd-498c-a754-9a0d5d5fc661', 'PrincipalConsultant', '11202');
INSERT INTO `SkillSet` (`id`) VALUES ('11203');
INSERT INTO `SkillSet_skills` (`SkillSet_id`, `skills`) VALUES ('11203', 'dotNet');
INSERT INTO `Mission` (`id`, `companyName`, `shortName`, `role`, `skillSet_id`) VALUES ('11203', '5a8427b2-847a-4359-9c29-ffc50ab04374', 'a3e43baf-44c9-42f3-9876-185593716030', 'LeadEngineer', '11203');
INSERT INTO `SkillSet` (`id`) VALUES ('11204');
INSERT INTO `SkillSet_skills` (`SkillSet_id`, `skills`) VALUES ('11204', 'Gradle');
INSERT INTO `SkillSet_skills` (`SkillSet_id`, `skills`) VALUES ('11204', 'Ant');
INSERT INTO `SkillSet_skills` (`SkillSet_id`, `skills`) VALUES ('11204', 'Gradle');
INSERT INTO `SkillSet_skills` (`SkillSet_id`, `skills`) VALUES ('11204', 'SQL');
INSERT INTO `Mission` (`id`, `companyName`, `shortName`, `role`, `skillSet_id`) VALUES ('11204', 'a41b04aa-cab4-409c-af3c-7a28799923c4', '3b3a40b4-da1d-43b4-a430-443fbbccd344', 'JuniorSoftwareEngineer', '11204');
INSERT INTO `SkillSet` (`id`) VALUES ('11205');
INSERT INTO `SkillSet_skills` (`SkillSet_id`, `skills`) VALUES ('11205', 'Gradle');
INSERT INTO `SkillSet_skills` (`SkillSet_id`, `skills`) VALUES ('11205', 'SQL');
INSERT INTO `Mission` (`id`, `companyName`, `shortName`, `role`, `skillSet_id`) VALUES ('11205', '077300ac-4a4e-4a99-8594-dbf6cf548156', 'c84c1e9f-9860-43a9-9988-731f2815f823', 'SoftwareEngineer', '11205');
INSERT INTO `SkillSet` (`id`) VALUES ('11206');
INSERT INTO `SkillSet_skills` (`SkillSet_id`, `skills`) VALUES ('11206', 'Gradle');
INSERT INTO `SkillSet_skills` (`SkillSet_id`, `skills`) VALUES ('11206', 'Java');
INSERT INTO `SkillSet_skills` (`SkillSet_id`, `skills`) VALUES ('11206', 'Maven');
INSERT INTO `SkillSet_skills` (`SkillSet_id`, `skills`) VALUES ('11206', 'SQL');
INSERT INTO `Mission` (`id`, `companyName`, `shortName`, `role`, `skillSet_id`) VALUES ('11206', '47e7222f-9c48-4aac-b956-a67daebea9ee', '3408725c-f0cc-40c5-95d2-eef80fd98ff8', 'SeniorSoftwareEngineer', '11206');
INSERT INTO `SkillSet` (`id`) VALUES ('11207');
INSERT INTO `SkillSet_skills` (`SkillSet_id`, `skills`) VALUES ('11207', 'UITesting');
INSERT INTO `SkillSet_skills` (`SkillSet_id`, `skills`) VALUES ('11207', 'Ant');
INSERT INTO `SkillSet_skills` (`SkillSet_id`, `skills`) VALUES ('11207', 'UnitTesting');
INSERT INTO `SkillSet_skills` (`SkillSet_id`, `skills`) VALUES ('11207', 'UnitTesting');
INSERT INTO `SkillSet_skills` (`SkillSet_id`, `skills`) VALUES ('11207', 'Ant');
INSERT INTO `Mission` (`id`, `companyName`, `shortName`, `role`, `skillSet_id`) VALUES ('11207', 'bf43b352-9325-4861-b2be-b70f30c2dffc', 'c440abfe-34b7-4b45-a841-b388e847056e', 'LeadSoftwareArchitect', '11207');
INSERT INTO `SkillSet` (`id`) VALUES ('11208');
INSERT INTO `SkillSet_skills` (`SkillSet_id`, `skills`) VALUES ('11208', 'Ant');
INSERT INTO `SkillSet_skills` (`SkillSet_id`, `skills`) VALUES ('11208', 'Java');
INSERT INTO `Mission` (`id`, `companyName`, `shortName`, `role`, `skillSet_id`) VALUES ('11208', '05640a7b-8a8f-495b-a144-f9f0efa0fa42', 'b5aee5ef-5a33-40cc-9e13-553abdb354f9', 'LeadSoftwareArchitect', '11208');
INSERT INTO `SkillSet` (`id`) VALUES ('11209');
INSERT INTO `SkillSet_skills` (`SkillSet_id`, `skills`) VALUES ('11209', 'dotNet');
INSERT INTO `SkillSet_skills` (`SkillSet_id`, `skills`) VALUES ('11209', 'SQL');
INSERT INTO `SkillSet_skills` (`SkillSet_id`, `skills`) VALUES ('11209', 'Java');
INSERT INTO `SkillSet_skills` (`SkillSet_id`, `skills`) VALUES ('11209', 'SQL');
INSERT INTO `Mission` (`id`, `companyName`, `shortName`, `role`, `skillSet_id`) VALUES ('11209', '00f6bcac-2cb6-4818-90af-26846e884d0f', '2f445c6d-379a-43db-bb01-2f8e4f62015c', 'LeadEngineer', '11209');
INSERT INTO `SkillSet` (`id`) VALUES ('11210');
INSERT INTO `SkillSet_skills` (`SkillSet_id`, `skills`) VALUES ('11210', 'dotNet');
INSERT INTO `SkillSet_skills` (`SkillSet_id`, `skills`) VALUES ('11210', 'Gradle');
INSERT INTO `SkillSet_skills` (`SkillSet_id`, `skills`) VALUES ('11210', 'SQL');
INSERT INTO `SkillSet_skills` (`SkillSet_id`, `skills`) VALUES ('11210', 'Gradle');
INSERT INTO `SkillSet_skills` (`SkillSet_id`, `skills`) VALUES ('11210', 'Maven');
INSERT INTO `Mission` (`id`, `companyName`, `shortName`, `role`, `skillSet_id`) VALUES ('11210', 'e9050c6b-a31e-43af-813d-3afa3e523dc9', '9b98033d-8aa0-4a01-8154-57c81d03d49a', 'SeniorSoftwareEngineer', '11210');
INSERT INTO `SkillSet` (`id`) VALUES ('11211');
INSERT INTO `SkillSet_skills` (`SkillSet_id`, `skills`) VALUES ('11211', 'dotNet');
INSERT INTO `SkillSet_skills` (`SkillSet_id`, `skills`) VALUES ('11211', 'Gradle');
INSERT INTO `SkillSet_skills` (`SkillSet_id`, `skills`) VALUES ('11211', 'Maven');
INSERT INTO `Mission` (`id`, `companyName`, `shortName`, `role`, `skillSet_id`) VALUES ('11211', '93f0bc9a-a0f6-4035-9414-515002fbccf5', '776b65b6-d8de-4f5d-affb-620a37860204', 'SeniorSoftwareEngineer', '11211');
INSERT INTO `SkillSet` (`id`) VALUES ('11212');
INSERT INTO `SkillSet_skills` (`SkillSet_id`, `skills`) VALUES ('11212', 'Maven');
INSERT INTO `SkillSet_skills` (`SkillSet_id`, `skills`) VALUES ('11212', 'Gradle');
INSERT INTO `SkillSet_skills` (`SkillSet_id`, `skills`) VALUES ('11212', 'Java');
INSERT INTO `SkillSet_skills` (`SkillSet_id`, `skills`) VALUES ('11212', 'Ant');
INSERT INTO `SkillSet_skills` (`SkillSet_id`, `skills`) VALUES ('11212', 'Java');
INSERT INTO `Mission` (`id`, `companyName`, `shortName`, `role`, `skillSet_id`) VALUES ('11212', '40cd87e8-8e66-4e53-9f42-4e6abbaf19cf', '97f484ea-34b8-45cf-93f2-6e4626438b4c', 'LeadSoftwareArchitect', '11212');
INSERT INTO `SkillSet` (`id`) VALUES ('11213');
INSERT INTO `SkillSet_skills` (`SkillSet_id`, `skills`) VALUES ('11213', 'Architektur');
INSERT INTO `SkillSet_skills` (`SkillSet_id`, `skills`) VALUES ('11213', 'SQL');
INSERT INTO `Mission` (`id`, `companyName`, `shortName`, `role`, `skillSet_id`) VALUES ('11213', '89a54d1c-22a7-4426-9c4b-e0226d744703', '9d12a93e-79c9-4960-a76a-fdf8aa57ec4a', 'LeadEngineer', '11213');
INSERT INTO `SkillSet` (`id`) VALUES ('11214');
INSERT INTO `SkillSet_skills` (`SkillSet_id`, `skills`) VALUES ('11214', 'Ant');
INSERT INTO `Mission` (`id`, `companyName`, `shortName`, `role`, `skillSet_id`) VALUES ('11214', '1076430c-ccb9-4455-8234-c2d7fb6c7ba0', '4f9a2d96-67f0-4e87-8e15-cdb23945668a', 'SoftwareEngineer', '11214');
INSERT INTO `SkillSet` (`id`) VALUES ('11215');
INSERT INTO `SkillSet_skills` (`SkillSet_id`, `skills`) VALUES ('11215', 'SQL');
INSERT INTO `SkillSet_skills` (`SkillSet_id`, `skills`) VALUES ('11215', 'UnitTesting');
INSERT INTO `SkillSet_skills` (`SkillSet_id`, `skills`) VALUES ('11215', 'Architektur');
INSERT INTO `SkillSet_skills` (`SkillSet_id`, `skills`) VALUES ('11215', 'SQL');
INSERT INTO `Mission` (`id`, `companyName`, `shortName`, `role`, `skillSet_id`) VALUES ('11215', '324a7310-5496-4a6c-8325-dda783ec8880', '80d8897c-59b7-4c31-8681-5f0f4b1f1f36', 'JuniorSoftwareEngineer', '11215');
INSERT INTO `SkillSet` (`id`) VALUES ('11216');
INSERT INTO `SkillSet_skills` (`SkillSet_id`, `skills`) VALUES ('11216', 'UnitTesting');
INSERT INTO `SkillSet_skills` (`SkillSet_id`, `skills`) VALUES ('11216', 'Gradle');
INSERT INTO `Mission` (`id`, `companyName`, `shortName`, `role`, `skillSet_id`) VALUES ('11216', 'b544314e-9399-4911-924a-ad1149bcfdd6', '2aa10e6c-c9fe-4065-b69f-9d9d4c4f2fa6', 'SeniorSoftwareEngineer', '11216');
INSERT INTO `SkillSet` (`id`) VALUES ('11217');
INSERT INTO `SkillSet_skills` (`SkillSet_id`, `skills`) VALUES ('11217', 'Ant');
INSERT INTO `Mission` (`id`, `companyName`, `shortName`, `role`, `skillSet_id`) VALUES ('11217', '5694671b-7a17-44dd-8143-84fee216d654', '120c537c-32fd-4772-bde3-c60e0e46844e', 'SeniorSoftwareEngineer', '11217');
INSERT INTO `SkillSet` (`id`) VALUES ('11218');
INSERT INTO `SkillSet_skills` (`SkillSet_id`, `skills`) VALUES ('11218', 'dotNet');
INSERT INTO `Mission` (`id`, `companyName`, `shortName`, `role`, `skillSet_id`) VALUES ('11218', '083d3e03-3b2b-4bf8-9388-bc000b5a8b9a', '5274bcb2-41d8-4932-975e-4ba2be599b47', 'SoftwareEngineer', '11218');
INSERT INTO `SkillSet` (`id`) VALUES ('11219');
INSERT INTO `SkillSet_skills` (`SkillSet_id`, `skills`) VALUES ('11219', 'dotNet');
INSERT INTO `SkillSet_skills` (`SkillSet_id`, `skills`) VALUES ('11219', 'UnitTesting');
INSERT INTO `SkillSet_skills` (`SkillSet_id`, `skills`) VALUES ('11219', 'SQL');
INSERT INTO `SkillSet_skills` (`SkillSet_id`, `skills`) VALUES ('11219', 'Ant');
INSERT INTO `SkillSet_skills` (`SkillSet_id`, `skills`) VALUES ('11219', 'Java');
INSERT INTO `Mission` (`id`, `companyName`, `shortName`, `role`, `skillSet_id`) VALUES ('11219', '9d3189b9-39da-4432-a39b-fe776bfbde19', 'e77bf8a7-cb3c-4be4-9d09-19cab62b31aa', 'JuniorSoftwareEngineer', '11219');
INSERT INTO `SkillSet` (`id`) VALUES ('11220');
INSERT INTO `SkillSet_skills` (`SkillSet_id`, `skills`) VALUES ('11220', 'Maven');
INSERT INTO `SkillSet_skills` (`SkillSet_id`, `skills`) VALUES ('11220', 'SQL');
INSERT INTO `SkillSet_skills` (`SkillSet_id`, `skills`) VALUES ('11220', 'Java');
INSERT INTO `Mission` (`id`, `companyName`, `shortName`, `role`, `skillSet_id`) VALUES ('11220', '08ebc04f-2f12-4ff6-b7e7-24ac200e70ae', '9c11e981-678d-4a7e-9fc1-aa71ea4f8645', 'JuniorSoftwareEngineer', '11220');
INSERT INTO `SkillSet` (`id`) VALUES ('11221');
INSERT INTO `SkillSet_skills` (`SkillSet_id`, `skills`) VALUES ('11221', 'Architektur');
INSERT INTO `Mission` (`id`, `companyName`, `shortName`, `role`, `skillSet_id`) VALUES ('11221', '335a40df-e617-42c4-9c1f-df2a0db79d41', '07ae7682-4ac2-4f1e-ab36-35578e4f112b', 'JuniorSoftwareEngineer', '11221');
INSERT INTO `SkillSet` (`id`) VALUES ('11222');
INSERT INTO `SkillSet_skills` (`SkillSet_id`, `skills`) VALUES ('11222', 'Architektur');
INSERT INTO `SkillSet_skills` (`SkillSet_id`, `skills`) VALUES ('11222', 'Maven');
INSERT INTO `SkillSet_skills` (`SkillSet_id`, `skills`) VALUES ('11222', 'Gradle');
INSERT INTO `Mission` (`id`, `companyName`, `shortName`, `role`, `skillSet_id`) VALUES ('11222', 'f55f7797-f57e-457e-84ce-8817478a0cc9', '6201c1d2-16e0-4ff7-ab3a-80b9968dc1b0', 'SeniorSoftwareEngineer', '11222');
INSERT INTO `SkillSet` (`id`) VALUES ('11223');
INSERT INTO `SkillSet_skills` (`SkillSet_id`, `skills`) VALUES ('11223', 'Gradle');
INSERT INTO `SkillSet_skills` (`SkillSet_id`, `skills`) VALUES ('11223', 'SQL');
INSERT INTO `Mission` (`id`, `companyName`, `shortName`, `role`, `skillSet_id`) VALUES ('11223', '50ffaff8-046b-4ba9-8c42-98f2b518ee3b', '308cedc2-df48-4cf6-939a-36543e79e406', 'JuniorSoftwareEngineer', '11223');
INSERT INTO `SkillSet` (`id`) VALUES ('11224');
INSERT INTO `SkillSet_skills` (`SkillSet_id`, `skills`) VALUES ('11224', 'Java');
INSERT INTO `Mission` (`id`, `companyName`, `shortName`, `role`, `skillSet_id`) VALUES ('11224', '34373383-4eaf-48ba-b110-abf92f5671c9', '2ca952f8-3d0b-47d9-841f-360d9dd4b819', 'SoftwareEngineer', '11224');
INSERT INTO `SkillSet` (`id`) VALUES ('11225');
INSERT INTO `SkillSet_skills` (`SkillSet_id`, `skills`) VALUES ('11225', 'Ant');
INSERT INTO `SkillSet_skills` (`SkillSet_id`, `skills`) VALUES ('11225', 'UnitTesting');
INSERT INTO `SkillSet_skills` (`SkillSet_id`, `skills`) VALUES ('11225', 'SQL');
INSERT INTO `SkillSet_skills` (`SkillSet_id`, `skills`) VALUES ('11225', 'Maven');
INSERT INTO `Mission` (`id`, `companyName`, `shortName`, `role`, `skillSet_id`) VALUES ('11225', '4c0344c7-3c22-46e5-aba8-1b0597e1254c', 'ff6598e3-2a24-47f7-8d10-b986521232aa', 'SeniorSoftwareEngineer', '11225');
INSERT INTO `SkillSet` (`id`) VALUES ('11226');
INSERT INTO `SkillSet_skills` (`SkillSet_id`, `skills`) VALUES ('11226', 'dotNet');
INSERT INTO `SkillSet_skills` (`SkillSet_id`, `skills`) VALUES ('11226', 'dotNet');
INSERT INTO `SkillSet_skills` (`SkillSet_id`, `skills`) VALUES ('11226', 'dotNet');
INSERT INTO `Mission` (`id`, `companyName`, `shortName`, `role`, `skillSet_id`) VALUES ('11226', '81932089-bae6-49d8-95dd-98c754ec040e', '94f9435c-a4ca-4e18-b876-8aad1cad4b3a', 'LeadSoftwareArchitect', '11226');
INSERT INTO `SkillSet` (`id`) VALUES ('11227');
INSERT INTO `SkillSet_skills` (`SkillSet_id`, `skills`) VALUES ('11227', 'UnitTesting');
INSERT INTO `Mission` (`id`, `companyName`, `shortName`, `role`, `skillSet_id`) VALUES ('11227', '043dd9d4-8950-436d-8ab8-98aab2b1e484', '5d3cb1c9-ac81-4f93-97c1-e003f3c68c5b', 'SoftwareEngineer', '11227');
INSERT INTO `SkillSet` (`id`) VALUES ('11228');
INSERT INTO `SkillSet_skills` (`SkillSet_id`, `skills`) VALUES ('11228', 'Java');
INSERT INTO `SkillSet_skills` (`SkillSet_id`, `skills`) VALUES ('11228', 'Maven');
INSERT INTO `SkillSet_skills` (`SkillSet_id`, `skills`) VALUES ('11228', 'Gradle');
INSERT INTO `SkillSet_skills` (`SkillSet_id`, `skills`) VALUES ('11228', 'UnitTesting');
INSERT INTO `Mission` (`id`, `companyName`, `shortName`, `role`, `skillSet_id`) VALUES ('11228', 'f7d17399-e78f-4fdf-aecc-f72c018665d1', '775ae05b-7e91-4199-83ad-3995bd3ade99', 'SeniorSoftwareEngineer', '11228');
INSERT INTO `SkillSet` (`id`) VALUES ('11229');
INSERT INTO `SkillSet_skills` (`SkillSet_id`, `skills`) VALUES ('11229', 'SQL');
INSERT INTO `Mission` (`id`, `companyName`, `shortName`, `role`, `skillSet_id`) VALUES ('11229', '445ae73a-9336-4be2-8314-9889c9496d97', '583923b8-a9af-4cb8-ac1a-5f70eb211ee1', 'JuniorSoftwareEngineer', '11229');
INSERT INTO `SkillSet` (`id`) VALUES ('11230');
INSERT INTO `SkillSet_skills` (`SkillSet_id`, `skills`) VALUES ('11230', 'Ant');
INSERT INTO `SkillSet_skills` (`SkillSet_id`, `skills`) VALUES ('11230', 'Ant');
INSERT INTO `SkillSet_skills` (`SkillSet_id`, `skills`) VALUES ('11230', 'UITesting');
INSERT INTO `SkillSet_skills` (`SkillSet_id`, `skills`) VALUES ('11230', 'SQL');
INSERT INTO `Mission` (`id`, `companyName`, `shortName`, `role`, `skillSet_id`) VALUES ('11230', '45773b0d-06f6-4a9a-888f-63ca59f843a5', 'a2bd1030-904f-4cc9-b0e6-456f6a37b401', 'SeniorSoftwareEngineer', '11230');
INSERT INTO `SkillSet` (`id`) VALUES ('11231');
INSERT INTO `SkillSet_skills` (`SkillSet_id`, `skills`) VALUES ('11231', 'Ant');
INSERT INTO `SkillSet_skills` (`SkillSet_id`, `skills`) VALUES ('11231', 'Java');
INSERT INTO `SkillSet_skills` (`SkillSet_id`, `skills`) VALUES ('11231', 'Maven');
INSERT INTO `Mission` (`id`, `companyName`, `shortName`, `role`, `skillSet_id`) VALUES ('11231', '39ab19d4-e24c-4316-95a6-d64a594de626', '15da42b9-ebf8-4d07-999c-3275816d5993', 'LeadSoftwareArchitect', '11231');
INSERT INTO `SkillSet` (`id`) VALUES ('11232');
INSERT INTO `SkillSet_skills` (`SkillSet_id`, `skills`) VALUES ('11232', 'Ant');
INSERT INTO `SkillSet_skills` (`SkillSet_id`, `skills`) VALUES ('11232', 'Architektur');
INSERT INTO `SkillSet_skills` (`SkillSet_id`, `skills`) VALUES ('11232', 'Gradle');
INSERT INTO `Mission` (`id`, `companyName`, `shortName`, `role`, `skillSet_id`) VALUES ('11232', '464c5604-abf0-4b21-b206-d22f7b46834d', '71d50ed7-caa3-4390-93a5-0aafd9e3afbf', 'JuniorSoftwareEngineer', '11232');
INSERT INTO `SkillSet` (`id`) VALUES ('11233');
INSERT INTO `SkillSet_skills` (`SkillSet_id`, `skills`) VALUES ('11233', 'SQL');
INSERT INTO `Mission` (`id`, `companyName`, `shortName`, `role`, `skillSet_id`) VALUES ('11233', 'dd940127-ed54-4b7f-a09d-696b51d1ddd6', '3a8b46ef-ad97-45f9-8f8a-c6114b5f0068', 'LeadEngineer', '11233');
INSERT INTO `SkillSet` (`id`) VALUES ('11234');
INSERT INTO `SkillSet_skills` (`SkillSet_id`, `skills`) VALUES ('11234', 'UnitTesting');
INSERT INTO `SkillSet_skills` (`SkillSet_id`, `skills`) VALUES ('11234', 'Ant');
INSERT INTO `Mission` (`id`, `companyName`, `shortName`, `role`, `skillSet_id`) VALUES ('11234', '33189363-e58c-477c-bec7-b45e349e76be', 'd287bce5-bfdc-43f5-8d40-df4d8847a1ad', 'JuniorSoftwareEngineer', '11234');
INSERT INTO `SkillSet` (`id`) VALUES ('11235');
INSERT INTO `SkillSet_skills` (`SkillSet_id`, `skills`) VALUES ('11235', 'Maven');
INSERT INTO `SkillSet_skills` (`SkillSet_id`, `skills`) VALUES ('11235', 'Gradle');
INSERT INTO `SkillSet_skills` (`SkillSet_id`, `skills`) VALUES ('11235', 'Maven');
INSERT INTO `SkillSet_skills` (`SkillSet_id`, `skills`) VALUES ('11235', 'Architektur');
INSERT INTO `SkillSet_skills` (`SkillSet_id`, `skills`) VALUES ('11235', 'dotNet');
INSERT INTO `Mission` (`id`, `companyName`, `shortName`, `role`, `skillSet_id`) VALUES ('11235', '86b7ae7d-4437-4024-9294-33ced986914f', '02e77f74-3bb3-4cdf-991d-e7c74be2a603', 'SeniorSoftwareEngineer', '11235');
INSERT INTO `SkillSet` (`id`) VALUES ('11236');
INSERT INTO `SkillSet_skills` (`SkillSet_id`, `skills`) VALUES ('11236', 'UnitTesting');
INSERT INTO `SkillSet_skills` (`SkillSet_id`, `skills`) VALUES ('11236', 'UnitTesting');
INSERT INTO `Mission` (`id`, `companyName`, `shortName`, `role`, `skillSet_id`) VALUES ('11236', '0a5c7a47-e567-48b6-9aa0-d68f7b2092ae', '161a204f-4d6a-4e7f-8ba6-f958acd6c438', 'PrincipalConsultant', '11236');
INSERT INTO `SkillSet` (`id`) VALUES ('11237');
INSERT INTO `SkillSet_skills` (`SkillSet_id`, `skills`) VALUES ('11237', 'UITesting');
INSERT INTO `Mission` (`id`, `companyName`, `shortName`, `role`, `skillSet_id`) VALUES ('11237', '3c126b81-388f-422f-8e95-dff66a5a7680', 'cd859d31-bfeb-4754-886a-364d08a6fc48', 'JuniorSoftwareEngineer', '11237');
INSERT INTO `SkillSet` (`id`) VALUES ('11238');
INSERT INTO `SkillSet_skills` (`SkillSet_id`, `skills`) VALUES ('11238', 'dotNet');
INSERT INTO `SkillSet_skills` (`SkillSet_id`, `skills`) VALUES ('11238', 'SQL');
INSERT INTO `SkillSet_skills` (`SkillSet_id`, `skills`) VALUES ('11238', 'Java');
INSERT INTO `SkillSet_skills` (`SkillSet_id`, `skills`) VALUES ('11238', 'Java');
INSERT INTO `Mission` (`id`, `companyName`, `shortName`, `role`, `skillSet_id`) VALUES ('11238', '2d3419f2-5bc0-4e67-9c9b-6159d1a565e6', '1e9612d4-6915-40e6-8f44-ea86c376f49f', 'LeadEngineer', '11238');
INSERT INTO `SkillSet` (`id`) VALUES ('11239');
INSERT INTO `SkillSet_skills` (`SkillSet_id`, `skills`) VALUES ('11239', 'Java');
INSERT INTO `Mission` (`id`, `companyName`, `shortName`, `role`, `skillSet_id`) VALUES ('11239', 'f2afea2d-c6a9-4040-944f-20317da7ef62', '775338d6-3ee8-4910-94a8-b7ee8202de24', 'SeniorSoftwareEngineer', '11239');
INSERT INTO `SkillSet` (`id`) VALUES ('11240');
INSERT INTO `SkillSet_skills` (`SkillSet_id`, `skills`) VALUES ('11240', 'SQL');
INSERT INTO `Mission` (`id`, `companyName`, `shortName`, `role`, `skillSet_id`) VALUES ('11240', '8002521f-dde7-4b3b-b0d8-ad794d90c7ef', '01ba3fd5-781b-4682-9708-a8a51ea74f36', 'LeadSoftwareArchitect', '11240');
INSERT INTO `SkillSet` (`id`) VALUES ('11241');
INSERT INTO `SkillSet_skills` (`SkillSet_id`, `skills`) VALUES ('11241', 'Maven');
INSERT INTO `SkillSet_skills` (`SkillSet_id`, `skills`) VALUES ('11241', 'UITesting');
INSERT INTO `Mission` (`id`, `companyName`, `shortName`, `role`, `skillSet_id`) VALUES ('11241', '6ed08c47-f7aa-4fb4-b953-c0ed107bc19e', '54e45bcc-bb59-427f-9bcb-d7064dffb571', 'JuniorSoftwareEngineer', '11241');
INSERT INTO `SkillSet` (`id`) VALUES ('11242');
INSERT INTO `SkillSet_skills` (`SkillSet_id`, `skills`) VALUES ('11242', 'UITesting');
INSERT INTO `SkillSet_skills` (`SkillSet_id`, `skills`) VALUES ('11242', 'Maven');
INSERT INTO `SkillSet_skills` (`SkillSet_id`, `skills`) VALUES ('11242', 'SQL');
INSERT INTO `SkillSet_skills` (`SkillSet_id`, `skills`) VALUES ('11242', 'dotNet');
INSERT INTO `Mission` (`id`, `companyName`, `shortName`, `role`, `skillSet_id`) VALUES ('11242', 'e7a6f5ba-ee70-4021-99d8-02af69279664', '4ac9a83a-4c70-47de-9aaa-64f9a7266239', 'JuniorSoftwareEngineer', '11242');
INSERT INTO `SkillSet` (`id`) VALUES ('11243');
INSERT INTO `SkillSet_skills` (`SkillSet_id`, `skills`) VALUES ('11243', 'dotNet');
INSERT INTO `SkillSet_skills` (`SkillSet_id`, `skills`) VALUES ('11243', 'Ant');
INSERT INTO `SkillSet_skills` (`SkillSet_id`, `skills`) VALUES ('11243', 'UnitTesting');
INSERT INTO `SkillSet_skills` (`SkillSet_id`, `skills`) VALUES ('11243', 'Gradle');
INSERT INTO `SkillSet_skills` (`SkillSet_id`, `skills`) VALUES ('11243', 'Architektur');
INSERT INTO `Mission` (`id`, `companyName`, `shortName`, `role`, `skillSet_id`) VALUES ('11243', '22456e66-5630-463a-97bb-9b138dc5868d', 'a8f59e81-46de-4295-8625-2e6ba290df38', 'LeadEngineer', '11243');
INSERT INTO `SkillSet` (`id`) VALUES ('11244');
INSERT INTO `SkillSet_skills` (`SkillSet_id`, `skills`) VALUES ('11244', 'Maven');
INSERT INTO `SkillSet_skills` (`SkillSet_id`, `skills`) VALUES ('11244', 'Architektur');
INSERT INTO `SkillSet_skills` (`SkillSet_id`, `skills`) VALUES ('11244', 'Java');
INSERT INTO `Mission` (`id`, `companyName`, `shortName`, `role`, `skillSet_id`) VALUES ('11244', '1f258258-dc7c-4ec4-86c7-4182fcbdaefd', 'd6e90a2c-1b5e-49dd-9c6d-35b3ad73bb22', 'JuniorSoftwareEngineer', '11244');
INSERT INTO `SkillSet` (`id`) VALUES ('11245');
INSERT INTO `SkillSet_skills` (`SkillSet_id`, `skills`) VALUES ('11245', 'Maven');
INSERT INTO `SkillSet_skills` (`SkillSet_id`, `skills`) VALUES ('11245', 'Architektur');
INSERT INTO `SkillSet_skills` (`SkillSet_id`, `skills`) VALUES ('11245', 'UITesting');
INSERT INTO `SkillSet_skills` (`SkillSet_id`, `skills`) VALUES ('11245', 'UnitTesting');
INSERT INTO `Mission` (`id`, `companyName`, `shortName`, `role`, `skillSet_id`) VALUES ('11245', 'bfa1d8a5-4a83-47af-97a3-fc9dd9bbe77e', 'c1306597-98e9-4abf-a7ec-fe922e7d758e', 'LeadEngineer', '11245');
INSERT INTO `SkillSet` (`id`) VALUES ('11246');
INSERT INTO `SkillSet_skills` (`SkillSet_id`, `skills`) VALUES ('11246', 'Architektur');
INSERT INTO `SkillSet_skills` (`SkillSet_id`, `skills`) VALUES ('11246', 'UnitTesting');
INSERT INTO `SkillSet_skills` (`SkillSet_id`, `skills`) VALUES ('11246', 'Gradle');
INSERT INTO `Mission` (`id`, `companyName`, `shortName`, `role`, `skillSet_id`) VALUES ('11246', 'f8002194-e6a3-4e5a-a924-14f484d6d31a', 'bf7d439b-8ff6-4fd2-9dfc-276be17104d4', 'LeadSoftwareArchitect', '11246');
INSERT INTO `SkillSet` (`id`) VALUES ('11247');
INSERT INTO `SkillSet_skills` (`SkillSet_id`, `skills`) VALUES ('11247', 'Java');
INSERT INTO `Mission` (`id`, `companyName`, `shortName`, `role`, `skillSet_id`) VALUES ('11247', '8f7d9137-07a3-42a9-b72c-e593659e30bb', 'bcf8f6f5-170e-459b-8fa3-e9123bea2ffa', 'LeadSoftwareArchitect', '11247');
INSERT INTO `SkillSet` (`id`) VALUES ('11248');
INSERT INTO `SkillSet_skills` (`SkillSet_id`, `skills`) VALUES ('11248', 'dotNet');
INSERT INTO `SkillSet_skills` (`SkillSet_id`, `skills`) VALUES ('11248', 'Java');
INSERT INTO `SkillSet_skills` (`SkillSet_id`, `skills`) VALUES ('11248', 'Gradle');
INSERT INTO `Mission` (`id`, `companyName`, `shortName`, `role`, `skillSet_id`) VALUES ('11248', 'f4761682-87eb-4049-b903-b4e2890c4a3d', '4b028e99-19e5-4844-9c75-75ef69cf516f', 'SoftwareEngineer', '11248');
INSERT INTO `SkillSet` (`id`) VALUES ('11249');
INSERT INTO `SkillSet_skills` (`SkillSet_id`, `skills`) VALUES ('11249', 'Gradle');
INSERT INTO `SkillSet_skills` (`SkillSet_id`, `skills`) VALUES ('11249', 'SQL');
INSERT INTO `SkillSet_skills` (`SkillSet_id`, `skills`) VALUES ('11249', 'Ant');
INSERT INTO `SkillSet_skills` (`SkillSet_id`, `skills`) VALUES ('11249', 'dotNet');
INSERT INTO `Mission` (`id`, `companyName`, `shortName`, `role`, `skillSet_id`) VALUES ('11249', '5ec8ec07-d464-43f6-81ac-10fefc5c65bc', '91bc19c7-acfd-4a3e-a948-70e4f52e2e99', 'LeadEngineer', '11249');
INSERT INTO `SkillSet` (`id`) VALUES ('11250');
INSERT INTO `SkillSet_skills` (`SkillSet_id`, `skills`) VALUES ('11250', 'Java');
INSERT INTO `SkillSet_skills` (`SkillSet_id`, `skills`) VALUES ('11250', 'Maven');
INSERT INTO `SkillSet_skills` (`SkillSet_id`, `skills`) VALUES ('11250', 'Architektur');
INSERT INTO `Mission` (`id`, `companyName`, `shortName`, `role`, `skillSet_id`) VALUES ('11250', 'a16c0125-568b-46a8-9dc5-2dbf641d8108', 'c4a90d1c-49b4-4e9a-bba7-1a545d5e9426', 'SeniorSoftwareEngineer', '11250');
INSERT INTO `SkillSet` (`id`) VALUES ('11251');
INSERT INTO `SkillSet_skills` (`SkillSet_id`, `skills`) VALUES ('11251', 'Architektur');
INSERT INTO `SkillSet_skills` (`SkillSet_id`, `skills`) VALUES ('11251', 'SQL');
INSERT INTO `SkillSet_skills` (`SkillSet_id`, `skills`) VALUES ('11251', 'SQL');
INSERT INTO `SkillSet_skills` (`SkillSet_id`, `skills`) VALUES ('11251', 'Java');
INSERT INTO `SkillSet_skills` (`SkillSet_id`, `skills`) VALUES ('11251', 'Maven');
INSERT INTO `Mission` (`id`, `companyName`, `shortName`, `role`, `skillSet_id`) VALUES ('11251', '9cc5ad49-8678-4d01-a0e0-845d9999f206', 'cd793022-c32d-45cc-a73a-3f8f962dac11', 'PrincipalConsultant', '11251');
INSERT INTO `SkillSet` (`id`) VALUES ('11252');
INSERT INTO `SkillSet_skills` (`SkillSet_id`, `skills`) VALUES ('11252', 'Java');
INSERT INTO `Mission` (`id`, `companyName`, `shortName`, `role`, `skillSet_id`) VALUES ('11252', '03f1034a-ace0-43b0-ae58-bebdd190d783', '67534a31-2f80-4e2d-aefb-e88812a19427', 'JuniorSoftwareEngineer', '11252');
INSERT INTO `SkillSet` (`id`) VALUES ('11253');
INSERT INTO `SkillSet_skills` (`SkillSet_id`, `skills`) VALUES ('11253', 'Gradle');
INSERT INTO `SkillSet_skills` (`SkillSet_id`, `skills`) VALUES ('11253', 'UnitTesting');
INSERT INTO `SkillSet_skills` (`SkillSet_id`, `skills`) VALUES ('11253', 'Gradle');
INSERT INTO `SkillSet_skills` (`SkillSet_id`, `skills`) VALUES ('11253', 'Gradle');
INSERT INTO `SkillSet_skills` (`SkillSet_id`, `skills`) VALUES ('11253', 'Gradle');
INSERT INTO `Mission` (`id`, `companyName`, `shortName`, `role`, `skillSet_id`) VALUES ('11253', '73173041-99cb-4f3e-9087-3fb275e63a68', 'b22d10f2-ea62-442a-8d46-62ee2d557d3d', 'SeniorSoftwareEngineer', '11253');
INSERT INTO `SkillSet` (`id`) VALUES ('11254');
INSERT INTO `SkillSet_skills` (`SkillSet_id`, `skills`) VALUES ('11254', 'dotNet');
INSERT INTO `Mission` (`id`, `companyName`, `shortName`, `role`, `skillSet_id`) VALUES ('11254', '2425d7b4-657d-4bdb-b240-f17175ebc164', 'd3be220d-4943-4464-81c6-0247cdd4f45a', 'JuniorSoftwareEngineer', '11254');
INSERT INTO `SkillSet` (`id`) VALUES ('11255');
INSERT INTO `SkillSet_skills` (`SkillSet_id`, `skills`) VALUES ('11255', 'Architektur');
INSERT INTO `SkillSet_skills` (`SkillSet_id`, `skills`) VALUES ('11255', 'Gradle');
INSERT INTO `Mission` (`id`, `companyName`, `shortName`, `role`, `skillSet_id`) VALUES ('11255', 'aec147f2-f0c6-428e-8c70-ea9d3b239950', 'ae1ebc9b-3a6f-45e0-8af5-e341b67d6db5', 'LeadEngineer', '11255');
INSERT INTO `SkillSet` (`id`) VALUES ('11256');
INSERT INTO `SkillSet_skills` (`SkillSet_id`, `skills`) VALUES ('11256', 'Java');
INSERT INTO `SkillSet_skills` (`SkillSet_id`, `skills`) VALUES ('11256', 'UITesting');
INSERT INTO `SkillSet_skills` (`SkillSet_id`, `skills`) VALUES ('11256', 'Gradle');
INSERT INTO `Mission` (`id`, `companyName`, `shortName`, `role`, `skillSet_id`) VALUES ('11256', '440ef946-a818-4610-9762-382d6b97295c', '1e51f901-d7cb-493e-93f1-e25628a30915', 'LeadSoftwareArchitect', '11256');
INSERT INTO `SkillSet` (`id`) VALUES ('11257');
INSERT INTO `SkillSet_skills` (`SkillSet_id`, `skills`) VALUES ('11257', 'dotNet');
INSERT INTO `SkillSet_skills` (`SkillSet_id`, `skills`) VALUES ('11257', 'Maven');
INSERT INTO `Mission` (`id`, `companyName`, `shortName`, `role`, `skillSet_id`) VALUES ('11257', '961cb60d-5200-44f2-8cc4-60bf589a580d', 'fe8b63c5-ad4e-4b04-990e-cdb745fa7089', 'LeadEngineer', '11257');
INSERT INTO `SkillSet` (`id`) VALUES ('11258');
INSERT INTO `SkillSet_skills` (`SkillSet_id`, `skills`) VALUES ('11258', 'SQL');
INSERT INTO `SkillSet_skills` (`SkillSet_id`, `skills`) VALUES ('11258', 'SQL');
INSERT INTO `SkillSet_skills` (`SkillSet_id`, `skills`) VALUES ('11258', 'Ant');
INSERT INTO `Mission` (`id`, `companyName`, `shortName`, `role`, `skillSet_id`) VALUES ('11258', '3adec5ab-c3e2-43cf-9bb5-7f9a0fd29f3f', 'ca39d698-ca8a-418d-b0b9-d283d87d3917', 'LeadEngineer', '11258');
INSERT INTO `SkillSet` (`id`) VALUES ('11259');
INSERT INTO `SkillSet_skills` (`SkillSet_id`, `skills`) VALUES ('11259', 'SQL');
INSERT INTO `SkillSet_skills` (`SkillSet_id`, `skills`) VALUES ('11259', 'Gradle');
INSERT INTO `Mission` (`id`, `companyName`, `shortName`, `role`, `skillSet_id`) VALUES ('11259', '99d8ca28-8632-4d81-994c-e3f08736b3d8', 'f9cc6e47-a101-4b88-9118-26e73a30792a', 'JuniorSoftwareEngineer', '11259');
INSERT INTO `SkillSet` (`id`) VALUES ('11260');
INSERT INTO `SkillSet_skills` (`SkillSet_id`, `skills`) VALUES ('11260', 'dotNet');
INSERT INTO `SkillSet_skills` (`SkillSet_id`, `skills`) VALUES ('11260', 'Ant');
INSERT INTO `SkillSet_skills` (`SkillSet_id`, `skills`) VALUES ('11260', 'Ant');
INSERT INTO `SkillSet_skills` (`SkillSet_id`, `skills`) VALUES ('11260', 'Ant');
INSERT INTO `Mission` (`id`, `companyName`, `shortName`, `role`, `skillSet_id`) VALUES ('11260', 'a3bd62b7-9408-486e-88ff-a3c36230435e', '47de43df-9efa-4357-ad3a-388d0a132c14', 'SeniorSoftwareEngineer', '11260');
INSERT INTO `SkillSet` (`id`) VALUES ('11261');
INSERT INTO `SkillSet_skills` (`SkillSet_id`, `skills`) VALUES ('11261', 'UnitTesting');
INSERT INTO `SkillSet_skills` (`SkillSet_id`, `skills`) VALUES ('11261', 'dotNet');
INSERT INTO `SkillSet_skills` (`SkillSet_id`, `skills`) VALUES ('11261', 'UITesting');
INSERT INTO `Mission` (`id`, `companyName`, `shortName`, `role`, `skillSet_id`) VALUES ('11261', '443f5aa2-3755-4005-8e6b-eef6860dab57', 'ceb51f73-c9d1-4663-ace6-57cf6777feeb', 'LeadEngineer', '11261');
INSERT INTO `SkillSet` (`id`) VALUES ('11262');
INSERT INTO `SkillSet_skills` (`SkillSet_id`, `skills`) VALUES ('11262', 'UnitTesting');
INSERT INTO `Mission` (`id`, `companyName`, `shortName`, `role`, `skillSet_id`) VALUES ('11262', '3af41f2c-26ca-4cd7-a90c-13ef19f7998c', 'aec3d015-df3b-4b7a-ad76-e113e5072b45', 'SeniorSoftwareEngineer', '11262');
INSERT INTO `SkillSet` (`id`) VALUES ('11263');
INSERT INTO `SkillSet_skills` (`SkillSet_id`, `skills`) VALUES ('11263', 'UnitTesting');
INSERT INTO `SkillSet_skills` (`SkillSet_id`, `skills`) VALUES ('11263', 'Ant');
INSERT INTO `SkillSet_skills` (`SkillSet_id`, `skills`) VALUES ('11263', 'Maven');
INSERT INTO `SkillSet_skills` (`SkillSet_id`, `skills`) VALUES ('11263', 'UnitTesting');
INSERT INTO `Mission` (`id`, `companyName`, `shortName`, `role`, `skillSet_id`) VALUES ('11263', 'b3a3e41a-276a-4ea8-82a0-3397c7bd141e', '17fb940a-b7d9-4f02-9715-8746e269e144', 'LeadEngineer', '11263');
INSERT INTO `SkillSet` (`id`) VALUES ('11264');
INSERT INTO `SkillSet_skills` (`SkillSet_id`, `skills`) VALUES ('11264', 'Java');
INSERT INTO `SkillSet_skills` (`SkillSet_id`, `skills`) VALUES ('11264', 'Ant');
INSERT INTO `Mission` (`id`, `companyName`, `shortName`, `role`, `skillSet_id`) VALUES ('11264', '6f154920-bdf9-495d-bf57-4e51231645f5', 'fc834f05-7254-436b-9cdd-0180e7cd2ae1', 'LeadEngineer', '11264');
INSERT INTO `SkillSet` (`id`) VALUES ('11265');
INSERT INTO `SkillSet_skills` (`SkillSet_id`, `skills`) VALUES ('11265', 'Java');
INSERT INTO `Mission` (`id`, `companyName`, `shortName`, `role`, `skillSet_id`) VALUES ('11265', '5862803f-8778-42fe-ab0c-135285601943', 'cb196710-2239-4629-819c-72213edcd0c3', 'SoftwareEngineer', '11265');
INSERT INTO `SkillSet` (`id`) VALUES ('11266');
INSERT INTO `SkillSet_skills` (`SkillSet_id`, `skills`) VALUES ('11266', 'UITesting');
INSERT INTO `Mission` (`id`, `companyName`, `shortName`, `role`, `skillSet_id`) VALUES ('11266', 'b639a044-ea56-4389-8b64-a7442babc069', '325ad4fe-ab53-4858-9090-b7dfa37d130d', 'LeadSoftwareArchitect', '11266');
INSERT INTO `SkillSet` (`id`) VALUES ('11267');
INSERT INTO `SkillSet_skills` (`SkillSet_id`, `skills`) VALUES ('11267', 'Architektur');
INSERT INTO `SkillSet_skills` (`SkillSet_id`, `skills`) VALUES ('11267', 'Gradle');
INSERT INTO `SkillSet_skills` (`SkillSet_id`, `skills`) VALUES ('11267', 'Gradle');
INSERT INTO `Mission` (`id`, `companyName`, `shortName`, `role`, `skillSet_id`) VALUES ('11267', 'f7caad57-9507-4368-a8c0-526d50be917b', '847d87d1-2977-474f-9d28-4d015b0ead16', 'SoftwareEngineer', '11267');
INSERT INTO `SkillSet` (`id`) VALUES ('11268');
INSERT INTO `SkillSet_skills` (`SkillSet_id`, `skills`) VALUES ('11268', 'UnitTesting');
INSERT INTO `Mission` (`id`, `companyName`, `shortName`, `role`, `skillSet_id`) VALUES ('11268', '115fd712-fff6-429c-902a-644bbe2c79f4', '588369d3-c018-4c24-96bc-6a6bc64a69ad', 'LeadSoftwareArchitect', '11268');
INSERT INTO `SkillSet` (`id`) VALUES ('11269');
INSERT INTO `SkillSet_skills` (`SkillSet_id`, `skills`) VALUES ('11269', 'Maven');
INSERT INTO `SkillSet_skills` (`SkillSet_id`, `skills`) VALUES ('11269', 'UITesting');
INSERT INTO `SkillSet_skills` (`SkillSet_id`, `skills`) VALUES ('11269', 'UITesting');
INSERT INTO `SkillSet_skills` (`SkillSet_id`, `skills`) VALUES ('11269', 'Gradle');
INSERT INTO `SkillSet_skills` (`SkillSet_id`, `skills`) VALUES ('11269', 'UITesting');
INSERT INTO `Mission` (`id`, `companyName`, `shortName`, `role`, `skillSet_id`) VALUES ('11269', '7c69189b-fe58-4dc3-9ab0-0a736738021e', '60950404-c554-44a6-ae33-a11dfd41ed3e', 'PrincipalConsultant', '11269');
INSERT INTO `SkillSet` (`id`) VALUES ('11270');
INSERT INTO `SkillSet_skills` (`SkillSet_id`, `skills`) VALUES ('11270', 'Maven');
INSERT INTO `SkillSet_skills` (`SkillSet_id`, `skills`) VALUES ('11270', 'Gradle');
INSERT INTO `SkillSet_skills` (`SkillSet_id`, `skills`) VALUES ('11270', 'Architektur');
INSERT INTO `SkillSet_skills` (`SkillSet_id`, `skills`) VALUES ('11270', 'Gradle');
INSERT INTO `SkillSet_skills` (`SkillSet_id`, `skills`) VALUES ('11270', 'UITesting');
INSERT INTO `Mission` (`id`, `companyName`, `shortName`, `role`, `skillSet_id`) VALUES ('11270', 'e38c4d04-711a-4928-9147-e9fc2fd758c7', '5c3c3d1e-8b01-48ee-94d1-0a79169741c9', 'SeniorSoftwareEngineer', '11270');
INSERT INTO `SkillSet` (`id`) VALUES ('11271');
INSERT INTO `SkillSet_skills` (`SkillSet_id`, `skills`) VALUES ('11271', 'UITesting');
INSERT INTO `Mission` (`id`, `companyName`, `shortName`, `role`, `skillSet_id`) VALUES ('11271', 'c699e943-2b2b-4ee0-8570-247e6b9b2bfb', '253d004a-1254-403c-af5d-9126a5de1080', 'SeniorSoftwareEngineer', '11271');
INSERT INTO `SkillSet` (`id`) VALUES ('11272');
INSERT INTO `SkillSet_skills` (`SkillSet_id`, `skills`) VALUES ('11272', 'UITesting');
INSERT INTO `SkillSet_skills` (`SkillSet_id`, `skills`) VALUES ('11272', 'UITesting');
INSERT INTO `Mission` (`id`, `companyName`, `shortName`, `role`, `skillSet_id`) VALUES ('11272', '135df78b-e8bf-4135-94f5-151dfeda757b', '90443ce2-7f9b-4773-9713-ed949b20563b', 'PrincipalConsultant', '11272');
INSERT INTO `SkillSet` (`id`) VALUES ('11273');
INSERT INTO `SkillSet_skills` (`SkillSet_id`, `skills`) VALUES ('11273', 'Java');
INSERT INTO `SkillSet_skills` (`SkillSet_id`, `skills`) VALUES ('11273', 'UITesting');
INSERT INTO `Mission` (`id`, `companyName`, `shortName`, `role`, `skillSet_id`) VALUES ('11273', '5d217cb3-610a-483a-b6fb-8d85ff80d609', '7f8c4489-57b8-45fc-9c63-37075e070534', 'LeadSoftwareArchitect', '11273');
INSERT INTO `SkillSet` (`id`) VALUES ('11274');
INSERT INTO `SkillSet_skills` (`SkillSet_id`, `skills`) VALUES ('11274', 'UITesting');
INSERT INTO `Mission` (`id`, `companyName`, `shortName`, `role`, `skillSet_id`) VALUES ('11274', 'ebb2e33f-48c5-414c-a49b-f0702e7926e5', '2c164fee-831f-4d74-b01c-addb7ada34d7', 'SoftwareEngineer', '11274');
INSERT INTO `SkillSet` (`id`) VALUES ('11275');
INSERT INTO `SkillSet_skills` (`SkillSet_id`, `skills`) VALUES ('11275', 'Ant');
INSERT INTO `SkillSet_skills` (`SkillSet_id`, `skills`) VALUES ('11275', 'UnitTesting');
INSERT INTO `SkillSet_skills` (`SkillSet_id`, `skills`) VALUES ('11275', 'UITesting');
INSERT INTO `SkillSet_skills` (`SkillSet_id`, `skills`) VALUES ('11275', 'Architektur');
INSERT INTO `SkillSet_skills` (`SkillSet_id`, `skills`) VALUES ('11275', 'dotNet');
INSERT INTO `Mission` (`id`, `companyName`, `shortName`, `role`, `skillSet_id`) VALUES ('11275', 'b24cb97b-a128-4900-b9e1-8a0a05a66ecc', '36e4d500-1c58-4a22-9cbe-a28251de8de7', 'JuniorSoftwareEngineer', '11275');
INSERT INTO `SkillSet` (`id`) VALUES ('11276');
INSERT INTO `SkillSet_skills` (`SkillSet_id`, `skills`) VALUES ('11276', 'Ant');
INSERT INTO `SkillSet_skills` (`SkillSet_id`, `skills`) VALUES ('11276', 'Architektur');
INSERT INTO `SkillSet_skills` (`SkillSet_id`, `skills`) VALUES ('11276', 'Ant');
INSERT INTO `SkillSet_skills` (`SkillSet_id`, `skills`) VALUES ('11276', 'Architektur');
INSERT INTO `SkillSet_skills` (`SkillSet_id`, `skills`) VALUES ('11276', 'UnitTesting');
INSERT INTO `Mission` (`id`, `companyName`, `shortName`, `role`, `skillSet_id`) VALUES ('11276', '017d18ce-db9e-4abe-a31d-27714877ce6f', 'c77dfba8-190f-479a-a192-c088ba5b679c', 'PrincipalConsultant', '11276');
INSERT INTO `SkillSet` (`id`) VALUES ('11277');
INSERT INTO `SkillSet_skills` (`SkillSet_id`, `skills`) VALUES ('11277', 'Gradle');
INSERT INTO `SkillSet_skills` (`SkillSet_id`, `skills`) VALUES ('11277', 'SQL');
INSERT INTO `SkillSet_skills` (`SkillSet_id`, `skills`) VALUES ('11277', 'UITesting');
INSERT INTO `SkillSet_skills` (`SkillSet_id`, `skills`) VALUES ('11277', 'dotNet');
INSERT INTO `Mission` (`id`, `companyName`, `shortName`, `role`, `skillSet_id`) VALUES ('11277', '09e98cf5-cabd-464e-a2aa-de8a642a0e05', 'f34799a1-d5ca-42eb-83cf-f4687a753063', 'JuniorSoftwareEngineer', '11277');
INSERT INTO `SkillSet` (`id`) VALUES ('11278');
INSERT INTO `SkillSet_skills` (`SkillSet_id`, `skills`) VALUES ('11278', 'Java');
INSERT INTO `SkillSet_skills` (`SkillSet_id`, `skills`) VALUES ('11278', 'SQL');
INSERT INTO `SkillSet_skills` (`SkillSet_id`, `skills`) VALUES ('11278', 'UnitTesting');
INSERT INTO `SkillSet_skills` (`SkillSet_id`, `skills`) VALUES ('11278', 'Gradle');
INSERT INTO `SkillSet_skills` (`SkillSet_id`, `skills`) VALUES ('11278', 'Ant');
INSERT INTO `Mission` (`id`, `companyName`, `shortName`, `role`, `skillSet_id`) VALUES ('11278', '3418d2b0-11ae-4b0b-8e17-66123fd7681e', '538f15c8-890c-4a7f-9f0f-f0859c5d63ed', 'LeadSoftwareArchitect', '11278');
INSERT INTO `SkillSet` (`id`) VALUES ('11279');
INSERT INTO `SkillSet_skills` (`SkillSet_id`, `skills`) VALUES ('11279', 'UITesting');
INSERT INTO `Mission` (`id`, `companyName`, `shortName`, `role`, `skillSet_id`) VALUES ('11279', '6c2c22c9-37a4-4f2e-82c5-cb24abb57d2e', '1aff2aea-a6f7-43d6-807e-6fec9e9f0c72', 'JuniorSoftwareEngineer', '11279');
INSERT INTO `SkillSet` (`id`) VALUES ('11280');
INSERT INTO `SkillSet_skills` (`SkillSet_id`, `skills`) VALUES ('11280', 'Gradle');
INSERT INTO `SkillSet_skills` (`SkillSet_id`, `skills`) VALUES ('11280', 'UITesting');
INSERT INTO `SkillSet_skills` (`SkillSet_id`, `skills`) VALUES ('11280', 'Maven');
INSERT INTO `SkillSet_skills` (`SkillSet_id`, `skills`) VALUES ('11280', 'Maven');
INSERT INTO `SkillSet_skills` (`SkillSet_id`, `skills`) VALUES ('11280', 'UnitTesting');
INSERT INTO `Mission` (`id`, `companyName`, `shortName`, `role`, `skillSet_id`) VALUES ('11280', 'b56c1564-a468-49d0-9f1f-5ec0e3a95d61', '8d15b8c2-1657-4488-b03b-bfed03bcb76e', 'SoftwareEngineer', '11280');
INSERT INTO `SkillSet` (`id`) VALUES ('11281');
INSERT INTO `SkillSet_skills` (`SkillSet_id`, `skills`) VALUES ('11281', 'UnitTesting');
INSERT INTO `SkillSet_skills` (`SkillSet_id`, `skills`) VALUES ('11281', 'Ant');
INSERT INTO `SkillSet_skills` (`SkillSet_id`, `skills`) VALUES ('11281', 'dotNet');
INSERT INTO `SkillSet_skills` (`SkillSet_id`, `skills`) VALUES ('11281', 'SQL');
INSERT INTO `Mission` (`id`, `companyName`, `shortName`, `role`, `skillSet_id`) VALUES ('11281', 'c0e29f05-4df5-4204-988e-52c0f92d5340', '7647d626-5b7f-4911-a84d-92f1255166ee', 'LeadEngineer', '11281');
INSERT INTO `SkillSet` (`id`) VALUES ('11282');
INSERT INTO `SkillSet_skills` (`SkillSet_id`, `skills`) VALUES ('11282', 'SQL');
INSERT INTO `SkillSet_skills` (`SkillSet_id`, `skills`) VALUES ('11282', 'UITesting');
INSERT INTO `SkillSet_skills` (`SkillSet_id`, `skills`) VALUES ('11282', 'Ant');
INSERT INTO `Mission` (`id`, `companyName`, `shortName`, `role`, `skillSet_id`) VALUES ('11282', 'f00e9409-41fd-4065-9b17-1847157f7bd7', '737b4ddd-28ff-4be9-912b-dc78a2cf605d', 'PrincipalConsultant', '11282');
INSERT INTO `SkillSet` (`id`) VALUES ('11283');
INSERT INTO `SkillSet_skills` (`SkillSet_id`, `skills`) VALUES ('11283', 'SQL');
INSERT INTO `SkillSet_skills` (`SkillSet_id`, `skills`) VALUES ('11283', 'UITesting');
INSERT INTO `SkillSet_skills` (`SkillSet_id`, `skills`) VALUES ('11283', 'SQL');
INSERT INTO `SkillSet_skills` (`SkillSet_id`, `skills`) VALUES ('11283', 'UITesting');
INSERT INTO `SkillSet_skills` (`SkillSet_id`, `skills`) VALUES ('11283', 'Java');
INSERT INTO `Mission` (`id`, `companyName`, `shortName`, `role`, `skillSet_id`) VALUES ('11283', '8d0f3216-d727-4a69-ac9b-3801f1bf6166', '8200ac2d-70ee-4231-a91b-a3532260d7d1', 'JuniorSoftwareEngineer', '11283');
INSERT INTO `SkillSet` (`id`) VALUES ('11284');
INSERT INTO `SkillSet_skills` (`SkillSet_id`, `skills`) VALUES ('11284', 'dotNet');
INSERT INTO `SkillSet_skills` (`SkillSet_id`, `skills`) VALUES ('11284', 'UnitTesting');
INSERT INTO `SkillSet_skills` (`SkillSet_id`, `skills`) VALUES ('11284', 'UnitTesting');
INSERT INTO `SkillSet_skills` (`SkillSet_id`, `skills`) VALUES ('11284', 'Maven');
INSERT INTO `Mission` (`id`, `companyName`, `shortName`, `role`, `skillSet_id`) VALUES ('11284', '3539217e-28b4-448d-b902-a6e05283117a', '59bb19d7-6c41-414d-bd8a-1e784e0cfa4a', 'LeadEngineer', '11284');
INSERT INTO `SkillSet` (`id`) VALUES ('11285');
INSERT INTO `SkillSet_skills` (`SkillSet_id`, `skills`) VALUES ('11285', 'dotNet');
INSERT INTO `Mission` (`id`, `companyName`, `shortName`, `role`, `skillSet_id`) VALUES ('11285', 'bfdba1f1-cc49-40aa-9169-f73310c1da2a', '4da8dc0c-1ee2-4d61-b98e-edc93d555d5d', 'SoftwareEngineer', '11285');
INSERT INTO `SkillSet` (`id`) VALUES ('11286');
INSERT INTO `SkillSet_skills` (`SkillSet_id`, `skills`) VALUES ('11286', 'Gradle');
INSERT INTO `SkillSet_skills` (`SkillSet_id`, `skills`) VALUES ('11286', 'Architektur');
INSERT INTO `SkillSet_skills` (`SkillSet_id`, `skills`) VALUES ('11286', 'dotNet');
INSERT INTO `SkillSet_skills` (`SkillSet_id`, `skills`) VALUES ('11286', 'Architektur');
INSERT INTO `Mission` (`id`, `companyName`, `shortName`, `role`, `skillSet_id`) VALUES ('11286', '7e3358e6-4538-47c8-b1a6-6232fe7e62b6', 'b4e493a4-c1b1-4e8e-a61f-9ef9d7a68507', 'SeniorSoftwareEngineer', '11286');
INSERT INTO `SkillSet` (`id`) VALUES ('11287');
INSERT INTO `SkillSet_skills` (`SkillSet_id`, `skills`) VALUES ('11287', 'Ant');
INSERT INTO `SkillSet_skills` (`SkillSet_id`, `skills`) VALUES ('11287', 'UITesting');
INSERT INTO `SkillSet_skills` (`SkillSet_id`, `skills`) VALUES ('11287', 'Java');
INSERT INTO `SkillSet_skills` (`SkillSet_id`, `skills`) VALUES ('11287', 'Architektur');
INSERT INTO `Mission` (`id`, `companyName`, `shortName`, `role`, `skillSet_id`) VALUES ('11287', '0ef52bcf-c5df-4db1-a497-4cd08b311954', '84b74deb-fa43-48d2-8bbd-7efd6701f64d', 'JuniorSoftwareEngineer', '11287');
INSERT INTO `SkillSet` (`id`) VALUES ('11288');
INSERT INTO `SkillSet_skills` (`SkillSet_id`, `skills`) VALUES ('11288', 'Gradle');
INSERT INTO `Mission` (`id`, `companyName`, `shortName`, `role`, `skillSet_id`) VALUES ('11288', 'e90837e5-ac60-437c-9ad8-e8146e27444c', 'd17214a1-6b80-487a-a604-bf9833c5cd68', 'SoftwareEngineer', '11288');
INSERT INTO `SkillSet` (`id`) VALUES ('11289');
INSERT INTO `SkillSet_skills` (`SkillSet_id`, `skills`) VALUES ('11289', 'SQL');
INSERT INTO `Mission` (`id`, `companyName`, `shortName`, `role`, `skillSet_id`) VALUES ('11289', 'a52373eb-07cb-485c-b1c9-7f364f4fa3a3', 'fe71859f-3121-4d65-a7a7-bcf5e72d06b6', 'JuniorSoftwareEngineer', '11289');
INSERT INTO `SkillSet` (`id`) VALUES ('11290');
INSERT INTO `SkillSet_skills` (`SkillSet_id`, `skills`) VALUES ('11290', 'Java');
INSERT INTO `SkillSet_skills` (`SkillSet_id`, `skills`) VALUES ('11290', 'SQL');
INSERT INTO `SkillSet_skills` (`SkillSet_id`, `skills`) VALUES ('11290', 'UITesting');
INSERT INTO `Mission` (`id`, `companyName`, `shortName`, `role`, `skillSet_id`) VALUES ('11290', 'c3391de0-fcd2-4162-a8ba-61499f05d88e', 'b7c933ca-c421-4d1a-ac8e-90618a0569ee', 'LeadSoftwareArchitect', '11290');
INSERT INTO `SkillSet` (`id`) VALUES ('11291');
INSERT INTO `SkillSet_skills` (`SkillSet_id`, `skills`) VALUES ('11291', 'UnitTesting');
INSERT INTO `SkillSet_skills` (`SkillSet_id`, `skills`) VALUES ('11291', 'Gradle');
INSERT INTO `SkillSet_skills` (`SkillSet_id`, `skills`) VALUES ('11291', 'Maven');
INSERT INTO `SkillSet_skills` (`SkillSet_id`, `skills`) VALUES ('11291', 'Maven');
INSERT INTO `SkillSet_skills` (`SkillSet_id`, `skills`) VALUES ('11291', 'UnitTesting');
INSERT INTO `Mission` (`id`, `companyName`, `shortName`, `role`, `skillSet_id`) VALUES ('11291', '3f149160-3d28-493f-af93-901fce10815e', '98744845-6892-4a4e-b18f-5abe3fe284a7', 'LeadEngineer', '11291');
INSERT INTO `SkillSet` (`id`) VALUES ('11292');
INSERT INTO `SkillSet_skills` (`SkillSet_id`, `skills`) VALUES ('11292', 'UnitTesting');
INSERT INTO `SkillSet_skills` (`SkillSet_id`, `skills`) VALUES ('11292', 'UITesting');
INSERT INTO `SkillSet_skills` (`SkillSet_id`, `skills`) VALUES ('11292', 'UITesting');
INSERT INTO `SkillSet_skills` (`SkillSet_id`, `skills`) VALUES ('11292', 'Java');
INSERT INTO `Mission` (`id`, `companyName`, `shortName`, `role`, `skillSet_id`) VALUES ('11292', 'edf50039-0210-4a17-8812-7b6cfdc64f14', 'a345662e-8f2d-4a11-a377-ac6c46e5965a', 'SoftwareEngineer', '11292');
INSERT INTO `SkillSet` (`id`) VALUES ('11293');
INSERT INTO `SkillSet_skills` (`SkillSet_id`, `skills`) VALUES ('11293', 'Java');
INSERT INTO `SkillSet_skills` (`SkillSet_id`, `skills`) VALUES ('11293', 'Java');
INSERT INTO `SkillSet_skills` (`SkillSet_id`, `skills`) VALUES ('11293', 'dotNet');
INSERT INTO `SkillSet_skills` (`SkillSet_id`, `skills`) VALUES ('11293', 'UITesting');
INSERT INTO `SkillSet_skills` (`SkillSet_id`, `skills`) VALUES ('11293', 'UnitTesting');
INSERT INTO `Mission` (`id`, `companyName`, `shortName`, `role`, `skillSet_id`) VALUES ('11293', 'c5f32526-2a9e-46fc-b960-8c4dd901b24d', 'b360010b-1909-46e9-a463-2f8deb885ebb', 'JuniorSoftwareEngineer', '11293');
INSERT INTO `SkillSet` (`id`) VALUES ('11294');
INSERT INTO `SkillSet_skills` (`SkillSet_id`, `skills`) VALUES ('11294', 'Ant');
INSERT INTO `SkillSet_skills` (`SkillSet_id`, `skills`) VALUES ('11294', 'Ant');
INSERT INTO `SkillSet_skills` (`SkillSet_id`, `skills`) VALUES ('11294', 'Java');
INSERT INTO `SkillSet_skills` (`SkillSet_id`, `skills`) VALUES ('11294', 'UnitTesting');
INSERT INTO `Mission` (`id`, `companyName`, `shortName`, `role`, `skillSet_id`) VALUES ('11294', '0ef50954-aecd-4cf2-a4d3-301c34826d03', '50ee01c0-ebe0-4742-beeb-7d1487ce63a5', 'PrincipalConsultant', '11294');
INSERT INTO `SkillSet` (`id`) VALUES ('11295');
INSERT INTO `SkillSet_skills` (`SkillSet_id`, `skills`) VALUES ('11295', 'dotNet');
INSERT INTO `SkillSet_skills` (`SkillSet_id`, `skills`) VALUES ('11295', 'UITesting');
INSERT INTO `SkillSet_skills` (`SkillSet_id`, `skills`) VALUES ('11295', 'Gradle');
INSERT INTO `SkillSet_skills` (`SkillSet_id`, `skills`) VALUES ('11295', 'dotNet');
INSERT INTO `Mission` (`id`, `companyName`, `shortName`, `role`, `skillSet_id`) VALUES ('11295', '68ad7084-8930-4670-ae73-9a0d31c04ef9', 'abbed057-9214-43fe-9696-bbf29047e7a1', 'SoftwareEngineer', '11295');
INSERT INTO `SkillSet` (`id`) VALUES ('11296');
INSERT INTO `SkillSet_skills` (`SkillSet_id`, `skills`) VALUES ('11296', 'Maven');
INSERT INTO `Mission` (`id`, `companyName`, `shortName`, `role`, `skillSet_id`) VALUES ('11296', '9eca2e8a-444b-4080-8464-3687ee497213', 'f5525b68-1432-43f6-b467-8703e74c8426', 'SoftwareEngineer', '11296');
INSERT INTO `SkillSet` (`id`) VALUES ('11297');
INSERT INTO `SkillSet_skills` (`SkillSet_id`, `skills`) VALUES ('11297', 'Maven');
INSERT INTO `SkillSet_skills` (`SkillSet_id`, `skills`) VALUES ('11297', 'Architektur');
INSERT INTO `Mission` (`id`, `companyName`, `shortName`, `role`, `skillSet_id`) VALUES ('11297', '1e7766bc-1879-414a-acf9-0998310116f3', 'acd973a1-3b54-4eb1-b922-0ddd9f43f9fa', 'PrincipalConsultant', '11297');
INSERT INTO `SkillSet` (`id`) VALUES ('11298');
INSERT INTO `SkillSet_skills` (`SkillSet_id`, `skills`) VALUES ('11298', 'dotNet');
INSERT INTO `SkillSet_skills` (`SkillSet_id`, `skills`) VALUES ('11298', 'dotNet');
INSERT INTO `Mission` (`id`, `companyName`, `shortName`, `role`, `skillSet_id`) VALUES ('11298', '65effd82-b2f5-4d9f-af97-1327378a025f', 'cd0bf388-fb3c-4bef-adfb-7ec0ccd843c7', 'LeadEngineer', '11298');
INSERT INTO `SkillSet` (`id`) VALUES ('11299');
INSERT INTO `SkillSet_skills` (`SkillSet_id`, `skills`) VALUES ('11299', 'Java');
INSERT INTO `SkillSet_skills` (`SkillSet_id`, `skills`) VALUES ('11299', 'Maven');
INSERT INTO `SkillSet_skills` (`SkillSet_id`, `skills`) VALUES ('11299', 'Java');
INSERT INTO `SkillSet_skills` (`SkillSet_id`, `skills`) VALUES ('11299', 'Gradle');
INSERT INTO `SkillSet_skills` (`SkillSet_id`, `skills`) VALUES ('11299', 'SQL');
INSERT INTO `Mission` (`id`, `companyName`, `shortName`, `role`, `skillSet_id`) VALUES ('11299', '497334a1-7651-4f8d-ae84-5085d723834e', '2f233021-1014-4a52-8ba7-441632519af0', 'LeadEngineer', '11299');
INSERT INTO `SkillSet` (`id`) VALUES ('11300');
INSERT INTO `SkillSet_skills` (`SkillSet_id`, `skills`) VALUES ('11300', 'dotNet');
INSERT INTO `SkillSet_skills` (`SkillSet_id`, `skills`) VALUES ('11300', 'dotNet');
INSERT INTO `Mission` (`id`, `companyName`, `shortName`, `role`, `skillSet_id`) VALUES ('11300', '5bd81888-2d48-4d3b-99ce-318decddf9fc', 'dede0201-35b5-4e12-bed6-171775d33862', 'LeadSoftwareArchitect', '11300');
INSERT INTO `SkillSet` (`id`) VALUES ('11301');
INSERT INTO `SkillSet_skills` (`SkillSet_id`, `skills`) VALUES ('11301', 'Architektur');
INSERT INTO `SkillSet_skills` (`SkillSet_id`, `skills`) VALUES ('11301', 'Java');
INSERT INTO `Mission` (`id`, `companyName`, `shortName`, `role`, `skillSet_id`) VALUES ('11301', 'a45bd18d-de45-45bc-93f4-9449838e7256', 'de45d91e-f1ee-4b07-a8e5-68920220d3f2', 'PrincipalConsultant', '11301');
INSERT INTO `SkillSet` (`id`) VALUES ('11302');
INSERT INTO `SkillSet_skills` (`SkillSet_id`, `skills`) VALUES ('11302', 'Architektur');
INSERT INTO `SkillSet_skills` (`SkillSet_id`, `skills`) VALUES ('11302', 'Architektur');
INSERT INTO `SkillSet_skills` (`SkillSet_id`, `skills`) VALUES ('11302', 'UITesting');
INSERT INTO `SkillSet_skills` (`SkillSet_id`, `skills`) VALUES ('11302', 'Maven');
INSERT INTO `SkillSet_skills` (`SkillSet_id`, `skills`) VALUES ('11302', 'SQL');
INSERT INTO `Mission` (`id`, `companyName`, `shortName`, `role`, `skillSet_id`) VALUES ('11302', 'ab5ea780-6c4b-4f0e-8996-819dcf9f17bd', '960cf038-817f-44d6-a6d5-c8fb02dc942b', 'LeadEngineer', '11302');
INSERT INTO `SkillSet` (`id`) VALUES ('11303');
INSERT INTO `SkillSet_skills` (`SkillSet_id`, `skills`) VALUES ('11303', 'Gradle');
INSERT INTO `Mission` (`id`, `companyName`, `shortName`, `role`, `skillSet_id`) VALUES ('11303', '95b781c7-7299-4b90-b6f1-5c1aadc7d85a', '2e15b284-97a5-4d67-978f-08caac22c0bc', 'SeniorSoftwareEngineer', '11303');
INSERT INTO `SkillSet` (`id`) VALUES ('11304');
INSERT INTO `SkillSet_skills` (`SkillSet_id`, `skills`) VALUES ('11304', 'Ant');
INSERT INTO `SkillSet_skills` (`SkillSet_id`, `skills`) VALUES ('11304', 'UITesting');
INSERT INTO `Mission` (`id`, `companyName`, `shortName`, `role`, `skillSet_id`) VALUES ('11304', '3b099b72-36b3-4578-9535-dc1eaff8f07f', 'c0753246-2cb5-4949-89b0-0f56db8cd0a3', 'SeniorSoftwareEngineer', '11304');
INSERT INTO `SkillSet` (`id`) VALUES ('11305');
INSERT INTO `SkillSet_skills` (`SkillSet_id`, `skills`) VALUES ('11305', 'UnitTesting');
INSERT INTO `SkillSet_skills` (`SkillSet_id`, `skills`) VALUES ('11305', 'SQL');
INSERT INTO `Mission` (`id`, `companyName`, `shortName`, `role`, `skillSet_id`) VALUES ('11305', '9c123e02-aaa9-46a2-be93-c115ef75b700', '7224026f-d5d9-4ff0-bf8f-d7975b44b738', 'PrincipalConsultant', '11305');
INSERT INTO `SkillSet` (`id`) VALUES ('11306');
INSERT INTO `SkillSet_skills` (`SkillSet_id`, `skills`) VALUES ('11306', 'UnitTesting');
INSERT INTO `Mission` (`id`, `companyName`, `shortName`, `role`, `skillSet_id`) VALUES ('11306', '07c5426c-b4ce-47b2-ba1b-25f7bbdd754c', 'd4201005-040a-4cd5-865e-dd7240e18552', 'JuniorSoftwareEngineer', '11306');
INSERT INTO `SkillSet` (`id`) VALUES ('11307');
INSERT INTO `SkillSet_skills` (`SkillSet_id`, `skills`) VALUES ('11307', 'UITesting');
INSERT INTO `SkillSet_skills` (`SkillSet_id`, `skills`) VALUES ('11307', 'UITesting');
INSERT INTO `SkillSet_skills` (`SkillSet_id`, `skills`) VALUES ('11307', 'Maven');
INSERT INTO `SkillSet_skills` (`SkillSet_id`, `skills`) VALUES ('11307', 'SQL');
INSERT INTO `Mission` (`id`, `companyName`, `shortName`, `role`, `skillSet_id`) VALUES ('11307', '3d0e2fd5-f865-4f14-95b7-e0a6c7204fdc', 'd3950a97-fa7c-4715-88a0-aaaf87e165b0', 'SoftwareEngineer', '11307');
INSERT INTO `SkillSet` (`id`) VALUES ('11308');
INSERT INTO `SkillSet_skills` (`SkillSet_id`, `skills`) VALUES ('11308', 'dotNet');
INSERT INTO `SkillSet_skills` (`SkillSet_id`, `skills`) VALUES ('11308', 'UnitTesting');
INSERT INTO `SkillSet_skills` (`SkillSet_id`, `skills`) VALUES ('11308', 'Architektur');
INSERT INTO `SkillSet_skills` (`SkillSet_id`, `skills`) VALUES ('11308', 'dotNet');
INSERT INTO `Mission` (`id`, `companyName`, `shortName`, `role`, `skillSet_id`) VALUES ('11308', 'c5be0d77-4192-4f2e-a8bc-7ba5c8f5d473', '95b81129-e9c1-400a-8ccd-1ee88e575052', 'SoftwareEngineer', '11308');
INSERT INTO `SkillSet` (`id`) VALUES ('11309');
INSERT INTO `SkillSet_skills` (`SkillSet_id`, `skills`) VALUES ('11309', 'Maven');
INSERT INTO `SkillSet_skills` (`SkillSet_id`, `skills`) VALUES ('11309', 'UnitTesting');
INSERT INTO `Mission` (`id`, `companyName`, `shortName`, `role`, `skillSet_id`) VALUES ('11309', 'bb569b0b-36cb-4632-98a3-287ea33fcc77', '60902577-e3d2-4e4b-95b9-f66ca6590698', 'PrincipalConsultant', '11309');
INSERT INTO `SkillSet` (`id`) VALUES ('11310');
INSERT INTO `SkillSet_skills` (`SkillSet_id`, `skills`) VALUES ('11310', 'Gradle');
INSERT INTO `SkillSet_skills` (`SkillSet_id`, `skills`) VALUES ('11310', 'UnitTesting');
INSERT INTO `SkillSet_skills` (`SkillSet_id`, `skills`) VALUES ('11310', 'Java');
INSERT INTO `SkillSet_skills` (`SkillSet_id`, `skills`) VALUES ('11310', 'dotNet');
INSERT INTO `SkillSet_skills` (`SkillSet_id`, `skills`) VALUES ('11310', 'dotNet');
INSERT INTO `Mission` (`id`, `companyName`, `shortName`, `role`, `skillSet_id`) VALUES ('11310', '9380478e-bee3-4f66-9e26-ab6748d71f55', '4201af82-cd0c-4be1-b514-f769ef8247d4', 'PrincipalConsultant', '11310');
INSERT INTO `SkillSet` (`id`) VALUES ('11311');
INSERT INTO `SkillSet_skills` (`SkillSet_id`, `skills`) VALUES ('11311', 'Gradle');
INSERT INTO `SkillSet_skills` (`SkillSet_id`, `skills`) VALUES ('11311', 'SQL');
INSERT INTO `SkillSet_skills` (`SkillSet_id`, `skills`) VALUES ('11311', 'UnitTesting');
INSERT INTO `Mission` (`id`, `companyName`, `shortName`, `role`, `skillSet_id`) VALUES ('11311', 'ecfaeda0-267e-4590-94a3-de44dc201a88', '4b599ac8-ec4d-427b-b0d2-8427b4e79528', 'LeadSoftwareArchitect', '11311');
INSERT INTO `SkillSet` (`id`) VALUES ('11312');
INSERT INTO `SkillSet_skills` (`SkillSet_id`, `skills`) VALUES ('11312', 'dotNet');
INSERT INTO `SkillSet_skills` (`SkillSet_id`, `skills`) VALUES ('11312', 'Java');
INSERT INTO `SkillSet_skills` (`SkillSet_id`, `skills`) VALUES ('11312', 'Maven');
INSERT INTO `Mission` (`id`, `companyName`, `shortName`, `role`, `skillSet_id`) VALUES ('11312', '7216bc8a-6446-44ad-90cc-4d926b281fd8', 'f4d3cf22-0b0b-40ac-8fbd-649189b9c734', 'JuniorSoftwareEngineer', '11312');
INSERT INTO `SkillSet` (`id`) VALUES ('11313');
INSERT INTO `SkillSet_skills` (`SkillSet_id`, `skills`) VALUES ('11313', 'Architektur');
INSERT INTO `SkillSet_skills` (`SkillSet_id`, `skills`) VALUES ('11313', 'UnitTesting');
INSERT INTO `SkillSet_skills` (`SkillSet_id`, `skills`) VALUES ('11313', 'Ant');
INSERT INTO `Mission` (`id`, `companyName`, `shortName`, `role`, `skillSet_id`) VALUES ('11313', '74fe5175-e475-4570-abdc-fb3a88197680', 'a7e636c1-c233-4a72-a504-5b21bc0ab75e', 'LeadSoftwareArchitect', '11313');
INSERT INTO `SkillSet` (`id`) VALUES ('11314');
INSERT INTO `SkillSet_skills` (`SkillSet_id`, `skills`) VALUES ('11314', 'Java');
INSERT INTO `SkillSet_skills` (`SkillSet_id`, `skills`) VALUES ('11314', 'UITesting');
INSERT INTO `SkillSet_skills` (`SkillSet_id`, `skills`) VALUES ('11314', 'Architektur');
INSERT INTO `SkillSet_skills` (`SkillSet_id`, `skills`) VALUES ('11314', 'UITesting');
INSERT INTO `SkillSet_skills` (`SkillSet_id`, `skills`) VALUES ('11314', 'UnitTesting');
INSERT INTO `Mission` (`id`, `companyName`, `shortName`, `role`, `skillSet_id`) VALUES ('11314', 'c854fd96-0cc3-46e2-b96f-cb27eb57a8ab', 'db003de0-9279-4386-9b65-96b790a7b61d', 'JuniorSoftwareEngineer', '11314');
INSERT INTO `SkillSet` (`id`) VALUES ('11315');
INSERT INTO `SkillSet_skills` (`SkillSet_id`, `skills`) VALUES ('11315', 'UnitTesting');
INSERT INTO `SkillSet_skills` (`SkillSet_id`, `skills`) VALUES ('11315', 'Ant');
INSERT INTO `Mission` (`id`, `companyName`, `shortName`, `role`, `skillSet_id`) VALUES ('11315', '105d3ac6-c35a-4a51-8f50-c49a5c87684f', '0fd1a829-adcb-4bc9-a3cb-81154acabc94', 'SeniorSoftwareEngineer', '11315');
INSERT INTO `SkillSet` (`id`) VALUES ('11316');
INSERT INTO `SkillSet_skills` (`SkillSet_id`, `skills`) VALUES ('11316', 'dotNet');
INSERT INTO `SkillSet_skills` (`SkillSet_id`, `skills`) VALUES ('11316', 'Ant');
INSERT INTO `SkillSet_skills` (`SkillSet_id`, `skills`) VALUES ('11316', 'Architektur');
INSERT INTO `Mission` (`id`, `companyName`, `shortName`, `role`, `skillSet_id`) VALUES ('11316', 'e285a56b-1d0e-4432-9881-3c7729acf055', 'cb84549b-b11b-4551-b05e-10f635248cfd', 'LeadSoftwareArchitect', '11316');
INSERT INTO `SkillSet` (`id`) VALUES ('11317');
INSERT INTO `SkillSet_skills` (`SkillSet_id`, `skills`) VALUES ('11317', 'UnitTesting');
INSERT INTO `SkillSet_skills` (`SkillSet_id`, `skills`) VALUES ('11317', 'Architektur');
INSERT INTO `SkillSet_skills` (`SkillSet_id`, `skills`) VALUES ('11317', 'Architektur');
INSERT INTO `Mission` (`id`, `companyName`, `shortName`, `role`, `skillSet_id`) VALUES ('11317', 'a6f953a3-4cec-4e2c-9e32-9b180993d8b4', '6721aeaf-503e-4dd6-8ad0-01bec1607e69', 'SeniorSoftwareEngineer', '11317');
INSERT INTO `SkillSet` (`id`) VALUES ('11318');
INSERT INTO `SkillSet_skills` (`SkillSet_id`, `skills`) VALUES ('11318', 'Java');
INSERT INTO `SkillSet_skills` (`SkillSet_id`, `skills`) VALUES ('11318', 'UITesting');
INSERT INTO `SkillSet_skills` (`SkillSet_id`, `skills`) VALUES ('11318', 'UnitTesting');
INSERT INTO `Mission` (`id`, `companyName`, `shortName`, `role`, `skillSet_id`) VALUES ('11318', '3fc9d347-b064-4b3d-a299-59aa69faaace', '88c659aa-074b-4ff8-b89d-b8f34abcb20e', 'SoftwareEngineer', '11318');
INSERT INTO `SkillSet` (`id`) VALUES ('11319');
INSERT INTO `SkillSet_skills` (`SkillSet_id`, `skills`) VALUES ('11319', 'UITesting');
INSERT INTO `SkillSet_skills` (`SkillSet_id`, `skills`) VALUES ('11319', 'SQL');
INSERT INTO `SkillSet_skills` (`SkillSet_id`, `skills`) VALUES ('11319', 'UITesting');
INSERT INTO `SkillSet_skills` (`SkillSet_id`, `skills`) VALUES ('11319', 'Java');
INSERT INTO `Mission` (`id`, `companyName`, `shortName`, `role`, `skillSet_id`) VALUES ('11319', '00d08cda-0c29-49a4-a473-282c9ec032a1', 'a87ba17a-2de8-4422-b7ca-005cf5f839af', 'LeadEngineer', '11319');
INSERT INTO `SkillSet` (`id`) VALUES ('11320');
INSERT INTO `SkillSet_skills` (`SkillSet_id`, `skills`) VALUES ('11320', 'dotNet');
INSERT INTO `SkillSet_skills` (`SkillSet_id`, `skills`) VALUES ('11320', 'UITesting');
INSERT INTO `SkillSet_skills` (`SkillSet_id`, `skills`) VALUES ('11320', 'UITesting');
INSERT INTO `Mission` (`id`, `companyName`, `shortName`, `role`, `skillSet_id`) VALUES ('11320', '8f0c3204-bb24-4fa8-a028-6f36d18adb1d', '1a1c771d-51d1-4f37-afb7-89830fd5a730', 'JuniorSoftwareEngineer', '11320');
INSERT INTO `SkillSet` (`id`) VALUES ('11321');
INSERT INTO `SkillSet_skills` (`SkillSet_id`, `skills`) VALUES ('11321', 'Ant');
INSERT INTO `Mission` (`id`, `companyName`, `shortName`, `role`, `skillSet_id`) VALUES ('11321', 'b00c60ed-c980-4202-99bf-68f09c8ca61b', '6c84d785-8a8f-42f9-8dab-4e7bfddb9895', 'PrincipalConsultant', '11321');
INSERT INTO `SkillSet` (`id`) VALUES ('11322');
INSERT INTO `SkillSet_skills` (`SkillSet_id`, `skills`) VALUES ('11322', 'UnitTesting');
INSERT INTO `Mission` (`id`, `companyName`, `shortName`, `role`, `skillSet_id`) VALUES ('11322', '8137e4da-17b5-4d8e-bd14-f17531b7577c', '0b6282d8-891f-4a2f-88d2-cf766bb8f6eb', 'SeniorSoftwareEngineer', '11322');
INSERT INTO `SkillSet` (`id`) VALUES ('11323');
INSERT INTO `SkillSet_skills` (`SkillSet_id`, `skills`) VALUES ('11323', 'Maven');
INSERT INTO `SkillSet_skills` (`SkillSet_id`, `skills`) VALUES ('11323', 'Ant');
INSERT INTO `Mission` (`id`, `companyName`, `shortName`, `role`, `skillSet_id`) VALUES ('11323', '64433695-c572-43c4-b456-c2f5d0dffbfc', '1a96a8c2-a9b2-44bc-bc6e-4ee623f15434', 'LeadEngineer', '11323');
INSERT INTO `SkillSet` (`id`) VALUES ('11324');
INSERT INTO `SkillSet_skills` (`SkillSet_id`, `skills`) VALUES ('11324', 'Maven');
INSERT INTO `SkillSet_skills` (`SkillSet_id`, `skills`) VALUES ('11324', 'UITesting');
INSERT INTO `SkillSet_skills` (`SkillSet_id`, `skills`) VALUES ('11324', 'Architektur');
INSERT INTO `SkillSet_skills` (`SkillSet_id`, `skills`) VALUES ('11324', 'Architektur');
INSERT INTO `Mission` (`id`, `companyName`, `shortName`, `role`, `skillSet_id`) VALUES ('11324', 'cb45a850-d254-4d6b-9184-f2315236164e', '2f2d8e79-6210-4158-82ab-7a9dcb2d4185', 'SeniorSoftwareEngineer', '11324');
INSERT INTO `SkillSet` (`id`) VALUES ('11325');
INSERT INTO `SkillSet_skills` (`SkillSet_id`, `skills`) VALUES ('11325', 'Java');
INSERT INTO `SkillSet_skills` (`SkillSet_id`, `skills`) VALUES ('11325', 'Maven');
INSERT INTO `Mission` (`id`, `companyName`, `shortName`, `role`, `skillSet_id`) VALUES ('11325', 'd235c419-2b90-4386-91ca-5d28f391bde3', 'de3d4157-923d-4dcf-ac7d-5a6bb0512e5e', 'PrincipalConsultant', '11325');
INSERT INTO `SkillSet` (`id`) VALUES ('11326');
INSERT INTO `SkillSet_skills` (`SkillSet_id`, `skills`) VALUES ('11326', 'SQL');
INSERT INTO `SkillSet_skills` (`SkillSet_id`, `skills`) VALUES ('11326', 'Gradle');
INSERT INTO `Mission` (`id`, `companyName`, `shortName`, `role`, `skillSet_id`) VALUES ('11326', '764cf608-500d-475f-97c7-f233e250b7cf', '49585397-2240-4692-92e8-efb122ed751d', 'SoftwareEngineer', '11326');
INSERT INTO `SkillSet` (`id`) VALUES ('11327');
INSERT INTO `SkillSet_skills` (`SkillSet_id`, `skills`) VALUES ('11327', 'UITesting');
INSERT INTO `SkillSet_skills` (`SkillSet_id`, `skills`) VALUES ('11327', 'Ant');
INSERT INTO `SkillSet_skills` (`SkillSet_id`, `skills`) VALUES ('11327', 'Java');
INSERT INTO `SkillSet_skills` (`SkillSet_id`, `skills`) VALUES ('11327', 'dotNet');
INSERT INTO `Mission` (`id`, `companyName`, `shortName`, `role`, `skillSet_id`) VALUES ('11327', '37a6ca4a-7a56-40cc-a9ce-6e6381cf97d0', 'd5ae7de5-ddd5-41ad-848d-44527385f318', 'JuniorSoftwareEngineer', '11327');
INSERT INTO `SkillSet` (`id`) VALUES ('11328');
INSERT INTO `SkillSet_skills` (`SkillSet_id`, `skills`) VALUES ('11328', 'SQL');
INSERT INTO `SkillSet_skills` (`SkillSet_id`, `skills`) VALUES ('11328', 'Maven');
INSERT INTO `SkillSet_skills` (`SkillSet_id`, `skills`) VALUES ('11328', 'Maven');
INSERT INTO `Mission` (`id`, `companyName`, `shortName`, `role`, `skillSet_id`) VALUES ('11328', 'ea7877ec-0d0a-4254-a188-a8070bdb2aa8', 'cffad85c-ff89-468f-9b34-f3320de32afe', 'JuniorSoftwareEngineer', '11328');
INSERT INTO `SkillSet` (`id`) VALUES ('11329');
INSERT INTO `SkillSet_skills` (`SkillSet_id`, `skills`) VALUES ('11329', 'Gradle');
INSERT INTO `SkillSet_skills` (`SkillSet_id`, `skills`) VALUES ('11329', 'Java');
INSERT INTO `SkillSet_skills` (`SkillSet_id`, `skills`) VALUES ('11329', 'Java');
INSERT INTO `SkillSet_skills` (`SkillSet_id`, `skills`) VALUES ('11329', 'UnitTesting');
INSERT INTO `Mission` (`id`, `companyName`, `shortName`, `role`, `skillSet_id`) VALUES ('11329', '51e41e82-3844-4eb6-80d5-b743ee4a0d1f', '81628a87-5c4b-46be-a1fd-a6019940ba27', 'JuniorSoftwareEngineer', '11329');
INSERT INTO `SkillSet` (`id`) VALUES ('11330');
INSERT INTO `SkillSet_skills` (`SkillSet_id`, `skills`) VALUES ('11330', 'Maven');
INSERT INTO `SkillSet_skills` (`SkillSet_id`, `skills`) VALUES ('11330', 'UnitTesting');
INSERT INTO `SkillSet_skills` (`SkillSet_id`, `skills`) VALUES ('11330', 'UnitTesting');
INSERT INTO `SkillSet_skills` (`SkillSet_id`, `skills`) VALUES ('11330', 'Gradle');
INSERT INTO `SkillSet_skills` (`SkillSet_id`, `skills`) VALUES ('11330', 'Maven');
INSERT INTO `Mission` (`id`, `companyName`, `shortName`, `role`, `skillSet_id`) VALUES ('11330', '45caac6c-912e-4492-9303-aaca381c37f3', 'cdc88feb-7c4b-44e6-a479-46d3150112da', 'SeniorSoftwareEngineer', '11330');
INSERT INTO `SkillSet` (`id`) VALUES ('11331');
INSERT INTO `SkillSet_skills` (`SkillSet_id`, `skills`) VALUES ('11331', 'SQL');
INSERT INTO `SkillSet_skills` (`SkillSet_id`, `skills`) VALUES ('11331', 'SQL');
INSERT INTO `SkillSet_skills` (`SkillSet_id`, `skills`) VALUES ('11331', 'Gradle');
INSERT INTO `SkillSet_skills` (`SkillSet_id`, `skills`) VALUES ('11331', 'Ant');
INSERT INTO `SkillSet_skills` (`SkillSet_id`, `skills`) VALUES ('11331', 'dotNet');
INSERT INTO `Mission` (`id`, `companyName`, `shortName`, `role`, `skillSet_id`) VALUES ('11331', '612d30ff-8e98-49dc-a4b4-0c9301a930f0', '7dfbfb63-f56e-434d-ae0f-9ecc38fdb4f4', 'JuniorSoftwareEngineer', '11331');
INSERT INTO `SkillSet` (`id`) VALUES ('11332');
INSERT INTO `SkillSet_skills` (`SkillSet_id`, `skills`) VALUES ('11332', 'dotNet');
INSERT INTO `SkillSet_skills` (`SkillSet_id`, `skills`) VALUES ('11332', 'UnitTesting');
INSERT INTO `SkillSet_skills` (`SkillSet_id`, `skills`) VALUES ('11332', 'Maven');
INSERT INTO `SkillSet_skills` (`SkillSet_id`, `skills`) VALUES ('11332', 'Architektur');
INSERT INTO `Mission` (`id`, `companyName`, `shortName`, `role`, `skillSet_id`) VALUES ('11332', '79402189-375d-4f67-86cb-c5568bc2e6e1', 'c59f76c1-685d-44b3-a6c7-21bdaa3d7f82', 'SeniorSoftwareEngineer', '11332');
INSERT INTO `SkillSet` (`id`) VALUES ('11333');
INSERT INTO `SkillSet_skills` (`SkillSet_id`, `skills`) VALUES ('11333', 'Maven');
INSERT INTO `SkillSet_skills` (`SkillSet_id`, `skills`) VALUES ('11333', 'SQL');
INSERT INTO `Mission` (`id`, `companyName`, `shortName`, `role`, `skillSet_id`) VALUES ('11333', 'e0417769-b23b-46a1-a31c-23a4a9f769c3', '561bd1b4-5102-4452-94dc-955f3147725d', 'LeadSoftwareArchitect', '11333');
INSERT INTO `SkillSet` (`id`) VALUES ('11334');
INSERT INTO `SkillSet_skills` (`SkillSet_id`, `skills`) VALUES ('11334', 'Java');
INSERT INTO `SkillSet_skills` (`SkillSet_id`, `skills`) VALUES ('11334', 'Gradle');
INSERT INTO `SkillSet_skills` (`SkillSet_id`, `skills`) VALUES ('11334', 'Ant');
INSERT INTO `SkillSet_skills` (`SkillSet_id`, `skills`) VALUES ('11334', 'Architektur');
INSERT INTO `Mission` (`id`, `companyName`, `shortName`, `role`, `skillSet_id`) VALUES ('11334', '8c611e52-74b8-40d9-bc19-aaaac60c98a6', '63e79cbf-582d-4f52-a945-b5102a27afb7', 'PrincipalConsultant', '11334');
INSERT INTO `SkillSet` (`id`) VALUES ('11335');
INSERT INTO `SkillSet_skills` (`SkillSet_id`, `skills`) VALUES ('11335', 'UnitTesting');
INSERT INTO `Mission` (`id`, `companyName`, `shortName`, `role`, `skillSet_id`) VALUES ('11335', '7c8ed7f7-b4c8-4c2e-81c0-1acf3f613834', '81888b34-1f20-4bd2-85f0-5bc766559e3d', 'SeniorSoftwareEngineer', '11335');
INSERT INTO `SkillSet` (`id`) VALUES ('11336');
INSERT INTO `SkillSet_skills` (`SkillSet_id`, `skills`) VALUES ('11336', 'SQL');
INSERT INTO `SkillSet_skills` (`SkillSet_id`, `skills`) VALUES ('11336', 'UnitTesting');
INSERT INTO `SkillSet_skills` (`SkillSet_id`, `skills`) VALUES ('11336', 'Maven');
INSERT INTO `SkillSet_skills` (`SkillSet_id`, `skills`) VALUES ('11336', 'Ant');
INSERT INTO `Mission` (`id`, `companyName`, `shortName`, `role`, `skillSet_id`) VALUES ('11336', 'e62504d9-7448-4db6-85d0-d4662c4cbb8d', '5d689fa7-c431-4f80-ad20-616567d16d3c', 'JuniorSoftwareEngineer', '11336');
INSERT INTO `SkillSet` (`id`) VALUES ('11337');
INSERT INTO `SkillSet_skills` (`SkillSet_id`, `skills`) VALUES ('11337', 'Gradle');
INSERT INTO `SkillSet_skills` (`SkillSet_id`, `skills`) VALUES ('11337', 'Architektur');
INSERT INTO `Mission` (`id`, `companyName`, `shortName`, `role`, `skillSet_id`) VALUES ('11337', '93420b0c-8aed-445c-a9f3-f6132f7dc2cd', '1c605062-22ba-4e2e-95e1-d0c70b7a3f99', 'LeadSoftwareArchitect', '11337');
INSERT INTO `SkillSet` (`id`) VALUES ('11338');
INSERT INTO `SkillSet_skills` (`SkillSet_id`, `skills`) VALUES ('11338', 'UnitTesting');
INSERT INTO `SkillSet_skills` (`SkillSet_id`, `skills`) VALUES ('11338', 'Ant');
INSERT INTO `SkillSet_skills` (`SkillSet_id`, `skills`) VALUES ('11338', 'UnitTesting');
INSERT INTO `SkillSet_skills` (`SkillSet_id`, `skills`) VALUES ('11338', 'Architektur');
INSERT INTO `Mission` (`id`, `companyName`, `shortName`, `role`, `skillSet_id`) VALUES ('11338', '8ac680ce-021a-4d37-adde-7da61292e58f', 'dbe2f8cd-5039-4dcd-ae8b-0f2bf7ad9625', 'SoftwareEngineer', '11338');
INSERT INTO `SkillSet` (`id`) VALUES ('11339');
INSERT INTO `SkillSet_skills` (`SkillSet_id`, `skills`) VALUES ('11339', 'dotNet');
INSERT INTO `Mission` (`id`, `companyName`, `shortName`, `role`, `skillSet_id`) VALUES ('11339', 'b47a33af-a763-4607-ae3d-8223cbdb4567', '25c3bee2-8214-45eb-ad64-714abca32166', 'SeniorSoftwareEngineer', '11339');
INSERT INTO `SkillSet` (`id`) VALUES ('11340');
INSERT INTO `SkillSet_skills` (`SkillSet_id`, `skills`) VALUES ('11340', 'Java');
INSERT INTO `SkillSet_skills` (`SkillSet_id`, `skills`) VALUES ('11340', 'Maven');
INSERT INTO `SkillSet_skills` (`SkillSet_id`, `skills`) VALUES ('11340', 'Ant');
INSERT INTO `Mission` (`id`, `companyName`, `shortName`, `role`, `skillSet_id`) VALUES ('11340', 'f8a71ac9-fc9e-4ecc-bf41-6f5aad08da47', 'daac9a3d-8636-4a71-ba5e-a0e0d59220ff', 'JuniorSoftwareEngineer', '11340');
INSERT INTO `SkillSet` (`id`) VALUES ('11341');
INSERT INTO `SkillSet_skills` (`SkillSet_id`, `skills`) VALUES ('11341', 'Java');
INSERT INTO `SkillSet_skills` (`SkillSet_id`, `skills`) VALUES ('11341', 'Maven');
INSERT INTO `SkillSet_skills` (`SkillSet_id`, `skills`) VALUES ('11341', 'Ant');
INSERT INTO `Mission` (`id`, `companyName`, `shortName`, `role`, `skillSet_id`) VALUES ('11341', '1df26e95-8931-4d5f-bac0-48912724068e', '3c30c672-4f70-4b6e-a111-1a3223a1bbf3', 'SeniorSoftwareEngineer', '11341');
INSERT INTO `SkillSet` (`id`) VALUES ('11342');
INSERT INTO `SkillSet_skills` (`SkillSet_id`, `skills`) VALUES ('11342', 'UITesting');
INSERT INTO `SkillSet_skills` (`SkillSet_id`, `skills`) VALUES ('11342', 'dotNet');
INSERT INTO `SkillSet_skills` (`SkillSet_id`, `skills`) VALUES ('11342', 'Java');
INSERT INTO `SkillSet_skills` (`SkillSet_id`, `skills`) VALUES ('11342', 'UnitTesting');
INSERT INTO `Mission` (`id`, `companyName`, `shortName`, `role`, `skillSet_id`) VALUES ('11342', 'ce9f3547-fbd2-473c-b775-08a7ca2f64cb', '9ee12079-09b6-42f8-ba58-28aa0d6d7d12', 'JuniorSoftwareEngineer', '11342');
INSERT INTO `SkillSet` (`id`) VALUES ('11343');
INSERT INTO `SkillSet_skills` (`SkillSet_id`, `skills`) VALUES ('11343', 'Maven');
INSERT INTO `Mission` (`id`, `companyName`, `shortName`, `role`, `skillSet_id`) VALUES ('11343', 'da2cbb6e-bb65-4676-a91d-6beb85086c53', '4df102e4-fd0f-444f-926e-902acceb3954', 'SoftwareEngineer', '11343');
INSERT INTO `SkillSet` (`id`) VALUES ('11344');
INSERT INTO `SkillSet_skills` (`SkillSet_id`, `skills`) VALUES ('11344', 'Ant');
INSERT INTO `Mission` (`id`, `companyName`, `shortName`, `role`, `skillSet_id`) VALUES ('11344', 'c0ed4b19-7598-49e7-9d5b-8fc6ec1ef446', '4b35c3f0-a80c-42fc-815b-ae987f7fa907', 'PrincipalConsultant', '11344');
INSERT INTO `SkillSet` (`id`) VALUES ('11345');
INSERT INTO `SkillSet_skills` (`SkillSet_id`, `skills`) VALUES ('11345', 'dotNet');
INSERT INTO `SkillSet_skills` (`SkillSet_id`, `skills`) VALUES ('11345', 'Java');
INSERT INTO `SkillSet_skills` (`SkillSet_id`, `skills`) VALUES ('11345', 'Gradle');
INSERT INTO `SkillSet_skills` (`SkillSet_id`, `skills`) VALUES ('11345', 'Java');
INSERT INTO `Mission` (`id`, `companyName`, `shortName`, `role`, `skillSet_id`) VALUES ('11345', '929e4223-99d8-4eb9-968c-51ecf2ad2d1d', '75b1016b-53f3-48af-b6e3-70041fdf27c4', 'PrincipalConsultant', '11345');
INSERT INTO `SkillSet` (`id`) VALUES ('11346');
INSERT INTO `SkillSet_skills` (`SkillSet_id`, `skills`) VALUES ('11346', 'Maven');
INSERT INTO `SkillSet_skills` (`SkillSet_id`, `skills`) VALUES ('11346', 'UITesting');
INSERT INTO `SkillSet_skills` (`SkillSet_id`, `skills`) VALUES ('11346', 'dotNet');
INSERT INTO `Mission` (`id`, `companyName`, `shortName`, `role`, `skillSet_id`) VALUES ('11346', '0f7c6119-5803-43db-9223-fc4f453875e8', 'f709b018-d113-4948-a4c2-23eb3c219a68', 'JuniorSoftwareEngineer', '11346');
INSERT INTO `SkillSet` (`id`) VALUES ('11347');
INSERT INTO `SkillSet_skills` (`SkillSet_id`, `skills`) VALUES ('11347', 'Ant');
INSERT INTO `SkillSet_skills` (`SkillSet_id`, `skills`) VALUES ('11347', 'SQL');
INSERT INTO `SkillSet_skills` (`SkillSet_id`, `skills`) VALUES ('11347', 'dotNet');
INSERT INTO `SkillSet_skills` (`SkillSet_id`, `skills`) VALUES ('11347', 'SQL');
INSERT INTO `SkillSet_skills` (`SkillSet_id`, `skills`) VALUES ('11347', 'Gradle');
INSERT INTO `Mission` (`id`, `companyName`, `shortName`, `role`, `skillSet_id`) VALUES ('11347', 'aac1fdde-449f-457b-ae72-c6902e2bca79', '0bd71493-d929-4777-8f37-de075c5b7a42', 'JuniorSoftwareEngineer', '11347');
INSERT INTO `SkillSet` (`id`) VALUES ('11348');
INSERT INTO `SkillSet_skills` (`SkillSet_id`, `skills`) VALUES ('11348', 'Architektur');
INSERT INTO `SkillSet_skills` (`SkillSet_id`, `skills`) VALUES ('11348', 'UITesting');
INSERT INTO `SkillSet_skills` (`SkillSet_id`, `skills`) VALUES ('11348', 'UITesting');
INSERT INTO `SkillSet_skills` (`SkillSet_id`, `skills`) VALUES ('11348', 'UnitTesting');
INSERT INTO `SkillSet_skills` (`SkillSet_id`, `skills`) VALUES ('11348', 'dotNet');
INSERT INTO `Mission` (`id`, `companyName`, `shortName`, `role`, `skillSet_id`) VALUES ('11348', 'c90fb66d-003d-4d17-9b11-8780f9838312', '7906d9a8-39e7-4e7e-9ea2-1e9e12271cc5', 'JuniorSoftwareEngineer', '11348');
INSERT INTO `SkillSet` (`id`) VALUES ('11349');
INSERT INTO `SkillSet_skills` (`SkillSet_id`, `skills`) VALUES ('11349', 'UITesting');
INSERT INTO `Mission` (`id`, `companyName`, `shortName`, `role`, `skillSet_id`) VALUES ('11349', '94f33a3a-6b86-4b6e-8cf8-9d2490b47de8', '48fe5424-ae6c-4070-8394-cabe15e9d134', 'LeadEngineer', '11349');
INSERT INTO `SkillSet` (`id`) VALUES ('11350');
INSERT INTO `SkillSet_skills` (`SkillSet_id`, `skills`) VALUES ('11350', 'Java');
INSERT INTO `SkillSet_skills` (`SkillSet_id`, `skills`) VALUES ('11350', 'UITesting');
INSERT INTO `SkillSet_skills` (`SkillSet_id`, `skills`) VALUES ('11350', 'UITesting');
INSERT INTO `SkillSet_skills` (`SkillSet_id`, `skills`) VALUES ('11350', 'UnitTesting');
INSERT INTO `Mission` (`id`, `companyName`, `shortName`, `role`, `skillSet_id`) VALUES ('11350', '34bf816b-c80c-412f-bd5f-c14a7daab9b2', '2ba1edd8-2615-4f01-b452-bce78f0dc064', 'LeadEngineer', '11350');
INSERT INTO `SkillSet` (`id`) VALUES ('11351');
INSERT INTO `SkillSet_skills` (`SkillSet_id`, `skills`) VALUES ('11351', 'dotNet');
INSERT INTO `SkillSet_skills` (`SkillSet_id`, `skills`) VALUES ('11351', 'SQL');
INSERT INTO `Mission` (`id`, `companyName`, `shortName`, `role`, `skillSet_id`) VALUES ('11351', '963dc3f9-d4fc-40b0-8676-a45ba4c0365b', 'df19d93d-2aa5-4c45-b489-1fd121345fbf', 'SeniorSoftwareEngineer', '11351');
INSERT INTO `SkillSet` (`id`) VALUES ('11352');
INSERT INTO `SkillSet_skills` (`SkillSet_id`, `skills`) VALUES ('11352', 'UITesting');
INSERT INTO `SkillSet_skills` (`SkillSet_id`, `skills`) VALUES ('11352', 'Gradle');
INSERT INTO `Mission` (`id`, `companyName`, `shortName`, `role`, `skillSet_id`) VALUES ('11352', '1d322ed8-42fa-444f-a810-4ff273ca0803', 'ac6ce513-f161-47fb-b561-b11b9e773780', 'LeadSoftwareArchitect', '11352');
INSERT INTO `SkillSet` (`id`) VALUES ('11353');
INSERT INTO `SkillSet_skills` (`SkillSet_id`, `skills`) VALUES ('11353', 'Gradle');
INSERT INTO `SkillSet_skills` (`SkillSet_id`, `skills`) VALUES ('11353', 'dotNet');
INSERT INTO `SkillSet_skills` (`SkillSet_id`, `skills`) VALUES ('11353', 'UITesting');
INSERT INTO `Mission` (`id`, `companyName`, `shortName`, `role`, `skillSet_id`) VALUES ('11353', '288c3c96-9c47-4826-b918-20664099ee18', '261a84d4-9265-4e3d-b6c4-892ae379e952', 'PrincipalConsultant', '11353');
INSERT INTO `SkillSet` (`id`) VALUES ('11354');
INSERT INTO `SkillSet_skills` (`SkillSet_id`, `skills`) VALUES ('11354', 'Ant');
INSERT INTO `SkillSet_skills` (`SkillSet_id`, `skills`) VALUES ('11354', 'Ant');
INSERT INTO `Mission` (`id`, `companyName`, `shortName`, `role`, `skillSet_id`) VALUES ('11354', 'a9e101b4-5f71-4b76-9dcb-cdb32273c7fd', '1fb77354-5f15-4582-8ea5-aced817f89aa', 'LeadSoftwareArchitect', '11354');
INSERT INTO `SkillSet` (`id`) VALUES ('11355');
INSERT INTO `SkillSet_skills` (`SkillSet_id`, `skills`) VALUES ('11355', 'Architektur');
INSERT INTO `SkillSet_skills` (`SkillSet_id`, `skills`) VALUES ('11355', 'Java');
INSERT INTO `SkillSet_skills` (`SkillSet_id`, `skills`) VALUES ('11355', 'Java');
INSERT INTO `Mission` (`id`, `companyName`, `shortName`, `role`, `skillSet_id`) VALUES ('11355', '8c6944fc-e0b7-4e25-a27f-e1aafb7ad3ac', 'bac4e96f-f90c-478f-9438-22cfb6c93bbe', 'JuniorSoftwareEngineer', '11355');
INSERT INTO `SkillSet` (`id`) VALUES ('11356');
INSERT INTO `SkillSet_skills` (`SkillSet_id`, `skills`) VALUES ('11356', 'SQL');
INSERT INTO `SkillSet_skills` (`SkillSet_id`, `skills`) VALUES ('11356', 'Java');
INSERT INTO `SkillSet_skills` (`SkillSet_id`, `skills`) VALUES ('11356', 'UITesting');
INSERT INTO `SkillSet_skills` (`SkillSet_id`, `skills`) VALUES ('11356', 'UITesting');
INSERT INTO `SkillSet_skills` (`SkillSet_id`, `skills`) VALUES ('11356', 'Ant');
INSERT INTO `Mission` (`id`, `companyName`, `shortName`, `role`, `skillSet_id`) VALUES ('11356', 'b55915e7-2319-4ddc-9ab9-6eac7d181260', '1373e578-d52f-43c4-a2e9-406ae1ef4f7e', 'SoftwareEngineer', '11356');
INSERT INTO `SkillSet` (`id`) VALUES ('11357');
INSERT INTO `SkillSet_skills` (`SkillSet_id`, `skills`) VALUES ('11357', 'Gradle');
INSERT INTO `SkillSet_skills` (`SkillSet_id`, `skills`) VALUES ('11357', 'Gradle');
INSERT INTO `Mission` (`id`, `companyName`, `shortName`, `role`, `skillSet_id`) VALUES ('11357', '9e1dc11e-78e5-4190-b359-0c85bae227a3', '0954f2fc-a631-4ea3-b2a6-e1617bdf3940', 'LeadEngineer', '11357');
INSERT INTO `SkillSet` (`id`) VALUES ('11358');
INSERT INTO `SkillSet_skills` (`SkillSet_id`, `skills`) VALUES ('11358', 'dotNet');
INSERT INTO `SkillSet_skills` (`SkillSet_id`, `skills`) VALUES ('11358', 'Architektur');
INSERT INTO `SkillSet_skills` (`SkillSet_id`, `skills`) VALUES ('11358', 'dotNet');
INSERT INTO `Mission` (`id`, `companyName`, `shortName`, `role`, `skillSet_id`) VALUES ('11358', 'fefa45c4-5b01-4b3f-bbd6-041c6779ccf1', '8ee4fa4a-34d9-4cab-bc1b-ec5a1cd91a08', 'PrincipalConsultant', '11358');
INSERT INTO `SkillSet` (`id`) VALUES ('11359');
INSERT INTO `SkillSet_skills` (`SkillSet_id`, `skills`) VALUES ('11359', 'Ant');
INSERT INTO `SkillSet_skills` (`SkillSet_id`, `skills`) VALUES ('11359', 'UnitTesting');
INSERT INTO `SkillSet_skills` (`SkillSet_id`, `skills`) VALUES ('11359', 'Ant');
INSERT INTO `SkillSet_skills` (`SkillSet_id`, `skills`) VALUES ('11359', 'SQL');
INSERT INTO `SkillSet_skills` (`SkillSet_id`, `skills`) VALUES ('11359', 'Maven');
INSERT INTO `Mission` (`id`, `companyName`, `shortName`, `role`, `skillSet_id`) VALUES ('11359', '24d7979d-1905-4001-b513-171422f2a69f', '9000ce3c-2a37-43c0-97a9-d1d4dcd451fe', 'SeniorSoftwareEngineer', '11359');
INSERT INTO `SkillSet` (`id`) VALUES ('11360');
INSERT INTO `SkillSet_skills` (`SkillSet_id`, `skills`) VALUES ('11360', 'Gradle');
INSERT INTO `SkillSet_skills` (`SkillSet_id`, `skills`) VALUES ('11360', 'Maven');
INSERT INTO `Mission` (`id`, `companyName`, `shortName`, `role`, `skillSet_id`) VALUES ('11360', 'a058f8e6-da41-4ae2-bbb3-0717a0d70f69', '8f4b7da7-023c-4ebc-a1b9-5db31addfa0e', 'JuniorSoftwareEngineer', '11360');
INSERT INTO `SkillSet` (`id`) VALUES ('11361');
INSERT INTO `SkillSet_skills` (`SkillSet_id`, `skills`) VALUES ('11361', 'Maven');
INSERT INTO `SkillSet_skills` (`SkillSet_id`, `skills`) VALUES ('11361', 'Architektur');
INSERT INTO `SkillSet_skills` (`SkillSet_id`, `skills`) VALUES ('11361', 'dotNet');
INSERT INTO `Mission` (`id`, `companyName`, `shortName`, `role`, `skillSet_id`) VALUES ('11361', 'e0c7972b-93bc-4576-86bd-54519ba65004', '7e1c2105-8063-4ac2-9a04-c79913d0f31e', 'LeadEngineer', '11361');
INSERT INTO `SkillSet` (`id`) VALUES ('11362');
INSERT INTO `SkillSet_skills` (`SkillSet_id`, `skills`) VALUES ('11362', 'Ant');
INSERT INTO `Mission` (`id`, `companyName`, `shortName`, `role`, `skillSet_id`) VALUES ('11362', '58e071eb-a3c0-4730-b23d-ae94ea96c458', 'd3d4a55c-787c-4bdf-9e4a-97db4f08b3aa', 'LeadEngineer', '11362');
INSERT INTO `SkillSet` (`id`) VALUES ('11363');
INSERT INTO `SkillSet_skills` (`SkillSet_id`, `skills`) VALUES ('11363', 'SQL');
INSERT INTO `SkillSet_skills` (`SkillSet_id`, `skills`) VALUES ('11363', 'Java');
INSERT INTO `SkillSet_skills` (`SkillSet_id`, `skills`) VALUES ('11363', 'Ant');
INSERT INTO `Mission` (`id`, `companyName`, `shortName`, `role`, `skillSet_id`) VALUES ('11363', '5e4405c9-6da0-4fff-ac2d-cbd4da3ab401', 'cdeda2a9-c1fe-4095-81a5-02afc3277301', 'SeniorSoftwareEngineer', '11363');
INSERT INTO `SkillSet` (`id`) VALUES ('11364');
INSERT INTO `SkillSet_skills` (`SkillSet_id`, `skills`) VALUES ('11364', 'UnitTesting');
INSERT INTO `SkillSet_skills` (`SkillSet_id`, `skills`) VALUES ('11364', 'Java');
INSERT INTO `SkillSet_skills` (`SkillSet_id`, `skills`) VALUES ('11364', 'Java');
INSERT INTO `SkillSet_skills` (`SkillSet_id`, `skills`) VALUES ('11364', 'Architektur');
INSERT INTO `SkillSet_skills` (`SkillSet_id`, `skills`) VALUES ('11364', 'Gradle');
INSERT INTO `Mission` (`id`, `companyName`, `shortName`, `role`, `skillSet_id`) VALUES ('11364', 'eff46715-b919-4c3a-86ad-8ef9f1aa5ee9', '02efa489-c8f2-437f-b4de-ee46dca471a5', 'SeniorSoftwareEngineer', '11364');
INSERT INTO `SkillSet` (`id`) VALUES ('11365');
INSERT INTO `SkillSet_skills` (`SkillSet_id`, `skills`) VALUES ('11365', 'SQL');
INSERT INTO `SkillSet_skills` (`SkillSet_id`, `skills`) VALUES ('11365', 'UITesting');
INSERT INTO `SkillSet_skills` (`SkillSet_id`, `skills`) VALUES ('11365', 'Java');
INSERT INTO `Mission` (`id`, `companyName`, `shortName`, `role`, `skillSet_id`) VALUES ('11365', '19811ebd-5606-41b7-8bfb-425030331272', 'c169a930-a1b9-4590-a866-fa574d7a5d00', 'JuniorSoftwareEngineer', '11365');
INSERT INTO `SkillSet` (`id`) VALUES ('11366');
INSERT INTO `SkillSet_skills` (`SkillSet_id`, `skills`) VALUES ('11366', 'UnitTesting');
INSERT INTO `SkillSet_skills` (`SkillSet_id`, `skills`) VALUES ('11366', 'Maven');
INSERT INTO `SkillSet_skills` (`SkillSet_id`, `skills`) VALUES ('11366', 'SQL');
INSERT INTO `Mission` (`id`, `companyName`, `shortName`, `role`, `skillSet_id`) VALUES ('11366', 'eeacc5cd-f82d-4dd9-80c4-17199cbd5afb', '6c7c74bc-9d21-4f84-a1aa-ed7ce85cfd78', 'PrincipalConsultant', '11366');
INSERT INTO `SkillSet` (`id`) VALUES ('11367');
INSERT INTO `SkillSet_skills` (`SkillSet_id`, `skills`) VALUES ('11367', 'dotNet');
INSERT INTO `SkillSet_skills` (`SkillSet_id`, `skills`) VALUES ('11367', 'Java');
INSERT INTO `SkillSet_skills` (`SkillSet_id`, `skills`) VALUES ('11367', 'Maven');
INSERT INTO `SkillSet_skills` (`SkillSet_id`, `skills`) VALUES ('11367', 'Maven');
INSERT INTO `SkillSet_skills` (`SkillSet_id`, `skills`) VALUES ('11367', 'Maven');
INSERT INTO `Mission` (`id`, `companyName`, `shortName`, `role`, `skillSet_id`) VALUES ('11367', '081d36ef-0102-4442-920f-c2c11d5c10ed', '4cce8e80-2f08-41b9-a148-1143dbe9df16', 'SoftwareEngineer', '11367');
INSERT INTO `SkillSet` (`id`) VALUES ('11368');
INSERT INTO `SkillSet_skills` (`SkillSet_id`, `skills`) VALUES ('11368', 'Maven');
INSERT INTO `SkillSet_skills` (`SkillSet_id`, `skills`) VALUES ('11368', 'Architektur');
INSERT INTO `SkillSet_skills` (`SkillSet_id`, `skills`) VALUES ('11368', 'UITesting');
INSERT INTO `SkillSet_skills` (`SkillSet_id`, `skills`) VALUES ('11368', 'Maven');
INSERT INTO `SkillSet_skills` (`SkillSet_id`, `skills`) VALUES ('11368', 'Gradle');
INSERT INTO `Mission` (`id`, `companyName`, `shortName`, `role`, `skillSet_id`) VALUES ('11368', '911bc868-4446-42a4-8310-dcf1f56344df', '506b6891-9878-4af4-ac93-4276783acb10', 'SeniorSoftwareEngineer', '11368');
INSERT INTO `SkillSet` (`id`) VALUES ('11369');
INSERT INTO `SkillSet_skills` (`SkillSet_id`, `skills`) VALUES ('11369', 'SQL');
INSERT INTO `SkillSet_skills` (`SkillSet_id`, `skills`) VALUES ('11369', 'UnitTesting');
INSERT INTO `SkillSet_skills` (`SkillSet_id`, `skills`) VALUES ('11369', 'dotNet');
INSERT INTO `Mission` (`id`, `companyName`, `shortName`, `role`, `skillSet_id`) VALUES ('11369', '73c554c3-3e22-45b1-ae45-620219a94be9', '35e356ca-fa53-45f9-89f0-91cea254439e', 'LeadSoftwareArchitect', '11369');
INSERT INTO `SkillSet` (`id`) VALUES ('11370');
INSERT INTO `SkillSet_skills` (`SkillSet_id`, `skills`) VALUES ('11370', 'Ant');
INSERT INTO `Mission` (`id`, `companyName`, `shortName`, `role`, `skillSet_id`) VALUES ('11370', '8a329a54-fc6d-42e1-a84f-7316589c711d', 'b32fed0b-b1c6-4196-a464-600b6543968c', 'LeadSoftwareArchitect', '11370');
INSERT INTO `SkillSet` (`id`) VALUES ('11371');
INSERT INTO `SkillSet_skills` (`SkillSet_id`, `skills`) VALUES ('11371', 'Architektur');
INSERT INTO `Mission` (`id`, `companyName`, `shortName`, `role`, `skillSet_id`) VALUES ('11371', '9aeddf71-cfa4-4aa4-9c4e-512f6d8f0d11', '0e4a718a-a86c-4b94-a8fa-72a4dcfbde7f', 'SeniorSoftwareEngineer', '11371');
INSERT INTO `SkillSet` (`id`) VALUES ('11372');
INSERT INTO `SkillSet_skills` (`SkillSet_id`, `skills`) VALUES ('11372', 'Architektur');
INSERT INTO `SkillSet_skills` (`SkillSet_id`, `skills`) VALUES ('11372', 'Ant');
INSERT INTO `SkillSet_skills` (`SkillSet_id`, `skills`) VALUES ('11372', 'Maven');
INSERT INTO `Mission` (`id`, `companyName`, `shortName`, `role`, `skillSet_id`) VALUES ('11372', 'c9e9a52f-ce76-499c-b08b-acc9394fc10f', 'c9d71d94-e417-4805-b6c2-b170c9435875', 'JuniorSoftwareEngineer', '11372');
INSERT INTO `SkillSet` (`id`) VALUES ('11373');
INSERT INTO `SkillSet_skills` (`SkillSet_id`, `skills`) VALUES ('11373', 'dotNet');
INSERT INTO `SkillSet_skills` (`SkillSet_id`, `skills`) VALUES ('11373', 'Maven');
INSERT INTO `SkillSet_skills` (`SkillSet_id`, `skills`) VALUES ('11373', 'UITesting');
INSERT INTO `SkillSet_skills` (`SkillSet_id`, `skills`) VALUES ('11373', 'Architektur');
INSERT INTO `SkillSet_skills` (`SkillSet_id`, `skills`) VALUES ('11373', 'dotNet');
INSERT INTO `Mission` (`id`, `companyName`, `shortName`, `role`, `skillSet_id`) VALUES ('11373', '294aca93-2cd2-4f25-81c2-ea32f25052ec', '618bd66e-39e2-41f8-b954-b9c2ba9430b4', 'LeadEngineer', '11373');
INSERT INTO `SkillSet` (`id`) VALUES ('11374');
INSERT INTO `SkillSet_skills` (`SkillSet_id`, `skills`) VALUES ('11374', 'Architektur');
INSERT INTO `SkillSet_skills` (`SkillSet_id`, `skills`) VALUES ('11374', 'SQL');
INSERT INTO `Mission` (`id`, `companyName`, `shortName`, `role`, `skillSet_id`) VALUES ('11374', '7f26e991-3be6-4643-910e-488f5b26e133', '410b7e48-84b8-4bb7-9fc0-68d937e328cf', 'PrincipalConsultant', '11374');
INSERT INTO `SkillSet` (`id`) VALUES ('11375');
INSERT INTO `SkillSet_skills` (`SkillSet_id`, `skills`) VALUES ('11375', 'SQL');
INSERT INTO `SkillSet_skills` (`SkillSet_id`, `skills`) VALUES ('11375', 'dotNet');
INSERT INTO `SkillSet_skills` (`SkillSet_id`, `skills`) VALUES ('11375', 'Java');
INSERT INTO `SkillSet_skills` (`SkillSet_id`, `skills`) VALUES ('11375', 'Gradle');
INSERT INTO `Mission` (`id`, `companyName`, `shortName`, `role`, `skillSet_id`) VALUES ('11375', '89b4939a-63ca-494d-b4ad-dffb64c99e15', 'e4f414b3-492f-4b09-ae84-535a28b1eb8b', 'LeadSoftwareArchitect', '11375');
INSERT INTO `SkillSet` (`id`) VALUES ('11376');
INSERT INTO `SkillSet_skills` (`SkillSet_id`, `skills`) VALUES ('11376', 'Gradle');
INSERT INTO `Mission` (`id`, `companyName`, `shortName`, `role`, `skillSet_id`) VALUES ('11376', '0e3d8dff-49f2-4be7-9eac-eee74f5d0f38', '69dc9955-34b3-4064-9bf1-2b5cc6dd3085', 'LeadEngineer', '11376');
INSERT INTO `SkillSet` (`id`) VALUES ('11377');
INSERT INTO `SkillSet_skills` (`SkillSet_id`, `skills`) VALUES ('11377', 'SQL');
INSERT INTO `Mission` (`id`, `companyName`, `shortName`, `role`, `skillSet_id`) VALUES ('11377', '5d09a0ec-4cbf-4af7-9dfd-bb66a163a711', 'ac3e0ece-fc1f-4f9c-a048-f27812f60b00', 'PrincipalConsultant', '11377');
INSERT INTO `SkillSet` (`id`) VALUES ('11378');
INSERT INTO `SkillSet_skills` (`SkillSet_id`, `skills`) VALUES ('11378', 'dotNet');
INSERT INTO `SkillSet_skills` (`SkillSet_id`, `skills`) VALUES ('11378', 'Architektur');
INSERT INTO `Mission` (`id`, `companyName`, `shortName`, `role`, `skillSet_id`) VALUES ('11378', '6f113def-7d55-4473-9f2f-4d6c9d3ab5f2', '7eae207a-52b3-48a2-9943-8c3b762050a7', 'LeadSoftwareArchitect', '11378');
INSERT INTO `SkillSet` (`id`) VALUES ('11379');
INSERT INTO `SkillSet_skills` (`SkillSet_id`, `skills`) VALUES ('11379', 'SQL');
INSERT INTO `SkillSet_skills` (`SkillSet_id`, `skills`) VALUES ('11379', 'Architektur');
INSERT INTO `Mission` (`id`, `companyName`, `shortName`, `role`, `skillSet_id`) VALUES ('11379', '410337b2-31bd-423c-967d-a051add2a5dc', '1280749f-a94c-43f0-bc53-dc21507a75c8', 'PrincipalConsultant', '11379');
INSERT INTO `SkillSet` (`id`) VALUES ('11380');
INSERT INTO `SkillSet_skills` (`SkillSet_id`, `skills`) VALUES ('11380', 'Ant');
INSERT INTO `SkillSet_skills` (`SkillSet_id`, `skills`) VALUES ('11380', 'dotNet');
INSERT INTO `SkillSet_skills` (`SkillSet_id`, `skills`) VALUES ('11380', 'UITesting');
INSERT INTO `SkillSet_skills` (`SkillSet_id`, `skills`) VALUES ('11380', 'UITesting');
INSERT INTO `Mission` (`id`, `companyName`, `shortName`, `role`, `skillSet_id`) VALUES ('11380', '0001599e-3e8b-4952-9f86-cd9dff229bc3', 'bb8a32b5-84ef-4aa8-8e63-75dc34dfda17', 'LeadSoftwareArchitect', '11380');
INSERT INTO `SkillSet` (`id`) VALUES ('11381');
INSERT INTO `SkillSet_skills` (`SkillSet_id`, `skills`) VALUES ('11381', 'UITesting');
INSERT INTO `SkillSet_skills` (`SkillSet_id`, `skills`) VALUES ('11381', 'Architektur');
INSERT INTO `SkillSet_skills` (`SkillSet_id`, `skills`) VALUES ('11381', 'Gradle');
INSERT INTO `SkillSet_skills` (`SkillSet_id`, `skills`) VALUES ('11381', 'Architektur');
INSERT INTO `SkillSet_skills` (`SkillSet_id`, `skills`) VALUES ('11381', 'SQL');
INSERT INTO `Mission` (`id`, `companyName`, `shortName`, `role`, `skillSet_id`) VALUES ('11381', '8ac5f0b3-cbd4-413a-8fcb-6d0c2ab40330', 'e1b97729-1463-4181-8615-4c91a8820222', 'LeadSoftwareArchitect', '11381');
INSERT INTO `SkillSet` (`id`) VALUES ('11382');
INSERT INTO `SkillSet_skills` (`SkillSet_id`, `skills`) VALUES ('11382', 'Ant');
INSERT INTO `Mission` (`id`, `companyName`, `shortName`, `role`, `skillSet_id`) VALUES ('11382', '5cda6290-236e-4294-a929-2a46a8fcbea7', '094f1868-75c1-4fe4-8049-fc6c77913aad', 'LeadEngineer', '11382');
INSERT INTO `SkillSet` (`id`) VALUES ('11383');
INSERT INTO `SkillSet_skills` (`SkillSet_id`, `skills`) VALUES ('11383', 'Gradle');
INSERT INTO `Mission` (`id`, `companyName`, `shortName`, `role`, `skillSet_id`) VALUES ('11383', '88cd9272-1f7d-408e-a184-bc24e3fc4164', 'ba82d46d-8cc2-4557-8f59-a2a2a2f92bf5', 'SoftwareEngineer', '11383');
INSERT INTO `SkillSet` (`id`) VALUES ('11384');
INSERT INTO `SkillSet_skills` (`SkillSet_id`, `skills`) VALUES ('11384', 'dotNet');
INSERT INTO `SkillSet_skills` (`SkillSet_id`, `skills`) VALUES ('11384', 'dotNet');
INSERT INTO `SkillSet_skills` (`SkillSet_id`, `skills`) VALUES ('11384', 'UnitTesting');
INSERT INTO `Mission` (`id`, `companyName`, `shortName`, `role`, `skillSet_id`) VALUES ('11384', '6245ead6-31f1-4146-b500-a02bd050af70', '7468226b-67ef-4996-b99d-178c0d1c468b', 'SoftwareEngineer', '11384');
INSERT INTO `SkillSet` (`id`) VALUES ('11385');
INSERT INTO `SkillSet_skills` (`SkillSet_id`, `skills`) VALUES ('11385', 'UITesting');
INSERT INTO `SkillSet_skills` (`SkillSet_id`, `skills`) VALUES ('11385', 'dotNet');
INSERT INTO `SkillSet_skills` (`SkillSet_id`, `skills`) VALUES ('11385', 'Maven');
INSERT INTO `SkillSet_skills` (`SkillSet_id`, `skills`) VALUES ('11385', 'dotNet');
INSERT INTO `SkillSet_skills` (`SkillSet_id`, `skills`) VALUES ('11385', 'Ant');
INSERT INTO `Mission` (`id`, `companyName`, `shortName`, `role`, `skillSet_id`) VALUES ('11385', 'df6bc120-0179-48af-bd2e-436ee6360f77', '0e5e962b-ce16-4ac5-91f2-b55927b66fc5', 'SeniorSoftwareEngineer', '11385');
INSERT INTO `SkillSet` (`id`) VALUES ('11386');
INSERT INTO `SkillSet_skills` (`SkillSet_id`, `skills`) VALUES ('11386', 'UnitTesting');
INSERT INTO `SkillSet_skills` (`SkillSet_id`, `skills`) VALUES ('11386', 'UITesting');
INSERT INTO `SkillSet_skills` (`SkillSet_id`, `skills`) VALUES ('11386', 'SQL');
INSERT INTO `Mission` (`id`, `companyName`, `shortName`, `role`, `skillSet_id`) VALUES ('11386', '3507e6ae-9d4a-4de8-ad44-1f9b4e1aaf25', 'ac573095-a592-488a-9a07-d9f66043d2c6', 'LeadSoftwareArchitect', '11386');
INSERT INTO `SkillSet` (`id`) VALUES ('11387');
INSERT INTO `SkillSet_skills` (`SkillSet_id`, `skills`) VALUES ('11387', 'UnitTesting');
INSERT INTO `SkillSet_skills` (`SkillSet_id`, `skills`) VALUES ('11387', 'UITesting');
INSERT INTO `Mission` (`id`, `companyName`, `shortName`, `role`, `skillSet_id`) VALUES ('11387', 'fdbcc9e5-4a57-445d-a605-b1a8892759fa', '92c0803d-fa3d-4c47-9d33-cf0604359e5d', 'SeniorSoftwareEngineer', '11387');
INSERT INTO `SkillSet` (`id`) VALUES ('11388');
INSERT INTO `SkillSet_skills` (`SkillSet_id`, `skills`) VALUES ('11388', 'Maven');
INSERT INTO `SkillSet_skills` (`SkillSet_id`, `skills`) VALUES ('11388', 'SQL');
INSERT INTO `Mission` (`id`, `companyName`, `shortName`, `role`, `skillSet_id`) VALUES ('11388', '559e5000-de9d-49c8-abc9-331167d35568', '1e317bf7-c245-4920-80b9-00baa1ac0037', 'LeadSoftwareArchitect', '11388');
INSERT INTO `SkillSet` (`id`) VALUES ('11389');
INSERT INTO `SkillSet_skills` (`SkillSet_id`, `skills`) VALUES ('11389', 'Ant');
INSERT INTO `SkillSet_skills` (`SkillSet_id`, `skills`) VALUES ('11389', 'Architektur');
INSERT INTO `SkillSet_skills` (`SkillSet_id`, `skills`) VALUES ('11389', 'dotNet');
INSERT INTO `Mission` (`id`, `companyName`, `shortName`, `role`, `skillSet_id`) VALUES ('11389', '27b5f92f-cfc7-4917-9761-f235d0c95771', '99da51b7-486b-44d0-b9d7-e573252b8c95', 'SeniorSoftwareEngineer', '11389');
INSERT INTO `SkillSet` (`id`) VALUES ('11390');
INSERT INTO `SkillSet_skills` (`SkillSet_id`, `skills`) VALUES ('11390', 'Gradle');
INSERT INTO `SkillSet_skills` (`SkillSet_id`, `skills`) VALUES ('11390', 'Architektur');
INSERT INTO `SkillSet_skills` (`SkillSet_id`, `skills`) VALUES ('11390', 'SQL');
INSERT INTO `Mission` (`id`, `companyName`, `shortName`, `role`, `skillSet_id`) VALUES ('11390', '64b501e6-2bfc-4df9-95f5-6889391917f2', '531d23e9-de48-4688-9cf1-e8281ae5dbe5', 'LeadEngineer', '11390');
INSERT INTO `SkillSet` (`id`) VALUES ('11391');
INSERT INTO `SkillSet_skills` (`SkillSet_id`, `skills`) VALUES ('11391', 'UITesting');
INSERT INTO `Mission` (`id`, `companyName`, `shortName`, `role`, `skillSet_id`) VALUES ('11391', 'e8fdefa5-ae89-4a8b-861f-f0fa8b9a57b4', '87529410-e550-40e5-9852-65ab3f7bff8d', 'JuniorSoftwareEngineer', '11391');
INSERT INTO `SkillSet` (`id`) VALUES ('11392');
INSERT INTO `SkillSet_skills` (`SkillSet_id`, `skills`) VALUES ('11392', 'Ant');
INSERT INTO `SkillSet_skills` (`SkillSet_id`, `skills`) VALUES ('11392', 'UnitTesting');
INSERT INTO `SkillSet_skills` (`SkillSet_id`, `skills`) VALUES ('11392', 'Maven');
INSERT INTO `SkillSet_skills` (`SkillSet_id`, `skills`) VALUES ('11392', 'Architektur');
INSERT INTO `SkillSet_skills` (`SkillSet_id`, `skills`) VALUES ('11392', 'UnitTesting');
INSERT INTO `Mission` (`id`, `companyName`, `shortName`, `role`, `skillSet_id`) VALUES ('11392', 'd772cbd2-9f68-4002-bdff-a3c48b9f3422', '7afa0ee0-bd78-49cc-8dd7-26a1ba858044', 'SoftwareEngineer', '11392');
INSERT INTO `SkillSet` (`id`) VALUES ('11393');
INSERT INTO `SkillSet_skills` (`SkillSet_id`, `skills`) VALUES ('11393', 'Ant');
INSERT INTO `SkillSet_skills` (`SkillSet_id`, `skills`) VALUES ('11393', 'Architektur');
INSERT INTO `SkillSet_skills` (`SkillSet_id`, `skills`) VALUES ('11393', 'Java');
INSERT INTO `Mission` (`id`, `companyName`, `shortName`, `role`, `skillSet_id`) VALUES ('11393', 'f7743c47-c9e3-4da7-b4e9-1ed3579e7b97', 'f07b473f-1ada-4fec-a46c-5e52312b4707', 'PrincipalConsultant', '11393');
INSERT INTO `SkillSet` (`id`) VALUES ('11394');
INSERT INTO `SkillSet_skills` (`SkillSet_id`, `skills`) VALUES ('11394', 'UnitTesting');
INSERT INTO `SkillSet_skills` (`SkillSet_id`, `skills`) VALUES ('11394', 'Ant');
INSERT INTO `SkillSet_skills` (`SkillSet_id`, `skills`) VALUES ('11394', 'Ant');
INSERT INTO `Mission` (`id`, `companyName`, `shortName`, `role`, `skillSet_id`) VALUES ('11394', '0c5cd93d-e5c5-49d3-bfd4-aeb223df5119', 'f3c98d77-7340-496d-83f7-9247c1eb4a6f', 'PrincipalConsultant', '11394');
INSERT INTO `SkillSet` (`id`) VALUES ('11395');
INSERT INTO `SkillSet_skills` (`SkillSet_id`, `skills`) VALUES ('11395', 'SQL');
INSERT INTO `SkillSet_skills` (`SkillSet_id`, `skills`) VALUES ('11395', 'Architektur');
INSERT INTO `SkillSet_skills` (`SkillSet_id`, `skills`) VALUES ('11395', 'Maven');
INSERT INTO `SkillSet_skills` (`SkillSet_id`, `skills`) VALUES ('11395', 'Java');
INSERT INTO `Mission` (`id`, `companyName`, `shortName`, `role`, `skillSet_id`) VALUES ('11395', '76f892c2-f0bc-4d87-bb17-282dfac6819d', 'b16687c9-26a5-4291-8a60-804bde4067d4', 'LeadEngineer', '11395');
INSERT INTO `SkillSet` (`id`) VALUES ('11396');
INSERT INTO `SkillSet_skills` (`SkillSet_id`, `skills`) VALUES ('11396', 'Architektur');
INSERT INTO `SkillSet_skills` (`SkillSet_id`, `skills`) VALUES ('11396', 'UnitTesting');
INSERT INTO `SkillSet_skills` (`SkillSet_id`, `skills`) VALUES ('11396', 'dotNet');
INSERT INTO `Mission` (`id`, `companyName`, `shortName`, `role`, `skillSet_id`) VALUES ('11396', '4d235b83-1ee5-4690-a220-8682d30dcde1', '37ca24c7-a8af-49c1-a1a4-5900d3133f15', 'SeniorSoftwareEngineer', '11396');
INSERT INTO `SkillSet` (`id`) VALUES ('11397');
INSERT INTO `SkillSet_skills` (`SkillSet_id`, `skills`) VALUES ('11397', 'Architektur');
INSERT INTO `SkillSet_skills` (`SkillSet_id`, `skills`) VALUES ('11397', 'Maven');
INSERT INTO `SkillSet_skills` (`SkillSet_id`, `skills`) VALUES ('11397', 'dotNet');
INSERT INTO `SkillSet_skills` (`SkillSet_id`, `skills`) VALUES ('11397', 'dotNet');
INSERT INTO `Mission` (`id`, `companyName`, `shortName`, `role`, `skillSet_id`) VALUES ('11397', '76d00192-a21f-4e8b-ab33-38b28bce5b56', 'afaf2e08-98f3-4d4b-92f8-85be0fc4f9fe', 'LeadSoftwareArchitect', '11397');
INSERT INTO `SkillSet` (`id`) VALUES ('11398');
INSERT INTO `SkillSet_skills` (`SkillSet_id`, `skills`) VALUES ('11398', 'Maven');
INSERT INTO `SkillSet_skills` (`SkillSet_id`, `skills`) VALUES ('11398', 'Architektur');
INSERT INTO `SkillSet_skills` (`SkillSet_id`, `skills`) VALUES ('11398', 'dotNet');
INSERT INTO `SkillSet_skills` (`SkillSet_id`, `skills`) VALUES ('11398', 'Ant');
INSERT INTO `Mission` (`id`, `companyName`, `shortName`, `role`, `skillSet_id`) VALUES ('11398', '342f4bbe-1153-476a-85d0-0caf5b6344f7', '3bacb8bb-704d-4c3f-9156-61a5fdc814ce', 'PrincipalConsultant', '11398');
INSERT INTO `SkillSet` (`id`) VALUES ('11399');
INSERT INTO `SkillSet_skills` (`SkillSet_id`, `skills`) VALUES ('11399', 'Maven');
INSERT INTO `Mission` (`id`, `companyName`, `shortName`, `role`, `skillSet_id`) VALUES ('11399', '58b3049a-3d2b-48cc-801c-e82cc48d7d9e', '51a9753d-8ee6-45cd-a79c-37405b1caf7d', 'SoftwareEngineer', '11399');
INSERT INTO `SkillSet` (`id`) VALUES ('11400');
INSERT INTO `SkillSet_skills` (`SkillSet_id`, `skills`) VALUES ('11400', 'Ant');
INSERT INTO `SkillSet_skills` (`SkillSet_id`, `skills`) VALUES ('11400', 'Gradle');
INSERT INTO `SkillSet_skills` (`SkillSet_id`, `skills`) VALUES ('11400', 'Java');
INSERT INTO `SkillSet_skills` (`SkillSet_id`, `skills`) VALUES ('11400', 'Gradle');
INSERT INTO `Mission` (`id`, `companyName`, `shortName`, `role`, `skillSet_id`) VALUES ('11400', '0ab80ea5-0c95-4bc6-8604-942a0345af26', 'a2b5c726-d406-4399-afca-a7cf9c3eb4f1', 'JuniorSoftwareEngineer', '11400');
INSERT INTO `SkillSet` (`id`) VALUES ('11401');
INSERT INTO `SkillSet_skills` (`SkillSet_id`, `skills`) VALUES ('11401', 'UITesting');
INSERT INTO `SkillSet_skills` (`SkillSet_id`, `skills`) VALUES ('11401', 'Ant');
INSERT INTO `SkillSet_skills` (`SkillSet_id`, `skills`) VALUES ('11401', 'UnitTesting');
INSERT INTO `SkillSet_skills` (`SkillSet_id`, `skills`) VALUES ('11401', 'Ant');
INSERT INTO `Mission` (`id`, `companyName`, `shortName`, `role`, `skillSet_id`) VALUES ('11401', 'c5344952-6b64-4577-9983-7cf28f9c8166', '84a729b6-f954-4f93-9152-38271f784ef0', 'SoftwareEngineer', '11401');
INSERT INTO `SkillSet` (`id`) VALUES ('11402');
INSERT INTO `SkillSet_skills` (`SkillSet_id`, `skills`) VALUES ('11402', 'UnitTesting');
INSERT INTO `SkillSet_skills` (`SkillSet_id`, `skills`) VALUES ('11402', 'UITesting');
INSERT INTO `SkillSet_skills` (`SkillSet_id`, `skills`) VALUES ('11402', 'Maven');
INSERT INTO `SkillSet_skills` (`SkillSet_id`, `skills`) VALUES ('11402', 'SQL');
INSERT INTO `SkillSet_skills` (`SkillSet_id`, `skills`) VALUES ('11402', 'Architektur');
INSERT INTO `Mission` (`id`, `companyName`, `shortName`, `role`, `skillSet_id`) VALUES ('11402', 'ab468d78-c195-45ab-b7c6-64246899c851', '79392d14-0a91-4924-bb6e-28decc213c2d', 'LeadEngineer', '11402');
INSERT INTO `SkillSet` (`id`) VALUES ('11403');
INSERT INTO `SkillSet_skills` (`SkillSet_id`, `skills`) VALUES ('11403', 'SQL');
INSERT INTO `SkillSet_skills` (`SkillSet_id`, `skills`) VALUES ('11403', 'UITesting');
INSERT INTO `SkillSet_skills` (`SkillSet_id`, `skills`) VALUES ('11403', 'dotNet');
INSERT INTO `Mission` (`id`, `companyName`, `shortName`, `role`, `skillSet_id`) VALUES ('11403', 'cbdb44a6-9fd3-425d-acb0-32e105cb2d2d', '9ff45062-ac3b-4dad-9dcc-37f5c1d26dbc', 'JuniorSoftwareEngineer', '11403');
INSERT INTO `SkillSet` (`id`) VALUES ('11404');
INSERT INTO `SkillSet_skills` (`SkillSet_id`, `skills`) VALUES ('11404', 'UITesting');
INSERT INTO `SkillSet_skills` (`SkillSet_id`, `skills`) VALUES ('11404', 'Java');
INSERT INTO `SkillSet_skills` (`SkillSet_id`, `skills`) VALUES ('11404', 'Architektur');
INSERT INTO `SkillSet_skills` (`SkillSet_id`, `skills`) VALUES ('11404', 'Java');
INSERT INTO `Mission` (`id`, `companyName`, `shortName`, `role`, `skillSet_id`) VALUES ('11404', 'e0da11bd-c760-4be7-8a6a-84bbb5c6273b', '15e04f06-1fc9-4cce-9f8d-264fd1da4c7c', 'LeadEngineer', '11404');
INSERT INTO `SkillSet` (`id`) VALUES ('11405');
INSERT INTO `SkillSet_skills` (`SkillSet_id`, `skills`) VALUES ('11405', 'Maven');
INSERT INTO `SkillSet_skills` (`SkillSet_id`, `skills`) VALUES ('11405', 'Java');
INSERT INTO `SkillSet_skills` (`SkillSet_id`, `skills`) VALUES ('11405', 'UnitTesting');
INSERT INTO `SkillSet_skills` (`SkillSet_id`, `skills`) VALUES ('11405', 'Maven');
INSERT INTO `Mission` (`id`, `companyName`, `shortName`, `role`, `skillSet_id`) VALUES ('11405', '445e0a0d-e375-4184-9fe1-7d7004a4fb0a', '1a6b220b-6a6c-4c7e-9552-1e0f68d1411d', 'PrincipalConsultant', '11405');
INSERT INTO `SkillSet` (`id`) VALUES ('11406');
INSERT INTO `SkillSet_skills` (`SkillSet_id`, `skills`) VALUES ('11406', 'Ant');
INSERT INTO `SkillSet_skills` (`SkillSet_id`, `skills`) VALUES ('11406', 'Java');
INSERT INTO `SkillSet_skills` (`SkillSet_id`, `skills`) VALUES ('11406', 'Java');
INSERT INTO `SkillSet_skills` (`SkillSet_id`, `skills`) VALUES ('11406', 'Gradle');
INSERT INTO `Mission` (`id`, `companyName`, `shortName`, `role`, `skillSet_id`) VALUES ('11406', '483bade6-040b-4317-9d56-4fede281e864', 'c5d9a702-2226-4f14-93f6-21032405fe64', 'LeadEngineer', '11406');
INSERT INTO `SkillSet` (`id`) VALUES ('11407');
INSERT INTO `SkillSet_skills` (`SkillSet_id`, `skills`) VALUES ('11407', 'Architektur');
INSERT INTO `SkillSet_skills` (`SkillSet_id`, `skills`) VALUES ('11407', 'Maven');
INSERT INTO `SkillSet_skills` (`SkillSet_id`, `skills`) VALUES ('11407', 'SQL');
INSERT INTO `SkillSet_skills` (`SkillSet_id`, `skills`) VALUES ('11407', 'Maven');
INSERT INTO `Mission` (`id`, `companyName`, `shortName`, `role`, `skillSet_id`) VALUES ('11407', '20d61e3a-cc15-4cbb-ba80-6f123ee447e1', 'efd02db7-92ff-4e6b-bc28-73875a36188f', 'SeniorSoftwareEngineer', '11407');
INSERT INTO `SkillSet` (`id`) VALUES ('11408');
INSERT INTO `SkillSet_skills` (`SkillSet_id`, `skills`) VALUES ('11408', 'Java');
INSERT INTO `SkillSet_skills` (`SkillSet_id`, `skills`) VALUES ('11408', 'UITesting');
INSERT INTO `SkillSet_skills` (`SkillSet_id`, `skills`) VALUES ('11408', 'Maven');
INSERT INTO `Mission` (`id`, `companyName`, `shortName`, `role`, `skillSet_id`) VALUES ('11408', '930862a1-6cbb-4fdf-b778-98de98df201f', 'b80c2227-7ba3-4cee-bde2-5bc8b4ae1a9c', 'SoftwareEngineer', '11408');
INSERT INTO `SkillSet` (`id`) VALUES ('11409');
INSERT INTO `SkillSet_skills` (`SkillSet_id`, `skills`) VALUES ('11409', 'Gradle');
INSERT INTO `SkillSet_skills` (`SkillSet_id`, `skills`) VALUES ('11409', 'Maven');
INSERT INTO `SkillSet_skills` (`SkillSet_id`, `skills`) VALUES ('11409', 'SQL');
INSERT INTO `Mission` (`id`, `companyName`, `shortName`, `role`, `skillSet_id`) VALUES ('11409', '9e8cac95-8bd1-4b31-a59e-e9ef0f7c4101', '9e70f978-e693-46f7-8b8b-8e8c83e55ede', 'LeadEngineer', '11409');
INSERT INTO `SkillSet` (`id`) VALUES ('11410');
INSERT INTO `SkillSet_skills` (`SkillSet_id`, `skills`) VALUES ('11410', 'Gradle');
INSERT INTO `SkillSet_skills` (`SkillSet_id`, `skills`) VALUES ('11410', 'UnitTesting');
INSERT INTO `SkillSet_skills` (`SkillSet_id`, `skills`) VALUES ('11410', 'UnitTesting');
INSERT INTO `Mission` (`id`, `companyName`, `shortName`, `role`, `skillSet_id`) VALUES ('11410', '3c5133f9-74ff-480c-85f1-de34ab3d7ba7', '98289179-5e53-428d-b20b-4f56c7688977', 'PrincipalConsultant', '11410');
INSERT INTO `SkillSet` (`id`) VALUES ('11411');
INSERT INTO `SkillSet_skills` (`SkillSet_id`, `skills`) VALUES ('11411', 'UnitTesting');
INSERT INTO `SkillSet_skills` (`SkillSet_id`, `skills`) VALUES ('11411', 'UITesting');
INSERT INTO `SkillSet_skills` (`SkillSet_id`, `skills`) VALUES ('11411', 'dotNet');
INSERT INTO `Mission` (`id`, `companyName`, `shortName`, `role`, `skillSet_id`) VALUES ('11411', 'cebb1ba1-22d0-4cfb-9b0d-ba9195027929', '43758dd4-86da-4f4b-8358-bbd900d903c4', 'JuniorSoftwareEngineer', '11411');
INSERT INTO `SkillSet` (`id`) VALUES ('11412');
INSERT INTO `SkillSet_skills` (`SkillSet_id`, `skills`) VALUES ('11412', 'SQL');
INSERT INTO `SkillSet_skills` (`SkillSet_id`, `skills`) VALUES ('11412', 'Maven');
INSERT INTO `SkillSet_skills` (`SkillSet_id`, `skills`) VALUES ('11412', 'Architektur');
INSERT INTO `SkillSet_skills` (`SkillSet_id`, `skills`) VALUES ('11412', 'SQL');
INSERT INTO `SkillSet_skills` (`SkillSet_id`, `skills`) VALUES ('11412', 'Architektur');
INSERT INTO `Mission` (`id`, `companyName`, `shortName`, `role`, `skillSet_id`) VALUES ('11412', '91d326ba-b6c4-41e2-8382-4e2c5e937792', '3e1255a1-0be5-42c9-9091-a35bfa9878cb', 'LeadSoftwareArchitect', '11412');
INSERT INTO `SkillSet` (`id`) VALUES ('11413');
INSERT INTO `SkillSet_skills` (`SkillSet_id`, `skills`) VALUES ('11413', 'Gradle');
INSERT INTO `SkillSet_skills` (`SkillSet_id`, `skills`) VALUES ('11413', 'UnitTesting');
INSERT INTO `Mission` (`id`, `companyName`, `shortName`, `role`, `skillSet_id`) VALUES ('11413', 'b04fced5-3034-4546-ac95-81cb2b348036', 'b99dd5f9-494b-4a29-b1ae-87886f69d3c9', 'SeniorSoftwareEngineer', '11413');
INSERT INTO `SkillSet` (`id`) VALUES ('11414');
INSERT INTO `SkillSet_skills` (`SkillSet_id`, `skills`) VALUES ('11414', 'Architektur');
INSERT INTO `SkillSet_skills` (`SkillSet_id`, `skills`) VALUES ('11414', 'UnitTesting');
INSERT INTO `Mission` (`id`, `companyName`, `shortName`, `role`, `skillSet_id`) VALUES ('11414', 'a1e53e76-bac9-4087-a262-7c6f74e01bc7', '55c83761-7565-4845-af85-2d4f2705afb3', 'PrincipalConsultant', '11414');
INSERT INTO `SkillSet` (`id`) VALUES ('11415');
INSERT INTO `SkillSet_skills` (`SkillSet_id`, `skills`) VALUES ('11415', 'Maven');
INSERT INTO `SkillSet_skills` (`SkillSet_id`, `skills`) VALUES ('11415', 'Maven');
INSERT INTO `SkillSet_skills` (`SkillSet_id`, `skills`) VALUES ('11415', 'Java');
INSERT INTO `SkillSet_skills` (`SkillSet_id`, `skills`) VALUES ('11415', 'Ant');
INSERT INTO `Mission` (`id`, `companyName`, `shortName`, `role`, `skillSet_id`) VALUES ('11415', 'ef0c63c2-27e7-4ab5-a347-9f33d88ff1ca', '62c9ea6b-880b-458f-8f77-a2df6c515e24', 'LeadEngineer', '11415');
INSERT INTO `SkillSet` (`id`) VALUES ('11416');
INSERT INTO `SkillSet_skills` (`SkillSet_id`, `skills`) VALUES ('11416', 'dotNet');
INSERT INTO `SkillSet_skills` (`SkillSet_id`, `skills`) VALUES ('11416', 'Java');
INSERT INTO `SkillSet_skills` (`SkillSet_id`, `skills`) VALUES ('11416', 'UnitTesting');
INSERT INTO `Mission` (`id`, `companyName`, `shortName`, `role`, `skillSet_id`) VALUES ('11416', '457bbfd4-752b-45ef-abc8-00f9acb54e3d', 'bc72c2a2-9788-459b-8cca-c351bbb41420', 'JuniorSoftwareEngineer', '11416');
INSERT INTO `SkillSet` (`id`) VALUES ('11417');
INSERT INTO `SkillSet_skills` (`SkillSet_id`, `skills`) VALUES ('11417', 'Ant');
INSERT INTO `SkillSet_skills` (`SkillSet_id`, `skills`) VALUES ('11417', 'UnitTesting');
INSERT INTO `Mission` (`id`, `companyName`, `shortName`, `role`, `skillSet_id`) VALUES ('11417', '849b6c3b-8ace-4d59-9ceb-16dd29fc0ce0', '849620c5-f057-4372-9014-e3e5912f389a', 'LeadSoftwareArchitect', '11417');
INSERT INTO `SkillSet` (`id`) VALUES ('11418');
INSERT INTO `SkillSet_skills` (`SkillSet_id`, `skills`) VALUES ('11418', 'Gradle');
INSERT INTO `SkillSet_skills` (`SkillSet_id`, `skills`) VALUES ('11418', 'Maven');
INSERT INTO `Mission` (`id`, `companyName`, `shortName`, `role`, `skillSet_id`) VALUES ('11418', 'b17f7a9f-a2e7-4781-a940-1e8e2aa9d1c9', 'a5ae7bb5-47d1-409b-8ae7-722b9834430f', 'LeadEngineer', '11418');
INSERT INTO `SkillSet` (`id`) VALUES ('11419');
INSERT INTO `SkillSet_skills` (`SkillSet_id`, `skills`) VALUES ('11419', 'Maven');
INSERT INTO `SkillSet_skills` (`SkillSet_id`, `skills`) VALUES ('11419', 'UnitTesting');
INSERT INTO `Mission` (`id`, `companyName`, `shortName`, `role`, `skillSet_id`) VALUES ('11419', 'd18702ea-29d9-4750-bff8-b2a93e9d94b8', '97ced652-95ad-4214-89cc-c36f3d4dd438', 'PrincipalConsultant', '11419');
INSERT INTO `SkillSet` (`id`) VALUES ('11420');
INSERT INTO `SkillSet_skills` (`SkillSet_id`, `skills`) VALUES ('11420', 'UITesting');
INSERT INTO `SkillSet_skills` (`SkillSet_id`, `skills`) VALUES ('11420', 'Ant');
INSERT INTO `Mission` (`id`, `companyName`, `shortName`, `role`, `skillSet_id`) VALUES ('11420', 'a460a7d3-c1d0-4fc4-9959-406295c8688a', '4bd2b370-761c-4967-98a1-262dd166579c', 'LeadEngineer', '11420');
INSERT INTO `SkillSet` (`id`) VALUES ('11421');
INSERT INTO `SkillSet_skills` (`SkillSet_id`, `skills`) VALUES ('11421', 'Maven');
INSERT INTO `SkillSet_skills` (`SkillSet_id`, `skills`) VALUES ('11421', 'SQL');
INSERT INTO `SkillSet_skills` (`SkillSet_id`, `skills`) VALUES ('11421', 'Maven');
INSERT INTO `SkillSet_skills` (`SkillSet_id`, `skills`) VALUES ('11421', 'Maven');
INSERT INTO `Mission` (`id`, `companyName`, `shortName`, `role`, `skillSet_id`) VALUES ('11421', 'ac604d97-a37b-43cd-af7e-6e3a9ce845a8', 'af70f029-f3e7-43d8-9f3d-182bb9e1fe2f', 'JuniorSoftwareEngineer', '11421');
INSERT INTO `SkillSet` (`id`) VALUES ('11422');
INSERT INTO `SkillSet_skills` (`SkillSet_id`, `skills`) VALUES ('11422', 'UnitTesting');
INSERT INTO `SkillSet_skills` (`SkillSet_id`, `skills`) VALUES ('11422', 'dotNet');
INSERT INTO `SkillSet_skills` (`SkillSet_id`, `skills`) VALUES ('11422', 'UnitTesting');
INSERT INTO `SkillSet_skills` (`SkillSet_id`, `skills`) VALUES ('11422', 'Gradle');
INSERT INTO `Mission` (`id`, `companyName`, `shortName`, `role`, `skillSet_id`) VALUES ('11422', 'cdb0693a-93c2-400f-8a2b-b618658b1a35', 'cd104350-86e1-45a4-b06c-e46cbad6faf7', 'SoftwareEngineer', '11422');
INSERT INTO `SkillSet` (`id`) VALUES ('11423');
INSERT INTO `SkillSet_skills` (`SkillSet_id`, `skills`) VALUES ('11423', 'Architektur');
INSERT INTO `SkillSet_skills` (`SkillSet_id`, `skills`) VALUES ('11423', 'UnitTesting');
INSERT INTO `SkillSet_skills` (`SkillSet_id`, `skills`) VALUES ('11423', 'Ant');
INSERT INTO `SkillSet_skills` (`SkillSet_id`, `skills`) VALUES ('11423', 'Maven');
INSERT INTO `Mission` (`id`, `companyName`, `shortName`, `role`, `skillSet_id`) VALUES ('11423', '38827d46-23f7-40a8-99b0-8beedb0ad5a6', 'dee65c6a-bfe3-42c3-8506-a161016b7c26', 'SeniorSoftwareEngineer', '11423');
INSERT INTO `SkillSet` (`id`) VALUES ('11424');
INSERT INTO `SkillSet_skills` (`SkillSet_id`, `skills`) VALUES ('11424', 'Ant');
INSERT INTO `Mission` (`id`, `companyName`, `shortName`, `role`, `skillSet_id`) VALUES ('11424', '1f097253-b764-4aac-89a8-d6d685356451', 'aa76c4a1-d8d6-4906-a1f9-faaeca932840', 'LeadSoftwareArchitect', '11424');
INSERT INTO `SkillSet` (`id`) VALUES ('11425');
INSERT INTO `SkillSet_skills` (`SkillSet_id`, `skills`) VALUES ('11425', 'UnitTesting');
INSERT INTO `SkillSet_skills` (`SkillSet_id`, `skills`) VALUES ('11425', 'UITesting');
INSERT INTO `SkillSet_skills` (`SkillSet_id`, `skills`) VALUES ('11425', 'UITesting');
INSERT INTO `SkillSet_skills` (`SkillSet_id`, `skills`) VALUES ('11425', 'Architektur');
INSERT INTO `SkillSet_skills` (`SkillSet_id`, `skills`) VALUES ('11425', 'Architektur');
INSERT INTO `Mission` (`id`, `companyName`, `shortName`, `role`, `skillSet_id`) VALUES ('11425', '5969fb5e-cd5e-4d5d-b145-51b9bc8037de', 'efd32fa6-5b12-42f3-94b7-d4c5a036c5e1', 'SoftwareEngineer', '11425');
INSERT INTO `SkillSet` (`id`) VALUES ('11426');
INSERT INTO `SkillSet_skills` (`SkillSet_id`, `skills`) VALUES ('11426', 'SQL');
INSERT INTO `SkillSet_skills` (`SkillSet_id`, `skills`) VALUES ('11426', 'SQL');
INSERT INTO `SkillSet_skills` (`SkillSet_id`, `skills`) VALUES ('11426', 'Maven');
INSERT INTO `Mission` (`id`, `companyName`, `shortName`, `role`, `skillSet_id`) VALUES ('11426', '0219eba8-59ea-4fce-8901-29cb9ebaafa1', '8ef87986-b28b-43af-8b1a-b0baf324a50d', 'LeadSoftwareArchitect', '11426');
INSERT INTO `SkillSet` (`id`) VALUES ('11427');
INSERT INTO `SkillSet_skills` (`SkillSet_id`, `skills`) VALUES ('11427', 'dotNet');
INSERT INTO `SkillSet_skills` (`SkillSet_id`, `skills`) VALUES ('11427', 'Gradle');
INSERT INTO `SkillSet_skills` (`SkillSet_id`, `skills`) VALUES ('11427', 'Ant');
INSERT INTO `Mission` (`id`, `companyName`, `shortName`, `role`, `skillSet_id`) VALUES ('11427', '53609e46-2a88-42d9-bf2e-1bff6d6ca7af', '9f42209a-47ba-4b46-899a-e49922ffb044', 'LeadSoftwareArchitect', '11427');
INSERT INTO `SkillSet` (`id`) VALUES ('11428');
INSERT INTO `SkillSet_skills` (`SkillSet_id`, `skills`) VALUES ('11428', 'Architektur');
INSERT INTO `SkillSet_skills` (`SkillSet_id`, `skills`) VALUES ('11428', 'SQL');
INSERT INTO `SkillSet_skills` (`SkillSet_id`, `skills`) VALUES ('11428', 'Ant');
INSERT INTO `Mission` (`id`, `companyName`, `shortName`, `role`, `skillSet_id`) VALUES ('11428', 'fd1ae252-05d5-402b-9a69-d0ff169d77c6', '46e695f0-7eaa-4ad3-a044-50917257a6b2', 'JuniorSoftwareEngineer', '11428');
INSERT INTO `SkillSet` (`id`) VALUES ('11429');
INSERT INTO `SkillSet_skills` (`SkillSet_id`, `skills`) VALUES ('11429', 'Maven');
INSERT INTO `SkillSet_skills` (`SkillSet_id`, `skills`) VALUES ('11429', 'Ant');
INSERT INTO `SkillSet_skills` (`SkillSet_id`, `skills`) VALUES ('11429', 'Java');
INSERT INTO `SkillSet_skills` (`SkillSet_id`, `skills`) VALUES ('11429', 'Architektur');
INSERT INTO `SkillSet_skills` (`SkillSet_id`, `skills`) VALUES ('11429', 'Java');
INSERT INTO `Mission` (`id`, `companyName`, `shortName`, `role`, `skillSet_id`) VALUES ('11429', 'd899471b-09cd-47f1-b925-8fa9fbcffe2c', 'a75ba825-fa69-4b3f-8602-767278088b4e', 'LeadEngineer', '11429');
INSERT INTO `SkillSet` (`id`) VALUES ('11430');
INSERT INTO `SkillSet_skills` (`SkillSet_id`, `skills`) VALUES ('11430', 'Maven');
INSERT INTO `SkillSet_skills` (`SkillSet_id`, `skills`) VALUES ('11430', 'UnitTesting');
INSERT INTO `SkillSet_skills` (`SkillSet_id`, `skills`) VALUES ('11430', 'dotNet');
INSERT INTO `SkillSet_skills` (`SkillSet_id`, `skills`) VALUES ('11430', 'SQL');
INSERT INTO `Mission` (`id`, `companyName`, `shortName`, `role`, `skillSet_id`) VALUES ('11430', '7838382b-94e0-4c97-8735-dd90be14de70', '094b9ce9-6c87-4948-abc6-48585a061a9c', 'JuniorSoftwareEngineer', '11430');
INSERT INTO `SkillSet` (`id`) VALUES ('11431');
INSERT INTO `SkillSet_skills` (`SkillSet_id`, `skills`) VALUES ('11431', 'Ant');
INSERT INTO `SkillSet_skills` (`SkillSet_id`, `skills`) VALUES ('11431', 'SQL');
INSERT INTO `Mission` (`id`, `companyName`, `shortName`, `role`, `skillSet_id`) VALUES ('11431', 'd50fd8ff-1958-458e-8508-fb004b9738cf', 'b4e77da5-fe9b-4483-ac0f-2700db6ecadc', 'PrincipalConsultant', '11431');
INSERT INTO `SkillSet` (`id`) VALUES ('11432');
INSERT INTO `SkillSet_skills` (`SkillSet_id`, `skills`) VALUES ('11432', 'Ant');
INSERT INTO `SkillSet_skills` (`SkillSet_id`, `skills`) VALUES ('11432', 'dotNet');
INSERT INTO `SkillSet_skills` (`SkillSet_id`, `skills`) VALUES ('11432', 'Java');
INSERT INTO `SkillSet_skills` (`SkillSet_id`, `skills`) VALUES ('11432', 'Gradle');
INSERT INTO `Mission` (`id`, `companyName`, `shortName`, `role`, `skillSet_id`) VALUES ('11432', '50ab37fe-a414-457f-9a47-c32732830fb1', '07651a1e-47cf-4911-aeac-bab7ddf88adb', 'PrincipalConsultant', '11432');
INSERT INTO `SkillSet` (`id`) VALUES ('11433');
INSERT INTO `SkillSet_skills` (`SkillSet_id`, `skills`) VALUES ('11433', 'Architektur');
INSERT INTO `SkillSet_skills` (`SkillSet_id`, `skills`) VALUES ('11433', 'Java');
INSERT INTO `SkillSet_skills` (`SkillSet_id`, `skills`) VALUES ('11433', 'Ant');
INSERT INTO `SkillSet_skills` (`SkillSet_id`, `skills`) VALUES ('11433', 'dotNet');
INSERT INTO `SkillSet_skills` (`SkillSet_id`, `skills`) VALUES ('11433', 'Architektur');
INSERT INTO `Mission` (`id`, `companyName`, `shortName`, `role`, `skillSet_id`) VALUES ('11433', '5d6d2227-f1e8-478b-9e98-ea31b6504416', '8dd21f32-8cf9-4871-97e2-552f52fea6f8', 'LeadSoftwareArchitect', '11433');
INSERT INTO `SkillSet` (`id`) VALUES ('11434');
INSERT INTO `SkillSet_skills` (`SkillSet_id`, `skills`) VALUES ('11434', 'UITesting');
INSERT INTO `SkillSet_skills` (`SkillSet_id`, `skills`) VALUES ('11434', 'dotNet');
INSERT INTO `SkillSet_skills` (`SkillSet_id`, `skills`) VALUES ('11434', 'dotNet');
INSERT INTO `SkillSet_skills` (`SkillSet_id`, `skills`) VALUES ('11434', 'UITesting');
INSERT INTO `Mission` (`id`, `companyName`, `shortName`, `role`, `skillSet_id`) VALUES ('11434', '8b438d15-8f00-48cc-9e47-8128b5eb23d1', '30bae3b1-10d5-4e40-b98a-8e78600dfb69', 'LeadSoftwareArchitect', '11434');
INSERT INTO `SkillSet` (`id`) VALUES ('11435');
INSERT INTO `SkillSet_skills` (`SkillSet_id`, `skills`) VALUES ('11435', 'Architektur');
INSERT INTO `SkillSet_skills` (`SkillSet_id`, `skills`) VALUES ('11435', 'Java');
INSERT INTO `SkillSet_skills` (`SkillSet_id`, `skills`) VALUES ('11435', 'UITesting');
INSERT INTO `SkillSet_skills` (`SkillSet_id`, `skills`) VALUES ('11435', 'UITesting');
INSERT INTO `Mission` (`id`, `companyName`, `shortName`, `role`, `skillSet_id`) VALUES ('11435', 'e3f3a8ed-de1f-4077-8df8-1ad663865efb', '54cc3b6a-e712-4420-972d-4b0413e217f5', 'JuniorSoftwareEngineer', '11435');
INSERT INTO `SkillSet` (`id`) VALUES ('11436');
INSERT INTO `SkillSet_skills` (`SkillSet_id`, `skills`) VALUES ('11436', 'Gradle');
INSERT INTO `SkillSet_skills` (`SkillSet_id`, `skills`) VALUES ('11436', 'Architektur');
INSERT INTO `SkillSet_skills` (`SkillSet_id`, `skills`) VALUES ('11436', 'Java');
INSERT INTO `Mission` (`id`, `companyName`, `shortName`, `role`, `skillSet_id`) VALUES ('11436', '57aa2639-72f8-402a-967b-bd32b63ad116', '81405617-84d8-466b-b6b7-981a41dcc194', 'LeadEngineer', '11436');
INSERT INTO `SkillSet` (`id`) VALUES ('11437');
INSERT INTO `SkillSet_skills` (`SkillSet_id`, `skills`) VALUES ('11437', 'Maven');
INSERT INTO `SkillSet_skills` (`SkillSet_id`, `skills`) VALUES ('11437', 'Java');
INSERT INTO `SkillSet_skills` (`SkillSet_id`, `skills`) VALUES ('11437', 'SQL');
INSERT INTO `SkillSet_skills` (`SkillSet_id`, `skills`) VALUES ('11437', 'Architektur');
INSERT INTO `Mission` (`id`, `companyName`, `shortName`, `role`, `skillSet_id`) VALUES ('11437', '9172ca28-694e-4e25-90a2-2150a5d5052a', 'babf5066-5bdb-4f0e-a4b3-7535402cf605', 'SeniorSoftwareEngineer', '11437');
INSERT INTO `SkillSet` (`id`) VALUES ('11438');
INSERT INTO `SkillSet_skills` (`SkillSet_id`, `skills`) VALUES ('11438', 'UITesting');
INSERT INTO `SkillSet_skills` (`SkillSet_id`, `skills`) VALUES ('11438', 'Ant');
INSERT INTO `SkillSet_skills` (`SkillSet_id`, `skills`) VALUES ('11438', 'UITesting');
INSERT INTO `SkillSet_skills` (`SkillSet_id`, `skills`) VALUES ('11438', 'Java');
INSERT INTO `SkillSet_skills` (`SkillSet_id`, `skills`) VALUES ('11438', 'UITesting');
INSERT INTO `Mission` (`id`, `companyName`, `shortName`, `role`, `skillSet_id`) VALUES ('11438', 'edb5bbc8-8035-439b-99cb-f1b83cc96e33', '36d629e7-aefc-4ad9-83ee-2010d94591b5', 'SeniorSoftwareEngineer', '11438');
INSERT INTO `SkillSet` (`id`) VALUES ('11439');
INSERT INTO `SkillSet_skills` (`SkillSet_id`, `skills`) VALUES ('11439', 'Java');
INSERT INTO `SkillSet_skills` (`SkillSet_id`, `skills`) VALUES ('11439', 'Java');
INSERT INTO `SkillSet_skills` (`SkillSet_id`, `skills`) VALUES ('11439', 'Java');
INSERT INTO `SkillSet_skills` (`SkillSet_id`, `skills`) VALUES ('11439', 'Maven');
INSERT INTO `SkillSet_skills` (`SkillSet_id`, `skills`) VALUES ('11439', 'Gradle');
INSERT INTO `Mission` (`id`, `companyName`, `shortName`, `role`, `skillSet_id`) VALUES ('11439', 'bcfd9b06-e0b7-402b-ac69-396551531f0f', 'f9ec22a2-6d25-4f18-b8b7-00dbf1f7aa7c', 'LeadSoftwareArchitect', '11439');
INSERT INTO `SkillSet` (`id`) VALUES ('11440');
INSERT INTO `SkillSet_skills` (`SkillSet_id`, `skills`) VALUES ('11440', 'Ant');
INSERT INTO `Mission` (`id`, `companyName`, `shortName`, `role`, `skillSet_id`) VALUES ('11440', '0d52d3a1-dcbd-4ca4-8d44-8c9dbe52de0b', '691180ae-d709-464a-9baa-a710037e2afc', 'JuniorSoftwareEngineer', '11440');
INSERT INTO `SkillSet` (`id`) VALUES ('11441');
INSERT INTO `SkillSet_skills` (`SkillSet_id`, `skills`) VALUES ('11441', 'Maven');
INSERT INTO `SkillSet_skills` (`SkillSet_id`, `skills`) VALUES ('11441', 'Architektur');
INSERT INTO `SkillSet_skills` (`SkillSet_id`, `skills`) VALUES ('11441', 'Gradle');
INSERT INTO `SkillSet_skills` (`SkillSet_id`, `skills`) VALUES ('11441', 'Architektur');
INSERT INTO `Mission` (`id`, `companyName`, `shortName`, `role`, `skillSet_id`) VALUES ('11441', 'ef62637e-b138-4c0a-81d7-1ca3f2f9dcf4', 'fe39c5c1-f7fa-4c55-85eb-8ce595ef4edb', 'SeniorSoftwareEngineer', '11441');
INSERT INTO `SkillSet` (`id`) VALUES ('11442');
INSERT INTO `SkillSet_skills` (`SkillSet_id`, `skills`) VALUES ('11442', 'UnitTesting');
INSERT INTO `SkillSet_skills` (`SkillSet_id`, `skills`) VALUES ('11442', 'SQL');
INSERT INTO `SkillSet_skills` (`SkillSet_id`, `skills`) VALUES ('11442', 'Architektur');
INSERT INTO `SkillSet_skills` (`SkillSet_id`, `skills`) VALUES ('11442', 'Java');
INSERT INTO `Mission` (`id`, `companyName`, `shortName`, `role`, `skillSet_id`) VALUES ('11442', '2038ffb1-a646-466c-b1f0-23fe431eb2ad', '3b793a20-517c-4019-9304-240080d8e5bc', 'SoftwareEngineer', '11442');
INSERT INTO `SkillSet` (`id`) VALUES ('11443');
INSERT INTO `SkillSet_skills` (`SkillSet_id`, `skills`) VALUES ('11443', 'UnitTesting');
INSERT INTO `SkillSet_skills` (`SkillSet_id`, `skills`) VALUES ('11443', 'Ant');
INSERT INTO `SkillSet_skills` (`SkillSet_id`, `skills`) VALUES ('11443', 'SQL');
INSERT INTO `SkillSet_skills` (`SkillSet_id`, `skills`) VALUES ('11443', 'Ant');
INSERT INTO `Mission` (`id`, `companyName`, `shortName`, `role`, `skillSet_id`) VALUES ('11443', 'c4b0d0a6-3250-436b-8dfa-953336f561c1', '8fa8e7d9-731e-4e44-9c87-fcee3e8424da', 'LeadSoftwareArchitect', '11443');
INSERT INTO `SkillSet` (`id`) VALUES ('11444');
INSERT INTO `SkillSet_skills` (`SkillSet_id`, `skills`) VALUES ('11444', 'dotNet');
INSERT INTO `Mission` (`id`, `companyName`, `shortName`, `role`, `skillSet_id`) VALUES ('11444', '8efa199c-8a34-4ae2-af2c-932dc7c14347', '23bbfbfb-d45e-4620-94f6-c6f8f8ed0b8b', 'SeniorSoftwareEngineer', '11444');
INSERT INTO `SkillSet` (`id`) VALUES ('11445');
INSERT INTO `SkillSet_skills` (`SkillSet_id`, `skills`) VALUES ('11445', 'dotNet');
INSERT INTO `SkillSet_skills` (`SkillSet_id`, `skills`) VALUES ('11445', 'Architektur');
INSERT INTO `Mission` (`id`, `companyName`, `shortName`, `role`, `skillSet_id`) VALUES ('11445', '621f4b86-e538-4256-955e-ec3e0a9a8923', '2f486ede-07b0-443c-a952-34648100fd60', 'JuniorSoftwareEngineer', '11445');
INSERT INTO `SkillSet` (`id`) VALUES ('11446');
INSERT INTO `SkillSet_skills` (`SkillSet_id`, `skills`) VALUES ('11446', 'Ant');
INSERT INTO `SkillSet_skills` (`SkillSet_id`, `skills`) VALUES ('11446', 'UnitTesting');
INSERT INTO `SkillSet_skills` (`SkillSet_id`, `skills`) VALUES ('11446', 'UnitTesting');
INSERT INTO `SkillSet_skills` (`SkillSet_id`, `skills`) VALUES ('11446', 'Gradle');
INSERT INTO `SkillSet_skills` (`SkillSet_id`, `skills`) VALUES ('11446', 'UITesting');
INSERT INTO `Mission` (`id`, `companyName`, `shortName`, `role`, `skillSet_id`) VALUES ('11446', 'c0fe07b8-d2fd-465e-8999-f1134ae441aa', '4ff4f735-bad4-4bf1-b3b1-6fa580eea6bb', 'SeniorSoftwareEngineer', '11446');
INSERT INTO `SkillSet` (`id`) VALUES ('11447');
INSERT INTO `SkillSet_skills` (`SkillSet_id`, `skills`) VALUES ('11447', 'SQL');
INSERT INTO `Mission` (`id`, `companyName`, `shortName`, `role`, `skillSet_id`) VALUES ('11447', '21c68593-f83b-48ed-a825-aeef7d55c79e', '68778c4a-757a-4a2c-8d0b-b2cb5184f7d7', 'SoftwareEngineer', '11447');
INSERT INTO `SkillSet` (`id`) VALUES ('11448');
INSERT INTO `SkillSet_skills` (`SkillSet_id`, `skills`) VALUES ('11448', 'UITesting');
INSERT INTO `SkillSet_skills` (`SkillSet_id`, `skills`) VALUES ('11448', 'Architektur');
INSERT INTO `SkillSet_skills` (`SkillSet_id`, `skills`) VALUES ('11448', 'UnitTesting');
INSERT INTO `Mission` (`id`, `companyName`, `shortName`, `role`, `skillSet_id`) VALUES ('11448', 'c034e4d4-66f1-46fa-bf44-3b555b4968bf', 'a9f28769-6235-4f4d-932f-652037bdf9f8', 'LeadEngineer', '11448');
INSERT INTO `SkillSet` (`id`) VALUES ('11449');
INSERT INTO `SkillSet_skills` (`SkillSet_id`, `skills`) VALUES ('11449', 'Gradle');
INSERT INTO `SkillSet_skills` (`SkillSet_id`, `skills`) VALUES ('11449', 'UnitTesting');
INSERT INTO `SkillSet_skills` (`SkillSet_id`, `skills`) VALUES ('11449', 'dotNet');
INSERT INTO `SkillSet_skills` (`SkillSet_id`, `skills`) VALUES ('11449', 'dotNet');
INSERT INTO `SkillSet_skills` (`SkillSet_id`, `skills`) VALUES ('11449', 'Maven');
INSERT INTO `Mission` (`id`, `companyName`, `shortName`, `role`, `skillSet_id`) VALUES ('11449', 'c34040a7-c7fa-438b-8f03-53824749864f', 'f6c13d1e-ace0-4783-9580-06203f6937d2', 'JuniorSoftwareEngineer', '11449');
INSERT INTO `SkillSet` (`id`) VALUES ('11450');
INSERT INTO `SkillSet_skills` (`SkillSet_id`, `skills`) VALUES ('11450', 'Ant');
INSERT INTO `SkillSet_skills` (`SkillSet_id`, `skills`) VALUES ('11450', 'dotNet');
INSERT INTO `SkillSet_skills` (`SkillSet_id`, `skills`) VALUES ('11450', 'UITesting');
INSERT INTO `SkillSet_skills` (`SkillSet_id`, `skills`) VALUES ('11450', 'Ant');
INSERT INTO `SkillSet_skills` (`SkillSet_id`, `skills`) VALUES ('11450', 'UITesting');
INSERT INTO `Mission` (`id`, `companyName`, `shortName`, `role`, `skillSet_id`) VALUES ('11450', '65fceec6-a90e-437b-96b3-762609fc5e61', 'ec9a5e8c-ef81-4b55-b1f8-5c3ac1fa4138', 'LeadEngineer', '11450');
INSERT INTO `SkillSet` (`id`) VALUES ('11451');
INSERT INTO `SkillSet_skills` (`SkillSet_id`, `skills`) VALUES ('11451', 'UITesting');
INSERT INTO `SkillSet_skills` (`SkillSet_id`, `skills`) VALUES ('11451', 'Gradle');
INSERT INTO `Mission` (`id`, `companyName`, `shortName`, `role`, `skillSet_id`) VALUES ('11451', 'adc370d8-1233-481a-b7c8-8e8f24c20e92', '5e5f2a00-bd06-4790-9638-a41ef14fb0a2', 'PrincipalConsultant', '11451');
INSERT INTO `SkillSet` (`id`) VALUES ('11452');
INSERT INTO `SkillSet_skills` (`SkillSet_id`, `skills`) VALUES ('11452', 'Ant');
INSERT INTO `SkillSet_skills` (`SkillSet_id`, `skills`) VALUES ('11452', 'Architektur');
INSERT INTO `SkillSet_skills` (`SkillSet_id`, `skills`) VALUES ('11452', 'Gradle');
INSERT INTO `SkillSet_skills` (`SkillSet_id`, `skills`) VALUES ('11452', 'Ant');
INSERT INTO `Mission` (`id`, `companyName`, `shortName`, `role`, `skillSet_id`) VALUES ('11452', '68b7c1eb-cd52-4510-b61d-dc98cd959422', 'c0336748-bbc9-4fb2-822a-bbf80b2bd792', 'PrincipalConsultant', '11452');
INSERT INTO `SkillSet` (`id`) VALUES ('11453');
INSERT INTO `SkillSet_skills` (`SkillSet_id`, `skills`) VALUES ('11453', 'SQL');
INSERT INTO `SkillSet_skills` (`SkillSet_id`, `skills`) VALUES ('11453', 'Gradle');
INSERT INTO `Mission` (`id`, `companyName`, `shortName`, `role`, `skillSet_id`) VALUES ('11453', '81f7f638-bfcf-428b-8db1-3166c4c18d5d', '5ac2d152-6f29-4beb-b40b-60b429e53e22', 'SeniorSoftwareEngineer', '11453');
INSERT INTO `SkillSet` (`id`) VALUES ('11454');
INSERT INTO `SkillSet_skills` (`SkillSet_id`, `skills`) VALUES ('11454', 'UITesting');
INSERT INTO `SkillSet_skills` (`SkillSet_id`, `skills`) VALUES ('11454', 'dotNet');
INSERT INTO `SkillSet_skills` (`SkillSet_id`, `skills`) VALUES ('11454', 'SQL');
INSERT INTO `SkillSet_skills` (`SkillSet_id`, `skills`) VALUES ('11454', 'UITesting');
INSERT INTO `SkillSet_skills` (`SkillSet_id`, `skills`) VALUES ('11454', 'Gradle');
INSERT INTO `Mission` (`id`, `companyName`, `shortName`, `role`, `skillSet_id`) VALUES ('11454', '671e4483-962b-4b5d-83aa-184daf41532d', '7d687564-8b0e-49f9-b1bf-c4448b64a401', 'JuniorSoftwareEngineer', '11454');
INSERT INTO `SkillSet` (`id`) VALUES ('11455');
INSERT INTO `SkillSet_skills` (`SkillSet_id`, `skills`) VALUES ('11455', 'dotNet');
INSERT INTO `Mission` (`id`, `companyName`, `shortName`, `role`, `skillSet_id`) VALUES ('11455', 'dbbd4dc5-7c40-4e5f-b95c-17915386e218', '7d3ed260-80a0-48b1-b850-3a1f621311d3', 'SeniorSoftwareEngineer', '11455');
INSERT INTO `SkillSet` (`id`) VALUES ('11456');
INSERT INTO `SkillSet_skills` (`SkillSet_id`, `skills`) VALUES ('11456', 'UnitTesting');
INSERT INTO `Mission` (`id`, `companyName`, `shortName`, `role`, `skillSet_id`) VALUES ('11456', 'c1299e13-a88e-4bd4-b471-b918efdf68d7', 'a7841014-8d5b-42ff-883c-01a3f53e52ac', 'PrincipalConsultant', '11456');
INSERT INTO `SkillSet` (`id`) VALUES ('11457');
INSERT INTO `SkillSet_skills` (`SkillSet_id`, `skills`) VALUES ('11457', 'dotNet');
INSERT INTO `SkillSet_skills` (`SkillSet_id`, `skills`) VALUES ('11457', 'Maven');
INSERT INTO `SkillSet_skills` (`SkillSet_id`, `skills`) VALUES ('11457', 'SQL');
INSERT INTO `Mission` (`id`, `companyName`, `shortName`, `role`, `skillSet_id`) VALUES ('11457', 'b3af012f-2dd5-4532-bf64-8b9c0b1faa53', '95a91d40-cdaf-40a6-85a8-1dbf5f1c9b69', 'SoftwareEngineer', '11457');
INSERT INTO `SkillSet` (`id`) VALUES ('11458');
INSERT INTO `SkillSet_skills` (`SkillSet_id`, `skills`) VALUES ('11458', 'Ant');
INSERT INTO `Mission` (`id`, `companyName`, `shortName`, `role`, `skillSet_id`) VALUES ('11458', 'f4e02083-de4e-424f-a362-8002a30b5234', '9d3c8950-3e0e-4c18-b5ed-55e5a8991952', 'JuniorSoftwareEngineer', '11458');
INSERT INTO `SkillSet` (`id`) VALUES ('11459');
INSERT INTO `SkillSet_skills` (`SkillSet_id`, `skills`) VALUES ('11459', 'Ant');
INSERT INTO `SkillSet_skills` (`SkillSet_id`, `skills`) VALUES ('11459', 'Architektur');
INSERT INTO `SkillSet_skills` (`SkillSet_id`, `skills`) VALUES ('11459', 'Gradle');
INSERT INTO `SkillSet_skills` (`SkillSet_id`, `skills`) VALUES ('11459', 'UITesting');
INSERT INTO `Mission` (`id`, `companyName`, `shortName`, `role`, `skillSet_id`) VALUES ('11459', '14c1537a-c72f-4fdf-8d66-2c28f79c535a', '2e609f66-30b5-489b-87d9-8ee5173bd2b9', 'SoftwareEngineer', '11459');
INSERT INTO `SkillSet` (`id`) VALUES ('11460');
INSERT INTO `SkillSet_skills` (`SkillSet_id`, `skills`) VALUES ('11460', 'Ant');
INSERT INTO `SkillSet_skills` (`SkillSet_id`, `skills`) VALUES ('11460', 'Gradle');
INSERT INTO `SkillSet_skills` (`SkillSet_id`, `skills`) VALUES ('11460', 'Gradle');
INSERT INTO `SkillSet_skills` (`SkillSet_id`, `skills`) VALUES ('11460', 'Ant');
INSERT INTO `Mission` (`id`, `companyName`, `shortName`, `role`, `skillSet_id`) VALUES ('11460', '7c1ba073-659f-41c7-9d7c-ade6ed7960f2', '827b8e40-d775-4c11-9600-4a69d14bf269', 'JuniorSoftwareEngineer', '11460');
INSERT INTO `SkillSet` (`id`) VALUES ('11461');
INSERT INTO `SkillSet_skills` (`SkillSet_id`, `skills`) VALUES ('11461', 'Ant');
INSERT INTO `SkillSet_skills` (`SkillSet_id`, `skills`) VALUES ('11461', 'Maven');
INSERT INTO `SkillSet_skills` (`SkillSet_id`, `skills`) VALUES ('11461', 'dotNet');
INSERT INTO `Mission` (`id`, `companyName`, `shortName`, `role`, `skillSet_id`) VALUES ('11461', 'fec77d80-1063-47a7-9db5-c9449f794098', 'e9c7d983-d04d-44d8-a030-9552d585c0ab', 'LeadEngineer', '11461');
INSERT INTO `SkillSet` (`id`) VALUES ('11462');
INSERT INTO `SkillSet_skills` (`SkillSet_id`, `skills`) VALUES ('11462', 'Maven');
INSERT INTO `SkillSet_skills` (`SkillSet_id`, `skills`) VALUES ('11462', 'UnitTesting');
INSERT INTO `SkillSet_skills` (`SkillSet_id`, `skills`) VALUES ('11462', 'Architektur');
INSERT INTO `Mission` (`id`, `companyName`, `shortName`, `role`, `skillSet_id`) VALUES ('11462', 'c2833b96-63f5-4b0f-b4b7-dd2ad5429f61', 'e468dccf-205e-4111-9e55-2446d22d0ea6', 'LeadSoftwareArchitect', '11462');
INSERT INTO `SkillSet` (`id`) VALUES ('11463');
INSERT INTO `SkillSet_skills` (`SkillSet_id`, `skills`) VALUES ('11463', 'Gradle');
INSERT INTO `SkillSet_skills` (`SkillSet_id`, `skills`) VALUES ('11463', 'Gradle');
INSERT INTO `SkillSet_skills` (`SkillSet_id`, `skills`) VALUES ('11463', 'Java');
INSERT INTO `SkillSet_skills` (`SkillSet_id`, `skills`) VALUES ('11463', 'UITesting');
INSERT INTO `Mission` (`id`, `companyName`, `shortName`, `role`, `skillSet_id`) VALUES ('11463', '711a0dcb-3456-4fa5-b229-a7a5aa668aea', '70afbece-2101-4618-a31e-a875eb1c201d', 'LeadEngineer', '11463');
INSERT INTO `SkillSet` (`id`) VALUES ('11464');
INSERT INTO `SkillSet_skills` (`SkillSet_id`, `skills`) VALUES ('11464', 'Java');
INSERT INTO `Mission` (`id`, `companyName`, `shortName`, `role`, `skillSet_id`) VALUES ('11464', 'c11f588f-5ae1-468e-a553-8ad9f62a7d2d', 'de5a2473-d770-45fa-83c1-d05fc8bbe813', 'PrincipalConsultant', '11464');
INSERT INTO `SkillSet` (`id`) VALUES ('11465');
INSERT INTO `SkillSet_skills` (`SkillSet_id`, `skills`) VALUES ('11465', 'Maven');
INSERT INTO `Mission` (`id`, `companyName`, `shortName`, `role`, `skillSet_id`) VALUES ('11465', 'fb42f3a4-7a6a-4ea7-8d50-0153a3a3eee7', 'ddd2d44d-29b8-4ea9-bc3e-a74da24efc79', 'JuniorSoftwareEngineer', '11465');
INSERT INTO `SkillSet` (`id`) VALUES ('11466');
INSERT INTO `SkillSet_skills` (`SkillSet_id`, `skills`) VALUES ('11466', 'Architektur');
INSERT INTO `SkillSet_skills` (`SkillSet_id`, `skills`) VALUES ('11466', 'SQL');
INSERT INTO `SkillSet_skills` (`SkillSet_id`, `skills`) VALUES ('11466', 'Maven');
INSERT INTO `SkillSet_skills` (`SkillSet_id`, `skills`) VALUES ('11466', 'Java');
INSERT INTO `Mission` (`id`, `companyName`, `shortName`, `role`, `skillSet_id`) VALUES ('11466', '1fafdf44-9eb7-4440-b5a2-683361f8f5fd', 'afa6e007-7304-424c-80fa-329bc6e32030', 'PrincipalConsultant', '11466');
INSERT INTO `SkillSet` (`id`) VALUES ('11467');
INSERT INTO `SkillSet_skills` (`SkillSet_id`, `skills`) VALUES ('11467', 'Gradle');
INSERT INTO `SkillSet_skills` (`SkillSet_id`, `skills`) VALUES ('11467', 'Ant');
INSERT INTO `SkillSet_skills` (`SkillSet_id`, `skills`) VALUES ('11467', 'dotNet');
INSERT INTO `SkillSet_skills` (`SkillSet_id`, `skills`) VALUES ('11467', 'dotNet');
INSERT INTO `SkillSet_skills` (`SkillSet_id`, `skills`) VALUES ('11467', 'Java');
INSERT INTO `Mission` (`id`, `companyName`, `shortName`, `role`, `skillSet_id`) VALUES ('11467', 'b35d3a56-c36b-4f0e-bf13-6967abd510ad', '26efbd9c-46ac-4e56-aa4e-8cf4bea8ced6', 'LeadSoftwareArchitect', '11467');
INSERT INTO `SkillSet` (`id`) VALUES ('11468');
INSERT INTO `SkillSet_skills` (`SkillSet_id`, `skills`) VALUES ('11468', 'SQL');
INSERT INTO `SkillSet_skills` (`SkillSet_id`, `skills`) VALUES ('11468', 'Maven');
INSERT INTO `SkillSet_skills` (`SkillSet_id`, `skills`) VALUES ('11468', 'SQL');
INSERT INTO `SkillSet_skills` (`SkillSet_id`, `skills`) VALUES ('11468', 'UITesting');
INSERT INTO `SkillSet_skills` (`SkillSet_id`, `skills`) VALUES ('11468', 'dotNet');
INSERT INTO `Mission` (`id`, `companyName`, `shortName`, `role`, `skillSet_id`) VALUES ('11468', 'ebce73c4-598c-402c-85af-7d7826c2b8e2', 'e4b5b73e-6cea-4b24-9ac8-ac16a3788a61', 'LeadEngineer', '11468');
INSERT INTO `SkillSet` (`id`) VALUES ('11469');
INSERT INTO `SkillSet_skills` (`SkillSet_id`, `skills`) VALUES ('11469', 'Java');
INSERT INTO `SkillSet_skills` (`SkillSet_id`, `skills`) VALUES ('11469', 'Gradle');
INSERT INTO `SkillSet_skills` (`SkillSet_id`, `skills`) VALUES ('11469', 'Architektur');
INSERT INTO `SkillSet_skills` (`SkillSet_id`, `skills`) VALUES ('11469', 'UITesting');
INSERT INTO `Mission` (`id`, `companyName`, `shortName`, `role`, `skillSet_id`) VALUES ('11469', '773b97b7-a9a5-4714-85d0-936b89ca0657', 'f1968d55-f9cf-4acb-a4dd-d1118dfd72d7', 'JuniorSoftwareEngineer', '11469');
INSERT INTO `SkillSet` (`id`) VALUES ('11470');
INSERT INTO `SkillSet_skills` (`SkillSet_id`, `skills`) VALUES ('11470', 'Maven');
INSERT INTO `Mission` (`id`, `companyName`, `shortName`, `role`, `skillSet_id`) VALUES ('11470', '09c28f9b-2c4c-47ba-b503-c30ad12b32c5', '107815ff-b572-46c6-adf2-f6ed910d6ec9', 'JuniorSoftwareEngineer', '11470');
INSERT INTO `SkillSet` (`id`) VALUES ('11471');
INSERT INTO `SkillSet_skills` (`SkillSet_id`, `skills`) VALUES ('11471', 'Java');
INSERT INTO `SkillSet_skills` (`SkillSet_id`, `skills`) VALUES ('11471', 'UITesting');
INSERT INTO `SkillSet_skills` (`SkillSet_id`, `skills`) VALUES ('11471', 'Ant');
INSERT INTO `SkillSet_skills` (`SkillSet_id`, `skills`) VALUES ('11471', 'dotNet');
INSERT INTO `Mission` (`id`, `companyName`, `shortName`, `role`, `skillSet_id`) VALUES ('11471', 'a99b3f5d-a6f8-4efd-af53-86fc82b948e0', 'f8e7b6a6-f3be-4a78-aa70-dbc8672530ff', 'PrincipalConsultant', '11471');
INSERT INTO `SkillSet` (`id`) VALUES ('11472');
INSERT INTO `SkillSet_skills` (`SkillSet_id`, `skills`) VALUES ('11472', 'Gradle');
INSERT INTO `SkillSet_skills` (`SkillSet_id`, `skills`) VALUES ('11472', 'Architektur');
INSERT INTO `SkillSet_skills` (`SkillSet_id`, `skills`) VALUES ('11472', 'Architektur');
INSERT INTO `Mission` (`id`, `companyName`, `shortName`, `role`, `skillSet_id`) VALUES ('11472', '326cc99c-8d45-47ca-81d7-4f43ffc6e724', '766fb33e-75a7-4856-92d7-acf040d13b8b', 'JuniorSoftwareEngineer', '11472');
INSERT INTO `SkillSet` (`id`) VALUES ('11473');
INSERT INTO `SkillSet_skills` (`SkillSet_id`, `skills`) VALUES ('11473', 'Ant');
INSERT INTO `SkillSet_skills` (`SkillSet_id`, `skills`) VALUES ('11473', 'UnitTesting');
INSERT INTO `Mission` (`id`, `companyName`, `shortName`, `role`, `skillSet_id`) VALUES ('11473', '26afb9d5-7552-4f26-bbdc-9fc49eb4fbcb', '6f8c625e-c2ae-484b-9026-cedf2e4c7103', 'SeniorSoftwareEngineer', '11473');
INSERT INTO `SkillSet` (`id`) VALUES ('11474');
INSERT INTO `SkillSet_skills` (`SkillSet_id`, `skills`) VALUES ('11474', 'dotNet');
INSERT INTO `SkillSet_skills` (`SkillSet_id`, `skills`) VALUES ('11474', 'UITesting');
INSERT INTO `SkillSet_skills` (`SkillSet_id`, `skills`) VALUES ('11474', 'Architektur');
INSERT INTO `Mission` (`id`, `companyName`, `shortName`, `role`, `skillSet_id`) VALUES ('11474', '8a9cde4d-b1c0-4082-bdf4-7b21d1c98af8', '14e64b75-83ab-4155-9d01-ad967dc87ffb', 'SeniorSoftwareEngineer', '11474');
INSERT INTO `SkillSet` (`id`) VALUES ('11475');
INSERT INTO `SkillSet_skills` (`SkillSet_id`, `skills`) VALUES ('11475', 'UITesting');
INSERT INTO `SkillSet_skills` (`SkillSet_id`, `skills`) VALUES ('11475', 'Architektur');
INSERT INTO `SkillSet_skills` (`SkillSet_id`, `skills`) VALUES ('11475', 'UITesting');
INSERT INTO `SkillSet_skills` (`SkillSet_id`, `skills`) VALUES ('11475', 'SQL');
INSERT INTO `SkillSet_skills` (`SkillSet_id`, `skills`) VALUES ('11475', 'Gradle');
INSERT INTO `Mission` (`id`, `companyName`, `shortName`, `role`, `skillSet_id`) VALUES ('11475', 'bb932e17-8396-4686-ace2-b0b2f8be51a6', 'f31a0e20-007d-430c-8906-3401d3330e41', 'JuniorSoftwareEngineer', '11475');
INSERT INTO `SkillSet` (`id`) VALUES ('11476');
INSERT INTO `SkillSet_skills` (`SkillSet_id`, `skills`) VALUES ('11476', 'Ant');
INSERT INTO `Mission` (`id`, `companyName`, `shortName`, `role`, `skillSet_id`) VALUES ('11476', 'ccd4d06c-99d0-493b-a173-9b521cf05562', 'b90865c1-70fd-4197-8f1d-8f5ebcee578a', 'LeadEngineer', '11476');
INSERT INTO `SkillSet` (`id`) VALUES ('11477');
INSERT INTO `SkillSet_skills` (`SkillSet_id`, `skills`) VALUES ('11477', 'Maven');
INSERT INTO `SkillSet_skills` (`SkillSet_id`, `skills`) VALUES ('11477', 'Java');
INSERT INTO `SkillSet_skills` (`SkillSet_id`, `skills`) VALUES ('11477', 'dotNet');
INSERT INTO `SkillSet_skills` (`SkillSet_id`, `skills`) VALUES ('11477', 'Maven');
INSERT INTO `SkillSet_skills` (`SkillSet_id`, `skills`) VALUES ('11477', 'Gradle');
INSERT INTO `Mission` (`id`, `companyName`, `shortName`, `role`, `skillSet_id`) VALUES ('11477', 'f47532c6-675f-459d-a5f3-604a657ac2de', 'd0e45b9f-0ea1-4e2e-ae3e-ea5bb81cc4fa', 'JuniorSoftwareEngineer', '11477');
INSERT INTO `SkillSet` (`id`) VALUES ('11478');
INSERT INTO `SkillSet_skills` (`SkillSet_id`, `skills`) VALUES ('11478', 'UITesting');
INSERT INTO `SkillSet_skills` (`SkillSet_id`, `skills`) VALUES ('11478', 'dotNet');
INSERT INTO `SkillSet_skills` (`SkillSet_id`, `skills`) VALUES ('11478', 'UITesting');
INSERT INTO `SkillSet_skills` (`SkillSet_id`, `skills`) VALUES ('11478', 'UITesting');
INSERT INTO `SkillSet_skills` (`SkillSet_id`, `skills`) VALUES ('11478', 'SQL');
INSERT INTO `Mission` (`id`, `companyName`, `shortName`, `role`, `skillSet_id`) VALUES ('11478', '9c22d001-6b85-46e6-8f3c-34f4bd79de2b', 'dd090332-17dc-48b3-a04d-5899b2332426', 'LeadSoftwareArchitect', '11478');
INSERT INTO `SkillSet` (`id`) VALUES ('11479');
INSERT INTO `SkillSet_skills` (`SkillSet_id`, `skills`) VALUES ('11479', 'UITesting');
INSERT INTO `SkillSet_skills` (`SkillSet_id`, `skills`) VALUES ('11479', 'Gradle');
INSERT INTO `SkillSet_skills` (`SkillSet_id`, `skills`) VALUES ('11479', 'Maven');
INSERT INTO `SkillSet_skills` (`SkillSet_id`, `skills`) VALUES ('11479', 'Gradle');
INSERT INTO `SkillSet_skills` (`SkillSet_id`, `skills`) VALUES ('11479', 'Architektur');
INSERT INTO `Mission` (`id`, `companyName`, `shortName`, `role`, `skillSet_id`) VALUES ('11479', '2cdfbd81-7753-468b-808d-b3dd220b91a8', '84981e2b-447c-4cf0-a54a-f7c8695a6334', 'PrincipalConsultant', '11479');
INSERT INTO `SkillSet` (`id`) VALUES ('11480');
INSERT INTO `SkillSet_skills` (`SkillSet_id`, `skills`) VALUES ('11480', 'Maven');
INSERT INTO `SkillSet_skills` (`SkillSet_id`, `skills`) VALUES ('11480', 'dotNet');
INSERT INTO `Mission` (`id`, `companyName`, `shortName`, `role`, `skillSet_id`) VALUES ('11480', 'bbf84880-6b18-4ade-a140-c0b3c2ebb087', '513d9348-8af1-40e0-a0c5-611cd2337863', 'LeadEngineer', '11480');
INSERT INTO `SkillSet` (`id`) VALUES ('11481');
INSERT INTO `SkillSet_skills` (`SkillSet_id`, `skills`) VALUES ('11481', 'Architektur');
INSERT INTO `Mission` (`id`, `companyName`, `shortName`, `role`, `skillSet_id`) VALUES ('11481', '62c8924e-5195-47ad-b558-27c5060f0dd2', 'e0ffc24f-51d8-4bdf-a9db-399a5172fd16', 'SeniorSoftwareEngineer', '11481');
INSERT INTO `SkillSet` (`id`) VALUES ('11482');
INSERT INTO `SkillSet_skills` (`SkillSet_id`, `skills`) VALUES ('11482', 'Architektur');
INSERT INTO `SkillSet_skills` (`SkillSet_id`, `skills`) VALUES ('11482', 'SQL');
INSERT INTO `SkillSet_skills` (`SkillSet_id`, `skills`) VALUES ('11482', 'UITesting');
INSERT INTO `Mission` (`id`, `companyName`, `shortName`, `role`, `skillSet_id`) VALUES ('11482', 'a45583e3-90fd-4bca-b7f6-6000f35a5aef', 'db679f12-2fe0-48f7-b71e-e9d7856ccd20', 'LeadSoftwareArchitect', '11482');
INSERT INTO `SkillSet` (`id`) VALUES ('11483');
INSERT INTO `SkillSet_skills` (`SkillSet_id`, `skills`) VALUES ('11483', 'SQL');
INSERT INTO `SkillSet_skills` (`SkillSet_id`, `skills`) VALUES ('11483', 'Gradle');
INSERT INTO `SkillSet_skills` (`SkillSet_id`, `skills`) VALUES ('11483', 'Java');
INSERT INTO `SkillSet_skills` (`SkillSet_id`, `skills`) VALUES ('11483', 'Architektur');
INSERT INTO `SkillSet_skills` (`SkillSet_id`, `skills`) VALUES ('11483', 'Architektur');
INSERT INTO `Mission` (`id`, `companyName`, `shortName`, `role`, `skillSet_id`) VALUES ('11483', '03a60a90-0428-47c7-95c4-50ff7b949b80', 'e7362585-8215-430d-96f7-b5ad6d64244e', 'JuniorSoftwareEngineer', '11483');
INSERT INTO `SkillSet` (`id`) VALUES ('11484');
INSERT INTO `SkillSet_skills` (`SkillSet_id`, `skills`) VALUES ('11484', 'dotNet');
INSERT INTO `SkillSet_skills` (`SkillSet_id`, `skills`) VALUES ('11484', 'UnitTesting');
INSERT INTO `Mission` (`id`, `companyName`, `shortName`, `role`, `skillSet_id`) VALUES ('11484', 'bed7ca5e-7d61-4e37-9621-d0e3b5978239', '843d47bd-a866-4305-b9b4-74e19e39cbd0', 'SoftwareEngineer', '11484');
INSERT INTO `SkillSet` (`id`) VALUES ('11485');
INSERT INTO `SkillSet_skills` (`SkillSet_id`, `skills`) VALUES ('11485', 'Java');
INSERT INTO `Mission` (`id`, `companyName`, `shortName`, `role`, `skillSet_id`) VALUES ('11485', 'fd022031-e813-49d5-a733-5f2484cc7fe8', '41c9947a-f5bc-45e0-a055-496e4075540f', 'SoftwareEngineer', '11485');
INSERT INTO `SkillSet` (`id`) VALUES ('11486');
INSERT INTO `SkillSet_skills` (`SkillSet_id`, `skills`) VALUES ('11486', 'dotNet');
INSERT INTO `Mission` (`id`, `companyName`, `shortName`, `role`, `skillSet_id`) VALUES ('11486', 'aba4052f-47e7-431f-a30f-e7fa06c54279', '0b6ffbbb-9ec6-4705-8e09-e5e715b5e2ac', 'PrincipalConsultant', '11486');
INSERT INTO `SkillSet` (`id`) VALUES ('11487');
INSERT INTO `SkillSet_skills` (`SkillSet_id`, `skills`) VALUES ('11487', 'dotNet');
INSERT INTO `Mission` (`id`, `companyName`, `shortName`, `role`, `skillSet_id`) VALUES ('11487', 'fe2e7dd0-0f6f-443b-9564-e7be1a5b2b44', '49c52bed-79b2-4f62-923f-b21c86ea35d7', 'LeadSoftwareArchitect', '11487');
INSERT INTO `SkillSet` (`id`) VALUES ('11488');
INSERT INTO `SkillSet_skills` (`SkillSet_id`, `skills`) VALUES ('11488', 'Maven');
INSERT INTO `SkillSet_skills` (`SkillSet_id`, `skills`) VALUES ('11488', 'dotNet');
INSERT INTO `SkillSet_skills` (`SkillSet_id`, `skills`) VALUES ('11488', 'dotNet');
INSERT INTO `Mission` (`id`, `companyName`, `shortName`, `role`, `skillSet_id`) VALUES ('11488', '12fe8e17-dd2f-41fe-8589-06adb97f4ff5', '84ad60ca-218a-40bc-a8f3-cf56893cbcd8', 'PrincipalConsultant', '11488');
INSERT INTO `SkillSet` (`id`) VALUES ('11489');
INSERT INTO `SkillSet_skills` (`SkillSet_id`, `skills`) VALUES ('11489', 'Maven');
INSERT INTO `SkillSet_skills` (`SkillSet_id`, `skills`) VALUES ('11489', 'SQL');
INSERT INTO `Mission` (`id`, `companyName`, `shortName`, `role`, `skillSet_id`) VALUES ('11489', '97895395-83ed-44a3-a544-4e2ed69652ec', 'db0fa5eb-4b00-4c3d-8f05-3344f8ab6cc0', 'JuniorSoftwareEngineer', '11489');
INSERT INTO `SkillSet` (`id`) VALUES ('11490');
INSERT INTO `SkillSet_skills` (`SkillSet_id`, `skills`) VALUES ('11490', 'Architektur');
INSERT INTO `SkillSet_skills` (`SkillSet_id`, `skills`) VALUES ('11490', 'Ant');
INSERT INTO `Mission` (`id`, `companyName`, `shortName`, `role`, `skillSet_id`) VALUES ('11490', '70c3143b-9ffc-4a8c-84dd-2ea900cd94b9', 'cfa9151d-3d52-4698-9f66-23f87fc7764c', 'SeniorSoftwareEngineer', '11490');
INSERT INTO `SkillSet` (`id`) VALUES ('11491');
INSERT INTO `SkillSet_skills` (`SkillSet_id`, `skills`) VALUES ('11491', 'UITesting');
INSERT INTO `SkillSet_skills` (`SkillSet_id`, `skills`) VALUES ('11491', 'UITesting');
INSERT INTO `Mission` (`id`, `companyName`, `shortName`, `role`, `skillSet_id`) VALUES ('11491', 'dbb926a1-0262-48a3-84ae-b62b02137db1', '786086bf-98d3-4baa-afde-4a5a233b2b3c', 'JuniorSoftwareEngineer', '11491');
INSERT INTO `SkillSet` (`id`) VALUES ('11492');
INSERT INTO `SkillSet_skills` (`SkillSet_id`, `skills`) VALUES ('11492', 'Java');
INSERT INTO `SkillSet_skills` (`SkillSet_id`, `skills`) VALUES ('11492', 'SQL');
INSERT INTO `SkillSet_skills` (`SkillSet_id`, `skills`) VALUES ('11492', 'Ant');
INSERT INTO `Mission` (`id`, `companyName`, `shortName`, `role`, `skillSet_id`) VALUES ('11492', '517cf104-1808-4bde-9a8c-c8b6682e87e5', '977d7dbe-77b7-4c52-84ce-4929d160eb1e', 'SoftwareEngineer', '11492');
INSERT INTO `SkillSet` (`id`) VALUES ('11493');
INSERT INTO `SkillSet_skills` (`SkillSet_id`, `skills`) VALUES ('11493', 'UnitTesting');
INSERT INTO `Mission` (`id`, `companyName`, `shortName`, `role`, `skillSet_id`) VALUES ('11493', 'dbbe818a-ac82-4260-b181-6a54f4c3f225', '79ba4442-cf21-40c4-899f-784bccc89d91', 'LeadSoftwareArchitect', '11493');
INSERT INTO `SkillSet` (`id`) VALUES ('11494');
INSERT INTO `SkillSet_skills` (`SkillSet_id`, `skills`) VALUES ('11494', 'Architektur');
INSERT INTO `SkillSet_skills` (`SkillSet_id`, `skills`) VALUES ('11494', 'dotNet');
INSERT INTO `SkillSet_skills` (`SkillSet_id`, `skills`) VALUES ('11494', 'Java');
INSERT INTO `SkillSet_skills` (`SkillSet_id`, `skills`) VALUES ('11494', 'Ant');
INSERT INTO `SkillSet_skills` (`SkillSet_id`, `skills`) VALUES ('11494', 'dotNet');
INSERT INTO `Mission` (`id`, `companyName`, `shortName`, `role`, `skillSet_id`) VALUES ('11494', '6cba0bfb-5f41-4040-9f8e-60484122bd96', 'f3b67b59-cffb-4b63-ba41-ff7e77e8326f', 'SeniorSoftwareEngineer', '11494');
INSERT INTO `SkillSet` (`id`) VALUES ('11495');
INSERT INTO `SkillSet_skills` (`SkillSet_id`, `skills`) VALUES ('11495', 'SQL');
INSERT INTO `SkillSet_skills` (`SkillSet_id`, `skills`) VALUES ('11495', 'Ant');
INSERT INTO `SkillSet_skills` (`SkillSet_id`, `skills`) VALUES ('11495', 'SQL');
INSERT INTO `SkillSet_skills` (`SkillSet_id`, `skills`) VALUES ('11495', 'Ant');
INSERT INTO `SkillSet_skills` (`SkillSet_id`, `skills`) VALUES ('11495', 'Gradle');
INSERT INTO `Mission` (`id`, `companyName`, `shortName`, `role`, `skillSet_id`) VALUES ('11495', '6bc7eee0-5d5e-40f8-badb-78f0931b3f22', 'a7e61d55-4f0c-431f-901f-1eb85db88c1d', 'JuniorSoftwareEngineer', '11495');
INSERT INTO `SkillSet` (`id`) VALUES ('11496');
INSERT INTO `SkillSet_skills` (`SkillSet_id`, `skills`) VALUES ('11496', 'UnitTesting');
INSERT INTO `SkillSet_skills` (`SkillSet_id`, `skills`) VALUES ('11496', 'dotNet');
INSERT INTO `SkillSet_skills` (`SkillSet_id`, `skills`) VALUES ('11496', 'Gradle');
INSERT INTO `SkillSet_skills` (`SkillSet_id`, `skills`) VALUES ('11496', 'UITesting');
INSERT INTO `SkillSet_skills` (`SkillSet_id`, `skills`) VALUES ('11496', 'UnitTesting');
INSERT INTO `Mission` (`id`, `companyName`, `shortName`, `role`, `skillSet_id`) VALUES ('11496', '8308d2e7-efe2-484d-b7de-5b339f5f3304', 'c81ad33a-d97f-41f7-880f-3bd05f61f6eb', 'JuniorSoftwareEngineer', '11496');
INSERT INTO `SkillSet` (`id`) VALUES ('11497');
INSERT INTO `SkillSet_skills` (`SkillSet_id`, `skills`) VALUES ('11497', 'Gradle');
INSERT INTO `Mission` (`id`, `companyName`, `shortName`, `role`, `skillSet_id`) VALUES ('11497', 'd7b8d455-e051-443a-bd58-e96dfd1018f0', '0a5f041c-29e1-49e0-a1ca-1ff97d60aa3c', 'LeadEngineer', '11497');
INSERT INTO `SkillSet` (`id`) VALUES ('11498');
INSERT INTO `SkillSet_skills` (`SkillSet_id`, `skills`) VALUES ('11498', 'SQL');
INSERT INTO `SkillSet_skills` (`SkillSet_id`, `skills`) VALUES ('11498', 'SQL');
INSERT INTO `SkillSet_skills` (`SkillSet_id`, `skills`) VALUES ('11498', 'Java');
INSERT INTO `Mission` (`id`, `companyName`, `shortName`, `role`, `skillSet_id`) VALUES ('11498', 'be943278-7af0-4f75-bbbf-7054bbc7513b', '407088e9-b8e4-4946-8cb3-8dcf07ec92cf', 'SoftwareEngineer', '11498');
INSERT INTO `SkillSet` (`id`) VALUES ('11499');
INSERT INTO `SkillSet_skills` (`SkillSet_id`, `skills`) VALUES ('11499', 'UITesting');
INSERT INTO `SkillSet_skills` (`SkillSet_id`, `skills`) VALUES ('11499', 'Architektur');
INSERT INTO `SkillSet_skills` (`SkillSet_id`, `skills`) VALUES ('11499', 'UITesting');
INSERT INTO `SkillSet_skills` (`SkillSet_id`, `skills`) VALUES ('11499', 'SQL');
INSERT INTO `Mission` (`id`, `companyName`, `shortName`, `role`, `skillSet_id`) VALUES ('11499', '883c4550-3e2b-4eaf-a7c1-a74699bb3211', '777084c2-2ed1-4556-b95c-a31c650534cb', 'PrincipalConsultant', '11499');
INSERT INTO `SkillSet` (`id`) VALUES ('11500');
INSERT INTO `SkillSet_skills` (`SkillSet_id`, `skills`) VALUES ('11500', 'UITesting');
INSERT INTO `SkillSet_skills` (`SkillSet_id`, `skills`) VALUES ('11500', 'UITesting');
INSERT INTO `SkillSet_skills` (`SkillSet_id`, `skills`) VALUES ('11500', 'Ant');
INSERT INTO `SkillSet_skills` (`SkillSet_id`, `skills`) VALUES ('11500', 'UnitTesting');
INSERT INTO `Mission` (`id`, `companyName`, `shortName`, `role`, `skillSet_id`) VALUES ('11500', '92cc5d94-8a07-40e3-b395-89d7381834c4', 'd874f15f-70db-4846-808f-9877b150ab0a', 'PrincipalConsultant', '11500');
INSERT INTO `SkillSet` (`id`) VALUES ('11501');
INSERT INTO `SkillSet_skills` (`SkillSet_id`, `skills`) VALUES ('11501', 'SQL');
INSERT INTO `Mission` (`id`, `companyName`, `shortName`, `role`, `skillSet_id`) VALUES ('11501', 'd03f8184-8586-49cd-b5e9-5a2e5d26d00d', '32816e89-f9bb-4848-9dd8-f044ceeaa12b', 'JuniorSoftwareEngineer', '11501');
INSERT INTO `SkillSet` (`id`) VALUES ('11502');
INSERT INTO `SkillSet_skills` (`SkillSet_id`, `skills`) VALUES ('11502', 'Ant');
INSERT INTO `SkillSet_skills` (`SkillSet_id`, `skills`) VALUES ('11502', 'Java');
INSERT INTO `SkillSet_skills` (`SkillSet_id`, `skills`) VALUES ('11502', 'Architektur');
INSERT INTO `SkillSet_skills` (`SkillSet_id`, `skills`) VALUES ('11502', 'UITesting');
INSERT INTO `SkillSet_skills` (`SkillSet_id`, `skills`) VALUES ('11502', 'SQL');
INSERT INTO `Mission` (`id`, `companyName`, `shortName`, `role`, `skillSet_id`) VALUES ('11502', '7c8fb17e-2bda-44d9-8814-d243d25b0696', '9a4f9d0f-cd4d-4c5f-852f-484a6a500f22', 'SeniorSoftwareEngineer', '11502');
INSERT INTO `SkillSet` (`id`) VALUES ('11503');
INSERT INTO `SkillSet_skills` (`SkillSet_id`, `skills`) VALUES ('11503', 'Ant');
INSERT INTO `Mission` (`id`, `companyName`, `shortName`, `role`, `skillSet_id`) VALUES ('11503', 'bffb17b5-672d-4b73-ac74-06bc0f403140', '30d2ce17-775e-436a-875b-09f2cc2f1df0', 'SeniorSoftwareEngineer', '11503');
INSERT INTO `SkillSet` (`id`) VALUES ('11504');
INSERT INTO `SkillSet_skills` (`SkillSet_id`, `skills`) VALUES ('11504', 'UITesting');
INSERT INTO `SkillSet_skills` (`SkillSet_id`, `skills`) VALUES ('11504', 'Gradle');
INSERT INTO `SkillSet_skills` (`SkillSet_id`, `skills`) VALUES ('11504', 'Gradle');
INSERT INTO `SkillSet_skills` (`SkillSet_id`, `skills`) VALUES ('11504', 'UITesting');
INSERT INTO `Mission` (`id`, `companyName`, `shortName`, `role`, `skillSet_id`) VALUES ('11504', 'aeed0f9c-bf20-41e1-b864-583295085f72', 'cb1af4ec-7897-4b9d-a82b-5c5e07d8082c', 'PrincipalConsultant', '11504');
INSERT INTO `SkillSet` (`id`) VALUES ('11505');
INSERT INTO `SkillSet_skills` (`SkillSet_id`, `skills`) VALUES ('11505', 'UITesting');
INSERT INTO `SkillSet_skills` (`SkillSet_id`, `skills`) VALUES ('11505', 'Java');
INSERT INTO `SkillSet_skills` (`SkillSet_id`, `skills`) VALUES ('11505', 'Java');
INSERT INTO `Mission` (`id`, `companyName`, `shortName`, `role`, `skillSet_id`) VALUES ('11505', '66431461-2975-46b9-8da5-73c3e47aab8e', 'c3f1c22b-d660-4018-a71c-2c70503602b7', 'LeadEngineer', '11505');
INSERT INTO `SkillSet` (`id`) VALUES ('11506');
INSERT INTO `SkillSet_skills` (`SkillSet_id`, `skills`) VALUES ('11506', 'UnitTesting');
INSERT INTO `SkillSet_skills` (`SkillSet_id`, `skills`) VALUES ('11506', 'dotNet');
INSERT INTO `Mission` (`id`, `companyName`, `shortName`, `role`, `skillSet_id`) VALUES ('11506', 'ae3fca5d-e05d-433f-9b23-aaa525363a5a', '5ff754e8-7052-4836-9fbe-835e73d1c07e', 'LeadEngineer', '11506');
INSERT INTO `SkillSet` (`id`) VALUES ('11507');
INSERT INTO `SkillSet_skills` (`SkillSet_id`, `skills`) VALUES ('11507', 'dotNet');
INSERT INTO `SkillSet_skills` (`SkillSet_id`, `skills`) VALUES ('11507', 'Gradle');
INSERT INTO `SkillSet_skills` (`SkillSet_id`, `skills`) VALUES ('11507', 'Maven');
INSERT INTO `SkillSet_skills` (`SkillSet_id`, `skills`) VALUES ('11507', 'UnitTesting');
INSERT INTO `Mission` (`id`, `companyName`, `shortName`, `role`, `skillSet_id`) VALUES ('11507', '3fac6707-5072-4e78-8757-d732fac47f6e', '404d4fec-2b44-4446-8e70-c8bdb0c0ea82', 'JuniorSoftwareEngineer', '11507');
INSERT INTO `SkillSet` (`id`) VALUES ('11508');
INSERT INTO `SkillSet_skills` (`SkillSet_id`, `skills`) VALUES ('11508', 'Maven');
INSERT INTO `Mission` (`id`, `companyName`, `shortName`, `role`, `skillSet_id`) VALUES ('11508', '528cca99-c637-44b6-9682-228ab5bae985', '5c9c29c2-fc12-455b-bd6a-98cd96967b49', 'LeadEngineer', '11508');
INSERT INTO `SkillSet` (`id`) VALUES ('11509');
INSERT INTO `SkillSet_skills` (`SkillSet_id`, `skills`) VALUES ('11509', 'UITesting');
INSERT INTO `SkillSet_skills` (`SkillSet_id`, `skills`) VALUES ('11509', 'Architektur');
INSERT INTO `SkillSet_skills` (`SkillSet_id`, `skills`) VALUES ('11509', 'UnitTesting');
INSERT INTO `SkillSet_skills` (`SkillSet_id`, `skills`) VALUES ('11509', 'dotNet');
INSERT INTO `Mission` (`id`, `companyName`, `shortName`, `role`, `skillSet_id`) VALUES ('11509', 'aadcc321-1c88-40b0-a0b9-aeea667c2c5b', '7fa33f30-516f-49a3-9043-afa5f2d9f5ef', 'LeadSoftwareArchitect', '11509');
INSERT INTO `SkillSet` (`id`) VALUES ('11510');
INSERT INTO `SkillSet_skills` (`SkillSet_id`, `skills`) VALUES ('11510', 'Gradle');
INSERT INTO `SkillSet_skills` (`SkillSet_id`, `skills`) VALUES ('11510', 'SQL');
INSERT INTO `SkillSet_skills` (`SkillSet_id`, `skills`) VALUES ('11510', 'Java');
INSERT INTO `SkillSet_skills` (`SkillSet_id`, `skills`) VALUES ('11510', 'Gradle');
INSERT INTO `SkillSet_skills` (`SkillSet_id`, `skills`) VALUES ('11510', 'Gradle');
INSERT INTO `Mission` (`id`, `companyName`, `shortName`, `role`, `skillSet_id`) VALUES ('11510', '85d68f18-c433-474f-9780-38a92149d92a', '6331b035-9ef0-4c3c-987c-9eb76ccee6aa', 'LeadSoftwareArchitect', '11510');
INSERT INTO `SkillSet` (`id`) VALUES ('11511');
INSERT INTO `SkillSet_skills` (`SkillSet_id`, `skills`) VALUES ('11511', 'Java');
INSERT INTO `Mission` (`id`, `companyName`, `shortName`, `role`, `skillSet_id`) VALUES ('11511', '12a88b0b-5222-49b5-9626-f484cebbf9ce', 'e6ee4b3b-18ac-4caa-a0a7-cfdfffb4d83d', 'LeadSoftwareArchitect', '11511');
INSERT INTO `SkillSet` (`id`) VALUES ('11512');
INSERT INTO `SkillSet_skills` (`SkillSet_id`, `skills`) VALUES ('11512', 'SQL');
INSERT INTO `SkillSet_skills` (`SkillSet_id`, `skills`) VALUES ('11512', 'Architektur');
INSERT INTO `Mission` (`id`, `companyName`, `shortName`, `role`, `skillSet_id`) VALUES ('11512', '21962b31-a917-45d2-a27e-35106a0546a2', 'a682b414-7ecf-41b2-a5b9-c063aa5b3935', 'SeniorSoftwareEngineer', '11512');
INSERT INTO `SkillSet` (`id`) VALUES ('11513');
INSERT INTO `SkillSet_skills` (`SkillSet_id`, `skills`) VALUES ('11513', 'UnitTesting');
INSERT INTO `SkillSet_skills` (`SkillSet_id`, `skills`) VALUES ('11513', 'Ant');
INSERT INTO `Mission` (`id`, `companyName`, `shortName`, `role`, `skillSet_id`) VALUES ('11513', '6c055643-f68b-4c73-9ccc-e9241d49dd0b', 'c70747c8-6d12-427b-82c7-ec7bb0bd4f89', 'SoftwareEngineer', '11513');
INSERT INTO `SkillSet` (`id`) VALUES ('11514');
INSERT INTO `SkillSet_skills` (`SkillSet_id`, `skills`) VALUES ('11514', 'UITesting');
INSERT INTO `SkillSet_skills` (`SkillSet_id`, `skills`) VALUES ('11514', 'Ant');
INSERT INTO `SkillSet_skills` (`SkillSet_id`, `skills`) VALUES ('11514', 'UnitTesting');
INSERT INTO `Mission` (`id`, `companyName`, `shortName`, `role`, `skillSet_id`) VALUES ('11514', 'c2d4496e-b5a8-43bf-9688-abbee5141c65', 'a70865ad-c84f-4aad-8629-3f5f03d1acf5', 'SoftwareEngineer', '11514');
INSERT INTO `SkillSet` (`id`) VALUES ('11515');
INSERT INTO `SkillSet_skills` (`SkillSet_id`, `skills`) VALUES ('11515', 'UITesting');
INSERT INTO `SkillSet_skills` (`SkillSet_id`, `skills`) VALUES ('11515', 'SQL');
INSERT INTO `SkillSet_skills` (`SkillSet_id`, `skills`) VALUES ('11515', 'UITesting');
INSERT INTO `Mission` (`id`, `companyName`, `shortName`, `role`, `skillSet_id`) VALUES ('11515', 'a8604d6a-88c6-4fda-91e6-a942067462a8', 'b3bff503-6585-46e7-af5e-633be4090210', 'PrincipalConsultant', '11515');
INSERT INTO `SkillSet` (`id`) VALUES ('11516');
INSERT INTO `SkillSet_skills` (`SkillSet_id`, `skills`) VALUES ('11516', 'SQL');
INSERT INTO `Mission` (`id`, `companyName`, `shortName`, `role`, `skillSet_id`) VALUES ('11516', '3ae2dfd0-6a77-43b9-967b-b38778ffa95e', 'd96affc3-d2a9-4579-8f52-00b72ee3530d', 'PrincipalConsultant', '11516');
INSERT INTO `SkillSet` (`id`) VALUES ('11517');
INSERT INTO `SkillSet_skills` (`SkillSet_id`, `skills`) VALUES ('11517', 'Java');
INSERT INTO `SkillSet_skills` (`SkillSet_id`, `skills`) VALUES ('11517', 'Architektur');
INSERT INTO `Mission` (`id`, `companyName`, `shortName`, `role`, `skillSet_id`) VALUES ('11517', 'e613ffa6-33ac-41eb-be98-5805f33fe909', 'b0539e4c-099d-4420-a8f6-6bed1b086f46', 'LeadEngineer', '11517');
INSERT INTO `SkillSet` (`id`) VALUES ('11518');
INSERT INTO `SkillSet_skills` (`SkillSet_id`, `skills`) VALUES ('11518', 'dotNet');
INSERT INTO `Mission` (`id`, `companyName`, `shortName`, `role`, `skillSet_id`) VALUES ('11518', '02ac0d02-7228-462d-bcb3-e742f4f2b3a7', 'ce19a190-5776-4ea2-806b-5bb6eba24c6c', 'PrincipalConsultant', '11518');
INSERT INTO `SkillSet` (`id`) VALUES ('11519');
INSERT INTO `SkillSet_skills` (`SkillSet_id`, `skills`) VALUES ('11519', 'Java');
INSERT INTO `Mission` (`id`, `companyName`, `shortName`, `role`, `skillSet_id`) VALUES ('11519', '467357d5-fd85-4679-ac7a-0c4f195a6b7f', '955dd462-1c3f-4fb4-940f-0a88908f7115', 'SoftwareEngineer', '11519');
INSERT INTO `SkillSet` (`id`) VALUES ('11520');
INSERT INTO `SkillSet_skills` (`SkillSet_id`, `skills`) VALUES ('11520', 'UnitTesting');
INSERT INTO `Mission` (`id`, `companyName`, `shortName`, `role`, `skillSet_id`) VALUES ('11520', '2b561a96-a1fb-4972-88b9-830d0699b87a', 'b9832db1-15e7-4b73-a6f4-824154dfb3d5', 'LeadEngineer', '11520');
INSERT INTO `SkillSet` (`id`) VALUES ('11521');
INSERT INTO `SkillSet_skills` (`SkillSet_id`, `skills`) VALUES ('11521', 'dotNet');
INSERT INTO `SkillSet_skills` (`SkillSet_id`, `skills`) VALUES ('11521', 'SQL');
INSERT INTO `SkillSet_skills` (`SkillSet_id`, `skills`) VALUES ('11521', 'Maven');
INSERT INTO `SkillSet_skills` (`SkillSet_id`, `skills`) VALUES ('11521', 'Ant');
INSERT INTO `Mission` (`id`, `companyName`, `shortName`, `role`, `skillSet_id`) VALUES ('11521', '15ae6b92-4cb4-4ea9-8554-dcd946faeec4', '0bca4559-94ba-408e-ae38-6f4c6aaca2b3', 'JuniorSoftwareEngineer', '11521');
INSERT INTO `SkillSet` (`id`) VALUES ('11522');
INSERT INTO `SkillSet_skills` (`SkillSet_id`, `skills`) VALUES ('11522', 'Architektur');
INSERT INTO `SkillSet_skills` (`SkillSet_id`, `skills`) VALUES ('11522', 'Java');
INSERT INTO `SkillSet_skills` (`SkillSet_id`, `skills`) VALUES ('11522', 'Ant');
INSERT INTO `SkillSet_skills` (`SkillSet_id`, `skills`) VALUES ('11522', 'UITesting');
INSERT INTO `SkillSet_skills` (`SkillSet_id`, `skills`) VALUES ('11522', 'UITesting');
INSERT INTO `Mission` (`id`, `companyName`, `shortName`, `role`, `skillSet_id`) VALUES ('11522', '76200960-9200-4346-9628-a637752a00c4', '41f4f7e6-1883-49c0-b96c-ebb87459ab72', 'SeniorSoftwareEngineer', '11522');
INSERT INTO `SkillSet` (`id`) VALUES ('11523');
INSERT INTO `SkillSet_skills` (`SkillSet_id`, `skills`) VALUES ('11523', 'Ant');
INSERT INTO `SkillSet_skills` (`SkillSet_id`, `skills`) VALUES ('11523', 'Maven');
INSERT INTO `SkillSet_skills` (`SkillSet_id`, `skills`) VALUES ('11523', 'UnitTesting');
INSERT INTO `SkillSet_skills` (`SkillSet_id`, `skills`) VALUES ('11523', 'Gradle');
INSERT INTO `Mission` (`id`, `companyName`, `shortName`, `role`, `skillSet_id`) VALUES ('11523', 'fac62687-eac8-4d62-ac0f-ab4ea291a614', '90fd08ca-8914-4759-9b1e-35e2f74940d9', 'JuniorSoftwareEngineer', '11523');
INSERT INTO `SkillSet` (`id`) VALUES ('11524');
INSERT INTO `SkillSet_skills` (`SkillSet_id`, `skills`) VALUES ('11524', 'Ant');
INSERT INTO `Mission` (`id`, `companyName`, `shortName`, `role`, `skillSet_id`) VALUES ('11524', 'ab21fbbb-d0d8-42aa-8af3-76ea70ecdaa3', '0748133e-66ae-4275-84e9-723929b1de8e', 'JuniorSoftwareEngineer', '11524');
INSERT INTO `SkillSet` (`id`) VALUES ('11525');
INSERT INTO `SkillSet_skills` (`SkillSet_id`, `skills`) VALUES ('11525', 'Ant');
INSERT INTO `SkillSet_skills` (`SkillSet_id`, `skills`) VALUES ('11525', 'Ant');
INSERT INTO `SkillSet_skills` (`SkillSet_id`, `skills`) VALUES ('11525', 'SQL');
INSERT INTO `SkillSet_skills` (`SkillSet_id`, `skills`) VALUES ('11525', 'SQL');
INSERT INTO `SkillSet_skills` (`SkillSet_id`, `skills`) VALUES ('11525', 'UITesting');
INSERT INTO `Mission` (`id`, `companyName`, `shortName`, `role`, `skillSet_id`) VALUES ('11525', 'd353ebe1-eff6-4106-8c9c-dad532ea6dac', '1e228fbf-207a-40f2-883b-580e7ac9f029', 'LeadEngineer', '11525');
INSERT INTO `SkillSet` (`id`) VALUES ('11526');
INSERT INTO `SkillSet_skills` (`SkillSet_id`, `skills`) VALUES ('11526', 'Architektur');
INSERT INTO `SkillSet_skills` (`SkillSet_id`, `skills`) VALUES ('11526', 'SQL');
INSERT INTO `SkillSet_skills` (`SkillSet_id`, `skills`) VALUES ('11526', 'Java');
INSERT INTO `SkillSet_skills` (`SkillSet_id`, `skills`) VALUES ('11526', 'SQL');
INSERT INTO `SkillSet_skills` (`SkillSet_id`, `skills`) VALUES ('11526', 'UnitTesting');
INSERT INTO `Mission` (`id`, `companyName`, `shortName`, `role`, `skillSet_id`) VALUES ('11526', '5da58694-1e55-4b81-90df-03e224cf63e0', '89fe22da-ca5f-4422-85f4-19669c722d4f', 'LeadEngineer', '11526');
INSERT INTO `SkillSet` (`id`) VALUES ('11527');
INSERT INTO `SkillSet_skills` (`SkillSet_id`, `skills`) VALUES ('11527', 'Architektur');
INSERT INTO `SkillSet_skills` (`SkillSet_id`, `skills`) VALUES ('11527', 'dotNet');
INSERT INTO `SkillSet_skills` (`SkillSet_id`, `skills`) VALUES ('11527', 'UnitTesting');
INSERT INTO `SkillSet_skills` (`SkillSet_id`, `skills`) VALUES ('11527', 'SQL');
INSERT INTO `Mission` (`id`, `companyName`, `shortName`, `role`, `skillSet_id`) VALUES ('11527', 'c95f60a2-123d-44fc-86d3-2746611900a8', '6a946424-e3e3-42e2-bcd7-64d917047d57', 'LeadSoftwareArchitect', '11527');
INSERT INTO `SkillSet` (`id`) VALUES ('11528');
INSERT INTO `SkillSet_skills` (`SkillSet_id`, `skills`) VALUES ('11528', 'Java');
INSERT INTO `SkillSet_skills` (`SkillSet_id`, `skills`) VALUES ('11528', 'Ant');
INSERT INTO `Mission` (`id`, `companyName`, `shortName`, `role`, `skillSet_id`) VALUES ('11528', '5fac068c-363c-40d7-a1e9-c9d9bcad1d6b', '851c7b8f-3a5c-452c-b30a-09a7785cfc04', 'LeadSoftwareArchitect', '11528');
INSERT INTO `SkillSet` (`id`) VALUES ('11529');
INSERT INTO `SkillSet_skills` (`SkillSet_id`, `skills`) VALUES ('11529', 'UITesting');
INSERT INTO `Mission` (`id`, `companyName`, `shortName`, `role`, `skillSet_id`) VALUES ('11529', '666dc273-cdca-410e-97c0-28d57e408d80', 'f387d935-6720-4700-9b78-eea5568cf2e3', 'LeadEngineer', '11529');
INSERT INTO `SkillSet` (`id`) VALUES ('11530');
INSERT INTO `SkillSet_skills` (`SkillSet_id`, `skills`) VALUES ('11530', 'Ant');
INSERT INTO `SkillSet_skills` (`SkillSet_id`, `skills`) VALUES ('11530', 'Architektur');
INSERT INTO `SkillSet_skills` (`SkillSet_id`, `skills`) VALUES ('11530', 'Java');
INSERT INTO `Mission` (`id`, `companyName`, `shortName`, `role`, `skillSet_id`) VALUES ('11530', '1ad1803e-9cc9-418b-b49d-6f8af6132ec6', '94172493-f5a9-4543-aeba-813899d0caa5', 'LeadSoftwareArchitect', '11530');
INSERT INTO `SkillSet` (`id`) VALUES ('11531');
INSERT INTO `SkillSet_skills` (`SkillSet_id`, `skills`) VALUES ('11531', 'Gradle');
INSERT INTO `SkillSet_skills` (`SkillSet_id`, `skills`) VALUES ('11531', 'SQL');
INSERT INTO `SkillSet_skills` (`SkillSet_id`, `skills`) VALUES ('11531', 'SQL');
INSERT INTO `SkillSet_skills` (`SkillSet_id`, `skills`) VALUES ('11531', 'UnitTesting');
INSERT INTO `SkillSet_skills` (`SkillSet_id`, `skills`) VALUES ('11531', 'Maven');
INSERT INTO `Mission` (`id`, `companyName`, `shortName`, `role`, `skillSet_id`) VALUES ('11531', '05357b00-ff81-4848-8fc7-96b76061541b', '1491443b-1fec-4f58-a880-5887ed887aa4', 'PrincipalConsultant', '11531');
INSERT INTO `SkillSet` (`id`) VALUES ('11532');
INSERT INTO `SkillSet_skills` (`SkillSet_id`, `skills`) VALUES ('11532', 'UITesting');
INSERT INTO `Mission` (`id`, `companyName`, `shortName`, `role`, `skillSet_id`) VALUES ('11532', '75e1b6c9-f801-48ef-b037-3b2ac1d8d6b0', '329789b6-3462-4cbb-aaa9-80eb6f15a8bc', 'LeadEngineer', '11532');
INSERT INTO `SkillSet` (`id`) VALUES ('11533');
INSERT INTO `SkillSet_skills` (`SkillSet_id`, `skills`) VALUES ('11533', 'Ant');
INSERT INTO `SkillSet_skills` (`SkillSet_id`, `skills`) VALUES ('11533', 'SQL');
INSERT INTO `Mission` (`id`, `companyName`, `shortName`, `role`, `skillSet_id`) VALUES ('11533', 'fd3ae781-3d47-4188-9578-c2a2319e4ed0', '8f67ef1b-a785-49f5-9c6b-54e1b39e3dbf', 'PrincipalConsultant', '11533');
INSERT INTO `SkillSet` (`id`) VALUES ('11534');
INSERT INTO `SkillSet_skills` (`SkillSet_id`, `skills`) VALUES ('11534', 'Java');
INSERT INTO `SkillSet_skills` (`SkillSet_id`, `skills`) VALUES ('11534', 'Ant');
INSERT INTO `SkillSet_skills` (`SkillSet_id`, `skills`) VALUES ('11534', 'Maven');
INSERT INTO `SkillSet_skills` (`SkillSet_id`, `skills`) VALUES ('11534', 'dotNet');
INSERT INTO `SkillSet_skills` (`SkillSet_id`, `skills`) VALUES ('11534', 'Maven');
INSERT INTO `Mission` (`id`, `companyName`, `shortName`, `role`, `skillSet_id`) VALUES ('11534', '8ceac442-3eff-4903-b897-afa887f499e4', '3029ebbe-7851-45f9-a827-b382006fd739', 'PrincipalConsultant', '11534');
INSERT INTO `SkillSet` (`id`) VALUES ('11535');
INSERT INTO `SkillSet_skills` (`SkillSet_id`, `skills`) VALUES ('11535', 'Maven');
INSERT INTO `Mission` (`id`, `companyName`, `shortName`, `role`, `skillSet_id`) VALUES ('11535', 'b230d3b7-a800-4763-a3b2-16fe826a6df5', '9267adbd-eefa-4398-94da-eba2f5aa37f8', 'PrincipalConsultant', '11535');
INSERT INTO `SkillSet` (`id`) VALUES ('11536');
INSERT INTO `SkillSet_skills` (`SkillSet_id`, `skills`) VALUES ('11536', 'dotNet');
INSERT INTO `SkillSet_skills` (`SkillSet_id`, `skills`) VALUES ('11536', 'UnitTesting');
INSERT INTO `Mission` (`id`, `companyName`, `shortName`, `role`, `skillSet_id`) VALUES ('11536', 'f8021e82-6c51-448a-a3dd-0cec3b4be2d9', '7955d1d0-ade6-4324-a2eb-bff3c3f3eb0d', 'LeadEngineer', '11536');
INSERT INTO `SkillSet` (`id`) VALUES ('11537');
INSERT INTO `SkillSet_skills` (`SkillSet_id`, `skills`) VALUES ('11537', 'dotNet');
INSERT INTO `SkillSet_skills` (`SkillSet_id`, `skills`) VALUES ('11537', 'dotNet');
INSERT INTO `Mission` (`id`, `companyName`, `shortName`, `role`, `skillSet_id`) VALUES ('11537', '55c2cb10-471f-40b3-be4c-51954d30d3fe', 'b31b9a8b-45e1-44c6-9d84-5104be04ea4f', 'JuniorSoftwareEngineer', '11537');
INSERT INTO `SkillSet` (`id`) VALUES ('11538');
INSERT INTO `SkillSet_skills` (`SkillSet_id`, `skills`) VALUES ('11538', 'UITesting');
INSERT INTO `SkillSet_skills` (`SkillSet_id`, `skills`) VALUES ('11538', 'Ant');
INSERT INTO `Mission` (`id`, `companyName`, `shortName`, `role`, `skillSet_id`) VALUES ('11538', 'a22ba9af-29b3-4709-b05d-e370e05943be', '157d842a-fada-464a-a8f1-9a38d40c3eae', 'JuniorSoftwareEngineer', '11538');
INSERT INTO `SkillSet` (`id`) VALUES ('11539');
INSERT INTO `SkillSet_skills` (`SkillSet_id`, `skills`) VALUES ('11539', 'Gradle');
INSERT INTO `SkillSet_skills` (`SkillSet_id`, `skills`) VALUES ('11539', 'UnitTesting');
INSERT INTO `SkillSet_skills` (`SkillSet_id`, `skills`) VALUES ('11539', 'UITesting');
INSERT INTO `SkillSet_skills` (`SkillSet_id`, `skills`) VALUES ('11539', 'Architektur');
INSERT INTO `SkillSet_skills` (`SkillSet_id`, `skills`) VALUES ('11539', 'dotNet');
INSERT INTO `Mission` (`id`, `companyName`, `shortName`, `role`, `skillSet_id`) VALUES ('11539', 'a672f060-a5c8-4f5f-bf0c-4755e1a78821', '82a4c528-da78-436d-9fdc-3b67ff1cb677', 'LeadEngineer', '11539');
INSERT INTO `SkillSet` (`id`) VALUES ('11540');
INSERT INTO `SkillSet_skills` (`SkillSet_id`, `skills`) VALUES ('11540', 'UnitTesting');
INSERT INTO `SkillSet_skills` (`SkillSet_id`, `skills`) VALUES ('11540', 'dotNet');
INSERT INTO `SkillSet_skills` (`SkillSet_id`, `skills`) VALUES ('11540', 'Ant');
INSERT INTO `SkillSet_skills` (`SkillSet_id`, `skills`) VALUES ('11540', 'Maven');
INSERT INTO `SkillSet_skills` (`SkillSet_id`, `skills`) VALUES ('11540', 'Maven');
INSERT INTO `Mission` (`id`, `companyName`, `shortName`, `role`, `skillSet_id`) VALUES ('11540', 'd7c8202e-5d43-498f-9974-85b0ba5a1f6b', 'aa1bb2ac-4672-4744-9035-aeb29914122f', 'JuniorSoftwareEngineer', '11540');
INSERT INTO `SkillSet` (`id`) VALUES ('11541');
INSERT INTO `SkillSet_skills` (`SkillSet_id`, `skills`) VALUES ('11541', 'Architektur');
INSERT INTO `SkillSet_skills` (`SkillSet_id`, `skills`) VALUES ('11541', 'UnitTesting');
INSERT INTO `Mission` (`id`, `companyName`, `shortName`, `role`, `skillSet_id`) VALUES ('11541', '043b3d28-5ad7-4363-94c5-4d08668989f8', '17d0ce84-9855-40e7-befb-7cfcbcdef06c', 'LeadSoftwareArchitect', '11541');
INSERT INTO `SkillSet` (`id`) VALUES ('11542');
INSERT INTO `SkillSet_skills` (`SkillSet_id`, `skills`) VALUES ('11542', 'UITesting');
INSERT INTO `Mission` (`id`, `companyName`, `shortName`, `role`, `skillSet_id`) VALUES ('11542', '756a7eb0-3e0b-43d8-ada6-160cd140f4c0', 'a7c6c680-418d-495b-b66c-10e8cc22005c', 'SoftwareEngineer', '11542');
INSERT INTO `SkillSet` (`id`) VALUES ('11543');
INSERT INTO `SkillSet_skills` (`SkillSet_id`, `skills`) VALUES ('11543', 'UnitTesting');
INSERT INTO `SkillSet_skills` (`SkillSet_id`, `skills`) VALUES ('11543', 'UITesting');
INSERT INTO `SkillSet_skills` (`SkillSet_id`, `skills`) VALUES ('11543', 'dotNet');
INSERT INTO `SkillSet_skills` (`SkillSet_id`, `skills`) VALUES ('11543', 'SQL');
INSERT INTO `Mission` (`id`, `companyName`, `shortName`, `role`, `skillSet_id`) VALUES ('11543', 'aa8cf021-0732-4178-a245-523df832d258', '152f964a-d5af-4f52-b23f-132bead35644', 'LeadSoftwareArchitect', '11543');
INSERT INTO `SkillSet` (`id`) VALUES ('11544');
INSERT INTO `SkillSet_skills` (`SkillSet_id`, `skills`) VALUES ('11544', 'UnitTesting');
INSERT INTO `SkillSet_skills` (`SkillSet_id`, `skills`) VALUES ('11544', 'Gradle');
INSERT INTO `Mission` (`id`, `companyName`, `shortName`, `role`, `skillSet_id`) VALUES ('11544', '1f043611-b494-48f5-896b-84134f81e75d', '98586e32-bb1c-4a91-945e-6811ac404680', 'PrincipalConsultant', '11544');
INSERT INTO `SkillSet` (`id`) VALUES ('11545');
INSERT INTO `SkillSet_skills` (`SkillSet_id`, `skills`) VALUES ('11545', 'dotNet');
INSERT INTO `SkillSet_skills` (`SkillSet_id`, `skills`) VALUES ('11545', 'Maven');
INSERT INTO `SkillSet_skills` (`SkillSet_id`, `skills`) VALUES ('11545', 'Ant');
INSERT INTO `SkillSet_skills` (`SkillSet_id`, `skills`) VALUES ('11545', 'dotNet');
INSERT INTO `Mission` (`id`, `companyName`, `shortName`, `role`, `skillSet_id`) VALUES ('11545', 'b3dae9f0-51cd-4ce7-bf38-b7b4a53c58bc', '45480ec0-d17d-47dd-af5e-98c8b98f7b18', 'PrincipalConsultant', '11545');
INSERT INTO `SkillSet` (`id`) VALUES ('11546');
INSERT INTO `SkillSet_skills` (`SkillSet_id`, `skills`) VALUES ('11546', 'SQL');
INSERT INTO `SkillSet_skills` (`SkillSet_id`, `skills`) VALUES ('11546', 'UnitTesting');
INSERT INTO `SkillSet_skills` (`SkillSet_id`, `skills`) VALUES ('11546', 'Gradle');
INSERT INTO `SkillSet_skills` (`SkillSet_id`, `skills`) VALUES ('11546', 'Ant');
INSERT INTO `SkillSet_skills` (`SkillSet_id`, `skills`) VALUES ('11546', 'Java');
INSERT INTO `Mission` (`id`, `companyName`, `shortName`, `role`, `skillSet_id`) VALUES ('11546', '973fafb8-6b3f-4d4b-a29a-97785d8bcf97', 'ff65d7f0-994b-48ce-bcb7-0d0dd2b739fa', 'JuniorSoftwareEngineer', '11546');
INSERT INTO `SkillSet` (`id`) VALUES ('11547');
INSERT INTO `SkillSet_skills` (`SkillSet_id`, `skills`) VALUES ('11547', 'Maven');
INSERT INTO `SkillSet_skills` (`SkillSet_id`, `skills`) VALUES ('11547', 'Architektur');
INSERT INTO `SkillSet_skills` (`SkillSet_id`, `skills`) VALUES ('11547', 'UITesting');
INSERT INTO `SkillSet_skills` (`SkillSet_id`, `skills`) VALUES ('11547', 'Architektur');
INSERT INTO `Mission` (`id`, `companyName`, `shortName`, `role`, `skillSet_id`) VALUES ('11547', '86535761-181d-4147-b312-eca48ac6bbe7', 'bd2d81da-0d07-488c-b8f6-5c01566e4bbc', 'SeniorSoftwareEngineer', '11547');
INSERT INTO `SkillSet` (`id`) VALUES ('11548');
INSERT INTO `SkillSet_skills` (`SkillSet_id`, `skills`) VALUES ('11548', 'Java');
INSERT INTO `SkillSet_skills` (`SkillSet_id`, `skills`) VALUES ('11548', 'Maven');
INSERT INTO `SkillSet_skills` (`SkillSet_id`, `skills`) VALUES ('11548', 'Java');
INSERT INTO `SkillSet_skills` (`SkillSet_id`, `skills`) VALUES ('11548', 'dotNet');
INSERT INTO `Mission` (`id`, `companyName`, `shortName`, `role`, `skillSet_id`) VALUES ('11548', '30d9ecfa-288a-46ba-88d4-38a20bdc59dd', 'd9066f1e-1d4c-4bfe-9ece-7312a6dabea5', 'LeadEngineer', '11548');
INSERT INTO `SkillSet` (`id`) VALUES ('11549');
INSERT INTO `SkillSet_skills` (`SkillSet_id`, `skills`) VALUES ('11549', 'Java');
INSERT INTO `SkillSet_skills` (`SkillSet_id`, `skills`) VALUES ('11549', 'UITesting');
INSERT INTO `SkillSet_skills` (`SkillSet_id`, `skills`) VALUES ('11549', 'Ant');
INSERT INTO `SkillSet_skills` (`SkillSet_id`, `skills`) VALUES ('11549', 'Gradle');
INSERT INTO `SkillSet_skills` (`SkillSet_id`, `skills`) VALUES ('11549', 'Maven');
INSERT INTO `Mission` (`id`, `companyName`, `shortName`, `role`, `skillSet_id`) VALUES ('11549', 'd479b6c7-8cd8-42d6-b0bb-b57a7515f4d0', '178beb03-080a-436c-9746-39a894248b20', 'SeniorSoftwareEngineer', '11549');
INSERT INTO `SkillSet` (`id`) VALUES ('11550');
INSERT INTO `SkillSet_skills` (`SkillSet_id`, `skills`) VALUES ('11550', 'UnitTesting');
INSERT INTO `Mission` (`id`, `companyName`, `shortName`, `role`, `skillSet_id`) VALUES ('11550', 'c551b4c1-a961-4025-b303-9ea501a947d1', 'faaf0958-6bbc-4ec8-a663-1e59fa56a754', 'LeadEngineer', '11550');
INSERT INTO `SkillSet` (`id`) VALUES ('11551');
INSERT INTO `SkillSet_skills` (`SkillSet_id`, `skills`) VALUES ('11551', 'UnitTesting');
INSERT INTO `SkillSet_skills` (`SkillSet_id`, `skills`) VALUES ('11551', 'SQL');
INSERT INTO `SkillSet_skills` (`SkillSet_id`, `skills`) VALUES ('11551', 'Maven');
INSERT INTO `SkillSet_skills` (`SkillSet_id`, `skills`) VALUES ('11551', 'Maven');
INSERT INTO `SkillSet_skills` (`SkillSet_id`, `skills`) VALUES ('11551', 'SQL');
INSERT INTO `Mission` (`id`, `companyName`, `shortName`, `role`, `skillSet_id`) VALUES ('11551', '5b4228bc-1612-40c5-afd5-fb71c67d16d0', '9ac799a6-2465-4909-aadd-8faab6e7fd0a', 'LeadEngineer', '11551');
INSERT INTO `SkillSet` (`id`) VALUES ('11552');
INSERT INTO `SkillSet_skills` (`SkillSet_id`, `skills`) VALUES ('11552', 'Java');
INSERT INTO `SkillSet_skills` (`SkillSet_id`, `skills`) VALUES ('11552', 'UITesting');
INSERT INTO `SkillSet_skills` (`SkillSet_id`, `skills`) VALUES ('11552', 'dotNet');
INSERT INTO `Mission` (`id`, `companyName`, `shortName`, `role`, `skillSet_id`) VALUES ('11552', 'e7e4ca3e-545b-4fbf-a6aa-2117ae5d6762', '3be38947-b22a-404a-a604-676d55abc06f', 'JuniorSoftwareEngineer', '11552');
INSERT INTO `SkillSet` (`id`) VALUES ('11553');
INSERT INTO `SkillSet_skills` (`SkillSet_id`, `skills`) VALUES ('11553', 'dotNet');
INSERT INTO `Mission` (`id`, `companyName`, `shortName`, `role`, `skillSet_id`) VALUES ('11553', 'cff04791-9517-4db6-a450-ecfc63aaa67d', 'd593bca9-c3b1-47ee-b76b-1321f5f45894', 'PrincipalConsultant', '11553');
INSERT INTO `SkillSet` (`id`) VALUES ('11554');
INSERT INTO `SkillSet_skills` (`SkillSet_id`, `skills`) VALUES ('11554', 'SQL');
INSERT INTO `SkillSet_skills` (`SkillSet_id`, `skills`) VALUES ('11554', 'Architektur');
INSERT INTO `SkillSet_skills` (`SkillSet_id`, `skills`) VALUES ('11554', 'Architektur');
INSERT INTO `SkillSet_skills` (`SkillSet_id`, `skills`) VALUES ('11554', 'SQL');
INSERT INTO `Mission` (`id`, `companyName`, `shortName`, `role`, `skillSet_id`) VALUES ('11554', '40909875-71c3-4683-987d-34e5dadc9fd3', '6c97576f-bf79-4e89-9697-7bcc18432ea6', 'LeadSoftwareArchitect', '11554');
INSERT INTO `SkillSet` (`id`) VALUES ('11555');
INSERT INTO `SkillSet_skills` (`SkillSet_id`, `skills`) VALUES ('11555', 'UnitTesting');
INSERT INTO `SkillSet_skills` (`SkillSet_id`, `skills`) VALUES ('11555', 'Maven');
INSERT INTO `SkillSet_skills` (`SkillSet_id`, `skills`) VALUES ('11555', 'SQL');
INSERT INTO `Mission` (`id`, `companyName`, `shortName`, `role`, `skillSet_id`) VALUES ('11555', '8d16343c-046b-43f9-b7ec-baec6b6106b2', '360fc8af-c77e-490a-b135-a27a9ebf9831', 'LeadSoftwareArchitect', '11555');
INSERT INTO `SkillSet` (`id`) VALUES ('11556');
INSERT INTO `SkillSet_skills` (`SkillSet_id`, `skills`) VALUES ('11556', 'Gradle');
INSERT INTO `Mission` (`id`, `companyName`, `shortName`, `role`, `skillSet_id`) VALUES ('11556', '72a3330c-2d64-41d1-bf61-84a8bb4b1e8b', 'dd3fa15e-94eb-4844-b23f-916108d2ffdd', 'LeadEngineer', '11556');
INSERT INTO `SkillSet` (`id`) VALUES ('11557');
INSERT INTO `SkillSet_skills` (`SkillSet_id`, `skills`) VALUES ('11557', 'Ant');
INSERT INTO `SkillSet_skills` (`SkillSet_id`, `skills`) VALUES ('11557', 'dotNet');
INSERT INTO `SkillSet_skills` (`SkillSet_id`, `skills`) VALUES ('11557', 'UnitTesting');
INSERT INTO `Mission` (`id`, `companyName`, `shortName`, `role`, `skillSet_id`) VALUES ('11557', '1640e8a6-283e-4adf-9c7f-ad81c157b954', '89d7431e-36cb-42ec-9373-1ca0d4be5bff', 'SeniorSoftwareEngineer', '11557');
INSERT INTO `SkillSet` (`id`) VALUES ('11558');
INSERT INTO `SkillSet_skills` (`SkillSet_id`, `skills`) VALUES ('11558', 'Java');
INSERT INTO `SkillSet_skills` (`SkillSet_id`, `skills`) VALUES ('11558', 'SQL');
INSERT INTO `SkillSet_skills` (`SkillSet_id`, `skills`) VALUES ('11558', 'UITesting');
INSERT INTO `Mission` (`id`, `companyName`, `shortName`, `role`, `skillSet_id`) VALUES ('11558', 'f7940174-43fc-4af2-9d1d-946d31ed8d22', '9009c74f-75fa-4b21-82e9-e13034d72cc2', 'PrincipalConsultant', '11558');
INSERT INTO `SkillSet` (`id`) VALUES ('11559');
INSERT INTO `SkillSet_skills` (`SkillSet_id`, `skills`) VALUES ('11559', 'Architektur');
INSERT INTO `SkillSet_skills` (`SkillSet_id`, `skills`) VALUES ('11559', 'UITesting');
INSERT INTO `SkillSet_skills` (`SkillSet_id`, `skills`) VALUES ('11559', 'Maven');
INSERT INTO `SkillSet_skills` (`SkillSet_id`, `skills`) VALUES ('11559', 'Maven');
INSERT INTO `SkillSet_skills` (`SkillSet_id`, `skills`) VALUES ('11559', 'dotNet');
INSERT INTO `Mission` (`id`, `companyName`, `shortName`, `role`, `skillSet_id`) VALUES ('11559', '1aae40e8-898f-464a-abaf-4c165a58377c', '1cf51cd8-4941-48e5-bebd-9278d115c15a', 'LeadSoftwareArchitect', '11559');
INSERT INTO `SkillSet` (`id`) VALUES ('11560');
INSERT INTO `SkillSet_skills` (`SkillSet_id`, `skills`) VALUES ('11560', 'dotNet');
INSERT INTO `SkillSet_skills` (`SkillSet_id`, `skills`) VALUES ('11560', 'UnitTesting');
INSERT INTO `SkillSet_skills` (`SkillSet_id`, `skills`) VALUES ('11560', 'UITesting');
INSERT INTO `SkillSet_skills` (`SkillSet_id`, `skills`) VALUES ('11560', 'Architektur');
INSERT INTO `SkillSet_skills` (`SkillSet_id`, `skills`) VALUES ('11560', 'SQL');
INSERT INTO `Mission` (`id`, `companyName`, `shortName`, `role`, `skillSet_id`) VALUES ('11560', '4e9dc3bc-09c6-4ed1-a73a-6ac1b69894a2', '70986004-944d-46e8-a61a-dd700e6a9e0b', 'LeadSoftwareArchitect', '11560');
INSERT INTO `SkillSet` (`id`) VALUES ('11561');
INSERT INTO `SkillSet_skills` (`SkillSet_id`, `skills`) VALUES ('11561', 'dotNet');
INSERT INTO `SkillSet_skills` (`SkillSet_id`, `skills`) VALUES ('11561', 'SQL');
INSERT INTO `SkillSet_skills` (`SkillSet_id`, `skills`) VALUES ('11561', 'Maven');
INSERT INTO `SkillSet_skills` (`SkillSet_id`, `skills`) VALUES ('11561', 'dotNet');
INSERT INTO `Mission` (`id`, `companyName`, `shortName`, `role`, `skillSet_id`) VALUES ('11561', 'ed72588e-272c-4899-b85c-8cc23d03e22d', '4743167c-af2c-48bf-9e31-e090a6d2222e', 'LeadEngineer', '11561');
INSERT INTO `SkillSet` (`id`) VALUES ('11562');
INSERT INTO `SkillSet_skills` (`SkillSet_id`, `skills`) VALUES ('11562', 'Java');
INSERT INTO `SkillSet_skills` (`SkillSet_id`, `skills`) VALUES ('11562', 'Gradle');
INSERT INTO `SkillSet_skills` (`SkillSet_id`, `skills`) VALUES ('11562', 'Ant');
INSERT INTO `Mission` (`id`, `companyName`, `shortName`, `role`, `skillSet_id`) VALUES ('11562', '7cc15ef4-7b57-470e-86e1-0c11804ef36e', '8bccb3d5-5cc9-450f-92ce-9cec439fdeef', 'PrincipalConsultant', '11562');
INSERT INTO `SkillSet` (`id`) VALUES ('11563');
INSERT INTO `SkillSet_skills` (`SkillSet_id`, `skills`) VALUES ('11563', 'dotNet');
INSERT INTO `SkillSet_skills` (`SkillSet_id`, `skills`) VALUES ('11563', 'SQL');
INSERT INTO `SkillSet_skills` (`SkillSet_id`, `skills`) VALUES ('11563', 'Maven');
INSERT INTO `SkillSet_skills` (`SkillSet_id`, `skills`) VALUES ('11563', 'Java');
INSERT INTO `Mission` (`id`, `companyName`, `shortName`, `role`, `skillSet_id`) VALUES ('11563', '1fe7f22e-2d38-48d2-94eb-b57f89fcd180', '2a02100a-27f8-4d67-afb6-e80eabdae065', 'JuniorSoftwareEngineer', '11563');
INSERT INTO `SkillSet` (`id`) VALUES ('11564');
INSERT INTO `SkillSet_skills` (`SkillSet_id`, `skills`) VALUES ('11564', 'UnitTesting');
INSERT INTO `SkillSet_skills` (`SkillSet_id`, `skills`) VALUES ('11564', 'Ant');
INSERT INTO `Mission` (`id`, `companyName`, `shortName`, `role`, `skillSet_id`) VALUES ('11564', '264b2e73-b32c-4cef-9d30-8857035aff7c', 'ed98df16-5bf9-4303-a550-0c7456602b8e', 'SoftwareEngineer', '11564');
INSERT INTO `SkillSet` (`id`) VALUES ('11565');
INSERT INTO `SkillSet_skills` (`SkillSet_id`, `skills`) VALUES ('11565', 'dotNet');
INSERT INTO `SkillSet_skills` (`SkillSet_id`, `skills`) VALUES ('11565', 'UITesting');
INSERT INTO `SkillSet_skills` (`SkillSet_id`, `skills`) VALUES ('11565', 'SQL');
INSERT INTO `Mission` (`id`, `companyName`, `shortName`, `role`, `skillSet_id`) VALUES ('11565', 'fb768d53-6b9d-4191-92d5-3d94f186314a', '1fe4c860-cc0a-4b16-a3e1-f4e8c40eb300', 'LeadEngineer', '11565');
INSERT INTO `SkillSet` (`id`) VALUES ('11566');
INSERT INTO `SkillSet_skills` (`SkillSet_id`, `skills`) VALUES ('11566', 'Architektur');
INSERT INTO `SkillSet_skills` (`SkillSet_id`, `skills`) VALUES ('11566', 'Maven');
INSERT INTO `SkillSet_skills` (`SkillSet_id`, `skills`) VALUES ('11566', 'UnitTesting');
INSERT INTO `SkillSet_skills` (`SkillSet_id`, `skills`) VALUES ('11566', 'Java');
INSERT INTO `Mission` (`id`, `companyName`, `shortName`, `role`, `skillSet_id`) VALUES ('11566', '2586ba22-1112-40f2-943f-ce938a19832c', 'dbe77c6f-a42c-4f9e-a221-31f0b5ff605b', 'LeadSoftwareArchitect', '11566');
INSERT INTO `SkillSet` (`id`) VALUES ('11567');
INSERT INTO `SkillSet_skills` (`SkillSet_id`, `skills`) VALUES ('11567', 'Ant');
INSERT INTO `SkillSet_skills` (`SkillSet_id`, `skills`) VALUES ('11567', 'Java');
INSERT INTO `Mission` (`id`, `companyName`, `shortName`, `role`, `skillSet_id`) VALUES ('11567', '4d4fa1ee-47b5-4c34-8b78-1f3d99938818', '44d99288-e326-4cac-902f-b0e1be240d64', 'JuniorSoftwareEngineer', '11567');
INSERT INTO `SkillSet` (`id`) VALUES ('11568');
INSERT INTO `SkillSet_skills` (`SkillSet_id`, `skills`) VALUES ('11568', 'Ant');
INSERT INTO `SkillSet_skills` (`SkillSet_id`, `skills`) VALUES ('11568', 'SQL');
INSERT INTO `SkillSet_skills` (`SkillSet_id`, `skills`) VALUES ('11568', 'SQL');
INSERT INTO `SkillSet_skills` (`SkillSet_id`, `skills`) VALUES ('11568', 'UnitTesting');
INSERT INTO `Mission` (`id`, `companyName`, `shortName`, `role`, `skillSet_id`) VALUES ('11568', '25b70d28-f002-4dfa-b2a8-8af73ae9efb5', '38ec9fd5-ad6f-4a8d-b19a-1e951b4ada9e', 'LeadEngineer', '11568');
INSERT INTO `SkillSet` (`id`) VALUES ('11569');
INSERT INTO `SkillSet_skills` (`SkillSet_id`, `skills`) VALUES ('11569', 'Architektur');
INSERT INTO `SkillSet_skills` (`SkillSet_id`, `skills`) VALUES ('11569', 'SQL');
INSERT INTO `SkillSet_skills` (`SkillSet_id`, `skills`) VALUES ('11569', 'Gradle');
INSERT INTO `SkillSet_skills` (`SkillSet_id`, `skills`) VALUES ('11569', 'UITesting');
INSERT INTO `SkillSet_skills` (`SkillSet_id`, `skills`) VALUES ('11569', 'Gradle');
INSERT INTO `Mission` (`id`, `companyName`, `shortName`, `role`, `skillSet_id`) VALUES ('11569', '497357ba-d6e5-4bff-b13f-3d70cc652510', '0f141b21-f3ed-4ebe-8bdd-d486b84353ca', 'JuniorSoftwareEngineer', '11569');
INSERT INTO `SkillSet` (`id`) VALUES ('11570');
INSERT INTO `SkillSet_skills` (`SkillSet_id`, `skills`) VALUES ('11570', 'dotNet');
INSERT INTO `SkillSet_skills` (`SkillSet_id`, `skills`) VALUES ('11570', 'UnitTesting');
INSERT INTO `SkillSet_skills` (`SkillSet_id`, `skills`) VALUES ('11570', 'UnitTesting');
INSERT INTO `SkillSet_skills` (`SkillSet_id`, `skills`) VALUES ('11570', 'Java');
INSERT INTO `Mission` (`id`, `companyName`, `shortName`, `role`, `skillSet_id`) VALUES ('11570', '50718e8b-baee-427a-b565-6095a154e72b', '48e0fed3-4a76-499a-acaf-10274c0cc9ce', 'SoftwareEngineer', '11570');
INSERT INTO `SkillSet` (`id`) VALUES ('11571');
INSERT INTO `SkillSet_skills` (`SkillSet_id`, `skills`) VALUES ('11571', 'UITesting');
INSERT INTO `SkillSet_skills` (`SkillSet_id`, `skills`) VALUES ('11571', 'UnitTesting');
INSERT INTO `SkillSet_skills` (`SkillSet_id`, `skills`) VALUES ('11571', 'dotNet');
INSERT INTO `Mission` (`id`, `companyName`, `shortName`, `role`, `skillSet_id`) VALUES ('11571', 'c7ad9169-f9a9-442a-bd3f-ad9e20dc98cf', 'f0aa9fff-42cc-47c1-8a86-c568369364c3', 'LeadEngineer', '11571');
INSERT INTO `SkillSet` (`id`) VALUES ('11572');
INSERT INTO `SkillSet_skills` (`SkillSet_id`, `skills`) VALUES ('11572', 'SQL');
INSERT INTO `Mission` (`id`, `companyName`, `shortName`, `role`, `skillSet_id`) VALUES ('11572', '4ce49add-bf48-490b-ad5d-53db58741ef5', '25bd4292-7077-42c8-a3ab-b5197f0b5cee', 'JuniorSoftwareEngineer', '11572');
INSERT INTO `SkillSet` (`id`) VALUES ('11573');
INSERT INTO `SkillSet_skills` (`SkillSet_id`, `skills`) VALUES ('11573', 'Maven');
INSERT INTO `Mission` (`id`, `companyName`, `shortName`, `role`, `skillSet_id`) VALUES ('11573', 'e6e4646a-50c5-42b8-b6c6-842a76b45b14', '5e49c426-c144-45be-8f35-5860c09b5cc3', 'SeniorSoftwareEngineer', '11573');
INSERT INTO `SkillSet` (`id`) VALUES ('11574');
INSERT INTO `SkillSet_skills` (`SkillSet_id`, `skills`) VALUES ('11574', 'Gradle');
INSERT INTO `SkillSet_skills` (`SkillSet_id`, `skills`) VALUES ('11574', 'Gradle');
INSERT INTO `SkillSet_skills` (`SkillSet_id`, `skills`) VALUES ('11574', 'Gradle');
INSERT INTO `SkillSet_skills` (`SkillSet_id`, `skills`) VALUES ('11574', 'UITesting');
INSERT INTO `SkillSet_skills` (`SkillSet_id`, `skills`) VALUES ('11574', 'UnitTesting');
INSERT INTO `Mission` (`id`, `companyName`, `shortName`, `role`, `skillSet_id`) VALUES ('11574', '3904379f-d3d5-4ea1-8d3a-9ded644aa4db', '0b2148a4-02ca-4392-87a6-db5e31a36f5a', 'SeniorSoftwareEngineer', '11574');
INSERT INTO `SkillSet` (`id`) VALUES ('11575');
INSERT INTO `SkillSet_skills` (`SkillSet_id`, `skills`) VALUES ('11575', 'Gradle');
INSERT INTO `Mission` (`id`, `companyName`, `shortName`, `role`, `skillSet_id`) VALUES ('11575', 'b2cc492e-5939-4bb9-bb8c-7ddab93a9553', 'b8399596-a73c-477a-9f6f-d60bd1f2ee39', 'PrincipalConsultant', '11575');
INSERT INTO `SkillSet` (`id`) VALUES ('11576');
INSERT INTO `SkillSet_skills` (`SkillSet_id`, `skills`) VALUES ('11576', 'Java');
INSERT INTO `SkillSet_skills` (`SkillSet_id`, `skills`) VALUES ('11576', 'Maven');
INSERT INTO `Mission` (`id`, `companyName`, `shortName`, `role`, `skillSet_id`) VALUES ('11576', '12420beb-7183-47fe-9742-374cdc0526a6', 'c22f62e0-895e-4ad4-a1a0-57cd7c6653c5', 'LeadEngineer', '11576');
INSERT INTO `SkillSet` (`id`) VALUES ('11577');
INSERT INTO `SkillSet_skills` (`SkillSet_id`, `skills`) VALUES ('11577', 'Ant');
INSERT INTO `SkillSet_skills` (`SkillSet_id`, `skills`) VALUES ('11577', 'Maven');
INSERT INTO `SkillSet_skills` (`SkillSet_id`, `skills`) VALUES ('11577', 'Gradle');
INSERT INTO `SkillSet_skills` (`SkillSet_id`, `skills`) VALUES ('11577', 'Ant');
INSERT INTO `SkillSet_skills` (`SkillSet_id`, `skills`) VALUES ('11577', 'Gradle');
INSERT INTO `Mission` (`id`, `companyName`, `shortName`, `role`, `skillSet_id`) VALUES ('11577', 'c34cc67c-5555-4930-b7b3-a7fc75fd097a', 'c414cec6-7366-42a5-a2a1-f28f5a8da4e1', 'SeniorSoftwareEngineer', '11577');
INSERT INTO `SkillSet` (`id`) VALUES ('11578');
INSERT INTO `SkillSet_skills` (`SkillSet_id`, `skills`) VALUES ('11578', 'SQL');
INSERT INTO `SkillSet_skills` (`SkillSet_id`, `skills`) VALUES ('11578', 'dotNet');
INSERT INTO `SkillSet_skills` (`SkillSet_id`, `skills`) VALUES ('11578', 'Gradle');
INSERT INTO `SkillSet_skills` (`SkillSet_id`, `skills`) VALUES ('11578', 'Ant');
INSERT INTO `Mission` (`id`, `companyName`, `shortName`, `role`, `skillSet_id`) VALUES ('11578', 'd088d893-6a43-449a-9634-23092dec3aa5', '85819130-0abc-4de9-8bcf-5c7ad7a22d74', 'SeniorSoftwareEngineer', '11578');
INSERT INTO `SkillSet` (`id`) VALUES ('11579');
INSERT INTO `SkillSet_skills` (`SkillSet_id`, `skills`) VALUES ('11579', 'UITesting');
INSERT INTO `SkillSet_skills` (`SkillSet_id`, `skills`) VALUES ('11579', 'Architektur');
INSERT INTO `Mission` (`id`, `companyName`, `shortName`, `role`, `skillSet_id`) VALUES ('11579', '0dc198bd-641c-4fcc-abe6-1ec469400d26', '47d647df-e4d0-4c69-ab5f-b18783193883', 'LeadEngineer', '11579');
INSERT INTO `SkillSet` (`id`) VALUES ('11580');
INSERT INTO `SkillSet_skills` (`SkillSet_id`, `skills`) VALUES ('11580', 'SQL');
INSERT INTO `SkillSet_skills` (`SkillSet_id`, `skills`) VALUES ('11580', 'Maven');
INSERT INTO `SkillSet_skills` (`SkillSet_id`, `skills`) VALUES ('11580', 'SQL');
INSERT INTO `SkillSet_skills` (`SkillSet_id`, `skills`) VALUES ('11580', 'UITesting');
INSERT INTO `Mission` (`id`, `companyName`, `shortName`, `role`, `skillSet_id`) VALUES ('11580', '9403c4f2-48bd-42ec-9857-b5d2ead40b8d', 'f5113018-05ed-4385-bb45-b5936b5a1f02', 'SeniorSoftwareEngineer', '11580');
INSERT INTO `SkillSet` (`id`) VALUES ('11581');
INSERT INTO `SkillSet_skills` (`SkillSet_id`, `skills`) VALUES ('11581', 'Ant');
INSERT INTO `SkillSet_skills` (`SkillSet_id`, `skills`) VALUES ('11581', 'Maven');
INSERT INTO `SkillSet_skills` (`SkillSet_id`, `skills`) VALUES ('11581', 'Ant');
INSERT INTO `SkillSet_skills` (`SkillSet_id`, `skills`) VALUES ('11581', 'SQL');
INSERT INTO `SkillSet_skills` (`SkillSet_id`, `skills`) VALUES ('11581', 'Maven');
INSERT INTO `Mission` (`id`, `companyName`, `shortName`, `role`, `skillSet_id`) VALUES ('11581', '151f000d-6a87-4995-b438-575e12335c9f', 'fd452111-e22f-4527-8752-13b0a1affae4', 'SoftwareEngineer', '11581');
INSERT INTO `SkillSet` (`id`) VALUES ('11582');
INSERT INTO `SkillSet_skills` (`SkillSet_id`, `skills`) VALUES ('11582', 'UITesting');
INSERT INTO `SkillSet_skills` (`SkillSet_id`, `skills`) VALUES ('11582', 'Maven');
INSERT INTO `SkillSet_skills` (`SkillSet_id`, `skills`) VALUES ('11582', 'UITesting');
INSERT INTO `SkillSet_skills` (`SkillSet_id`, `skills`) VALUES ('11582', 'UnitTesting');
INSERT INTO `SkillSet_skills` (`SkillSet_id`, `skills`) VALUES ('11582', 'Gradle');
INSERT INTO `Mission` (`id`, `companyName`, `shortName`, `role`, `skillSet_id`) VALUES ('11582', '78d09e36-ebbc-4e24-adc5-9465146fc9d3', '6119bab7-6322-4acf-a77e-e595ea9ae0cf', 'SoftwareEngineer', '11582');
INSERT INTO `SkillSet` (`id`) VALUES ('11583');
INSERT INTO `SkillSet_skills` (`SkillSet_id`, `skills`) VALUES ('11583', 'dotNet');
INSERT INTO `SkillSet_skills` (`SkillSet_id`, `skills`) VALUES ('11583', 'UITesting');
INSERT INTO `SkillSet_skills` (`SkillSet_id`, `skills`) VALUES ('11583', 'Java');
INSERT INTO `SkillSet_skills` (`SkillSet_id`, `skills`) VALUES ('11583', 'UITesting');
INSERT INTO `Mission` (`id`, `companyName`, `shortName`, `role`, `skillSet_id`) VALUES ('11583', 'c73359b1-c397-4d9a-a66c-634f8c5a3d0e', '158c9229-3a4c-4139-bba1-0defe41fd428', 'SoftwareEngineer', '11583');
INSERT INTO `SkillSet` (`id`) VALUES ('11584');
INSERT INTO `SkillSet_skills` (`SkillSet_id`, `skills`) VALUES ('11584', 'Ant');
INSERT INTO `SkillSet_skills` (`SkillSet_id`, `skills`) VALUES ('11584', 'SQL');
INSERT INTO `SkillSet_skills` (`SkillSet_id`, `skills`) VALUES ('11584', 'UnitTesting');
INSERT INTO `SkillSet_skills` (`SkillSet_id`, `skills`) VALUES ('11584', 'dotNet');
INSERT INTO `Mission` (`id`, `companyName`, `shortName`, `role`, `skillSet_id`) VALUES ('11584', 'f0f55db4-b90a-465f-9ca7-21f8159abe5e', 'abdc9277-aaf9-4021-8b82-ea6956bb0d8b', 'JuniorSoftwareEngineer', '11584');
INSERT INTO `SkillSet` (`id`) VALUES ('11585');
INSERT INTO `SkillSet_skills` (`SkillSet_id`, `skills`) VALUES ('11585', 'SQL');
INSERT INTO `SkillSet_skills` (`SkillSet_id`, `skills`) VALUES ('11585', 'dotNet');
INSERT INTO `SkillSet_skills` (`SkillSet_id`, `skills`) VALUES ('11585', 'UnitTesting');
INSERT INTO `Mission` (`id`, `companyName`, `shortName`, `role`, `skillSet_id`) VALUES ('11585', '2f90ec01-9ca9-4614-89fa-a42fbd258270', '3129b551-082e-4057-8de1-c8d425d49012', 'PrincipalConsultant', '11585');
INSERT INTO `SkillSet` (`id`) VALUES ('11586');
INSERT INTO `SkillSet_skills` (`SkillSet_id`, `skills`) VALUES ('11586', 'Maven');
INSERT INTO `SkillSet_skills` (`SkillSet_id`, `skills`) VALUES ('11586', 'Architektur');
INSERT INTO `SkillSet_skills` (`SkillSet_id`, `skills`) VALUES ('11586', 'dotNet');
INSERT INTO `SkillSet_skills` (`SkillSet_id`, `skills`) VALUES ('11586', 'Architektur');
INSERT INTO `Mission` (`id`, `companyName`, `shortName`, `role`, `skillSet_id`) VALUES ('11586', '86e17b34-53ac-444a-89b5-ecafa3427670', '10f4dd1e-cd34-4b2b-a13c-dbddc3b35518', 'LeadEngineer', '11586');
INSERT INTO `SkillSet` (`id`) VALUES ('11587');
INSERT INTO `SkillSet_skills` (`SkillSet_id`, `skills`) VALUES ('11587', 'Gradle');
INSERT INTO `SkillSet_skills` (`SkillSet_id`, `skills`) VALUES ('11587', 'Maven');
INSERT INTO `SkillSet_skills` (`SkillSet_id`, `skills`) VALUES ('11587', 'Java');
INSERT INTO `Mission` (`id`, `companyName`, `shortName`, `role`, `skillSet_id`) VALUES ('11587', 'cb90761c-ebec-4c88-acd8-09ee9a4045a6', 'ef143e05-9af1-4cf9-83d1-f2998ecdc186', 'SoftwareEngineer', '11587');
INSERT INTO `SkillSet` (`id`) VALUES ('11588');
INSERT INTO `SkillSet_skills` (`SkillSet_id`, `skills`) VALUES ('11588', 'Architektur');
INSERT INTO `Mission` (`id`, `companyName`, `shortName`, `role`, `skillSet_id`) VALUES ('11588', 'cd0b2de7-3219-423d-b611-340929fa6b1b', 'c2374978-cfe7-4390-9b12-6add11b2586f', 'PrincipalConsultant', '11588');
INSERT INTO `SkillSet` (`id`) VALUES ('11589');
INSERT INTO `SkillSet_skills` (`SkillSet_id`, `skills`) VALUES ('11589', 'Java');
INSERT INTO `SkillSet_skills` (`SkillSet_id`, `skills`) VALUES ('11589', 'Maven');
INSERT INTO `SkillSet_skills` (`SkillSet_id`, `skills`) VALUES ('11589', 'Architektur');
INSERT INTO `Mission` (`id`, `companyName`, `shortName`, `role`, `skillSet_id`) VALUES ('11589', 'bb2e3358-c3ff-4463-b31a-9be4122069cf', 'dd3aa7e5-e0d8-410c-8f9d-59bab05da332', 'JuniorSoftwareEngineer', '11589');
INSERT INTO `SkillSet` (`id`) VALUES ('11590');
INSERT INTO `SkillSet_skills` (`SkillSet_id`, `skills`) VALUES ('11590', 'Architektur');
INSERT INTO `SkillSet_skills` (`SkillSet_id`, `skills`) VALUES ('11590', 'UnitTesting');
INSERT INTO `SkillSet_skills` (`SkillSet_id`, `skills`) VALUES ('11590', 'Java');
INSERT INTO `SkillSet_skills` (`SkillSet_id`, `skills`) VALUES ('11590', 'Architektur');
INSERT INTO `Mission` (`id`, `companyName`, `shortName`, `role`, `skillSet_id`) VALUES ('11590', '6d0cd403-09f3-4291-8bbb-b1329efe4acc', '5e5b4527-fb66-4870-991c-151dd5aaa687', 'SoftwareEngineer', '11590');
INSERT INTO `SkillSet` (`id`) VALUES ('11591');
INSERT INTO `SkillSet_skills` (`SkillSet_id`, `skills`) VALUES ('11591', 'dotNet');
INSERT INTO `SkillSet_skills` (`SkillSet_id`, `skills`) VALUES ('11591', 'UnitTesting');
INSERT INTO `SkillSet_skills` (`SkillSet_id`, `skills`) VALUES ('11591', 'Architektur');
INSERT INTO `SkillSet_skills` (`SkillSet_id`, `skills`) VALUES ('11591', 'UnitTesting');
INSERT INTO `Mission` (`id`, `companyName`, `shortName`, `role`, `skillSet_id`) VALUES ('11591', '3711562c-e317-48b2-b645-61665173f6bc', '51066029-8db4-4110-9188-7ec5eaf199b1', 'LeadEngineer', '11591');
INSERT INTO `SkillSet` (`id`) VALUES ('11592');
INSERT INTO `SkillSet_skills` (`SkillSet_id`, `skills`) VALUES ('11592', 'Maven');
INSERT INTO `SkillSet_skills` (`SkillSet_id`, `skills`) VALUES ('11592', 'Architektur');
INSERT INTO `Mission` (`id`, `companyName`, `shortName`, `role`, `skillSet_id`) VALUES ('11592', 'cdad45b2-90f5-4468-a719-0664deaf3351', 'fb762a16-ad66-42ce-9a3d-0bc23b59026b', 'JuniorSoftwareEngineer', '11592');
INSERT INTO `SkillSet` (`id`) VALUES ('11593');
INSERT INTO `SkillSet_skills` (`SkillSet_id`, `skills`) VALUES ('11593', 'Maven');
INSERT INTO `SkillSet_skills` (`SkillSet_id`, `skills`) VALUES ('11593', 'Java');
INSERT INTO `Mission` (`id`, `companyName`, `shortName`, `role`, `skillSet_id`) VALUES ('11593', '14614030-3c40-4e5c-802f-87b9599697a4', '8b2d3ed6-53fc-48dd-adda-64394f308d71', 'PrincipalConsultant', '11593');
INSERT INTO `SkillSet` (`id`) VALUES ('11594');
INSERT INTO `SkillSet_skills` (`SkillSet_id`, `skills`) VALUES ('11594', 'Maven');
INSERT INTO `SkillSet_skills` (`SkillSet_id`, `skills`) VALUES ('11594', 'UITesting');
INSERT INTO `SkillSet_skills` (`SkillSet_id`, `skills`) VALUES ('11594', 'UnitTesting');
INSERT INTO `SkillSet_skills` (`SkillSet_id`, `skills`) VALUES ('11594', 'Ant');
INSERT INTO `SkillSet_skills` (`SkillSet_id`, `skills`) VALUES ('11594', 'Java');
INSERT INTO `Mission` (`id`, `companyName`, `shortName`, `role`, `skillSet_id`) VALUES ('11594', 'df8129e7-9a44-4a19-af1e-30687dd06f8a', 'b51fdaa6-6ae2-488d-8478-eff19a1a7080', 'SoftwareEngineer', '11594');
INSERT INTO `SkillSet` (`id`) VALUES ('11595');
INSERT INTO `SkillSet_skills` (`SkillSet_id`, `skills`) VALUES ('11595', 'Gradle');
INSERT INTO `SkillSet_skills` (`SkillSet_id`, `skills`) VALUES ('11595', 'Ant');
INSERT INTO `Mission` (`id`, `companyName`, `shortName`, `role`, `skillSet_id`) VALUES ('11595', '70c9be50-78ca-48eb-9ec3-4ec7919ae1f5', 'c1c5dab3-8250-40a0-b03f-b2f0a5eeed39', 'LeadSoftwareArchitect', '11595');
INSERT INTO `SkillSet` (`id`) VALUES ('11596');
INSERT INTO `SkillSet_skills` (`SkillSet_id`, `skills`) VALUES ('11596', 'Ant');
INSERT INTO `Mission` (`id`, `companyName`, `shortName`, `role`, `skillSet_id`) VALUES ('11596', '164573d3-1eaf-4c2c-a2b3-e00f6182c5e5', '6a92b1a9-e94e-418e-9af7-b2a7eb07cd1c', 'SoftwareEngineer', '11596');
INSERT INTO `SkillSet` (`id`) VALUES ('11597');
INSERT INTO `SkillSet_skills` (`SkillSet_id`, `skills`) VALUES ('11597', 'Java');
INSERT INTO `Mission` (`id`, `companyName`, `shortName`, `role`, `skillSet_id`) VALUES ('11597', '2b7747cd-18b0-4267-ba21-87c746a0c1a8', '8568e812-9e8d-42a6-af74-d1877a9b7de2', 'SoftwareEngineer', '11597');
INSERT INTO `SkillSet` (`id`) VALUES ('11598');
INSERT INTO `SkillSet_skills` (`SkillSet_id`, `skills`) VALUES ('11598', 'Maven');
INSERT INTO `SkillSet_skills` (`SkillSet_id`, `skills`) VALUES ('11598', 'dotNet');
INSERT INTO `SkillSet_skills` (`SkillSet_id`, `skills`) VALUES ('11598', 'UnitTesting');
INSERT INTO `SkillSet_skills` (`SkillSet_id`, `skills`) VALUES ('11598', 'Ant');
INSERT INTO `SkillSet_skills` (`SkillSet_id`, `skills`) VALUES ('11598', 'SQL');
INSERT INTO `Mission` (`id`, `companyName`, `shortName`, `role`, `skillSet_id`) VALUES ('11598', '1874ed3c-2873-448e-965e-d3dd2b7b3919', 'abdb489f-a346-4ebf-b2af-d6b76aedde00', 'SeniorSoftwareEngineer', '11598');
INSERT INTO `SkillSet` (`id`) VALUES ('11599');
INSERT INTO `SkillSet_skills` (`SkillSet_id`, `skills`) VALUES ('11599', 'UITesting');
INSERT INTO `SkillSet_skills` (`SkillSet_id`, `skills`) VALUES ('11599', 'Ant');
INSERT INTO `SkillSet_skills` (`SkillSet_id`, `skills`) VALUES ('11599', 'Ant');
INSERT INTO `SkillSet_skills` (`SkillSet_id`, `skills`) VALUES ('11599', 'Ant');
INSERT INTO `SkillSet_skills` (`SkillSet_id`, `skills`) VALUES ('11599', 'UITesting');
INSERT INTO `Mission` (`id`, `companyName`, `shortName`, `role`, `skillSet_id`) VALUES ('11599', 'db8b2f62-0916-43d2-adee-ad901f5f1db6', '394ccb27-5c61-42e6-ae1b-a185f88c5fdc', 'SoftwareEngineer', '11599');
INSERT INTO `SkillSet` (`id`) VALUES ('11600');
INSERT INTO `SkillSet_skills` (`SkillSet_id`, `skills`) VALUES ('11600', 'UnitTesting');
INSERT INTO `SkillSet_skills` (`SkillSet_id`, `skills`) VALUES ('11600', 'Ant');
INSERT INTO `SkillSet_skills` (`SkillSet_id`, `skills`) VALUES ('11600', 'UITesting');
INSERT INTO `SkillSet_skills` (`SkillSet_id`, `skills`) VALUES ('11600', 'UnitTesting');
INSERT INTO `SkillSet_skills` (`SkillSet_id`, `skills`) VALUES ('11600', 'Java');
INSERT INTO `Mission` (`id`, `companyName`, `shortName`, `role`, `skillSet_id`) VALUES ('11600', '1401c517-c54c-4181-b69b-7c8e98273105', '18b0e625-c49f-4afc-a281-d38ed344366b', 'SeniorSoftwareEngineer', '11600');
INSERT INTO `SkillSet` (`id`) VALUES ('11601');
INSERT INTO `SkillSet_skills` (`SkillSet_id`, `skills`) VALUES ('11601', 'Maven');
INSERT INTO `SkillSet_skills` (`SkillSet_id`, `skills`) VALUES ('11601', 'SQL');
INSERT INTO `SkillSet_skills` (`SkillSet_id`, `skills`) VALUES ('11601', 'Maven');
INSERT INTO `Mission` (`id`, `companyName`, `shortName`, `role`, `skillSet_id`) VALUES ('11601', '46196f86-9d52-42d8-a894-6d6c0fd5a95b', '7e5cb005-6445-4750-a18c-4ab99343ce30', 'LeadEngineer', '11601');
INSERT INTO `SkillSet` (`id`) VALUES ('11602');
INSERT INTO `SkillSet_skills` (`SkillSet_id`, `skills`) VALUES ('11602', 'Ant');
INSERT INTO `SkillSet_skills` (`SkillSet_id`, `skills`) VALUES ('11602', 'Ant');
INSERT INTO `SkillSet_skills` (`SkillSet_id`, `skills`) VALUES ('11602', 'Gradle');
INSERT INTO `SkillSet_skills` (`SkillSet_id`, `skills`) VALUES ('11602', 'Java');
INSERT INTO `SkillSet_skills` (`SkillSet_id`, `skills`) VALUES ('11602', 'dotNet');
INSERT INTO `Mission` (`id`, `companyName`, `shortName`, `role`, `skillSet_id`) VALUES ('11602', '72d257cf-505e-43b2-b588-c65efa4d603a', '91c3b0fc-2936-4377-83e7-43a87036a7d9', 'PrincipalConsultant', '11602');
INSERT INTO `SkillSet` (`id`) VALUES ('11603');
INSERT INTO `SkillSet_skills` (`SkillSet_id`, `skills`) VALUES ('11603', 'Gradle');
INSERT INTO `SkillSet_skills` (`SkillSet_id`, `skills`) VALUES ('11603', 'Maven');
INSERT INTO `Mission` (`id`, `companyName`, `shortName`, `role`, `skillSet_id`) VALUES ('11603', 'a0bf7b8b-dbd1-4818-a4f6-a5ce85edcded', 'd303fffa-e0f7-41d9-8128-489801b9dc8e', 'LeadSoftwareArchitect', '11603');
INSERT INTO `SkillSet` (`id`) VALUES ('11604');
INSERT INTO `SkillSet_skills` (`SkillSet_id`, `skills`) VALUES ('11604', 'Java');
INSERT INTO `SkillSet_skills` (`SkillSet_id`, `skills`) VALUES ('11604', 'Ant');
INSERT INTO `Mission` (`id`, `companyName`, `shortName`, `role`, `skillSet_id`) VALUES ('11604', 'aa2c29a1-3cf2-43cc-b5f2-f6758939a744', '9bfaae3c-71a5-49a9-a7da-8d23480216cc', 'LeadEngineer', '11604');
INSERT INTO `SkillSet` (`id`) VALUES ('11605');
INSERT INTO `SkillSet_skills` (`SkillSet_id`, `skills`) VALUES ('11605', 'Gradle');
INSERT INTO `Mission` (`id`, `companyName`, `shortName`, `role`, `skillSet_id`) VALUES ('11605', '3a318b0b-b9fb-4355-b935-c2b1fcc3afcd', 'e6b8f8ea-87ff-4318-9ebc-b04ffb514cd2', 'LeadEngineer', '11605');
INSERT INTO `SkillSet` (`id`) VALUES ('11606');
INSERT INTO `SkillSet_skills` (`SkillSet_id`, `skills`) VALUES ('11606', 'Java');
INSERT INTO `SkillSet_skills` (`SkillSet_id`, `skills`) VALUES ('11606', 'Maven');
INSERT INTO `SkillSet_skills` (`SkillSet_id`, `skills`) VALUES ('11606', 'Java');
INSERT INTO `SkillSet_skills` (`SkillSet_id`, `skills`) VALUES ('11606', 'UnitTesting');
INSERT INTO `SkillSet_skills` (`SkillSet_id`, `skills`) VALUES ('11606', 'UnitTesting');
INSERT INTO `Mission` (`id`, `companyName`, `shortName`, `role`, `skillSet_id`) VALUES ('11606', '8d7ceb59-e433-4505-a8ae-3d85ce8bd99d', '166b8067-93b5-45bf-8e42-3b06341a3654', 'LeadEngineer', '11606');
INSERT INTO `SkillSet` (`id`) VALUES ('11607');
INSERT INTO `SkillSet_skills` (`SkillSet_id`, `skills`) VALUES ('11607', 'UITesting');
INSERT INTO `SkillSet_skills` (`SkillSet_id`, `skills`) VALUES ('11607', 'dotNet');
INSERT INTO `SkillSet_skills` (`SkillSet_id`, `skills`) VALUES ('11607', 'Maven');
INSERT INTO `SkillSet_skills` (`SkillSet_id`, `skills`) VALUES ('11607', 'Architektur');
INSERT INTO `SkillSet_skills` (`SkillSet_id`, `skills`) VALUES ('11607', 'UnitTesting');
INSERT INTO `Mission` (`id`, `companyName`, `shortName`, `role`, `skillSet_id`) VALUES ('11607', '4607ef90-7382-4150-9b80-57449d25ea61', '1c5a1faf-8b6b-4777-95a7-c2fa83cd5b60', 'LeadEngineer', '11607');
INSERT INTO `SkillSet` (`id`) VALUES ('11608');
INSERT INTO `SkillSet_skills` (`SkillSet_id`, `skills`) VALUES ('11608', 'SQL');
INSERT INTO `SkillSet_skills` (`SkillSet_id`, `skills`) VALUES ('11608', 'Architektur');
INSERT INTO `SkillSet_skills` (`SkillSet_id`, `skills`) VALUES ('11608', 'Architektur');
INSERT INTO `Mission` (`id`, `companyName`, `shortName`, `role`, `skillSet_id`) VALUES ('11608', '53f4e142-1c1f-4333-814b-ecbe7a51b76b', 'd1f953af-3f39-4990-b650-b3813ed06da1', 'LeadSoftwareArchitect', '11608');
INSERT INTO `SkillSet` (`id`) VALUES ('11609');
INSERT INTO `SkillSet_skills` (`SkillSet_id`, `skills`) VALUES ('11609', 'Maven');
INSERT INTO `SkillSet_skills` (`SkillSet_id`, `skills`) VALUES ('11609', 'SQL');
INSERT INTO `SkillSet_skills` (`SkillSet_id`, `skills`) VALUES ('11609', 'Ant');
INSERT INTO `SkillSet_skills` (`SkillSet_id`, `skills`) VALUES ('11609', 'UITesting');
INSERT INTO `SkillSet_skills` (`SkillSet_id`, `skills`) VALUES ('11609', 'Ant');
INSERT INTO `Mission` (`id`, `companyName`, `shortName`, `role`, `skillSet_id`) VALUES ('11609', '66637e7c-3b75-48af-84d3-1665f1071812', '0cf77ab4-23e6-462d-a393-a429cbb3b354', 'JuniorSoftwareEngineer', '11609');
INSERT INTO `SkillSet` (`id`) VALUES ('11610');
INSERT INTO `SkillSet_skills` (`SkillSet_id`, `skills`) VALUES ('11610', 'dotNet');
INSERT INTO `SkillSet_skills` (`SkillSet_id`, `skills`) VALUES ('11610', 'Gradle');
INSERT INTO `SkillSet_skills` (`SkillSet_id`, `skills`) VALUES ('11610', 'UnitTesting');
INSERT INTO `Mission` (`id`, `companyName`, `shortName`, `role`, `skillSet_id`) VALUES ('11610', '597df72f-8bb5-482c-903f-c7c29f4549cc', '40108357-5839-42a3-ba78-9b90e720633f', 'SoftwareEngineer', '11610');
INSERT INTO `SkillSet` (`id`) VALUES ('11611');
INSERT INTO `SkillSet_skills` (`SkillSet_id`, `skills`) VALUES ('11611', 'Gradle');
INSERT INTO `SkillSet_skills` (`SkillSet_id`, `skills`) VALUES ('11611', 'UnitTesting');
INSERT INTO `SkillSet_skills` (`SkillSet_id`, `skills`) VALUES ('11611', 'Ant');
INSERT INTO `SkillSet_skills` (`SkillSet_id`, `skills`) VALUES ('11611', 'Architektur');
INSERT INTO `Mission` (`id`, `companyName`, `shortName`, `role`, `skillSet_id`) VALUES ('11611', '07dc71e7-a7e2-43e6-86e0-1572861d5a3b', 'b91eb13b-07b9-463b-8f14-2dfc06c2a4a7', 'SeniorSoftwareEngineer', '11611');
INSERT INTO `SkillSet` (`id`) VALUES ('11612');
INSERT INTO `SkillSet_skills` (`SkillSet_id`, `skills`) VALUES ('11612', 'Ant');
INSERT INTO `SkillSet_skills` (`SkillSet_id`, `skills`) VALUES ('11612', 'Maven');
INSERT INTO `SkillSet_skills` (`SkillSet_id`, `skills`) VALUES ('11612', 'Java');
INSERT INTO `SkillSet_skills` (`SkillSet_id`, `skills`) VALUES ('11612', 'Maven');
INSERT INTO `Mission` (`id`, `companyName`, `shortName`, `role`, `skillSet_id`) VALUES ('11612', '7c97871d-1b5a-4947-a919-ea607a287359', 'e17e1d4e-0829-4571-84e2-56084a14c89e', 'SeniorSoftwareEngineer', '11612');
INSERT INTO `SkillSet` (`id`) VALUES ('11613');
INSERT INTO `SkillSet_skills` (`SkillSet_id`, `skills`) VALUES ('11613', 'UnitTesting');
INSERT INTO `Mission` (`id`, `companyName`, `shortName`, `role`, `skillSet_id`) VALUES ('11613', 'e9ea6866-f3f9-4e9a-99e5-3ff99ad4d33a', 'e5c705a8-b0b8-4035-8832-534452001c6b', 'JuniorSoftwareEngineer', '11613');
INSERT INTO `SkillSet` (`id`) VALUES ('11614');
INSERT INTO `SkillSet_skills` (`SkillSet_id`, `skills`) VALUES ('11614', 'SQL');
INSERT INTO `SkillSet_skills` (`SkillSet_id`, `skills`) VALUES ('11614', 'Maven');
INSERT INTO `SkillSet_skills` (`SkillSet_id`, `skills`) VALUES ('11614', 'UITesting');
INSERT INTO `Mission` (`id`, `companyName`, `shortName`, `role`, `skillSet_id`) VALUES ('11614', 'be7df959-e47d-4ffd-b565-0b2fddcff1f1', 'c3eeab93-de69-4a96-b84a-4508c52bc04d', 'LeadSoftwareArchitect', '11614');
INSERT INTO `SkillSet` (`id`) VALUES ('11615');
INSERT INTO `SkillSet_skills` (`SkillSet_id`, `skills`) VALUES ('11615', 'Ant');
INSERT INTO `SkillSet_skills` (`SkillSet_id`, `skills`) VALUES ('11615', 'Gradle');
INSERT INTO `Mission` (`id`, `companyName`, `shortName`, `role`, `skillSet_id`) VALUES ('11615', '4dc70d04-8e8f-41e5-aa4f-31b97749c5df', '4a89657a-28b1-4a8f-82d8-b188d147e565', 'PrincipalConsultant', '11615');
INSERT INTO `SkillSet` (`id`) VALUES ('11616');
INSERT INTO `SkillSet_skills` (`SkillSet_id`, `skills`) VALUES ('11616', 'Architektur');
INSERT INTO `Mission` (`id`, `companyName`, `shortName`, `role`, `skillSet_id`) VALUES ('11616', 'd4ccd11a-f728-459b-bd95-8fb521f6ad30', 'c83fb69a-472d-4690-9ca7-e457ab4e8229', 'PrincipalConsultant', '11616');
INSERT INTO `SkillSet` (`id`) VALUES ('11617');
INSERT INTO `SkillSet_skills` (`SkillSet_id`, `skills`) VALUES ('11617', 'SQL');
INSERT INTO `Mission` (`id`, `companyName`, `shortName`, `role`, `skillSet_id`) VALUES ('11617', 'c3f435eb-b970-4eb7-8792-4e97101e381c', '028cb89a-c186-4cfd-8aa1-621f53247ff1', 'PrincipalConsultant', '11617');
INSERT INTO `SkillSet` (`id`) VALUES ('11618');
INSERT INTO `SkillSet_skills` (`SkillSet_id`, `skills`) VALUES ('11618', 'Java');
INSERT INTO `SkillSet_skills` (`SkillSet_id`, `skills`) VALUES ('11618', 'UnitTesting');
INSERT INTO `Mission` (`id`, `companyName`, `shortName`, `role`, `skillSet_id`) VALUES ('11618', '8707438c-3735-4ce5-b87f-f6ca2dcf03db', '13e816a1-b7d2-4de2-9260-c99f703d7439', 'LeadEngineer', '11618');
INSERT INTO `SkillSet` (`id`) VALUES ('11619');
INSERT INTO `SkillSet_skills` (`SkillSet_id`, `skills`) VALUES ('11619', 'Gradle');
INSERT INTO `SkillSet_skills` (`SkillSet_id`, `skills`) VALUES ('11619', 'Architektur');
INSERT INTO `Mission` (`id`, `companyName`, `shortName`, `role`, `skillSet_id`) VALUES ('11619', '6dca2812-67d9-4810-a334-68e204b8e875', 'dd3034a8-8c0b-4b96-9a05-767a2b932a60', 'SeniorSoftwareEngineer', '11619');
INSERT INTO `SkillSet` (`id`) VALUES ('11620');
INSERT INTO `SkillSet_skills` (`SkillSet_id`, `skills`) VALUES ('11620', 'Maven');
INSERT INTO `SkillSet_skills` (`SkillSet_id`, `skills`) VALUES ('11620', 'Gradle');
INSERT INTO `SkillSet_skills` (`SkillSet_id`, `skills`) VALUES ('11620', 'Architektur');
INSERT INTO `SkillSet_skills` (`SkillSet_id`, `skills`) VALUES ('11620', 'Ant');
INSERT INTO `Mission` (`id`, `companyName`, `shortName`, `role`, `skillSet_id`) VALUES ('11620', '5c80a425-0c49-4504-a25f-5a650b29a356', 'bef07702-5d28-4cc6-9c4e-9dd203f61460', 'LeadEngineer', '11620');
INSERT INTO `SkillSet` (`id`) VALUES ('11621');
INSERT INTO `SkillSet_skills` (`SkillSet_id`, `skills`) VALUES ('11621', 'Ant');
INSERT INTO `SkillSet_skills` (`SkillSet_id`, `skills`) VALUES ('11621', 'Ant');
INSERT INTO `Mission` (`id`, `companyName`, `shortName`, `role`, `skillSet_id`) VALUES ('11621', 'ba042348-b6a8-4b70-9fc6-227f864fe56c', '3b56ca41-07ce-40af-84a2-310a6fb5cd48', 'LeadEngineer', '11621');
INSERT INTO `SkillSet` (`id`) VALUES ('11622');
INSERT INTO `SkillSet_skills` (`SkillSet_id`, `skills`) VALUES ('11622', 'Java');
INSERT INTO `Mission` (`id`, `companyName`, `shortName`, `role`, `skillSet_id`) VALUES ('11622', '2e36bdc0-7530-4a97-9f06-34c59e1bc13c', '962836a7-5a04-44c5-9bb4-78c022ab17b7', 'JuniorSoftwareEngineer', '11622');
INSERT INTO `SkillSet` (`id`) VALUES ('11623');
INSERT INTO `SkillSet_skills` (`SkillSet_id`, `skills`) VALUES ('11623', 'Gradle');
INSERT INTO `SkillSet_skills` (`SkillSet_id`, `skills`) VALUES ('11623', 'UnitTesting');
INSERT INTO `SkillSet_skills` (`SkillSet_id`, `skills`) VALUES ('11623', 'dotNet');
INSERT INTO `Mission` (`id`, `companyName`, `shortName`, `role`, `skillSet_id`) VALUES ('11623', 'd49bb61c-0d7f-459a-8387-74eda00efae8', '0da2213d-067a-42ae-86aa-4babb6248c8e', 'LeadEngineer', '11623');
INSERT INTO `SkillSet` (`id`) VALUES ('11624');
INSERT INTO `SkillSet_skills` (`SkillSet_id`, `skills`) VALUES ('11624', 'UnitTesting');
INSERT INTO `Mission` (`id`, `companyName`, `shortName`, `role`, `skillSet_id`) VALUES ('11624', '2b0789af-34a3-4609-90a3-9150c00b0ee3', '54ad5b6b-2646-48b4-ad8f-07f44cf2838f', 'LeadEngineer', '11624');
INSERT INTO `SkillSet` (`id`) VALUES ('11625');
INSERT INTO `SkillSet_skills` (`SkillSet_id`, `skills`) VALUES ('11625', 'UnitTesting');
INSERT INTO `SkillSet_skills` (`SkillSet_id`, `skills`) VALUES ('11625', 'Java');
INSERT INTO `SkillSet_skills` (`SkillSet_id`, `skills`) VALUES ('11625', 'SQL');
INSERT INTO `SkillSet_skills` (`SkillSet_id`, `skills`) VALUES ('11625', 'Java');
INSERT INTO `SkillSet_skills` (`SkillSet_id`, `skills`) VALUES ('11625', 'Java');
INSERT INTO `Mission` (`id`, `companyName`, `shortName`, `role`, `skillSet_id`) VALUES ('11625', '00543a8c-0352-4d36-aec0-4a4f7e4b39e3', 'ecf9318f-b403-4f59-8c3d-e6c581698946', 'PrincipalConsultant', '11625');
INSERT INTO `SkillSet` (`id`) VALUES ('11626');
INSERT INTO `SkillSet_skills` (`SkillSet_id`, `skills`) VALUES ('11626', 'Architektur');
INSERT INTO `SkillSet_skills` (`SkillSet_id`, `skills`) VALUES ('11626', 'UnitTesting');
INSERT INTO `Mission` (`id`, `companyName`, `shortName`, `role`, `skillSet_id`) VALUES ('11626', '8eb360fc-fa27-4854-82aa-8948796fabc9', '40523d77-eef5-4a29-ad06-81b88e5443cd', 'JuniorSoftwareEngineer', '11626');
INSERT INTO `SkillSet` (`id`) VALUES ('11627');
INSERT INTO `SkillSet_skills` (`SkillSet_id`, `skills`) VALUES ('11627', 'dotNet');
INSERT INTO `SkillSet_skills` (`SkillSet_id`, `skills`) VALUES ('11627', 'SQL');
INSERT INTO `Mission` (`id`, `companyName`, `shortName`, `role`, `skillSet_id`) VALUES ('11627', '532da0c8-0189-43ea-a2ce-fa0a39fc8ebc', '513e6de9-2ff5-4242-8643-066ac8e7ec0b', 'JuniorSoftwareEngineer', '11627');
INSERT INTO `SkillSet` (`id`) VALUES ('11628');
INSERT INTO `SkillSet_skills` (`SkillSet_id`, `skills`) VALUES ('11628', 'Gradle');
INSERT INTO `SkillSet_skills` (`SkillSet_id`, `skills`) VALUES ('11628', 'Maven');
INSERT INTO `SkillSet_skills` (`SkillSet_id`, `skills`) VALUES ('11628', 'UnitTesting');
INSERT INTO `SkillSet_skills` (`SkillSet_id`, `skills`) VALUES ('11628', 'dotNet');
INSERT INTO `SkillSet_skills` (`SkillSet_id`, `skills`) VALUES ('11628', 'Ant');
INSERT INTO `Mission` (`id`, `companyName`, `shortName`, `role`, `skillSet_id`) VALUES ('11628', '6493f87c-0bd2-43fc-87ee-491723f4df7f', 'ffa14525-859f-4d9f-abf8-ed287bc91ba1', 'LeadSoftwareArchitect', '11628');
INSERT INTO `SkillSet` (`id`) VALUES ('11629');
INSERT INTO `SkillSet_skills` (`SkillSet_id`, `skills`) VALUES ('11629', 'SQL');
INSERT INTO `Mission` (`id`, `companyName`, `shortName`, `role`, `skillSet_id`) VALUES ('11629', '4bf0b745-113d-4898-8ac2-56a74b66c2e5', '61f569ea-d29d-4570-8ba8-1be376c36113', 'LeadEngineer', '11629');
INSERT INTO `SkillSet` (`id`) VALUES ('11630');
INSERT INTO `SkillSet_skills` (`SkillSet_id`, `skills`) VALUES ('11630', 'dotNet');
INSERT INTO `SkillSet_skills` (`SkillSet_id`, `skills`) VALUES ('11630', 'UITesting');
INSERT INTO `SkillSet_skills` (`SkillSet_id`, `skills`) VALUES ('11630', 'Java');
INSERT INTO `SkillSet_skills` (`SkillSet_id`, `skills`) VALUES ('11630', 'dotNet');
INSERT INTO `SkillSet_skills` (`SkillSet_id`, `skills`) VALUES ('11630', 'Gradle');
INSERT INTO `Mission` (`id`, `companyName`, `shortName`, `role`, `skillSet_id`) VALUES ('11630', '99743a27-5add-4722-b7ea-710f0c976d7b', '0bf41502-4815-4411-a98c-64fe063e2e73', 'JuniorSoftwareEngineer', '11630');
INSERT INTO `SkillSet` (`id`) VALUES ('11631');
INSERT INTO `SkillSet_skills` (`SkillSet_id`, `skills`) VALUES ('11631', 'Ant');
INSERT INTO `SkillSet_skills` (`SkillSet_id`, `skills`) VALUES ('11631', 'SQL');
INSERT INTO `SkillSet_skills` (`SkillSet_id`, `skills`) VALUES ('11631', 'Maven');
INSERT INTO `SkillSet_skills` (`SkillSet_id`, `skills`) VALUES ('11631', 'Architektur');
INSERT INTO `Mission` (`id`, `companyName`, `shortName`, `role`, `skillSet_id`) VALUES ('11631', '598e7daf-7a64-4b41-9b25-e49c4c7c9cfc', 'cfeb6da1-7e1b-4620-be90-f734cba7d7ae', 'LeadEngineer', '11631');
INSERT INTO `SkillSet` (`id`) VALUES ('11632');
INSERT INTO `SkillSet_skills` (`SkillSet_id`, `skills`) VALUES ('11632', 'Architektur');
INSERT INTO `SkillSet_skills` (`SkillSet_id`, `skills`) VALUES ('11632', 'Architektur');
INSERT INTO `Mission` (`id`, `companyName`, `shortName`, `role`, `skillSet_id`) VALUES ('11632', 'd1addfb1-a31c-47ec-b2ba-e2ca13db8b73', '1951fd23-ff4a-4881-8b6a-c0158bb39e22', 'SoftwareEngineer', '11632');
INSERT INTO `SkillSet` (`id`) VALUES ('11633');
INSERT INTO `SkillSet_skills` (`SkillSet_id`, `skills`) VALUES ('11633', 'UITesting');
INSERT INTO `SkillSet_skills` (`SkillSet_id`, `skills`) VALUES ('11633', 'SQL');
INSERT INTO `SkillSet_skills` (`SkillSet_id`, `skills`) VALUES ('11633', 'UITesting');
INSERT INTO `Mission` (`id`, `companyName`, `shortName`, `role`, `skillSet_id`) VALUES ('11633', 'fe6286d3-cb54-4af7-8890-67d903b26bcf', '983d43b5-ac72-4cd9-82e8-9eb14e3e43ef', 'LeadSoftwareArchitect', '11633');
INSERT INTO `SkillSet` (`id`) VALUES ('11634');
INSERT INTO `SkillSet_skills` (`SkillSet_id`, `skills`) VALUES ('11634', 'SQL');
INSERT INTO `Mission` (`id`, `companyName`, `shortName`, `role`, `skillSet_id`) VALUES ('11634', 'e30193e8-5d47-47d8-9115-01d781354ba3', '986b4bff-5be0-4c30-981d-997385831147', 'JuniorSoftwareEngineer', '11634');
INSERT INTO `SkillSet` (`id`) VALUES ('11635');
INSERT INTO `SkillSet_skills` (`SkillSet_id`, `skills`) VALUES ('11635', 'dotNet');
INSERT INTO `Mission` (`id`, `companyName`, `shortName`, `role`, `skillSet_id`) VALUES ('11635', '75250ea2-08ae-40cd-97e9-bf6f8ac1e2d7', '89e47098-9463-4674-bdb2-17c4b0f2364a', 'SoftwareEngineer', '11635');
INSERT INTO `SkillSet` (`id`) VALUES ('11636');
INSERT INTO `SkillSet_skills` (`SkillSet_id`, `skills`) VALUES ('11636', 'Ant');
INSERT INTO `SkillSet_skills` (`SkillSet_id`, `skills`) VALUES ('11636', 'Maven');
INSERT INTO `SkillSet_skills` (`SkillSet_id`, `skills`) VALUES ('11636', 'Maven');
INSERT INTO `SkillSet_skills` (`SkillSet_id`, `skills`) VALUES ('11636', 'Ant');
INSERT INTO `SkillSet_skills` (`SkillSet_id`, `skills`) VALUES ('11636', 'Maven');
INSERT INTO `Mission` (`id`, `companyName`, `shortName`, `role`, `skillSet_id`) VALUES ('11636', 'aaf4c387-0a96-482d-a064-bdc025e28cc0', 'd058db21-ca24-4d0f-826a-8be2e4627528', 'LeadEngineer', '11636');
INSERT INTO `SkillSet` (`id`) VALUES ('11637');
INSERT INTO `SkillSet_skills` (`SkillSet_id`, `skills`) VALUES ('11637', 'Maven');
INSERT INTO `SkillSet_skills` (`SkillSet_id`, `skills`) VALUES ('11637', 'UITesting');
INSERT INTO `SkillSet_skills` (`SkillSet_id`, `skills`) VALUES ('11637', 'dotNet');
INSERT INTO `SkillSet_skills` (`SkillSet_id`, `skills`) VALUES ('11637', 'Architektur');
INSERT INTO `SkillSet_skills` (`SkillSet_id`, `skills`) VALUES ('11637', 'SQL');
INSERT INTO `Mission` (`id`, `companyName`, `shortName`, `role`, `skillSet_id`) VALUES ('11637', '3e4c4cd7-b139-487e-97e6-8e79ee80c504', 'a5bb2f69-ee7a-41ee-bf33-72f7f12b709e', 'LeadSoftwareArchitect', '11637');
INSERT INTO `SkillSet` (`id`) VALUES ('11638');
INSERT INTO `SkillSet_skills` (`SkillSet_id`, `skills`) VALUES ('11638', 'Java');
INSERT INTO `SkillSet_skills` (`SkillSet_id`, `skills`) VALUES ('11638', 'SQL');
INSERT INTO `Mission` (`id`, `companyName`, `shortName`, `role`, `skillSet_id`) VALUES ('11638', '07f3d452-5c44-4f8d-929f-5f71093faeee', 'f80e067c-9fee-482f-bfd2-8cfdfcce4573', 'LeadEngineer', '11638');
INSERT INTO `SkillSet` (`id`) VALUES ('11639');
INSERT INTO `SkillSet_skills` (`SkillSet_id`, `skills`) VALUES ('11639', 'Architektur');
INSERT INTO `SkillSet_skills` (`SkillSet_id`, `skills`) VALUES ('11639', 'SQL');
INSERT INTO `Mission` (`id`, `companyName`, `shortName`, `role`, `skillSet_id`) VALUES ('11639', '6db0c296-e975-45cc-bc47-7a239c67a5c0', '46f812e8-65b8-4387-8799-95b10d733dbd', 'JuniorSoftwareEngineer', '11639');
INSERT INTO `SkillSet` (`id`) VALUES ('11640');
INSERT INTO `SkillSet_skills` (`SkillSet_id`, `skills`) VALUES ('11640', 'Architektur');
INSERT INTO `SkillSet_skills` (`SkillSet_id`, `skills`) VALUES ('11640', 'Java');
INSERT INTO `SkillSet_skills` (`SkillSet_id`, `skills`) VALUES ('11640', 'UnitTesting');
INSERT INTO `SkillSet_skills` (`SkillSet_id`, `skills`) VALUES ('11640', 'Maven');
INSERT INTO `SkillSet_skills` (`SkillSet_id`, `skills`) VALUES ('11640', 'UITesting');
INSERT INTO `Mission` (`id`, `companyName`, `shortName`, `role`, `skillSet_id`) VALUES ('11640', 'c7619bc7-237d-4347-a7ce-f6a2e6b190e5', '1cc032fc-99c9-4c76-b300-5afaab5bc4b5', 'SoftwareEngineer', '11640');
INSERT INTO `SkillSet` (`id`) VALUES ('11641');
INSERT INTO `SkillSet_skills` (`SkillSet_id`, `skills`) VALUES ('11641', 'UITesting');
INSERT INTO `SkillSet_skills` (`SkillSet_id`, `skills`) VALUES ('11641', 'Ant');
INSERT INTO `Mission` (`id`, `companyName`, `shortName`, `role`, `skillSet_id`) VALUES ('11641', '91fa43e0-a7f8-48b1-9f09-f5d8d540448b', '0a0c2419-2985-40bb-a7f9-95e021519716', 'SoftwareEngineer', '11641');
INSERT INTO `SkillSet` (`id`) VALUES ('11642');
INSERT INTO `SkillSet_skills` (`SkillSet_id`, `skills`) VALUES ('11642', 'SQL');
INSERT INTO `SkillSet_skills` (`SkillSet_id`, `skills`) VALUES ('11642', 'dotNet');
INSERT INTO `SkillSet_skills` (`SkillSet_id`, `skills`) VALUES ('11642', 'UITesting');
INSERT INTO `Mission` (`id`, `companyName`, `shortName`, `role`, `skillSet_id`) VALUES ('11642', '352a3e2f-49c5-4cdb-b826-53d81ce3f98f', '6f00b587-5ec7-4c4f-94d8-5291d00346be', 'LeadEngineer', '11642');
INSERT INTO `SkillSet` (`id`) VALUES ('11643');
INSERT INTO `SkillSet_skills` (`SkillSet_id`, `skills`) VALUES ('11643', 'SQL');
INSERT INTO `Mission` (`id`, `companyName`, `shortName`, `role`, `skillSet_id`) VALUES ('11643', '88a0f505-c10d-44a9-80fc-0ff1d2edadf0', '4239e0a4-0747-4776-9e7e-bc3ea5d2c44f', 'JuniorSoftwareEngineer', '11643');
INSERT INTO `SkillSet` (`id`) VALUES ('11644');
INSERT INTO `SkillSet_skills` (`SkillSet_id`, `skills`) VALUES ('11644', 'Architektur');
INSERT INTO `SkillSet_skills` (`SkillSet_id`, `skills`) VALUES ('11644', 'Gradle');
INSERT INTO `Mission` (`id`, `companyName`, `shortName`, `role`, `skillSet_id`) VALUES ('11644', '74bfbabc-b557-4790-b6e3-4918854b88b1', 'e28fded0-2b02-4b94-9337-465e791ec01b', 'JuniorSoftwareEngineer', '11644');
INSERT INTO `SkillSet` (`id`) VALUES ('11645');
INSERT INTO `SkillSet_skills` (`SkillSet_id`, `skills`) VALUES ('11645', 'dotNet');
INSERT INTO `SkillSet_skills` (`SkillSet_id`, `skills`) VALUES ('11645', 'SQL');
INSERT INTO `Mission` (`id`, `companyName`, `shortName`, `role`, `skillSet_id`) VALUES ('11645', '419c3787-38dd-474b-ac2e-e2966bd9a11e', '5c131650-dea7-41df-ae13-d49d6a8f7910', 'LeadSoftwareArchitect', '11645');
INSERT INTO `SkillSet` (`id`) VALUES ('11646');
INSERT INTO `SkillSet_skills` (`SkillSet_id`, `skills`) VALUES ('11646', 'Architektur');
INSERT INTO `SkillSet_skills` (`SkillSet_id`, `skills`) VALUES ('11646', 'Gradle');
INSERT INTO `SkillSet_skills` (`SkillSet_id`, `skills`) VALUES ('11646', 'UITesting');
INSERT INTO `SkillSet_skills` (`SkillSet_id`, `skills`) VALUES ('11646', 'Architektur');
INSERT INTO `Mission` (`id`, `companyName`, `shortName`, `role`, `skillSet_id`) VALUES ('11646', '260c27a5-0fbe-4f25-8254-f8902c6ac6cd', 'a2cb9d2e-7949-49d0-993e-8628d6c58798', 'LeadSoftwareArchitect', '11646');
INSERT INTO `SkillSet` (`id`) VALUES ('11647');
INSERT INTO `SkillSet_skills` (`SkillSet_id`, `skills`) VALUES ('11647', 'Architektur');
INSERT INTO `SkillSet_skills` (`SkillSet_id`, `skills`) VALUES ('11647', 'SQL');
INSERT INTO `SkillSet_skills` (`SkillSet_id`, `skills`) VALUES ('11647', 'Gradle');
INSERT INTO `SkillSet_skills` (`SkillSet_id`, `skills`) VALUES ('11647', 'Architektur');
INSERT INTO `Mission` (`id`, `companyName`, `shortName`, `role`, `skillSet_id`) VALUES ('11647', 'dabc4a5b-3a3e-4e79-8b84-3493836c4863', '9408915a-34a7-40e2-a426-a19b548887e4', 'SeniorSoftwareEngineer', '11647');
INSERT INTO `SkillSet` (`id`) VALUES ('11648');
INSERT INTO `SkillSet_skills` (`SkillSet_id`, `skills`) VALUES ('11648', 'UnitTesting');
INSERT INTO `Mission` (`id`, `companyName`, `shortName`, `role`, `skillSet_id`) VALUES ('11648', '43a983af-29ed-4c3b-8428-11681e212b31', '4f13923a-04b6-4e8c-a920-fe8b0afa123c', 'PrincipalConsultant', '11648');
INSERT INTO `SkillSet` (`id`) VALUES ('11649');
INSERT INTO `SkillSet_skills` (`SkillSet_id`, `skills`) VALUES ('11649', 'Ant');
INSERT INTO `SkillSet_skills` (`SkillSet_id`, `skills`) VALUES ('11649', 'UnitTesting');
INSERT INTO `SkillSet_skills` (`SkillSet_id`, `skills`) VALUES ('11649', 'Maven');
INSERT INTO `SkillSet_skills` (`SkillSet_id`, `skills`) VALUES ('11649', 'dotNet');
INSERT INTO `SkillSet_skills` (`SkillSet_id`, `skills`) VALUES ('11649', 'Maven');
INSERT INTO `Mission` (`id`, `companyName`, `shortName`, `role`, `skillSet_id`) VALUES ('11649', '2ee6ea97-d662-422f-9a29-373091e9beed', '3b273070-da6a-47a6-9c82-1cf504fa64e5', 'LeadEngineer', '11649');
INSERT INTO `SkillSet` (`id`) VALUES ('11650');
INSERT INTO `SkillSet_skills` (`SkillSet_id`, `skills`) VALUES ('11650', 'dotNet');
INSERT INTO `SkillSet_skills` (`SkillSet_id`, `skills`) VALUES ('11650', 'Architektur');
INSERT INTO `Mission` (`id`, `companyName`, `shortName`, `role`, `skillSet_id`) VALUES ('11650', '5950b3cc-a2d6-421c-be94-042d8fcc82dd', '067937a1-4a93-4474-b146-a85ad8b6d52b', 'PrincipalConsultant', '11650');
INSERT INTO `SkillSet` (`id`) VALUES ('11651');
INSERT INTO `SkillSet_skills` (`SkillSet_id`, `skills`) VALUES ('11651', 'dotNet');
INSERT INTO `SkillSet_skills` (`SkillSet_id`, `skills`) VALUES ('11651', 'UnitTesting');
INSERT INTO `SkillSet_skills` (`SkillSet_id`, `skills`) VALUES ('11651', 'UnitTesting');
INSERT INTO `Mission` (`id`, `companyName`, `shortName`, `role`, `skillSet_id`) VALUES ('11651', 'f47e01de-f429-4c4f-9f88-f19e349edde1', '09bc5229-da6d-4e6f-b85d-46a17eb8845f', 'LeadEngineer', '11651');
INSERT INTO `SkillSet` (`id`) VALUES ('11652');
INSERT INTO `SkillSet_skills` (`SkillSet_id`, `skills`) VALUES ('11652', 'Ant');
INSERT INTO `SkillSet_skills` (`SkillSet_id`, `skills`) VALUES ('11652', 'Architektur');
INSERT INTO `SkillSet_skills` (`SkillSet_id`, `skills`) VALUES ('11652', 'dotNet');
INSERT INTO `SkillSet_skills` (`SkillSet_id`, `skills`) VALUES ('11652', 'Gradle');
INSERT INTO `SkillSet_skills` (`SkillSet_id`, `skills`) VALUES ('11652', 'SQL');
INSERT INTO `Mission` (`id`, `companyName`, `shortName`, `role`, `skillSet_id`) VALUES ('11652', '92b30a76-2f2e-46cf-a0b9-e105406ff29f', 'b6ad9500-da39-41d2-adca-052ca3cc3d91', 'LeadSoftwareArchitect', '11652');
INSERT INTO `SkillSet` (`id`) VALUES ('11653');
INSERT INTO `SkillSet_skills` (`SkillSet_id`, `skills`) VALUES ('11653', 'UITesting');
INSERT INTO `SkillSet_skills` (`SkillSet_id`, `skills`) VALUES ('11653', 'dotNet');
INSERT INTO `SkillSet_skills` (`SkillSet_id`, `skills`) VALUES ('11653', 'SQL');
INSERT INTO `SkillSet_skills` (`SkillSet_id`, `skills`) VALUES ('11653', 'Ant');
INSERT INTO `SkillSet_skills` (`SkillSet_id`, `skills`) VALUES ('11653', 'Ant');
INSERT INTO `Mission` (`id`, `companyName`, `shortName`, `role`, `skillSet_id`) VALUES ('11653', '6aeceb2c-98a5-4f70-9a44-2dc005b49692', '14f99dbb-248d-41fd-bd50-1740642318bb', 'SeniorSoftwareEngineer', '11653');
INSERT INTO `SkillSet` (`id`) VALUES ('11654');
INSERT INTO `SkillSet_skills` (`SkillSet_id`, `skills`) VALUES ('11654', 'Ant');
INSERT INTO `SkillSet_skills` (`SkillSet_id`, `skills`) VALUES ('11654', 'Architektur');
INSERT INTO `SkillSet_skills` (`SkillSet_id`, `skills`) VALUES ('11654', 'Architektur');
INSERT INTO `SkillSet_skills` (`SkillSet_id`, `skills`) VALUES ('11654', 'UITesting');
INSERT INTO `Mission` (`id`, `companyName`, `shortName`, `role`, `skillSet_id`) VALUES ('11654', '3b1e2513-fe73-47c8-bde4-6e4d0c046ccd', 'a6acc8eb-c798-46a6-8262-9a101148a4c4', 'LeadSoftwareArchitect', '11654');
INSERT INTO `SkillSet` (`id`) VALUES ('11655');
INSERT INTO `SkillSet_skills` (`SkillSet_id`, `skills`) VALUES ('11655', 'Gradle');
INSERT INTO `SkillSet_skills` (`SkillSet_id`, `skills`) VALUES ('11655', 'SQL');
INSERT INTO `SkillSet_skills` (`SkillSet_id`, `skills`) VALUES ('11655', 'UITesting');
INSERT INTO `SkillSet_skills` (`SkillSet_id`, `skills`) VALUES ('11655', 'Maven');
INSERT INTO `SkillSet_skills` (`SkillSet_id`, `skills`) VALUES ('11655', 'UITesting');
INSERT INTO `Mission` (`id`, `companyName`, `shortName`, `role`, `skillSet_id`) VALUES ('11655', 'e525a789-941d-4102-a738-fec0bb4010a1', '0af47793-a897-4402-9ecd-e8d613d501f0', 'LeadSoftwareArchitect', '11655');
INSERT INTO `SkillSet` (`id`) VALUES ('11656');
INSERT INTO `SkillSet_skills` (`SkillSet_id`, `skills`) VALUES ('11656', 'Ant');
INSERT INTO `SkillSet_skills` (`SkillSet_id`, `skills`) VALUES ('11656', 'UITesting');
INSERT INTO `SkillSet_skills` (`SkillSet_id`, `skills`) VALUES ('11656', 'SQL');
INSERT INTO `SkillSet_skills` (`SkillSet_id`, `skills`) VALUES ('11656', 'Gradle');
INSERT INTO `SkillSet_skills` (`SkillSet_id`, `skills`) VALUES ('11656', 'Java');
INSERT INTO `Mission` (`id`, `companyName`, `shortName`, `role`, `skillSet_id`) VALUES ('11656', 'ddea484e-c2f6-4f21-ad60-9b77750cac3f', 'ccd48970-d581-4234-b488-3c066a23c4c0', 'SeniorSoftwareEngineer', '11656');
INSERT INTO `SkillSet` (`id`) VALUES ('11657');
INSERT INTO `SkillSet_skills` (`SkillSet_id`, `skills`) VALUES ('11657', 'Maven');
INSERT INTO `SkillSet_skills` (`SkillSet_id`, `skills`) VALUES ('11657', 'Gradle');
INSERT INTO `SkillSet_skills` (`SkillSet_id`, `skills`) VALUES ('11657', 'UnitTesting');
INSERT INTO `Mission` (`id`, `companyName`, `shortName`, `role`, `skillSet_id`) VALUES ('11657', '2360b40b-5c05-45a1-a076-f73127be30bf', 'ec39988c-e2ab-45c1-8eec-b456a9df7379', 'LeadSoftwareArchitect', '11657');
INSERT INTO `SkillSet` (`id`) VALUES ('11658');
INSERT INTO `SkillSet_skills` (`SkillSet_id`, `skills`) VALUES ('11658', 'Ant');
INSERT INTO `Mission` (`id`, `companyName`, `shortName`, `role`, `skillSet_id`) VALUES ('11658', '62d2d8fb-749e-469b-8910-dbe3a7933cae', '44b389a1-0de1-4cd9-9d7d-b3b52782af37', 'LeadEngineer', '11658');
INSERT INTO `SkillSet` (`id`) VALUES ('11659');
INSERT INTO `SkillSet_skills` (`SkillSet_id`, `skills`) VALUES ('11659', 'Architektur');
INSERT INTO `SkillSet_skills` (`SkillSet_id`, `skills`) VALUES ('11659', 'dotNet');
INSERT INTO `SkillSet_skills` (`SkillSet_id`, `skills`) VALUES ('11659', 'dotNet');
INSERT INTO `SkillSet_skills` (`SkillSet_id`, `skills`) VALUES ('11659', 'Gradle');
INSERT INTO `SkillSet_skills` (`SkillSet_id`, `skills`) VALUES ('11659', 'SQL');
INSERT INTO `Mission` (`id`, `companyName`, `shortName`, `role`, `skillSet_id`) VALUES ('11659', 'cf4e5fd9-6906-4023-860f-c85e0ce9d823', '7956adf9-fc18-43a5-9126-5bb370e950c8', 'SeniorSoftwareEngineer', '11659');
INSERT INTO `SkillSet` (`id`) VALUES ('11660');
INSERT INTO `SkillSet_skills` (`SkillSet_id`, `skills`) VALUES ('11660', 'dotNet');
INSERT INTO `SkillSet_skills` (`SkillSet_id`, `skills`) VALUES ('11660', 'Java');
INSERT INTO `SkillSet_skills` (`SkillSet_id`, `skills`) VALUES ('11660', 'Gradle');
INSERT INTO `SkillSet_skills` (`SkillSet_id`, `skills`) VALUES ('11660', 'dotNet');
INSERT INTO `SkillSet_skills` (`SkillSet_id`, `skills`) VALUES ('11660', 'Ant');
INSERT INTO `Mission` (`id`, `companyName`, `shortName`, `role`, `skillSet_id`) VALUES ('11660', '9b888dc2-cd0b-4be0-a257-d32c7d4a65dd', '907c7cc3-2e12-4bdf-848d-a0f9a1e7afd4', 'LeadSoftwareArchitect', '11660');
INSERT INTO `SkillSet` (`id`) VALUES ('11661');
INSERT INTO `SkillSet_skills` (`SkillSet_id`, `skills`) VALUES ('11661', 'Gradle');
INSERT INTO `SkillSet_skills` (`SkillSet_id`, `skills`) VALUES ('11661', 'Java');
INSERT INTO `SkillSet_skills` (`SkillSet_id`, `skills`) VALUES ('11661', 'UnitTesting');
INSERT INTO `SkillSet_skills` (`SkillSet_id`, `skills`) VALUES ('11661', 'Architektur');
INSERT INTO `Mission` (`id`, `companyName`, `shortName`, `role`, `skillSet_id`) VALUES ('11661', '2d009001-8f84-443e-a2a2-8feaf633e7f8', '4101ca7b-e9af-405e-8e43-80a41bcc0811', 'LeadEngineer', '11661');
INSERT INTO `SkillSet` (`id`) VALUES ('11662');
INSERT INTO `SkillSet_skills` (`SkillSet_id`, `skills`) VALUES ('11662', 'UITesting');
INSERT INTO `SkillSet_skills` (`SkillSet_id`, `skills`) VALUES ('11662', 'dotNet');
INSERT INTO `SkillSet_skills` (`SkillSet_id`, `skills`) VALUES ('11662', 'Ant');
INSERT INTO `SkillSet_skills` (`SkillSet_id`, `skills`) VALUES ('11662', 'Java');
INSERT INTO `Mission` (`id`, `companyName`, `shortName`, `role`, `skillSet_id`) VALUES ('11662', '556e78e9-f025-4fb0-ad06-d0dc1aae2539', 'c7364177-1d8f-4c04-83a6-6d959cab4437', 'LeadSoftwareArchitect', '11662');
INSERT INTO `SkillSet` (`id`) VALUES ('11663');
INSERT INTO `SkillSet_skills` (`SkillSet_id`, `skills`) VALUES ('11663', 'Ant');
INSERT INTO `SkillSet_skills` (`SkillSet_id`, `skills`) VALUES ('11663', 'UITesting');
INSERT INTO `SkillSet_skills` (`SkillSet_id`, `skills`) VALUES ('11663', 'UnitTesting');
INSERT INTO `Mission` (`id`, `companyName`, `shortName`, `role`, `skillSet_id`) VALUES ('11663', '06722a4d-0dce-4a47-8a56-703775b15547', 'c13b7f57-1ba4-4b9c-b7cb-aa17fdee1ce5', 'JuniorSoftwareEngineer', '11663');
INSERT INTO `SkillSet` (`id`) VALUES ('11664');
INSERT INTO `SkillSet_skills` (`SkillSet_id`, `skills`) VALUES ('11664', 'SQL');
INSERT INTO `SkillSet_skills` (`SkillSet_id`, `skills`) VALUES ('11664', 'Java');
INSERT INTO `SkillSet_skills` (`SkillSet_id`, `skills`) VALUES ('11664', 'Maven');
INSERT INTO `SkillSet_skills` (`SkillSet_id`, `skills`) VALUES ('11664', 'Gradle');
INSERT INTO `Mission` (`id`, `companyName`, `shortName`, `role`, `skillSet_id`) VALUES ('11664', 'f92d16ac-2c48-4ace-8389-761df74cbf03', 'c3142009-202e-4ebb-8b15-6e59ea7e5a1f', 'PrincipalConsultant', '11664');
INSERT INTO `SkillSet` (`id`) VALUES ('11665');
INSERT INTO `SkillSet_skills` (`SkillSet_id`, `skills`) VALUES ('11665', 'Ant');
INSERT INTO `SkillSet_skills` (`SkillSet_id`, `skills`) VALUES ('11665', 'dotNet');
INSERT INTO `Mission` (`id`, `companyName`, `shortName`, `role`, `skillSet_id`) VALUES ('11665', '43414ba5-0003-437f-90cd-b183fd26f884', '257f8479-b525-4462-aa6a-2b1613d6b9f1', 'JuniorSoftwareEngineer', '11665');
INSERT INTO `SkillSet` (`id`) VALUES ('11666');
INSERT INTO `SkillSet_skills` (`SkillSet_id`, `skills`) VALUES ('11666', 'UITesting');
INSERT INTO `SkillSet_skills` (`SkillSet_id`, `skills`) VALUES ('11666', 'UnitTesting');
INSERT INTO `Mission` (`id`, `companyName`, `shortName`, `role`, `skillSet_id`) VALUES ('11666', '92c0ff4c-659e-4d60-bcba-beddb62f4e9b', '85f37752-45fe-4e24-9b85-4acf7366ba37', 'LeadEngineer', '11666');
INSERT INTO `SkillSet` (`id`) VALUES ('11667');
INSERT INTO `SkillSet_skills` (`SkillSet_id`, `skills`) VALUES ('11667', 'UnitTesting');
INSERT INTO `SkillSet_skills` (`SkillSet_id`, `skills`) VALUES ('11667', 'Maven');
INSERT INTO `SkillSet_skills` (`SkillSet_id`, `skills`) VALUES ('11667', 'UnitTesting');
INSERT INTO `SkillSet_skills` (`SkillSet_id`, `skills`) VALUES ('11667', 'Java');
INSERT INTO `SkillSet_skills` (`SkillSet_id`, `skills`) VALUES ('11667', 'Architektur');
INSERT INTO `Mission` (`id`, `companyName`, `shortName`, `role`, `skillSet_id`) VALUES ('11667', 'a93ab8d2-ff4f-4c5a-9b82-54003084632a', 'c8e968a0-e9a5-401b-b512-62f0d623d1be', 'SeniorSoftwareEngineer', '11667');
INSERT INTO `SkillSet` (`id`) VALUES ('11668');
INSERT INTO `SkillSet_skills` (`SkillSet_id`, `skills`) VALUES ('11668', 'Architektur');
INSERT INTO `Mission` (`id`, `companyName`, `shortName`, `role`, `skillSet_id`) VALUES ('11668', '595e4923-907a-473f-877e-9618570d60b4', '6bc6048f-c3cc-4829-912b-28a1b9e3f060', 'LeadEngineer', '11668');
INSERT INTO `SkillSet` (`id`) VALUES ('11669');
INSERT INTO `SkillSet_skills` (`SkillSet_id`, `skills`) VALUES ('11669', 'Maven');
INSERT INTO `Mission` (`id`, `companyName`, `shortName`, `role`, `skillSet_id`) VALUES ('11669', 'f7dfcb2d-947a-4af9-98d8-2f43816594f9', 'e275af2a-4ec9-4208-aa31-b50b89715218', 'PrincipalConsultant', '11669');
INSERT INTO `SkillSet` (`id`) VALUES ('11670');
INSERT INTO `SkillSet_skills` (`SkillSet_id`, `skills`) VALUES ('11670', 'SQL');
INSERT INTO `SkillSet_skills` (`SkillSet_id`, `skills`) VALUES ('11670', 'UITesting');
INSERT INTO `SkillSet_skills` (`SkillSet_id`, `skills`) VALUES ('11670', 'UITesting');
INSERT INTO `SkillSet_skills` (`SkillSet_id`, `skills`) VALUES ('11670', 'UITesting');
INSERT INTO `Mission` (`id`, `companyName`, `shortName`, `role`, `skillSet_id`) VALUES ('11670', '54c714e9-3966-4def-8ac9-2162ce4fbcc5', 'a3ccd618-2b22-47f7-9b89-2d8256c40cfa', 'SoftwareEngineer', '11670');
INSERT INTO `SkillSet` (`id`) VALUES ('11671');
INSERT INTO `SkillSet_skills` (`SkillSet_id`, `skills`) VALUES ('11671', 'UnitTesting');
INSERT INTO `SkillSet_skills` (`SkillSet_id`, `skills`) VALUES ('11671', 'Architektur');
INSERT INTO `SkillSet_skills` (`SkillSet_id`, `skills`) VALUES ('11671', 'Architektur');
INSERT INTO `Mission` (`id`, `companyName`, `shortName`, `role`, `skillSet_id`) VALUES ('11671', 'af8523fb-c86b-4548-beb0-529576d060a8', '3a30ea0f-bf84-4fc2-8de1-a614a83a691e', 'LeadSoftwareArchitect', '11671');
INSERT INTO `SkillSet` (`id`) VALUES ('11672');
INSERT INTO `SkillSet_skills` (`SkillSet_id`, `skills`) VALUES ('11672', 'UnitTesting');
INSERT INTO `Mission` (`id`, `companyName`, `shortName`, `role`, `skillSet_id`) VALUES ('11672', '1ba96ba8-9650-4dd1-b65e-17b0bffe4c89', '8bfefcb3-2469-4e01-a13e-21973837fdc0', 'LeadSoftwareArchitect', '11672');
INSERT INTO `SkillSet` (`id`) VALUES ('11673');
INSERT INTO `SkillSet_skills` (`SkillSet_id`, `skills`) VALUES ('11673', 'Gradle');
INSERT INTO `SkillSet_skills` (`SkillSet_id`, `skills`) VALUES ('11673', 'Java');
INSERT INTO `Mission` (`id`, `companyName`, `shortName`, `role`, `skillSet_id`) VALUES ('11673', 'a0bed6eb-e026-4ec3-a9f4-e235d0b3a487', '4d49190a-2521-426f-a4e7-a4afc9c462d3', 'LeadSoftwareArchitect', '11673');
INSERT INTO `SkillSet` (`id`) VALUES ('11674');
INSERT INTO `SkillSet_skills` (`SkillSet_id`, `skills`) VALUES ('11674', 'Architektur');
INSERT INTO `SkillSet_skills` (`SkillSet_id`, `skills`) VALUES ('11674', 'SQL');
INSERT INTO `Mission` (`id`, `companyName`, `shortName`, `role`, `skillSet_id`) VALUES ('11674', 'a083c531-1e52-4ccc-8e08-b8ea091da372', '8acd8d4f-6cd9-4a6b-ba03-3c34b24f2ad2', 'LeadEngineer', '11674');
INSERT INTO `SkillSet` (`id`) VALUES ('11675');
INSERT INTO `SkillSet_skills` (`SkillSet_id`, `skills`) VALUES ('11675', 'Ant');
INSERT INTO `SkillSet_skills` (`SkillSet_id`, `skills`) VALUES ('11675', 'Architektur');
INSERT INTO `Mission` (`id`, `companyName`, `shortName`, `role`, `skillSet_id`) VALUES ('11675', '5561c10d-291b-4ca6-b3df-7e589f7876e2', '728e40b3-ebdd-41a1-ae8a-308c22ac6c80', 'SoftwareEngineer', '11675');
INSERT INTO `SkillSet` (`id`) VALUES ('11676');
INSERT INTO `SkillSet_skills` (`SkillSet_id`, `skills`) VALUES ('11676', 'Architektur');
INSERT INTO `SkillSet_skills` (`SkillSet_id`, `skills`) VALUES ('11676', 'Architektur');
INSERT INTO `SkillSet_skills` (`SkillSet_id`, `skills`) VALUES ('11676', 'dotNet');
INSERT INTO `SkillSet_skills` (`SkillSet_id`, `skills`) VALUES ('11676', 'Architektur');
INSERT INTO `Mission` (`id`, `companyName`, `shortName`, `role`, `skillSet_id`) VALUES ('11676', 'b248fb68-db35-4edd-adea-cf4b2e1090c8', '57824128-cc45-4bce-a25c-e29ef5a33f0d', 'LeadEngineer', '11676');
INSERT INTO `SkillSet` (`id`) VALUES ('11677');
INSERT INTO `SkillSet_skills` (`SkillSet_id`, `skills`) VALUES ('11677', 'Maven');
INSERT INTO `Mission` (`id`, `companyName`, `shortName`, `role`, `skillSet_id`) VALUES ('11677', 'dd89a008-bca6-495b-a68a-52b20c6b97d4', '095ef30f-2ddc-4b0a-adba-338ceb21d6fa', 'PrincipalConsultant', '11677');
INSERT INTO `SkillSet` (`id`) VALUES ('11678');
INSERT INTO `SkillSet_skills` (`SkillSet_id`, `skills`) VALUES ('11678', 'SQL');
INSERT INTO `SkillSet_skills` (`SkillSet_id`, `skills`) VALUES ('11678', 'Ant');
INSERT INTO `SkillSet_skills` (`SkillSet_id`, `skills`) VALUES ('11678', 'UnitTesting');
INSERT INTO `Mission` (`id`, `companyName`, `shortName`, `role`, `skillSet_id`) VALUES ('11678', '2c8b1f51-e4ee-4087-b587-ac5988ce2d48', '6f3ebdfb-5e12-47ee-bb92-cfc4c7d82e26', 'JuniorSoftwareEngineer', '11678');
INSERT INTO `SkillSet` (`id`) VALUES ('11679');
INSERT INTO `SkillSet_skills` (`SkillSet_id`, `skills`) VALUES ('11679', 'dotNet');
INSERT INTO `Mission` (`id`, `companyName`, `shortName`, `role`, `skillSet_id`) VALUES ('11679', '0dfa9310-6793-417d-a9d0-dba9edea3714', 'd4495afc-aa05-418f-97da-cecc9a20bc86', 'PrincipalConsultant', '11679');
INSERT INTO `SkillSet` (`id`) VALUES ('11680');
INSERT INTO `SkillSet_skills` (`SkillSet_id`, `skills`) VALUES ('11680', 'UITesting');
INSERT INTO `SkillSet_skills` (`SkillSet_id`, `skills`) VALUES ('11680', 'UITesting');
INSERT INTO `SkillSet_skills` (`SkillSet_id`, `skills`) VALUES ('11680', 'Architektur');
INSERT INTO `Mission` (`id`, `companyName`, `shortName`, `role`, `skillSet_id`) VALUES ('11680', '70a03259-3eae-422c-9fd3-4c068da89968', 'dff6e837-f78a-4937-a765-55497be57c1c', 'JuniorSoftwareEngineer', '11680');
INSERT INTO `SkillSet` (`id`) VALUES ('11681');
INSERT INTO `SkillSet_skills` (`SkillSet_id`, `skills`) VALUES ('11681', 'Java');
INSERT INTO `SkillSet_skills` (`SkillSet_id`, `skills`) VALUES ('11681', 'SQL');
INSERT INTO `SkillSet_skills` (`SkillSet_id`, `skills`) VALUES ('11681', 'Java');
INSERT INTO `SkillSet_skills` (`SkillSet_id`, `skills`) VALUES ('11681', 'SQL');
INSERT INTO `Mission` (`id`, `companyName`, `shortName`, `role`, `skillSet_id`) VALUES ('11681', '71fd1f29-1610-41fd-87b9-7c5529a68288', '04ece40d-a403-4af6-90c5-e7d4455a1d51', 'LeadEngineer', '11681');
INSERT INTO `SkillSet` (`id`) VALUES ('11682');
INSERT INTO `SkillSet_skills` (`SkillSet_id`, `skills`) VALUES ('11682', 'UnitTesting');
INSERT INTO `SkillSet_skills` (`SkillSet_id`, `skills`) VALUES ('11682', 'Java');
INSERT INTO `SkillSet_skills` (`SkillSet_id`, `skills`) VALUES ('11682', 'UnitTesting');
INSERT INTO `Mission` (`id`, `companyName`, `shortName`, `role`, `skillSet_id`) VALUES ('11682', 'c69fda9d-6a86-4776-b8de-eff8f11253d6', 'b48d505f-a784-4104-8b96-64580e110c6b', 'LeadSoftwareArchitect', '11682');
INSERT INTO `SkillSet` (`id`) VALUES ('11683');
INSERT INTO `SkillSet_skills` (`SkillSet_id`, `skills`) VALUES ('11683', 'Maven');
INSERT INTO `SkillSet_skills` (`SkillSet_id`, `skills`) VALUES ('11683', 'UnitTesting');
INSERT INTO `SkillSet_skills` (`SkillSet_id`, `skills`) VALUES ('11683', 'Gradle');
INSERT INTO `SkillSet_skills` (`SkillSet_id`, `skills`) VALUES ('11683', 'dotNet');
INSERT INTO `SkillSet_skills` (`SkillSet_id`, `skills`) VALUES ('11683', 'UITesting');
INSERT INTO `Mission` (`id`, `companyName`, `shortName`, `role`, `skillSet_id`) VALUES ('11683', 'e120a3dc-a6c9-43f2-8689-c5dcb67d14d6', 'e790fdf7-27ef-43c0-ac5e-4e95d2c8608f', 'SoftwareEngineer', '11683');
INSERT INTO `SkillSet` (`id`) VALUES ('11684');
INSERT INTO `SkillSet_skills` (`SkillSet_id`, `skills`) VALUES ('11684', 'UnitTesting');
INSERT INTO `SkillSet_skills` (`SkillSet_id`, `skills`) VALUES ('11684', 'Ant');
INSERT INTO `SkillSet_skills` (`SkillSet_id`, `skills`) VALUES ('11684', 'SQL');
INSERT INTO `SkillSet_skills` (`SkillSet_id`, `skills`) VALUES ('11684', 'Gradle');
INSERT INTO `Mission` (`id`, `companyName`, `shortName`, `role`, `skillSet_id`) VALUES ('11684', '9989b885-7e45-472f-96ed-457f33dc16e6', '9be9594a-2bad-434a-92a2-330fb89af4d1', 'SoftwareEngineer', '11684');
INSERT INTO `SkillSet` (`id`) VALUES ('11685');
INSERT INTO `SkillSet_skills` (`SkillSet_id`, `skills`) VALUES ('11685', 'UnitTesting');
INSERT INTO `SkillSet_skills` (`SkillSet_id`, `skills`) VALUES ('11685', 'Architektur');
INSERT INTO `SkillSet_skills` (`SkillSet_id`, `skills`) VALUES ('11685', 'Architektur');
INSERT INTO `SkillSet_skills` (`SkillSet_id`, `skills`) VALUES ('11685', 'dotNet');
INSERT INTO `Mission` (`id`, `companyName`, `shortName`, `role`, `skillSet_id`) VALUES ('11685', '2df123a4-4a39-405e-807b-c53650391f98', 'b8bb793d-3762-41ef-be53-901b148e3202', 'SeniorSoftwareEngineer', '11685');
INSERT INTO `SkillSet` (`id`) VALUES ('11686');
INSERT INTO `SkillSet_skills` (`SkillSet_id`, `skills`) VALUES ('11686', 'Architektur');
INSERT INTO `SkillSet_skills` (`SkillSet_id`, `skills`) VALUES ('11686', 'Gradle');
INSERT INTO `SkillSet_skills` (`SkillSet_id`, `skills`) VALUES ('11686', 'Architektur');
INSERT INTO `SkillSet_skills` (`SkillSet_id`, `skills`) VALUES ('11686', 'Java');
INSERT INTO `SkillSet_skills` (`SkillSet_id`, `skills`) VALUES ('11686', 'Architektur');
INSERT INTO `Mission` (`id`, `companyName`, `shortName`, `role`, `skillSet_id`) VALUES ('11686', '74062fa3-4fe5-4418-878b-f35167c7dce8', '87bd3cf2-29e8-4e9b-9d47-763e52268d8d', 'SoftwareEngineer', '11686');
INSERT INTO `SkillSet` (`id`) VALUES ('11687');
INSERT INTO `SkillSet_skills` (`SkillSet_id`, `skills`) VALUES ('11687', 'dotNet');
INSERT INTO `SkillSet_skills` (`SkillSet_id`, `skills`) VALUES ('11687', 'Maven');
INSERT INTO `SkillSet_skills` (`SkillSet_id`, `skills`) VALUES ('11687', 'Architektur');
INSERT INTO `Mission` (`id`, `companyName`, `shortName`, `role`, `skillSet_id`) VALUES ('11687', '83677582-68c4-41ce-ad54-5b403a0a93c1', 'f9f0a7b0-e1e8-400c-9476-0d8611083109', 'PrincipalConsultant', '11687');
INSERT INTO `SkillSet` (`id`) VALUES ('11688');
INSERT INTO `SkillSet_skills` (`SkillSet_id`, `skills`) VALUES ('11688', 'Architektur');
INSERT INTO `SkillSet_skills` (`SkillSet_id`, `skills`) VALUES ('11688', 'UnitTesting');
INSERT INTO `SkillSet_skills` (`SkillSet_id`, `skills`) VALUES ('11688', 'Architektur');
INSERT INTO `SkillSet_skills` (`SkillSet_id`, `skills`) VALUES ('11688', 'Gradle');
INSERT INTO `Mission` (`id`, `companyName`, `shortName`, `role`, `skillSet_id`) VALUES ('11688', 'f1290865-6074-4621-b47a-5f4d3590e0c3', 'e41d7d6b-ae5c-449c-9082-04630408b392', 'PrincipalConsultant', '11688');
INSERT INTO `SkillSet` (`id`) VALUES ('11689');
INSERT INTO `SkillSet_skills` (`SkillSet_id`, `skills`) VALUES ('11689', 'Architektur');
INSERT INTO `Mission` (`id`, `companyName`, `shortName`, `role`, `skillSet_id`) VALUES ('11689', '4207aeaa-a3c4-4c46-9844-3d45372b248a', '61a0af65-0735-427d-a7bc-f4d4474338bf', 'JuniorSoftwareEngineer', '11689');
INSERT INTO `SkillSet` (`id`) VALUES ('11690');
INSERT INTO `SkillSet_skills` (`SkillSet_id`, `skills`) VALUES ('11690', 'dotNet');
INSERT INTO `SkillSet_skills` (`SkillSet_id`, `skills`) VALUES ('11690', 'SQL');
INSERT INTO `SkillSet_skills` (`SkillSet_id`, `skills`) VALUES ('11690', 'Maven');
INSERT INTO `Mission` (`id`, `companyName`, `shortName`, `role`, `skillSet_id`) VALUES ('11690', 'ed21600b-c72d-4ce1-bf1b-a27fe471bafe', 'd862a425-f17f-45a3-9791-d4ea92a2abb0', 'SeniorSoftwareEngineer', '11690');
INSERT INTO `SkillSet` (`id`) VALUES ('11691');
INSERT INTO `SkillSet_skills` (`SkillSet_id`, `skills`) VALUES ('11691', 'Gradle');
INSERT INTO `Mission` (`id`, `companyName`, `shortName`, `role`, `skillSet_id`) VALUES ('11691', '67b8ef1d-6b6f-4859-a69c-8c23de612b71', 'c958776d-2410-432d-841c-4c9694320c22', 'SeniorSoftwareEngineer', '11691');
INSERT INTO `SkillSet` (`id`) VALUES ('11692');
INSERT INTO `SkillSet_skills` (`SkillSet_id`, `skills`) VALUES ('11692', 'UITesting');
INSERT INTO `SkillSet_skills` (`SkillSet_id`, `skills`) VALUES ('11692', 'UnitTesting');
INSERT INTO `SkillSet_skills` (`SkillSet_id`, `skills`) VALUES ('11692', 'UITesting');
INSERT INTO `SkillSet_skills` (`SkillSet_id`, `skills`) VALUES ('11692', 'SQL');
INSERT INTO `Mission` (`id`, `companyName`, `shortName`, `role`, `skillSet_id`) VALUES ('11692', 'bf74d74b-3d7d-428e-b1b5-2442bcccf164', '95e5ba0b-2d20-4c23-a521-3ade1007030d', 'PrincipalConsultant', '11692');
INSERT INTO `SkillSet` (`id`) VALUES ('11693');
INSERT INTO `SkillSet_skills` (`SkillSet_id`, `skills`) VALUES ('11693', 'Gradle');
INSERT INTO `Mission` (`id`, `companyName`, `shortName`, `role`, `skillSet_id`) VALUES ('11693', '3bb23410-7430-4286-b2c0-9a2f0bc74dce', 'ba301d65-7b67-4fb3-ac86-23c7327cca51', 'SeniorSoftwareEngineer', '11693');
INSERT INTO `SkillSet` (`id`) VALUES ('11694');
INSERT INTO `SkillSet_skills` (`SkillSet_id`, `skills`) VALUES ('11694', 'Ant');
INSERT INTO `Mission` (`id`, `companyName`, `shortName`, `role`, `skillSet_id`) VALUES ('11694', '195948ad-8abd-4c8a-9682-3ba64c4d4b3b', '19e9da81-9788-4df2-a9de-9291b3ded072', 'LeadEngineer', '11694');
INSERT INTO `SkillSet` (`id`) VALUES ('11695');
INSERT INTO `SkillSet_skills` (`SkillSet_id`, `skills`) VALUES ('11695', 'Maven');
INSERT INTO `Mission` (`id`, `companyName`, `shortName`, `role`, `skillSet_id`) VALUES ('11695', 'c226b6aa-5ec2-404d-97f9-cfffcb55d31e', '6b23bb4c-795e-49bc-a35b-e58a02f7895a', 'JuniorSoftwareEngineer', '11695');
INSERT INTO `SkillSet` (`id`) VALUES ('11696');
INSERT INTO `SkillSet_skills` (`SkillSet_id`, `skills`) VALUES ('11696', 'Architektur');
INSERT INTO `SkillSet_skills` (`SkillSet_id`, `skills`) VALUES ('11696', 'UnitTesting');
INSERT INTO `SkillSet_skills` (`SkillSet_id`, `skills`) VALUES ('11696', 'SQL');
INSERT INTO `SkillSet_skills` (`SkillSet_id`, `skills`) VALUES ('11696', 'dotNet');
INSERT INTO `Mission` (`id`, `companyName`, `shortName`, `role`, `skillSet_id`) VALUES ('11696', '684c2030-9e68-49f4-a73c-24bad5d0ca35', '20db07c0-627a-4337-b75a-1cdc2e80f6f9', 'LeadEngineer', '11696');
INSERT INTO `SkillSet` (`id`) VALUES ('11697');
INSERT INTO `SkillSet_skills` (`SkillSet_id`, `skills`) VALUES ('11697', 'UITesting');
INSERT INTO `SkillSet_skills` (`SkillSet_id`, `skills`) VALUES ('11697', 'UITesting');
INSERT INTO `SkillSet_skills` (`SkillSet_id`, `skills`) VALUES ('11697', 'dotNet');
INSERT INTO `Mission` (`id`, `companyName`, `shortName`, `role`, `skillSet_id`) VALUES ('11697', '3ffeb642-b3a9-4272-acc6-98d65c596d55', 'b5d0baf5-8cd5-4f79-829c-a2df24e8b46c', 'SoftwareEngineer', '11697');
INSERT INTO `SkillSet` (`id`) VALUES ('11698');
INSERT INTO `SkillSet_skills` (`SkillSet_id`, `skills`) VALUES ('11698', 'Java');
INSERT INTO `SkillSet_skills` (`SkillSet_id`, `skills`) VALUES ('11698', 'Maven');
INSERT INTO `SkillSet_skills` (`SkillSet_id`, `skills`) VALUES ('11698', 'UnitTesting');
INSERT INTO `SkillSet_skills` (`SkillSet_id`, `skills`) VALUES ('11698', 'Maven');
INSERT INTO `Mission` (`id`, `companyName`, `shortName`, `role`, `skillSet_id`) VALUES ('11698', '40dd213c-1831-4150-b0fc-9ef1a1783ca2', '963844ef-8441-4d24-a7f9-dcada70146a9', 'SoftwareEngineer', '11698');
INSERT INTO `SkillSet` (`id`) VALUES ('11699');
INSERT INTO `SkillSet_skills` (`SkillSet_id`, `skills`) VALUES ('11699', 'Architektur');
INSERT INTO `SkillSet_skills` (`SkillSet_id`, `skills`) VALUES ('11699', 'Gradle');
INSERT INTO `SkillSet_skills` (`SkillSet_id`, `skills`) VALUES ('11699', 'Ant');
INSERT INTO `Mission` (`id`, `companyName`, `shortName`, `role`, `skillSet_id`) VALUES ('11699', 'd5f56063-6fab-4876-bf6d-5dc80e732c1a', '89455d6c-acc5-48d2-897f-5e5fd6391e7e', 'LeadEngineer', '11699');
INSERT INTO `SkillSet` (`id`) VALUES ('11700');
INSERT INTO `SkillSet_skills` (`SkillSet_id`, `skills`) VALUES ('11700', 'Gradle');
INSERT INTO `Mission` (`id`, `companyName`, `shortName`, `role`, `skillSet_id`) VALUES ('11700', 'a48d861d-d4da-4937-850a-06f217e2a54e', '3932c8ef-54bf-4c5b-be23-bece446446cc', 'LeadEngineer', '11700');
INSERT INTO `SkillSet` (`id`) VALUES ('11701');
INSERT INTO `SkillSet_skills` (`SkillSet_id`, `skills`) VALUES ('11701', 'Maven');
INSERT INTO `Mission` (`id`, `companyName`, `shortName`, `role`, `skillSet_id`) VALUES ('11701', '18a59209-2e7a-4bb3-8997-841aea7ce9ca', 'f54a1dba-6c78-478d-b7d6-f5235f163dd3', 'SeniorSoftwareEngineer', '11701');
INSERT INTO `SkillSet` (`id`) VALUES ('11702');
INSERT INTO `SkillSet_skills` (`SkillSet_id`, `skills`) VALUES ('11702', 'Java');
INSERT INTO `Mission` (`id`, `companyName`, `shortName`, `role`, `skillSet_id`) VALUES ('11702', '22ff6ebc-088f-46ff-af60-c7be1c1b8151', '1909e6bb-e505-44c8-addf-d3c1e3ecd377', 'SoftwareEngineer', '11702');
INSERT INTO `SkillSet` (`id`) VALUES ('11703');
INSERT INTO `SkillSet_skills` (`SkillSet_id`, `skills`) VALUES ('11703', 'Gradle');
INSERT INTO `SkillSet_skills` (`SkillSet_id`, `skills`) VALUES ('11703', 'Architektur');
INSERT INTO `SkillSet_skills` (`SkillSet_id`, `skills`) VALUES ('11703', 'Java');
INSERT INTO `Mission` (`id`, `companyName`, `shortName`, `role`, `skillSet_id`) VALUES ('11703', 'eadff3c0-a61a-4b92-9f33-02a01772d446', 'ec062b36-83b6-4972-b14a-5bce9153c460', 'JuniorSoftwareEngineer', '11703');
INSERT INTO `SkillSet` (`id`) VALUES ('11704');
INSERT INTO `SkillSet_skills` (`SkillSet_id`, `skills`) VALUES ('11704', 'Ant');
INSERT INTO `Mission` (`id`, `companyName`, `shortName`, `role`, `skillSet_id`) VALUES ('11704', 'f017683c-4fe2-46b9-8b45-878c59f73fa4', '44f577c0-4162-413c-8f58-01853292c534', 'SoftwareEngineer', '11704');
INSERT INTO `SkillSet` (`id`) VALUES ('11705');
INSERT INTO `SkillSet_skills` (`SkillSet_id`, `skills`) VALUES ('11705', 'SQL');
INSERT INTO `SkillSet_skills` (`SkillSet_id`, `skills`) VALUES ('11705', 'Java');
INSERT INTO `SkillSet_skills` (`SkillSet_id`, `skills`) VALUES ('11705', 'dotNet');
INSERT INTO `SkillSet_skills` (`SkillSet_id`, `skills`) VALUES ('11705', 'Ant');
INSERT INTO `Mission` (`id`, `companyName`, `shortName`, `role`, `skillSet_id`) VALUES ('11705', '8fac6fe6-7f44-4e52-8905-c8d19c04ba13', '2d71df48-e06b-4e00-bfd6-e7a5a5b4b2ab', 'SoftwareEngineer', '11705');
INSERT INTO `SkillSet` (`id`) VALUES ('11706');
INSERT INTO `SkillSet_skills` (`SkillSet_id`, `skills`) VALUES ('11706', 'Gradle');
INSERT INTO `SkillSet_skills` (`SkillSet_id`, `skills`) VALUES ('11706', 'Maven');
INSERT INTO `SkillSet_skills` (`SkillSet_id`, `skills`) VALUES ('11706', 'UnitTesting');
INSERT INTO `SkillSet_skills` (`SkillSet_id`, `skills`) VALUES ('11706', 'Maven');
INSERT INTO `SkillSet_skills` (`SkillSet_id`, `skills`) VALUES ('11706', 'Maven');
INSERT INTO `Mission` (`id`, `companyName`, `shortName`, `role`, `skillSet_id`) VALUES ('11706', 'e7ddb638-5f53-4002-82c9-db9817539d96', 'ae881330-efa1-4a81-82c1-da0ba97c96e5', 'SeniorSoftwareEngineer', '11706');
INSERT INTO `SkillSet` (`id`) VALUES ('11707');
INSERT INTO `SkillSet_skills` (`SkillSet_id`, `skills`) VALUES ('11707', 'Architektur');
INSERT INTO `SkillSet_skills` (`SkillSet_id`, `skills`) VALUES ('11707', 'Ant');
INSERT INTO `SkillSet_skills` (`SkillSet_id`, `skills`) VALUES ('11707', 'dotNet');
INSERT INTO `Mission` (`id`, `companyName`, `shortName`, `role`, `skillSet_id`) VALUES ('11707', '9ed19d63-37b7-49c3-a6ec-c059a6e75ea3', 'ce44ad5e-f9ed-412d-bd93-3b5ee06d95a2', 'SoftwareEngineer', '11707');
INSERT INTO `SkillSet` (`id`) VALUES ('11708');
INSERT INTO `SkillSet_skills` (`SkillSet_id`, `skills`) VALUES ('11708', 'Java');
INSERT INTO `SkillSet_skills` (`SkillSet_id`, `skills`) VALUES ('11708', 'dotNet');
INSERT INTO `SkillSet_skills` (`SkillSet_id`, `skills`) VALUES ('11708', 'Java');
INSERT INTO `SkillSet_skills` (`SkillSet_id`, `skills`) VALUES ('11708', 'Java');
INSERT INTO `SkillSet_skills` (`SkillSet_id`, `skills`) VALUES ('11708', 'Gradle');
INSERT INTO `Mission` (`id`, `companyName`, `shortName`, `role`, `skillSet_id`) VALUES ('11708', '018ab1aa-ff7c-4802-b7e1-64ae15b2b81d', 'c5d813b5-b038-4e19-88f3-02a1e42b38fc', 'PrincipalConsultant', '11708');
INSERT INTO `SkillSet` (`id`) VALUES ('11709');
INSERT INTO `SkillSet_skills` (`SkillSet_id`, `skills`) VALUES ('11709', 'dotNet');
INSERT INTO `SkillSet_skills` (`SkillSet_id`, `skills`) VALUES ('11709', 'Java');
INSERT INTO `Mission` (`id`, `companyName`, `shortName`, `role`, `skillSet_id`) VALUES ('11709', '71c7e4ec-f5f5-4206-bf05-1d0faca03502', '137223f4-ba00-49dc-9d99-476a6be453ef', 'LeadEngineer', '11709');
INSERT INTO `SkillSet` (`id`) VALUES ('11710');
INSERT INTO `SkillSet_skills` (`SkillSet_id`, `skills`) VALUES ('11710', 'SQL');
INSERT INTO `SkillSet_skills` (`SkillSet_id`, `skills`) VALUES ('11710', 'Architektur');
INSERT INTO `SkillSet_skills` (`SkillSet_id`, `skills`) VALUES ('11710', 'Architektur');
INSERT INTO `SkillSet_skills` (`SkillSet_id`, `skills`) VALUES ('11710', 'Gradle');
INSERT INTO `SkillSet_skills` (`SkillSet_id`, `skills`) VALUES ('11710', 'Ant');
INSERT INTO `Mission` (`id`, `companyName`, `shortName`, `role`, `skillSet_id`) VALUES ('11710', '46180061-62c7-47b1-bdf9-55b78a5bd818', '81a2b9f1-d686-4bed-83bd-56df12a5c3ed', 'LeadSoftwareArchitect', '11710');
INSERT INTO `SkillSet` (`id`) VALUES ('11711');
INSERT INTO `SkillSet_skills` (`SkillSet_id`, `skills`) VALUES ('11711', 'SQL');
INSERT INTO `SkillSet_skills` (`SkillSet_id`, `skills`) VALUES ('11711', 'Java');
INSERT INTO `SkillSet_skills` (`SkillSet_id`, `skills`) VALUES ('11711', 'dotNet');
INSERT INTO `SkillSet_skills` (`SkillSet_id`, `skills`) VALUES ('11711', 'UnitTesting');
INSERT INTO `Mission` (`id`, `companyName`, `shortName`, `role`, `skillSet_id`) VALUES ('11711', '35c5300f-c7fd-42b9-aa7e-1c30e30de405', '69a455f8-c52f-4179-bbd1-4708dfa84874', 'SoftwareEngineer', '11711');
INSERT INTO `SkillSet` (`id`) VALUES ('11712');
INSERT INTO `SkillSet_skills` (`SkillSet_id`, `skills`) VALUES ('11712', 'Java');
INSERT INTO `SkillSet_skills` (`SkillSet_id`, `skills`) VALUES ('11712', 'Ant');
INSERT INTO `Mission` (`id`, `companyName`, `shortName`, `role`, `skillSet_id`) VALUES ('11712', 'c6f2549f-4f83-4097-861c-836e6e470437', '4dde0922-6614-48ae-a67a-401129989bda', 'SeniorSoftwareEngineer', '11712');
INSERT INTO `SkillSet` (`id`) VALUES ('11713');
INSERT INTO `SkillSet_skills` (`SkillSet_id`, `skills`) VALUES ('11713', 'Architektur');
INSERT INTO `SkillSet_skills` (`SkillSet_id`, `skills`) VALUES ('11713', 'SQL');
INSERT INTO `SkillSet_skills` (`SkillSet_id`, `skills`) VALUES ('11713', 'Ant');
INSERT INTO `SkillSet_skills` (`SkillSet_id`, `skills`) VALUES ('11713', 'Ant');
INSERT INTO `SkillSet_skills` (`SkillSet_id`, `skills`) VALUES ('11713', 'UnitTesting');
INSERT INTO `Mission` (`id`, `companyName`, `shortName`, `role`, `skillSet_id`) VALUES ('11713', '9483fc0c-e161-4d2d-88ee-8356f3ac3692', '3776c036-67c5-4510-bf11-bd0b70c1fa6f', 'JuniorSoftwareEngineer', '11713');
INSERT INTO `SkillSet` (`id`) VALUES ('11714');
INSERT INTO `SkillSet_skills` (`SkillSet_id`, `skills`) VALUES ('11714', 'Ant');
INSERT INTO `Mission` (`id`, `companyName`, `shortName`, `role`, `skillSet_id`) VALUES ('11714', 'e01eed64-c165-4bd5-884c-6ee18c090603', '25bbbb6e-e9f2-48ee-a34a-638b96002751', 'SeniorSoftwareEngineer', '11714');
INSERT INTO `SkillSet` (`id`) VALUES ('11715');
INSERT INTO `SkillSet_skills` (`SkillSet_id`, `skills`) VALUES ('11715', 'UnitTesting');
INSERT INTO `SkillSet_skills` (`SkillSet_id`, `skills`) VALUES ('11715', 'Maven');
INSERT INTO `SkillSet_skills` (`SkillSet_id`, `skills`) VALUES ('11715', 'Architektur');
INSERT INTO `SkillSet_skills` (`SkillSet_id`, `skills`) VALUES ('11715', 'Maven');
INSERT INTO `SkillSet_skills` (`SkillSet_id`, `skills`) VALUES ('11715', 'dotNet');
INSERT INTO `Mission` (`id`, `companyName`, `shortName`, `role`, `skillSet_id`) VALUES ('11715', 'c71cd6a1-ceb5-48f9-b8d9-3092bdad6e3e', '05815910-3a89-45df-95cd-2fafa4fcdbfd', 'SeniorSoftwareEngineer', '11715');
INSERT INTO `SkillSet` (`id`) VALUES ('11716');
INSERT INTO `SkillSet_skills` (`SkillSet_id`, `skills`) VALUES ('11716', 'Maven');
INSERT INTO `SkillSet_skills` (`SkillSet_id`, `skills`) VALUES ('11716', 'Ant');
INSERT INTO `Mission` (`id`, `companyName`, `shortName`, `role`, `skillSet_id`) VALUES ('11716', 'dc849be9-a573-4bc6-8492-50cc4512a9b6', '96564e1e-a3ef-4419-9b55-f5dc9491e819', 'JuniorSoftwareEngineer', '11716');
INSERT INTO `SkillSet` (`id`) VALUES ('11717');
INSERT INTO `SkillSet_skills` (`SkillSet_id`, `skills`) VALUES ('11717', 'dotNet');
INSERT INTO `SkillSet_skills` (`SkillSet_id`, `skills`) VALUES ('11717', 'Gradle');
INSERT INTO `SkillSet_skills` (`SkillSet_id`, `skills`) VALUES ('11717', 'UITesting');
INSERT INTO `Mission` (`id`, `companyName`, `shortName`, `role`, `skillSet_id`) VALUES ('11717', '603b3e36-c391-4e4e-a575-3afa75d2c77c', '0394485d-de94-4667-ad37-0a30ff2a1cae', 'SeniorSoftwareEngineer', '11717');
INSERT INTO `SkillSet` (`id`) VALUES ('11718');
INSERT INTO `SkillSet_skills` (`SkillSet_id`, `skills`) VALUES ('11718', 'Maven');
INSERT INTO `SkillSet_skills` (`SkillSet_id`, `skills`) VALUES ('11718', 'dotNet');
INSERT INTO `SkillSet_skills` (`SkillSet_id`, `skills`) VALUES ('11718', 'SQL');
INSERT INTO `SkillSet_skills` (`SkillSet_id`, `skills`) VALUES ('11718', 'UITesting');
INSERT INTO `SkillSet_skills` (`SkillSet_id`, `skills`) VALUES ('11718', 'SQL');
INSERT INTO `Mission` (`id`, `companyName`, `shortName`, `role`, `skillSet_id`) VALUES ('11718', '3b20a7cc-b721-45a4-a613-d8a72ee5b556', 'd775929e-69f2-4046-81aa-b008a40939fc', 'LeadSoftwareArchitect', '11718');
INSERT INTO `SkillSet` (`id`) VALUES ('11719');
INSERT INTO `SkillSet_skills` (`SkillSet_id`, `skills`) VALUES ('11719', 'Maven');
INSERT INTO `Mission` (`id`, `companyName`, `shortName`, `role`, `skillSet_id`) VALUES ('11719', '09561e55-8fd2-4e0f-8a15-c6c8cfc8bcc1', 'd6416990-fbcd-49ac-857f-37976df1d229', 'LeadSoftwareArchitect', '11719');
INSERT INTO `SkillSet` (`id`) VALUES ('11720');
INSERT INTO `SkillSet_skills` (`SkillSet_id`, `skills`) VALUES ('11720', 'UITesting');
INSERT INTO `SkillSet_skills` (`SkillSet_id`, `skills`) VALUES ('11720', 'UnitTesting');
INSERT INTO `SkillSet_skills` (`SkillSet_id`, `skills`) VALUES ('11720', 'Java');
INSERT INTO `SkillSet_skills` (`SkillSet_id`, `skills`) VALUES ('11720', 'SQL');
INSERT INTO `Mission` (`id`, `companyName`, `shortName`, `role`, `skillSet_id`) VALUES ('11720', '951bc48e-c192-44f9-a678-11eb97e90f57', '693e4e4b-6ad3-4361-b596-6a9686f0bf67', 'SoftwareEngineer', '11720');
INSERT INTO `SkillSet` (`id`) VALUES ('11721');
INSERT INTO `SkillSet_skills` (`SkillSet_id`, `skills`) VALUES ('11721', 'Ant');
INSERT INTO `SkillSet_skills` (`SkillSet_id`, `skills`) VALUES ('11721', 'SQL');
INSERT INTO `SkillSet_skills` (`SkillSet_id`, `skills`) VALUES ('11721', 'Ant');
INSERT INTO `SkillSet_skills` (`SkillSet_id`, `skills`) VALUES ('11721', 'Maven');
INSERT INTO `Mission` (`id`, `companyName`, `shortName`, `role`, `skillSet_id`) VALUES ('11721', '0cdb0e92-c220-4405-9a10-78652731106c', 'd887b767-0b83-4749-9933-6efdbdf74af2', 'SeniorSoftwareEngineer', '11721');
INSERT INTO `SkillSet` (`id`) VALUES ('11722');
INSERT INTO `SkillSet_skills` (`SkillSet_id`, `skills`) VALUES ('11722', 'Java');
INSERT INTO `Mission` (`id`, `companyName`, `shortName`, `role`, `skillSet_id`) VALUES ('11722', '6ee0b91e-08a7-4ebc-9b5e-adefd99b4bca', 'd1707302-e1bb-4c21-9a84-ab4273171fe9', 'LeadEngineer', '11722');
INSERT INTO `SkillSet` (`id`) VALUES ('11723');
INSERT INTO `SkillSet_skills` (`SkillSet_id`, `skills`) VALUES ('11723', 'SQL');
INSERT INTO `SkillSet_skills` (`SkillSet_id`, `skills`) VALUES ('11723', 'Architektur');
INSERT INTO `SkillSet_skills` (`SkillSet_id`, `skills`) VALUES ('11723', 'SQL');
INSERT INTO `Mission` (`id`, `companyName`, `shortName`, `role`, `skillSet_id`) VALUES ('11723', '3501fd83-b05e-49cc-b195-b661a71477ea', '3bea53f6-2ae1-4b6c-9d8a-ed6981be87c2', 'LeadSoftwareArchitect', '11723');
INSERT INTO `SkillSet` (`id`) VALUES ('11724');
INSERT INTO `SkillSet_skills` (`SkillSet_id`, `skills`) VALUES ('11724', 'dotNet');
INSERT INTO `SkillSet_skills` (`SkillSet_id`, `skills`) VALUES ('11724', 'Java');
INSERT INTO `SkillSet_skills` (`SkillSet_id`, `skills`) VALUES ('11724', 'Gradle');
INSERT INTO `SkillSet_skills` (`SkillSet_id`, `skills`) VALUES ('11724', 'Maven');
INSERT INTO `SkillSet_skills` (`SkillSet_id`, `skills`) VALUES ('11724', 'Java');
INSERT INTO `Mission` (`id`, `companyName`, `shortName`, `role`, `skillSet_id`) VALUES ('11724', '3c7f5cdd-6c2b-47b4-a682-ec4812d4e5a0', '41531c2e-2316-4c28-9370-c27f27bc5ef7', 'PrincipalConsultant', '11724');
INSERT INTO `SkillSet` (`id`) VALUES ('11725');
INSERT INTO `SkillSet_skills` (`SkillSet_id`, `skills`) VALUES ('11725', 'Gradle');
INSERT INTO `SkillSet_skills` (`SkillSet_id`, `skills`) VALUES ('11725', 'Gradle');
INSERT INTO `SkillSet_skills` (`SkillSet_id`, `skills`) VALUES ('11725', 'Architektur');
INSERT INTO `SkillSet_skills` (`SkillSet_id`, `skills`) VALUES ('11725', 'SQL');
INSERT INTO `SkillSet_skills` (`SkillSet_id`, `skills`) VALUES ('11725', 'Gradle');
INSERT INTO `Mission` (`id`, `companyName`, `shortName`, `role`, `skillSet_id`) VALUES ('11725', '5248ec50-ca28-4685-a18e-d38ce831a09e', '0125437d-d1d1-4ff7-819b-e521e3e045c3', 'LeadSoftwareArchitect', '11725');
INSERT INTO `SkillSet` (`id`) VALUES ('11726');
INSERT INTO `SkillSet_skills` (`SkillSet_id`, `skills`) VALUES ('11726', 'Gradle');
INSERT INTO `SkillSet_skills` (`SkillSet_id`, `skills`) VALUES ('11726', 'SQL');
INSERT INTO `SkillSet_skills` (`SkillSet_id`, `skills`) VALUES ('11726', 'Java');
INSERT INTO `SkillSet_skills` (`SkillSet_id`, `skills`) VALUES ('11726', 'SQL');
INSERT INTO `Mission` (`id`, `companyName`, `shortName`, `role`, `skillSet_id`) VALUES ('11726', 'ef209b47-b0a4-4667-93aa-348270cde661', '194421c4-b7fa-42e5-9613-8e4de857b02a', 'PrincipalConsultant', '11726');
INSERT INTO `SkillSet` (`id`) VALUES ('11727');
INSERT INTO `SkillSet_skills` (`SkillSet_id`, `skills`) VALUES ('11727', 'Ant');
INSERT INTO `SkillSet_skills` (`SkillSet_id`, `skills`) VALUES ('11727', 'SQL');
INSERT INTO `SkillSet_skills` (`SkillSet_id`, `skills`) VALUES ('11727', 'SQL');
INSERT INTO `SkillSet_skills` (`SkillSet_id`, `skills`) VALUES ('11727', 'Gradle');
INSERT INTO `Mission` (`id`, `companyName`, `shortName`, `role`, `skillSet_id`) VALUES ('11727', '4ae6935a-830c-438d-b580-19773a9057f8', 'cff25600-5103-4bca-ae42-cf6846aa3577', 'LeadSoftwareArchitect', '11727');
INSERT INTO `SkillSet` (`id`) VALUES ('11728');
INSERT INTO `SkillSet_skills` (`SkillSet_id`, `skills`) VALUES ('11728', 'dotNet');
INSERT INTO `SkillSet_skills` (`SkillSet_id`, `skills`) VALUES ('11728', 'Architektur');
INSERT INTO `SkillSet_skills` (`SkillSet_id`, `skills`) VALUES ('11728', 'Ant');
INSERT INTO `SkillSet_skills` (`SkillSet_id`, `skills`) VALUES ('11728', 'Gradle');
INSERT INTO `SkillSet_skills` (`SkillSet_id`, `skills`) VALUES ('11728', 'Maven');
INSERT INTO `Mission` (`id`, `companyName`, `shortName`, `role`, `skillSet_id`) VALUES ('11728', 'c73b2e65-30ab-4aa5-8bfe-d2c826dc24ac', '8001583f-5075-4f3d-9ffb-7d273f9acd2f', 'LeadEngineer', '11728');
INSERT INTO `SkillSet` (`id`) VALUES ('11729');
INSERT INTO `SkillSet_skills` (`SkillSet_id`, `skills`) VALUES ('11729', 'Architektur');
INSERT INTO `SkillSet_skills` (`SkillSet_id`, `skills`) VALUES ('11729', 'Java');
INSERT INTO `SkillSet_skills` (`SkillSet_id`, `skills`) VALUES ('11729', 'SQL');
INSERT INTO `SkillSet_skills` (`SkillSet_id`, `skills`) VALUES ('11729', 'dotNet');
INSERT INTO `SkillSet_skills` (`SkillSet_id`, `skills`) VALUES ('11729', 'dotNet');
INSERT INTO `Mission` (`id`, `companyName`, `shortName`, `role`, `skillSet_id`) VALUES ('11729', '30288002-8414-4af3-a575-8637dea0db15', '7384ef18-f3c7-4439-836a-91c2d9ab2bd4', 'PrincipalConsultant', '11729');
INSERT INTO `SkillSet` (`id`) VALUES ('11730');
INSERT INTO `SkillSet_skills` (`SkillSet_id`, `skills`) VALUES ('11730', 'UnitTesting');
INSERT INTO `SkillSet_skills` (`SkillSet_id`, `skills`) VALUES ('11730', 'SQL');
INSERT INTO `Mission` (`id`, `companyName`, `shortName`, `role`, `skillSet_id`) VALUES ('11730', '67430c6d-6f1b-48ae-a282-0348a59cb26c', 'ce9b58a0-bbd5-4421-b94f-66748d6993a9', 'LeadSoftwareArchitect', '11730');
INSERT INTO `SkillSet` (`id`) VALUES ('11731');
INSERT INTO `SkillSet_skills` (`SkillSet_id`, `skills`) VALUES ('11731', 'Java');
INSERT INTO `SkillSet_skills` (`SkillSet_id`, `skills`) VALUES ('11731', 'SQL');
INSERT INTO `SkillSet_skills` (`SkillSet_id`, `skills`) VALUES ('11731', 'Architektur');
INSERT INTO `Mission` (`id`, `companyName`, `shortName`, `role`, `skillSet_id`) VALUES ('11731', '5e00f820-839b-4d37-8824-789aef9e7e17', 'b4cf12ac-88c7-4ec5-9aad-f5c72620a495', 'JuniorSoftwareEngineer', '11731');
INSERT INTO `SkillSet` (`id`) VALUES ('11732');
INSERT INTO `SkillSet_skills` (`SkillSet_id`, `skills`) VALUES ('11732', 'Architektur');
INSERT INTO `SkillSet_skills` (`SkillSet_id`, `skills`) VALUES ('11732', 'SQL');
INSERT INTO `Mission` (`id`, `companyName`, `shortName`, `role`, `skillSet_id`) VALUES ('11732', '9fce9947-bc74-49ea-9cfa-f98fe7660e4a', 'd37b295b-0db0-4a39-a35f-eadeae9dccd7', 'LeadSoftwareArchitect', '11732');
INSERT INTO `SkillSet` (`id`) VALUES ('11733');
INSERT INTO `SkillSet_skills` (`SkillSet_id`, `skills`) VALUES ('11733', 'Architektur');
INSERT INTO `SkillSet_skills` (`SkillSet_id`, `skills`) VALUES ('11733', 'UITesting');
INSERT INTO `SkillSet_skills` (`SkillSet_id`, `skills`) VALUES ('11733', 'Java');
INSERT INTO `SkillSet_skills` (`SkillSet_id`, `skills`) VALUES ('11733', 'UnitTesting');
INSERT INTO `Mission` (`id`, `companyName`, `shortName`, `role`, `skillSet_id`) VALUES ('11733', '8f25352c-d460-46fd-b8a3-810fe071c545', '03cb0a04-08f2-4b1e-b3c9-09011e8de2f6', 'JuniorSoftwareEngineer', '11733');
INSERT INTO `SkillSet` (`id`) VALUES ('11734');
INSERT INTO `SkillSet_skills` (`SkillSet_id`, `skills`) VALUES ('11734', 'Ant');
INSERT INTO `Mission` (`id`, `companyName`, `shortName`, `role`, `skillSet_id`) VALUES ('11734', '826a07b3-290c-4053-b23c-d6dfc2369ed2', 'd15f4e8b-b051-44ac-b8f7-1dd4f39b5516', 'SeniorSoftwareEngineer', '11734');
INSERT INTO `SkillSet` (`id`) VALUES ('11735');
INSERT INTO `SkillSet_skills` (`SkillSet_id`, `skills`) VALUES ('11735', 'Gradle');
INSERT INTO `SkillSet_skills` (`SkillSet_id`, `skills`) VALUES ('11735', 'Java');
INSERT INTO `SkillSet_skills` (`SkillSet_id`, `skills`) VALUES ('11735', 'Gradle');
INSERT INTO `SkillSet_skills` (`SkillSet_id`, `skills`) VALUES ('11735', 'Java');
INSERT INTO `SkillSet_skills` (`SkillSet_id`, `skills`) VALUES ('11735', 'SQL');
INSERT INTO `Mission` (`id`, `companyName`, `shortName`, `role`, `skillSet_id`) VALUES ('11735', '465bddb4-b011-4ca6-a22e-2d3cf83bab2f', 'e7aafc46-8f20-4994-9f90-36bc9a10c8a0', 'JuniorSoftwareEngineer', '11735');
INSERT INTO `SkillSet` (`id`) VALUES ('11736');
INSERT INTO `SkillSet_skills` (`SkillSet_id`, `skills`) VALUES ('11736', 'dotNet');
INSERT INTO `Mission` (`id`, `companyName`, `shortName`, `role`, `skillSet_id`) VALUES ('11736', '24721875-ea65-4a9c-bee1-7e936541c21f', '687524a7-a68b-432f-8ef5-73280671a2a0', 'LeadSoftwareArchitect', '11736');
INSERT INTO `SkillSet` (`id`) VALUES ('11737');
INSERT INTO `SkillSet_skills` (`SkillSet_id`, `skills`) VALUES ('11737', 'Gradle');
INSERT INTO `SkillSet_skills` (`SkillSet_id`, `skills`) VALUES ('11737', 'UnitTesting');
INSERT INTO `SkillSet_skills` (`SkillSet_id`, `skills`) VALUES ('11737', 'Architektur');
INSERT INTO `SkillSet_skills` (`SkillSet_id`, `skills`) VALUES ('11737', 'UnitTesting');
INSERT INTO `SkillSet_skills` (`SkillSet_id`, `skills`) VALUES ('11737', 'SQL');
INSERT INTO `Mission` (`id`, `companyName`, `shortName`, `role`, `skillSet_id`) VALUES ('11737', '1bc863ec-7699-4b53-8819-4b095c6feea7', '151c3a67-ef92-4f35-a947-d2f6c175dcb4', 'LeadEngineer', '11737');
INSERT INTO `SkillSet` (`id`) VALUES ('11738');
INSERT INTO `SkillSet_skills` (`SkillSet_id`, `skills`) VALUES ('11738', 'UnitTesting');
INSERT INTO `SkillSet_skills` (`SkillSet_id`, `skills`) VALUES ('11738', 'dotNet');
INSERT INTO `SkillSet_skills` (`SkillSet_id`, `skills`) VALUES ('11738', 'Ant');
INSERT INTO `SkillSet_skills` (`SkillSet_id`, `skills`) VALUES ('11738', 'Gradle');
INSERT INTO `Mission` (`id`, `companyName`, `shortName`, `role`, `skillSet_id`) VALUES ('11738', '2672341a-0b0a-47ec-97d2-2e1f7aa9ac70', '1e3af496-bb86-4aff-8c39-14941bebe04a', 'LeadEngineer', '11738');
INSERT INTO `SkillSet` (`id`) VALUES ('11739');
INSERT INTO `SkillSet_skills` (`SkillSet_id`, `skills`) VALUES ('11739', 'Architektur');
INSERT INTO `SkillSet_skills` (`SkillSet_id`, `skills`) VALUES ('11739', 'dotNet');
INSERT INTO `Mission` (`id`, `companyName`, `shortName`, `role`, `skillSet_id`) VALUES ('11739', '51a2a619-89f3-48fb-924e-6d976e1c4a13', '4c3c3c11-ea61-4b3f-bf46-a007e7bf00b0', 'JuniorSoftwareEngineer', '11739');
INSERT INTO `SkillSet` (`id`) VALUES ('11740');
INSERT INTO `SkillSet_skills` (`SkillSet_id`, `skills`) VALUES ('11740', 'Maven');
INSERT INTO `SkillSet_skills` (`SkillSet_id`, `skills`) VALUES ('11740', 'Architektur');
INSERT INTO `SkillSet_skills` (`SkillSet_id`, `skills`) VALUES ('11740', 'Java');
INSERT INTO `SkillSet_skills` (`SkillSet_id`, `skills`) VALUES ('11740', 'Ant');
INSERT INTO `SkillSet_skills` (`SkillSet_id`, `skills`) VALUES ('11740', 'Gradle');
INSERT INTO `Mission` (`id`, `companyName`, `shortName`, `role`, `skillSet_id`) VALUES ('11740', 'ee294543-0e26-419c-8dca-a6e0be745daf', '7dfcb842-f28b-4905-8ec2-7a4be4b765d2', 'LeadEngineer', '11740');
INSERT INTO `SkillSet` (`id`) VALUES ('11741');
INSERT INTO `SkillSet_skills` (`SkillSet_id`, `skills`) VALUES ('11741', 'Maven');
INSERT INTO `Mission` (`id`, `companyName`, `shortName`, `role`, `skillSet_id`) VALUES ('11741', '455e5574-1ddd-4480-b073-827d60ebe9d9', '6dc699af-5266-48e9-a0f6-730891621488', 'SeniorSoftwareEngineer', '11741');
INSERT INTO `SkillSet` (`id`) VALUES ('11742');
INSERT INTO `SkillSet_skills` (`SkillSet_id`, `skills`) VALUES ('11742', 'Ant');
INSERT INTO `SkillSet_skills` (`SkillSet_id`, `skills`) VALUES ('11742', 'SQL');
INSERT INTO `Mission` (`id`, `companyName`, `shortName`, `role`, `skillSet_id`) VALUES ('11742', 'c06c92e4-711f-4ec6-afb8-5fe2dd982e46', '21d5c0a4-1f11-446e-b044-8e14a5fde5f4', 'LeadEngineer', '11742');
INSERT INTO `SkillSet` (`id`) VALUES ('11743');
INSERT INTO `SkillSet_skills` (`SkillSet_id`, `skills`) VALUES ('11743', 'Gradle');
INSERT INTO `SkillSet_skills` (`SkillSet_id`, `skills`) VALUES ('11743', 'Java');
INSERT INTO `SkillSet_skills` (`SkillSet_id`, `skills`) VALUES ('11743', 'Gradle');
INSERT INTO `Mission` (`id`, `companyName`, `shortName`, `role`, `skillSet_id`) VALUES ('11743', '95509316-23ee-4bcd-9a0c-378071bfb9d1', '64b429d2-725f-488c-89cb-214453fde330', 'SoftwareEngineer', '11743');
INSERT INTO `SkillSet` (`id`) VALUES ('11744');
INSERT INTO `SkillSet_skills` (`SkillSet_id`, `skills`) VALUES ('11744', 'SQL');
INSERT INTO `SkillSet_skills` (`SkillSet_id`, `skills`) VALUES ('11744', 'UITesting');
INSERT INTO `SkillSet_skills` (`SkillSet_id`, `skills`) VALUES ('11744', 'dotNet');
INSERT INTO `SkillSet_skills` (`SkillSet_id`, `skills`) VALUES ('11744', 'Ant');
INSERT INTO `Mission` (`id`, `companyName`, `shortName`, `role`, `skillSet_id`) VALUES ('11744', '407ac474-5e1f-44ff-914a-df2f6e832184', '2d55e5a8-30b5-4023-90fa-1777e71eb125', 'LeadEngineer', '11744');
INSERT INTO `SkillSet` (`id`) VALUES ('11745');
INSERT INTO `SkillSet_skills` (`SkillSet_id`, `skills`) VALUES ('11745', 'Architektur');
INSERT INTO `SkillSet_skills` (`SkillSet_id`, `skills`) VALUES ('11745', 'Maven');
INSERT INTO `SkillSet_skills` (`SkillSet_id`, `skills`) VALUES ('11745', 'Ant');
INSERT INTO `SkillSet_skills` (`SkillSet_id`, `skills`) VALUES ('11745', 'Ant');
INSERT INTO `Mission` (`id`, `companyName`, `shortName`, `role`, `skillSet_id`) VALUES ('11745', '2292e351-8c8e-46d0-a7aa-af645495533d', '75fe2258-fccd-40af-a6f5-1f542e96d6bd', 'JuniorSoftwareEngineer', '11745');
INSERT INTO `SkillSet` (`id`) VALUES ('11746');
INSERT INTO `SkillSet_skills` (`SkillSet_id`, `skills`) VALUES ('11746', 'Java');
INSERT INTO `SkillSet_skills` (`SkillSet_id`, `skills`) VALUES ('11746', 'Ant');
INSERT INTO `Mission` (`id`, `companyName`, `shortName`, `role`, `skillSet_id`) VALUES ('11746', 'f0fb9162-5c5e-474d-9294-42f6a01f3de1', 'c4453858-3831-46f0-93a0-f61051979d77', 'PrincipalConsultant', '11746');
INSERT INTO `SkillSet` (`id`) VALUES ('11747');
INSERT INTO `SkillSet_skills` (`SkillSet_id`, `skills`) VALUES ('11747', 'UITesting');
INSERT INTO `SkillSet_skills` (`SkillSet_id`, `skills`) VALUES ('11747', 'UnitTesting');
INSERT INTO `Mission` (`id`, `companyName`, `shortName`, `role`, `skillSet_id`) VALUES ('11747', '08e3b167-1a91-4ec7-bc4b-3ffdd12439f9', 'da50f42d-89b6-4e12-bdea-8ed5578fe740', 'JuniorSoftwareEngineer', '11747');
INSERT INTO `SkillSet` (`id`) VALUES ('11748');
INSERT INTO `SkillSet_skills` (`SkillSet_id`, `skills`) VALUES ('11748', 'UITesting');
INSERT INTO `Mission` (`id`, `companyName`, `shortName`, `role`, `skillSet_id`) VALUES ('11748', '095ffd7f-aac8-4853-9643-6f5fd316dcf0', '932db1db-e9ec-4674-b093-71e5e720f739', 'SoftwareEngineer', '11748');
INSERT INTO `SkillSet` (`id`) VALUES ('11749');
INSERT INTO `SkillSet_skills` (`SkillSet_id`, `skills`) VALUES ('11749', 'Maven');
INSERT INTO `SkillSet_skills` (`SkillSet_id`, `skills`) VALUES ('11749', 'SQL');
INSERT INTO `Mission` (`id`, `companyName`, `shortName`, `role`, `skillSet_id`) VALUES ('11749', '7645a1ee-7e6b-4d1a-b448-c560aaafe4d6', '72d5dc8a-65ac-4caf-9fdd-5a6a98c4bedb', 'SeniorSoftwareEngineer', '11749');
INSERT INTO `SkillSet` (`id`) VALUES ('11750');
INSERT INTO `SkillSet_skills` (`SkillSet_id`, `skills`) VALUES ('11750', 'Ant');
INSERT INTO `SkillSet_skills` (`SkillSet_id`, `skills`) VALUES ('11750', 'Maven');
INSERT INTO `SkillSet_skills` (`SkillSet_id`, `skills`) VALUES ('11750', 'Gradle');
INSERT INTO `Mission` (`id`, `companyName`, `shortName`, `role`, `skillSet_id`) VALUES ('11750', '37039543-cae3-4db9-ba92-d3f0b4c0eaeb', '200e533e-8b25-4d91-94ae-a5998fc6a503', 'JuniorSoftwareEngineer', '11750');
INSERT INTO `SkillSet` (`id`) VALUES ('11751');
INSERT INTO `SkillSet_skills` (`SkillSet_id`, `skills`) VALUES ('11751', 'Java');
INSERT INTO `SkillSet_skills` (`SkillSet_id`, `skills`) VALUES ('11751', 'Java');
INSERT INTO `SkillSet_skills` (`SkillSet_id`, `skills`) VALUES ('11751', 'Maven');
INSERT INTO `SkillSet_skills` (`SkillSet_id`, `skills`) VALUES ('11751', 'UITesting');
INSERT INTO `Mission` (`id`, `companyName`, `shortName`, `role`, `skillSet_id`) VALUES ('11751', 'f8420d4a-3015-4cc1-ad21-37c92e535843', '9ccd1dac-1907-4f1a-8e58-36d79383cffb', 'LeadSoftwareArchitect', '11751');
INSERT INTO `SkillSet` (`id`) VALUES ('11752');
INSERT INTO `SkillSet_skills` (`SkillSet_id`, `skills`) VALUES ('11752', 'Architektur');
INSERT INTO `Mission` (`id`, `companyName`, `shortName`, `role`, `skillSet_id`) VALUES ('11752', 'e3f4c8f0-750d-4722-ae9a-ed679d277343', '92e8202c-5090-4e69-a9bc-03fda0fe35dc', 'LeadEngineer', '11752');
INSERT INTO `SkillSet` (`id`) VALUES ('11753');
INSERT INTO `SkillSet_skills` (`SkillSet_id`, `skills`) VALUES ('11753', 'Gradle');
INSERT INTO `SkillSet_skills` (`SkillSet_id`, `skills`) VALUES ('11753', 'Maven');
INSERT INTO `Mission` (`id`, `companyName`, `shortName`, `role`, `skillSet_id`) VALUES ('11753', 'ebdd60e8-2742-4d38-bc36-4bdd26a1b6a9', 'bb6e29a7-2ed5-4c14-a61b-4f36d1336585', 'SeniorSoftwareEngineer', '11753');
INSERT INTO `SkillSet` (`id`) VALUES ('11754');
INSERT INTO `SkillSet_skills` (`SkillSet_id`, `skills`) VALUES ('11754', 'Gradle');
INSERT INTO `SkillSet_skills` (`SkillSet_id`, `skills`) VALUES ('11754', 'Ant');
INSERT INTO `SkillSet_skills` (`SkillSet_id`, `skills`) VALUES ('11754', 'Java');
INSERT INTO `SkillSet_skills` (`SkillSet_id`, `skills`) VALUES ('11754', 'Architektur');
INSERT INTO `Mission` (`id`, `companyName`, `shortName`, `role`, `skillSet_id`) VALUES ('11754', 'e9215061-b403-48b2-a0d6-926b4f6e9d91', 'bbfaad73-921d-4912-bc22-4db82a4b4ec6', 'SeniorSoftwareEngineer', '11754');
INSERT INTO `SkillSet` (`id`) VALUES ('11755');
INSERT INTO `SkillSet_skills` (`SkillSet_id`, `skills`) VALUES ('11755', 'dotNet');
INSERT INTO `SkillSet_skills` (`SkillSet_id`, `skills`) VALUES ('11755', 'Java');
INSERT INTO `SkillSet_skills` (`SkillSet_id`, `skills`) VALUES ('11755', 'dotNet');
INSERT INTO `SkillSet_skills` (`SkillSet_id`, `skills`) VALUES ('11755', 'Ant');
INSERT INTO `Mission` (`id`, `companyName`, `shortName`, `role`, `skillSet_id`) VALUES ('11755', '1ed9a572-662d-4379-a3b7-5cc868718f0e', '7fa78565-c081-4137-8d08-127f423814a7', 'PrincipalConsultant', '11755');
INSERT INTO `SkillSet` (`id`) VALUES ('11756');
INSERT INTO `SkillSet_skills` (`SkillSet_id`, `skills`) VALUES ('11756', 'dotNet');
INSERT INTO `SkillSet_skills` (`SkillSet_id`, `skills`) VALUES ('11756', 'Maven');
INSERT INTO `SkillSet_skills` (`SkillSet_id`, `skills`) VALUES ('11756', 'dotNet');
INSERT INTO `SkillSet_skills` (`SkillSet_id`, `skills`) VALUES ('11756', 'UITesting');
INSERT INTO `SkillSet_skills` (`SkillSet_id`, `skills`) VALUES ('11756', 'UITesting');
INSERT INTO `Mission` (`id`, `companyName`, `shortName`, `role`, `skillSet_id`) VALUES ('11756', 'fe106463-75a2-48b4-acc8-e419f69886b2', 'fb213b68-a4ac-4390-97cc-e4132e4db7ac', 'JuniorSoftwareEngineer', '11756');
INSERT INTO `SkillSet` (`id`) VALUES ('11757');
INSERT INTO `SkillSet_skills` (`SkillSet_id`, `skills`) VALUES ('11757', 'UnitTesting');
INSERT INTO `SkillSet_skills` (`SkillSet_id`, `skills`) VALUES ('11757', 'Maven');
INSERT INTO `SkillSet_skills` (`SkillSet_id`, `skills`) VALUES ('11757', 'Maven');
INSERT INTO `SkillSet_skills` (`SkillSet_id`, `skills`) VALUES ('11757', 'UITesting');
INSERT INTO `Mission` (`id`, `companyName`, `shortName`, `role`, `skillSet_id`) VALUES ('11757', '8ac32072-59dc-460f-b368-8e997016a15b', '8a7364a7-c7cc-4dea-8bfe-622fc1cfb4bc', 'JuniorSoftwareEngineer', '11757');
INSERT INTO `SkillSet` (`id`) VALUES ('11758');
INSERT INTO `SkillSet_skills` (`SkillSet_id`, `skills`) VALUES ('11758', 'dotNet');
INSERT INTO `Mission` (`id`, `companyName`, `shortName`, `role`, `skillSet_id`) VALUES ('11758', 'c706b583-070b-42b3-8ec1-1c88159ae4d5', '71d7c0dc-9d3b-4b62-b98d-2a5268478b1a', 'PrincipalConsultant', '11758');
INSERT INTO `SkillSet` (`id`) VALUES ('11759');
INSERT INTO `SkillSet_skills` (`SkillSet_id`, `skills`) VALUES ('11759', 'Gradle');
INSERT INTO `SkillSet_skills` (`SkillSet_id`, `skills`) VALUES ('11759', 'Gradle');
INSERT INTO `Mission` (`id`, `companyName`, `shortName`, `role`, `skillSet_id`) VALUES ('11759', '0038cd1c-032a-481e-82ac-8067c47307da', 'c051e61b-1b21-4a92-b47f-281d46aea4d8', 'LeadEngineer', '11759');
INSERT INTO `SkillSet` (`id`) VALUES ('11760');
INSERT INTO `SkillSet_skills` (`SkillSet_id`, `skills`) VALUES ('11760', 'Maven');
INSERT INTO `SkillSet_skills` (`SkillSet_id`, `skills`) VALUES ('11760', 'Architektur');
INSERT INTO `Mission` (`id`, `companyName`, `shortName`, `role`, `skillSet_id`) VALUES ('11760', '57f98d60-e754-4ebb-ac72-7aa47b81e44d', '34c2fe18-e03f-4736-8f11-4ede06bbaef9', 'SoftwareEngineer', '11760');
INSERT INTO `SkillSet` (`id`) VALUES ('11761');
INSERT INTO `SkillSet_skills` (`SkillSet_id`, `skills`) VALUES ('11761', 'UITesting');
INSERT INTO `Mission` (`id`, `companyName`, `shortName`, `role`, `skillSet_id`) VALUES ('11761', 'ace2d113-d8d5-4b31-b2c3-fa97655a73e3', '8f31cafe-1501-4f7d-b0ae-add3b7503437', 'LeadEngineer', '11761');
INSERT INTO `SkillSet` (`id`) VALUES ('11762');
INSERT INTO `SkillSet_skills` (`SkillSet_id`, `skills`) VALUES ('11762', 'Java');
INSERT INTO `SkillSet_skills` (`SkillSet_id`, `skills`) VALUES ('11762', 'Gradle');
INSERT INTO `SkillSet_skills` (`SkillSet_id`, `skills`) VALUES ('11762', 'Architektur');
INSERT INTO `Mission` (`id`, `companyName`, `shortName`, `role`, `skillSet_id`) VALUES ('11762', 'de13a02c-b40b-49aa-b774-6433b7b2f8b8', '92dbe9d0-5040-43ba-8b17-54c3c1d4a20e', 'SoftwareEngineer', '11762');
INSERT INTO `SkillSet` (`id`) VALUES ('11763');
INSERT INTO `SkillSet_skills` (`SkillSet_id`, `skills`) VALUES ('11763', 'SQL');
INSERT INTO `SkillSet_skills` (`SkillSet_id`, `skills`) VALUES ('11763', 'UITesting');
INSERT INTO `SkillSet_skills` (`SkillSet_id`, `skills`) VALUES ('11763', 'Maven');
INSERT INTO `SkillSet_skills` (`SkillSet_id`, `skills`) VALUES ('11763', 'Maven');
INSERT INTO `SkillSet_skills` (`SkillSet_id`, `skills`) VALUES ('11763', 'UITesting');
INSERT INTO `Mission` (`id`, `companyName`, `shortName`, `role`, `skillSet_id`) VALUES ('11763', 'c2700384-b09d-4003-824e-c93e23b4cf74', 'bec886e3-bca9-4a76-9b67-c780fcb52fc4', 'SoftwareEngineer', '11763');
INSERT INTO `SkillSet` (`id`) VALUES ('11764');
INSERT INTO `SkillSet_skills` (`SkillSet_id`, `skills`) VALUES ('11764', 'UnitTesting');
INSERT INTO `SkillSet_skills` (`SkillSet_id`, `skills`) VALUES ('11764', 'UnitTesting');
INSERT INTO `SkillSet_skills` (`SkillSet_id`, `skills`) VALUES ('11764', 'Architektur');
INSERT INTO `SkillSet_skills` (`SkillSet_id`, `skills`) VALUES ('11764', 'Maven');
INSERT INTO `Mission` (`id`, `companyName`, `shortName`, `role`, `skillSet_id`) VALUES ('11764', 'c4c056bb-1d35-4c4f-ac48-a6b330de7c57', '0c0c8816-13d3-4bca-87eb-5aa3300c633e', 'SoftwareEngineer', '11764');
INSERT INTO `SkillSet` (`id`) VALUES ('11765');
INSERT INTO `SkillSet_skills` (`SkillSet_id`, `skills`) VALUES ('11765', 'Gradle');
INSERT INTO `SkillSet_skills` (`SkillSet_id`, `skills`) VALUES ('11765', 'UITesting');
INSERT INTO `SkillSet_skills` (`SkillSet_id`, `skills`) VALUES ('11765', 'Gradle');
INSERT INTO `SkillSet_skills` (`SkillSet_id`, `skills`) VALUES ('11765', 'SQL');
INSERT INTO `SkillSet_skills` (`SkillSet_id`, `skills`) VALUES ('11765', 'Java');
INSERT INTO `Mission` (`id`, `companyName`, `shortName`, `role`, `skillSet_id`) VALUES ('11765', '65c990e8-4f4f-4c4f-92fe-3b2a4a0fabca', '47e9a1b1-d0da-45e3-bdaf-2b125b179152', 'LeadSoftwareArchitect', '11765');
INSERT INTO `SkillSet` (`id`) VALUES ('11766');
INSERT INTO `SkillSet_skills` (`SkillSet_id`, `skills`) VALUES ('11766', 'SQL');
INSERT INTO `SkillSet_skills` (`SkillSet_id`, `skills`) VALUES ('11766', 'SQL');
INSERT INTO `SkillSet_skills` (`SkillSet_id`, `skills`) VALUES ('11766', 'UITesting');
INSERT INTO `SkillSet_skills` (`SkillSet_id`, `skills`) VALUES ('11766', 'UnitTesting');
INSERT INTO `Mission` (`id`, `companyName`, `shortName`, `role`, `skillSet_id`) VALUES ('11766', '1df0aa20-9be7-4cb7-bda0-197c65b29dbb', 'bf810d0c-c6b4-46d1-a7ca-a22b85b263bb', 'SeniorSoftwareEngineer', '11766');
INSERT INTO `SkillSet` (`id`) VALUES ('11767');
INSERT INTO `SkillSet_skills` (`SkillSet_id`, `skills`) VALUES ('11767', 'SQL');
INSERT INTO `SkillSet_skills` (`SkillSet_id`, `skills`) VALUES ('11767', 'UITesting');
INSERT INTO `SkillSet_skills` (`SkillSet_id`, `skills`) VALUES ('11767', 'Ant');
INSERT INTO `SkillSet_skills` (`SkillSet_id`, `skills`) VALUES ('11767', 'Architektur');
INSERT INTO `Mission` (`id`, `companyName`, `shortName`, `role`, `skillSet_id`) VALUES ('11767', 'cd389d71-c88b-4b04-be37-ed03e9a61bf3', 'ccbf8d8c-d2f8-4a63-848c-3fecd28e966f', 'LeadSoftwareArchitect', '11767');
INSERT INTO `SkillSet` (`id`) VALUES ('11768');
INSERT INTO `SkillSet_skills` (`SkillSet_id`, `skills`) VALUES ('11768', 'Java');
INSERT INTO `Mission` (`id`, `companyName`, `shortName`, `role`, `skillSet_id`) VALUES ('11768', 'b20d1b08-553d-427d-b8fc-5db59f9bbb0a', 'b6387600-694b-489e-b3d3-3f9393265ee1', 'LeadEngineer', '11768');
INSERT INTO `SkillSet` (`id`) VALUES ('11769');
INSERT INTO `SkillSet_skills` (`SkillSet_id`, `skills`) VALUES ('11769', 'Maven');
INSERT INTO `SkillSet_skills` (`SkillSet_id`, `skills`) VALUES ('11769', 'Java');
INSERT INTO `SkillSet_skills` (`SkillSet_id`, `skills`) VALUES ('11769', 'Ant');
INSERT INTO `SkillSet_skills` (`SkillSet_id`, `skills`) VALUES ('11769', 'Architektur');
INSERT INTO `SkillSet_skills` (`SkillSet_id`, `skills`) VALUES ('11769', 'Gradle');
INSERT INTO `Mission` (`id`, `companyName`, `shortName`, `role`, `skillSet_id`) VALUES ('11769', '47c1020d-e963-4550-aca6-06b1ea6e9e54', '1068f9df-bd2f-4bb0-be70-6a4f65335069', 'LeadSoftwareArchitect', '11769');
INSERT INTO `SkillSet` (`id`) VALUES ('11770');
INSERT INTO `SkillSet_skills` (`SkillSet_id`, `skills`) VALUES ('11770', 'Ant');
INSERT INTO `Mission` (`id`, `companyName`, `shortName`, `role`, `skillSet_id`) VALUES ('11770', '229ce3ed-2b30-4961-b496-8d86f6f0669e', '7a8564bb-3d8c-4adb-a01f-a6af912fb452', 'SoftwareEngineer', '11770');
INSERT INTO `SkillSet` (`id`) VALUES ('11771');
INSERT INTO `SkillSet_skills` (`SkillSet_id`, `skills`) VALUES ('11771', 'Architektur');
INSERT INTO `SkillSet_skills` (`SkillSet_id`, `skills`) VALUES ('11771', 'Architektur');
INSERT INTO `SkillSet_skills` (`SkillSet_id`, `skills`) VALUES ('11771', 'Java');
INSERT INTO `Mission` (`id`, `companyName`, `shortName`, `role`, `skillSet_id`) VALUES ('11771', 'f7c13b20-53ae-4991-a741-bdf421b81373', '180d01d2-9bb4-4be6-b33c-57462d8bb91b', 'LeadSoftwareArchitect', '11771');
INSERT INTO `SkillSet` (`id`) VALUES ('11772');
INSERT INTO `SkillSet_skills` (`SkillSet_id`, `skills`) VALUES ('11772', 'dotNet');
INSERT INTO `SkillSet_skills` (`SkillSet_id`, `skills`) VALUES ('11772', 'UITesting');
INSERT INTO `SkillSet_skills` (`SkillSet_id`, `skills`) VALUES ('11772', 'Architektur');
INSERT INTO `SkillSet_skills` (`SkillSet_id`, `skills`) VALUES ('11772', 'SQL');
INSERT INTO `SkillSet_skills` (`SkillSet_id`, `skills`) VALUES ('11772', 'SQL');
INSERT INTO `Mission` (`id`, `companyName`, `shortName`, `role`, `skillSet_id`) VALUES ('11772', '5554c37c-45f0-43a2-a242-9b5c9be102c3', 'a7623961-1672-4cec-9908-a2891b84ca96', 'SeniorSoftwareEngineer', '11772');
INSERT INTO `SkillSet` (`id`) VALUES ('11773');
INSERT INTO `SkillSet_skills` (`SkillSet_id`, `skills`) VALUES ('11773', 'Architektur');
INSERT INTO `Mission` (`id`, `companyName`, `shortName`, `role`, `skillSet_id`) VALUES ('11773', '8011d7c2-b407-472a-ae3f-1d909204a47b', '85dbf0ee-be54-425e-88ec-d451f8c68941', 'JuniorSoftwareEngineer', '11773');
INSERT INTO `SkillSet` (`id`) VALUES ('11774');
INSERT INTO `SkillSet_skills` (`SkillSet_id`, `skills`) VALUES ('11774', 'SQL');
INSERT INTO `SkillSet_skills` (`SkillSet_id`, `skills`) VALUES ('11774', 'Java');
INSERT INTO `Mission` (`id`, `companyName`, `shortName`, `role`, `skillSet_id`) VALUES ('11774', 'c17bbe1e-c66f-4efa-9f73-de685a67f262', '6d5aefd6-a660-4c89-8413-99e93c88ae5a', 'SoftwareEngineer', '11774');
INSERT INTO `SkillSet` (`id`) VALUES ('11775');
INSERT INTO `SkillSet_skills` (`SkillSet_id`, `skills`) VALUES ('11775', 'UITesting');
INSERT INTO `SkillSet_skills` (`SkillSet_id`, `skills`) VALUES ('11775', 'dotNet');
INSERT INTO `Mission` (`id`, `companyName`, `shortName`, `role`, `skillSet_id`) VALUES ('11775', '6b94257e-607f-47c1-be43-42fc20f7b94f', '282e189f-f3cc-49da-8781-64a71c631f90', 'SoftwareEngineer', '11775');
INSERT INTO `SkillSet` (`id`) VALUES ('11776');
INSERT INTO `SkillSet_skills` (`SkillSet_id`, `skills`) VALUES ('11776', 'Maven');
INSERT INTO `SkillSet_skills` (`SkillSet_id`, `skills`) VALUES ('11776', 'Maven');
INSERT INTO `SkillSet_skills` (`SkillSet_id`, `skills`) VALUES ('11776', 'Gradle');
INSERT INTO `Mission` (`id`, `companyName`, `shortName`, `role`, `skillSet_id`) VALUES ('11776', 'b26a1619-032e-42b7-b57d-8d9a43d05aff', 'e950d24a-deaa-4d9d-8abb-ccc89094199f', 'SoftwareEngineer', '11776');
INSERT INTO `SkillSet` (`id`) VALUES ('11777');
INSERT INTO `SkillSet_skills` (`SkillSet_id`, `skills`) VALUES ('11777', 'Java');
INSERT INTO `SkillSet_skills` (`SkillSet_id`, `skills`) VALUES ('11777', 'UITesting');
INSERT INTO `Mission` (`id`, `companyName`, `shortName`, `role`, `skillSet_id`) VALUES ('11777', '4573ef6f-e966-45a4-bfc2-6cb62831f563', '0e612706-8819-4e96-aefd-46330cc8e7d1', 'SeniorSoftwareEngineer', '11777');
INSERT INTO `SkillSet` (`id`) VALUES ('11778');
INSERT INTO `SkillSet_skills` (`SkillSet_id`, `skills`) VALUES ('11778', 'UITesting');
INSERT INTO `SkillSet_skills` (`SkillSet_id`, `skills`) VALUES ('11778', 'Java');
INSERT INTO `Mission` (`id`, `companyName`, `shortName`, `role`, `skillSet_id`) VALUES ('11778', '487778ff-157c-4313-91af-082be4f6c2aa', 'd12156b8-3e84-4b0b-865f-2b0b2a6b7b3e', 'LeadEngineer', '11778');
INSERT INTO `SkillSet` (`id`) VALUES ('11779');
INSERT INTO `SkillSet_skills` (`SkillSet_id`, `skills`) VALUES ('11779', 'SQL');
INSERT INTO `Mission` (`id`, `companyName`, `shortName`, `role`, `skillSet_id`) VALUES ('11779', '92c01acc-0a34-4f37-947e-325a38207ce3', 'de2184b4-137b-42f1-9d84-52fbb7638fc4', 'PrincipalConsultant', '11779');
INSERT INTO `SkillSet` (`id`) VALUES ('11780');
INSERT INTO `SkillSet_skills` (`SkillSet_id`, `skills`) VALUES ('11780', 'Gradle');
INSERT INTO `SkillSet_skills` (`SkillSet_id`, `skills`) VALUES ('11780', 'dotNet');
INSERT INTO `SkillSet_skills` (`SkillSet_id`, `skills`) VALUES ('11780', 'Gradle');
INSERT INTO `SkillSet_skills` (`SkillSet_id`, `skills`) VALUES ('11780', 'UnitTesting');
INSERT INTO `SkillSet_skills` (`SkillSet_id`, `skills`) VALUES ('11780', 'Maven');
INSERT INTO `Mission` (`id`, `companyName`, `shortName`, `role`, `skillSet_id`) VALUES ('11780', '8137e608-bf74-41a6-bc03-19b673c035cf', '1e596421-04ba-4d36-82dd-94abeedd26a3', 'LeadEngineer', '11780');
INSERT INTO `SkillSet` (`id`) VALUES ('11781');
INSERT INTO `SkillSet_skills` (`SkillSet_id`, `skills`) VALUES ('11781', 'Ant');
INSERT INTO `SkillSet_skills` (`SkillSet_id`, `skills`) VALUES ('11781', 'Java');
INSERT INTO `Mission` (`id`, `companyName`, `shortName`, `role`, `skillSet_id`) VALUES ('11781', '22a4e8fd-4944-4d26-89ca-0471c4bcb4a4', '36be0066-0c8e-4fa0-a9df-4e1db8774b31', 'PrincipalConsultant', '11781');
INSERT INTO `SkillSet` (`id`) VALUES ('11782');
INSERT INTO `SkillSet_skills` (`SkillSet_id`, `skills`) VALUES ('11782', 'UITesting');
INSERT INTO `SkillSet_skills` (`SkillSet_id`, `skills`) VALUES ('11782', 'Architektur');
INSERT INTO `SkillSet_skills` (`SkillSet_id`, `skills`) VALUES ('11782', 'Maven');
INSERT INTO `SkillSet_skills` (`SkillSet_id`, `skills`) VALUES ('11782', 'Gradle');
INSERT INTO `SkillSet_skills` (`SkillSet_id`, `skills`) VALUES ('11782', 'Gradle');
INSERT INTO `Mission` (`id`, `companyName`, `shortName`, `role`, `skillSet_id`) VALUES ('11782', '59a075ac-03fa-4474-aec4-0a6fe0b97280', '1d98a3d0-8a7a-40f6-946f-721ef11cdc51', 'LeadSoftwareArchitect', '11782');
INSERT INTO `SkillSet` (`id`) VALUES ('11783');
INSERT INTO `SkillSet_skills` (`SkillSet_id`, `skills`) VALUES ('11783', 'Architektur');
INSERT INTO `Mission` (`id`, `companyName`, `shortName`, `role`, `skillSet_id`) VALUES ('11783', 'e6665e59-3f52-4e1a-9315-319c61128bb2', '499e5419-6069-49d0-995c-92e96339c018', 'LeadEngineer', '11783');
INSERT INTO `SkillSet` (`id`) VALUES ('11784');
INSERT INTO `SkillSet_skills` (`SkillSet_id`, `skills`) VALUES ('11784', 'UITesting');
INSERT INTO `SkillSet_skills` (`SkillSet_id`, `skills`) VALUES ('11784', 'SQL');
INSERT INTO `SkillSet_skills` (`SkillSet_id`, `skills`) VALUES ('11784', 'SQL');
INSERT INTO `Mission` (`id`, `companyName`, `shortName`, `role`, `skillSet_id`) VALUES ('11784', '3208ef66-479a-4ec5-904b-19b89467be46', '65a3bd7f-a293-4464-a138-cf8cc4414adb', 'SeniorSoftwareEngineer', '11784');
INSERT INTO `SkillSet` (`id`) VALUES ('11785');
INSERT INTO `SkillSet_skills` (`SkillSet_id`, `skills`) VALUES ('11785', 'UnitTesting');
INSERT INTO `SkillSet_skills` (`SkillSet_id`, `skills`) VALUES ('11785', 'UITesting');
INSERT INTO `SkillSet_skills` (`SkillSet_id`, `skills`) VALUES ('11785', 'Maven');
INSERT INTO `Mission` (`id`, `companyName`, `shortName`, `role`, `skillSet_id`) VALUES ('11785', '5d527f0b-2dcd-48e3-9fc2-c0b73f347fc1', 'e9112907-66e8-4504-8aa4-9dddd2352087', 'PrincipalConsultant', '11785');
INSERT INTO `SkillSet` (`id`) VALUES ('11786');
INSERT INTO `SkillSet_skills` (`SkillSet_id`, `skills`) VALUES ('11786', 'UnitTesting');
INSERT INTO `SkillSet_skills` (`SkillSet_id`, `skills`) VALUES ('11786', 'Ant');
INSERT INTO `SkillSet_skills` (`SkillSet_id`, `skills`) VALUES ('11786', 'Ant');
INSERT INTO `Mission` (`id`, `companyName`, `shortName`, `role`, `skillSet_id`) VALUES ('11786', '9d1fff97-4001-4412-ae95-9bbb7621f929', 'e0e6a169-f4af-4fb0-b438-829a0eecfc61', 'LeadEngineer', '11786');
INSERT INTO `SkillSet` (`id`) VALUES ('11787');
INSERT INTO `SkillSet_skills` (`SkillSet_id`, `skills`) VALUES ('11787', 'dotNet');
INSERT INTO `SkillSet_skills` (`SkillSet_id`, `skills`) VALUES ('11787', 'UITesting');
INSERT INTO `SkillSet_skills` (`SkillSet_id`, `skills`) VALUES ('11787', 'Java');
INSERT INTO `SkillSet_skills` (`SkillSet_id`, `skills`) VALUES ('11787', 'UnitTesting');
INSERT INTO `Mission` (`id`, `companyName`, `shortName`, `role`, `skillSet_id`) VALUES ('11787', '84314f37-838a-4295-a4c0-6683f1fee813', '68fc510d-098a-4a1c-a678-1a53957512e5', 'LeadSoftwareArchitect', '11787');
INSERT INTO `SkillSet` (`id`) VALUES ('11788');
INSERT INTO `SkillSet_skills` (`SkillSet_id`, `skills`) VALUES ('11788', 'UITesting');
INSERT INTO `SkillSet_skills` (`SkillSet_id`, `skills`) VALUES ('11788', 'dotNet');
INSERT INTO `SkillSet_skills` (`SkillSet_id`, `skills`) VALUES ('11788', 'dotNet');
INSERT INTO `Mission` (`id`, `companyName`, `shortName`, `role`, `skillSet_id`) VALUES ('11788', '9b22fded-71db-4c93-b1f9-9500517bf6a4', '2eec3d33-af25-405d-a8be-360c078f4003', 'LeadSoftwareArchitect', '11788');
INSERT INTO `SkillSet` (`id`) VALUES ('11789');
INSERT INTO `SkillSet_skills` (`SkillSet_id`, `skills`) VALUES ('11789', 'Java');
INSERT INTO `Mission` (`id`, `companyName`, `shortName`, `role`, `skillSet_id`) VALUES ('11789', 'a319bce5-7f84-41f2-a8de-e298df75f85c', 'df3ad1c2-6063-44d3-86cb-830457503db1', 'LeadSoftwareArchitect', '11789');
INSERT INTO `SkillSet` (`id`) VALUES ('11790');
INSERT INTO `SkillSet_skills` (`SkillSet_id`, `skills`) VALUES ('11790', 'SQL');
INSERT INTO `Mission` (`id`, `companyName`, `shortName`, `role`, `skillSet_id`) VALUES ('11790', 'ae32108c-5834-4e2c-bb1b-98251e39ac8d', '8b49f32f-fc16-48d1-8afe-82dc73f45f46', 'LeadEngineer', '11790');
INSERT INTO `SkillSet` (`id`) VALUES ('11791');
INSERT INTO `SkillSet_skills` (`SkillSet_id`, `skills`) VALUES ('11791', 'Ant');
INSERT INTO `SkillSet_skills` (`SkillSet_id`, `skills`) VALUES ('11791', 'Maven');
INSERT INTO `SkillSet_skills` (`SkillSet_id`, `skills`) VALUES ('11791', 'Ant');
INSERT INTO `SkillSet_skills` (`SkillSet_id`, `skills`) VALUES ('11791', 'SQL');
INSERT INTO `Mission` (`id`, `companyName`, `shortName`, `role`, `skillSet_id`) VALUES ('11791', '697b225b-9e97-48f0-9a17-cf0de76c660f', '75285338-ef52-4791-a968-c4b042e442ff', 'LeadEngineer', '11791');
INSERT INTO `SkillSet` (`id`) VALUES ('11792');
INSERT INTO `SkillSet_skills` (`SkillSet_id`, `skills`) VALUES ('11792', 'UITesting');
INSERT INTO `SkillSet_skills` (`SkillSet_id`, `skills`) VALUES ('11792', 'dotNet');
INSERT INTO `SkillSet_skills` (`SkillSet_id`, `skills`) VALUES ('11792', 'UITesting');
INSERT INTO `SkillSet_skills` (`SkillSet_id`, `skills`) VALUES ('11792', 'Gradle');
INSERT INTO `SkillSet_skills` (`SkillSet_id`, `skills`) VALUES ('11792', 'dotNet');
INSERT INTO `Mission` (`id`, `companyName`, `shortName`, `role`, `skillSet_id`) VALUES ('11792', '1a80d047-0fcf-4c45-9ec2-18224caa512b', '0c4c13e0-d0bf-4e31-a84a-80f8d1a1dae2', 'JuniorSoftwareEngineer', '11792');
INSERT INTO `SkillSet` (`id`) VALUES ('11793');
INSERT INTO `SkillSet_skills` (`SkillSet_id`, `skills`) VALUES ('11793', 'UITesting');
INSERT INTO `Mission` (`id`, `companyName`, `shortName`, `role`, `skillSet_id`) VALUES ('11793', 'ab2684e1-d385-4605-bdfa-895e20040102', '9b5c6513-7e9c-4de1-adac-68350f6cee72', 'SoftwareEngineer', '11793');
INSERT INTO `SkillSet` (`id`) VALUES ('11794');
INSERT INTO `SkillSet_skills` (`SkillSet_id`, `skills`) VALUES ('11794', 'SQL');
INSERT INTO `SkillSet_skills` (`SkillSet_id`, `skills`) VALUES ('11794', 'Gradle');
INSERT INTO `SkillSet_skills` (`SkillSet_id`, `skills`) VALUES ('11794', 'dotNet');
INSERT INTO `SkillSet_skills` (`SkillSet_id`, `skills`) VALUES ('11794', 'Java');
INSERT INTO `Mission` (`id`, `companyName`, `shortName`, `role`, `skillSet_id`) VALUES ('11794', 'b47695aa-4887-4ae1-9443-ee3cb2145f17', '57dc569b-db73-40b0-8907-4a787a615db6', 'SoftwareEngineer', '11794');
INSERT INTO `SkillSet` (`id`) VALUES ('11795');
INSERT INTO `SkillSet_skills` (`SkillSet_id`, `skills`) VALUES ('11795', 'SQL');
INSERT INTO `Mission` (`id`, `companyName`, `shortName`, `role`, `skillSet_id`) VALUES ('11795', 'dec7a35b-7f5c-46e2-8c01-3da0c98e7d28', '34e66c0e-3c1b-41c6-b52a-4fc877f2b42a', 'LeadEngineer', '11795');
INSERT INTO `SkillSet` (`id`) VALUES ('11796');
INSERT INTO `SkillSet_skills` (`SkillSet_id`, `skills`) VALUES ('11796', 'Architektur');
INSERT INTO `SkillSet_skills` (`SkillSet_id`, `skills`) VALUES ('11796', 'Ant');
INSERT INTO `SkillSet_skills` (`SkillSet_id`, `skills`) VALUES ('11796', 'UnitTesting');
INSERT INTO `Mission` (`id`, `companyName`, `shortName`, `role`, `skillSet_id`) VALUES ('11796', '868a9b50-bcb2-4dfa-b372-5ca6ee7fd4fc', 'a7b4e1b4-cd64-4a5c-81e2-a079ae0fde48', 'SoftwareEngineer', '11796');
INSERT INTO `SkillSet` (`id`) VALUES ('11797');
INSERT INTO `SkillSet_skills` (`SkillSet_id`, `skills`) VALUES ('11797', 'Gradle');
INSERT INTO `SkillSet_skills` (`SkillSet_id`, `skills`) VALUES ('11797', 'Java');
INSERT INTO `SkillSet_skills` (`SkillSet_id`, `skills`) VALUES ('11797', 'UnitTesting');
INSERT INTO `SkillSet_skills` (`SkillSet_id`, `skills`) VALUES ('11797', 'Java');
INSERT INTO `SkillSet_skills` (`SkillSet_id`, `skills`) VALUES ('11797', 'Maven');
INSERT INTO `Mission` (`id`, `companyName`, `shortName`, `role`, `skillSet_id`) VALUES ('11797', 'fef020ac-3566-4822-befd-01941226624b', '38953a08-a143-41dd-92f7-a8f6316083b1', 'SoftwareEngineer', '11797');
INSERT INTO `SkillSet` (`id`) VALUES ('11798');
INSERT INTO `SkillSet_skills` (`SkillSet_id`, `skills`) VALUES ('11798', 'Maven');
INSERT INTO `SkillSet_skills` (`SkillSet_id`, `skills`) VALUES ('11798', 'Java');
INSERT INTO `Mission` (`id`, `companyName`, `shortName`, `role`, `skillSet_id`) VALUES ('11798', '5a7073d9-b61e-42bc-b555-c4f0629fe5e9', 'c9a73cfe-8701-4304-9322-12f37edafa8e', 'SoftwareEngineer', '11798');
INSERT INTO `SkillSet` (`id`) VALUES ('11799');
INSERT INTO `SkillSet_skills` (`SkillSet_id`, `skills`) VALUES ('11799', 'Ant');
INSERT INTO `SkillSet_skills` (`SkillSet_id`, `skills`) VALUES ('11799', 'dotNet');
INSERT INTO `SkillSet_skills` (`SkillSet_id`, `skills`) VALUES ('11799', 'Maven');
INSERT INTO `SkillSet_skills` (`SkillSet_id`, `skills`) VALUES ('11799', 'UITesting');
INSERT INTO `SkillSet_skills` (`SkillSet_id`, `skills`) VALUES ('11799', 'SQL');
INSERT INTO `Mission` (`id`, `companyName`, `shortName`, `role`, `skillSet_id`) VALUES ('11799', '9c6cac60-bc53-4005-acf3-b06af84a38b4', '73519053-9bf9-46e4-8bff-b3e70184ab1a', 'JuniorSoftwareEngineer', '11799');
INSERT INTO `SkillSet` (`id`) VALUES ('11800');
INSERT INTO `SkillSet_skills` (`SkillSet_id`, `skills`) VALUES ('11800', 'Architektur');
INSERT INTO `SkillSet_skills` (`SkillSet_id`, `skills`) VALUES ('11800', 'Ant');
INSERT INTO `Mission` (`id`, `companyName`, `shortName`, `role`, `skillSet_id`) VALUES ('11800', 'aed9ebbc-e26d-4443-9e34-6c48e1ef8dbe', '1b2c8bc7-d31a-45c4-813d-bd183e4d74a5', 'PrincipalConsultant', '11800');
INSERT INTO `SkillSet` (`id`) VALUES ('11801');
INSERT INTO `SkillSet_skills` (`SkillSet_id`, `skills`) VALUES ('11801', 'Java');
INSERT INTO `SkillSet_skills` (`SkillSet_id`, `skills`) VALUES ('11801', 'UITesting');
INSERT INTO `SkillSet_skills` (`SkillSet_id`, `skills`) VALUES ('11801', 'Java');
INSERT INTO `SkillSet_skills` (`SkillSet_id`, `skills`) VALUES ('11801', 'Architektur');
INSERT INTO `SkillSet_skills` (`SkillSet_id`, `skills`) VALUES ('11801', 'Architektur');
INSERT INTO `Mission` (`id`, `companyName`, `shortName`, `role`, `skillSet_id`) VALUES ('11801', 'c2cc2552-7f79-4167-804f-7c67433b8777', '2d66e549-5747-46f0-a51e-891ba05f5232', 'LeadSoftwareArchitect', '11801');
INSERT INTO `SkillSet` (`id`) VALUES ('11802');
INSERT INTO `SkillSet_skills` (`SkillSet_id`, `skills`) VALUES ('11802', 'dotNet');
INSERT INTO `SkillSet_skills` (`SkillSet_id`, `skills`) VALUES ('11802', 'Ant');
INSERT INTO `SkillSet_skills` (`SkillSet_id`, `skills`) VALUES ('11802', 'UITesting');
INSERT INTO `SkillSet_skills` (`SkillSet_id`, `skills`) VALUES ('11802', 'UnitTesting');
INSERT INTO `SkillSet_skills` (`SkillSet_id`, `skills`) VALUES ('11802', 'SQL');
INSERT INTO `Mission` (`id`, `companyName`, `shortName`, `role`, `skillSet_id`) VALUES ('11802', 'a420f624-38cf-4682-ae7b-d96d25797f73', '6c9205d0-20bf-40de-a7fc-f86acfe1a25d', 'JuniorSoftwareEngineer', '11802');
INSERT INTO `SkillSet` (`id`) VALUES ('11803');
INSERT INTO `SkillSet_skills` (`SkillSet_id`, `skills`) VALUES ('11803', 'dotNet');
INSERT INTO `Mission` (`id`, `companyName`, `shortName`, `role`, `skillSet_id`) VALUES ('11803', 'a312742b-a5cc-4194-8acc-d7583f5deebb', 'dc30259e-9f9d-4230-9c6f-44950e928608', 'SoftwareEngineer', '11803');
INSERT INTO `SkillSet` (`id`) VALUES ('11804');
INSERT INTO `SkillSet_skills` (`SkillSet_id`, `skills`) VALUES ('11804', 'Gradle');
INSERT INTO `SkillSet_skills` (`SkillSet_id`, `skills`) VALUES ('11804', 'dotNet');
INSERT INTO `SkillSet_skills` (`SkillSet_id`, `skills`) VALUES ('11804', 'SQL');
INSERT INTO `SkillSet_skills` (`SkillSet_id`, `skills`) VALUES ('11804', 'Java');
INSERT INTO `Mission` (`id`, `companyName`, `shortName`, `role`, `skillSet_id`) VALUES ('11804', '1750389b-1559-44fc-b22a-1e3b05cf711c', 'c32f6ae9-dbd4-4c94-aefa-fbbfb21c828d', 'PrincipalConsultant', '11804');
INSERT INTO `SkillSet` (`id`) VALUES ('11805');
INSERT INTO `SkillSet_skills` (`SkillSet_id`, `skills`) VALUES ('11805', 'SQL');
INSERT INTO `SkillSet_skills` (`SkillSet_id`, `skills`) VALUES ('11805', 'Architektur');
INSERT INTO `SkillSet_skills` (`SkillSet_id`, `skills`) VALUES ('11805', 'UITesting');
INSERT INTO `Mission` (`id`, `companyName`, `shortName`, `role`, `skillSet_id`) VALUES ('11805', '3a2bb9ad-db30-429c-8d9b-c359ccfb274d', 'b39ce165-8391-4a58-9db0-1d892d56ce67', 'JuniorSoftwareEngineer', '11805');
INSERT INTO `SkillSet` (`id`) VALUES ('11806');
INSERT INTO `SkillSet_skills` (`SkillSet_id`, `skills`) VALUES ('11806', 'UITesting');
INSERT INTO `SkillSet_skills` (`SkillSet_id`, `skills`) VALUES ('11806', 'Ant');
INSERT INTO `SkillSet_skills` (`SkillSet_id`, `skills`) VALUES ('11806', 'UnitTesting');
INSERT INTO `Mission` (`id`, `companyName`, `shortName`, `role`, `skillSet_id`) VALUES ('11806', '4a99fa28-b5dc-46e7-bc47-5617ce252eba', '9ff46d0f-83a1-4e76-9700-c3bae1490f98', 'LeadSoftwareArchitect', '11806');
INSERT INTO `SkillSet` (`id`) VALUES ('11807');
INSERT INTO `SkillSet_skills` (`SkillSet_id`, `skills`) VALUES ('11807', 'dotNet');
INSERT INTO `Mission` (`id`, `companyName`, `shortName`, `role`, `skillSet_id`) VALUES ('11807', '0aa1ba10-1036-42d8-a05d-ba031af3ea96', '361c0f4a-855d-4c42-8094-d71ef9fe16a7', 'PrincipalConsultant', '11807');
INSERT INTO `SkillSet` (`id`) VALUES ('11808');
INSERT INTO `SkillSet_skills` (`SkillSet_id`, `skills`) VALUES ('11808', 'UITesting');
INSERT INTO `SkillSet_skills` (`SkillSet_id`, `skills`) VALUES ('11808', 'Architektur');
INSERT INTO `SkillSet_skills` (`SkillSet_id`, `skills`) VALUES ('11808', 'UITesting');
INSERT INTO `SkillSet_skills` (`SkillSet_id`, `skills`) VALUES ('11808', 'UnitTesting');
INSERT INTO `SkillSet_skills` (`SkillSet_id`, `skills`) VALUES ('11808', 'Maven');
INSERT INTO `Mission` (`id`, `companyName`, `shortName`, `role`, `skillSet_id`) VALUES ('11808', 'ff646e74-e99a-4e20-bdd4-ce708c1e8cf9', 'ece80971-fa8d-4d01-91c4-b0e9a8132a7c', 'SoftwareEngineer', '11808');
INSERT INTO `SkillSet` (`id`) VALUES ('11809');
INSERT INTO `SkillSet_skills` (`SkillSet_id`, `skills`) VALUES ('11809', 'Maven');
INSERT INTO `SkillSet_skills` (`SkillSet_id`, `skills`) VALUES ('11809', 'UITesting');
INSERT INTO `SkillSet_skills` (`SkillSet_id`, `skills`) VALUES ('11809', 'UITesting');
INSERT INTO `SkillSet_skills` (`SkillSet_id`, `skills`) VALUES ('11809', 'Java');
INSERT INTO `SkillSet_skills` (`SkillSet_id`, `skills`) VALUES ('11809', 'Architektur');
INSERT INTO `Mission` (`id`, `companyName`, `shortName`, `role`, `skillSet_id`) VALUES ('11809', '27280732-9dff-4774-b6fd-de0d247bab0f', 'f9d3bf62-d33e-45e9-994d-97097fed09ea', 'SoftwareEngineer', '11809');
INSERT INTO `SkillSet` (`id`) VALUES ('11810');
INSERT INTO `SkillSet_skills` (`SkillSet_id`, `skills`) VALUES ('11810', 'UnitTesting');
INSERT INTO `Mission` (`id`, `companyName`, `shortName`, `role`, `skillSet_id`) VALUES ('11810', '3cc6ce66-2bfb-422c-880b-3ef6d4ddc186', '188b39b0-157e-4a58-872a-7ab395b09a93', 'LeadSoftwareArchitect', '11810');
INSERT INTO `SkillSet` (`id`) VALUES ('11811');
INSERT INTO `SkillSet_skills` (`SkillSet_id`, `skills`) VALUES ('11811', 'Java');
INSERT INTO `Mission` (`id`, `companyName`, `shortName`, `role`, `skillSet_id`) VALUES ('11811', '574e91ee-130a-4ae0-88e7-6079505e904e', 'b1ffdf36-540e-4093-a5e7-9e58a4f1568a', 'LeadEngineer', '11811');
INSERT INTO `SkillSet` (`id`) VALUES ('11812');
INSERT INTO `SkillSet_skills` (`SkillSet_id`, `skills`) VALUES ('11812', 'Maven');
INSERT INTO `SkillSet_skills` (`SkillSet_id`, `skills`) VALUES ('11812', 'Architektur');
INSERT INTO `SkillSet_skills` (`SkillSet_id`, `skills`) VALUES ('11812', 'Maven');
INSERT INTO `Mission` (`id`, `companyName`, `shortName`, `role`, `skillSet_id`) VALUES ('11812', '012902c5-e124-4ced-bd1f-d5cbeea9ce13', 'ed3d99e2-c602-4160-a526-c60413d1f5a8', 'LeadSoftwareArchitect', '11812');
INSERT INTO `SkillSet` (`id`) VALUES ('11813');
INSERT INTO `SkillSet_skills` (`SkillSet_id`, `skills`) VALUES ('11813', 'Java');
INSERT INTO `Mission` (`id`, `companyName`, `shortName`, `role`, `skillSet_id`) VALUES ('11813', 'e68df8e1-ab6e-4243-90eb-712b9c01c10d', '990d64c5-9e59-4a70-b838-93abff1af47a', 'LeadSoftwareArchitect', '11813');
INSERT INTO `SkillSet` (`id`) VALUES ('11814');
INSERT INTO `SkillSet_skills` (`SkillSet_id`, `skills`) VALUES ('11814', 'Maven');
INSERT INTO `SkillSet_skills` (`SkillSet_id`, `skills`) VALUES ('11814', 'Ant');
INSERT INTO `SkillSet_skills` (`SkillSet_id`, `skills`) VALUES ('11814', 'Java');
INSERT INTO `Mission` (`id`, `companyName`, `shortName`, `role`, `skillSet_id`) VALUES ('11814', '8a94e086-71e2-4a0f-a9a0-288fa4dc2b1d', '1ac5fa25-a6d4-4cb0-a358-0dfde8c60905', 'PrincipalConsultant', '11814');
INSERT INTO `SkillSet` (`id`) VALUES ('11815');
INSERT INTO `SkillSet_skills` (`SkillSet_id`, `skills`) VALUES ('11815', 'UITesting');
INSERT INTO `SkillSet_skills` (`SkillSet_id`, `skills`) VALUES ('11815', 'UITesting');
INSERT INTO `SkillSet_skills` (`SkillSet_id`, `skills`) VALUES ('11815', 'SQL');
INSERT INTO `SkillSet_skills` (`SkillSet_id`, `skills`) VALUES ('11815', 'Maven');
INSERT INTO `Mission` (`id`, `companyName`, `shortName`, `role`, `skillSet_id`) VALUES ('11815', '9d94aeab-92c9-43e9-829c-5453331ebc2f', '55ef50c6-e210-4715-b63a-cf13000abb9b', 'JuniorSoftwareEngineer', '11815');
INSERT INTO `SkillSet` (`id`) VALUES ('11816');
INSERT INTO `SkillSet_skills` (`SkillSet_id`, `skills`) VALUES ('11816', 'Ant');
INSERT INTO `SkillSet_skills` (`SkillSet_id`, `skills`) VALUES ('11816', 'dotNet');
INSERT INTO `SkillSet_skills` (`SkillSet_id`, `skills`) VALUES ('11816', 'Ant');
INSERT INTO `SkillSet_skills` (`SkillSet_id`, `skills`) VALUES ('11816', 'UITesting');
INSERT INTO `SkillSet_skills` (`SkillSet_id`, `skills`) VALUES ('11816', 'Java');
INSERT INTO `Mission` (`id`, `companyName`, `shortName`, `role`, `skillSet_id`) VALUES ('11816', 'b8e8887c-3e39-41aa-bbc8-d7c877c79e17', '11dde7f6-dd74-44fe-9934-88e35c048885', 'SoftwareEngineer', '11816');
INSERT INTO `SkillSet` (`id`) VALUES ('11817');
INSERT INTO `SkillSet_skills` (`SkillSet_id`, `skills`) VALUES ('11817', 'Architektur');
INSERT INTO `SkillSet_skills` (`SkillSet_id`, `skills`) VALUES ('11817', 'UnitTesting');
INSERT INTO `SkillSet_skills` (`SkillSet_id`, `skills`) VALUES ('11817', 'dotNet');
INSERT INTO `SkillSet_skills` (`SkillSet_id`, `skills`) VALUES ('11817', 'Maven');
INSERT INTO `SkillSet_skills` (`SkillSet_id`, `skills`) VALUES ('11817', 'UITesting');
INSERT INTO `Mission` (`id`, `companyName`, `shortName`, `role`, `skillSet_id`) VALUES ('11817', '78d2618e-e6ee-4a88-884d-451804dedafc', '03268dd7-f37e-441b-b85f-cfbb6cc8328c', 'PrincipalConsultant', '11817');
INSERT INTO `SkillSet` (`id`) VALUES ('11818');
INSERT INTO `SkillSet_skills` (`SkillSet_id`, `skills`) VALUES ('11818', 'UITesting');
INSERT INTO `SkillSet_skills` (`SkillSet_id`, `skills`) VALUES ('11818', 'SQL');
INSERT INTO `SkillSet_skills` (`SkillSet_id`, `skills`) VALUES ('11818', 'UITesting');
INSERT INTO `SkillSet_skills` (`SkillSet_id`, `skills`) VALUES ('11818', 'Architektur');
INSERT INTO `SkillSet_skills` (`SkillSet_id`, `skills`) VALUES ('11818', 'Java');
INSERT INTO `Mission` (`id`, `companyName`, `shortName`, `role`, `skillSet_id`) VALUES ('11818', '444d2afd-64c5-4439-bb3f-ae3cdab04af8', '3413d6ce-e192-4260-bfc5-7ded5a1302dd', 'PrincipalConsultant', '11818');
INSERT INTO `SkillSet` (`id`) VALUES ('11819');
INSERT INTO `SkillSet_skills` (`SkillSet_id`, `skills`) VALUES ('11819', 'Java');
INSERT INTO `SkillSet_skills` (`SkillSet_id`, `skills`) VALUES ('11819', 'UITesting');
INSERT INTO `SkillSet_skills` (`SkillSet_id`, `skills`) VALUES ('11819', 'Ant');
INSERT INTO `SkillSet_skills` (`SkillSet_id`, `skills`) VALUES ('11819', 'Java');
INSERT INTO `SkillSet_skills` (`SkillSet_id`, `skills`) VALUES ('11819', 'dotNet');
INSERT INTO `Mission` (`id`, `companyName`, `shortName`, `role`, `skillSet_id`) VALUES ('11819', '9de08a72-b213-4d5a-96e4-d9de63ea6dc9', '8c78550e-9007-4e68-a864-6aaf616489c7', 'LeadSoftwareArchitect', '11819');
INSERT INTO `SkillSet` (`id`) VALUES ('11820');
INSERT INTO `SkillSet_skills` (`SkillSet_id`, `skills`) VALUES ('11820', 'Gradle');
INSERT INTO `SkillSet_skills` (`SkillSet_id`, `skills`) VALUES ('11820', 'Maven');
INSERT INTO `SkillSet_skills` (`SkillSet_id`, `skills`) VALUES ('11820', 'SQL');
INSERT INTO `Mission` (`id`, `companyName`, `shortName`, `role`, `skillSet_id`) VALUES ('11820', '87ecac93-ee46-49f1-aa12-064bdcb78b11', '02f17844-15e6-401e-bd8a-c8ff3749c325', 'SoftwareEngineer', '11820');
INSERT INTO `SkillSet` (`id`) VALUES ('11821');
INSERT INTO `SkillSet_skills` (`SkillSet_id`, `skills`) VALUES ('11821', 'Gradle');
INSERT INTO `SkillSet_skills` (`SkillSet_id`, `skills`) VALUES ('11821', 'dotNet');
INSERT INTO `SkillSet_skills` (`SkillSet_id`, `skills`) VALUES ('11821', 'Ant');
INSERT INTO `Mission` (`id`, `companyName`, `shortName`, `role`, `skillSet_id`) VALUES ('11821', '53225ed9-85f3-4868-909f-fc022492c5c3', '75292d02-698e-4eab-a6f7-4730045adefb', 'LeadEngineer', '11821');
INSERT INTO `SkillSet` (`id`) VALUES ('11822');
INSERT INTO `SkillSet_skills` (`SkillSet_id`, `skills`) VALUES ('11822', 'dotNet');
INSERT INTO `SkillSet_skills` (`SkillSet_id`, `skills`) VALUES ('11822', 'Java');
INSERT INTO `Mission` (`id`, `companyName`, `shortName`, `role`, `skillSet_id`) VALUES ('11822', 'ac8c90f1-a6bd-4f20-8ddc-7cd8c8ce5a52', '1ce40635-5c42-4e5d-8d70-813a2f294b71', 'LeadSoftwareArchitect', '11822');
INSERT INTO `SkillSet` (`id`) VALUES ('11823');
INSERT INTO `SkillSet_skills` (`SkillSet_id`, `skills`) VALUES ('11823', 'Maven');
INSERT INTO `SkillSet_skills` (`SkillSet_id`, `skills`) VALUES ('11823', 'Maven');
INSERT INTO `Mission` (`id`, `companyName`, `shortName`, `role`, `skillSet_id`) VALUES ('11823', 'bb21ab74-4810-4397-8c53-c277c846361e', '5d5144fc-19df-4e84-a9fd-90f28208fc06', 'LeadEngineer', '11823');
INSERT INTO `SkillSet` (`id`) VALUES ('11824');
INSERT INTO `SkillSet_skills` (`SkillSet_id`, `skills`) VALUES ('11824', 'SQL');
INSERT INTO `SkillSet_skills` (`SkillSet_id`, `skills`) VALUES ('11824', 'Java');
INSERT INTO `SkillSet_skills` (`SkillSet_id`, `skills`) VALUES ('11824', 'UnitTesting');
INSERT INTO `SkillSet_skills` (`SkillSet_id`, `skills`) VALUES ('11824', 'SQL');
INSERT INTO `SkillSet_skills` (`SkillSet_id`, `skills`) VALUES ('11824', 'Maven');
INSERT INTO `Mission` (`id`, `companyName`, `shortName`, `role`, `skillSet_id`) VALUES ('11824', 'ed982129-2fec-4b14-8daa-041ad51c8fde', '619212bc-3e80-42a9-b37a-1208152ff1b0', 'LeadSoftwareArchitect', '11824');
INSERT INTO `SkillSet` (`id`) VALUES ('11825');
INSERT INTO `SkillSet_skills` (`SkillSet_id`, `skills`) VALUES ('11825', 'Ant');
INSERT INTO `SkillSet_skills` (`SkillSet_id`, `skills`) VALUES ('11825', 'Java');
INSERT INTO `SkillSet_skills` (`SkillSet_id`, `skills`) VALUES ('11825', 'SQL');
INSERT INTO `SkillSet_skills` (`SkillSet_id`, `skills`) VALUES ('11825', 'dotNet');
INSERT INTO `SkillSet_skills` (`SkillSet_id`, `skills`) VALUES ('11825', 'SQL');
INSERT INTO `Mission` (`id`, `companyName`, `shortName`, `role`, `skillSet_id`) VALUES ('11825', '73aad962-17bc-46b2-a015-5171016add39', '4ffbedfa-cb1b-459d-a58b-23511b027501', 'SeniorSoftwareEngineer', '11825');
INSERT INTO `SkillSet` (`id`) VALUES ('11826');
INSERT INTO `SkillSet_skills` (`SkillSet_id`, `skills`) VALUES ('11826', 'Gradle');
INSERT INTO `SkillSet_skills` (`SkillSet_id`, `skills`) VALUES ('11826', 'UnitTesting');
INSERT INTO `SkillSet_skills` (`SkillSet_id`, `skills`) VALUES ('11826', 'UITesting');
INSERT INTO `Mission` (`id`, `companyName`, `shortName`, `role`, `skillSet_id`) VALUES ('11826', '756c229d-068f-4a0f-a671-10628555dc82', '221da27b-2c06-4f86-a578-863193da3856', 'LeadEngineer', '11826');
INSERT INTO `SkillSet` (`id`) VALUES ('11827');
INSERT INTO `SkillSet_skills` (`SkillSet_id`, `skills`) VALUES ('11827', 'Maven');
INSERT INTO `SkillSet_skills` (`SkillSet_id`, `skills`) VALUES ('11827', 'SQL');
INSERT INTO `SkillSet_skills` (`SkillSet_id`, `skills`) VALUES ('11827', 'dotNet');
INSERT INTO `SkillSet_skills` (`SkillSet_id`, `skills`) VALUES ('11827', 'UITesting');
INSERT INTO `SkillSet_skills` (`SkillSet_id`, `skills`) VALUES ('11827', 'Ant');
INSERT INTO `Mission` (`id`, `companyName`, `shortName`, `role`, `skillSet_id`) VALUES ('11827', '86b95a45-12db-42bd-8cac-62346b3bd5df', '9101989c-e538-4af9-9f59-ee7db6dcdaf3', 'JuniorSoftwareEngineer', '11827');
INSERT INTO `SkillSet` (`id`) VALUES ('11828');
INSERT INTO `SkillSet_skills` (`SkillSet_id`, `skills`) VALUES ('11828', 'Java');
INSERT INTO `SkillSet_skills` (`SkillSet_id`, `skills`) VALUES ('11828', 'Java');
INSERT INTO `SkillSet_skills` (`SkillSet_id`, `skills`) VALUES ('11828', 'Maven');
INSERT INTO `SkillSet_skills` (`SkillSet_id`, `skills`) VALUES ('11828', 'Maven');
INSERT INTO `Mission` (`id`, `companyName`, `shortName`, `role`, `skillSet_id`) VALUES ('11828', 'f3126b52-dda9-43a0-997d-5e8ce3fe0742', '07b9455b-36f4-4203-9d9d-06b354a88151', 'PrincipalConsultant', '11828');
INSERT INTO `SkillSet` (`id`) VALUES ('11829');
INSERT INTO `SkillSet_skills` (`SkillSet_id`, `skills`) VALUES ('11829', 'UITesting');
INSERT INTO `Mission` (`id`, `companyName`, `shortName`, `role`, `skillSet_id`) VALUES ('11829', '58be0b8c-7844-4c7d-800f-0abcb2026b83', '911d3f5e-a3e3-4358-baad-9cd81c8fbbf4', 'PrincipalConsultant', '11829');
INSERT INTO `SkillSet` (`id`) VALUES ('11830');
INSERT INTO `SkillSet_skills` (`SkillSet_id`, `skills`) VALUES ('11830', 'Java');
INSERT INTO `SkillSet_skills` (`SkillSet_id`, `skills`) VALUES ('11830', 'UITesting');
INSERT INTO `SkillSet_skills` (`SkillSet_id`, `skills`) VALUES ('11830', 'Maven');
INSERT INTO `SkillSet_skills` (`SkillSet_id`, `skills`) VALUES ('11830', 'UnitTesting');
INSERT INTO `SkillSet_skills` (`SkillSet_id`, `skills`) VALUES ('11830', 'dotNet');
INSERT INTO `Mission` (`id`, `companyName`, `shortName`, `role`, `skillSet_id`) VALUES ('11830', 'ec9857b2-7d25-4a6e-a32f-4094ef6f046f', '961962aa-fd55-4cbc-90fd-bd8a93167088', 'LeadEngineer', '11830');
INSERT INTO `SkillSet` (`id`) VALUES ('11831');
INSERT INTO `SkillSet_skills` (`SkillSet_id`, `skills`) VALUES ('11831', 'Ant');
INSERT INTO `SkillSet_skills` (`SkillSet_id`, `skills`) VALUES ('11831', 'Ant');
INSERT INTO `SkillSet_skills` (`SkillSet_id`, `skills`) VALUES ('11831', 'Maven');
INSERT INTO `SkillSet_skills` (`SkillSet_id`, `skills`) VALUES ('11831', 'Architektur');
INSERT INTO `Mission` (`id`, `companyName`, `shortName`, `role`, `skillSet_id`) VALUES ('11831', '340703f6-f412-4ad7-9e9a-0cec06e3d8f3', '27b485dc-1272-4c5f-b12b-ce36df191a31', 'LeadEngineer', '11831');
INSERT INTO `SkillSet` (`id`) VALUES ('11832');
INSERT INTO `SkillSet_skills` (`SkillSet_id`, `skills`) VALUES ('11832', 'Java');
INSERT INTO `SkillSet_skills` (`SkillSet_id`, `skills`) VALUES ('11832', 'Ant');
INSERT INTO `SkillSet_skills` (`SkillSet_id`, `skills`) VALUES ('11832', 'SQL');
INSERT INTO `SkillSet_skills` (`SkillSet_id`, `skills`) VALUES ('11832', 'Maven');
INSERT INTO `Mission` (`id`, `companyName`, `shortName`, `role`, `skillSet_id`) VALUES ('11832', '7cc0bb7f-215f-40e7-932f-5c2fbde0aa96', 'b421021c-daf2-4c08-b3bd-0d43c30d6c8f', 'SeniorSoftwareEngineer', '11832');
INSERT INTO `SkillSet` (`id`) VALUES ('11833');
INSERT INTO `SkillSet_skills` (`SkillSet_id`, `skills`) VALUES ('11833', 'Ant');
INSERT INTO `SkillSet_skills` (`SkillSet_id`, `skills`) VALUES ('11833', 'Maven');
INSERT INTO `Mission` (`id`, `companyName`, `shortName`, `role`, `skillSet_id`) VALUES ('11833', 'b927d7bd-880f-42b0-b29a-4d3ae350a89a', '2f73f39c-1c8c-4a70-85d2-e3c499d44e52', 'PrincipalConsultant', '11833');
INSERT INTO `SkillSet` (`id`) VALUES ('11834');
INSERT INTO `SkillSet_skills` (`SkillSet_id`, `skills`) VALUES ('11834', 'UITesting');
INSERT INTO `Mission` (`id`, `companyName`, `shortName`, `role`, `skillSet_id`) VALUES ('11834', '29ff17dd-1815-4bfd-a269-d7642604c531', '8c769d93-3efb-4037-8edf-92f398ea4a39', 'SoftwareEngineer', '11834');
INSERT INTO `SkillSet` (`id`) VALUES ('11835');
INSERT INTO `SkillSet_skills` (`SkillSet_id`, `skills`) VALUES ('11835', 'Architektur');
INSERT INTO `SkillSet_skills` (`SkillSet_id`, `skills`) VALUES ('11835', 'dotNet');
INSERT INTO `Mission` (`id`, `companyName`, `shortName`, `role`, `skillSet_id`) VALUES ('11835', 'c33e90c0-fbc3-497e-8865-254d9a8bb3f6', '2eeba221-8208-41a0-833d-9becb353bf52', 'SeniorSoftwareEngineer', '11835');
INSERT INTO `SkillSet` (`id`) VALUES ('11836');
INSERT INTO `SkillSet_skills` (`SkillSet_id`, `skills`) VALUES ('11836', 'Architektur');
INSERT INTO `SkillSet_skills` (`SkillSet_id`, `skills`) VALUES ('11836', 'Maven');
INSERT INTO `SkillSet_skills` (`SkillSet_id`, `skills`) VALUES ('11836', 'Maven');
INSERT INTO `SkillSet_skills` (`SkillSet_id`, `skills`) VALUES ('11836', 'Java');
INSERT INTO `SkillSet_skills` (`SkillSet_id`, `skills`) VALUES ('11836', 'Architektur');
INSERT INTO `Mission` (`id`, `companyName`, `shortName`, `role`, `skillSet_id`) VALUES ('11836', '33e52637-82e6-4e53-b7cb-10604bd4eb43', 'c1411dfe-d364-4ded-a087-bf0abf13fc00', 'SoftwareEngineer', '11836');
INSERT INTO `SkillSet` (`id`) VALUES ('11837');
INSERT INTO `SkillSet_skills` (`SkillSet_id`, `skills`) VALUES ('11837', 'Ant');
INSERT INTO `SkillSet_skills` (`SkillSet_id`, `skills`) VALUES ('11837', 'Java');
INSERT INTO `SkillSet_skills` (`SkillSet_id`, `skills`) VALUES ('11837', 'SQL');
INSERT INTO `SkillSet_skills` (`SkillSet_id`, `skills`) VALUES ('11837', 'Maven');
INSERT INTO `Mission` (`id`, `companyName`, `shortName`, `role`, `skillSet_id`) VALUES ('11837', '92d96faa-b9cb-4de5-b8ef-be002019b108', 'a2d2f40b-1f8a-4fef-a37c-eacc9252e8f7', 'SoftwareEngineer', '11837');
INSERT INTO `SkillSet` (`id`) VALUES ('11838');
INSERT INTO `SkillSet_skills` (`SkillSet_id`, `skills`) VALUES ('11838', 'Maven');
INSERT INTO `SkillSet_skills` (`SkillSet_id`, `skills`) VALUES ('11838', 'UITesting');
INSERT INTO `Mission` (`id`, `companyName`, `shortName`, `role`, `skillSet_id`) VALUES ('11838', '4981bc21-80da-4980-bdbd-ecfaf1e49443', 'c4fa573b-659f-42c8-828a-98ea97b22677', 'JuniorSoftwareEngineer', '11838');
INSERT INTO `SkillSet` (`id`) VALUES ('11839');
INSERT INTO `SkillSet_skills` (`SkillSet_id`, `skills`) VALUES ('11839', 'Architektur');
INSERT INTO `Mission` (`id`, `companyName`, `shortName`, `role`, `skillSet_id`) VALUES ('11839', '03a8a3a0-6bdd-4edd-b912-7b30fad611f9', '56530684-8d6d-435c-9e6f-88f1a47826d3', 'JuniorSoftwareEngineer', '11839');
INSERT INTO `SkillSet` (`id`) VALUES ('11840');
INSERT INTO `SkillSet_skills` (`SkillSet_id`, `skills`) VALUES ('11840', 'Maven');
INSERT INTO `SkillSet_skills` (`SkillSet_id`, `skills`) VALUES ('11840', 'Java');
INSERT INTO `SkillSet_skills` (`SkillSet_id`, `skills`) VALUES ('11840', 'UnitTesting');
INSERT INTO `SkillSet_skills` (`SkillSet_id`, `skills`) VALUES ('11840', 'Gradle');
INSERT INTO `Mission` (`id`, `companyName`, `shortName`, `role`, `skillSet_id`) VALUES ('11840', '35ebfeba-d363-4776-ae64-195be4816cd1', '49e6441a-7341-4a91-9c0d-275d8665fec3', 'LeadEngineer', '11840');
INSERT INTO `SkillSet` (`id`) VALUES ('11841');
INSERT INTO `SkillSet_skills` (`SkillSet_id`, `skills`) VALUES ('11841', 'Ant');
INSERT INTO `Mission` (`id`, `companyName`, `shortName`, `role`, `skillSet_id`) VALUES ('11841', '7120fbe2-4c1d-4c34-865d-3eea1cc15b5f', '24739180-0b4b-49b5-81ec-ad8e36cc7c9e', 'PrincipalConsultant', '11841');
INSERT INTO `SkillSet` (`id`) VALUES ('11842');
INSERT INTO `SkillSet_skills` (`SkillSet_id`, `skills`) VALUES ('11842', 'UITesting');
INSERT INTO `SkillSet_skills` (`SkillSet_id`, `skills`) VALUES ('11842', 'Gradle');
INSERT INTO `SkillSet_skills` (`SkillSet_id`, `skills`) VALUES ('11842', 'Gradle');
INSERT INTO `SkillSet_skills` (`SkillSet_id`, `skills`) VALUES ('11842', 'UnitTesting');
INSERT INTO `SkillSet_skills` (`SkillSet_id`, `skills`) VALUES ('11842', 'Java');
INSERT INTO `Mission` (`id`, `companyName`, `shortName`, `role`, `skillSet_id`) VALUES ('11842', 'ace5fbed-3442-4e5d-8e25-3239a65fdd20', '08309285-42e6-4a27-b00e-af59408e3483', 'LeadSoftwareArchitect', '11842');
INSERT INTO `SkillSet` (`id`) VALUES ('11843');
INSERT INTO `SkillSet_skills` (`SkillSet_id`, `skills`) VALUES ('11843', 'Gradle');
INSERT INTO `SkillSet_skills` (`SkillSet_id`, `skills`) VALUES ('11843', 'Ant');
INSERT INTO `Mission` (`id`, `companyName`, `shortName`, `role`, `skillSet_id`) VALUES ('11843', '38026054-bb3a-4132-9f79-b7ed274d8a2c', 'af317b3f-0659-4f3d-8ac3-b8f20c91f616', 'LeadSoftwareArchitect', '11843');
INSERT INTO `SkillSet` (`id`) VALUES ('11844');
INSERT INTO `SkillSet_skills` (`SkillSet_id`, `skills`) VALUES ('11844', 'Architektur');
INSERT INTO `SkillSet_skills` (`SkillSet_id`, `skills`) VALUES ('11844', 'dotNet');
INSERT INTO `SkillSet_skills` (`SkillSet_id`, `skills`) VALUES ('11844', 'Java');
INSERT INTO `Mission` (`id`, `companyName`, `shortName`, `role`, `skillSet_id`) VALUES ('11844', '0406b15d-0a2c-466b-86ad-47f01afa77d7', '59277a1e-982a-4792-9468-706644f4670b', 'SoftwareEngineer', '11844');
INSERT INTO `SkillSet` (`id`) VALUES ('11845');
INSERT INTO `SkillSet_skills` (`SkillSet_id`, `skills`) VALUES ('11845', 'UITesting');
INSERT INTO `SkillSet_skills` (`SkillSet_id`, `skills`) VALUES ('11845', 'Maven');
INSERT INTO `SkillSet_skills` (`SkillSet_id`, `skills`) VALUES ('11845', 'dotNet');
INSERT INTO `Mission` (`id`, `companyName`, `shortName`, `role`, `skillSet_id`) VALUES ('11845', '14960e6b-6054-4b15-85b3-f381a80dd1c6', '96fa5a4c-28f9-4493-91ec-4cb1a8c5f01f', 'PrincipalConsultant', '11845');
INSERT INTO `SkillSet` (`id`) VALUES ('11846');
INSERT INTO `SkillSet_skills` (`SkillSet_id`, `skills`) VALUES ('11846', 'dotNet');
INSERT INTO `SkillSet_skills` (`SkillSet_id`, `skills`) VALUES ('11846', 'UITesting');
INSERT INTO `SkillSet_skills` (`SkillSet_id`, `skills`) VALUES ('11846', 'UITesting');
INSERT INTO `SkillSet_skills` (`SkillSet_id`, `skills`) VALUES ('11846', 'Gradle');
INSERT INTO `Mission` (`id`, `companyName`, `shortName`, `role`, `skillSet_id`) VALUES ('11846', 'fde5ef8c-9487-4567-b42e-433a8b6ed488', 'c90ad85b-5a82-4a1a-a515-689591176bdb', 'SoftwareEngineer', '11846');
INSERT INTO `SkillSet` (`id`) VALUES ('11847');
INSERT INTO `SkillSet_skills` (`SkillSet_id`, `skills`) VALUES ('11847', 'UITesting');
INSERT INTO `SkillSet_skills` (`SkillSet_id`, `skills`) VALUES ('11847', 'dotNet');
INSERT INTO `SkillSet_skills` (`SkillSet_id`, `skills`) VALUES ('11847', 'Ant');
INSERT INTO `SkillSet_skills` (`SkillSet_id`, `skills`) VALUES ('11847', 'UITesting');
INSERT INTO `Mission` (`id`, `companyName`, `shortName`, `role`, `skillSet_id`) VALUES ('11847', 'b014d103-9591-420c-a2a5-5698690da364', 'a8cfbaa7-84bc-4a1c-b240-e1bcc927643e', 'LeadEngineer', '11847');
INSERT INTO `SkillSet` (`id`) VALUES ('11848');
INSERT INTO `SkillSet_skills` (`SkillSet_id`, `skills`) VALUES ('11848', 'Maven');
INSERT INTO `SkillSet_skills` (`SkillSet_id`, `skills`) VALUES ('11848', 'Maven');
INSERT INTO `SkillSet_skills` (`SkillSet_id`, `skills`) VALUES ('11848', 'Java');
INSERT INTO `SkillSet_skills` (`SkillSet_id`, `skills`) VALUES ('11848', 'Ant');
INSERT INTO `SkillSet_skills` (`SkillSet_id`, `skills`) VALUES ('11848', 'SQL');
INSERT INTO `Mission` (`id`, `companyName`, `shortName`, `role`, `skillSet_id`) VALUES ('11848', '4254979a-319b-48b7-beca-b4fff9bffa11', 'af827c9f-26f1-4402-8f9c-34f99d0f3458', 'LeadSoftwareArchitect', '11848');
INSERT INTO `SkillSet` (`id`) VALUES ('11849');
INSERT INTO `SkillSet_skills` (`SkillSet_id`, `skills`) VALUES ('11849', 'Gradle');
INSERT INTO `SkillSet_skills` (`SkillSet_id`, `skills`) VALUES ('11849', 'dotNet');
INSERT INTO `SkillSet_skills` (`SkillSet_id`, `skills`) VALUES ('11849', 'UITesting');
INSERT INTO `SkillSet_skills` (`SkillSet_id`, `skills`) VALUES ('11849', 'UITesting');
INSERT INTO `Mission` (`id`, `companyName`, `shortName`, `role`, `skillSet_id`) VALUES ('11849', 'e0931b50-d072-49f1-b2c7-7f620d37f451', '3e949280-3452-4c71-a62f-3b4a8c0285c5', 'JuniorSoftwareEngineer', '11849');
INSERT INTO `SkillSet` (`id`) VALUES ('11850');
INSERT INTO `SkillSet_skills` (`SkillSet_id`, `skills`) VALUES ('11850', 'UnitTesting');
INSERT INTO `SkillSet_skills` (`SkillSet_id`, `skills`) VALUES ('11850', 'Java');
INSERT INTO `SkillSet_skills` (`SkillSet_id`, `skills`) VALUES ('11850', 'Ant');
INSERT INTO `SkillSet_skills` (`SkillSet_id`, `skills`) VALUES ('11850', 'UnitTesting');
INSERT INTO `SkillSet_skills` (`SkillSet_id`, `skills`) VALUES ('11850', 'UITesting');
INSERT INTO `Mission` (`id`, `companyName`, `shortName`, `role`, `skillSet_id`) VALUES ('11850', 'bfa57b66-6980-422b-a528-6c7b7726d8e8', 'e4621778-03a3-47c7-b364-9a2653ce0f16', 'SoftwareEngineer', '11850');
INSERT INTO `SkillSet` (`id`) VALUES ('11851');
INSERT INTO `SkillSet_skills` (`SkillSet_id`, `skills`) VALUES ('11851', 'Gradle');
INSERT INTO `SkillSet_skills` (`SkillSet_id`, `skills`) VALUES ('11851', 'UITesting');
INSERT INTO `SkillSet_skills` (`SkillSet_id`, `skills`) VALUES ('11851', 'Java');
INSERT INTO `SkillSet_skills` (`SkillSet_id`, `skills`) VALUES ('11851', 'dotNet');
INSERT INTO `SkillSet_skills` (`SkillSet_id`, `skills`) VALUES ('11851', 'Maven');
INSERT INTO `Mission` (`id`, `companyName`, `shortName`, `role`, `skillSet_id`) VALUES ('11851', '55168722-a611-43f0-b0ba-6787d628c594', 'f07d7887-f5f5-4397-a6fc-157cf47d2ed7', 'JuniorSoftwareEngineer', '11851');
INSERT INTO `SkillSet` (`id`) VALUES ('11852');
INSERT INTO `SkillSet_skills` (`SkillSet_id`, `skills`) VALUES ('11852', 'Ant');
INSERT INTO `SkillSet_skills` (`SkillSet_id`, `skills`) VALUES ('11852', 'UITesting');
INSERT INTO `SkillSet_skills` (`SkillSet_id`, `skills`) VALUES ('11852', 'UITesting');
INSERT INTO `SkillSet_skills` (`SkillSet_id`, `skills`) VALUES ('11852', 'Ant');
INSERT INTO `SkillSet_skills` (`SkillSet_id`, `skills`) VALUES ('11852', 'UnitTesting');
INSERT INTO `Mission` (`id`, `companyName`, `shortName`, `role`, `skillSet_id`) VALUES ('11852', '317f3fc6-b76e-489d-ae02-9e1d72113235', '36518050-3492-4225-8d76-172ef578cf19', 'JuniorSoftwareEngineer', '11852');
INSERT INTO `SkillSet` (`id`) VALUES ('11853');
INSERT INTO `SkillSet_skills` (`SkillSet_id`, `skills`) VALUES ('11853', 'dotNet');
INSERT INTO `Mission` (`id`, `companyName`, `shortName`, `role`, `skillSet_id`) VALUES ('11853', '15632584-5164-495a-847e-36a1dca129b4', '51a30476-7a92-41b4-bbfb-9dc091e1322f', 'SeniorSoftwareEngineer', '11853');
INSERT INTO `SkillSet` (`id`) VALUES ('11854');
INSERT INTO `SkillSet_skills` (`SkillSet_id`, `skills`) VALUES ('11854', 'Maven');
INSERT INTO `SkillSet_skills` (`SkillSet_id`, `skills`) VALUES ('11854', 'Maven');
INSERT INTO `SkillSet_skills` (`SkillSet_id`, `skills`) VALUES ('11854', 'Ant');
INSERT INTO `SkillSet_skills` (`SkillSet_id`, `skills`) VALUES ('11854', 'Maven');
INSERT INTO `Mission` (`id`, `companyName`, `shortName`, `role`, `skillSet_id`) VALUES ('11854', '65dbede0-12da-479d-b2cb-e8136ae1c571', '0bbd1a93-1bbb-48ec-b27c-64ca1ce4fce1', 'JuniorSoftwareEngineer', '11854');
INSERT INTO `SkillSet` (`id`) VALUES ('11855');
INSERT INTO `SkillSet_skills` (`SkillSet_id`, `skills`) VALUES ('11855', 'Ant');
INSERT INTO `Mission` (`id`, `companyName`, `shortName`, `role`, `skillSet_id`) VALUES ('11855', '08c7b700-390a-403f-8045-d6db986c05df', 'c9b5aa37-afa3-427e-98df-c7c5317f2e9f', 'JuniorSoftwareEngineer', '11855');
INSERT INTO `SkillSet` (`id`) VALUES ('11856');
INSERT INTO `SkillSet_skills` (`SkillSet_id`, `skills`) VALUES ('11856', 'Architektur');
INSERT INTO `SkillSet_skills` (`SkillSet_id`, `skills`) VALUES ('11856', 'Maven');
INSERT INTO `Mission` (`id`, `companyName`, `shortName`, `role`, `skillSet_id`) VALUES ('11856', '4cd093c7-f79c-4db8-a82c-7140274a4803', '6aceba82-8b6a-460c-b715-d71dcdeed643', 'SeniorSoftwareEngineer', '11856');
INSERT INTO `SkillSet` (`id`) VALUES ('11857');
INSERT INTO `SkillSet_skills` (`SkillSet_id`, `skills`) VALUES ('11857', 'UnitTesting');
INSERT INTO `SkillSet_skills` (`SkillSet_id`, `skills`) VALUES ('11857', 'UITesting');
INSERT INTO `SkillSet_skills` (`SkillSet_id`, `skills`) VALUES ('11857', 'Java');
INSERT INTO `SkillSet_skills` (`SkillSet_id`, `skills`) VALUES ('11857', 'Ant');
INSERT INTO `Mission` (`id`, `companyName`, `shortName`, `role`, `skillSet_id`) VALUES ('11857', 'aecb62cf-f5e5-45fb-971b-11a99e102f66', '620d8796-9655-45d6-be62-98b58c7952fc', 'JuniorSoftwareEngineer', '11857');
INSERT INTO `SkillSet` (`id`) VALUES ('11858');
INSERT INTO `SkillSet_skills` (`SkillSet_id`, `skills`) VALUES ('11858', 'SQL');
INSERT INTO `SkillSet_skills` (`SkillSet_id`, `skills`) VALUES ('11858', 'Java');
INSERT INTO `Mission` (`id`, `companyName`, `shortName`, `role`, `skillSet_id`) VALUES ('11858', '78fe56a2-046c-49b5-bce6-a1e502b03d71', 'bdb0667f-4902-47d2-9140-24e1c3ffaa30', 'LeadSoftwareArchitect', '11858');
INSERT INTO `SkillSet` (`id`) VALUES ('11859');
INSERT INTO `SkillSet_skills` (`SkillSet_id`, `skills`) VALUES ('11859', 'dotNet');
INSERT INTO `SkillSet_skills` (`SkillSet_id`, `skills`) VALUES ('11859', 'Gradle');
INSERT INTO `Mission` (`id`, `companyName`, `shortName`, `role`, `skillSet_id`) VALUES ('11859', '7c05fbbf-61a1-4221-abf2-3730d42398a1', '501892d9-4369-4109-9826-f67d12c4195c', 'SeniorSoftwareEngineer', '11859');
INSERT INTO `SkillSet` (`id`) VALUES ('11860');
INSERT INTO `SkillSet_skills` (`SkillSet_id`, `skills`) VALUES ('11860', 'Ant');
INSERT INTO `SkillSet_skills` (`SkillSet_id`, `skills`) VALUES ('11860', 'Gradle');
INSERT INTO `Mission` (`id`, `companyName`, `shortName`, `role`, `skillSet_id`) VALUES ('11860', '07f5eaab-9c30-4485-a2c7-502234a64263', '6b1133b7-ab46-41f6-9c60-48d95ec5362f', 'LeadSoftwareArchitect', '11860');
INSERT INTO `SkillSet` (`id`) VALUES ('11861');
INSERT INTO `SkillSet_skills` (`SkillSet_id`, `skills`) VALUES ('11861', 'Ant');
INSERT INTO `SkillSet_skills` (`SkillSet_id`, `skills`) VALUES ('11861', 'Gradle');
INSERT INTO `SkillSet_skills` (`SkillSet_id`, `skills`) VALUES ('11861', 'Java');
INSERT INTO `Mission` (`id`, `companyName`, `shortName`, `role`, `skillSet_id`) VALUES ('11861', '1075fcb9-fef3-4003-b876-9901327ad521', '58120bfd-68e0-4e99-9abb-4ed3a1f5e32b', 'SeniorSoftwareEngineer', '11861');
INSERT INTO `SkillSet` (`id`) VALUES ('11862');
INSERT INTO `SkillSet_skills` (`SkillSet_id`, `skills`) VALUES ('11862', 'Gradle');
INSERT INTO `Mission` (`id`, `companyName`, `shortName`, `role`, `skillSet_id`) VALUES ('11862', 'c9127850-d2a3-4893-bce3-1d94c0bfc844', '503e0c6c-bf28-45ef-be08-54bfe5c83ad0', 'LeadEngineer', '11862');
INSERT INTO `SkillSet` (`id`) VALUES ('11863');
INSERT INTO `SkillSet_skills` (`SkillSet_id`, `skills`) VALUES ('11863', 'UnitTesting');
INSERT INTO `SkillSet_skills` (`SkillSet_id`, `skills`) VALUES ('11863', 'UITesting');
INSERT INTO `Mission` (`id`, `companyName`, `shortName`, `role`, `skillSet_id`) VALUES ('11863', '8487c3d9-8efb-4328-93a8-54c563774c28', '7c638c0b-9849-437f-8c2a-7b9ac8b7d270', 'PrincipalConsultant', '11863');
INSERT INTO `SkillSet` (`id`) VALUES ('11864');
INSERT INTO `SkillSet_skills` (`SkillSet_id`, `skills`) VALUES ('11864', 'Architektur');
INSERT INTO `SkillSet_skills` (`SkillSet_id`, `skills`) VALUES ('11864', 'UnitTesting');
INSERT INTO `Mission` (`id`, `companyName`, `shortName`, `role`, `skillSet_id`) VALUES ('11864', 'f320672c-acbc-4fe8-a403-4c069fb80c9d', 'fd6c968d-6361-4ffa-85a2-093308580a8c', 'JuniorSoftwareEngineer', '11864');
INSERT INTO `SkillSet` (`id`) VALUES ('11865');
INSERT INTO `SkillSet_skills` (`SkillSet_id`, `skills`) VALUES ('11865', 'SQL');
INSERT INTO `Mission` (`id`, `companyName`, `shortName`, `role`, `skillSet_id`) VALUES ('11865', 'a577e98a-69d9-493d-bfe2-82c70e09b677', 'cfe98733-3d30-4a33-888b-ed01989d0f39', 'LeadSoftwareArchitect', '11865');
INSERT INTO `SkillSet` (`id`) VALUES ('11866');
INSERT INTO `SkillSet_skills` (`SkillSet_id`, `skills`) VALUES ('11866', 'Architektur');
INSERT INTO `SkillSet_skills` (`SkillSet_id`, `skills`) VALUES ('11866', 'Ant');
INSERT INTO `SkillSet_skills` (`SkillSet_id`, `skills`) VALUES ('11866', 'Gradle');
INSERT INTO `SkillSet_skills` (`SkillSet_id`, `skills`) VALUES ('11866', 'dotNet');
INSERT INTO `Mission` (`id`, `companyName`, `shortName`, `role`, `skillSet_id`) VALUES ('11866', '834e5c6d-c068-4fe0-af8a-2a06af8aca8a', '7e4e7b00-49b3-460f-8720-68d1fd510276', 'LeadSoftwareArchitect', '11866');
INSERT INTO `SkillSet` (`id`) VALUES ('11867');
INSERT INTO `SkillSet_skills` (`SkillSet_id`, `skills`) VALUES ('11867', 'Gradle');
INSERT INTO `Mission` (`id`, `companyName`, `shortName`, `role`, `skillSet_id`) VALUES ('11867', '72b150d6-8a09-4a1a-8579-c6d55b102799', '81eee1b3-bf2d-4dd9-a3fc-5592cbd3d573', 'SeniorSoftwareEngineer', '11867');
INSERT INTO `SkillSet` (`id`) VALUES ('11868');
INSERT INTO `SkillSet_skills` (`SkillSet_id`, `skills`) VALUES ('11868', 'dotNet');
INSERT INTO `SkillSet_skills` (`SkillSet_id`, `skills`) VALUES ('11868', 'UnitTesting');
INSERT INTO `SkillSet_skills` (`SkillSet_id`, `skills`) VALUES ('11868', 'dotNet');
INSERT INTO `SkillSet_skills` (`SkillSet_id`, `skills`) VALUES ('11868', 'Maven');
INSERT INTO `SkillSet_skills` (`SkillSet_id`, `skills`) VALUES ('11868', 'UITesting');
INSERT INTO `Mission` (`id`, `companyName`, `shortName`, `role`, `skillSet_id`) VALUES ('11868', '74479963-1e98-4291-979b-e6802ef38ea6', '01d162a5-eaa3-4901-b6b7-ce2ebff5bdb0', 'SoftwareEngineer', '11868');
INSERT INTO `SkillSet` (`id`) VALUES ('11869');
INSERT INTO `SkillSet_skills` (`SkillSet_id`, `skills`) VALUES ('11869', 'Java');
INSERT INTO `SkillSet_skills` (`SkillSet_id`, `skills`) VALUES ('11869', 'UnitTesting');
INSERT INTO `SkillSet_skills` (`SkillSet_id`, `skills`) VALUES ('11869', 'Gradle');
INSERT INTO `SkillSet_skills` (`SkillSet_id`, `skills`) VALUES ('11869', 'dotNet');
INSERT INTO `Mission` (`id`, `companyName`, `shortName`, `role`, `skillSet_id`) VALUES ('11869', 'a5fa8cb2-9b19-40a9-8775-f4afe6447937', '69025545-be7e-4a89-bff6-a6a6459c3970', 'LeadSoftwareArchitect', '11869');
INSERT INTO `SkillSet` (`id`) VALUES ('11870');
INSERT INTO `SkillSet_skills` (`SkillSet_id`, `skills`) VALUES ('11870', 'Java');
INSERT INTO `SkillSet_skills` (`SkillSet_id`, `skills`) VALUES ('11870', 'dotNet');
INSERT INTO `SkillSet_skills` (`SkillSet_id`, `skills`) VALUES ('11870', 'UnitTesting');
INSERT INTO `SkillSet_skills` (`SkillSet_id`, `skills`) VALUES ('11870', 'Gradle');
INSERT INTO `Mission` (`id`, `companyName`, `shortName`, `role`, `skillSet_id`) VALUES ('11870', '3007ef0c-ee40-403e-b428-31edbda7ac50', '92b2a119-c115-48d6-9d32-73e60925bed3', 'LeadEngineer', '11870');
INSERT INTO `SkillSet` (`id`) VALUES ('11871');
INSERT INTO `SkillSet_skills` (`SkillSet_id`, `skills`) VALUES ('11871', 'Architektur');
INSERT INTO `Mission` (`id`, `companyName`, `shortName`, `role`, `skillSet_id`) VALUES ('11871', 'd4496d58-0589-4605-9fe5-5fe4dbb7da33', '67dbe4d7-9343-450b-83c4-692ee65bc4d8', 'JuniorSoftwareEngineer', '11871');
INSERT INTO `SkillSet` (`id`) VALUES ('11872');
INSERT INTO `SkillSet_skills` (`SkillSet_id`, `skills`) VALUES ('11872', 'dotNet');
INSERT INTO `SkillSet_skills` (`SkillSet_id`, `skills`) VALUES ('11872', 'Ant');
INSERT INTO `SkillSet_skills` (`SkillSet_id`, `skills`) VALUES ('11872', 'Architektur');
INSERT INTO `Mission` (`id`, `companyName`, `shortName`, `role`, `skillSet_id`) VALUES ('11872', '1e156430-43ab-4bda-a067-c6537e6a7ea1', '6f9fe68c-15e0-4459-ab34-4a01c695d4c1', 'LeadEngineer', '11872');
INSERT INTO `SkillSet` (`id`) VALUES ('11873');
INSERT INTO `SkillSet_skills` (`SkillSet_id`, `skills`) VALUES ('11873', 'Java');
INSERT INTO `SkillSet_skills` (`SkillSet_id`, `skills`) VALUES ('11873', 'Maven');
INSERT INTO `SkillSet_skills` (`SkillSet_id`, `skills`) VALUES ('11873', 'Architektur');
INSERT INTO `SkillSet_skills` (`SkillSet_id`, `skills`) VALUES ('11873', 'dotNet');
INSERT INTO `SkillSet_skills` (`SkillSet_id`, `skills`) VALUES ('11873', 'Ant');
INSERT INTO `Mission` (`id`, `companyName`, `shortName`, `role`, `skillSet_id`) VALUES ('11873', '2476b758-1da5-4ab0-becd-bc7a01926a5e', 'b177a792-0469-45a3-bc4c-946cc4030649', 'LeadEngineer', '11873');
INSERT INTO `SkillSet` (`id`) VALUES ('11874');
INSERT INTO `SkillSet_skills` (`SkillSet_id`, `skills`) VALUES ('11874', 'Gradle');
INSERT INTO `SkillSet_skills` (`SkillSet_id`, `skills`) VALUES ('11874', 'dotNet');
INSERT INTO `SkillSet_skills` (`SkillSet_id`, `skills`) VALUES ('11874', 'Architektur');
INSERT INTO `SkillSet_skills` (`SkillSet_id`, `skills`) VALUES ('11874', 'dotNet');
INSERT INTO `SkillSet_skills` (`SkillSet_id`, `skills`) VALUES ('11874', 'UnitTesting');
INSERT INTO `Mission` (`id`, `companyName`, `shortName`, `role`, `skillSet_id`) VALUES ('11874', '2c75ee14-6534-44ba-b8da-9dca69962713', 'ec419aed-241d-4e16-9da9-c5f4ee026b6b', 'PrincipalConsultant', '11874');
INSERT INTO `SkillSet` (`id`) VALUES ('11875');
INSERT INTO `SkillSet_skills` (`SkillSet_id`, `skills`) VALUES ('11875', 'Architektur');
INSERT INTO `SkillSet_skills` (`SkillSet_id`, `skills`) VALUES ('11875', 'Ant');
INSERT INTO `SkillSet_skills` (`SkillSet_id`, `skills`) VALUES ('11875', 'Architektur');
INSERT INTO `SkillSet_skills` (`SkillSet_id`, `skills`) VALUES ('11875', 'UITesting');
INSERT INTO `SkillSet_skills` (`SkillSet_id`, `skills`) VALUES ('11875', 'Java');
INSERT INTO `Mission` (`id`, `companyName`, `shortName`, `role`, `skillSet_id`) VALUES ('11875', 'd9b49ca5-3441-4171-b214-9c54f55f6f2b', 'f1db18b3-3666-4627-abcf-2b28b4e44dbf', 'JuniorSoftwareEngineer', '11875');
INSERT INTO `SkillSet` (`id`) VALUES ('11876');
INSERT INTO `SkillSet_skills` (`SkillSet_id`, `skills`) VALUES ('11876', 'UnitTesting');
INSERT INTO `Mission` (`id`, `companyName`, `shortName`, `role`, `skillSet_id`) VALUES ('11876', '942a9fd1-fd2d-4cc2-85ff-1a8834dbe485', '5501da3b-1065-468c-a318-fbd1ee16c72d', 'JuniorSoftwareEngineer', '11876');
INSERT INTO `SkillSet` (`id`) VALUES ('11877');
INSERT INTO `SkillSet_skills` (`SkillSet_id`, `skills`) VALUES ('11877', 'UITesting');
INSERT INTO `SkillSet_skills` (`SkillSet_id`, `skills`) VALUES ('11877', 'Gradle');
INSERT INTO `SkillSet_skills` (`SkillSet_id`, `skills`) VALUES ('11877', 'Maven');
INSERT INTO `Mission` (`id`, `companyName`, `shortName`, `role`, `skillSet_id`) VALUES ('11877', 'af1d45b6-28d7-4f15-8df1-0ca6f92cf624', '1281cac8-2a9b-4464-9756-b4c67629e220', 'JuniorSoftwareEngineer', '11877');
INSERT INTO `SkillSet` (`id`) VALUES ('11878');
INSERT INTO `SkillSet_skills` (`SkillSet_id`, `skills`) VALUES ('11878', 'SQL');
INSERT INTO `SkillSet_skills` (`SkillSet_id`, `skills`) VALUES ('11878', 'dotNet');
INSERT INTO `Mission` (`id`, `companyName`, `shortName`, `role`, `skillSet_id`) VALUES ('11878', '6e8939b8-7040-4e0e-b68c-44886e17584e', 'acc5d31f-30cd-444c-8913-12e45af2559e', 'SeniorSoftwareEngineer', '11878');
INSERT INTO `SkillSet` (`id`) VALUES ('11879');
INSERT INTO `SkillSet_skills` (`SkillSet_id`, `skills`) VALUES ('11879', 'Gradle');
INSERT INTO `SkillSet_skills` (`SkillSet_id`, `skills`) VALUES ('11879', 'UnitTesting');
INSERT INTO `SkillSet_skills` (`SkillSet_id`, `skills`) VALUES ('11879', 'UITesting');
INSERT INTO `SkillSet_skills` (`SkillSet_id`, `skills`) VALUES ('11879', 'UnitTesting');
INSERT INTO `SkillSet_skills` (`SkillSet_id`, `skills`) VALUES ('11879', 'UITesting');
INSERT INTO `Mission` (`id`, `companyName`, `shortName`, `role`, `skillSet_id`) VALUES ('11879', 'b696522f-b9db-4998-b3d8-acd940b6c886', '2b8e9b5b-30d5-4526-88cc-60e834f565f7', 'SeniorSoftwareEngineer', '11879');
INSERT INTO `SkillSet` (`id`) VALUES ('11880');
INSERT INTO `SkillSet_skills` (`SkillSet_id`, `skills`) VALUES ('11880', 'Gradle');
INSERT INTO `SkillSet_skills` (`SkillSet_id`, `skills`) VALUES ('11880', 'dotNet');
INSERT INTO `SkillSet_skills` (`SkillSet_id`, `skills`) VALUES ('11880', 'Architektur');
INSERT INTO `SkillSet_skills` (`SkillSet_id`, `skills`) VALUES ('11880', 'Java');
INSERT INTO `Mission` (`id`, `companyName`, `shortName`, `role`, `skillSet_id`) VALUES ('11880', 'ddec7574-8161-40b4-9ef7-a49b3a7f82b9', '15ef104a-013c-4ae0-9ab2-3cf1bad8c859', 'LeadSoftwareArchitect', '11880');
INSERT INTO `SkillSet` (`id`) VALUES ('11881');
INSERT INTO `SkillSet_skills` (`SkillSet_id`, `skills`) VALUES ('11881', 'Ant');
INSERT INTO `SkillSet_skills` (`SkillSet_id`, `skills`) VALUES ('11881', 'UITesting');
INSERT INTO `SkillSet_skills` (`SkillSet_id`, `skills`) VALUES ('11881', 'Gradle');
INSERT INTO `SkillSet_skills` (`SkillSet_id`, `skills`) VALUES ('11881', 'Architektur');
INSERT INTO `Mission` (`id`, `companyName`, `shortName`, `role`, `skillSet_id`) VALUES ('11881', 'ebad1dd3-4171-46fa-9ff5-86448fda5c6a', 'c2e4eddf-2f35-43ef-9c7b-79b164375336', 'SoftwareEngineer', '11881');
INSERT INTO `SkillSet` (`id`) VALUES ('11882');
INSERT INTO `SkillSet_skills` (`SkillSet_id`, `skills`) VALUES ('11882', 'Architektur');
INSERT INTO `SkillSet_skills` (`SkillSet_id`, `skills`) VALUES ('11882', 'Architektur');
INSERT INTO `SkillSet_skills` (`SkillSet_id`, `skills`) VALUES ('11882', 'dotNet');
INSERT INTO `SkillSet_skills` (`SkillSet_id`, `skills`) VALUES ('11882', 'Architektur');
INSERT INTO `SkillSet_skills` (`SkillSet_id`, `skills`) VALUES ('11882', 'Java');
INSERT INTO `Mission` (`id`, `companyName`, `shortName`, `role`, `skillSet_id`) VALUES ('11882', 'e8525bfc-dd71-453c-8cea-f182f849a27a', '7dc8af93-41fb-4631-9ea5-9c22b753837a', 'JuniorSoftwareEngineer', '11882');
INSERT INTO `SkillSet` (`id`) VALUES ('11883');
INSERT INTO `SkillSet_skills` (`SkillSet_id`, `skills`) VALUES ('11883', 'Ant');
INSERT INTO `SkillSet_skills` (`SkillSet_id`, `skills`) VALUES ('11883', 'Java');
INSERT INTO `SkillSet_skills` (`SkillSet_id`, `skills`) VALUES ('11883', 'SQL');
INSERT INTO `SkillSet_skills` (`SkillSet_id`, `skills`) VALUES ('11883', 'Java');
INSERT INTO `SkillSet_skills` (`SkillSet_id`, `skills`) VALUES ('11883', 'Gradle');
INSERT INTO `Mission` (`id`, `companyName`, `shortName`, `role`, `skillSet_id`) VALUES ('11883', 'cd533c33-9825-470e-ab2a-09460806b11d', '0099b150-9286-415e-a184-5f958efa8421', 'JuniorSoftwareEngineer', '11883');
INSERT INTO `SkillSet` (`id`) VALUES ('11884');
INSERT INTO `SkillSet_skills` (`SkillSet_id`, `skills`) VALUES ('11884', 'Architektur');
INSERT INTO `SkillSet_skills` (`SkillSet_id`, `skills`) VALUES ('11884', 'Architektur');
INSERT INTO `Mission` (`id`, `companyName`, `shortName`, `role`, `skillSet_id`) VALUES ('11884', '81b83b95-2974-4494-a5ee-d0afec85e81c', '8a3e4813-9981-45e4-bc99-27b7eb6657dd', 'PrincipalConsultant', '11884');
INSERT INTO `SkillSet` (`id`) VALUES ('11885');
INSERT INTO `SkillSet_skills` (`SkillSet_id`, `skills`) VALUES ('11885', 'Architektur');
INSERT INTO `Mission` (`id`, `companyName`, `shortName`, `role`, `skillSet_id`) VALUES ('11885', 'd2fd6ae1-35e6-414a-b2af-6c934db0d0cf', '3bd84aa7-8357-4a61-97b1-a085b90f45f9', 'LeadEngineer', '11885');
INSERT INTO `SkillSet` (`id`) VALUES ('11886');
INSERT INTO `SkillSet_skills` (`SkillSet_id`, `skills`) VALUES ('11886', 'Java');
INSERT INTO `SkillSet_skills` (`SkillSet_id`, `skills`) VALUES ('11886', 'Java');
INSERT INTO `SkillSet_skills` (`SkillSet_id`, `skills`) VALUES ('11886', 'Maven');
INSERT INTO `Mission` (`id`, `companyName`, `shortName`, `role`, `skillSet_id`) VALUES ('11886', 'ae7398f4-bae1-4d2c-91b1-6db3b226c9a9', '72ab75d8-96ab-4bfb-9486-b853f9accfb2', 'SeniorSoftwareEngineer', '11886');
INSERT INTO `SkillSet` (`id`) VALUES ('11887');
INSERT INTO `SkillSet_skills` (`SkillSet_id`, `skills`) VALUES ('11887', 'Ant');
INSERT INTO `SkillSet_skills` (`SkillSet_id`, `skills`) VALUES ('11887', 'Maven');
INSERT INTO `Mission` (`id`, `companyName`, `shortName`, `role`, `skillSet_id`) VALUES ('11887', '7ba7e75c-12da-496f-b908-bbacf40f7bc5', '011e960c-e70c-4b47-9ff9-6f8d81d41870', 'SeniorSoftwareEngineer', '11887');
INSERT INTO `SkillSet` (`id`) VALUES ('11888');
INSERT INTO `SkillSet_skills` (`SkillSet_id`, `skills`) VALUES ('11888', 'SQL');
INSERT INTO `SkillSet_skills` (`SkillSet_id`, `skills`) VALUES ('11888', 'Maven');
INSERT INTO `SkillSet_skills` (`SkillSet_id`, `skills`) VALUES ('11888', 'SQL');
INSERT INTO `SkillSet_skills` (`SkillSet_id`, `skills`) VALUES ('11888', 'UITesting');
INSERT INTO `SkillSet_skills` (`SkillSet_id`, `skills`) VALUES ('11888', 'SQL');
INSERT INTO `Mission` (`id`, `companyName`, `shortName`, `role`, `skillSet_id`) VALUES ('11888', 'c46d8356-f7e2-4600-83ac-1141d598fa29', '92e7486b-8d48-4903-b16a-42dd7d9b9bd0', 'LeadEngineer', '11888');
INSERT INTO `SkillSet` (`id`) VALUES ('11889');
INSERT INTO `SkillSet_skills` (`SkillSet_id`, `skills`) VALUES ('11889', 'Architektur');
INSERT INTO `SkillSet_skills` (`SkillSet_id`, `skills`) VALUES ('11889', 'Java');
INSERT INTO `SkillSet_skills` (`SkillSet_id`, `skills`) VALUES ('11889', 'UITesting');
INSERT INTO `Mission` (`id`, `companyName`, `shortName`, `role`, `skillSet_id`) VALUES ('11889', 'bcdf1219-a5c5-45c6-ab69-188d8e12cf80', '5f1168c0-4b5c-48de-a7f3-25752dd0f616', 'SoftwareEngineer', '11889');
INSERT INTO `SkillSet` (`id`) VALUES ('11890');
INSERT INTO `SkillSet_skills` (`SkillSet_id`, `skills`) VALUES ('11890', 'Maven');
INSERT INTO `Mission` (`id`, `companyName`, `shortName`, `role`, `skillSet_id`) VALUES ('11890', 'd5f30590-5e62-4472-991c-835deffc54c4', 'd6072bc1-3fe3-4d2b-8775-3b0ce6bd89aa', 'JuniorSoftwareEngineer', '11890');
INSERT INTO `SkillSet` (`id`) VALUES ('11891');
INSERT INTO `SkillSet_skills` (`SkillSet_id`, `skills`) VALUES ('11891', 'Architektur');
INSERT INTO `SkillSet_skills` (`SkillSet_id`, `skills`) VALUES ('11891', 'Maven');
INSERT INTO `SkillSet_skills` (`SkillSet_id`, `skills`) VALUES ('11891', 'Java');
INSERT INTO `Mission` (`id`, `companyName`, `shortName`, `role`, `skillSet_id`) VALUES ('11891', '5d3a1cfd-3bf1-47c9-8524-216294941e22', '75ba04bb-57a4-465c-8721-b8843e4b9cfe', 'JuniorSoftwareEngineer', '11891');
INSERT INTO `SkillSet` (`id`) VALUES ('11892');
INSERT INTO `SkillSet_skills` (`SkillSet_id`, `skills`) VALUES ('11892', 'Java');
INSERT INTO `SkillSet_skills` (`SkillSet_id`, `skills`) VALUES ('11892', 'dotNet');
INSERT INTO `SkillSet_skills` (`SkillSet_id`, `skills`) VALUES ('11892', 'UITesting');
INSERT INTO `Mission` (`id`, `companyName`, `shortName`, `role`, `skillSet_id`) VALUES ('11892', '2f6aa55b-d7e2-4d51-97a9-7310fed37a41', 'cc476d5b-f153-420d-bfc4-b30dfa82f213', 'LeadSoftwareArchitect', '11892');
INSERT INTO `SkillSet` (`id`) VALUES ('11893');
INSERT INTO `SkillSet_skills` (`SkillSet_id`, `skills`) VALUES ('11893', 'Ant');
INSERT INTO `Mission` (`id`, `companyName`, `shortName`, `role`, `skillSet_id`) VALUES ('11893', 'ded84df1-30c4-41ea-bf95-40d678359d1f', '21d86e4e-9562-4f2d-9e28-df6eed4b4d62', 'SeniorSoftwareEngineer', '11893');
INSERT INTO `SkillSet` (`id`) VALUES ('11894');
INSERT INTO `SkillSet_skills` (`SkillSet_id`, `skills`) VALUES ('11894', 'dotNet');
INSERT INTO `SkillSet_skills` (`SkillSet_id`, `skills`) VALUES ('11894', 'Ant');
INSERT INTO `SkillSet_skills` (`SkillSet_id`, `skills`) VALUES ('11894', 'Ant');
INSERT INTO `SkillSet_skills` (`SkillSet_id`, `skills`) VALUES ('11894', 'Maven');
INSERT INTO `SkillSet_skills` (`SkillSet_id`, `skills`) VALUES ('11894', 'SQL');
INSERT INTO `Mission` (`id`, `companyName`, `shortName`, `role`, `skillSet_id`) VALUES ('11894', '6ca8d13e-46b4-4d74-92d0-2b3fe9a93287', '86506688-7b1f-4682-82e3-c2763318084b', 'JuniorSoftwareEngineer', '11894');
INSERT INTO `SkillSet` (`id`) VALUES ('11895');
INSERT INTO `SkillSet_skills` (`SkillSet_id`, `skills`) VALUES ('11895', 'Ant');
INSERT INTO `SkillSet_skills` (`SkillSet_id`, `skills`) VALUES ('11895', 'Architektur');
INSERT INTO `SkillSet_skills` (`SkillSet_id`, `skills`) VALUES ('11895', 'UnitTesting');
INSERT INTO `SkillSet_skills` (`SkillSet_id`, `skills`) VALUES ('11895', 'Java');
INSERT INTO `Mission` (`id`, `companyName`, `shortName`, `role`, `skillSet_id`) VALUES ('11895', '55f0b463-48ed-46fb-9162-7b5c2e4ff0be', '23d1ffac-62b3-4214-b34b-4d30efe61a72', 'LeadEngineer', '11895');
INSERT INTO `SkillSet` (`id`) VALUES ('11896');
INSERT INTO `SkillSet_skills` (`SkillSet_id`, `skills`) VALUES ('11896', 'SQL');
INSERT INTO `Mission` (`id`, `companyName`, `shortName`, `role`, `skillSet_id`) VALUES ('11896', '8dcc40c3-b091-4109-8303-6253291f29be', '6e4ae019-c61a-420f-9040-6105f68da2db', 'JuniorSoftwareEngineer', '11896');
INSERT INTO `SkillSet` (`id`) VALUES ('11897');
INSERT INTO `SkillSet_skills` (`SkillSet_id`, `skills`) VALUES ('11897', 'dotNet');
INSERT INTO `SkillSet_skills` (`SkillSet_id`, `skills`) VALUES ('11897', 'Architektur');
INSERT INTO `SkillSet_skills` (`SkillSet_id`, `skills`) VALUES ('11897', 'UITesting');
INSERT INTO `Mission` (`id`, `companyName`, `shortName`, `role`, `skillSet_id`) VALUES ('11897', '96fc7bbe-bfdd-4173-ba0c-894cca9ea80e', '7941ca11-6d0e-4428-9fe9-cabf0a142923', 'LeadSoftwareArchitect', '11897');
INSERT INTO `SkillSet` (`id`) VALUES ('11898');
INSERT INTO `SkillSet_skills` (`SkillSet_id`, `skills`) VALUES ('11898', 'SQL');
INSERT INTO `SkillSet_skills` (`SkillSet_id`, `skills`) VALUES ('11898', 'UnitTesting');
INSERT INTO `Mission` (`id`, `companyName`, `shortName`, `role`, `skillSet_id`) VALUES ('11898', '3ea263af-faea-493b-aa7a-e80657f95a68', '86bfce0b-5261-48ad-a15a-fc72d2eccb18', 'JuniorSoftwareEngineer', '11898');
INSERT INTO `SkillSet` (`id`) VALUES ('11899');
INSERT INTO `SkillSet_skills` (`SkillSet_id`, `skills`) VALUES ('11899', 'Architektur');
INSERT INTO `SkillSet_skills` (`SkillSet_id`, `skills`) VALUES ('11899', 'Maven');
INSERT INTO `SkillSet_skills` (`SkillSet_id`, `skills`) VALUES ('11899', 'Gradle');
INSERT INTO `Mission` (`id`, `companyName`, `shortName`, `role`, `skillSet_id`) VALUES ('11899', '3c14107a-805e-4a72-b002-3fb9f88ebc4d', 'ed3cd174-0645-4699-95e8-5fa51cfcc660', 'SoftwareEngineer', '11899');
INSERT INTO `SkillSet` (`id`) VALUES ('11900');
INSERT INTO `SkillSet_skills` (`SkillSet_id`, `skills`) VALUES ('11900', 'SQL');
INSERT INTO `SkillSet_skills` (`SkillSet_id`, `skills`) VALUES ('11900', 'Maven');
INSERT INTO `SkillSet_skills` (`SkillSet_id`, `skills`) VALUES ('11900', 'Gradle');
INSERT INTO `SkillSet_skills` (`SkillSet_id`, `skills`) VALUES ('11900', 'Java');
INSERT INTO `SkillSet_skills` (`SkillSet_id`, `skills`) VALUES ('11900', 'Architektur');
INSERT INTO `Mission` (`id`, `companyName`, `shortName`, `role`, `skillSet_id`) VALUES ('11900', 'cc7c2d56-a495-409f-8c03-7b61320798b1', '25bda1a2-a330-44e0-b842-15e613c36bc9', 'SeniorSoftwareEngineer', '11900');
INSERT INTO `SkillSet` (`id`) VALUES ('11901');
INSERT INTO `SkillSet_skills` (`SkillSet_id`, `skills`) VALUES ('11901', 'Architektur');
INSERT INTO `SkillSet_skills` (`SkillSet_id`, `skills`) VALUES ('11901', 'Java');
INSERT INTO `SkillSet_skills` (`SkillSet_id`, `skills`) VALUES ('11901', 'UnitTesting');
INSERT INTO `SkillSet_skills` (`SkillSet_id`, `skills`) VALUES ('11901', 'Gradle');
INSERT INTO `SkillSet_skills` (`SkillSet_id`, `skills`) VALUES ('11901', 'UITesting');
INSERT INTO `Mission` (`id`, `companyName`, `shortName`, `role`, `skillSet_id`) VALUES ('11901', 'c1b70393-b1a5-451f-a586-1e9e30230f24', '2ce06f7d-a587-4631-9f81-2c72254394c4', 'JuniorSoftwareEngineer', '11901');
INSERT INTO `SkillSet` (`id`) VALUES ('11902');
INSERT INTO `SkillSet_skills` (`SkillSet_id`, `skills`) VALUES ('11902', 'UITesting');
INSERT INTO `SkillSet_skills` (`SkillSet_id`, `skills`) VALUES ('11902', 'SQL');
INSERT INTO `Mission` (`id`, `companyName`, `shortName`, `role`, `skillSet_id`) VALUES ('11902', '06b972c9-1826-4ed9-b308-a9c96178aa6c', '5c3aff70-680b-48bb-b38b-a798b9dfbd87', 'JuniorSoftwareEngineer', '11902');
INSERT INTO `SkillSet` (`id`) VALUES ('11903');
INSERT INTO `SkillSet_skills` (`SkillSet_id`, `skills`) VALUES ('11903', 'Gradle');
INSERT INTO `SkillSet_skills` (`SkillSet_id`, `skills`) VALUES ('11903', 'SQL');
INSERT INTO `Mission` (`id`, `companyName`, `shortName`, `role`, `skillSet_id`) VALUES ('11903', '1de5abc6-d949-468b-aa3e-5db3806bfc17', '5119e2f4-b298-4fd4-bfcc-d2885da95835', 'SeniorSoftwareEngineer', '11903');
INSERT INTO `SkillSet` (`id`) VALUES ('11904');
INSERT INTO `SkillSet_skills` (`SkillSet_id`, `skills`) VALUES ('11904', 'Gradle');
INSERT INTO `SkillSet_skills` (`SkillSet_id`, `skills`) VALUES ('11904', 'SQL');
INSERT INTO `SkillSet_skills` (`SkillSet_id`, `skills`) VALUES ('11904', 'UnitTesting');
INSERT INTO `SkillSet_skills` (`SkillSet_id`, `skills`) VALUES ('11904', 'Ant');
INSERT INTO `Mission` (`id`, `companyName`, `shortName`, `role`, `skillSet_id`) VALUES ('11904', '9f41386d-37b8-496e-b6b0-38a530f23fad', 'd641c279-cec9-4418-b9f4-0d265d866a37', 'SoftwareEngineer', '11904');
INSERT INTO `SkillSet` (`id`) VALUES ('11905');
INSERT INTO `SkillSet_skills` (`SkillSet_id`, `skills`) VALUES ('11905', 'Maven');
INSERT INTO `SkillSet_skills` (`SkillSet_id`, `skills`) VALUES ('11905', 'SQL');
INSERT INTO `SkillSet_skills` (`SkillSet_id`, `skills`) VALUES ('11905', 'dotNet');
INSERT INTO `Mission` (`id`, `companyName`, `shortName`, `role`, `skillSet_id`) VALUES ('11905', 'd4a04ca4-0488-48d1-9f60-162cbef3db75', '911599b4-e4df-4f22-8cd2-3c6f737627e7', 'LeadEngineer', '11905');
INSERT INTO `SkillSet` (`id`) VALUES ('11906');
INSERT INTO `SkillSet_skills` (`SkillSet_id`, `skills`) VALUES ('11906', 'UITesting');
INSERT INTO `SkillSet_skills` (`SkillSet_id`, `skills`) VALUES ('11906', 'UnitTesting');
INSERT INTO `Mission` (`id`, `companyName`, `shortName`, `role`, `skillSet_id`) VALUES ('11906', 'f5bae867-d3f1-4fed-8a1e-54172736e228', '9c0335f2-809d-4e96-a232-b4e5984bfc63', 'JuniorSoftwareEngineer', '11906');
INSERT INTO `SkillSet` (`id`) VALUES ('11907');
INSERT INTO `SkillSet_skills` (`SkillSet_id`, `skills`) VALUES ('11907', 'UITesting');
INSERT INTO `SkillSet_skills` (`SkillSet_id`, `skills`) VALUES ('11907', 'Java');
INSERT INTO `Mission` (`id`, `companyName`, `shortName`, `role`, `skillSet_id`) VALUES ('11907', '8d02d1b2-ee86-4421-9cc8-a58fa9ac594b', '6434ee1a-ddf9-4a0c-9013-9456ea980402', 'SoftwareEngineer', '11907');
INSERT INTO `SkillSet` (`id`) VALUES ('11908');
INSERT INTO `SkillSet_skills` (`SkillSet_id`, `skills`) VALUES ('11908', 'dotNet');
INSERT INTO `SkillSet_skills` (`SkillSet_id`, `skills`) VALUES ('11908', 'dotNet');
INSERT INTO `SkillSet_skills` (`SkillSet_id`, `skills`) VALUES ('11908', 'Java');
INSERT INTO `Mission` (`id`, `companyName`, `shortName`, `role`, `skillSet_id`) VALUES ('11908', 'eeb19c42-247a-45af-a9a5-27c409618751', '5a9bed1a-619f-4f35-9427-7b2763c98b9d', 'SoftwareEngineer', '11908');
INSERT INTO `SkillSet` (`id`) VALUES ('11909');
INSERT INTO `SkillSet_skills` (`SkillSet_id`, `skills`) VALUES ('11909', 'Java');
INSERT INTO `Mission` (`id`, `companyName`, `shortName`, `role`, `skillSet_id`) VALUES ('11909', '056c1cf4-724d-440b-af32-39864683a1bb', '2a2d46ce-0795-4539-86c2-4adbe5b1f687', 'SeniorSoftwareEngineer', '11909');
INSERT INTO `SkillSet` (`id`) VALUES ('11910');
INSERT INTO `SkillSet_skills` (`SkillSet_id`, `skills`) VALUES ('11910', 'Gradle');
INSERT INTO `SkillSet_skills` (`SkillSet_id`, `skills`) VALUES ('11910', 'SQL');
INSERT INTO `SkillSet_skills` (`SkillSet_id`, `skills`) VALUES ('11910', 'Maven');
INSERT INTO `SkillSet_skills` (`SkillSet_id`, `skills`) VALUES ('11910', 'Maven');
INSERT INTO `SkillSet_skills` (`SkillSet_id`, `skills`) VALUES ('11910', 'SQL');
INSERT INTO `Mission` (`id`, `companyName`, `shortName`, `role`, `skillSet_id`) VALUES ('11910', '61bcbd5a-ffed-4b59-8194-9b5960fab158', 'ab225749-c5a0-4f9e-9ef5-4bb25c0469d9', 'SeniorSoftwareEngineer', '11910');
INSERT INTO `SkillSet` (`id`) VALUES ('11911');
INSERT INTO `SkillSet_skills` (`SkillSet_id`, `skills`) VALUES ('11911', 'UITesting');
INSERT INTO `SkillSet_skills` (`SkillSet_id`, `skills`) VALUES ('11911', 'Architektur');
INSERT INTO `SkillSet_skills` (`SkillSet_id`, `skills`) VALUES ('11911', 'Architektur');
INSERT INTO `SkillSet_skills` (`SkillSet_id`, `skills`) VALUES ('11911', 'Architektur');
INSERT INTO `SkillSet_skills` (`SkillSet_id`, `skills`) VALUES ('11911', 'SQL');
INSERT INTO `Mission` (`id`, `companyName`, `shortName`, `role`, `skillSet_id`) VALUES ('11911', '73a861c0-bdcd-4953-9834-27f9496ab75d', '87cace4a-9bae-43d5-b685-6f5698b1e933', 'SoftwareEngineer', '11911');
INSERT INTO `SkillSet` (`id`) VALUES ('11912');
INSERT INTO `SkillSet_skills` (`SkillSet_id`, `skills`) VALUES ('11912', 'Java');
INSERT INTO `SkillSet_skills` (`SkillSet_id`, `skills`) VALUES ('11912', 'Java');
INSERT INTO `SkillSet_skills` (`SkillSet_id`, `skills`) VALUES ('11912', 'UnitTesting');
INSERT INTO `SkillSet_skills` (`SkillSet_id`, `skills`) VALUES ('11912', 'Architektur');
INSERT INTO `Mission` (`id`, `companyName`, `shortName`, `role`, `skillSet_id`) VALUES ('11912', '9f014e8f-4b2e-4f7d-9400-289ab5154b14', '4541cda4-f1b6-4334-98ff-d56c8ba8e216', 'JuniorSoftwareEngineer', '11912');
INSERT INTO `SkillSet` (`id`) VALUES ('11913');
INSERT INTO `SkillSet_skills` (`SkillSet_id`, `skills`) VALUES ('11913', 'Java');
INSERT INTO `SkillSet_skills` (`SkillSet_id`, `skills`) VALUES ('11913', 'UnitTesting');
INSERT INTO `Mission` (`id`, `companyName`, `shortName`, `role`, `skillSet_id`) VALUES ('11913', '1f67e74b-11a2-4b09-9957-a81d46726fa5', '28c92f71-9cdb-439f-8fde-93f43227188b', 'PrincipalConsultant', '11913');
INSERT INTO `SkillSet` (`id`) VALUES ('11914');
INSERT INTO `SkillSet_skills` (`SkillSet_id`, `skills`) VALUES ('11914', 'Architektur');
INSERT INTO `SkillSet_skills` (`SkillSet_id`, `skills`) VALUES ('11914', 'Architektur');
INSERT INTO `SkillSet_skills` (`SkillSet_id`, `skills`) VALUES ('11914', 'UITesting');
INSERT INTO `SkillSet_skills` (`SkillSet_id`, `skills`) VALUES ('11914', 'SQL');
INSERT INTO `SkillSet_skills` (`SkillSet_id`, `skills`) VALUES ('11914', 'Ant');
INSERT INTO `Mission` (`id`, `companyName`, `shortName`, `role`, `skillSet_id`) VALUES ('11914', 'a075e161-eae9-4589-b54f-b109191ddf1c', 'b76a8ca1-6532-41c6-963c-9380ed68b553', 'PrincipalConsultant', '11914');
INSERT INTO `SkillSet` (`id`) VALUES ('11915');
INSERT INTO `SkillSet_skills` (`SkillSet_id`, `skills`) VALUES ('11915', 'Ant');
INSERT INTO `SkillSet_skills` (`SkillSet_id`, `skills`) VALUES ('11915', 'Ant');
INSERT INTO `SkillSet_skills` (`SkillSet_id`, `skills`) VALUES ('11915', 'UITesting');
INSERT INTO `SkillSet_skills` (`SkillSet_id`, `skills`) VALUES ('11915', 'Maven');
INSERT INTO `SkillSet_skills` (`SkillSet_id`, `skills`) VALUES ('11915', 'dotNet');
INSERT INTO `Mission` (`id`, `companyName`, `shortName`, `role`, `skillSet_id`) VALUES ('11915', '05dc94fd-0aba-4c0e-80a7-a81338a98dc7', 'bbe5e425-f16f-46eb-8d7c-252d53f614e2', 'LeadSoftwareArchitect', '11915');
INSERT INTO `SkillSet` (`id`) VALUES ('11916');
INSERT INTO `SkillSet_skills` (`SkillSet_id`, `skills`) VALUES ('11916', 'Gradle');
INSERT INTO `Mission` (`id`, `companyName`, `shortName`, `role`, `skillSet_id`) VALUES ('11916', 'a543d1c8-71d6-43fb-aaf7-11643fe48560', '3ad18618-d7f0-43fb-89bb-1dedefd8e883', 'LeadEngineer', '11916');
INSERT INTO `SkillSet` (`id`) VALUES ('11917');
INSERT INTO `SkillSet_skills` (`SkillSet_id`, `skills`) VALUES ('11917', 'dotNet');
INSERT INTO `SkillSet_skills` (`SkillSet_id`, `skills`) VALUES ('11917', 'Ant');
INSERT INTO `SkillSet_skills` (`SkillSet_id`, `skills`) VALUES ('11917', 'UITesting');
INSERT INTO `Mission` (`id`, `companyName`, `shortName`, `role`, `skillSet_id`) VALUES ('11917', '0da2475c-95d5-46ee-a9d2-987601924130', 'b2443e8d-1549-4424-b854-96a6b74c5078', 'LeadSoftwareArchitect', '11917');
INSERT INTO `SkillSet` (`id`) VALUES ('11918');
INSERT INTO `SkillSet_skills` (`SkillSet_id`, `skills`) VALUES ('11918', 'Maven');
INSERT INTO `SkillSet_skills` (`SkillSet_id`, `skills`) VALUES ('11918', 'Architektur');
INSERT INTO `Mission` (`id`, `companyName`, `shortName`, `role`, `skillSet_id`) VALUES ('11918', '9929056c-6eab-42c7-a321-b986afc11eaf', '25ec8aa9-611b-4687-862d-e8372d67216e', 'JuniorSoftwareEngineer', '11918');
INSERT INTO `SkillSet` (`id`) VALUES ('11919');
INSERT INTO `SkillSet_skills` (`SkillSet_id`, `skills`) VALUES ('11919', 'Ant');
INSERT INTO `SkillSet_skills` (`SkillSet_id`, `skills`) VALUES ('11919', 'UnitTesting');
INSERT INTO `SkillSet_skills` (`SkillSet_id`, `skills`) VALUES ('11919', 'UnitTesting');
INSERT INTO `SkillSet_skills` (`SkillSet_id`, `skills`) VALUES ('11919', 'Gradle');
INSERT INTO `SkillSet_skills` (`SkillSet_id`, `skills`) VALUES ('11919', 'Gradle');
INSERT INTO `Mission` (`id`, `companyName`, `shortName`, `role`, `skillSet_id`) VALUES ('11919', '7bd97293-5f9b-487b-af76-2f42ab187a15', '902f8d69-db0a-4aaf-8867-3971d0247ab1', 'PrincipalConsultant', '11919');
INSERT INTO `SkillSet` (`id`) VALUES ('11920');
INSERT INTO `SkillSet_skills` (`SkillSet_id`, `skills`) VALUES ('11920', 'Architektur');
INSERT INTO `Mission` (`id`, `companyName`, `shortName`, `role`, `skillSet_id`) VALUES ('11920', '3f489222-368f-4fd2-8c07-cff3458d285f', '7e434a39-66a7-4230-b86d-86aa797951cf', 'PrincipalConsultant', '11920');
INSERT INTO `SkillSet` (`id`) VALUES ('11921');
INSERT INTO `SkillSet_skills` (`SkillSet_id`, `skills`) VALUES ('11921', 'UITesting');
INSERT INTO `SkillSet_skills` (`SkillSet_id`, `skills`) VALUES ('11921', 'UITesting');
INSERT INTO `SkillSet_skills` (`SkillSet_id`, `skills`) VALUES ('11921', 'dotNet');
INSERT INTO `SkillSet_skills` (`SkillSet_id`, `skills`) VALUES ('11921', 'Maven');
INSERT INTO `SkillSet_skills` (`SkillSet_id`, `skills`) VALUES ('11921', 'UnitTesting');
INSERT INTO `Mission` (`id`, `companyName`, `shortName`, `role`, `skillSet_id`) VALUES ('11921', 'ca81b937-e96e-460a-afe9-a506b2f194ce', '76207267-7d44-44e4-9ce6-bcdbfc923b1e', 'LeadEngineer', '11921');
INSERT INTO `SkillSet` (`id`) VALUES ('11922');
INSERT INTO `SkillSet_skills` (`SkillSet_id`, `skills`) VALUES ('11922', 'Architektur');
INSERT INTO `SkillSet_skills` (`SkillSet_id`, `skills`) VALUES ('11922', 'UnitTesting');
INSERT INTO `Mission` (`id`, `companyName`, `shortName`, `role`, `skillSet_id`) VALUES ('11922', '1b0562ea-65e0-4221-b3c4-2960dfd931e3', '2b41da66-364c-4c4a-9e12-ecd746236fed', 'SeniorSoftwareEngineer', '11922');
INSERT INTO `SkillSet` (`id`) VALUES ('11923');
INSERT INTO `SkillSet_skills` (`SkillSet_id`, `skills`) VALUES ('11923', 'Gradle');
INSERT INTO `Mission` (`id`, `companyName`, `shortName`, `role`, `skillSet_id`) VALUES ('11923', 'cac4154b-2efa-41a0-9a0e-b67419c59bcb', '8505b04b-210e-40e5-9d16-482a9110f50b', 'SeniorSoftwareEngineer', '11923');
INSERT INTO `SkillSet` (`id`) VALUES ('11924');
INSERT INTO `SkillSet_skills` (`SkillSet_id`, `skills`) VALUES ('11924', 'SQL');
INSERT INTO `SkillSet_skills` (`SkillSet_id`, `skills`) VALUES ('11924', 'UITesting');
INSERT INTO `SkillSet_skills` (`SkillSet_id`, `skills`) VALUES ('11924', 'UnitTesting');
INSERT INTO `Mission` (`id`, `companyName`, `shortName`, `role`, `skillSet_id`) VALUES ('11924', 'f5837e3f-6dd8-469c-8d49-3a1ea3029cc8', 'b2122dc0-4d32-432f-ae55-e8117ba2f734', 'LeadSoftwareArchitect', '11924');
INSERT INTO `SkillSet` (`id`) VALUES ('11925');
INSERT INTO `SkillSet_skills` (`SkillSet_id`, `skills`) VALUES ('11925', 'Architektur');
INSERT INTO `SkillSet_skills` (`SkillSet_id`, `skills`) VALUES ('11925', 'Ant');
INSERT INTO `SkillSet_skills` (`SkillSet_id`, `skills`) VALUES ('11925', 'Gradle');
INSERT INTO `SkillSet_skills` (`SkillSet_id`, `skills`) VALUES ('11925', 'Ant');
INSERT INTO `Mission` (`id`, `companyName`, `shortName`, `role`, `skillSet_id`) VALUES ('11925', '031afb7f-286c-40a9-9258-f40663d86ec6', '19046b05-11e0-4055-86a0-831be7a8a83e', 'JuniorSoftwareEngineer', '11925');
INSERT INTO `SkillSet` (`id`) VALUES ('11926');
INSERT INTO `SkillSet_skills` (`SkillSet_id`, `skills`) VALUES ('11926', 'UITesting');
INSERT INTO `SkillSet_skills` (`SkillSet_id`, `skills`) VALUES ('11926', 'dotNet');
INSERT INTO `SkillSet_skills` (`SkillSet_id`, `skills`) VALUES ('11926', 'Java');
INSERT INTO `SkillSet_skills` (`SkillSet_id`, `skills`) VALUES ('11926', 'Java');
INSERT INTO `Mission` (`id`, `companyName`, `shortName`, `role`, `skillSet_id`) VALUES ('11926', '5171ac30-21e8-4f04-bd95-059c1fbcee2b', '26e83bd0-c810-404f-82dc-7c6e3436e9ee', 'LeadEngineer', '11926');
INSERT INTO `SkillSet` (`id`) VALUES ('11927');
INSERT INTO `SkillSet_skills` (`SkillSet_id`, `skills`) VALUES ('11927', 'Java');
INSERT INTO `SkillSet_skills` (`SkillSet_id`, `skills`) VALUES ('11927', 'Java');
INSERT INTO `Mission` (`id`, `companyName`, `shortName`, `role`, `skillSet_id`) VALUES ('11927', '70a195c9-ab00-4a54-aa3a-8adb587af57c', 'f3b010f1-e556-4d70-9564-a541dcea26d3', 'LeadEngineer', '11927');
INSERT INTO `SkillSet` (`id`) VALUES ('11928');
INSERT INTO `SkillSet_skills` (`SkillSet_id`, `skills`) VALUES ('11928', 'Ant');
INSERT INTO `SkillSet_skills` (`SkillSet_id`, `skills`) VALUES ('11928', 'UITesting');
INSERT INTO `SkillSet_skills` (`SkillSet_id`, `skills`) VALUES ('11928', 'Gradle');
INSERT INTO `SkillSet_skills` (`SkillSet_id`, `skills`) VALUES ('11928', 'dotNet');
INSERT INTO `SkillSet_skills` (`SkillSet_id`, `skills`) VALUES ('11928', 'dotNet');
INSERT INTO `Mission` (`id`, `companyName`, `shortName`, `role`, `skillSet_id`) VALUES ('11928', 'b45af215-d215-4173-b506-0ae1c2f162f9', '8924794e-ef63-42c5-9737-d2f9314f8c73', 'SoftwareEngineer', '11928');
INSERT INTO `SkillSet` (`id`) VALUES ('11929');
INSERT INTO `SkillSet_skills` (`SkillSet_id`, `skills`) VALUES ('11929', 'UnitTesting');
INSERT INTO `SkillSet_skills` (`SkillSet_id`, `skills`) VALUES ('11929', 'Architektur');
INSERT INTO `Mission` (`id`, `companyName`, `shortName`, `role`, `skillSet_id`) VALUES ('11929', 'c9fc322d-6319-4f2d-a7b4-bf04ad311a3e', '38507982-c625-4eee-9d52-a6fa5368a438', 'SeniorSoftwareEngineer', '11929');
INSERT INTO `SkillSet` (`id`) VALUES ('11930');
INSERT INTO `SkillSet_skills` (`SkillSet_id`, `skills`) VALUES ('11930', 'Java');
INSERT INTO `SkillSet_skills` (`SkillSet_id`, `skills`) VALUES ('11930', 'Gradle');
INSERT INTO `SkillSet_skills` (`SkillSet_id`, `skills`) VALUES ('11930', 'dotNet');
INSERT INTO `SkillSet_skills` (`SkillSet_id`, `skills`) VALUES ('11930', 'Maven');
INSERT INTO `Mission` (`id`, `companyName`, `shortName`, `role`, `skillSet_id`) VALUES ('11930', '0ad7b03a-1f15-4873-b103-ab086d1cb4ba', '5211df5a-ebb7-47be-8340-2acbded09117', 'SoftwareEngineer', '11930');
INSERT INTO `SkillSet` (`id`) VALUES ('11931');
INSERT INTO `SkillSet_skills` (`SkillSet_id`, `skills`) VALUES ('11931', 'Ant');
INSERT INTO `SkillSet_skills` (`SkillSet_id`, `skills`) VALUES ('11931', 'Gradle');
INSERT INTO `SkillSet_skills` (`SkillSet_id`, `skills`) VALUES ('11931', 'Maven');
INSERT INTO `SkillSet_skills` (`SkillSet_id`, `skills`) VALUES ('11931', 'UITesting');
INSERT INTO `Mission` (`id`, `companyName`, `shortName`, `role`, `skillSet_id`) VALUES ('11931', '58356f0a-c368-49a8-8b62-60594a3d0b94', 'c18d385f-b706-4b49-9eb3-0369edf13fcd', 'JuniorSoftwareEngineer', '11931');
INSERT INTO `SkillSet` (`id`) VALUES ('11932');
INSERT INTO `SkillSet_skills` (`SkillSet_id`, `skills`) VALUES ('11932', 'Ant');
INSERT INTO `Mission` (`id`, `companyName`, `shortName`, `role`, `skillSet_id`) VALUES ('11932', 'fe223406-b34a-42bd-adc6-381202b85dcf', '1f201ea0-07c5-4b9a-8b42-4fb79b4cdb3c', 'LeadSoftwareArchitect', '11932');
INSERT INTO `SkillSet` (`id`) VALUES ('11933');
INSERT INTO `SkillSet_skills` (`SkillSet_id`, `skills`) VALUES ('11933', 'SQL');
INSERT INTO `SkillSet_skills` (`SkillSet_id`, `skills`) VALUES ('11933', 'Architektur');
INSERT INTO `SkillSet_skills` (`SkillSet_id`, `skills`) VALUES ('11933', 'Gradle');
INSERT INTO `SkillSet_skills` (`SkillSet_id`, `skills`) VALUES ('11933', 'Gradle');
INSERT INTO `SkillSet_skills` (`SkillSet_id`, `skills`) VALUES ('11933', 'UnitTesting');
INSERT INTO `Mission` (`id`, `companyName`, `shortName`, `role`, `skillSet_id`) VALUES ('11933', 'c333d640-14c6-44dc-a05e-f8c497c83561', '3a5e6791-6809-4809-992a-eeaeed45b6ee', 'SoftwareEngineer', '11933');
INSERT INTO `SkillSet` (`id`) VALUES ('11934');
INSERT INTO `SkillSet_skills` (`SkillSet_id`, `skills`) VALUES ('11934', 'UnitTesting');
INSERT INTO `Mission` (`id`, `companyName`, `shortName`, `role`, `skillSet_id`) VALUES ('11934', 'e9aab15b-7333-42c4-bde1-1b578a2ed937', '9cf440f4-e0f6-4553-a059-ca92f62cde93', 'LeadSoftwareArchitect', '11934');
INSERT INTO `SkillSet` (`id`) VALUES ('11935');
INSERT INTO `SkillSet_skills` (`SkillSet_id`, `skills`) VALUES ('11935', 'Architektur');
INSERT INTO `Mission` (`id`, `companyName`, `shortName`, `role`, `skillSet_id`) VALUES ('11935', 'da292575-98a0-49f2-9e27-762be453fb87', '194dacf8-c9f6-4c65-af02-6f695085b6f1', 'LeadEngineer', '11935');
INSERT INTO `SkillSet` (`id`) VALUES ('11936');
INSERT INTO `SkillSet_skills` (`SkillSet_id`, `skills`) VALUES ('11936', 'SQL');
INSERT INTO `SkillSet_skills` (`SkillSet_id`, `skills`) VALUES ('11936', 'Maven');
INSERT INTO `Mission` (`id`, `companyName`, `shortName`, `role`, `skillSet_id`) VALUES ('11936', '34c5f109-1fb7-4fa3-9e68-c0455210797f', 'a6a67b1d-5fd3-4693-a87d-8ba577fff5f1', 'SoftwareEngineer', '11936');
INSERT INTO `SkillSet` (`id`) VALUES ('11937');
INSERT INTO `SkillSet_skills` (`SkillSet_id`, `skills`) VALUES ('11937', 'Java');
INSERT INTO `SkillSet_skills` (`SkillSet_id`, `skills`) VALUES ('11937', 'Java');
INSERT INTO `Mission` (`id`, `companyName`, `shortName`, `role`, `skillSet_id`) VALUES ('11937', 'd84d8908-a8d4-4d4d-b908-a08af0719746', '4e2bc2e5-2ca2-4559-a2d1-21eb57e70592', 'LeadEngineer', '11937');
INSERT INTO `SkillSet` (`id`) VALUES ('11938');
INSERT INTO `SkillSet_skills` (`SkillSet_id`, `skills`) VALUES ('11938', 'dotNet');
INSERT INTO `SkillSet_skills` (`SkillSet_id`, `skills`) VALUES ('11938', 'Java');
INSERT INTO `Mission` (`id`, `companyName`, `shortName`, `role`, `skillSet_id`) VALUES ('11938', '476d6694-4e21-4218-89c5-d9ebaa5cc74d', 'd50b1e35-395c-4b3e-9d7f-2c4e1a00d927', 'SeniorSoftwareEngineer', '11938');
INSERT INTO `SkillSet` (`id`) VALUES ('11939');
INSERT INTO `SkillSet_skills` (`SkillSet_id`, `skills`) VALUES ('11939', 'Architektur');
INSERT INTO `SkillSet_skills` (`SkillSet_id`, `skills`) VALUES ('11939', 'Maven');
INSERT INTO `SkillSet_skills` (`SkillSet_id`, `skills`) VALUES ('11939', 'UITesting');
INSERT INTO `Mission` (`id`, `companyName`, `shortName`, `role`, `skillSet_id`) VALUES ('11939', '9a1b9077-afc6-48b8-bace-7719d5fe12a4', 'fe0158c8-b897-4d5a-8fa1-6c794fb300ad', 'LeadEngineer', '11939');
INSERT INTO `SkillSet` (`id`) VALUES ('11940');
INSERT INTO `SkillSet_skills` (`SkillSet_id`, `skills`) VALUES ('11940', 'Java');
INSERT INTO `SkillSet_skills` (`SkillSet_id`, `skills`) VALUES ('11940', 'UITesting');
INSERT INTO `Mission` (`id`, `companyName`, `shortName`, `role`, `skillSet_id`) VALUES ('11940', '86296783-44f2-4729-ad44-fe3b3767cf55', 'e641410c-6496-456e-9630-d79f305dec61', 'LeadEngineer', '11940');
INSERT INTO `SkillSet` (`id`) VALUES ('11941');
INSERT INTO `SkillSet_skills` (`SkillSet_id`, `skills`) VALUES ('11941', 'Gradle');
INSERT INTO `SkillSet_skills` (`SkillSet_id`, `skills`) VALUES ('11941', 'UnitTesting');
INSERT INTO `SkillSet_skills` (`SkillSet_id`, `skills`) VALUES ('11941', 'Java');
INSERT INTO `Mission` (`id`, `companyName`, `shortName`, `role`, `skillSet_id`) VALUES ('11941', '8acfb16c-4876-43e0-989b-966a62e14925', 'd5118ad1-0b8a-444d-ab81-208f4b50deef', 'PrincipalConsultant', '11941');
INSERT INTO `SkillSet` (`id`) VALUES ('11942');
INSERT INTO `SkillSet_skills` (`SkillSet_id`, `skills`) VALUES ('11942', 'Ant');
INSERT INTO `SkillSet_skills` (`SkillSet_id`, `skills`) VALUES ('11942', 'Maven');
INSERT INTO `SkillSet_skills` (`SkillSet_id`, `skills`) VALUES ('11942', 'UnitTesting');
INSERT INTO `Mission` (`id`, `companyName`, `shortName`, `role`, `skillSet_id`) VALUES ('11942', '4facd553-9204-422f-ad82-1e8b65dcb05d', '0a380c13-7bb1-404a-aeb9-296d55519b17', 'JuniorSoftwareEngineer', '11942');
INSERT INTO `SkillSet` (`id`) VALUES ('11943');
INSERT INTO `SkillSet_skills` (`SkillSet_id`, `skills`) VALUES ('11943', 'Architektur');
INSERT INTO `SkillSet_skills` (`SkillSet_id`, `skills`) VALUES ('11943', 'Java');
INSERT INTO `SkillSet_skills` (`SkillSet_id`, `skills`) VALUES ('11943', 'Maven');
INSERT INTO `SkillSet_skills` (`SkillSet_id`, `skills`) VALUES ('11943', 'UITesting');
INSERT INTO `Mission` (`id`, `companyName`, `shortName`, `role`, `skillSet_id`) VALUES ('11943', '1380916a-ef36-492e-b4f3-db2e8786589a', '76964357-d43e-4f3b-b9db-146df8ea7707', 'SeniorSoftwareEngineer', '11943');
INSERT INTO `SkillSet` (`id`) VALUES ('11944');
INSERT INTO `SkillSet_skills` (`SkillSet_id`, `skills`) VALUES ('11944', 'UnitTesting');
INSERT INTO `SkillSet_skills` (`SkillSet_id`, `skills`) VALUES ('11944', 'dotNet');
INSERT INTO `SkillSet_skills` (`SkillSet_id`, `skills`) VALUES ('11944', 'Architektur');
INSERT INTO `Mission` (`id`, `companyName`, `shortName`, `role`, `skillSet_id`) VALUES ('11944', '7b494109-648f-42ff-a20e-5fbea22beb6e', '8c368022-8915-43a9-abb4-ce8cafbaee5e', 'SeniorSoftwareEngineer', '11944');
INSERT INTO `SkillSet` (`id`) VALUES ('11945');
INSERT INTO `SkillSet_skills` (`SkillSet_id`, `skills`) VALUES ('11945', 'Ant');
INSERT INTO `SkillSet_skills` (`SkillSet_id`, `skills`) VALUES ('11945', 'Maven');
INSERT INTO `SkillSet_skills` (`SkillSet_id`, `skills`) VALUES ('11945', 'Maven');
INSERT INTO `SkillSet_skills` (`SkillSet_id`, `skills`) VALUES ('11945', 'Architektur');
INSERT INTO `SkillSet_skills` (`SkillSet_id`, `skills`) VALUES ('11945', 'SQL');
INSERT INTO `Mission` (`id`, `companyName`, `shortName`, `role`, `skillSet_id`) VALUES ('11945', '2bf2a649-fd71-43e2-ac76-553685b1300d', 'f52c15e8-aee7-4964-847b-484fcd9b4649', 'SoftwareEngineer', '11945');
INSERT INTO `SkillSet` (`id`) VALUES ('11946');
INSERT INTO `SkillSet_skills` (`SkillSet_id`, `skills`) VALUES ('11946', 'Gradle');
INSERT INTO `SkillSet_skills` (`SkillSet_id`, `skills`) VALUES ('11946', 'Maven');
INSERT INTO `SkillSet_skills` (`SkillSet_id`, `skills`) VALUES ('11946', 'Java');
INSERT INTO `Mission` (`id`, `companyName`, `shortName`, `role`, `skillSet_id`) VALUES ('11946', '04447117-3f40-4c77-8235-89facfa9696a', '52d23153-eb2d-46a3-aa9d-e9b8aa527e57', 'SeniorSoftwareEngineer', '11946');
INSERT INTO `SkillSet` (`id`) VALUES ('11947');
INSERT INTO `SkillSet_skills` (`SkillSet_id`, `skills`) VALUES ('11947', 'Architektur');
INSERT INTO `SkillSet_skills` (`SkillSet_id`, `skills`) VALUES ('11947', 'Java');
INSERT INTO `SkillSet_skills` (`SkillSet_id`, `skills`) VALUES ('11947', 'UITesting');
INSERT INTO `Mission` (`id`, `companyName`, `shortName`, `role`, `skillSet_id`) VALUES ('11947', 'e4777e2c-678e-4ddd-89a8-621d22ed43f1', '0454706b-2f8f-40e6-b483-a453e23340f4', 'LeadEngineer', '11947');
INSERT INTO `SkillSet` (`id`) VALUES ('11948');
INSERT INTO `SkillSet_skills` (`SkillSet_id`, `skills`) VALUES ('11948', 'Java');
INSERT INTO `SkillSet_skills` (`SkillSet_id`, `skills`) VALUES ('11948', 'Java');
INSERT INTO `SkillSet_skills` (`SkillSet_id`, `skills`) VALUES ('11948', 'dotNet');
INSERT INTO `SkillSet_skills` (`SkillSet_id`, `skills`) VALUES ('11948', 'SQL');
INSERT INTO `SkillSet_skills` (`SkillSet_id`, `skills`) VALUES ('11948', 'Architektur');
INSERT INTO `Mission` (`id`, `companyName`, `shortName`, `role`, `skillSet_id`) VALUES ('11948', '9326904f-86f2-447b-801b-2a3a35f83c60', '71b25a79-27fd-4807-b5ef-101f843553a0', 'PrincipalConsultant', '11948');
INSERT INTO `SkillSet` (`id`) VALUES ('11949');
INSERT INTO `SkillSet_skills` (`SkillSet_id`, `skills`) VALUES ('11949', 'UnitTesting');
INSERT INTO `SkillSet_skills` (`SkillSet_id`, `skills`) VALUES ('11949', 'UITesting');
INSERT INTO `Mission` (`id`, `companyName`, `shortName`, `role`, `skillSet_id`) VALUES ('11949', '86abed6c-8ae6-478f-897a-c28ec1aff3c8', 'e768caaf-f32f-45b8-b8c4-68693361caff', 'LeadEngineer', '11949');
INSERT INTO `SkillSet` (`id`) VALUES ('11950');
INSERT INTO `SkillSet_skills` (`SkillSet_id`, `skills`) VALUES ('11950', 'UnitTesting');
INSERT INTO `SkillSet_skills` (`SkillSet_id`, `skills`) VALUES ('11950', 'Gradle');
INSERT INTO `Mission` (`id`, `companyName`, `shortName`, `role`, `skillSet_id`) VALUES ('11950', '08e8c98c-fd97-491c-a4a4-7499213b0087', 'b7bc1ec0-11f7-463b-a090-55ee48ab5a86', 'PrincipalConsultant', '11950');
INSERT INTO `SkillSet` (`id`) VALUES ('11951');
INSERT INTO `SkillSet_skills` (`SkillSet_id`, `skills`) VALUES ('11951', 'Gradle');
INSERT INTO `SkillSet_skills` (`SkillSet_id`, `skills`) VALUES ('11951', 'Architektur');
INSERT INTO `SkillSet_skills` (`SkillSet_id`, `skills`) VALUES ('11951', 'Java');
INSERT INTO `SkillSet_skills` (`SkillSet_id`, `skills`) VALUES ('11951', 'UnitTesting');
INSERT INTO `SkillSet_skills` (`SkillSet_id`, `skills`) VALUES ('11951', 'dotNet');
INSERT INTO `Mission` (`id`, `companyName`, `shortName`, `role`, `skillSet_id`) VALUES ('11951', '618cb1ca-697c-4fc7-b64f-5084a4d77401', '4cee7e0e-9fae-43f2-b8d6-8f562c233256', 'PrincipalConsultant', '11951');
INSERT INTO `SkillSet` (`id`) VALUES ('11952');
INSERT INTO `SkillSet_skills` (`SkillSet_id`, `skills`) VALUES ('11952', 'Architektur');
INSERT INTO `SkillSet_skills` (`SkillSet_id`, `skills`) VALUES ('11952', 'UITesting');
INSERT INTO `SkillSet_skills` (`SkillSet_id`, `skills`) VALUES ('11952', 'Maven');
INSERT INTO `Mission` (`id`, `companyName`, `shortName`, `role`, `skillSet_id`) VALUES ('11952', '9eed070d-7e95-4dbf-84a4-366576e8ac1d', 'b05f9883-15b3-41b9-a638-453fd1f27af1', 'LeadEngineer', '11952');
INSERT INTO `SkillSet` (`id`) VALUES ('11953');
INSERT INTO `SkillSet_skills` (`SkillSet_id`, `skills`) VALUES ('11953', 'Java');
INSERT INTO `SkillSet_skills` (`SkillSet_id`, `skills`) VALUES ('11953', 'SQL');
INSERT INTO `SkillSet_skills` (`SkillSet_id`, `skills`) VALUES ('11953', 'dotNet');
INSERT INTO `Mission` (`id`, `companyName`, `shortName`, `role`, `skillSet_id`) VALUES ('11953', '4d03ac73-57cc-4c90-885c-754a932759b5', '017fb6ea-1d7e-488b-b8a6-9cfd09da57a2', 'SoftwareEngineer', '11953');
INSERT INTO `SkillSet` (`id`) VALUES ('11954');
INSERT INTO `SkillSet_skills` (`SkillSet_id`, `skills`) VALUES ('11954', 'Maven');
INSERT INTO `SkillSet_skills` (`SkillSet_id`, `skills`) VALUES ('11954', 'UnitTesting');
INSERT INTO `Mission` (`id`, `companyName`, `shortName`, `role`, `skillSet_id`) VALUES ('11954', '167e05a4-884f-4b5f-99e2-da3dc2d91921', '2d667e7b-69e2-49fb-80b2-d74a8999ff6d', 'SeniorSoftwareEngineer', '11954');
INSERT INTO `SkillSet` (`id`) VALUES ('11955');
INSERT INTO `SkillSet_skills` (`SkillSet_id`, `skills`) VALUES ('11955', 'dotNet');
INSERT INTO `SkillSet_skills` (`SkillSet_id`, `skills`) VALUES ('11955', 'UnitTesting');
INSERT INTO `SkillSet_skills` (`SkillSet_id`, `skills`) VALUES ('11955', 'Architektur');
INSERT INTO `Mission` (`id`, `companyName`, `shortName`, `role`, `skillSet_id`) VALUES ('11955', '5afc78ef-471b-48af-9c29-f5f7be02e476', '3a1a7338-d0d0-439a-b72e-56b36afd3fdb', 'LeadSoftwareArchitect', '11955');
INSERT INTO `SkillSet` (`id`) VALUES ('11956');
INSERT INTO `SkillSet_skills` (`SkillSet_id`, `skills`) VALUES ('11956', 'SQL');
INSERT INTO `Mission` (`id`, `companyName`, `shortName`, `role`, `skillSet_id`) VALUES ('11956', '5bcafed7-0ba1-4ec7-9724-ade1cc19e353', 'c6908cfe-7729-412c-92b6-7b5c5c9756a3', 'SoftwareEngineer', '11956');
INSERT INTO `SkillSet` (`id`) VALUES ('11957');
INSERT INTO `SkillSet_skills` (`SkillSet_id`, `skills`) VALUES ('11957', 'Gradle');
INSERT INTO `SkillSet_skills` (`SkillSet_id`, `skills`) VALUES ('11957', 'UnitTesting');
INSERT INTO `SkillSet_skills` (`SkillSet_id`, `skills`) VALUES ('11957', 'dotNet');
INSERT INTO `Mission` (`id`, `companyName`, `shortName`, `role`, `skillSet_id`) VALUES ('11957', 'e03b8085-b32e-4703-9ec3-a46938713d8f', '2c535dc1-1e54-4ced-8332-42834eebecbc', 'PrincipalConsultant', '11957');
INSERT INTO `SkillSet` (`id`) VALUES ('11958');
INSERT INTO `SkillSet_skills` (`SkillSet_id`, `skills`) VALUES ('11958', 'UITesting');
INSERT INTO `SkillSet_skills` (`SkillSet_id`, `skills`) VALUES ('11958', 'Java');
INSERT INTO `SkillSet_skills` (`SkillSet_id`, `skills`) VALUES ('11958', 'UITesting');
INSERT INTO `SkillSet_skills` (`SkillSet_id`, `skills`) VALUES ('11958', 'Ant');
INSERT INTO `SkillSet_skills` (`SkillSet_id`, `skills`) VALUES ('11958', 'Gradle');
INSERT INTO `Mission` (`id`, `companyName`, `shortName`, `role`, `skillSet_id`) VALUES ('11958', 'fce2edca-7ab6-4c96-8aa7-ef265aef7160', '7230ee32-c491-4463-ad35-ad8ef55ec963', 'SeniorSoftwareEngineer', '11958');
INSERT INTO `SkillSet` (`id`) VALUES ('11959');
INSERT INTO `SkillSet_skills` (`SkillSet_id`, `skills`) VALUES ('11959', 'Maven');
INSERT INTO `Mission` (`id`, `companyName`, `shortName`, `role`, `skillSet_id`) VALUES ('11959', 'e6d8c479-f58f-4fcc-8531-c55cc8f24286', 'e9bdce11-a31a-40ef-b5c4-9df83d1c23cb', 'PrincipalConsultant', '11959');
INSERT INTO `SkillSet` (`id`) VALUES ('11960');
INSERT INTO `SkillSet_skills` (`SkillSet_id`, `skills`) VALUES ('11960', 'UnitTesting');
INSERT INTO `SkillSet_skills` (`SkillSet_id`, `skills`) VALUES ('11960', 'SQL');
INSERT INTO `SkillSet_skills` (`SkillSet_id`, `skills`) VALUES ('11960', 'UnitTesting');
INSERT INTO `SkillSet_skills` (`SkillSet_id`, `skills`) VALUES ('11960', 'Maven');
INSERT INTO `Mission` (`id`, `companyName`, `shortName`, `role`, `skillSet_id`) VALUES ('11960', '432e6aff-92fc-4058-9328-607e0b5d6dba', 'd94bd8c3-c870-4f86-b977-951cbc37cac8', 'LeadSoftwareArchitect', '11960');
INSERT INTO `SkillSet` (`id`) VALUES ('11961');
INSERT INTO `SkillSet_skills` (`SkillSet_id`, `skills`) VALUES ('11961', 'Gradle');
INSERT INTO `SkillSet_skills` (`SkillSet_id`, `skills`) VALUES ('11961', 'UnitTesting');
INSERT INTO `SkillSet_skills` (`SkillSet_id`, `skills`) VALUES ('11961', 'Architektur');
INSERT INTO `SkillSet_skills` (`SkillSet_id`, `skills`) VALUES ('11961', 'Gradle');
INSERT INTO `Mission` (`id`, `companyName`, `shortName`, `role`, `skillSet_id`) VALUES ('11961', '792b7e54-9617-4217-89bf-6714c9e72a69', '1bb1185b-7e13-41f3-86a2-16a5ace55827', 'LeadEngineer', '11961');
INSERT INTO `SkillSet` (`id`) VALUES ('11962');
INSERT INTO `SkillSet_skills` (`SkillSet_id`, `skills`) VALUES ('11962', 'Architektur');
INSERT INTO `Mission` (`id`, `companyName`, `shortName`, `role`, `skillSet_id`) VALUES ('11962', 'f28845f5-a303-43b0-925b-380aa90ac996', '5665f916-5cf6-4c05-bf79-6ea69e7c6374', 'JuniorSoftwareEngineer', '11962');
INSERT INTO `SkillSet` (`id`) VALUES ('11963');
INSERT INTO `SkillSet_skills` (`SkillSet_id`, `skills`) VALUES ('11963', 'Gradle');
INSERT INTO `SkillSet_skills` (`SkillSet_id`, `skills`) VALUES ('11963', 'Java');
INSERT INTO `SkillSet_skills` (`SkillSet_id`, `skills`) VALUES ('11963', 'Java');
INSERT INTO `SkillSet_skills` (`SkillSet_id`, `skills`) VALUES ('11963', 'Gradle');
INSERT INTO `SkillSet_skills` (`SkillSet_id`, `skills`) VALUES ('11963', 'SQL');
INSERT INTO `Mission` (`id`, `companyName`, `shortName`, `role`, `skillSet_id`) VALUES ('11963', '4d44d8b4-7954-4d69-be93-aa32e1f4406d', 'd7d13ad0-01a5-47d1-a5dd-a8de6b5903a8', 'SeniorSoftwareEngineer', '11963');
INSERT INTO `SkillSet` (`id`) VALUES ('11964');
INSERT INTO `SkillSet_skills` (`SkillSet_id`, `skills`) VALUES ('11964', 'dotNet');
INSERT INTO `Mission` (`id`, `companyName`, `shortName`, `role`, `skillSet_id`) VALUES ('11964', '12c4d307-c40c-429d-a07a-ffc15e360da2', '8d31c7c6-79de-49f0-a4ac-33e7a920e405', 'SoftwareEngineer', '11964');
INSERT INTO `SkillSet` (`id`) VALUES ('11965');
INSERT INTO `SkillSet_skills` (`SkillSet_id`, `skills`) VALUES ('11965', 'Maven');
INSERT INTO `SkillSet_skills` (`SkillSet_id`, `skills`) VALUES ('11965', 'Maven');
INSERT INTO `SkillSet_skills` (`SkillSet_id`, `skills`) VALUES ('11965', 'UnitTesting');
INSERT INTO `SkillSet_skills` (`SkillSet_id`, `skills`) VALUES ('11965', 'UnitTesting');
INSERT INTO `SkillSet_skills` (`SkillSet_id`, `skills`) VALUES ('11965', 'Architektur');
INSERT INTO `Mission` (`id`, `companyName`, `shortName`, `role`, `skillSet_id`) VALUES ('11965', '165de554-8204-440a-9ed0-9bf696d733a8', '9707efdb-7b86-4187-a08b-22c549b54aa3', 'SeniorSoftwareEngineer', '11965');
INSERT INTO `SkillSet` (`id`) VALUES ('11966');
INSERT INTO `SkillSet_skills` (`SkillSet_id`, `skills`) VALUES ('11966', 'Maven');
INSERT INTO `Mission` (`id`, `companyName`, `shortName`, `role`, `skillSet_id`) VALUES ('11966', 'd86694ca-664d-44b6-aa47-4bb4c40c946d', '59cb1776-6b01-4047-a95a-f6f776f75ef9', 'JuniorSoftwareEngineer', '11966');
INSERT INTO `SkillSet` (`id`) VALUES ('11967');
INSERT INTO `SkillSet_skills` (`SkillSet_id`, `skills`) VALUES ('11967', 'dotNet');
INSERT INTO `SkillSet_skills` (`SkillSet_id`, `skills`) VALUES ('11967', 'Gradle');
INSERT INTO `SkillSet_skills` (`SkillSet_id`, `skills`) VALUES ('11967', 'SQL');
INSERT INTO `Mission` (`id`, `companyName`, `shortName`, `role`, `skillSet_id`) VALUES ('11967', '33ded897-d025-4cb0-892a-737897640bf5', '14ab9e20-2ea1-48ad-8ea5-4ba4bec04b64', 'LeadEngineer', '11967');
INSERT INTO `SkillSet` (`id`) VALUES ('11968');
INSERT INTO `SkillSet_skills` (`SkillSet_id`, `skills`) VALUES ('11968', 'Gradle');
INSERT INTO `Mission` (`id`, `companyName`, `shortName`, `role`, `skillSet_id`) VALUES ('11968', '7f27ef82-4973-4c45-895a-a94a8c489d80', '0f3d8cd5-f9d0-4e8e-87df-8044452fc37b', 'SeniorSoftwareEngineer', '11968');
INSERT INTO `SkillSet` (`id`) VALUES ('11969');
INSERT INTO `SkillSet_skills` (`SkillSet_id`, `skills`) VALUES ('11969', 'Maven');
INSERT INTO `SkillSet_skills` (`SkillSet_id`, `skills`) VALUES ('11969', 'Ant');
INSERT INTO `SkillSet_skills` (`SkillSet_id`, `skills`) VALUES ('11969', 'Ant');
INSERT INTO `SkillSet_skills` (`SkillSet_id`, `skills`) VALUES ('11969', 'Architektur');
INSERT INTO `Mission` (`id`, `companyName`, `shortName`, `role`, `skillSet_id`) VALUES ('11969', 'bd564d74-0cb5-4051-b7ab-e36ab8d40de1', '656bca7f-cd6b-42f3-a5cd-dca4a3b5485a', 'SoftwareEngineer', '11969');
INSERT INTO `SkillSet` (`id`) VALUES ('11970');
INSERT INTO `SkillSet_skills` (`SkillSet_id`, `skills`) VALUES ('11970', 'Gradle');
INSERT INTO `Mission` (`id`, `companyName`, `shortName`, `role`, `skillSet_id`) VALUES ('11970', '6acb6b05-559c-4694-9ea5-69e4220f5355', '67e3a1a1-183b-4a72-8a66-3aae8e1637c7', 'PrincipalConsultant', '11970');
INSERT INTO `SkillSet` (`id`) VALUES ('11971');
INSERT INTO `SkillSet_skills` (`SkillSet_id`, `skills`) VALUES ('11971', 'Gradle');
INSERT INTO `SkillSet_skills` (`SkillSet_id`, `skills`) VALUES ('11971', 'Gradle');
INSERT INTO `SkillSet_skills` (`SkillSet_id`, `skills`) VALUES ('11971', 'SQL');
INSERT INTO `SkillSet_skills` (`SkillSet_id`, `skills`) VALUES ('11971', 'Ant');
INSERT INTO `SkillSet_skills` (`SkillSet_id`, `skills`) VALUES ('11971', 'Maven');
INSERT INTO `Mission` (`id`, `companyName`, `shortName`, `role`, `skillSet_id`) VALUES ('11971', '676a0bea-4d39-4221-a728-e1e0891bbf84', 'e5699c72-cc5e-4d4c-98fc-6be137bfa149', 'LeadSoftwareArchitect', '11971');
INSERT INTO `SkillSet` (`id`) VALUES ('11972');
INSERT INTO `SkillSet_skills` (`SkillSet_id`, `skills`) VALUES ('11972', 'SQL');
INSERT INTO `SkillSet_skills` (`SkillSet_id`, `skills`) VALUES ('11972', 'UnitTesting');
INSERT INTO `Mission` (`id`, `companyName`, `shortName`, `role`, `skillSet_id`) VALUES ('11972', '09c0698a-bd96-42bd-9a9f-d37cb0c0c6df', '6bb2848f-04dd-4f1e-b2e9-4a756ee8c2ef', 'LeadSoftwareArchitect', '11972');
INSERT INTO `SkillSet` (`id`) VALUES ('11973');
INSERT INTO `SkillSet_skills` (`SkillSet_id`, `skills`) VALUES ('11973', 'Ant');
INSERT INTO `SkillSet_skills` (`SkillSet_id`, `skills`) VALUES ('11973', 'UnitTesting');
INSERT INTO `SkillSet_skills` (`SkillSet_id`, `skills`) VALUES ('11973', 'Java');
INSERT INTO `SkillSet_skills` (`SkillSet_id`, `skills`) VALUES ('11973', 'Architektur');
INSERT INTO `Mission` (`id`, `companyName`, `shortName`, `role`, `skillSet_id`) VALUES ('11973', 'cfc7b857-4c5d-4db3-aae7-55d760ece541', '54a90d10-05cb-4e4f-8b9f-a6977e675a7b', 'SeniorSoftwareEngineer', '11973');
INSERT INTO `SkillSet` (`id`) VALUES ('11974');
INSERT INTO `SkillSet_skills` (`SkillSet_id`, `skills`) VALUES ('11974', 'Java');
INSERT INTO `Mission` (`id`, `companyName`, `shortName`, `role`, `skillSet_id`) VALUES ('11974', 'fec63ead-45e5-487d-9ccf-4376fd85dfc3', 'f9c7da54-2b86-4d8c-9514-5cdfbff999e1', 'LeadEngineer', '11974');
INSERT INTO `SkillSet` (`id`) VALUES ('11975');
INSERT INTO `SkillSet_skills` (`SkillSet_id`, `skills`) VALUES ('11975', 'Architektur');
INSERT INTO `SkillSet_skills` (`SkillSet_id`, `skills`) VALUES ('11975', 'UITesting');
INSERT INTO `SkillSet_skills` (`SkillSet_id`, `skills`) VALUES ('11975', 'dotNet');
INSERT INTO `SkillSet_skills` (`SkillSet_id`, `skills`) VALUES ('11975', 'Gradle');
INSERT INTO `SkillSet_skills` (`SkillSet_id`, `skills`) VALUES ('11975', 'Maven');
INSERT INTO `Mission` (`id`, `companyName`, `shortName`, `role`, `skillSet_id`) VALUES ('11975', 'b46af8d1-505c-459e-86b5-bd288e11fe17', 'df36d3a1-9d87-4311-a854-f423923f5059', 'JuniorSoftwareEngineer', '11975');
INSERT INTO `SkillSet` (`id`) VALUES ('11976');
INSERT INTO `SkillSet_skills` (`SkillSet_id`, `skills`) VALUES ('11976', 'Java');
INSERT INTO `SkillSet_skills` (`SkillSet_id`, `skills`) VALUES ('11976', 'Ant');
INSERT INTO `SkillSet_skills` (`SkillSet_id`, `skills`) VALUES ('11976', 'dotNet');
INSERT INTO `SkillSet_skills` (`SkillSet_id`, `skills`) VALUES ('11976', 'UnitTesting');
INSERT INTO `Mission` (`id`, `companyName`, `shortName`, `role`, `skillSet_id`) VALUES ('11976', '0c8e520c-717b-4fc2-91f2-62129ba8ef9b', 'f8177b2c-282b-4bc1-aaf2-986c01795b21', 'JuniorSoftwareEngineer', '11976');
INSERT INTO `SkillSet` (`id`) VALUES ('11977');
INSERT INTO `SkillSet_skills` (`SkillSet_id`, `skills`) VALUES ('11977', 'Java');
INSERT INTO `SkillSet_skills` (`SkillSet_id`, `skills`) VALUES ('11977', 'SQL');
INSERT INTO `SkillSet_skills` (`SkillSet_id`, `skills`) VALUES ('11977', 'Ant');
INSERT INTO `SkillSet_skills` (`SkillSet_id`, `skills`) VALUES ('11977', 'dotNet');
INSERT INTO `SkillSet_skills` (`SkillSet_id`, `skills`) VALUES ('11977', 'Maven');
INSERT INTO `Mission` (`id`, `companyName`, `shortName`, `role`, `skillSet_id`) VALUES ('11977', '5587a8fa-395e-4eb5-8e08-ad21ea836c52', 'e50f2dbf-e6ad-4462-9581-c2400fea57e8', 'LeadSoftwareArchitect', '11977');
INSERT INTO `SkillSet` (`id`) VALUES ('11978');
INSERT INTO `SkillSet_skills` (`SkillSet_id`, `skills`) VALUES ('11978', 'UITesting');
INSERT INTO `SkillSet_skills` (`SkillSet_id`, `skills`) VALUES ('11978', 'Java');
INSERT INTO `SkillSet_skills` (`SkillSet_id`, `skills`) VALUES ('11978', 'SQL');
INSERT INTO `Mission` (`id`, `companyName`, `shortName`, `role`, `skillSet_id`) VALUES ('11978', '7362e507-5086-43f8-b460-dbe3b74d2b15', '24d4edbf-516a-46fb-90f5-b8083fa0f42f', 'JuniorSoftwareEngineer', '11978');
INSERT INTO `SkillSet` (`id`) VALUES ('11979');
INSERT INTO `SkillSet_skills` (`SkillSet_id`, `skills`) VALUES ('11979', 'SQL');
INSERT INTO `SkillSet_skills` (`SkillSet_id`, `skills`) VALUES ('11979', 'dotNet');
INSERT INTO `SkillSet_skills` (`SkillSet_id`, `skills`) VALUES ('11979', 'Java');
INSERT INTO `Mission` (`id`, `companyName`, `shortName`, `role`, `skillSet_id`) VALUES ('11979', '5525ec55-19e7-4ee3-9cd5-c58fb82c392e', '8626120c-7991-4732-94f0-ed480e37f252', 'LeadSoftwareArchitect', '11979');
INSERT INTO `SkillSet` (`id`) VALUES ('11980');
INSERT INTO `SkillSet_skills` (`SkillSet_id`, `skills`) VALUES ('11980', 'Architektur');
INSERT INTO `SkillSet_skills` (`SkillSet_id`, `skills`) VALUES ('11980', 'SQL');
INSERT INTO `SkillSet_skills` (`SkillSet_id`, `skills`) VALUES ('11980', 'UITesting');
INSERT INTO `SkillSet_skills` (`SkillSet_id`, `skills`) VALUES ('11980', 'Gradle');
INSERT INTO `Mission` (`id`, `companyName`, `shortName`, `role`, `skillSet_id`) VALUES ('11980', '3a17ae10-3730-48c2-8b23-77eb2fdf0aa0', '2a28c366-1713-4a15-9354-927415552611', 'LeadEngineer', '11980');
INSERT INTO `SkillSet` (`id`) VALUES ('11981');
INSERT INTO `SkillSet_skills` (`SkillSet_id`, `skills`) VALUES ('11981', 'SQL');
INSERT INTO `Mission` (`id`, `companyName`, `shortName`, `role`, `skillSet_id`) VALUES ('11981', 'e7b36dc3-a648-441b-9e74-0a65a0e2bc68', '2865b346-154d-4b54-9ffb-8803364b33d8', 'PrincipalConsultant', '11981');
INSERT INTO `SkillSet` (`id`) VALUES ('11982');
INSERT INTO `SkillSet_skills` (`SkillSet_id`, `skills`) VALUES ('11982', 'Maven');
INSERT INTO `Mission` (`id`, `companyName`, `shortName`, `role`, `skillSet_id`) VALUES ('11982', '477c5531-2f42-4c94-b29c-b6567922d5d5', 'c665072b-e9ae-4227-a371-3a21e84b284f', 'LeadEngineer', '11982');
INSERT INTO `SkillSet` (`id`) VALUES ('11983');
INSERT INTO `SkillSet_skills` (`SkillSet_id`, `skills`) VALUES ('11983', 'Architektur');
INSERT INTO `SkillSet_skills` (`SkillSet_id`, `skills`) VALUES ('11983', 'UITesting');
INSERT INTO `SkillSet_skills` (`SkillSet_id`, `skills`) VALUES ('11983', 'Java');
INSERT INTO `Mission` (`id`, `companyName`, `shortName`, `role`, `skillSet_id`) VALUES ('11983', '37b961d2-2a8c-4040-8a19-ec459d28fb2e', 'bd4b5e47-2c7b-4695-b549-d12413f98345', 'JuniorSoftwareEngineer', '11983');
INSERT INTO `SkillSet` (`id`) VALUES ('11984');
INSERT INTO `SkillSet_skills` (`SkillSet_id`, `skills`) VALUES ('11984', 'Gradle');
INSERT INTO `SkillSet_skills` (`SkillSet_id`, `skills`) VALUES ('11984', 'Ant');
INSERT INTO `Mission` (`id`, `companyName`, `shortName`, `role`, `skillSet_id`) VALUES ('11984', 'ae84690e-732a-450a-b094-77b58a69c2c2', 'b56ae1ae-57d3-4617-8674-2792946a1124', 'PrincipalConsultant', '11984');
INSERT INTO `SkillSet` (`id`) VALUES ('11985');
INSERT INTO `SkillSet_skills` (`SkillSet_id`, `skills`) VALUES ('11985', 'Maven');
INSERT INTO `SkillSet_skills` (`SkillSet_id`, `skills`) VALUES ('11985', 'SQL');
INSERT INTO `SkillSet_skills` (`SkillSet_id`, `skills`) VALUES ('11985', 'UnitTesting');
INSERT INTO `SkillSet_skills` (`SkillSet_id`, `skills`) VALUES ('11985', 'dotNet');
INSERT INTO `Mission` (`id`, `companyName`, `shortName`, `role`, `skillSet_id`) VALUES ('11985', '0b8d37d9-9000-4a2d-8814-8a18a7f18c71', '94b9e907-91ec-4505-8e2c-0ae581b08689', 'LeadEngineer', '11985');
INSERT INTO `SkillSet` (`id`) VALUES ('11986');
INSERT INTO `SkillSet_skills` (`SkillSet_id`, `skills`) VALUES ('11986', 'dotNet');
INSERT INTO `SkillSet_skills` (`SkillSet_id`, `skills`) VALUES ('11986', 'UnitTesting');
INSERT INTO `SkillSet_skills` (`SkillSet_id`, `skills`) VALUES ('11986', 'dotNet');
INSERT INTO `SkillSet_skills` (`SkillSet_id`, `skills`) VALUES ('11986', 'UITesting');
INSERT INTO `Mission` (`id`, `companyName`, `shortName`, `role`, `skillSet_id`) VALUES ('11986', '6bea6851-c2b0-470f-b9d4-badd6f1bf2e7', '5fa35332-1a88-433a-bcc3-0a2a7751b38a', 'JuniorSoftwareEngineer', '11986');
INSERT INTO `SkillSet` (`id`) VALUES ('11987');
INSERT INTO `SkillSet_skills` (`SkillSet_id`, `skills`) VALUES ('11987', 'dotNet');
INSERT INTO `SkillSet_skills` (`SkillSet_id`, `skills`) VALUES ('11987', 'SQL');
INSERT INTO `SkillSet_skills` (`SkillSet_id`, `skills`) VALUES ('11987', 'Architektur');
INSERT INTO `Mission` (`id`, `companyName`, `shortName`, `role`, `skillSet_id`) VALUES ('11987', 'f6166778-ffbd-4187-9c08-15ec74ba57c7', '60f591fd-ad61-4fdd-9273-8ccb979f58b6', 'PrincipalConsultant', '11987');
INSERT INTO `SkillSet` (`id`) VALUES ('11988');
INSERT INTO `SkillSet_skills` (`SkillSet_id`, `skills`) VALUES ('11988', 'UnitTesting');
INSERT INTO `SkillSet_skills` (`SkillSet_id`, `skills`) VALUES ('11988', 'dotNet');
INSERT INTO `Mission` (`id`, `companyName`, `shortName`, `role`, `skillSet_id`) VALUES ('11988', '059748fc-eb88-418b-8680-426d2eab3d62', '1d740d51-8e10-4d20-8aa0-8034c25f6f00', 'SeniorSoftwareEngineer', '11988');
INSERT INTO `SkillSet` (`id`) VALUES ('11989');
INSERT INTO `SkillSet_skills` (`SkillSet_id`, `skills`) VALUES ('11989', 'UITesting');
INSERT INTO `SkillSet_skills` (`SkillSet_id`, `skills`) VALUES ('11989', 'Java');
INSERT INTO `SkillSet_skills` (`SkillSet_id`, `skills`) VALUES ('11989', 'SQL');
INSERT INTO `Mission` (`id`, `companyName`, `shortName`, `role`, `skillSet_id`) VALUES ('11989', '740dfed0-82f1-4f38-8788-0809feb186c4', '1e2a6493-1076-4cf7-8083-b2ae8b673d3f', 'JuniorSoftwareEngineer', '11989');
INSERT INTO `SkillSet` (`id`) VALUES ('11990');
INSERT INTO `SkillSet_skills` (`SkillSet_id`, `skills`) VALUES ('11990', 'Java');
INSERT INTO `SkillSet_skills` (`SkillSet_id`, `skills`) VALUES ('11990', 'Gradle');
INSERT INTO `SkillSet_skills` (`SkillSet_id`, `skills`) VALUES ('11990', 'Ant');
INSERT INTO `SkillSet_skills` (`SkillSet_id`, `skills`) VALUES ('11990', 'Java');
INSERT INTO `SkillSet_skills` (`SkillSet_id`, `skills`) VALUES ('11990', 'SQL');
INSERT INTO `Mission` (`id`, `companyName`, `shortName`, `role`, `skillSet_id`) VALUES ('11990', '7f915998-dedc-404e-99ff-a44fccc00cc6', 'e0fcec19-17f5-45bf-8f18-9346481c7c4a', 'JuniorSoftwareEngineer', '11990');
INSERT INTO `SkillSet` (`id`) VALUES ('11991');
INSERT INTO `SkillSet_skills` (`SkillSet_id`, `skills`) VALUES ('11991', 'Architektur');
INSERT INTO `Mission` (`id`, `companyName`, `shortName`, `role`, `skillSet_id`) VALUES ('11991', '3773ecc6-0419-4e2b-8696-46a7c32b142a', '466d1bde-765e-4d92-a645-419a41bcf96a', 'SoftwareEngineer', '11991');
INSERT INTO `SkillSet` (`id`) VALUES ('11992');
INSERT INTO `SkillSet_skills` (`SkillSet_id`, `skills`) VALUES ('11992', 'UnitTesting');
INSERT INTO `SkillSet_skills` (`SkillSet_id`, `skills`) VALUES ('11992', 'Maven');
INSERT INTO `Mission` (`id`, `companyName`, `shortName`, `role`, `skillSet_id`) VALUES ('11992', 'dd8055a2-f6bf-4b35-b0c1-bbc85301bad8', '8078d4cc-2d76-432c-be6a-eeba116e9e52', 'LeadEngineer', '11992');
INSERT INTO `SkillSet` (`id`) VALUES ('11993');
INSERT INTO `SkillSet_skills` (`SkillSet_id`, `skills`) VALUES ('11993', 'Gradle');
INSERT INTO `SkillSet_skills` (`SkillSet_id`, `skills`) VALUES ('11993', 'Gradle');
INSERT INTO `SkillSet_skills` (`SkillSet_id`, `skills`) VALUES ('11993', 'SQL');
INSERT INTO `Mission` (`id`, `companyName`, `shortName`, `role`, `skillSet_id`) VALUES ('11993', '98aaabb3-8edb-497f-8ef3-b6eb9891525d', '503690fd-bd17-445a-b3f9-52f00db4f01f', 'SeniorSoftwareEngineer', '11993');
INSERT INTO `SkillSet` (`id`) VALUES ('11994');
INSERT INTO `SkillSet_skills` (`SkillSet_id`, `skills`) VALUES ('11994', 'UITesting');
INSERT INTO `SkillSet_skills` (`SkillSet_id`, `skills`) VALUES ('11994', 'dotNet');
INSERT INTO `SkillSet_skills` (`SkillSet_id`, `skills`) VALUES ('11994', 'Gradle');
INSERT INTO `SkillSet_skills` (`SkillSet_id`, `skills`) VALUES ('11994', 'UITesting');
INSERT INTO `SkillSet_skills` (`SkillSet_id`, `skills`) VALUES ('11994', 'Ant');
INSERT INTO `Mission` (`id`, `companyName`, `shortName`, `role`, `skillSet_id`) VALUES ('11994', '8715b9b7-617f-45e1-883f-1e83ddd17422', '5f2bb80b-b944-4532-9668-85a13fbce81d', 'JuniorSoftwareEngineer', '11994');
INSERT INTO `SkillSet` (`id`) VALUES ('11995');
INSERT INTO `SkillSet_skills` (`SkillSet_id`, `skills`) VALUES ('11995', 'Java');
INSERT INTO `SkillSet_skills` (`SkillSet_id`, `skills`) VALUES ('11995', 'Architektur');
INSERT INTO `Mission` (`id`, `companyName`, `shortName`, `role`, `skillSet_id`) VALUES ('11995', 'e16e7cb1-9308-459e-ac06-6b4a3c962224', '229c0e5e-4c35-4223-837d-126b10d802c9', 'LeadSoftwareArchitect', '11995');
INSERT INTO `SkillSet` (`id`) VALUES ('11996');
INSERT INTO `SkillSet_skills` (`SkillSet_id`, `skills`) VALUES ('11996', 'SQL');
INSERT INTO `SkillSet_skills` (`SkillSet_id`, `skills`) VALUES ('11996', 'Maven');
INSERT INTO `Mission` (`id`, `companyName`, `shortName`, `role`, `skillSet_id`) VALUES ('11996', '866ae048-c620-4239-a22b-75a2963eef00', 'e0ef032a-045c-484d-8438-d8bc9b8e3801', 'JuniorSoftwareEngineer', '11996');
INSERT INTO `SkillSet` (`id`) VALUES ('11997');
INSERT INTO `SkillSet_skills` (`SkillSet_id`, `skills`) VALUES ('11997', 'SQL');
INSERT INTO `SkillSet_skills` (`SkillSet_id`, `skills`) VALUES ('11997', 'SQL');
INSERT INTO `SkillSet_skills` (`SkillSet_id`, `skills`) VALUES ('11997', 'Maven');
INSERT INTO `Mission` (`id`, `companyName`, `shortName`, `role`, `skillSet_id`) VALUES ('11997', '12e0fb34-995a-46c5-8585-6fe053b29b28', '6c161444-f632-465c-a00e-b4a52b64ec8a', 'JuniorSoftwareEngineer', '11997');
INSERT INTO `SkillSet` (`id`) VALUES ('11998');
INSERT INTO `SkillSet_skills` (`SkillSet_id`, `skills`) VALUES ('11998', 'Java');
INSERT INTO `SkillSet_skills` (`SkillSet_id`, `skills`) VALUES ('11998', 'UITesting');
INSERT INTO `SkillSet_skills` (`SkillSet_id`, `skills`) VALUES ('11998', 'dotNet');
INSERT INTO `SkillSet_skills` (`SkillSet_id`, `skills`) VALUES ('11998', 'Maven');
INSERT INTO `Mission` (`id`, `companyName`, `shortName`, `role`, `skillSet_id`) VALUES ('11998', '811d1f8a-2c4e-480b-be6d-87d1964051bd', 'df461505-4e56-40b5-92f7-ef0e139aa810', 'LeadSoftwareArchitect', '11998');
INSERT INTO `SkillSet` (`id`) VALUES ('11999');
INSERT INTO `SkillSet_skills` (`SkillSet_id`, `skills`) VALUES ('11999', 'dotNet');
INSERT INTO `SkillSet_skills` (`SkillSet_id`, `skills`) VALUES ('11999', 'UITesting');
INSERT INTO `SkillSet_skills` (`SkillSet_id`, `skills`) VALUES ('11999', 'Gradle');
INSERT INTO `SkillSet_skills` (`SkillSet_id`, `skills`) VALUES ('11999', 'Architektur');
INSERT INTO `SkillSet_skills` (`SkillSet_id`, `skills`) VALUES ('11999', 'Architektur');
INSERT INTO `Mission` (`id`, `companyName`, `shortName`, `role`, `skillSet_id`) VALUES ('11999', 'bb598286-0f82-435b-b30a-26412fefdacf', '969e0091-90ca-4f6b-97d5-e51d79f3c07e', 'PrincipalConsultant', '11999');