// Hero Frank
INSERT INTO `SkillSet` (`id`) VALUES ('931');
INSERT INTO `SkillSet_skills` (`SkillSet_id`, `skills`) VALUES ('931', 'Java');
INSERT INTO `SkillSet_skills` (`SkillSet_id`, `skills`) VALUES ('931', 'Ant');
INSERT INTO `SkillSet_skills` (`SkillSet_id`, `skills`) VALUES ('931', 'Architektur');
INSERT INTO `SkillSet_skills` (`SkillSet_id`, `skills`) VALUES ('931', 'UnitTesting');
INSERT INTO `SkillSet_skills` (`SkillSet_id`, `skills`) VALUES ('931', 'UITesting');
INSERT INTO `Hero` (`id`, `firstName`, `lastName`, `role`, `skillSet_id`) VALUES ('931', 'Frank', 'Beeh', 'PrincipalConsultant', '931');

// Hero Florian
INSERT INTO `SkillSet` (`id`) VALUES ('100');
INSERT INTO `SkillSet_skills` (`SkillSet_id`, `skills`) VALUES ('100', 'Java');
INSERT INTO `SkillSet_skills` (`SkillSet_id`, `skills`) VALUES ('100', 'Gradle');
INSERT INTO `SkillSet_skills` (`SkillSet_id`, `skills`) VALUES ('100', 'Ant');
INSERT INTO `SkillSet_skills` (`SkillSet_id`, `skills`) VALUES ('100', 'UnitTesting');
INSERT INTO `SkillSet_skills` (`SkillSet_id`, `skills`) VALUES ('100', 'SQL');
INSERT INTO `Hero` (`id`, `firstName`, `lastName`, `role`, `skillSet_id`) VALUES ('100', 'Florian', 'Besser', 'JuniorSoftwareEngineer', '100');

//Missions
INSERT INTO `SkillSet` (`id`) VALUES ('10001');
INSERT INTO `SkillSet_skills` (`SkillSet_id`, `skills`) VALUES ('10001', 'Java');
INSERT INTO `SkillSet_skills` (`SkillSet_id`, `skills`) VALUES ('10001', 'Ant');
INSERT INTO `SkillSet_skills` (`SkillSet_id`, `skills`) VALUES ('10001', 'UnitTesting');
INSERT INTO `SkillSet_skills` (`SkillSet_id`, `skills`) VALUES ('10001', 'SQL');
INSERT INTO `Mission` (`id`, `companyName`, `shortName`, `description`, `role`, `skillSet_id`) VALUES ('10001', 'Swisscom', 'Junior Java Developer', 'Einfache Java-Entwicklung im SAM-Team.', 'JuniorSoftwareEngineer', '10001');

INSERT INTO `SkillSet` (`id`) VALUES ('10002');
INSERT INTO `SkillSet_skills` (`SkillSet_id`, `skills`) VALUES ('10002', 'Java');
INSERT INTO `SkillSet_skills` (`SkillSet_id`, `skills`) VALUES ('10002', 'Ant');
INSERT INTO `SkillSet_skills` (`SkillSet_id`, `skills`) VALUES ('10002', 'Architektur');
INSERT INTO `SkillSet_skills` (`SkillSet_id`, `skills`) VALUES ('10002', 'UnitTesting');
INSERT INTO `SkillSet_skills` (`SkillSet_id`, `skills`) VALUES ('10002', 'UITesting');
INSERT INTO `SkillSet_skills` (`SkillSet_id`, `skills`) VALUES ('10002', 'SQL');
INSERT INTO `Mission` (`id`, `companyName`, `shortName`, `description`, `role`, `skillSet_id`) VALUES ('10002', 'Swisscom', 'Java Architect', 'Architekt für SAM-Team.', 'LeadSoftwareArchitect', '10002');

INSERT INTO `SkillSet` (`id`) VALUES ('1000');
INSERT INTO `SkillSet_skills` (`SkillSet_id`, `skills`) VALUES ('1000', 'Java');
INSERT INTO `Hero` (`id`, `firstName`, `lastName`, `role`, `skillSet_id`) VALUES ('1000', 'Okag', 'Jin', 'SeniorSoftwareEngineer', '1000');
INSERT INTO `SkillSet` (`id`) VALUES ('1001');
INSERT INTO `SkillSet_skills` (`SkillSet_id`, `skills`) VALUES ('1001', 'Java');
INSERT INTO `SkillSet_skills` (`SkillSet_id`, `skills`) VALUES ('1001', 'Gradle');
INSERT INTO `Hero` (`id`, `firstName`, `lastName`, `role`, `skillSet_id`) VALUES ('1001', 'Grjitt', 'Uboom', 'SeniorSoftwareEngineer', '1001');
INSERT INTO `SkillSet` (`id`) VALUES ('1002');
INSERT INTO `SkillSet_skills` (`SkillSet_id`, `skills`) VALUES ('1002', 'Ant');
INSERT INTO `SkillSet_skills` (`SkillSet_id`, `skills`) VALUES ('1002', 'Ant');
INSERT INTO `SkillSet_skills` (`SkillSet_id`, `skills`) VALUES ('1002', 'Maven');
INSERT INTO `Hero` (`id`, `firstName`, `lastName`, `role`, `skillSet_id`) VALUES ('1002', 'Waljik', 'Ettoutt', 'SeniorSoftwareEngineer', '1002');
INSERT INTO `SkillSet` (`id`) VALUES ('1003');
INSERT INTO `SkillSet_skills` (`SkillSet_id`, `skills`) VALUES ('1003', 'Gradle');
INSERT INTO `Hero` (`id`, `firstName`, `lastName`, `role`, `skillSet_id`) VALUES ('1003', 'Jifiss', 'Sjnned', 'SoftwareEngineer', '1003');
INSERT INTO `SkillSet` (`id`) VALUES ('1004');
INSERT INTO `SkillSet_skills` (`SkillSet_id`, `skills`) VALUES ('1004', 'SQL');
INSERT INTO `SkillSet_skills` (`SkillSet_id`, `skills`) VALUES ('1004', 'Architektur');
INSERT INTO `Hero` (`id`, `firstName`, `lastName`, `role`, `skillSet_id`) VALUES ('1004', 'Shoipf', 'Jiljig', 'SeniorSoftwareEngineer', '1004');
INSERT INTO `SkillSet` (`id`) VALUES ('1005');
INSERT INTO `SkillSet_skills` (`SkillSet_id`, `skills`) VALUES ('1005', 'UnitTesting');
INSERT INTO `Hero` (`id`, `firstName`, `lastName`, `role`, `skillSet_id`) VALUES ('1005', 'Toostjir', 'Yfef', 'SeniorSoftwareEngineer', '1005');
INSERT INTO `SkillSet` (`id`) VALUES ('1006');
INSERT INTO `SkillSet_skills` (`SkillSet_id`, `skills`) VALUES ('1006', 'UITesting');
INSERT INTO `SkillSet_skills` (`SkillSet_id`, `skills`) VALUES ('1006', 'Gradle');
INSERT INTO `SkillSet_skills` (`SkillSet_id`, `skills`) VALUES ('1006', 'Maven');
INSERT INTO `SkillSet_skills` (`SkillSet_id`, `skills`) VALUES ('1006', 'UnitTesting');
INSERT INTO `Hero` (`id`, `firstName`, `lastName`, `role`, `skillSet_id`) VALUES ('1006', 'Aisjitt', 'Soumeh', 'SoftwareEngineer', '1006');
INSERT INTO `SkillSet` (`id`) VALUES ('1007');
INSERT INTO `SkillSet_skills` (`SkillSet_id`, `skills`) VALUES ('1007', 'Maven');
INSERT INTO `SkillSet_skills` (`SkillSet_id`, `skills`) VALUES ('1007', 'dotNet');
INSERT INTO `SkillSet_skills` (`SkillSet_id`, `skills`) VALUES ('1007', 'UITesting');
INSERT INTO `SkillSet_skills` (`SkillSet_id`, `skills`) VALUES ('1007', 'dotNet');
INSERT INTO `Hero` (`id`, `firstName`, `lastName`, `role`, `skillSet_id`) VALUES ('1007', 'Oibjch', 'Com', 'LeadEngineer', '1007');
INSERT INTO `SkillSet` (`id`) VALUES ('1008');
INSERT INTO `SkillSet_skills` (`SkillSet_id`, `skills`) VALUES ('1008', 'dotNet');
INSERT INTO `SkillSet_skills` (`SkillSet_id`, `skills`) VALUES ('1008', 'UnitTesting');
INSERT INTO `SkillSet_skills` (`SkillSet_id`, `skills`) VALUES ('1008', 'Java');
INSERT INTO `SkillSet_skills` (`SkillSet_id`, `skills`) VALUES ('1008', 'UITesting');
INSERT INTO `SkillSet_skills` (`SkillSet_id`, `skills`) VALUES ('1008', 'Gradle');
INSERT INTO `Hero` (`id`, `firstName`, `lastName`, `role`, `skillSet_id`) VALUES ('1008', 'Aikjnn', 'Oussir', 'LeadEngineer', '1008');
INSERT INTO `SkillSet` (`id`) VALUES ('1009');
INSERT INTO `SkillSet_skills` (`SkillSet_id`, `skills`) VALUES ('1009', 'UnitTesting');
INSERT INTO `SkillSet_skills` (`SkillSet_id`, `skills`) VALUES ('1009', 'UITesting');
INSERT INTO `SkillSet_skills` (`SkillSet_id`, `skills`) VALUES ('1009', 'Architektur');
INSERT INTO `SkillSet_skills` (`SkillSet_id`, `skills`) VALUES ('1009', 'dotNet');
INSERT INTO `SkillSet_skills` (`SkillSet_id`, `skills`) VALUES ('1009', 'SQL');
INSERT INTO `Hero` (`id`, `firstName`, `lastName`, `role`, `skillSet_id`) VALUES ('1009', 'Staigh', 'Oukuz', 'SeniorSoftwareEngineer', '1009');
INSERT INTO `SkillSet` (`id`) VALUES ('1010');
INSERT INTO `SkillSet_skills` (`SkillSet_id`, `skills`) VALUES ('1010', 'Gradle');
INSERT INTO `SkillSet_skills` (`SkillSet_id`, `skills`) VALUES ('1010', 'UITesting');
INSERT INTO `SkillSet_skills` (`SkillSet_id`, `skills`) VALUES ('1010', 'UnitTesting');
INSERT INTO `Hero` (`id`, `firstName`, `lastName`, `role`, `skillSet_id`) VALUES ('1010', 'Al', 'Reitysh', 'JuniorSoftwareEngineer', '1010');
INSERT INTO `SkillSet` (`id`) VALUES ('1011');
INSERT INTO `SkillSet_skills` (`SkillSet_id`, `skills`) VALUES ('1011', 'dotNet');
INSERT INTO `SkillSet_skills` (`SkillSet_id`, `skills`) VALUES ('1011', 'SQL');
INSERT INTO `Hero` (`id`, `firstName`, `lastName`, `role`, `skillSet_id`) VALUES ('1011', 'Gousum', 'Kaithir', 'SoftwareEngineer', '1011');
INSERT INTO `SkillSet` (`id`) VALUES ('1012');
INSERT INTO `SkillSet_skills` (`SkillSet_id`, `skills`) VALUES ('1012', 'UnitTesting');
INSERT INTO `SkillSet_skills` (`SkillSet_id`, `skills`) VALUES ('1012', 'dotNet');
INSERT INTO `SkillSet_skills` (`SkillSet_id`, `skills`) VALUES ('1012', 'UnitTesting');
INSERT INTO `SkillSet_skills` (`SkillSet_id`, `skills`) VALUES ('1012', 'Architektur');
INSERT INTO `SkillSet_skills` (`SkillSet_id`, `skills`) VALUES ('1012', 'Gradle');
INSERT INTO `Hero` (`id`, `firstName`, `lastName`, `role`, `skillSet_id`) VALUES ('1012', 'Aint', 'Yfjk', 'PrincipalConsultant', '1012');
INSERT INTO `SkillSet` (`id`) VALUES ('1013');
INSERT INTO `SkillSet_skills` (`SkillSet_id`, `skills`) VALUES ('1013', 'UnitTesting');
INSERT INTO `SkillSet_skills` (`SkillSet_id`, `skills`) VALUES ('1013', 'SQL');
INSERT INTO `SkillSet_skills` (`SkillSet_id`, `skills`) VALUES ('1013', 'SQL');
INSERT INTO `SkillSet_skills` (`SkillSet_id`, `skills`) VALUES ('1013', 'Ant');
INSERT INTO `SkillSet_skills` (`SkillSet_id`, `skills`) VALUES ('1013', 'Ant');
INSERT INTO `Hero` (`id`, `firstName`, `lastName`, `role`, `skillSet_id`) VALUES ('1013', 'Untjit', 'Oissjw', 'LeadSoftwareArchitect', '1013');
INSERT INTO `SkillSet` (`id`) VALUES ('1014');
INSERT INTO `SkillSet_skills` (`SkillSet_id`, `skills`) VALUES ('1014', 'UnitTesting');
INSERT INTO `SkillSet_skills` (`SkillSet_id`, `skills`) VALUES ('1014', 'UnitTesting');
INSERT INTO `SkillSet_skills` (`SkillSet_id`, `skills`) VALUES ('1014', 'SQL');
INSERT INTO `SkillSet_skills` (`SkillSet_id`, `skills`) VALUES ('1014', 'Ant');
INSERT INTO `Hero` (`id`, `firstName`, `lastName`, `role`, `skillSet_id`) VALUES ('1014', 'An', 'Zjth', 'JuniorSoftwareEngineer', '1014');
INSERT INTO `SkillSet` (`id`) VALUES ('1015');
INSERT INTO `SkillSet_skills` (`SkillSet_id`, `skills`) VALUES ('1015', 'Gradle');
INSERT INTO `SkillSet_skills` (`SkillSet_id`, `skills`) VALUES ('1015', 'Java');
INSERT INTO `Hero` (`id`, `firstName`, `lastName`, `role`, `skillSet_id`) VALUES ('1015', 'Yv', 'Aun', 'LeadEngineer', '1015');
INSERT INTO `SkillSet` (`id`) VALUES ('1016');
INSERT INTO `SkillSet_skills` (`SkillSet_id`, `skills`) VALUES ('1016', 'UnitTesting');
INSERT INTO `SkillSet_skills` (`SkillSet_id`, `skills`) VALUES ('1016', 'Maven');
INSERT INTO `SkillSet_skills` (`SkillSet_id`, `skills`) VALUES ('1016', 'dotNet');
INSERT INTO `Hero` (`id`, `firstName`, `lastName`, `role`, `skillSet_id`) VALUES ('1016', 'Ym', 'Oit', 'PrincipalConsultant', '1016');
INSERT INTO `SkillSet` (`id`) VALUES ('1017');
INSERT INTO `SkillSet_skills` (`SkillSet_id`, `skills`) VALUES ('1017', 'Ant');
INSERT INTO `SkillSet_skills` (`SkillSet_id`, `skills`) VALUES ('1017', 'SQL');
INSERT INTO `SkillSet_skills` (`SkillSet_id`, `skills`) VALUES ('1017', 'Gradle');
INSERT INTO `Hero` (`id`, `firstName`, `lastName`, `role`, `skillSet_id`) VALUES ('1017', 'Blyzir', 'Ehjiz', 'LeadEngineer', '1017');
INSERT INTO `SkillSet` (`id`) VALUES ('1018');
INSERT INTO `SkillSet_skills` (`SkillSet_id`, `skills`) VALUES ('1018', 'Maven');
INSERT INTO `Hero` (`id`, `firstName`, `lastName`, `role`, `skillSet_id`) VALUES ('1018', 'Braiz', 'Sjthass', 'SeniorSoftwareEngineer', '1018');
INSERT INTO `SkillSet` (`id`) VALUES ('1019');
INSERT INTO `SkillSet_skills` (`SkillSet_id`, `skills`) VALUES ('1019', 'Maven');
INSERT INTO `SkillSet_skills` (`SkillSet_id`, `skills`) VALUES ('1019', 'dotNet');
INSERT INTO `SkillSet_skills` (`SkillSet_id`, `skills`) VALUES ('1019', 'Java');
INSERT INTO `Hero` (`id`, `firstName`, `lastName`, `role`, `skillSet_id`) VALUES ('1019', 'Jlyth', 'Ouhont', 'LeadEngineer', '1019');
INSERT INTO `SkillSet` (`id`) VALUES ('1020');
INSERT INTO `SkillSet_skills` (`SkillSet_id`, `skills`) VALUES ('1020', 'dotNet');
INSERT INTO `SkillSet_skills` (`SkillSet_id`, `skills`) VALUES ('1020', 'Maven');
INSERT INTO `SkillSet_skills` (`SkillSet_id`, `skills`) VALUES ('1020', 'UnitTesting');
INSERT INTO `Hero` (`id`, `firstName`, `lastName`, `role`, `skillSet_id`) VALUES ('1020', 'Eg', 'Sjweik', 'LeadSoftwareArchitect', '1020');
INSERT INTO `SkillSet` (`id`) VALUES ('1021');
INSERT INTO `SkillSet_skills` (`SkillSet_id`, `skills`) VALUES ('1021', 'UnitTesting');
INSERT INTO `SkillSet_skills` (`SkillSet_id`, `skills`) VALUES ('1021', 'UnitTesting');
INSERT INTO `SkillSet_skills` (`SkillSet_id`, `skills`) VALUES ('1021', 'Maven');
INSERT INTO `Hero` (`id`, `firstName`, `lastName`, `role`, `skillSet_id`) VALUES ('1021', 'Gis', 'Jithoiss', 'SoftwareEngineer', '1021');
INSERT INTO `SkillSet` (`id`) VALUES ('1022');
INSERT INTO `SkillSet_skills` (`SkillSet_id`, `skills`) VALUES ('1022', 'UITesting');
INSERT INTO `SkillSet_skills` (`SkillSet_id`, `skills`) VALUES ('1022', 'dotNet');
INSERT INTO `Hero` (`id`, `firstName`, `lastName`, `role`, `skillSet_id`) VALUES ('1022', 'Ush', 'Apfoish', 'JuniorSoftwareEngineer', '1022');
INSERT INTO `SkillSet` (`id`) VALUES ('1023');
INSERT INTO `SkillSet_skills` (`SkillSet_id`, `skills`) VALUES ('1023', 'Ant');
INSERT INTO `Hero` (`id`, `firstName`, `lastName`, `role`, `skillSet_id`) VALUES ('1023', 'Klittab', 'Wash', 'PrincipalConsultant', '1023');
INSERT INTO `SkillSet` (`id`) VALUES ('1024');
INSERT INTO `SkillSet_skills` (`SkillSet_id`, `skills`) VALUES ('1024', 'UITesting');
INSERT INTO `SkillSet_skills` (`SkillSet_id`, `skills`) VALUES ('1024', 'Ant');
INSERT INTO `Hero` (`id`, `firstName`, `lastName`, `role`, `skillSet_id`) VALUES ('1024', 'Bounam', 'Brjim', 'SeniorSoftwareEngineer', '1024');
INSERT INTO `SkillSet` (`id`) VALUES ('1025');
INSERT INTO `SkillSet_skills` (`SkillSet_id`, `skills`) VALUES ('1025', 'dotNet');
INSERT INTO `SkillSet_skills` (`SkillSet_id`, `skills`) VALUES ('1025', 'Ant');
INSERT INTO `Hero` (`id`, `firstName`, `lastName`, `role`, `skillSet_id`) VALUES ('1025', 'Heiz', 'Ooth', 'PrincipalConsultant', '1025');
INSERT INTO `SkillSet` (`id`) VALUES ('1026');
INSERT INTO `SkillSet_skills` (`SkillSet_id`, `skills`) VALUES ('1026', 'UnitTesting');
INSERT INTO `SkillSet_skills` (`SkillSet_id`, `skills`) VALUES ('1026', 'Java');
INSERT INTO `Hero` (`id`, `firstName`, `lastName`, `role`, `skillSet_id`) VALUES ('1026', 'Shussyz', 'Glawjiv', 'LeadSoftwareArchitect', '1026');
INSERT INTO `SkillSet` (`id`) VALUES ('1027');
INSERT INTO `SkillSet_skills` (`SkillSet_id`, `skills`) VALUES ('1027', 'Ant');
INSERT INTO `SkillSet_skills` (`SkillSet_id`, `skills`) VALUES ('1027', 'Maven');
INSERT INTO `SkillSet_skills` (`SkillSet_id`, `skills`) VALUES ('1027', 'UnitTesting');
INSERT INTO `SkillSet_skills` (`SkillSet_id`, `skills`) VALUES ('1027', 'Maven');
INSERT INTO `Hero` (`id`, `firstName`, `lastName`, `role`, `skillSet_id`) VALUES ('1027', 'Ynn', 'Oochaiss', 'PrincipalConsultant', '1027');
INSERT INTO `SkillSet` (`id`) VALUES ('1028');
INSERT INTO `SkillSet_skills` (`SkillSet_id`, `skills`) VALUES ('1028', 'UITesting');
INSERT INTO `SkillSet_skills` (`SkillSet_id`, `skills`) VALUES ('1028', 'UITesting');
INSERT INTO `SkillSet_skills` (`SkillSet_id`, `skills`) VALUES ('1028', 'Ant');
INSERT INTO `SkillSet_skills` (`SkillSet_id`, `skills`) VALUES ('1028', 'Gradle');
INSERT INTO `Hero` (`id`, `firstName`, `lastName`, `role`, `skillSet_id`) VALUES ('1028', 'Thih', 'Awoug', 'LeadEngineer', '1028');
INSERT INTO `SkillSet` (`id`) VALUES ('1029');
INSERT INTO `SkillSet_skills` (`SkillSet_id`, `skills`) VALUES ('1029', 'SQL');
INSERT INTO `SkillSet_skills` (`SkillSet_id`, `skills`) VALUES ('1029', 'dotNet');
INSERT INTO `SkillSet_skills` (`SkillSet_id`, `skills`) VALUES ('1029', 'UITesting');
INSERT INTO `Hero` (`id`, `firstName`, `lastName`, `role`, `skillSet_id`) VALUES ('1029', 'Bluch', 'Yham', 'SeniorSoftwareEngineer', '1029');
INSERT INTO `SkillSet` (`id`) VALUES ('1030');
INSERT INTO `SkillSet_skills` (`SkillSet_id`, `skills`) VALUES ('1030', 'Ant');
INSERT INTO `SkillSet_skills` (`SkillSet_id`, `skills`) VALUES ('1030', 'Ant');
INSERT INTO `SkillSet_skills` (`SkillSet_id`, `skills`) VALUES ('1030', 'Java');
INSERT INTO `Hero` (`id`, `firstName`, `lastName`, `role`, `skillSet_id`) VALUES ('1030', 'Prochaunn', 'Isaim', 'LeadSoftwareArchitect', '1030');
INSERT INTO `SkillSet` (`id`) VALUES ('1031');
INSERT INTO `SkillSet_skills` (`SkillSet_id`, `skills`) VALUES ('1031', 'Architektur');
INSERT INTO `SkillSet_skills` (`SkillSet_id`, `skills`) VALUES ('1031', 'SQL');
INSERT INTO `Hero` (`id`, `firstName`, `lastName`, `role`, `skillSet_id`) VALUES ('1031', 'Ourjish', 'Thoovjz', 'PrincipalConsultant', '1031');
INSERT INTO `SkillSet` (`id`) VALUES ('1032');
INSERT INTO `SkillSet_skills` (`SkillSet_id`, `skills`) VALUES ('1032', 'Maven');
INSERT INTO `SkillSet_skills` (`SkillSet_id`, `skills`) VALUES ('1032', 'Ant');
INSERT INTO `Hero` (`id`, `firstName`, `lastName`, `role`, `skillSet_id`) VALUES ('1032', 'Noidov', 'Mjichjish', 'LeadSoftwareArchitect', '1032');
INSERT INTO `SkillSet` (`id`) VALUES ('1033');
INSERT INTO `SkillSet_skills` (`SkillSet_id`, `skills`) VALUES ('1033', 'Architektur');
INSERT INTO `SkillSet_skills` (`SkillSet_id`, `skills`) VALUES ('1033', 'Maven');
INSERT INTO `SkillSet_skills` (`SkillSet_id`, `skills`) VALUES ('1033', 'Architektur');
INSERT INTO `SkillSet_skills` (`SkillSet_id`, `skills`) VALUES ('1033', 'Ant');
INSERT INTO `Hero` (`id`, `firstName`, `lastName`, `role`, `skillSet_id`) VALUES ('1033', 'Ychit', 'Jgeh', 'SoftwareEngineer', '1033');
INSERT INTO `SkillSet` (`id`) VALUES ('1034');
INSERT INTO `SkillSet_skills` (`SkillSet_id`, `skills`) VALUES ('1034', 'Maven');
INSERT INTO `SkillSet_skills` (`SkillSet_id`, `skills`) VALUES ('1034', 'Ant');
INSERT INTO `SkillSet_skills` (`SkillSet_id`, `skills`) VALUES ('1034', 'dotNet');
INSERT INTO `SkillSet_skills` (`SkillSet_id`, `skills`) VALUES ('1034', 'Architektur');
INSERT INTO `Hero` (`id`, `firstName`, `lastName`, `role`, `skillSet_id`) VALUES ('1034', 'Kjih', 'Oikuss', 'JuniorSoftwareEngineer', '1034');
INSERT INTO `SkillSet` (`id`) VALUES ('1035');
INSERT INTO `SkillSet_skills` (`SkillSet_id`, `skills`) VALUES ('1035', 'Ant');
INSERT INTO `Hero` (`id`, `firstName`, `lastName`, `role`, `skillSet_id`) VALUES ('1035', 'Inoist', 'Ruh', 'LeadEngineer', '1035');
INSERT INTO `SkillSet` (`id`) VALUES ('1036');
INSERT INTO `SkillSet_skills` (`SkillSet_id`, `skills`) VALUES ('1036', 'UITesting');
INSERT INTO `Hero` (`id`, `firstName`, `lastName`, `role`, `skillSet_id`) VALUES ('1036', 'Fluzooz', 'Graidout', 'LeadEngineer', '1036');
INSERT INTO `SkillSet` (`id`) VALUES ('1037');
INSERT INTO `SkillSet_skills` (`SkillSet_id`, `skills`) VALUES ('1037', 'dotNet');
INSERT INTO `SkillSet_skills` (`SkillSet_id`, `skills`) VALUES ('1037', 'dotNet');
INSERT INTO `SkillSet_skills` (`SkillSet_id`, `skills`) VALUES ('1037', 'Architektur');
INSERT INTO `Hero` (`id`, `firstName`, `lastName`, `role`, `skillSet_id`) VALUES ('1037', 'Zainaid', 'Jilaid', 'SeniorSoftwareEngineer', '1037');
INSERT INTO `SkillSet` (`id`) VALUES ('1038');
INSERT INTO `SkillSet_skills` (`SkillSet_id`, `skills`) VALUES ('1038', 'dotNet');
INSERT INTO `Hero` (`id`, `firstName`, `lastName`, `role`, `skillSet_id`) VALUES ('1038', 'Oisteiv', 'Oifaim', 'SoftwareEngineer', '1038');
INSERT INTO `SkillSet` (`id`) VALUES ('1039');
INSERT INTO `SkillSet_skills` (`SkillSet_id`, `skills`) VALUES ('1039', 'Maven');
INSERT INTO `Hero` (`id`, `firstName`, `lastName`, `role`, `skillSet_id`) VALUES ('1039', 'Jsinn', 'Aust', 'PrincipalConsultant', '1039');
INSERT INTO `SkillSet` (`id`) VALUES ('1040');
INSERT INTO `SkillSet_skills` (`SkillSet_id`, `skills`) VALUES ('1040', 'Java');
INSERT INTO `SkillSet_skills` (`SkillSet_id`, `skills`) VALUES ('1040', 'Java');
INSERT INTO `Hero` (`id`, `firstName`, `lastName`, `role`, `skillSet_id`) VALUES ('1040', 'Gopar', 'Fash', 'LeadSoftwareArchitect', '1040');
INSERT INTO `SkillSet` (`id`) VALUES ('1041');
INSERT INTO `SkillSet_skills` (`SkillSet_id`, `skills`) VALUES ('1041', 'dotNet');
INSERT INTO `Hero` (`id`, `firstName`, `lastName`, `role`, `skillSet_id`) VALUES ('1041', 'Staumaunn', 'Eihain', 'SeniorSoftwareEngineer', '1041');
INSERT INTO `SkillSet` (`id`) VALUES ('1042');
INSERT INTO `SkillSet_skills` (`SkillSet_id`, `skills`) VALUES ('1042', 'Ant');
INSERT INTO `Hero` (`id`, `firstName`, `lastName`, `role`, `skillSet_id`) VALUES ('1042', 'Ed', 'Js', 'JuniorSoftwareEngineer', '1042');
INSERT INTO `SkillSet` (`id`) VALUES ('1043');
INSERT INTO `SkillSet_skills` (`SkillSet_id`, `skills`) VALUES ('1043', 'Maven');
INSERT INTO `Hero` (`id`, `firstName`, `lastName`, `role`, `skillSet_id`) VALUES ('1043', 'Graup', 'Lug', 'PrincipalConsultant', '1043');
INSERT INTO `SkillSet` (`id`) VALUES ('1044');
INSERT INTO `SkillSet_skills` (`SkillSet_id`, `skills`) VALUES ('1044', 'UnitTesting');
INSERT INTO `SkillSet_skills` (`SkillSet_id`, `skills`) VALUES ('1044', 'UnitTesting');
INSERT INTO `SkillSet_skills` (`SkillSet_id`, `skills`) VALUES ('1044', 'UITesting');
INSERT INTO `SkillSet_skills` (`SkillSet_id`, `skills`) VALUES ('1044', 'Ant');
INSERT INTO `Hero` (`id`, `firstName`, `lastName`, `role`, `skillSet_id`) VALUES ('1044', 'Ovust', 'Rootuth', 'LeadEngineer', '1044');
INSERT INTO `SkillSet` (`id`) VALUES ('1045');
INSERT INTO `SkillSet_skills` (`SkillSet_id`, `skills`) VALUES ('1045', 'Architektur');
INSERT INTO `Hero` (`id`, `firstName`, `lastName`, `role`, `skillSet_id`) VALUES ('1045', 'Jid', 'Wagjd', 'LeadEngineer', '1045');
INSERT INTO `SkillSet` (`id`) VALUES ('1046');
INSERT INTO `SkillSet_skills` (`SkillSet_id`, `skills`) VALUES ('1046', 'Gradle');
INSERT INTO `SkillSet_skills` (`SkillSet_id`, `skills`) VALUES ('1046', 'UnitTesting');
INSERT INTO `SkillSet_skills` (`SkillSet_id`, `skills`) VALUES ('1046', 'Architektur');
INSERT INTO `SkillSet_skills` (`SkillSet_id`, `skills`) VALUES ('1046', 'Java');
INSERT INTO `SkillSet_skills` (`SkillSet_id`, `skills`) VALUES ('1046', 'SQL');
INSERT INTO `Hero` (`id`, `firstName`, `lastName`, `role`, `skillSet_id`) VALUES ('1046', 'Thaust', 'Ussoth', 'SeniorSoftwareEngineer', '1046');
INSERT INTO `SkillSet` (`id`) VALUES ('1047');
INSERT INTO `SkillSet_skills` (`SkillSet_id`, `skills`) VALUES ('1047', 'Maven');
INSERT INTO `SkillSet_skills` (`SkillSet_id`, `skills`) VALUES ('1047', 'dotNet');
INSERT INTO `SkillSet_skills` (`SkillSet_id`, `skills`) VALUES ('1047', 'Java');
INSERT INTO `SkillSet_skills` (`SkillSet_id`, `skills`) VALUES ('1047', 'Maven');
INSERT INTO `Hero` (`id`, `firstName`, `lastName`, `role`, `skillSet_id`) VALUES ('1047', 'Jlah', 'Ip', 'SeniorSoftwareEngineer', '1047');
INSERT INTO `SkillSet` (`id`) VALUES ('1048');
INSERT INTO `SkillSet_skills` (`SkillSet_id`, `skills`) VALUES ('1048', 'Gradle');
INSERT INTO `SkillSet_skills` (`SkillSet_id`, `skills`) VALUES ('1048', 'UITesting');
INSERT INTO `Hero` (`id`, `firstName`, `lastName`, `role`, `skillSet_id`) VALUES ('1048', 'Jnn', 'Shyst', 'LeadSoftwareArchitect', '1048');
INSERT INTO `SkillSet` (`id`) VALUES ('1049');
INSERT INTO `SkillSet_skills` (`SkillSet_id`, `skills`) VALUES ('1049', 'dotNet');
INSERT INTO `SkillSet_skills` (`SkillSet_id`, `skills`) VALUES ('1049', 'dotNet');
INSERT INTO `SkillSet_skills` (`SkillSet_id`, `skills`) VALUES ('1049', 'Ant');
INSERT INTO `Hero` (`id`, `firstName`, `lastName`, `role`, `skillSet_id`) VALUES ('1049', 'Upauk', 'Brouhast', 'JuniorSoftwareEngineer', '1049');
INSERT INTO `SkillSet` (`id`) VALUES ('1050');
INSERT INTO `SkillSet_skills` (`SkillSet_id`, `skills`) VALUES ('1050', 'Java');
INSERT INTO `SkillSet_skills` (`SkillSet_id`, `skills`) VALUES ('1050', 'Java');
INSERT INTO `SkillSet_skills` (`SkillSet_id`, `skills`) VALUES ('1050', 'Java');
INSERT INTO `SkillSet_skills` (`SkillSet_id`, `skills`) VALUES ('1050', 'Gradle');
INSERT INTO `SkillSet_skills` (`SkillSet_id`, `skills`) VALUES ('1050', 'Ant');
INSERT INTO `Hero` (`id`, `firstName`, `lastName`, `role`, `skillSet_id`) VALUES ('1050', 'Oonnoigh', 'Att', 'LeadEngineer', '1050');
INSERT INTO `SkillSet` (`id`) VALUES ('1051');
INSERT INTO `SkillSet_skills` (`SkillSet_id`, `skills`) VALUES ('1051', 'SQL');
INSERT INTO `Hero` (`id`, `firstName`, `lastName`, `role`, `skillSet_id`) VALUES ('1051', 'Auk', 'Housh', 'JuniorSoftwareEngineer', '1051');
INSERT INTO `SkillSet` (`id`) VALUES ('1052');
INSERT INTO `SkillSet_skills` (`SkillSet_id`, `skills`) VALUES ('1052', 'UITesting');
INSERT INTO `Hero` (`id`, `firstName`, `lastName`, `role`, `skillSet_id`) VALUES ('1052', 'Sissaih', 'Ezjip', 'JuniorSoftwareEngineer', '1052');
INSERT INTO `SkillSet` (`id`) VALUES ('1053');
INSERT INTO `SkillSet_skills` (`SkillSet_id`, `skills`) VALUES ('1053', 'UnitTesting');
INSERT INTO `SkillSet_skills` (`SkillSet_id`, `skills`) VALUES ('1053', 'Ant');
INSERT INTO `SkillSet_skills` (`SkillSet_id`, `skills`) VALUES ('1053', 'UITesting');
INSERT INTO `SkillSet_skills` (`SkillSet_id`, `skills`) VALUES ('1053', 'Java');
INSERT INTO `SkillSet_skills` (`SkillSet_id`, `skills`) VALUES ('1053', 'Architektur');
INSERT INTO `Hero` (`id`, `firstName`, `lastName`, `role`, `skillSet_id`) VALUES ('1053', 'Est', 'Breif', 'SoftwareEngineer', '1053');
INSERT INTO `SkillSet` (`id`) VALUES ('1054');
INSERT INTO `SkillSet_skills` (`SkillSet_id`, `skills`) VALUES ('1054', 'Maven');
INSERT INTO `SkillSet_skills` (`SkillSet_id`, `skills`) VALUES ('1054', 'Java');
INSERT INTO `Hero` (`id`, `firstName`, `lastName`, `role`, `skillSet_id`) VALUES ('1054', 'Oustaul', 'Oomil', 'LeadSoftwareArchitect', '1054');
INSERT INTO `SkillSet` (`id`) VALUES ('1055');
INSERT INTO `SkillSet_skills` (`SkillSet_id`, `skills`) VALUES ('1055', 'dotNet');
INSERT INTO `SkillSet_skills` (`SkillSet_id`, `skills`) VALUES ('1055', 'Java');
INSERT INTO `SkillSet_skills` (`SkillSet_id`, `skills`) VALUES ('1055', 'SQL');
INSERT INTO `Hero` (`id`, `firstName`, `lastName`, `role`, `skillSet_id`) VALUES ('1055', 'Ytt', 'Oist', 'SoftwareEngineer', '1055');
INSERT INTO `SkillSet` (`id`) VALUES ('1056');
INSERT INTO `SkillSet_skills` (`SkillSet_id`, `skills`) VALUES ('1056', 'dotNet');
INSERT INTO `SkillSet_skills` (`SkillSet_id`, `skills`) VALUES ('1056', 'dotNet');
INSERT INTO `SkillSet_skills` (`SkillSet_id`, `skills`) VALUES ('1056', 'dotNet');
INSERT INTO `SkillSet_skills` (`SkillSet_id`, `skills`) VALUES ('1056', 'Gradle');
INSERT INTO `Hero` (`id`, `firstName`, `lastName`, `role`, `skillSet_id`) VALUES ('1056', 'Grjnt', 'Ont', 'LeadEngineer', '1056');
INSERT INTO `SkillSet` (`id`) VALUES ('1057');
INSERT INTO `SkillSet_skills` (`SkillSet_id`, `skills`) VALUES ('1057', 'Architektur');
INSERT INTO `SkillSet_skills` (`SkillSet_id`, `skills`) VALUES ('1057', 'UITesting');
INSERT INTO `SkillSet_skills` (`SkillSet_id`, `skills`) VALUES ('1057', 'Java');
INSERT INTO `Hero` (`id`, `firstName`, `lastName`, `role`, `skillSet_id`) VALUES ('1057', 'Haisoush', 'Eis', 'JuniorSoftwareEngineer', '1057');
INSERT INTO `SkillSet` (`id`) VALUES ('1058');
INSERT INTO `SkillSet_skills` (`SkillSet_id`, `skills`) VALUES ('1058', 'Architektur');
INSERT INTO `SkillSet_skills` (`SkillSet_id`, `skills`) VALUES ('1058', 'Maven');
INSERT INTO `SkillSet_skills` (`SkillSet_id`, `skills`) VALUES ('1058', 'UITesting');
INSERT INTO `SkillSet_skills` (`SkillSet_id`, `skills`) VALUES ('1058', 'Java');
INSERT INTO `SkillSet_skills` (`SkillSet_id`, `skills`) VALUES ('1058', 'Java');
INSERT INTO `Hero` (`id`, `firstName`, `lastName`, `role`, `skillSet_id`) VALUES ('1058', 'Mogh', 'Cheib', 'JuniorSoftwareEngineer', '1058');
INSERT INTO `SkillSet` (`id`) VALUES ('1059');
INSERT INTO `SkillSet_skills` (`SkillSet_id`, `skills`) VALUES ('1059', 'Maven');
INSERT INTO `Hero` (`id`, `firstName`, `lastName`, `role`, `skillSet_id`) VALUES ('1059', 'Avoost', 'Auttjr', 'JuniorSoftwareEngineer', '1059');
INSERT INTO `SkillSet` (`id`) VALUES ('1060');
INSERT INTO `SkillSet_skills` (`SkillSet_id`, `skills`) VALUES ('1060', 'SQL');
INSERT INTO `Hero` (`id`, `firstName`, `lastName`, `role`, `skillSet_id`) VALUES ('1060', 'Ipfyw', 'Aum', 'SoftwareEngineer', '1060');
INSERT INTO `SkillSet` (`id`) VALUES ('1061');
INSERT INTO `SkillSet_skills` (`SkillSet_id`, `skills`) VALUES ('1061', 'Java');
INSERT INTO `SkillSet_skills` (`SkillSet_id`, `skills`) VALUES ('1061', 'UnitTesting');
INSERT INTO `SkillSet_skills` (`SkillSet_id`, `skills`) VALUES ('1061', 'Java');
INSERT INTO `SkillSet_skills` (`SkillSet_id`, `skills`) VALUES ('1061', 'Ant');
INSERT INTO `SkillSet_skills` (`SkillSet_id`, `skills`) VALUES ('1061', 'Maven');
INSERT INTO `Hero` (`id`, `firstName`, `lastName`, `role`, `skillSet_id`) VALUES ('1061', 'Ount', 'Nuh', 'JuniorSoftwareEngineer', '1061');
INSERT INTO `SkillSet` (`id`) VALUES ('1062');
INSERT INTO `SkillSet_skills` (`SkillSet_id`, `skills`) VALUES ('1062', 'SQL');
INSERT INTO `SkillSet_skills` (`SkillSet_id`, `skills`) VALUES ('1062', 'UITesting');
INSERT INTO `SkillSet_skills` (`SkillSet_id`, `skills`) VALUES ('1062', 'SQL');
INSERT INTO `SkillSet_skills` (`SkillSet_id`, `skills`) VALUES ('1062', 'Java');
INSERT INTO `Hero` (`id`, `firstName`, `lastName`, `role`, `skillSet_id`) VALUES ('1062', 'Fljist', 'Cotyth', 'LeadSoftwareArchitect', '1062');
INSERT INTO `SkillSet` (`id`) VALUES ('1063');
INSERT INTO `SkillSet_skills` (`SkillSet_id`, `skills`) VALUES ('1063', 'UITesting');
INSERT INTO `SkillSet_skills` (`SkillSet_id`, `skills`) VALUES ('1063', 'SQL');
INSERT INTO `SkillSet_skills` (`SkillSet_id`, `skills`) VALUES ('1063', 'Gradle');
INSERT INTO `SkillSet_skills` (`SkillSet_id`, `skills`) VALUES ('1063', 'Architektur');
INSERT INTO `Hero` (`id`, `firstName`, `lastName`, `role`, `skillSet_id`) VALUES ('1063', 'Aufat', 'Ysim', 'JuniorSoftwareEngineer', '1063');
INSERT INTO `SkillSet` (`id`) VALUES ('1064');
INSERT INTO `SkillSet_skills` (`SkillSet_id`, `skills`) VALUES ('1064', 'UITesting');
INSERT INTO `SkillSet_skills` (`SkillSet_id`, `skills`) VALUES ('1064', 'Gradle');
INSERT INTO `SkillSet_skills` (`SkillSet_id`, `skills`) VALUES ('1064', 'Ant');
INSERT INTO `SkillSet_skills` (`SkillSet_id`, `skills`) VALUES ('1064', 'Ant');
INSERT INTO `Hero` (`id`, `firstName`, `lastName`, `role`, `skillSet_id`) VALUES ('1064', 'Klypais', 'Aunov', 'SoftwareEngineer', '1064');
INSERT INTO `SkillSet` (`id`) VALUES ('1065');
INSERT INTO `SkillSet_skills` (`SkillSet_id`, `skills`) VALUES ('1065', 'Maven');
INSERT INTO `SkillSet_skills` (`SkillSet_id`, `skills`) VALUES ('1065', 'Gradle');
INSERT INTO `SkillSet_skills` (`SkillSet_id`, `skills`) VALUES ('1065', 'dotNet');
INSERT INTO `Hero` (`id`, `firstName`, `lastName`, `role`, `skillSet_id`) VALUES ('1065', 'Aizooz', 'Munn', 'PrincipalConsultant', '1065');
INSERT INTO `SkillSet` (`id`) VALUES ('1066');
INSERT INTO `SkillSet_skills` (`SkillSet_id`, `skills`) VALUES ('1066', 'Java');
INSERT INTO `Hero` (`id`, `firstName`, `lastName`, `role`, `skillSet_id`) VALUES ('1066', 'Oizih', 'Qjih', 'JuniorSoftwareEngineer', '1066');
INSERT INTO `SkillSet` (`id`) VALUES ('1067');
INSERT INTO `SkillSet_skills` (`SkillSet_id`, `skills`) VALUES ('1067', 'dotNet');
INSERT INTO `SkillSet_skills` (`SkillSet_id`, `skills`) VALUES ('1067', 'Maven');
INSERT INTO `Hero` (`id`, `firstName`, `lastName`, `role`, `skillSet_id`) VALUES ('1067', 'Woupfaub', 'Auch', 'JuniorSoftwareEngineer', '1067');
INSERT INTO `SkillSet` (`id`) VALUES ('1068');
INSERT INTO `SkillSet_skills` (`SkillSet_id`, `skills`) VALUES ('1068', 'Maven');
INSERT INTO `Hero` (`id`, `firstName`, `lastName`, `role`, `skillSet_id`) VALUES ('1068', 'Eig', 'Jnt', 'LeadEngineer', '1068');
INSERT INTO `SkillSet` (`id`) VALUES ('1069');
INSERT INTO `SkillSet_skills` (`SkillSet_id`, `skills`) VALUES ('1069', 'Maven');
INSERT INTO `Hero` (`id`, `firstName`, `lastName`, `role`, `skillSet_id`) VALUES ('1069', 'Lautoop', 'Zyss', 'LeadEngineer', '1069');
INSERT INTO `SkillSet` (`id`) VALUES ('1070');
INSERT INTO `SkillSet_skills` (`SkillSet_id`, `skills`) VALUES ('1070', 'Java');
INSERT INTO `SkillSet_skills` (`SkillSet_id`, `skills`) VALUES ('1070', 'UnitTesting');
INSERT INTO `Hero` (`id`, `firstName`, `lastName`, `role`, `skillSet_id`) VALUES ('1070', 'Aiss', 'En', 'PrincipalConsultant', '1070');
INSERT INTO `SkillSet` (`id`) VALUES ('1071');
INSERT INTO `SkillSet_skills` (`SkillSet_id`, `skills`) VALUES ('1071', 'dotNet');
INSERT INTO `SkillSet_skills` (`SkillSet_id`, `skills`) VALUES ('1071', 'UnitTesting');
INSERT INTO `SkillSet_skills` (`SkillSet_id`, `skills`) VALUES ('1071', 'dotNet');
INSERT INTO `SkillSet_skills` (`SkillSet_id`, `skills`) VALUES ('1071', 'dotNet');
INSERT INTO `Hero` (`id`, `firstName`, `lastName`, `role`, `skillSet_id`) VALUES ('1071', 'Utt', 'Estech', 'JuniorSoftwareEngineer', '1071');
INSERT INTO `SkillSet` (`id`) VALUES ('1072');
INSERT INTO `SkillSet_skills` (`SkillSet_id`, `skills`) VALUES ('1072', 'Java');
INSERT INTO `Hero` (`id`, `firstName`, `lastName`, `role`, `skillSet_id`) VALUES ('1072', 'Eth', 'Ypfooch', 'PrincipalConsultant', '1072');
INSERT INTO `SkillSet` (`id`) VALUES ('1073');
INSERT INTO `SkillSet_skills` (`SkillSet_id`, `skills`) VALUES ('1073', 'Gradle');
INSERT INTO `Hero` (`id`, `firstName`, `lastName`, `role`, `skillSet_id`) VALUES ('1073', 'Ad', 'On', 'PrincipalConsultant', '1073');
INSERT INTO `SkillSet` (`id`) VALUES ('1074');
INSERT INTO `SkillSet_skills` (`SkillSet_id`, `skills`) VALUES ('1074', 'Java');
INSERT INTO `Hero` (`id`, `firstName`, `lastName`, `role`, `skillSet_id`) VALUES ('1074', 'Chakjw', 'Ath', 'SoftwareEngineer', '1074');
INSERT INTO `SkillSet` (`id`) VALUES ('1075');
INSERT INTO `SkillSet_skills` (`SkillSet_id`, `skills`) VALUES ('1075', 'Gradle');
INSERT INTO `SkillSet_skills` (`SkillSet_id`, `skills`) VALUES ('1075', 'UITesting');
INSERT INTO `SkillSet_skills` (`SkillSet_id`, `skills`) VALUES ('1075', 'UnitTesting');
INSERT INTO `SkillSet_skills` (`SkillSet_id`, `skills`) VALUES ('1075', 'Architektur');
INSERT INTO `SkillSet_skills` (`SkillSet_id`, `skills`) VALUES ('1075', 'UnitTesting');
INSERT INTO `Hero` (`id`, `firstName`, `lastName`, `role`, `skillSet_id`) VALUES ('1075', 'Qofyk', 'Laittor', 'SoftwareEngineer', '1075');
INSERT INTO `SkillSet` (`id`) VALUES ('1076');
INSERT INTO `SkillSet_skills` (`SkillSet_id`, `skills`) VALUES ('1076', 'dotNet');
INSERT INTO `SkillSet_skills` (`SkillSet_id`, `skills`) VALUES ('1076', 'Gradle');
INSERT INTO `Hero` (`id`, `firstName`, `lastName`, `role`, `skillSet_id`) VALUES ('1076', 'Moipfyr', 'Xyshaz', 'JuniorSoftwareEngineer', '1076');
INSERT INTO `SkillSet` (`id`) VALUES ('1077');
INSERT INTO `SkillSet_skills` (`SkillSet_id`, `skills`) VALUES ('1077', 'dotNet');
INSERT INTO `SkillSet_skills` (`SkillSet_id`, `skills`) VALUES ('1077', 'UITesting');
INSERT INTO `SkillSet_skills` (`SkillSet_id`, `skills`) VALUES ('1077', 'UITesting');
INSERT INTO `SkillSet_skills` (`SkillSet_id`, `skills`) VALUES ('1077', 'SQL');
INSERT INTO `Hero` (`id`, `firstName`, `lastName`, `role`, `skillSet_id`) VALUES ('1077', 'Qeis', 'Yssoush', 'PrincipalConsultant', '1077');
INSERT INTO `SkillSet` (`id`) VALUES ('1078');
INSERT INTO `SkillSet_skills` (`SkillSet_id`, `skills`) VALUES ('1078', 'Architektur');
INSERT INTO `SkillSet_skills` (`SkillSet_id`, `skills`) VALUES ('1078', 'Maven');
INSERT INTO `SkillSet_skills` (`SkillSet_id`, `skills`) VALUES ('1078', 'dotNet');
INSERT INTO `Hero` (`id`, `firstName`, `lastName`, `role`, `skillSet_id`) VALUES ('1078', 'Ypf', 'Prith', 'LeadSoftwareArchitect', '1078');
INSERT INTO `SkillSet` (`id`) VALUES ('1079');
INSERT INTO `SkillSet_skills` (`SkillSet_id`, `skills`) VALUES ('1079', 'SQL');
INSERT INTO `SkillSet_skills` (`SkillSet_id`, `skills`) VALUES ('1079', 'Maven');
INSERT INTO `SkillSet_skills` (`SkillSet_id`, `skills`) VALUES ('1079', 'dotNet');
INSERT INTO `SkillSet_skills` (`SkillSet_id`, `skills`) VALUES ('1079', 'Java');
INSERT INTO `SkillSet_skills` (`SkillSet_id`, `skills`) VALUES ('1079', 'UITesting');
INSERT INTO `Hero` (`id`, `firstName`, `lastName`, `role`, `skillSet_id`) VALUES ('1079', 'Jchiz', 'Aish', 'SoftwareEngineer', '1079');
INSERT INTO `SkillSet` (`id`) VALUES ('1080');
INSERT INTO `SkillSet_skills` (`SkillSet_id`, `skills`) VALUES ('1080', 'Maven');
INSERT INTO `SkillSet_skills` (`SkillSet_id`, `skills`) VALUES ('1080', 'UnitTesting');
INSERT INTO `Hero` (`id`, `firstName`, `lastName`, `role`, `skillSet_id`) VALUES ('1080', 'Zystopf', 'Beitt', 'JuniorSoftwareEngineer', '1080');
INSERT INTO `SkillSet` (`id`) VALUES ('1081');
INSERT INTO `SkillSet_skills` (`SkillSet_id`, `skills`) VALUES ('1081', 'dotNet');
INSERT INTO `Hero` (`id`, `firstName`, `lastName`, `role`, `skillSet_id`) VALUES ('1081', 'Klystjh', 'Grysjg', 'PrincipalConsultant', '1081');
INSERT INTO `SkillSet` (`id`) VALUES ('1082');
INSERT INTO `SkillSet_skills` (`SkillSet_id`, `skills`) VALUES ('1082', 'Architektur');
INSERT INTO `SkillSet_skills` (`SkillSet_id`, `skills`) VALUES ('1082', 'Gradle');
INSERT INTO `SkillSet_skills` (`SkillSet_id`, `skills`) VALUES ('1082', 'Maven');
INSERT INTO `Hero` (`id`, `firstName`, `lastName`, `role`, `skillSet_id`) VALUES ('1082', 'Coinnes', 'Oilauh', 'JuniorSoftwareEngineer', '1082');
INSERT INTO `SkillSet` (`id`) VALUES ('1083');
INSERT INTO `SkillSet_skills` (`SkillSet_id`, `skills`) VALUES ('1083', 'Maven');
INSERT INTO `SkillSet_skills` (`SkillSet_id`, `skills`) VALUES ('1083', 'Maven');
INSERT INTO `Hero` (`id`, `firstName`, `lastName`, `role`, `skillSet_id`) VALUES ('1083', 'Lint', 'Ous', 'PrincipalConsultant', '1083');
INSERT INTO `SkillSet` (`id`) VALUES ('1084');
INSERT INTO `SkillSet_skills` (`SkillSet_id`, `skills`) VALUES ('1084', 'Java');
INSERT INTO `Hero` (`id`, `firstName`, `lastName`, `role`, `skillSet_id`) VALUES ('1084', 'Qigh', 'Of', 'LeadSoftwareArchitect', '1084');
INSERT INTO `SkillSet` (`id`) VALUES ('1085');
INSERT INTO `SkillSet_skills` (`SkillSet_id`, `skills`) VALUES ('1085', 'Architektur');
INSERT INTO `SkillSet_skills` (`SkillSet_id`, `skills`) VALUES ('1085', 'SQL');
INSERT INTO `SkillSet_skills` (`SkillSet_id`, `skills`) VALUES ('1085', 'UITesting');
INSERT INTO `Hero` (`id`, `firstName`, `lastName`, `role`, `skillSet_id`) VALUES ('1085', 'Aud', 'Steig', 'LeadEngineer', '1085');
INSERT INTO `SkillSet` (`id`) VALUES ('1086');
INSERT INTO `SkillSet_skills` (`SkillSet_id`, `skills`) VALUES ('1086', 'Java');
INSERT INTO `SkillSet_skills` (`SkillSet_id`, `skills`) VALUES ('1086', 'UnitTesting');
INSERT INTO `Hero` (`id`, `firstName`, `lastName`, `role`, `skillSet_id`) VALUES ('1086', 'Greik', 'Zoogjt', 'PrincipalConsultant', '1086');
INSERT INTO `SkillSet` (`id`) VALUES ('1087');
INSERT INTO `SkillSet_skills` (`SkillSet_id`, `skills`) VALUES ('1087', 'Gradle');
INSERT INTO `SkillSet_skills` (`SkillSet_id`, `skills`) VALUES ('1087', 'Gradle');
INSERT INTO `SkillSet_skills` (`SkillSet_id`, `skills`) VALUES ('1087', 'UnitTesting');
INSERT INTO `SkillSet_skills` (`SkillSet_id`, `skills`) VALUES ('1087', 'SQL');
INSERT INTO `SkillSet_skills` (`SkillSet_id`, `skills`) VALUES ('1087', 'UITesting');
INSERT INTO `Hero` (`id`, `firstName`, `lastName`, `role`, `skillSet_id`) VALUES ('1087', 'Bleiv', 'Jgh', 'SeniorSoftwareEngineer', '1087');
INSERT INTO `SkillSet` (`id`) VALUES ('1088');
INSERT INTO `SkillSet_skills` (`SkillSet_id`, `skills`) VALUES ('1088', 'SQL');
INSERT INTO `SkillSet_skills` (`SkillSet_id`, `skills`) VALUES ('1088', 'UnitTesting');
INSERT INTO `Hero` (`id`, `firstName`, `lastName`, `role`, `skillSet_id`) VALUES ('1088', 'Brol', 'Qeiwoow', 'PrincipalConsultant', '1088');
INSERT INTO `SkillSet` (`id`) VALUES ('1089');
INSERT INTO `SkillSet_skills` (`SkillSet_id`, `skills`) VALUES ('1089', 'Maven');
INSERT INTO `SkillSet_skills` (`SkillSet_id`, `skills`) VALUES ('1089', 'Architektur');
INSERT INTO `SkillSet_skills` (`SkillSet_id`, `skills`) VALUES ('1089', 'UnitTesting');
INSERT INTO `Hero` (`id`, `firstName`, `lastName`, `role`, `skillSet_id`) VALUES ('1089', 'Blusseiw', 'Sheinnush', 'JuniorSoftwareEngineer', '1089');
INSERT INTO `SkillSet` (`id`) VALUES ('1090');
INSERT INTO `SkillSet_skills` (`SkillSet_id`, `skills`) VALUES ('1090', 'Maven');
INSERT INTO `SkillSet_skills` (`SkillSet_id`, `skills`) VALUES ('1090', 'Ant');
INSERT INTO `SkillSet_skills` (`SkillSet_id`, `skills`) VALUES ('1090', 'Java');
INSERT INTO `SkillSet_skills` (`SkillSet_id`, `skills`) VALUES ('1090', 'Architektur');
INSERT INTO `SkillSet_skills` (`SkillSet_id`, `skills`) VALUES ('1090', 'Architektur');
INSERT INTO `Hero` (`id`, `firstName`, `lastName`, `role`, `skillSet_id`) VALUES ('1090', 'Rountaim', 'Gathim', 'SoftwareEngineer', '1090');
INSERT INTO `SkillSet` (`id`) VALUES ('1091');
INSERT INTO `SkillSet_skills` (`SkillSet_id`, `skills`) VALUES ('1091', 'UnitTesting');
INSERT INTO `SkillSet_skills` (`SkillSet_id`, `skills`) VALUES ('1091', 'UITesting');
INSERT INTO `Hero` (`id`, `firstName`, `lastName`, `role`, `skillSet_id`) VALUES ('1091', 'Grechih', 'Jstjg', 'PrincipalConsultant', '1091');
INSERT INTO `SkillSet` (`id`) VALUES ('1092');
INSERT INTO `SkillSet_skills` (`SkillSet_id`, `skills`) VALUES ('1092', 'Gradle');
INSERT INTO `SkillSet_skills` (`SkillSet_id`, `skills`) VALUES ('1092', 'Ant');
INSERT INTO `SkillSet_skills` (`SkillSet_id`, `skills`) VALUES ('1092', 'Maven');
INSERT INTO `SkillSet_skills` (`SkillSet_id`, `skills`) VALUES ('1092', 'Maven');
INSERT INTO `SkillSet_skills` (`SkillSet_id`, `skills`) VALUES ('1092', 'SQL');
INSERT INTO `Hero` (`id`, `firstName`, `lastName`, `role`, `skillSet_id`) VALUES ('1092', 'Jittoist', 'Ok', 'PrincipalConsultant', '1092');
INSERT INTO `SkillSet` (`id`) VALUES ('1093');
INSERT INTO `SkillSet_skills` (`SkillSet_id`, `skills`) VALUES ('1093', 'Java');
INSERT INTO `SkillSet_skills` (`SkillSet_id`, `skills`) VALUES ('1093', 'SQL');
INSERT INTO `SkillSet_skills` (`SkillSet_id`, `skills`) VALUES ('1093', 'Architektur');
INSERT INTO `Hero` (`id`, `firstName`, `lastName`, `role`, `skillSet_id`) VALUES ('1093', 'Rykum', 'Outhjiw', 'SeniorSoftwareEngineer', '1093');
INSERT INTO `SkillSet` (`id`) VALUES ('1094');
INSERT INTO `SkillSet_skills` (`SkillSet_id`, `skills`) VALUES ('1094', 'Maven');
INSERT INTO `SkillSet_skills` (`SkillSet_id`, `skills`) VALUES ('1094', 'SQL');
INSERT INTO `SkillSet_skills` (`SkillSet_id`, `skills`) VALUES ('1094', 'dotNet');
INSERT INTO `Hero` (`id`, `firstName`, `lastName`, `role`, `skillSet_id`) VALUES ('1094', 'Ouhaup', 'Blouwaiw', 'JuniorSoftwareEngineer', '1094');
INSERT INTO `SkillSet` (`id`) VALUES ('1095');
INSERT INTO `SkillSet_skills` (`SkillSet_id`, `skills`) VALUES ('1095', 'Maven');
INSERT INTO `SkillSet_skills` (`SkillSet_id`, `skills`) VALUES ('1095', 'Gradle');
INSERT INTO `Hero` (`id`, `firstName`, `lastName`, `role`, `skillSet_id`) VALUES ('1095', 'Jnt', 'Uf', 'LeadSoftwareArchitect', '1095');
INSERT INTO `SkillSet` (`id`) VALUES ('1096');
INSERT INTO `SkillSet_skills` (`SkillSet_id`, `skills`) VALUES ('1096', 'Java');
INSERT INTO `SkillSet_skills` (`SkillSet_id`, `skills`) VALUES ('1096', 'Ant');
INSERT INTO `SkillSet_skills` (`SkillSet_id`, `skills`) VALUES ('1096', 'Java');
INSERT INTO `SkillSet_skills` (`SkillSet_id`, `skills`) VALUES ('1096', 'UnitTesting');
INSERT INTO `SkillSet_skills` (`SkillSet_id`, `skills`) VALUES ('1096', 'Ant');
INSERT INTO `Hero` (`id`, `firstName`, `lastName`, `role`, `skillSet_id`) VALUES ('1096', 'Aseiz', 'Kussoir', 'LeadSoftwareArchitect', '1096');
INSERT INTO `SkillSet` (`id`) VALUES ('1097');
INSERT INTO `SkillSet_skills` (`SkillSet_id`, `skills`) VALUES ('1097', 'Architektur');
INSERT INTO `Hero` (`id`, `firstName`, `lastName`, `role`, `skillSet_id`) VALUES ('1097', 'Jisel', 'Eip', 'SoftwareEngineer', '1097');
INSERT INTO `SkillSet` (`id`) VALUES ('1098');
INSERT INTO `SkillSet_skills` (`SkillSet_id`, `skills`) VALUES ('1098', 'Architektur');
INSERT INTO `SkillSet_skills` (`SkillSet_id`, `skills`) VALUES ('1098', 'Gradle');
INSERT INTO `Hero` (`id`, `firstName`, `lastName`, `role`, `skillSet_id`) VALUES ('1098', 'Ipel', 'Ob', 'SeniorSoftwareEngineer', '1098');
INSERT INTO `SkillSet` (`id`) VALUES ('1099');
INSERT INTO `SkillSet_skills` (`SkillSet_id`, `skills`) VALUES ('1099', 'SQL');
INSERT INTO `SkillSet_skills` (`SkillSet_id`, `skills`) VALUES ('1099', 'dotNet');
INSERT INTO `SkillSet_skills` (`SkillSet_id`, `skills`) VALUES ('1099', 'Gradle');
INSERT INTO `SkillSet_skills` (`SkillSet_id`, `skills`) VALUES ('1099', 'Java');
INSERT INTO `Hero` (`id`, `firstName`, `lastName`, `role`, `skillSet_id`) VALUES ('1099', 'Toifoz', 'Haith', 'JuniorSoftwareEngineer', '1099');
INSERT INTO `SkillSet` (`id`) VALUES ('1100');
INSERT INTO `SkillSet_skills` (`SkillSet_id`, `skills`) VALUES ('1100', 'Maven');
INSERT INTO `SkillSet_skills` (`SkillSet_id`, `skills`) VALUES ('1100', 'Architektur');
INSERT INTO `SkillSet_skills` (`SkillSet_id`, `skills`) VALUES ('1100', 'SQL');
INSERT INTO `Hero` (`id`, `firstName`, `lastName`, `role`, `skillSet_id`) VALUES ('1100', 'Ap', 'Ynont', 'LeadSoftwareArchitect', '1100');
INSERT INTO `SkillSet` (`id`) VALUES ('1101');
INSERT INTO `SkillSet_skills` (`SkillSet_id`, `skills`) VALUES ('1101', 'SQL');
INSERT INTO `SkillSet_skills` (`SkillSet_id`, `skills`) VALUES ('1101', 'UITesting');
INSERT INTO `SkillSet_skills` (`SkillSet_id`, `skills`) VALUES ('1101', 'UnitTesting');
INSERT INTO `SkillSet_skills` (`SkillSet_id`, `skills`) VALUES ('1101', 'Maven');
INSERT INTO `SkillSet_skills` (`SkillSet_id`, `skills`) VALUES ('1101', 'UITesting');
INSERT INTO `Hero` (`id`, `firstName`, `lastName`, `role`, `skillSet_id`) VALUES ('1101', 'Oiljsh', 'Ydys', 'SoftwareEngineer', '1101');
INSERT INTO `SkillSet` (`id`) VALUES ('1102');
INSERT INTO `SkillSet_skills` (`SkillSet_id`, `skills`) VALUES ('1102', 'UnitTesting');
INSERT INTO `SkillSet_skills` (`SkillSet_id`, `skills`) VALUES ('1102', 'SQL');
INSERT INTO `SkillSet_skills` (`SkillSet_id`, `skills`) VALUES ('1102', 'dotNet');
INSERT INTO `SkillSet_skills` (`SkillSet_id`, `skills`) VALUES ('1102', 'UITesting');
INSERT INTO `SkillSet_skills` (`SkillSet_id`, `skills`) VALUES ('1102', 'UnitTesting');
INSERT INTO `Hero` (`id`, `firstName`, `lastName`, `role`, `skillSet_id`) VALUES ('1102', 'Vunyd', 'Oust', 'LeadEngineer', '1102');
INSERT INTO `SkillSet` (`id`) VALUES ('1103');
INSERT INTO `SkillSet_skills` (`SkillSet_id`, `skills`) VALUES ('1103', 'Architektur');
INSERT INTO `SkillSet_skills` (`SkillSet_id`, `skills`) VALUES ('1103', 'Architektur');
INSERT INTO `Hero` (`id`, `firstName`, `lastName`, `role`, `skillSet_id`) VALUES ('1103', 'Klykeinn', 'Flar', 'LeadEngineer', '1103');
INSERT INTO `SkillSet` (`id`) VALUES ('1104');
INSERT INTO `SkillSet_skills` (`SkillSet_id`, `skills`) VALUES ('1104', 'SQL');
INSERT INTO `SkillSet_skills` (`SkillSet_id`, `skills`) VALUES ('1104', 'Ant');
INSERT INTO `SkillSet_skills` (`SkillSet_id`, `skills`) VALUES ('1104', 'UITesting');
INSERT INTO `Hero` (`id`, `firstName`, `lastName`, `role`, `skillSet_id`) VALUES ('1104', 'Brak', 'Jip', 'PrincipalConsultant', '1104');
INSERT INTO `SkillSet` (`id`) VALUES ('1105');
INSERT INTO `SkillSet_skills` (`SkillSet_id`, `skills`) VALUES ('1105', 'Ant');
INSERT INTO `SkillSet_skills` (`SkillSet_id`, `skills`) VALUES ('1105', 'Architektur');
INSERT INTO `SkillSet_skills` (`SkillSet_id`, `skills`) VALUES ('1105', 'Ant');
INSERT INTO `SkillSet_skills` (`SkillSet_id`, `skills`) VALUES ('1105', 'UITesting');
INSERT INTO `SkillSet_skills` (`SkillSet_id`, `skills`) VALUES ('1105', 'SQL');
INSERT INTO `Hero` (`id`, `firstName`, `lastName`, `role`, `skillSet_id`) VALUES ('1105', 'Eidauv', 'Aupf', 'JuniorSoftwareEngineer', '1105');
INSERT INTO `SkillSet` (`id`) VALUES ('1106');
INSERT INTO `SkillSet_skills` (`SkillSet_id`, `skills`) VALUES ('1106', 'Architektur');
INSERT INTO `SkillSet_skills` (`SkillSet_id`, `skills`) VALUES ('1106', 'UITesting');
INSERT INTO `SkillSet_skills` (`SkillSet_id`, `skills`) VALUES ('1106', 'Architektur');
INSERT INTO `Hero` (`id`, `firstName`, `lastName`, `role`, `skillSet_id`) VALUES ('1106', 'Yg', 'Ais', 'SeniorSoftwareEngineer', '1106');
INSERT INTO `SkillSet` (`id`) VALUES ('1107');
INSERT INTO `SkillSet_skills` (`SkillSet_id`, `skills`) VALUES ('1107', 'dotNet');
INSERT INTO `SkillSet_skills` (`SkillSet_id`, `skills`) VALUES ('1107', 'SQL');
INSERT INTO `Hero` (`id`, `firstName`, `lastName`, `role`, `skillSet_id`) VALUES ('1107', 'Zupynt', 'Jil', 'LeadEngineer', '1107');
INSERT INTO `SkillSet` (`id`) VALUES ('1108');
INSERT INTO `SkillSet_skills` (`SkillSet_id`, `skills`) VALUES ('1108', 'UITesting');
INSERT INTO `SkillSet_skills` (`SkillSet_id`, `skills`) VALUES ('1108', 'UITesting');
INSERT INTO `SkillSet_skills` (`SkillSet_id`, `skills`) VALUES ('1108', 'dotNet');
INSERT INTO `SkillSet_skills` (`SkillSet_id`, `skills`) VALUES ('1108', 'SQL');
INSERT INTO `Hero` (`id`, `firstName`, `lastName`, `role`, `skillSet_id`) VALUES ('1108', 'Nooh', 'Autt', 'LeadEngineer', '1108');
INSERT INTO `SkillSet` (`id`) VALUES ('1109');
INSERT INTO `SkillSet_skills` (`SkillSet_id`, `skills`) VALUES ('1109', 'Architektur');
INSERT INTO `Hero` (`id`, `firstName`, `lastName`, `role`, `skillSet_id`) VALUES ('1109', 'Uwoiv', 'Ith', 'SeniorSoftwareEngineer', '1109');
INSERT INTO `SkillSet` (`id`) VALUES ('1110');
INSERT INTO `SkillSet_skills` (`SkillSet_id`, `skills`) VALUES ('1110', 'Architektur');
INSERT INTO `Hero` (`id`, `firstName`, `lastName`, `role`, `skillSet_id`) VALUES ('1110', 'Viv', 'Qer', 'PrincipalConsultant', '1110');
INSERT INTO `SkillSet` (`id`) VALUES ('1111');
INSERT INTO `SkillSet_skills` (`SkillSet_id`, `skills`) VALUES ('1111', 'dotNet');
INSERT INTO `SkillSet_skills` (`SkillSet_id`, `skills`) VALUES ('1111', 'UnitTesting');
INSERT INTO `Hero` (`id`, `firstName`, `lastName`, `role`, `skillSet_id`) VALUES ('1111', 'Oun', 'Stiss', 'PrincipalConsultant', '1111');
INSERT INTO `SkillSet` (`id`) VALUES ('1112');
INSERT INTO `SkillSet_skills` (`SkillSet_id`, `skills`) VALUES ('1112', 'Ant');
INSERT INTO `SkillSet_skills` (`SkillSet_id`, `skills`) VALUES ('1112', 'Architektur');
INSERT INTO `Hero` (`id`, `firstName`, `lastName`, `role`, `skillSet_id`) VALUES ('1112', 'Oghon', 'It', 'SeniorSoftwareEngineer', '1112');
INSERT INTO `SkillSet` (`id`) VALUES ('1113');
INSERT INTO `SkillSet_skills` (`SkillSet_id`, `skills`) VALUES ('1113', 'Java');
INSERT INTO `SkillSet_skills` (`SkillSet_id`, `skills`) VALUES ('1113', 'dotNet');
INSERT INTO `Hero` (`id`, `firstName`, `lastName`, `role`, `skillSet_id`) VALUES ('1113', 'Sheiwauw', 'Goizuz', 'LeadSoftwareArchitect', '1113');
INSERT INTO `SkillSet` (`id`) VALUES ('1114');
INSERT INTO `SkillSet_skills` (`SkillSet_id`, `skills`) VALUES ('1114', 'SQL');
INSERT INTO `SkillSet_skills` (`SkillSet_id`, `skills`) VALUES ('1114', 'dotNet');
INSERT INTO `SkillSet_skills` (`SkillSet_id`, `skills`) VALUES ('1114', 'Maven');
INSERT INTO `SkillSet_skills` (`SkillSet_id`, `skills`) VALUES ('1114', 'dotNet');
INSERT INTO `SkillSet_skills` (`SkillSet_id`, `skills`) VALUES ('1114', 'SQL');
INSERT INTO `Hero` (`id`, `firstName`, `lastName`, `role`, `skillSet_id`) VALUES ('1114', 'Zegh', 'Oifow', 'SeniorSoftwareEngineer', '1114');
INSERT INTO `SkillSet` (`id`) VALUES ('1115');
INSERT INTO `SkillSet_skills` (`SkillSet_id`, `skills`) VALUES ('1115', 'dotNet');
INSERT INTO `SkillSet_skills` (`SkillSet_id`, `skills`) VALUES ('1115', 'UnitTesting');
INSERT INTO `SkillSet_skills` (`SkillSet_id`, `skills`) VALUES ('1115', 'Ant');
INSERT INTO `Hero` (`id`, `firstName`, `lastName`, `role`, `skillSet_id`) VALUES ('1115', 'Aupfjb', 'Oid', 'JuniorSoftwareEngineer', '1115');
INSERT INTO `SkillSet` (`id`) VALUES ('1116');
INSERT INTO `SkillSet_skills` (`SkillSet_id`, `skills`) VALUES ('1116', 'UnitTesting');
INSERT INTO `Hero` (`id`, `firstName`, `lastName`, `role`, `skillSet_id`) VALUES ('1116', 'Bleis', 'Brout', 'PrincipalConsultant', '1116');
INSERT INTO `SkillSet` (`id`) VALUES ('1117');
INSERT INTO `SkillSet_skills` (`SkillSet_id`, `skills`) VALUES ('1117', 'Maven');
INSERT INTO `Hero` (`id`, `firstName`, `lastName`, `role`, `skillSet_id`) VALUES ('1117', 'Thel', 'Veipeih', 'LeadEngineer', '1117');
INSERT INTO `SkillSet` (`id`) VALUES ('1118');
INSERT INTO `SkillSet_skills` (`SkillSet_id`, `skills`) VALUES ('1118', 'Maven');
INSERT INTO `Hero` (`id`, `firstName`, `lastName`, `role`, `skillSet_id`) VALUES ('1118', 'Glavif', 'Gleikuz', 'JuniorSoftwareEngineer', '1118');
INSERT INTO `SkillSet` (`id`) VALUES ('1119');
INSERT INTO `SkillSet_skills` (`SkillSet_id`, `skills`) VALUES ('1119', 'dotNet');
INSERT INTO `Hero` (`id`, `firstName`, `lastName`, `role`, `skillSet_id`) VALUES ('1119', 'Gleg', 'Med', 'SeniorSoftwareEngineer', '1119');
INSERT INTO `SkillSet` (`id`) VALUES ('1120');
INSERT INTO `SkillSet_skills` (`SkillSet_id`, `skills`) VALUES ('1120', 'Ant');
INSERT INTO `SkillSet_skills` (`SkillSet_id`, `skills`) VALUES ('1120', 'UnitTesting');
INSERT INTO `SkillSet_skills` (`SkillSet_id`, `skills`) VALUES ('1120', 'Gradle');
INSERT INTO `SkillSet_skills` (`SkillSet_id`, `skills`) VALUES ('1120', 'Maven');
INSERT INTO `SkillSet_skills` (`SkillSet_id`, `skills`) VALUES ('1120', 'SQL');
INSERT INTO `Hero` (`id`, `firstName`, `lastName`, `role`, `skillSet_id`) VALUES ('1120', 'Eist', 'Em', 'JuniorSoftwareEngineer', '1120');
INSERT INTO `SkillSet` (`id`) VALUES ('1121');
INSERT INTO `SkillSet_skills` (`SkillSet_id`, `skills`) VALUES ('1121', 'SQL');
INSERT INTO `SkillSet_skills` (`SkillSet_id`, `skills`) VALUES ('1121', 'dotNet');
INSERT INTO `SkillSet_skills` (`SkillSet_id`, `skills`) VALUES ('1121', 'Ant');
INSERT INTO `SkillSet_skills` (`SkillSet_id`, `skills`) VALUES ('1121', 'Architektur');
INSERT INTO `SkillSet_skills` (`SkillSet_id`, `skills`) VALUES ('1121', 'Ant');
INSERT INTO `Hero` (`id`, `firstName`, `lastName`, `role`, `skillSet_id`) VALUES ('1121', 'Oosh', 'Kouthaif', 'JuniorSoftwareEngineer', '1121');
INSERT INTO `SkillSet` (`id`) VALUES ('1122');
INSERT INTO `SkillSet_skills` (`SkillSet_id`, `skills`) VALUES ('1122', 'Java');
INSERT INTO `SkillSet_skills` (`SkillSet_id`, `skills`) VALUES ('1122', 'dotNet');
INSERT INTO `SkillSet_skills` (`SkillSet_id`, `skills`) VALUES ('1122', 'SQL');
INSERT INTO `Hero` (`id`, `firstName`, `lastName`, `role`, `skillSet_id`) VALUES ('1122', 'Aikogh', 'Noob', 'JuniorSoftwareEngineer', '1122');
INSERT INTO `SkillSet` (`id`) VALUES ('1123');
INSERT INTO `SkillSet_skills` (`SkillSet_id`, `skills`) VALUES ('1123', 'Maven');
INSERT INTO `SkillSet_skills` (`SkillSet_id`, `skills`) VALUES ('1123', 'UnitTesting');
INSERT INTO `Hero` (`id`, `firstName`, `lastName`, `role`, `skillSet_id`) VALUES ('1123', 'Kaibaif', 'Prjil', 'PrincipalConsultant', '1123');
INSERT INTO `SkillSet` (`id`) VALUES ('1124');
INSERT INTO `SkillSet_skills` (`SkillSet_id`, `skills`) VALUES ('1124', 'UnitTesting');
INSERT INTO `SkillSet_skills` (`SkillSet_id`, `skills`) VALUES ('1124', 'Gradle');
INSERT INTO `SkillSet_skills` (`SkillSet_id`, `skills`) VALUES ('1124', 'Java');
INSERT INTO `SkillSet_skills` (`SkillSet_id`, `skills`) VALUES ('1124', 'Architektur');
INSERT INTO `SkillSet_skills` (`SkillSet_id`, `skills`) VALUES ('1124', 'SQL');
INSERT INTO `Hero` (`id`, `firstName`, `lastName`, `role`, `skillSet_id`) VALUES ('1124', 'Xachaish', 'Fleivouth', 'JuniorSoftwareEngineer', '1124');
INSERT INTO `SkillSet` (`id`) VALUES ('1125');
INSERT INTO `SkillSet_skills` (`SkillSet_id`, `skills`) VALUES ('1125', 'UITesting');
INSERT INTO `SkillSet_skills` (`SkillSet_id`, `skills`) VALUES ('1125', 'Ant');
INSERT INTO `SkillSet_skills` (`SkillSet_id`, `skills`) VALUES ('1125', 'Ant');
INSERT INTO `SkillSet_skills` (`SkillSet_id`, `skills`) VALUES ('1125', 'UnitTesting');
INSERT INTO `Hero` (`id`, `firstName`, `lastName`, `role`, `skillSet_id`) VALUES ('1125', 'At', 'Jssyst', 'PrincipalConsultant', '1125');
INSERT INTO `SkillSet` (`id`) VALUES ('1126');
INSERT INTO `SkillSet_skills` (`SkillSet_id`, `skills`) VALUES ('1126', 'Maven');
INSERT INTO `SkillSet_skills` (`SkillSet_id`, `skills`) VALUES ('1126', 'UnitTesting');
INSERT INTO `SkillSet_skills` (`SkillSet_id`, `skills`) VALUES ('1126', 'Java');
INSERT INTO `SkillSet_skills` (`SkillSet_id`, `skills`) VALUES ('1126', 'Architektur');
INSERT INTO `Hero` (`id`, `firstName`, `lastName`, `role`, `skillSet_id`) VALUES ('1126', 'Glikjtt', 'Thjiv', 'SoftwareEngineer', '1126');
INSERT INTO `SkillSet` (`id`) VALUES ('1127');
INSERT INTO `SkillSet_skills` (`SkillSet_id`, `skills`) VALUES ('1127', 'UnitTesting');
INSERT INTO `SkillSet_skills` (`SkillSet_id`, `skills`) VALUES ('1127', 'Java');
INSERT INTO `SkillSet_skills` (`SkillSet_id`, `skills`) VALUES ('1127', 'Java');
INSERT INTO `SkillSet_skills` (`SkillSet_id`, `skills`) VALUES ('1127', 'Gradle');
INSERT INTO `Hero` (`id`, `firstName`, `lastName`, `role`, `skillSet_id`) VALUES ('1127', 'Leiw', 'Ainn', 'LeadSoftwareArchitect', '1127');
INSERT INTO `SkillSet` (`id`) VALUES ('1128');
INSERT INTO `SkillSet_skills` (`SkillSet_id`, `skills`) VALUES ('1128', 'Gradle');
INSERT INTO `SkillSet_skills` (`SkillSet_id`, `skills`) VALUES ('1128', 'UnitTesting');
INSERT INTO `SkillSet_skills` (`SkillSet_id`, `skills`) VALUES ('1128', 'Gradle');
INSERT INTO `SkillSet_skills` (`SkillSet_id`, `skills`) VALUES ('1128', 'UITesting');
INSERT INTO `Hero` (`id`, `firstName`, `lastName`, `role`, `skillSet_id`) VALUES ('1128', 'Liboish', 'Ymeigh', 'PrincipalConsultant', '1128');
INSERT INTO `SkillSet` (`id`) VALUES ('1129');
INSERT INTO `SkillSet_skills` (`SkillSet_id`, `skills`) VALUES ('1129', 'UITesting');
INSERT INTO `SkillSet_skills` (`SkillSet_id`, `skills`) VALUES ('1129', 'Ant');
INSERT INTO `SkillSet_skills` (`SkillSet_id`, `skills`) VALUES ('1129', 'dotNet');
INSERT INTO `SkillSet_skills` (`SkillSet_id`, `skills`) VALUES ('1129', 'Gradle');
INSERT INTO `Hero` (`id`, `firstName`, `lastName`, `role`, `skillSet_id`) VALUES ('1129', 'Jiheh', 'Xoissjd', 'LeadSoftwareArchitect', '1129');
INSERT INTO `SkillSet` (`id`) VALUES ('1130');
INSERT INTO `SkillSet_skills` (`SkillSet_id`, `skills`) VALUES ('1130', 'Maven');
INSERT INTO `SkillSet_skills` (`SkillSet_id`, `skills`) VALUES ('1130', 'UITesting');
INSERT INTO `SkillSet_skills` (`SkillSet_id`, `skills`) VALUES ('1130', 'UnitTesting');
INSERT INTO `SkillSet_skills` (`SkillSet_id`, `skills`) VALUES ('1130', 'Ant');
INSERT INTO `SkillSet_skills` (`SkillSet_id`, `skills`) VALUES ('1130', 'Gradle');
INSERT INTO `Hero` (`id`, `firstName`, `lastName`, `role`, `skillSet_id`) VALUES ('1130', 'Jivogh', 'Air', 'PrincipalConsultant', '1130');
INSERT INTO `SkillSet` (`id`) VALUES ('1131');
INSERT INTO `SkillSet_skills` (`SkillSet_id`, `skills`) VALUES ('1131', 'Gradle');
INSERT INTO `SkillSet_skills` (`SkillSet_id`, `skills`) VALUES ('1131', 'dotNet');
INSERT INTO `SkillSet_skills` (`SkillSet_id`, `skills`) VALUES ('1131', 'UnitTesting');
INSERT INTO `SkillSet_skills` (`SkillSet_id`, `skills`) VALUES ('1131', 'Architektur');
INSERT INTO `SkillSet_skills` (`SkillSet_id`, `skills`) VALUES ('1131', 'Maven');
INSERT INTO `Hero` (`id`, `firstName`, `lastName`, `role`, `skillSet_id`) VALUES ('1131', 'Ozod', 'Thimaig', 'PrincipalConsultant', '1131');
INSERT INTO `SkillSet` (`id`) VALUES ('1132');
INSERT INTO `SkillSet_skills` (`SkillSet_id`, `skills`) VALUES ('1132', 'dotNet');
INSERT INTO `SkillSet_skills` (`SkillSet_id`, `skills`) VALUES ('1132', 'dotNet');
INSERT INTO `SkillSet_skills` (`SkillSet_id`, `skills`) VALUES ('1132', 'Ant');
INSERT INTO `SkillSet_skills` (`SkillSet_id`, `skills`) VALUES ('1132', 'UnitTesting');
INSERT INTO `SkillSet_skills` (`SkillSet_id`, `skills`) VALUES ('1132', 'Maven');
INSERT INTO `Hero` (`id`, `firstName`, `lastName`, `role`, `skillSet_id`) VALUES ('1132', 'Xust', 'Gythel', 'PrincipalConsultant', '1132');
INSERT INTO `SkillSet` (`id`) VALUES ('1133');
INSERT INTO `SkillSet_skills` (`SkillSet_id`, `skills`) VALUES ('1133', 'UITesting');
INSERT INTO `Hero` (`id`, `firstName`, `lastName`, `role`, `skillSet_id`) VALUES ('1133', 'Poig', 'Aib', 'SeniorSoftwareEngineer', '1133');
INSERT INTO `SkillSet` (`id`) VALUES ('1134');
INSERT INTO `SkillSet_skills` (`SkillSet_id`, `skills`) VALUES ('1134', 'UITesting');
INSERT INTO `SkillSet_skills` (`SkillSet_id`, `skills`) VALUES ('1134', 'dotNet');
INSERT INTO `SkillSet_skills` (`SkillSet_id`, `skills`) VALUES ('1134', 'Maven');
INSERT INTO `SkillSet_skills` (`SkillSet_id`, `skills`) VALUES ('1134', 'Ant');
INSERT INTO `SkillSet_skills` (`SkillSet_id`, `skills`) VALUES ('1134', 'Ant');
INSERT INTO `Hero` (`id`, `firstName`, `lastName`, `role`, `skillSet_id`) VALUES ('1134', 'Stik', 'Goisur', 'JuniorSoftwareEngineer', '1134');
INSERT INTO `SkillSet` (`id`) VALUES ('1135');
INSERT INTO `SkillSet_skills` (`SkillSet_id`, `skills`) VALUES ('1135', 'SQL');
INSERT INTO `SkillSet_skills` (`SkillSet_id`, `skills`) VALUES ('1135', 'Maven');
INSERT INTO `SkillSet_skills` (`SkillSet_id`, `skills`) VALUES ('1135', 'Java');
INSERT INTO `SkillSet_skills` (`SkillSet_id`, `skills`) VALUES ('1135', 'dotNet');
INSERT INTO `Hero` (`id`, `firstName`, `lastName`, `role`, `skillSet_id`) VALUES ('1135', 'Onn', 'Xainnaih', 'JuniorSoftwareEngineer', '1135');
INSERT INTO `SkillSet` (`id`) VALUES ('1136');
INSERT INTO `SkillSet_skills` (`SkillSet_id`, `skills`) VALUES ('1136', 'Ant');
INSERT INTO `SkillSet_skills` (`SkillSet_id`, `skills`) VALUES ('1136', 'Maven');
INSERT INTO `SkillSet_skills` (`SkillSet_id`, `skills`) VALUES ('1136', 'Java');
INSERT INTO `SkillSet_skills` (`SkillSet_id`, `skills`) VALUES ('1136', 'Gradle');
INSERT INTO `SkillSet_skills` (`SkillSet_id`, `skills`) VALUES ('1136', 'dotNet');
INSERT INTO `Hero` (`id`, `firstName`, `lastName`, `role`, `skillSet_id`) VALUES ('1136', 'Cesen', 'Qoukass', 'LeadEngineer', '1136');
INSERT INTO `SkillSet` (`id`) VALUES ('1137');
INSERT INTO `SkillSet_skills` (`SkillSet_id`, `skills`) VALUES ('1137', 'Maven');
INSERT INTO `SkillSet_skills` (`SkillSet_id`, `skills`) VALUES ('1137', 'SQL');
INSERT INTO `SkillSet_skills` (`SkillSet_id`, `skills`) VALUES ('1137', 'SQL');
INSERT INTO `Hero` (`id`, `firstName`, `lastName`, `role`, `skillSet_id`) VALUES ('1137', 'Oich', 'Guvar', 'LeadEngineer', '1137');
INSERT INTO `SkillSet` (`id`) VALUES ('1138');
INSERT INTO `SkillSet_skills` (`SkillSet_id`, `skills`) VALUES ('1138', 'SQL');
INSERT INTO `Hero` (`id`, `firstName`, `lastName`, `role`, `skillSet_id`) VALUES ('1138', 'Qjikub', 'Aiw', 'LeadSoftwareArchitect', '1138');
INSERT INTO `SkillSet` (`id`) VALUES ('1139');
INSERT INTO `SkillSet_skills` (`SkillSet_id`, `skills`) VALUES ('1139', 'SQL');
INSERT INTO `SkillSet_skills` (`SkillSet_id`, `skills`) VALUES ('1139', 'SQL');
INSERT INTO `Hero` (`id`, `firstName`, `lastName`, `role`, `skillSet_id`) VALUES ('1139', 'Tattoss', 'Oulain', 'JuniorSoftwareEngineer', '1139');
INSERT INTO `SkillSet` (`id`) VALUES ('1140');
INSERT INTO `SkillSet_skills` (`SkillSet_id`, `skills`) VALUES ('1140', 'Gradle');
INSERT INTO `SkillSet_skills` (`SkillSet_id`, `skills`) VALUES ('1140', 'Architektur');
INSERT INTO `Hero` (`id`, `firstName`, `lastName`, `role`, `skillSet_id`) VALUES ('1140', 'Osh', 'Aut', 'JuniorSoftwareEngineer', '1140');
INSERT INTO `SkillSet` (`id`) VALUES ('1141');
INSERT INTO `SkillSet_skills` (`SkillSet_id`, `skills`) VALUES ('1141', 'Gradle');
INSERT INTO `Hero` (`id`, `firstName`, `lastName`, `role`, `skillSet_id`) VALUES ('1141', 'Ymauw', 'Xauzipf', 'LeadSoftwareArchitect', '1141');
INSERT INTO `SkillSet` (`id`) VALUES ('1142');
INSERT INTO `SkillSet_skills` (`SkillSet_id`, `skills`) VALUES ('1142', 'Maven');
INSERT INTO `SkillSet_skills` (`SkillSet_id`, `skills`) VALUES ('1142', 'Java');
INSERT INTO `Hero` (`id`, `firstName`, `lastName`, `role`, `skillSet_id`) VALUES ('1142', 'Nol', 'Ath', 'SoftwareEngineer', '1142');
INSERT INTO `SkillSet` (`id`) VALUES ('1143');
INSERT INTO `SkillSet_skills` (`SkillSet_id`, `skills`) VALUES ('1143', 'Java');
INSERT INTO `Hero` (`id`, `firstName`, `lastName`, `role`, `skillSet_id`) VALUES ('1143', 'Oonnjp', 'Ysenn', 'JuniorSoftwareEngineer', '1143');
INSERT INTO `SkillSet` (`id`) VALUES ('1144');
INSERT INTO `SkillSet_skills` (`SkillSet_id`, `skills`) VALUES ('1144', 'dotNet');
INSERT INTO `Hero` (`id`, `firstName`, `lastName`, `role`, `skillSet_id`) VALUES ('1144', 'Ster', 'Eiw', 'SoftwareEngineer', '1144');
INSERT INTO `SkillSet` (`id`) VALUES ('1145');
INSERT INTO `SkillSet_skills` (`SkillSet_id`, `skills`) VALUES ('1145', 'Gradle');
INSERT INTO `Hero` (`id`, `firstName`, `lastName`, `role`, `skillSet_id`) VALUES ('1145', 'Ytoiw', 'Ikutt', 'PrincipalConsultant', '1145');
INSERT INTO `SkillSet` (`id`) VALUES ('1146');
INSERT INTO `SkillSet_skills` (`SkillSet_id`, `skills`) VALUES ('1146', 'UITesting');
INSERT INTO `SkillSet_skills` (`SkillSet_id`, `skills`) VALUES ('1146', 'Architektur');
INSERT INTO `SkillSet_skills` (`SkillSet_id`, `skills`) VALUES ('1146', 'Maven');
INSERT INTO `SkillSet_skills` (`SkillSet_id`, `skills`) VALUES ('1146', 'Maven');
INSERT INTO `Hero` (`id`, `firstName`, `lastName`, `role`, `skillSet_id`) VALUES ('1146', 'Osooth', 'Sooth', 'SoftwareEngineer', '1146');
INSERT INTO `SkillSet` (`id`) VALUES ('1147');
INSERT INTO `SkillSet_skills` (`SkillSet_id`, `skills`) VALUES ('1147', 'UnitTesting');
INSERT INTO `Hero` (`id`, `firstName`, `lastName`, `role`, `skillSet_id`) VALUES ('1147', 'Jshaf', 'Leigint', 'SeniorSoftwareEngineer', '1147');
INSERT INTO `SkillSet` (`id`) VALUES ('1148');
INSERT INTO `SkillSet_skills` (`SkillSet_id`, `skills`) VALUES ('1148', 'SQL');
INSERT INTO `SkillSet_skills` (`SkillSet_id`, `skills`) VALUES ('1148', 'Ant');
INSERT INTO `SkillSet_skills` (`SkillSet_id`, `skills`) VALUES ('1148', 'Java');
INSERT INTO `Hero` (`id`, `firstName`, `lastName`, `role`, `skillSet_id`) VALUES ('1148', 'Zeiss', 'Zupf', 'JuniorSoftwareEngineer', '1148');
INSERT INTO `SkillSet` (`id`) VALUES ('1149');
INSERT INTO `SkillSet_skills` (`SkillSet_id`, `skills`) VALUES ('1149', 'UITesting');
INSERT INTO `SkillSet_skills` (`SkillSet_id`, `skills`) VALUES ('1149', 'UnitTesting');
INSERT INTO `SkillSet_skills` (`SkillSet_id`, `skills`) VALUES ('1149', 'Ant');
INSERT INTO `SkillSet_skills` (`SkillSet_id`, `skills`) VALUES ('1149', 'Maven');
INSERT INTO `Hero` (`id`, `firstName`, `lastName`, `role`, `skillSet_id`) VALUES ('1149', 'Ap', 'Evak', 'SeniorSoftwareEngineer', '1149');
INSERT INTO `SkillSet` (`id`) VALUES ('1150');
INSERT INTO `SkillSet_skills` (`SkillSet_id`, `skills`) VALUES ('1150', 'Maven');
INSERT INTO `SkillSet_skills` (`SkillSet_id`, `skills`) VALUES ('1150', 'UnitTesting');
INSERT INTO `Hero` (`id`, `firstName`, `lastName`, `role`, `skillSet_id`) VALUES ('1150', 'Toup', 'Shas', 'SeniorSoftwareEngineer', '1150');
INSERT INTO `SkillSet` (`id`) VALUES ('1151');
INSERT INTO `SkillSet_skills` (`SkillSet_id`, `skills`) VALUES ('1151', 'Maven');
INSERT INTO `Hero` (`id`, `firstName`, `lastName`, `role`, `skillSet_id`) VALUES ('1151', 'Mipf', 'Stjram', 'LeadSoftwareArchitect', '1151');
INSERT INTO `SkillSet` (`id`) VALUES ('1152');
INSERT INTO `SkillSet_skills` (`SkillSet_id`, `skills`) VALUES ('1152', 'UITesting');
INSERT INTO `Hero` (`id`, `firstName`, `lastName`, `role`, `skillSet_id`) VALUES ('1152', 'Doodil', 'Vjiss', 'LeadEngineer', '1152');
INSERT INTO `SkillSet` (`id`) VALUES ('1153');
INSERT INTO `SkillSet_skills` (`SkillSet_id`, `skills`) VALUES ('1153', 'Maven');
INSERT INTO `SkillSet_skills` (`SkillSet_id`, `skills`) VALUES ('1153', 'Ant');
INSERT INTO `SkillSet_skills` (`SkillSet_id`, `skills`) VALUES ('1153', 'Maven');
INSERT INTO `SkillSet_skills` (`SkillSet_id`, `skills`) VALUES ('1153', 'UnitTesting');
INSERT INTO `SkillSet_skills` (`SkillSet_id`, `skills`) VALUES ('1153', 'UnitTesting');
INSERT INTO `Hero` (`id`, `firstName`, `lastName`, `role`, `skillSet_id`) VALUES ('1153', 'Glaghoiz', 'Lauseth', 'JuniorSoftwareEngineer', '1153');
INSERT INTO `SkillSet` (`id`) VALUES ('1154');
INSERT INTO `SkillSet_skills` (`SkillSet_id`, `skills`) VALUES ('1154', 'Java');
INSERT INTO `SkillSet_skills` (`SkillSet_id`, `skills`) VALUES ('1154', 'Architektur');
INSERT INTO `SkillSet_skills` (`SkillSet_id`, `skills`) VALUES ('1154', 'dotNet');
INSERT INTO `SkillSet_skills` (`SkillSet_id`, `skills`) VALUES ('1154', 'Maven');
INSERT INTO `Hero` (`id`, `firstName`, `lastName`, `role`, `skillSet_id`) VALUES ('1154', 'Fam', 'Yh', 'PrincipalConsultant', '1154');
INSERT INTO `SkillSet` (`id`) VALUES ('1155');
INSERT INTO `SkillSet_skills` (`SkillSet_id`, `skills`) VALUES ('1155', 'UITesting');
INSERT INTO `Hero` (`id`, `firstName`, `lastName`, `role`, `skillSet_id`) VALUES ('1155', 'Ep', 'Ousum', 'JuniorSoftwareEngineer', '1155');
INSERT INTO `SkillSet` (`id`) VALUES ('1156');
INSERT INTO `SkillSet_skills` (`SkillSet_id`, `skills`) VALUES ('1156', 'Gradle');
INSERT INTO `SkillSet_skills` (`SkillSet_id`, `skills`) VALUES ('1156', 'dotNet');
INSERT INTO `SkillSet_skills` (`SkillSet_id`, `skills`) VALUES ('1156', 'Ant');
INSERT INTO `SkillSet_skills` (`SkillSet_id`, `skills`) VALUES ('1156', 'UITesting');
INSERT INTO `Hero` (`id`, `firstName`, `lastName`, `role`, `skillSet_id`) VALUES ('1156', 'Choipom', 'Ted', 'SeniorSoftwareEngineer', '1156');
INSERT INTO `SkillSet` (`id`) VALUES ('1157');
INSERT INTO `SkillSet_skills` (`SkillSet_id`, `skills`) VALUES ('1157', 'Ant');
INSERT INTO `SkillSet_skills` (`SkillSet_id`, `skills`) VALUES ('1157', 'Maven');
INSERT INTO `Hero` (`id`, `firstName`, `lastName`, `role`, `skillSet_id`) VALUES ('1157', 'Chjss', 'Luvjst', 'JuniorSoftwareEngineer', '1157');
INSERT INTO `SkillSet` (`id`) VALUES ('1158');
INSERT INTO `SkillSet_skills` (`SkillSet_id`, `skills`) VALUES ('1158', 'dotNet');
INSERT INTO `SkillSet_skills` (`SkillSet_id`, `skills`) VALUES ('1158', 'Maven');
INSERT INTO `SkillSet_skills` (`SkillSet_id`, `skills`) VALUES ('1158', 'dotNet');
INSERT INTO `Hero` (`id`, `firstName`, `lastName`, `role`, `skillSet_id`) VALUES ('1158', 'Ofyz', 'Tyneim', 'LeadEngineer', '1158');
INSERT INTO `SkillSet` (`id`) VALUES ('1159');
INSERT INTO `SkillSet_skills` (`SkillSet_id`, `skills`) VALUES ('1159', 'dotNet');
INSERT INTO `Hero` (`id`, `firstName`, `lastName`, `role`, `skillSet_id`) VALUES ('1159', 'Eissath', 'Aupoud', 'LeadEngineer', '1159');
INSERT INTO `SkillSet` (`id`) VALUES ('1160');
INSERT INTO `SkillSet_skills` (`SkillSet_id`, `skills`) VALUES ('1160', 'Maven');
INSERT INTO `SkillSet_skills` (`SkillSet_id`, `skills`) VALUES ('1160', 'UnitTesting');
INSERT INTO `Hero` (`id`, `firstName`, `lastName`, `role`, `skillSet_id`) VALUES ('1160', 'Houtteinn', 'Des', 'SeniorSoftwareEngineer', '1160');
INSERT INTO `SkillSet` (`id`) VALUES ('1161');
INSERT INTO `SkillSet_skills` (`SkillSet_id`, `skills`) VALUES ('1161', 'Gradle');
INSERT INTO `SkillSet_skills` (`SkillSet_id`, `skills`) VALUES ('1161', 'Java');
INSERT INTO `SkillSet_skills` (`SkillSet_id`, `skills`) VALUES ('1161', 'Java');
INSERT INTO `Hero` (`id`, `firstName`, `lastName`, `role`, `skillSet_id`) VALUES ('1161', 'Ug', 'Blaipib', 'SoftwareEngineer', '1161');
INSERT INTO `SkillSet` (`id`) VALUES ('1162');
INSERT INTO `SkillSet_skills` (`SkillSet_id`, `skills`) VALUES ('1162', 'Architektur');
INSERT INTO `SkillSet_skills` (`SkillSet_id`, `skills`) VALUES ('1162', 'Java');
INSERT INTO `SkillSet_skills` (`SkillSet_id`, `skills`) VALUES ('1162', 'Ant');
INSERT INTO `SkillSet_skills` (`SkillSet_id`, `skills`) VALUES ('1162', 'Java');
INSERT INTO `SkillSet_skills` (`SkillSet_id`, `skills`) VALUES ('1162', 'Architektur');
INSERT INTO `Hero` (`id`, `firstName`, `lastName`, `role`, `skillSet_id`) VALUES ('1162', 'Achook', 'Ilinn', 'JuniorSoftwareEngineer', '1162');
INSERT INTO `SkillSet` (`id`) VALUES ('1163');
INSERT INTO `SkillSet_skills` (`SkillSet_id`, `skills`) VALUES ('1163', 'UITesting');
INSERT INTO `SkillSet_skills` (`SkillSet_id`, `skills`) VALUES ('1163', 'Ant');
INSERT INTO `SkillSet_skills` (`SkillSet_id`, `skills`) VALUES ('1163', 'Architektur');
INSERT INTO `SkillSet_skills` (`SkillSet_id`, `skills`) VALUES ('1163', 'Java');
INSERT INTO `SkillSet_skills` (`SkillSet_id`, `skills`) VALUES ('1163', 'SQL');
INSERT INTO `Hero` (`id`, `firstName`, `lastName`, `role`, `skillSet_id`) VALUES ('1163', 'Steir', 'Gygaip', 'SoftwareEngineer', '1163');
INSERT INTO `SkillSet` (`id`) VALUES ('1164');
INSERT INTO `SkillSet_skills` (`SkillSet_id`, `skills`) VALUES ('1164', 'Ant');
INSERT INTO `Hero` (`id`, `firstName`, `lastName`, `role`, `skillSet_id`) VALUES ('1164', 'Xjishym', 'Auntash', 'LeadSoftwareArchitect', '1164');
INSERT INTO `SkillSet` (`id`) VALUES ('1165');
INSERT INTO `SkillSet_skills` (`SkillSet_id`, `skills`) VALUES ('1165', 'dotNet');
INSERT INTO `SkillSet_skills` (`SkillSet_id`, `skills`) VALUES ('1165', 'dotNet');
INSERT INTO `SkillSet_skills` (`SkillSet_id`, `skills`) VALUES ('1165', 'Architektur');
INSERT INTO `Hero` (`id`, `firstName`, `lastName`, `role`, `skillSet_id`) VALUES ('1165', 'Uz', 'Aik', 'PrincipalConsultant', '1165');
INSERT INTO `SkillSet` (`id`) VALUES ('1166');
INSERT INTO `SkillSet_skills` (`SkillSet_id`, `skills`) VALUES ('1166', 'UnitTesting');
INSERT INTO `SkillSet_skills` (`SkillSet_id`, `skills`) VALUES ('1166', 'Gradle');
INSERT INTO `Hero` (`id`, `firstName`, `lastName`, `role`, `skillSet_id`) VALUES ('1166', 'Steivjigh', 'Koch', 'LeadSoftwareArchitect', '1166');
INSERT INTO `SkillSet` (`id`) VALUES ('1167');
INSERT INTO `SkillSet_skills` (`SkillSet_id`, `skills`) VALUES ('1167', 'UITesting');
INSERT INTO `Hero` (`id`, `firstName`, `lastName`, `role`, `skillSet_id`) VALUES ('1167', 'Baz', 'Typfiv', 'SeniorSoftwareEngineer', '1167');
INSERT INTO `SkillSet` (`id`) VALUES ('1168');
INSERT INTO `SkillSet_skills` (`SkillSet_id`, `skills`) VALUES ('1168', 'Java');
INSERT INTO `SkillSet_skills` (`SkillSet_id`, `skills`) VALUES ('1168', 'UnitTesting');
INSERT INTO `Hero` (`id`, `firstName`, `lastName`, `role`, `skillSet_id`) VALUES ('1168', 'Rumigh', 'Pryp', 'SeniorSoftwareEngineer', '1168');
INSERT INTO `SkillSet` (`id`) VALUES ('1169');
INSERT INTO `SkillSet_skills` (`SkillSet_id`, `skills`) VALUES ('1169', 'Maven');
INSERT INTO `SkillSet_skills` (`SkillSet_id`, `skills`) VALUES ('1169', 'Maven');
INSERT INTO `Hero` (`id`, `firstName`, `lastName`, `role`, `skillSet_id`) VALUES ('1169', 'Ittott', 'Mes', 'PrincipalConsultant', '1169');
INSERT INTO `SkillSet` (`id`) VALUES ('1170');
INSERT INTO `SkillSet_skills` (`SkillSet_id`, `skills`) VALUES ('1170', 'UnitTesting');
INSERT INTO `SkillSet_skills` (`SkillSet_id`, `skills`) VALUES ('1170', 'SQL');
INSERT INTO `SkillSet_skills` (`SkillSet_id`, `skills`) VALUES ('1170', 'Architektur');
INSERT INTO `Hero` (`id`, `firstName`, `lastName`, `role`, `skillSet_id`) VALUES ('1170', 'Aust', 'Ur', 'SoftwareEngineer', '1170');
INSERT INTO `SkillSet` (`id`) VALUES ('1171');
INSERT INTO `SkillSet_skills` (`SkillSet_id`, `skills`) VALUES ('1171', 'Java');
INSERT INTO `SkillSet_skills` (`SkillSet_id`, `skills`) VALUES ('1171', 'Maven');
INSERT INTO `SkillSet_skills` (`SkillSet_id`, `skills`) VALUES ('1171', 'Ant');
INSERT INTO `SkillSet_skills` (`SkillSet_id`, `skills`) VALUES ('1171', 'SQL');
INSERT INTO `SkillSet_skills` (`SkillSet_id`, `skills`) VALUES ('1171', 'dotNet');
INSERT INTO `Hero` (`id`, `firstName`, `lastName`, `role`, `skillSet_id`) VALUES ('1171', 'Jinot', 'Jinnoist', 'PrincipalConsultant', '1171');
INSERT INTO `SkillSet` (`id`) VALUES ('1172');
INSERT INTO `SkillSet_skills` (`SkillSet_id`, `skills`) VALUES ('1172', 'dotNet');
INSERT INTO `SkillSet_skills` (`SkillSet_id`, `skills`) VALUES ('1172', 'UnitTesting');
INSERT INTO `SkillSet_skills` (`SkillSet_id`, `skills`) VALUES ('1172', 'UnitTesting');
INSERT INTO `SkillSet_skills` (`SkillSet_id`, `skills`) VALUES ('1172', 'Gradle');
INSERT INTO `Hero` (`id`, `firstName`, `lastName`, `role`, `skillSet_id`) VALUES ('1172', 'Jim', 'Aif', 'LeadEngineer', '1172');
INSERT INTO `SkillSet` (`id`) VALUES ('1173');
INSERT INTO `SkillSet_skills` (`SkillSet_id`, `skills`) VALUES ('1173', 'Architektur');
INSERT INTO `SkillSet_skills` (`SkillSet_id`, `skills`) VALUES ('1173', 'Java');
INSERT INTO `Hero` (`id`, `firstName`, `lastName`, `role`, `skillSet_id`) VALUES ('1173', 'Loik', 'Achauss', 'PrincipalConsultant', '1173');
INSERT INTO `SkillSet` (`id`) VALUES ('1174');
INSERT INTO `SkillSet_skills` (`SkillSet_id`, `skills`) VALUES ('1174', 'UnitTesting');
INSERT INTO `SkillSet_skills` (`SkillSet_id`, `skills`) VALUES ('1174', 'UITesting');
INSERT INTO `SkillSet_skills` (`SkillSet_id`, `skills`) VALUES ('1174', 'dotNet');
INSERT INTO `Hero` (`id`, `firstName`, `lastName`, `role`, `skillSet_id`) VALUES ('1174', 'Brud', 'Gritt', 'SoftwareEngineer', '1174');
INSERT INTO `SkillSet` (`id`) VALUES ('1175');
INSERT INTO `SkillSet_skills` (`SkillSet_id`, `skills`) VALUES ('1175', 'Gradle');
INSERT INTO `SkillSet_skills` (`SkillSet_id`, `skills`) VALUES ('1175', 'dotNet');
INSERT INTO `SkillSet_skills` (`SkillSet_id`, `skills`) VALUES ('1175', 'SQL');
INSERT INTO `SkillSet_skills` (`SkillSet_id`, `skills`) VALUES ('1175', 'UnitTesting');
INSERT INTO `Hero` (`id`, `firstName`, `lastName`, `role`, `skillSet_id`) VALUES ('1175', 'Dedooth', 'Rizow', 'SoftwareEngineer', '1175');
INSERT INTO `SkillSet` (`id`) VALUES ('1176');
INSERT INTO `SkillSet_skills` (`SkillSet_id`, `skills`) VALUES ('1176', 'Architektur');
INSERT INTO `SkillSet_skills` (`SkillSet_id`, `skills`) VALUES ('1176', 'SQL');
INSERT INTO `SkillSet_skills` (`SkillSet_id`, `skills`) VALUES ('1176', 'Ant');
INSERT INTO `Hero` (`id`, `firstName`, `lastName`, `role`, `skillSet_id`) VALUES ('1176', 'Jigoiz', 'Jitteir', 'PrincipalConsultant', '1176');
INSERT INTO `SkillSet` (`id`) VALUES ('1177');
INSERT INTO `SkillSet_skills` (`SkillSet_id`, `skills`) VALUES ('1177', 'UnitTesting');
INSERT INTO `Hero` (`id`, `firstName`, `lastName`, `role`, `skillSet_id`) VALUES ('1177', 'Ish', 'Jiss', 'SoftwareEngineer', '1177');
INSERT INTO `SkillSet` (`id`) VALUES ('1178');
INSERT INTO `SkillSet_skills` (`SkillSet_id`, `skills`) VALUES ('1178', 'Architektur');
INSERT INTO `Hero` (`id`, `firstName`, `lastName`, `role`, `skillSet_id`) VALUES ('1178', 'Kleibaur', 'Oub', 'PrincipalConsultant', '1178');
INSERT INTO `SkillSet` (`id`) VALUES ('1179');
INSERT INTO `SkillSet_skills` (`SkillSet_id`, `skills`) VALUES ('1179', 'dotNet');
INSERT INTO `SkillSet_skills` (`SkillSet_id`, `skills`) VALUES ('1179', 'Architektur');
INSERT INTO `SkillSet_skills` (`SkillSet_id`, `skills`) VALUES ('1179', 'SQL');
INSERT INTO `SkillSet_skills` (`SkillSet_id`, `skills`) VALUES ('1179', 'dotNet');
INSERT INTO `SkillSet_skills` (`SkillSet_id`, `skills`) VALUES ('1179', 'dotNet');
INSERT INTO `Hero` (`id`, `firstName`, `lastName`, `role`, `skillSet_id`) VALUES ('1179', 'Oihauw', 'Ain', 'SeniorSoftwareEngineer', '1179');
INSERT INTO `SkillSet` (`id`) VALUES ('1180');
INSERT INTO `SkillSet_skills` (`SkillSet_id`, `skills`) VALUES ('1180', 'SQL');
INSERT INTO `SkillSet_skills` (`SkillSet_id`, `skills`) VALUES ('1180', 'UITesting');
INSERT INTO `SkillSet_skills` (`SkillSet_id`, `skills`) VALUES ('1180', 'Architektur');
INSERT INTO `SkillSet_skills` (`SkillSet_id`, `skills`) VALUES ('1180', 'SQL');
INSERT INTO `Hero` (`id`, `firstName`, `lastName`, `role`, `skillSet_id`) VALUES ('1180', 'Ittez', 'Ointouch', 'PrincipalConsultant', '1180');
INSERT INTO `SkillSet` (`id`) VALUES ('1181');
INSERT INTO `SkillSet_skills` (`SkillSet_id`, `skills`) VALUES ('1181', 'Ant');
INSERT INTO `SkillSet_skills` (`SkillSet_id`, `skills`) VALUES ('1181', 'UITesting');
INSERT INTO `Hero` (`id`, `firstName`, `lastName`, `role`, `skillSet_id`) VALUES ('1181', 'Pryk', 'Ez', 'SoftwareEngineer', '1181');
INSERT INTO `SkillSet` (`id`) VALUES ('1182');
INSERT INTO `SkillSet_skills` (`SkillSet_id`, `skills`) VALUES ('1182', 'Java');
INSERT INTO `SkillSet_skills` (`SkillSet_id`, `skills`) VALUES ('1182', 'SQL');
INSERT INTO `SkillSet_skills` (`SkillSet_id`, `skills`) VALUES ('1182', 'Maven');
INSERT INTO `SkillSet_skills` (`SkillSet_id`, `skills`) VALUES ('1182', 'Gradle');
INSERT INTO `SkillSet_skills` (`SkillSet_id`, `skills`) VALUES ('1182', 'SQL');
INSERT INTO `Hero` (`id`, `firstName`, `lastName`, `role`, `skillSet_id`) VALUES ('1182', 'Ihoob', 'Yl', 'JuniorSoftwareEngineer', '1182');
INSERT INTO `SkillSet` (`id`) VALUES ('1183');
INSERT INTO `SkillSet_skills` (`SkillSet_id`, `skills`) VALUES ('1183', 'Ant');
INSERT INTO `Hero` (`id`, `firstName`, `lastName`, `role`, `skillSet_id`) VALUES ('1183', 'Kaikjsh', 'Shjr', 'JuniorSoftwareEngineer', '1183');
INSERT INTO `SkillSet` (`id`) VALUES ('1184');
INSERT INTO `SkillSet_skills` (`SkillSet_id`, `skills`) VALUES ('1184', 'SQL');
INSERT INTO `Hero` (`id`, `firstName`, `lastName`, `role`, `skillSet_id`) VALUES ('1184', 'Zybjish', 'Thystoupf', 'LeadSoftwareArchitect', '1184');
INSERT INTO `SkillSet` (`id`) VALUES ('1185');
INSERT INTO `SkillSet_skills` (`SkillSet_id`, `skills`) VALUES ('1185', 'Architektur');
INSERT INTO `Hero` (`id`, `firstName`, `lastName`, `role`, `skillSet_id`) VALUES ('1185', 'Chaurush', 'Jivjim', 'LeadEngineer', '1185');
INSERT INTO `SkillSet` (`id`) VALUES ('1186');
INSERT INTO `SkillSet_skills` (`SkillSet_id`, `skills`) VALUES ('1186', 'Gradle');
INSERT INTO `Hero` (`id`, `firstName`, `lastName`, `role`, `skillSet_id`) VALUES ('1186', 'Ass', 'Blaut', 'LeadEngineer', '1186');
INSERT INTO `SkillSet` (`id`) VALUES ('1187');
INSERT INTO `SkillSet_skills` (`SkillSet_id`, `skills`) VALUES ('1187', 'Architektur');
INSERT INTO `SkillSet_skills` (`SkillSet_id`, `skills`) VALUES ('1187', 'Gradle');
INSERT INTO `SkillSet_skills` (`SkillSet_id`, `skills`) VALUES ('1187', 'UITesting');
INSERT INTO `Hero` (`id`, `firstName`, `lastName`, `role`, `skillSet_id`) VALUES ('1187', 'Ool', 'Foug', 'LeadSoftwareArchitect', '1187');
INSERT INTO `SkillSet` (`id`) VALUES ('1188');
INSERT INTO `SkillSet_skills` (`SkillSet_id`, `skills`) VALUES ('1188', 'Java');
INSERT INTO `SkillSet_skills` (`SkillSet_id`, `skills`) VALUES ('1188', 'Java');
INSERT INTO `SkillSet_skills` (`SkillSet_id`, `skills`) VALUES ('1188', 'dotNet');
INSERT INTO `Hero` (`id`, `firstName`, `lastName`, `role`, `skillSet_id`) VALUES ('1188', 'Jst', 'Blih', 'SoftwareEngineer', '1188');
INSERT INTO `SkillSet` (`id`) VALUES ('1189');
INSERT INTO `SkillSet_skills` (`SkillSet_id`, `skills`) VALUES ('1189', 'dotNet');
INSERT INTO `SkillSet_skills` (`SkillSet_id`, `skills`) VALUES ('1189', 'Ant');
INSERT INTO `SkillSet_skills` (`SkillSet_id`, `skills`) VALUES ('1189', 'Gradle');
INSERT INTO `SkillSet_skills` (`SkillSet_id`, `skills`) VALUES ('1189', 'Maven');
INSERT INTO `Hero` (`id`, `firstName`, `lastName`, `role`, `skillSet_id`) VALUES ('1189', 'Aib', 'Hjit', 'SoftwareEngineer', '1189');
INSERT INTO `SkillSet` (`id`) VALUES ('1190');
INSERT INTO `SkillSet_skills` (`SkillSet_id`, `skills`) VALUES ('1190', 'Architektur');
INSERT INTO `SkillSet_skills` (`SkillSet_id`, `skills`) VALUES ('1190', 'dotNet');
INSERT INTO `Hero` (`id`, `firstName`, `lastName`, `role`, `skillSet_id`) VALUES ('1190', 'Wetheil', 'Uljil', 'JuniorSoftwareEngineer', '1190');
INSERT INTO `SkillSet` (`id`) VALUES ('1191');
INSERT INTO `SkillSet_skills` (`SkillSet_id`, `skills`) VALUES ('1191', 'Maven');
INSERT INTO `Hero` (`id`, `firstName`, `lastName`, `role`, `skillSet_id`) VALUES ('1191', 'Shavyth', 'Aifjith', 'LeadEngineer', '1191');
INSERT INTO `SkillSet` (`id`) VALUES ('1192');
INSERT INTO `SkillSet_skills` (`SkillSet_id`, `skills`) VALUES ('1192', 'UITesting');
INSERT INTO `SkillSet_skills` (`SkillSet_id`, `skills`) VALUES ('1192', 'UITesting');
INSERT INTO `SkillSet_skills` (`SkillSet_id`, `skills`) VALUES ('1192', 'dotNet');
INSERT INTO `Hero` (`id`, `firstName`, `lastName`, `role`, `skillSet_id`) VALUES ('1192', 'Shaugh', 'Esent', 'LeadSoftwareArchitect', '1192');
INSERT INTO `SkillSet` (`id`) VALUES ('1193');
INSERT INTO `SkillSet_skills` (`SkillSet_id`, `skills`) VALUES ('1193', 'Architektur');
INSERT INTO `Hero` (`id`, `firstName`, `lastName`, `role`, `skillSet_id`) VALUES ('1193', 'Broow', 'Uhoih', 'LeadEngineer', '1193');
INSERT INTO `SkillSet` (`id`) VALUES ('1194');
INSERT INTO `SkillSet_skills` (`SkillSet_id`, `skills`) VALUES ('1194', 'Gradle');
INSERT INTO `SkillSet_skills` (`SkillSet_id`, `skills`) VALUES ('1194', 'UITesting');
INSERT INTO `SkillSet_skills` (`SkillSet_id`, `skills`) VALUES ('1194', 'SQL');
INSERT INTO `SkillSet_skills` (`SkillSet_id`, `skills`) VALUES ('1194', 'UnitTesting');
INSERT INTO `Hero` (`id`, `firstName`, `lastName`, `role`, `skillSet_id`) VALUES ('1194', 'Oimaigh', 'Oow', 'LeadSoftwareArchitect', '1194');
INSERT INTO `SkillSet` (`id`) VALUES ('1195');
INSERT INTO `SkillSet_skills` (`SkillSet_id`, `skills`) VALUES ('1195', 'Architektur');
INSERT INTO `SkillSet_skills` (`SkillSet_id`, `skills`) VALUES ('1195', 'UnitTesting');
INSERT INTO `SkillSet_skills` (`SkillSet_id`, `skills`) VALUES ('1195', 'Ant');
INSERT INTO `SkillSet_skills` (`SkillSet_id`, `skills`) VALUES ('1195', 'UITesting');
INSERT INTO `SkillSet_skills` (`SkillSet_id`, `skills`) VALUES ('1195', 'Ant');
INSERT INTO `Hero` (`id`, `firstName`, `lastName`, `role`, `skillSet_id`) VALUES ('1195', 'Auh', 'Jisoom', 'JuniorSoftwareEngineer', '1195');
INSERT INTO `SkillSet` (`id`) VALUES ('1196');
INSERT INTO `SkillSet_skills` (`SkillSet_id`, `skills`) VALUES ('1196', 'dotNet');
INSERT INTO `SkillSet_skills` (`SkillSet_id`, `skills`) VALUES ('1196', 'UITesting');
INSERT INTO `SkillSet_skills` (`SkillSet_id`, `skills`) VALUES ('1196', 'Java');
INSERT INTO `SkillSet_skills` (`SkillSet_id`, `skills`) VALUES ('1196', 'UnitTesting');
INSERT INTO `Hero` (`id`, `firstName`, `lastName`, `role`, `skillSet_id`) VALUES ('1196', 'Iseich', 'Oomjiz', 'SoftwareEngineer', '1196');
INSERT INTO `SkillSet` (`id`) VALUES ('1197');
INSERT INTO `SkillSet_skills` (`SkillSet_id`, `skills`) VALUES ('1197', 'Java');
INSERT INTO `SkillSet_skills` (`SkillSet_id`, `skills`) VALUES ('1197', 'Maven');
INSERT INTO `SkillSet_skills` (`SkillSet_id`, `skills`) VALUES ('1197', 'UnitTesting');
INSERT INTO `SkillSet_skills` (`SkillSet_id`, `skills`) VALUES ('1197', 'UnitTesting');
INSERT INTO `SkillSet_skills` (`SkillSet_id`, `skills`) VALUES ('1197', 'Java');
INSERT INTO `Hero` (`id`, `firstName`, `lastName`, `role`, `skillSet_id`) VALUES ('1197', 'Jisez', 'Igh', 'PrincipalConsultant', '1197');
INSERT INTO `SkillSet` (`id`) VALUES ('1198');
INSERT INTO `SkillSet_skills` (`SkillSet_id`, `skills`) VALUES ('1198', 'SQL');
INSERT INTO `SkillSet_skills` (`SkillSet_id`, `skills`) VALUES ('1198', 'UITesting');
INSERT INTO `SkillSet_skills` (`SkillSet_id`, `skills`) VALUES ('1198', 'UITesting');
INSERT INTO `SkillSet_skills` (`SkillSet_id`, `skills`) VALUES ('1198', 'Maven');
INSERT INTO `Hero` (`id`, `firstName`, `lastName`, `role`, `skillSet_id`) VALUES ('1198', 'Cjich', 'Aukeir', 'PrincipalConsultant', '1198');
INSERT INTO `SkillSet` (`id`) VALUES ('1199');
INSERT INTO `SkillSet_skills` (`SkillSet_id`, `skills`) VALUES ('1199', 'Java');
INSERT INTO `SkillSet_skills` (`SkillSet_id`, `skills`) VALUES ('1199', 'UnitTesting');
INSERT INTO `Hero` (`id`, `firstName`, `lastName`, `role`, `skillSet_id`) VALUES ('1199', 'Uchjitt', 'Ed', 'PrincipalConsultant', '1199');
INSERT INTO `SkillSet` (`id`) VALUES ('1200');
INSERT INTO `SkillSet_skills` (`SkillSet_id`, `skills`) VALUES ('1200', 'SQL');
INSERT INTO `SkillSet_skills` (`SkillSet_id`, `skills`) VALUES ('1200', 'Maven');
INSERT INTO `SkillSet_skills` (`SkillSet_id`, `skills`) VALUES ('1200', 'Architektur');
INSERT INTO `SkillSet_skills` (`SkillSet_id`, `skills`) VALUES ('1200', 'Java');
INSERT INTO `Hero` (`id`, `firstName`, `lastName`, `role`, `skillSet_id`) VALUES ('1200', 'Fak', 'Pruth', 'SeniorSoftwareEngineer', '1200');
INSERT INTO `SkillSet` (`id`) VALUES ('1201');
INSERT INTO `SkillSet_skills` (`SkillSet_id`, `skills`) VALUES ('1201', 'Gradle');
INSERT INTO `SkillSet_skills` (`SkillSet_id`, `skills`) VALUES ('1201', 'dotNet');
INSERT INTO `SkillSet_skills` (`SkillSet_id`, `skills`) VALUES ('1201', 'SQL');
INSERT INTO `SkillSet_skills` (`SkillSet_id`, `skills`) VALUES ('1201', 'SQL');
INSERT INTO `Hero` (`id`, `firstName`, `lastName`, `role`, `skillSet_id`) VALUES ('1201', 'Yst', 'Sus', 'LeadSoftwareArchitect', '1201');
INSERT INTO `SkillSet` (`id`) VALUES ('1202');
INSERT INTO `SkillSet_skills` (`SkillSet_id`, `skills`) VALUES ('1202', 'dotNet');
INSERT INTO `SkillSet_skills` (`SkillSet_id`, `skills`) VALUES ('1202', 'Gradle');
INSERT INTO `SkillSet_skills` (`SkillSet_id`, `skills`) VALUES ('1202', 'Gradle');
INSERT INTO `Hero` (`id`, `firstName`, `lastName`, `role`, `skillSet_id`) VALUES ('1202', 'Biwent', 'Breintaigh', 'JuniorSoftwareEngineer', '1202');
INSERT INTO `SkillSet` (`id`) VALUES ('1203');
INSERT INTO `SkillSet_skills` (`SkillSet_id`, `skills`) VALUES ('1203', 'UITesting');
INSERT INTO `SkillSet_skills` (`SkillSet_id`, `skills`) VALUES ('1203', 'UnitTesting');
INSERT INTO `SkillSet_skills` (`SkillSet_id`, `skills`) VALUES ('1203', 'Ant');
INSERT INTO `SkillSet_skills` (`SkillSet_id`, `skills`) VALUES ('1203', 'Architektur');
INSERT INTO `Hero` (`id`, `firstName`, `lastName`, `role`, `skillSet_id`) VALUES ('1203', 'Woisoint', 'Ur', 'SoftwareEngineer', '1203');
INSERT INTO `SkillSet` (`id`) VALUES ('1204');
INSERT INTO `SkillSet_skills` (`SkillSet_id`, `skills`) VALUES ('1204', 'Ant');
INSERT INTO `SkillSet_skills` (`SkillSet_id`, `skills`) VALUES ('1204', 'dotNet');
INSERT INTO `Hero` (`id`, `firstName`, `lastName`, `role`, `skillSet_id`) VALUES ('1204', 'Inoum', 'Eittun', 'SoftwareEngineer', '1204');
INSERT INTO `SkillSet` (`id`) VALUES ('1205');
INSERT INTO `SkillSet_skills` (`SkillSet_id`, `skills`) VALUES ('1205', 'dotNet');
INSERT INTO `SkillSet_skills` (`SkillSet_id`, `skills`) VALUES ('1205', 'Architektur');
INSERT INTO `SkillSet_skills` (`SkillSet_id`, `skills`) VALUES ('1205', 'Gradle');
INSERT INTO `SkillSet_skills` (`SkillSet_id`, `skills`) VALUES ('1205', 'SQL');
INSERT INTO `SkillSet_skills` (`SkillSet_id`, `skills`) VALUES ('1205', 'dotNet');
INSERT INTO `Hero` (`id`, `firstName`, `lastName`, `role`, `skillSet_id`) VALUES ('1205', 'Jihyl', 'Blail', 'SeniorSoftwareEngineer', '1205');
INSERT INTO `SkillSet` (`id`) VALUES ('1206');
INSERT INTO `SkillSet_skills` (`SkillSet_id`, `skills`) VALUES ('1206', 'Java');
INSERT INTO `SkillSet_skills` (`SkillSet_id`, `skills`) VALUES ('1206', 'UnitTesting');
INSERT INTO `SkillSet_skills` (`SkillSet_id`, `skills`) VALUES ('1206', 'Ant');
INSERT INTO `Hero` (`id`, `firstName`, `lastName`, `role`, `skillSet_id`) VALUES ('1206', 'Qitt', 'Breitt', 'PrincipalConsultant', '1206');
INSERT INTO `SkillSet` (`id`) VALUES ('1207');
INSERT INTO `SkillSet_skills` (`SkillSet_id`, `skills`) VALUES ('1207', 'Maven');
INSERT INTO `SkillSet_skills` (`SkillSet_id`, `skills`) VALUES ('1207', 'Java');
INSERT INTO `SkillSet_skills` (`SkillSet_id`, `skills`) VALUES ('1207', 'Gradle');
INSERT INTO `SkillSet_skills` (`SkillSet_id`, `skills`) VALUES ('1207', 'Gradle');
INSERT INTO `SkillSet_skills` (`SkillSet_id`, `skills`) VALUES ('1207', 'Ant');
INSERT INTO `Hero` (`id`, `firstName`, `lastName`, `role`, `skillSet_id`) VALUES ('1207', 'Loith', 'Aicheil', 'SoftwareEngineer', '1207');
INSERT INTO `SkillSet` (`id`) VALUES ('1208');
INSERT INTO `SkillSet_skills` (`SkillSet_id`, `skills`) VALUES ('1208', 'UITesting');
INSERT INTO `SkillSet_skills` (`SkillSet_id`, `skills`) VALUES ('1208', 'Gradle');
INSERT INTO `SkillSet_skills` (`SkillSet_id`, `skills`) VALUES ('1208', 'Architektur');
INSERT INTO `SkillSet_skills` (`SkillSet_id`, `skills`) VALUES ('1208', 'Ant');
INSERT INTO `Hero` (`id`, `firstName`, `lastName`, `role`, `skillSet_id`) VALUES ('1208', 'Pif', 'Bughein', 'LeadEngineer', '1208');
INSERT INTO `SkillSet` (`id`) VALUES ('1209');
INSERT INTO `SkillSet_skills` (`SkillSet_id`, `skills`) VALUES ('1209', 'Java');
INSERT INTO `SkillSet_skills` (`SkillSet_id`, `skills`) VALUES ('1209', 'Maven');
INSERT INTO `SkillSet_skills` (`SkillSet_id`, `skills`) VALUES ('1209', 'Gradle');
INSERT INTO `SkillSet_skills` (`SkillSet_id`, `skills`) VALUES ('1209', 'dotNet');
INSERT INTO `SkillSet_skills` (`SkillSet_id`, `skills`) VALUES ('1209', 'Java');
INSERT INTO `Hero` (`id`, `firstName`, `lastName`, `role`, `skillSet_id`) VALUES ('1209', 'Jinn', 'Lyst', 'PrincipalConsultant', '1209');
INSERT INTO `SkillSet` (`id`) VALUES ('1210');
INSERT INTO `SkillSet_skills` (`SkillSet_id`, `skills`) VALUES ('1210', 'UITesting');
INSERT INTO `SkillSet_skills` (`SkillSet_id`, `skills`) VALUES ('1210', 'Architektur');
INSERT INTO `SkillSet_skills` (`SkillSet_id`, `skills`) VALUES ('1210', 'UITesting');
INSERT INTO `SkillSet_skills` (`SkillSet_id`, `skills`) VALUES ('1210', 'Java');
INSERT INTO `SkillSet_skills` (`SkillSet_id`, `skills`) VALUES ('1210', 'Java');
INSERT INTO `Hero` (`id`, `firstName`, `lastName`, `role`, `skillSet_id`) VALUES ('1210', 'Zon', 'Kjch', 'LeadSoftwareArchitect', '1210');
INSERT INTO `SkillSet` (`id`) VALUES ('1211');
INSERT INTO `SkillSet_skills` (`SkillSet_id`, `skills`) VALUES ('1211', 'Ant');
INSERT INTO `SkillSet_skills` (`SkillSet_id`, `skills`) VALUES ('1211', 'SQL');
INSERT INTO `SkillSet_skills` (`SkillSet_id`, `skills`) VALUES ('1211', 'Ant');
INSERT INTO `SkillSet_skills` (`SkillSet_id`, `skills`) VALUES ('1211', 'Java');
INSERT INTO `Hero` (`id`, `firstName`, `lastName`, `role`, `skillSet_id`) VALUES ('1211', 'Oushoih', 'Oushaum', 'JuniorSoftwareEngineer', '1211');
INSERT INTO `SkillSet` (`id`) VALUES ('1212');
INSERT INTO `SkillSet_skills` (`SkillSet_id`, `skills`) VALUES ('1212', 'Java');
INSERT INTO `SkillSet_skills` (`SkillSet_id`, `skills`) VALUES ('1212', 'Architektur');
INSERT INTO `SkillSet_skills` (`SkillSet_id`, `skills`) VALUES ('1212', 'Architektur');
INSERT INTO `SkillSet_skills` (`SkillSet_id`, `skills`) VALUES ('1212', 'SQL');
INSERT INTO `Hero` (`id`, `firstName`, `lastName`, `role`, `skillSet_id`) VALUES ('1212', 'Wjipfouth', 'Xaupfjnt', 'SoftwareEngineer', '1212');
INSERT INTO `SkillSet` (`id`) VALUES ('1213');
INSERT INTO `SkillSet_skills` (`SkillSet_id`, `skills`) VALUES ('1213', 'SQL');
INSERT INTO `SkillSet_skills` (`SkillSet_id`, `skills`) VALUES ('1213', 'Gradle');
INSERT INTO `SkillSet_skills` (`SkillSet_id`, `skills`) VALUES ('1213', 'Ant');
INSERT INTO `SkillSet_skills` (`SkillSet_id`, `skills`) VALUES ('1213', 'Maven');
INSERT INTO `Hero` (`id`, `firstName`, `lastName`, `role`, `skillSet_id`) VALUES ('1213', 'Hool', 'Oof', 'JuniorSoftwareEngineer', '1213');
INSERT INTO `SkillSet` (`id`) VALUES ('1214');
INSERT INTO `SkillSet_skills` (`SkillSet_id`, `skills`) VALUES ('1214', 'Java');
INSERT INTO `SkillSet_skills` (`SkillSet_id`, `skills`) VALUES ('1214', 'UITesting');
INSERT INTO `SkillSet_skills` (`SkillSet_id`, `skills`) VALUES ('1214', 'UITesting');
INSERT INTO `SkillSet_skills` (`SkillSet_id`, `skills`) VALUES ('1214', 'Java');
INSERT INTO `Hero` (`id`, `firstName`, `lastName`, `role`, `skillSet_id`) VALUES ('1214', 'Oizjch', 'Wjweil', 'SoftwareEngineer', '1214');
INSERT INTO `SkillSet` (`id`) VALUES ('1215');
INSERT INTO `SkillSet_skills` (`SkillSet_id`, `skills`) VALUES ('1215', 'Maven');
INSERT INTO `SkillSet_skills` (`SkillSet_id`, `skills`) VALUES ('1215', 'Ant');
INSERT INTO `SkillSet_skills` (`SkillSet_id`, `skills`) VALUES ('1215', 'UITesting');
INSERT INTO `SkillSet_skills` (`SkillSet_id`, `skills`) VALUES ('1215', 'Ant');
INSERT INTO `Hero` (`id`, `firstName`, `lastName`, `role`, `skillSet_id`) VALUES ('1215', 'Hounnig', 'Aupfod', 'SeniorSoftwareEngineer', '1215');
INSERT INTO `SkillSet` (`id`) VALUES ('1216');
INSERT INTO `SkillSet_skills` (`SkillSet_id`, `skills`) VALUES ('1216', 'UITesting');
INSERT INTO `Hero` (`id`, `firstName`, `lastName`, `role`, `skillSet_id`) VALUES ('1216', 'Ouh', 'Yst', 'SoftwareEngineer', '1216');
INSERT INTO `SkillSet` (`id`) VALUES ('1217');
INSERT INTO `SkillSet_skills` (`SkillSet_id`, `skills`) VALUES ('1217', 'Gradle');
INSERT INTO `SkillSet_skills` (`SkillSet_id`, `skills`) VALUES ('1217', 'Gradle');
INSERT INTO `Hero` (`id`, `firstName`, `lastName`, `role`, `skillSet_id`) VALUES ('1217', 'Paustuth', 'Weiv', 'LeadEngineer', '1217');
INSERT INTO `SkillSet` (`id`) VALUES ('1218');
INSERT INTO `SkillSet_skills` (`SkillSet_id`, `skills`) VALUES ('1218', 'Ant');
INSERT INTO `SkillSet_skills` (`SkillSet_id`, `skills`) VALUES ('1218', 'SQL');
INSERT INTO `Hero` (`id`, `firstName`, `lastName`, `role`, `skillSet_id`) VALUES ('1218', 'Foob', 'Aintjish', 'SoftwareEngineer', '1218');
INSERT INTO `SkillSet` (`id`) VALUES ('1219');
INSERT INTO `SkillSet_skills` (`SkillSet_id`, `skills`) VALUES ('1219', 'Maven');
INSERT INTO `SkillSet_skills` (`SkillSet_id`, `skills`) VALUES ('1219', 'Architektur');
INSERT INTO `Hero` (`id`, `firstName`, `lastName`, `role`, `skillSet_id`) VALUES ('1219', 'Jz', 'Ezoig', 'LeadEngineer', '1219');
INSERT INTO `SkillSet` (`id`) VALUES ('1220');
INSERT INTO `SkillSet_skills` (`SkillSet_id`, `skills`) VALUES ('1220', 'Maven');
INSERT INTO `SkillSet_skills` (`SkillSet_id`, `skills`) VALUES ('1220', 'Architektur');
INSERT INTO `Hero` (`id`, `firstName`, `lastName`, `role`, `skillSet_id`) VALUES ('1220', 'Wyt', 'Ough', 'PrincipalConsultant', '1220');
INSERT INTO `SkillSet` (`id`) VALUES ('1221');
INSERT INTO `SkillSet_skills` (`SkillSet_id`, `skills`) VALUES ('1221', 'UITesting');
INSERT INTO `SkillSet_skills` (`SkillSet_id`, `skills`) VALUES ('1221', 'Java');
INSERT INTO `SkillSet_skills` (`SkillSet_id`, `skills`) VALUES ('1221', 'UnitTesting');
INSERT INTO `SkillSet_skills` (`SkillSet_id`, `skills`) VALUES ('1221', 'dotNet');
INSERT INTO `SkillSet_skills` (`SkillSet_id`, `skills`) VALUES ('1221', 'Ant');
INSERT INTO `Hero` (`id`, `firstName`, `lastName`, `role`, `skillSet_id`) VALUES ('1221', 'Xoinnor', 'Epfytt', 'SeniorSoftwareEngineer', '1221');
INSERT INTO `SkillSet` (`id`) VALUES ('1222');
INSERT INTO `SkillSet_skills` (`SkillSet_id`, `skills`) VALUES ('1222', 'dotNet');
INSERT INTO `SkillSet_skills` (`SkillSet_id`, `skills`) VALUES ('1222', 'UITesting');
INSERT INTO `SkillSet_skills` (`SkillSet_id`, `skills`) VALUES ('1222', 'Architektur');
INSERT INTO `SkillSet_skills` (`SkillSet_id`, `skills`) VALUES ('1222', 'Gradle');
INSERT INTO `Hero` (`id`, `firstName`, `lastName`, `role`, `skillSet_id`) VALUES ('1222', 'Kidit', 'Oogoupf', 'SeniorSoftwareEngineer', '1222');
INSERT INTO `SkillSet` (`id`) VALUES ('1223');
INSERT INTO `SkillSet_skills` (`SkillSet_id`, `skills`) VALUES ('1223', 'dotNet');
INSERT INTO `SkillSet_skills` (`SkillSet_id`, `skills`) VALUES ('1223', 'SQL');
INSERT INTO `SkillSet_skills` (`SkillSet_id`, `skills`) VALUES ('1223', 'Java');
INSERT INTO `SkillSet_skills` (`SkillSet_id`, `skills`) VALUES ('1223', 'UITesting');
INSERT INTO `SkillSet_skills` (`SkillSet_id`, `skills`) VALUES ('1223', 'UITesting');
INSERT INTO `Hero` (`id`, `firstName`, `lastName`, `role`, `skillSet_id`) VALUES ('1223', 'Ouzok', 'Eip', 'LeadSoftwareArchitect', '1223');
INSERT INTO `SkillSet` (`id`) VALUES ('1224');
INSERT INTO `SkillSet_skills` (`SkillSet_id`, `skills`) VALUES ('1224', 'dotNet');
INSERT INTO `Hero` (`id`, `firstName`, `lastName`, `role`, `skillSet_id`) VALUES ('1224', 'Oiv', 'Unn', 'LeadSoftwareArchitect', '1224');
INSERT INTO `SkillSet` (`id`) VALUES ('1225');
INSERT INTO `SkillSet_skills` (`SkillSet_id`, `skills`) VALUES ('1225', 'Ant');
INSERT INTO `SkillSet_skills` (`SkillSet_id`, `skills`) VALUES ('1225', 'SQL');
INSERT INTO `SkillSet_skills` (`SkillSet_id`, `skills`) VALUES ('1225', 'SQL');
INSERT INTO `SkillSet_skills` (`SkillSet_id`, `skills`) VALUES ('1225', 'Ant');
INSERT INTO `Hero` (`id`, `firstName`, `lastName`, `role`, `skillSet_id`) VALUES ('1225', 'Op', 'Apf', 'PrincipalConsultant', '1225');
INSERT INTO `SkillSet` (`id`) VALUES ('1226');
INSERT INTO `SkillSet_skills` (`SkillSet_id`, `skills`) VALUES ('1226', 'Maven');
INSERT INTO `Hero` (`id`, `firstName`, `lastName`, `role`, `skillSet_id`) VALUES ('1226', 'Upaik', 'Hylaut', 'SoftwareEngineer', '1226');
INSERT INTO `SkillSet` (`id`) VALUES ('1227');
INSERT INTO `SkillSet_skills` (`SkillSet_id`, `skills`) VALUES ('1227', 'UnitTesting');
INSERT INTO `SkillSet_skills` (`SkillSet_id`, `skills`) VALUES ('1227', 'UITesting');
INSERT INTO `Hero` (`id`, `firstName`, `lastName`, `role`, `skillSet_id`) VALUES ('1227', 'Proitjil', 'Oum', 'JuniorSoftwareEngineer', '1227');
INSERT INTO `SkillSet` (`id`) VALUES ('1228');
INSERT INTO `SkillSet_skills` (`SkillSet_id`, `skills`) VALUES ('1228', 'Gradle');
INSERT INTO `Hero` (`id`, `firstName`, `lastName`, `role`, `skillSet_id`) VALUES ('1228', 'Deiss', 'Eih', 'LeadSoftwareArchitect', '1228');
INSERT INTO `SkillSet` (`id`) VALUES ('1229');
INSERT INTO `SkillSet_skills` (`SkillSet_id`, `skills`) VALUES ('1229', 'UnitTesting');
INSERT INTO `SkillSet_skills` (`SkillSet_id`, `skills`) VALUES ('1229', 'dotNet');
INSERT INTO `SkillSet_skills` (`SkillSet_id`, `skills`) VALUES ('1229', 'Architektur');
INSERT INTO `Hero` (`id`, `firstName`, `lastName`, `role`, `skillSet_id`) VALUES ('1229', 'Uzeitt', 'Ad', 'LeadSoftwareArchitect', '1229');
INSERT INTO `SkillSet` (`id`) VALUES ('1230');
INSERT INTO `SkillSet_skills` (`SkillSet_id`, `skills`) VALUES ('1230', 'UITesting');
INSERT INTO `SkillSet_skills` (`SkillSet_id`, `skills`) VALUES ('1230', 'SQL');
INSERT INTO `Hero` (`id`, `firstName`, `lastName`, `role`, `skillSet_id`) VALUES ('1230', 'Aunt', 'Thaush', 'PrincipalConsultant', '1230');
INSERT INTO `SkillSet` (`id`) VALUES ('1231');
INSERT INTO `SkillSet_skills` (`SkillSet_id`, `skills`) VALUES ('1231', 'Java');
INSERT INTO `SkillSet_skills` (`SkillSet_id`, `skills`) VALUES ('1231', 'UnitTesting');
INSERT INTO `SkillSet_skills` (`SkillSet_id`, `skills`) VALUES ('1231', 'Gradle');
INSERT INTO `Hero` (`id`, `firstName`, `lastName`, `role`, `skillSet_id`) VALUES ('1231', 'Roim', 'Ih', 'JuniorSoftwareEngineer', '1231');
INSERT INTO `SkillSet` (`id`) VALUES ('1232');
INSERT INTO `SkillSet_skills` (`SkillSet_id`, `skills`) VALUES ('1232', 'Gradle');
INSERT INTO `SkillSet_skills` (`SkillSet_id`, `skills`) VALUES ('1232', 'UnitTesting');
INSERT INTO `SkillSet_skills` (`SkillSet_id`, `skills`) VALUES ('1232', 'SQL');
INSERT INTO `SkillSet_skills` (`SkillSet_id`, `skills`) VALUES ('1232', 'Gradle');
INSERT INTO `SkillSet_skills` (`SkillSet_id`, `skills`) VALUES ('1232', 'Maven');
INSERT INTO `Hero` (`id`, `firstName`, `lastName`, `role`, `skillSet_id`) VALUES ('1232', 'Choinoib', 'Jlul', 'SoftwareEngineer', '1232');
INSERT INTO `SkillSet` (`id`) VALUES ('1233');
INSERT INTO `SkillSet_skills` (`SkillSet_id`, `skills`) VALUES ('1233', 'dotNet');
INSERT INTO `SkillSet_skills` (`SkillSet_id`, `skills`) VALUES ('1233', 'Ant');
INSERT INTO `Hero` (`id`, `firstName`, `lastName`, `role`, `skillSet_id`) VALUES ('1233', 'Oochoss', 'Hivoun', 'SoftwareEngineer', '1233');
INSERT INTO `SkillSet` (`id`) VALUES ('1234');
INSERT INTO `SkillSet_skills` (`SkillSet_id`, `skills`) VALUES ('1234', 'Java');
INSERT INTO `SkillSet_skills` (`SkillSet_id`, `skills`) VALUES ('1234', 'Maven');
INSERT INTO `Hero` (`id`, `firstName`, `lastName`, `role`, `skillSet_id`) VALUES ('1234', 'Ounn', 'Ip', 'LeadSoftwareArchitect', '1234');
INSERT INTO `SkillSet` (`id`) VALUES ('1235');
INSERT INTO `SkillSet_skills` (`SkillSet_id`, `skills`) VALUES ('1235', 'Maven');
INSERT INTO `SkillSet_skills` (`SkillSet_id`, `skills`) VALUES ('1235', 'Maven');
INSERT INTO `SkillSet_skills` (`SkillSet_id`, `skills`) VALUES ('1235', 'Maven');
INSERT INTO `Hero` (`id`, `firstName`, `lastName`, `role`, `skillSet_id`) VALUES ('1235', 'Ryk', 'Gothait', 'PrincipalConsultant', '1235');
INSERT INTO `SkillSet` (`id`) VALUES ('1236');
INSERT INTO `SkillSet_skills` (`SkillSet_id`, `skills`) VALUES ('1236', 'Architektur');
INSERT INTO `SkillSet_skills` (`SkillSet_id`, `skills`) VALUES ('1236', 'SQL');
INSERT INTO `SkillSet_skills` (`SkillSet_id`, `skills`) VALUES ('1236', 'Java');
INSERT INTO `SkillSet_skills` (`SkillSet_id`, `skills`) VALUES ('1236', 'Architektur');
INSERT INTO `SkillSet_skills` (`SkillSet_id`, `skills`) VALUES ('1236', 'UnitTesting');
INSERT INTO `Hero` (`id`, `firstName`, `lastName`, `role`, `skillSet_id`) VALUES ('1236', 'Einysh', 'Shainn', 'SoftwareEngineer', '1236');
INSERT INTO `SkillSet` (`id`) VALUES ('1237');
INSERT INTO `SkillSet_skills` (`SkillSet_id`, `skills`) VALUES ('1237', 'Java');
INSERT INTO `SkillSet_skills` (`SkillSet_id`, `skills`) VALUES ('1237', 'SQL');
INSERT INTO `Hero` (`id`, `firstName`, `lastName`, `role`, `skillSet_id`) VALUES ('1237', 'Yntiz', 'Gloon', 'PrincipalConsultant', '1237');
INSERT INTO `SkillSet` (`id`) VALUES ('1238');
INSERT INTO `SkillSet_skills` (`SkillSet_id`, `skills`) VALUES ('1238', 'Ant');
INSERT INTO `SkillSet_skills` (`SkillSet_id`, `skills`) VALUES ('1238', 'UITesting');
INSERT INTO `SkillSet_skills` (`SkillSet_id`, `skills`) VALUES ('1238', 'UITesting');
INSERT INTO `SkillSet_skills` (`SkillSet_id`, `skills`) VALUES ('1238', 'Maven');
INSERT INTO `SkillSet_skills` (`SkillSet_id`, `skills`) VALUES ('1238', 'Maven');
INSERT INTO `Hero` (`id`, `firstName`, `lastName`, `role`, `skillSet_id`) VALUES ('1238', 'Jg', 'Koolauf', 'SeniorSoftwareEngineer', '1238');
INSERT INTO `SkillSet` (`id`) VALUES ('1239');
INSERT INTO `SkillSet_skills` (`SkillSet_id`, `skills`) VALUES ('1239', 'Ant');
INSERT INTO `Hero` (`id`, `firstName`, `lastName`, `role`, `skillSet_id`) VALUES ('1239', 'Jz', 'Oichoin', 'LeadEngineer', '1239');
INSERT INTO `SkillSet` (`id`) VALUES ('1240');
INSERT INTO `SkillSet_skills` (`SkillSet_id`, `skills`) VALUES ('1240', 'UnitTesting');
INSERT INTO `SkillSet_skills` (`SkillSet_id`, `skills`) VALUES ('1240', 'Ant');
INSERT INTO `SkillSet_skills` (`SkillSet_id`, `skills`) VALUES ('1240', 'dotNet');
INSERT INTO `SkillSet_skills` (`SkillSet_id`, `skills`) VALUES ('1240', 'Gradle');
INSERT INTO `Hero` (`id`, `firstName`, `lastName`, `role`, `skillSet_id`) VALUES ('1240', 'Oibav', 'Ysh', 'SeniorSoftwareEngineer', '1240');
INSERT INTO `SkillSet` (`id`) VALUES ('1241');
INSERT INTO `SkillSet_skills` (`SkillSet_id`, `skills`) VALUES ('1241', 'UnitTesting');
INSERT INTO `SkillSet_skills` (`SkillSet_id`, `skills`) VALUES ('1241', 'Architektur');
INSERT INTO `SkillSet_skills` (`SkillSet_id`, `skills`) VALUES ('1241', 'dotNet');
INSERT INTO `SkillSet_skills` (`SkillSet_id`, `skills`) VALUES ('1241', 'Ant');
INSERT INTO `Hero` (`id`, `firstName`, `lastName`, `role`, `skillSet_id`) VALUES ('1241', 'Yleil', 'Cyzjss', 'PrincipalConsultant', '1241');
INSERT INTO `SkillSet` (`id`) VALUES ('1242');
INSERT INTO `SkillSet_skills` (`SkillSet_id`, `skills`) VALUES ('1242', 'Gradle');
INSERT INTO `SkillSet_skills` (`SkillSet_id`, `skills`) VALUES ('1242', 'Java');
INSERT INTO `SkillSet_skills` (`SkillSet_id`, `skills`) VALUES ('1242', 'Maven');
INSERT INTO `SkillSet_skills` (`SkillSet_id`, `skills`) VALUES ('1242', 'dotNet');
INSERT INTO `Hero` (`id`, `firstName`, `lastName`, `role`, `skillSet_id`) VALUES ('1242', 'Ipaul', 'Uchapf', 'JuniorSoftwareEngineer', '1242');
INSERT INTO `SkillSet` (`id`) VALUES ('1243');
INSERT INTO `SkillSet_skills` (`SkillSet_id`, `skills`) VALUES ('1243', 'Gradle');
INSERT INTO `SkillSet_skills` (`SkillSet_id`, `skills`) VALUES ('1243', 'dotNet');
INSERT INTO `SkillSet_skills` (`SkillSet_id`, `skills`) VALUES ('1243', 'Java');
INSERT INTO `SkillSet_skills` (`SkillSet_id`, `skills`) VALUES ('1243', 'Maven');
INSERT INTO `SkillSet_skills` (`SkillSet_id`, `skills`) VALUES ('1243', 'Maven');
INSERT INTO `Hero` (`id`, `firstName`, `lastName`, `role`, `skillSet_id`) VALUES ('1243', 'Jdjig', 'Xjitt', 'JuniorSoftwareEngineer', '1243');
INSERT INTO `SkillSet` (`id`) VALUES ('1244');
INSERT INTO `SkillSet_skills` (`SkillSet_id`, `skills`) VALUES ('1244', 'SQL');
INSERT INTO `Hero` (`id`, `firstName`, `lastName`, `role`, `skillSet_id`) VALUES ('1244', 'Votjv', 'Coib', 'PrincipalConsultant', '1244');
INSERT INTO `SkillSet` (`id`) VALUES ('1245');
INSERT INTO `SkillSet_skills` (`SkillSet_id`, `skills`) VALUES ('1245', 'Ant');
INSERT INTO `Hero` (`id`, `firstName`, `lastName`, `role`, `skillSet_id`) VALUES ('1245', 'Thiv', 'Thjih', 'PrincipalConsultant', '1245');
INSERT INTO `SkillSet` (`id`) VALUES ('1246');
INSERT INTO `SkillSet_skills` (`SkillSet_id`, `skills`) VALUES ('1246', 'Java');
INSERT INTO `SkillSet_skills` (`SkillSet_id`, `skills`) VALUES ('1246', 'UITesting');
INSERT INTO `SkillSet_skills` (`SkillSet_id`, `skills`) VALUES ('1246', 'Java');
INSERT INTO `Hero` (`id`, `firstName`, `lastName`, `role`, `skillSet_id`) VALUES ('1246', 'Ugyw', 'Tooghoist', 'PrincipalConsultant', '1246');
INSERT INTO `SkillSet` (`id`) VALUES ('1247');
INSERT INTO `SkillSet_skills` (`SkillSet_id`, `skills`) VALUES ('1247', 'Ant');
INSERT INTO `Hero` (`id`, `firstName`, `lastName`, `role`, `skillSet_id`) VALUES ('1247', 'Qugh', 'Enteit', 'SeniorSoftwareEngineer', '1247');
INSERT INTO `SkillSet` (`id`) VALUES ('1248');
INSERT INTO `SkillSet_skills` (`SkillSet_id`, `skills`) VALUES ('1248', 'Ant');
INSERT INTO `SkillSet_skills` (`SkillSet_id`, `skills`) VALUES ('1248', 'Ant');
INSERT INTO `SkillSet_skills` (`SkillSet_id`, `skills`) VALUES ('1248', 'Java');
INSERT INTO `Hero` (`id`, `firstName`, `lastName`, `role`, `skillSet_id`) VALUES ('1248', 'Auh', 'Voiwuh', 'LeadSoftwareArchitect', '1248');
INSERT INTO `SkillSet` (`id`) VALUES ('1249');
INSERT INTO `SkillSet_skills` (`SkillSet_id`, `skills`) VALUES ('1249', 'Ant');
INSERT INTO `SkillSet_skills` (`SkillSet_id`, `skills`) VALUES ('1249', 'Architektur');
INSERT INTO `SkillSet_skills` (`SkillSet_id`, `skills`) VALUES ('1249', 'SQL');
INSERT INTO `Hero` (`id`, `firstName`, `lastName`, `role`, `skillSet_id`) VALUES ('1249', 'Sjih', 'Oughouch', 'PrincipalConsultant', '1249');
INSERT INTO `SkillSet` (`id`) VALUES ('1250');
INSERT INTO `SkillSet_skills` (`SkillSet_id`, `skills`) VALUES ('1250', 'SQL');
INSERT INTO `Hero` (`id`, `firstName`, `lastName`, `role`, `skillSet_id`) VALUES ('1250', 'Baittut', 'Eitt', 'LeadSoftwareArchitect', '1250');
INSERT INTO `SkillSet` (`id`) VALUES ('1251');
INSERT INTO `SkillSet_skills` (`SkillSet_id`, `skills`) VALUES ('1251', 'Gradle');
INSERT INTO `SkillSet_skills` (`SkillSet_id`, `skills`) VALUES ('1251', 'Maven');
INSERT INTO `Hero` (`id`, `firstName`, `lastName`, `role`, `skillSet_id`) VALUES ('1251', 'Oigh', 'Noun', 'LeadEngineer', '1251');
INSERT INTO `SkillSet` (`id`) VALUES ('1252');
INSERT INTO `SkillSet_skills` (`SkillSet_id`, `skills`) VALUES ('1252', 'UITesting');
INSERT INTO `SkillSet_skills` (`SkillSet_id`, `skills`) VALUES ('1252', 'Gradle');
INSERT INTO `SkillSet_skills` (`SkillSet_id`, `skills`) VALUES ('1252', 'UITesting');
INSERT INTO `Hero` (`id`, `firstName`, `lastName`, `role`, `skillSet_id`) VALUES ('1252', 'Aufel', 'Oul', 'SeniorSoftwareEngineer', '1252');
INSERT INTO `SkillSet` (`id`) VALUES ('1253');
INSERT INTO `SkillSet_skills` (`SkillSet_id`, `skills`) VALUES ('1253', 'Java');
INSERT INTO `SkillSet_skills` (`SkillSet_id`, `skills`) VALUES ('1253', 'UnitTesting');
INSERT INTO `SkillSet_skills` (`SkillSet_id`, `skills`) VALUES ('1253', 'Java');
INSERT INTO `SkillSet_skills` (`SkillSet_id`, `skills`) VALUES ('1253', 'Maven');
INSERT INTO `Hero` (`id`, `firstName`, `lastName`, `role`, `skillSet_id`) VALUES ('1253', 'Eigh', 'Ruvaust', 'SoftwareEngineer', '1253');
INSERT INTO `SkillSet` (`id`) VALUES ('1254');
INSERT INTO `SkillSet_skills` (`SkillSet_id`, `skills`) VALUES ('1254', 'UnitTesting');
INSERT INTO `SkillSet_skills` (`SkillSet_id`, `skills`) VALUES ('1254', 'UnitTesting');
INSERT INTO `SkillSet_skills` (`SkillSet_id`, `skills`) VALUES ('1254', 'dotNet');
INSERT INTO `Hero` (`id`, `firstName`, `lastName`, `role`, `skillSet_id`) VALUES ('1254', 'Ar', 'Thaur', 'SeniorSoftwareEngineer', '1254');
INSERT INTO `SkillSet` (`id`) VALUES ('1255');
INSERT INTO `SkillSet_skills` (`SkillSet_id`, `skills`) VALUES ('1255', 'UnitTesting');
INSERT INTO `SkillSet_skills` (`SkillSet_id`, `skills`) VALUES ('1255', 'Gradle');
INSERT INTO `SkillSet_skills` (`SkillSet_id`, `skills`) VALUES ('1255', 'SQL');
INSERT INTO `SkillSet_skills` (`SkillSet_id`, `skills`) VALUES ('1255', 'dotNet');
INSERT INTO `Hero` (`id`, `firstName`, `lastName`, `role`, `skillSet_id`) VALUES ('1255', 'Zjssim', 'Oont', 'SeniorSoftwareEngineer', '1255');
INSERT INTO `SkillSet` (`id`) VALUES ('1256');
INSERT INTO `SkillSet_skills` (`SkillSet_id`, `skills`) VALUES ('1256', 'Ant');
INSERT INTO `SkillSet_skills` (`SkillSet_id`, `skills`) VALUES ('1256', 'SQL');
INSERT INTO `SkillSet_skills` (`SkillSet_id`, `skills`) VALUES ('1256', 'Ant');
INSERT INTO `SkillSet_skills` (`SkillSet_id`, `skills`) VALUES ('1256', 'Gradle');
INSERT INTO `Hero` (`id`, `firstName`, `lastName`, `role`, `skillSet_id`) VALUES ('1256', 'Aup', 'Eishook', 'JuniorSoftwareEngineer', '1256');
INSERT INTO `SkillSet` (`id`) VALUES ('1257');
INSERT INTO `SkillSet_skills` (`SkillSet_id`, `skills`) VALUES ('1257', 'Java');
INSERT INTO `SkillSet_skills` (`SkillSet_id`, `skills`) VALUES ('1257', 'UnitTesting');
INSERT INTO `Hero` (`id`, `firstName`, `lastName`, `role`, `skillSet_id`) VALUES ('1257', 'Woushak', 'Ess', 'LeadSoftwareArchitect', '1257');
INSERT INTO `SkillSet` (`id`) VALUES ('1258');
INSERT INTO `SkillSet_skills` (`SkillSet_id`, `skills`) VALUES ('1258', 'dotNet');
INSERT INTO `SkillSet_skills` (`SkillSet_id`, `skills`) VALUES ('1258', 'Gradle');
INSERT INTO `SkillSet_skills` (`SkillSet_id`, `skills`) VALUES ('1258', 'SQL');
INSERT INTO `SkillSet_skills` (`SkillSet_id`, `skills`) VALUES ('1258', 'Gradle');
INSERT INTO `SkillSet_skills` (`SkillSet_id`, `skills`) VALUES ('1258', 'UnitTesting');
INSERT INTO `Hero` (`id`, `firstName`, `lastName`, `role`, `skillSet_id`) VALUES ('1258', 'Taz', 'Shoust', 'LeadEngineer', '1258');
INSERT INTO `SkillSet` (`id`) VALUES ('1259');
INSERT INTO `SkillSet_skills` (`SkillSet_id`, `skills`) VALUES ('1259', 'Architektur');
INSERT INTO `SkillSet_skills` (`SkillSet_id`, `skills`) VALUES ('1259', 'UITesting');
INSERT INTO `SkillSet_skills` (`SkillSet_id`, `skills`) VALUES ('1259', 'Java');
INSERT INTO `Hero` (`id`, `firstName`, `lastName`, `role`, `skillSet_id`) VALUES ('1259', 'Glaumaub', 'Gautaif', 'LeadEngineer', '1259');
INSERT INTO `SkillSet` (`id`) VALUES ('1260');
INSERT INTO `SkillSet_skills` (`SkillSet_id`, `skills`) VALUES ('1260', 'Java');
INSERT INTO `SkillSet_skills` (`SkillSet_id`, `skills`) VALUES ('1260', 'SQL');
INSERT INTO `SkillSet_skills` (`SkillSet_id`, `skills`) VALUES ('1260', 'Ant');
INSERT INTO `Hero` (`id`, `firstName`, `lastName`, `role`, `skillSet_id`) VALUES ('1260', 'Aistal', 'Chotjit', 'PrincipalConsultant', '1260');
INSERT INTO `SkillSet` (`id`) VALUES ('1261');
INSERT INTO `SkillSet_skills` (`SkillSet_id`, `skills`) VALUES ('1261', 'UnitTesting');
INSERT INTO `Hero` (`id`, `firstName`, `lastName`, `role`, `skillSet_id`) VALUES ('1261', 'Aistoith', 'Foik', 'PrincipalConsultant', '1261');
INSERT INTO `SkillSet` (`id`) VALUES ('1262');
INSERT INTO `SkillSet_skills` (`SkillSet_id`, `skills`) VALUES ('1262', 'SQL');
INSERT INTO `SkillSet_skills` (`SkillSet_id`, `skills`) VALUES ('1262', 'Architektur');
INSERT INTO `SkillSet_skills` (`SkillSet_id`, `skills`) VALUES ('1262', 'SQL');
INSERT INTO `Hero` (`id`, `firstName`, `lastName`, `role`, `skillSet_id`) VALUES ('1262', 'Puth', 'Aunt', 'LeadEngineer', '1262');
INSERT INTO `SkillSet` (`id`) VALUES ('1263');
INSERT INTO `SkillSet_skills` (`SkillSet_id`, `skills`) VALUES ('1263', 'Architektur');
INSERT INTO `Hero` (`id`, `firstName`, `lastName`, `role`, `skillSet_id`) VALUES ('1263', 'Jkef', 'Oochym', 'LeadEngineer', '1263');
INSERT INTO `SkillSet` (`id`) VALUES ('1264');
INSERT INTO `SkillSet_skills` (`SkillSet_id`, `skills`) VALUES ('1264', 'Ant');
INSERT INTO `SkillSet_skills` (`SkillSet_id`, `skills`) VALUES ('1264', 'Ant');
INSERT INTO `SkillSet_skills` (`SkillSet_id`, `skills`) VALUES ('1264', 'UITesting');
INSERT INTO `SkillSet_skills` (`SkillSet_id`, `skills`) VALUES ('1264', 'SQL');
INSERT INTO `SkillSet_skills` (`SkillSet_id`, `skills`) VALUES ('1264', 'Gradle');
INSERT INTO `Hero` (`id`, `firstName`, `lastName`, `role`, `skillSet_id`) VALUES ('1264', 'Auvauh', 'Opoosh', 'SoftwareEngineer', '1264');
INSERT INTO `SkillSet` (`id`) VALUES ('1265');
INSERT INTO `SkillSet_skills` (`SkillSet_id`, `skills`) VALUES ('1265', 'SQL');
INSERT INTO `SkillSet_skills` (`SkillSet_id`, `skills`) VALUES ('1265', 'Ant');
INSERT INTO `Hero` (`id`, `firstName`, `lastName`, `role`, `skillSet_id`) VALUES ('1265', 'Aichjb', 'Shouz', 'SeniorSoftwareEngineer', '1265');
INSERT INTO `SkillSet` (`id`) VALUES ('1266');
INSERT INTO `SkillSet_skills` (`SkillSet_id`, `skills`) VALUES ('1266', 'UITesting');
INSERT INTO `SkillSet_skills` (`SkillSet_id`, `skills`) VALUES ('1266', 'Gradle');
INSERT INTO `SkillSet_skills` (`SkillSet_id`, `skills`) VALUES ('1266', 'UnitTesting');
INSERT INTO `Hero` (`id`, `firstName`, `lastName`, `role`, `skillSet_id`) VALUES ('1266', 'Ughoil', 'Prahik', 'LeadSoftwareArchitect', '1266');
INSERT INTO `SkillSet` (`id`) VALUES ('1267');
INSERT INTO `SkillSet_skills` (`SkillSet_id`, `skills`) VALUES ('1267', 'dotNet');
INSERT INTO `SkillSet_skills` (`SkillSet_id`, `skills`) VALUES ('1267', 'Ant');
INSERT INTO `SkillSet_skills` (`SkillSet_id`, `skills`) VALUES ('1267', 'Java');
INSERT INTO `Hero` (`id`, `firstName`, `lastName`, `role`, `skillSet_id`) VALUES ('1267', 'Lap', 'Gothaigh', 'LeadSoftwareArchitect', '1267');
INSERT INTO `SkillSet` (`id`) VALUES ('1268');
INSERT INTO `SkillSet_skills` (`SkillSet_id`, `skills`) VALUES ('1268', 'UITesting');
INSERT INTO `SkillSet_skills` (`SkillSet_id`, `skills`) VALUES ('1268', 'UITesting');
INSERT INTO `SkillSet_skills` (`SkillSet_id`, `skills`) VALUES ('1268', 'dotNet');
INSERT INTO `SkillSet_skills` (`SkillSet_id`, `skills`) VALUES ('1268', 'UITesting');
INSERT INTO `SkillSet_skills` (`SkillSet_id`, `skills`) VALUES ('1268', 'dotNet');
INSERT INTO `Hero` (`id`, `firstName`, `lastName`, `role`, `skillSet_id`) VALUES ('1268', 'Stap', 'Jizar', 'JuniorSoftwareEngineer', '1268');
INSERT INTO `SkillSet` (`id`) VALUES ('1269');
INSERT INTO `SkillSet_skills` (`SkillSet_id`, `skills`) VALUES ('1269', 'UITesting');
INSERT INTO `SkillSet_skills` (`SkillSet_id`, `skills`) VALUES ('1269', 'Gradle');
INSERT INTO `SkillSet_skills` (`SkillSet_id`, `skills`) VALUES ('1269', 'Gradle');
INSERT INTO `SkillSet_skills` (`SkillSet_id`, `skills`) VALUES ('1269', 'Ant');
INSERT INTO `SkillSet_skills` (`SkillSet_id`, `skills`) VALUES ('1269', 'UnitTesting');
INSERT INTO `Hero` (`id`, `firstName`, `lastName`, `role`, `skillSet_id`) VALUES ('1269', 'Oumoz', 'Loov', 'PrincipalConsultant', '1269');
INSERT INTO `SkillSet` (`id`) VALUES ('1270');
INSERT INTO `SkillSet_skills` (`SkillSet_id`, `skills`) VALUES ('1270', 'UITesting');
INSERT INTO `SkillSet_skills` (`SkillSet_id`, `skills`) VALUES ('1270', 'SQL');
INSERT INTO `SkillSet_skills` (`SkillSet_id`, `skills`) VALUES ('1270', 'Gradle');
INSERT INTO `Hero` (`id`, `firstName`, `lastName`, `role`, `skillSet_id`) VALUES ('1270', 'Dauf', 'Klyd', 'SoftwareEngineer', '1270');
INSERT INTO `SkillSet` (`id`) VALUES ('1271');
INSERT INTO `SkillSet_skills` (`SkillSet_id`, `skills`) VALUES ('1271', 'Java');
INSERT INTO `SkillSet_skills` (`SkillSet_id`, `skills`) VALUES ('1271', 'UITesting');
INSERT INTO `SkillSet_skills` (`SkillSet_id`, `skills`) VALUES ('1271', 'Ant');
INSERT INTO `SkillSet_skills` (`SkillSet_id`, `skills`) VALUES ('1271', 'SQL');
INSERT INTO `SkillSet_skills` (`SkillSet_id`, `skills`) VALUES ('1271', 'Ant');
INSERT INTO `Hero` (`id`, `firstName`, `lastName`, `role`, `skillSet_id`) VALUES ('1271', 'Jiwid', 'Kuntov', 'LeadSoftwareArchitect', '1271');
INSERT INTO `SkillSet` (`id`) VALUES ('1272');
INSERT INTO `SkillSet_skills` (`SkillSet_id`, `skills`) VALUES ('1272', 'Maven');
INSERT INTO `SkillSet_skills` (`SkillSet_id`, `skills`) VALUES ('1272', 'Gradle');
INSERT INTO `SkillSet_skills` (`SkillSet_id`, `skills`) VALUES ('1272', 'Architektur');
INSERT INTO `SkillSet_skills` (`SkillSet_id`, `skills`) VALUES ('1272', 'UnitTesting');
INSERT INTO `SkillSet_skills` (`SkillSet_id`, `skills`) VALUES ('1272', 'Maven');
INSERT INTO `Hero` (`id`, `firstName`, `lastName`, `role`, `skillSet_id`) VALUES ('1272', 'Kott', 'Ouv', 'SeniorSoftwareEngineer', '1272');
INSERT INTO `SkillSet` (`id`) VALUES ('1273');
INSERT INTO `SkillSet_skills` (`SkillSet_id`, `skills`) VALUES ('1273', 'Gradle');
INSERT INTO `Hero` (`id`, `firstName`, `lastName`, `role`, `skillSet_id`) VALUES ('1273', 'Jh', 'Jinail', 'JuniorSoftwareEngineer', '1273');
INSERT INTO `SkillSet` (`id`) VALUES ('1274');
INSERT INTO `SkillSet_skills` (`SkillSet_id`, `skills`) VALUES ('1274', 'Ant');
INSERT INTO `SkillSet_skills` (`SkillSet_id`, `skills`) VALUES ('1274', 'UnitTesting');
INSERT INTO `SkillSet_skills` (`SkillSet_id`, `skills`) VALUES ('1274', 'dotNet');
INSERT INTO `SkillSet_skills` (`SkillSet_id`, `skills`) VALUES ('1274', 'Ant');
INSERT INTO `SkillSet_skills` (`SkillSet_id`, `skills`) VALUES ('1274', 'Ant');
INSERT INTO `Hero` (`id`, `firstName`, `lastName`, `role`, `skillSet_id`) VALUES ('1274', 'Fljistatt', 'Ub', 'JuniorSoftwareEngineer', '1274');
INSERT INTO `SkillSet` (`id`) VALUES ('1275');
INSERT INTO `SkillSet_skills` (`SkillSet_id`, `skills`) VALUES ('1275', 'UITesting');
INSERT INTO `SkillSet_skills` (`SkillSet_id`, `skills`) VALUES ('1275', 'Java');
INSERT INTO `SkillSet_skills` (`SkillSet_id`, `skills`) VALUES ('1275', 'Gradle');
INSERT INTO `SkillSet_skills` (`SkillSet_id`, `skills`) VALUES ('1275', 'Gradle');
INSERT INTO `Hero` (`id`, `firstName`, `lastName`, `role`, `skillSet_id`) VALUES ('1275', 'Oopfaush', 'Ulouss', 'LeadEngineer', '1275');
INSERT INTO `SkillSet` (`id`) VALUES ('1276');
INSERT INTO `SkillSet_skills` (`SkillSet_id`, `skills`) VALUES ('1276', 'Java');
INSERT INTO `Hero` (`id`, `firstName`, `lastName`, `role`, `skillSet_id`) VALUES ('1276', 'Jneipf', 'Oopeiz', 'JuniorSoftwareEngineer', '1276');
INSERT INTO `SkillSet` (`id`) VALUES ('1277');
INSERT INTO `SkillSet_skills` (`SkillSet_id`, `skills`) VALUES ('1277', 'Java');
INSERT INTO `SkillSet_skills` (`SkillSet_id`, `skills`) VALUES ('1277', 'Gradle');
INSERT INTO `Hero` (`id`, `firstName`, `lastName`, `role`, `skillSet_id`) VALUES ('1277', 'Nosoon', 'Istjiss', 'LeadSoftwareArchitect', '1277');
INSERT INTO `SkillSet` (`id`) VALUES ('1278');
INSERT INTO `SkillSet_skills` (`SkillSet_id`, `skills`) VALUES ('1278', 'SQL');
INSERT INTO `SkillSet_skills` (`SkillSet_id`, `skills`) VALUES ('1278', 'Architektur');
INSERT INTO `SkillSet_skills` (`SkillSet_id`, `skills`) VALUES ('1278', 'Architektur');
INSERT INTO `Hero` (`id`, `firstName`, `lastName`, `role`, `skillSet_id`) VALUES ('1278', 'Grjz', 'Thok', 'SeniorSoftwareEngineer', '1278');
INSERT INTO `SkillSet` (`id`) VALUES ('1279');
INSERT INTO `SkillSet_skills` (`SkillSet_id`, `skills`) VALUES ('1279', 'Architektur');
INSERT INTO `Hero` (`id`, `firstName`, `lastName`, `role`, `skillSet_id`) VALUES ('1279', 'Zeich', 'Preint', 'SeniorSoftwareEngineer', '1279');
INSERT INTO `SkillSet` (`id`) VALUES ('1280');
INSERT INTO `SkillSet_skills` (`SkillSet_id`, `skills`) VALUES ('1280', 'Ant');
INSERT INTO `SkillSet_skills` (`SkillSet_id`, `skills`) VALUES ('1280', 'Gradle');
INSERT INTO `SkillSet_skills` (`SkillSet_id`, `skills`) VALUES ('1280', 'Maven');
INSERT INTO `SkillSet_skills` (`SkillSet_id`, `skills`) VALUES ('1280', 'Maven');
INSERT INTO `SkillSet_skills` (`SkillSet_id`, `skills`) VALUES ('1280', 'Gradle');
INSERT INTO `Hero` (`id`, `firstName`, `lastName`, `role`, `skillSet_id`) VALUES ('1280', 'Daiv', 'Praipfaugh', 'LeadEngineer', '1280');
INSERT INTO `SkillSet` (`id`) VALUES ('1281');
INSERT INTO `SkillSet_skills` (`SkillSet_id`, `skills`) VALUES ('1281', 'Architektur');
INSERT INTO `SkillSet_skills` (`SkillSet_id`, `skills`) VALUES ('1281', 'Gradle');
INSERT INTO `SkillSet_skills` (`SkillSet_id`, `skills`) VALUES ('1281', 'Ant');
INSERT INTO `Hero` (`id`, `firstName`, `lastName`, `role`, `skillSet_id`) VALUES ('1281', 'Atoug', 'Aug', 'JuniorSoftwareEngineer', '1281');
INSERT INTO `SkillSet` (`id`) VALUES ('1282');
INSERT INTO `SkillSet_skills` (`SkillSet_id`, `skills`) VALUES ('1282', 'Architektur');
INSERT INTO `SkillSet_skills` (`SkillSet_id`, `skills`) VALUES ('1282', 'Maven');
INSERT INTO `SkillSet_skills` (`SkillSet_id`, `skills`) VALUES ('1282', 'Java');
INSERT INTO `SkillSet_skills` (`SkillSet_id`, `skills`) VALUES ('1282', 'Gradle');
INSERT INTO `Hero` (`id`, `firstName`, `lastName`, `role`, `skillSet_id`) VALUES ('1282', 'Chob', 'Utt', 'SeniorSoftwareEngineer', '1282');
INSERT INTO `SkillSet` (`id`) VALUES ('1283');
INSERT INTO `SkillSet_skills` (`SkillSet_id`, `skills`) VALUES ('1283', 'SQL');
INSERT INTO `Hero` (`id`, `firstName`, `lastName`, `role`, `skillSet_id`) VALUES ('1283', 'Kjtour', 'Jch', 'SoftwareEngineer', '1283');
INSERT INTO `SkillSet` (`id`) VALUES ('1284');
INSERT INTO `SkillSet_skills` (`SkillSet_id`, `skills`) VALUES ('1284', 'Architektur');
INSERT INTO `SkillSet_skills` (`SkillSet_id`, `skills`) VALUES ('1284', 'SQL');
INSERT INTO `SkillSet_skills` (`SkillSet_id`, `skills`) VALUES ('1284', 'Gradle');
INSERT INTO `SkillSet_skills` (`SkillSet_id`, `skills`) VALUES ('1284', 'UnitTesting');
INSERT INTO `SkillSet_skills` (`SkillSet_id`, `skills`) VALUES ('1284', 'Architektur');
INSERT INTO `Hero` (`id`, `firstName`, `lastName`, `role`, `skillSet_id`) VALUES ('1284', 'Auk', 'Jch', 'SoftwareEngineer', '1284');
INSERT INTO `SkillSet` (`id`) VALUES ('1285');
INSERT INTO `SkillSet_skills` (`SkillSet_id`, `skills`) VALUES ('1285', 'Architektur');
INSERT INTO `Hero` (`id`, `firstName`, `lastName`, `role`, `skillSet_id`) VALUES ('1285', 'Nunoopf', 'Brostjif', 'JuniorSoftwareEngineer', '1285');
INSERT INTO `SkillSet` (`id`) VALUES ('1286');
INSERT INTO `SkillSet_skills` (`SkillSet_id`, `skills`) VALUES ('1286', 'Java');
INSERT INTO `SkillSet_skills` (`SkillSet_id`, `skills`) VALUES ('1286', 'Maven');
INSERT INTO `SkillSet_skills` (`SkillSet_id`, `skills`) VALUES ('1286', 'Gradle');
INSERT INTO `Hero` (`id`, `firstName`, `lastName`, `role`, `skillSet_id`) VALUES ('1286', 'Outhjt', 'Opfaus', 'LeadEngineer', '1286');
INSERT INTO `SkillSet` (`id`) VALUES ('1287');
INSERT INTO `SkillSet_skills` (`SkillSet_id`, `skills`) VALUES ('1287', 'Maven');
INSERT INTO `SkillSet_skills` (`SkillSet_id`, `skills`) VALUES ('1287', 'Gradle');
INSERT INTO `SkillSet_skills` (`SkillSet_id`, `skills`) VALUES ('1287', 'SQL');
INSERT INTO `SkillSet_skills` (`SkillSet_id`, `skills`) VALUES ('1287', 'Architektur');
INSERT INTO `SkillSet_skills` (`SkillSet_id`, `skills`) VALUES ('1287', 'Architektur');
INSERT INTO `Hero` (`id`, `firstName`, `lastName`, `role`, `skillSet_id`) VALUES ('1287', 'Chughauch', 'Ageith', 'PrincipalConsultant', '1287');
INSERT INTO `SkillSet` (`id`) VALUES ('1288');
INSERT INTO `SkillSet_skills` (`SkillSet_id`, `skills`) VALUES ('1288', 'dotNet');
INSERT INTO `Hero` (`id`, `firstName`, `lastName`, `role`, `skillSet_id`) VALUES ('1288', 'Grjiss', 'Annyz', 'JuniorSoftwareEngineer', '1288');
INSERT INTO `SkillSet` (`id`) VALUES ('1289');
INSERT INTO `SkillSet_skills` (`SkillSet_id`, `skills`) VALUES ('1289', 'dotNet');
INSERT INTO `Hero` (`id`, `firstName`, `lastName`, `role`, `skillSet_id`) VALUES ('1289', 'Xjif', 'Ush', 'SoftwareEngineer', '1289');
INSERT INTO `SkillSet` (`id`) VALUES ('1290');
INSERT INTO `SkillSet_skills` (`SkillSet_id`, `skills`) VALUES ('1290', 'UITesting');
INSERT INTO `SkillSet_skills` (`SkillSet_id`, `skills`) VALUES ('1290', 'Ant');
INSERT INTO `SkillSet_skills` (`SkillSet_id`, `skills`) VALUES ('1290', 'Maven');
INSERT INTO `Hero` (`id`, `firstName`, `lastName`, `role`, `skillSet_id`) VALUES ('1290', 'Ehech', 'Ysh', 'SoftwareEngineer', '1290');
INSERT INTO `SkillSet` (`id`) VALUES ('1291');
INSERT INTO `SkillSet_skills` (`SkillSet_id`, `skills`) VALUES ('1291', 'Ant');
INSERT INTO `SkillSet_skills` (`SkillSet_id`, `skills`) VALUES ('1291', 'Gradle');
INSERT INTO `SkillSet_skills` (`SkillSet_id`, `skills`) VALUES ('1291', 'UITesting');
INSERT INTO `SkillSet_skills` (`SkillSet_id`, `skills`) VALUES ('1291', 'Gradle');
INSERT INTO `Hero` (`id`, `firstName`, `lastName`, `role`, `skillSet_id`) VALUES ('1291', 'Ous', 'Klostuh', 'JuniorSoftwareEngineer', '1291');
INSERT INTO `SkillSet` (`id`) VALUES ('1292');
INSERT INTO `SkillSet_skills` (`SkillSet_id`, `skills`) VALUES ('1292', 'SQL');
INSERT INTO `SkillSet_skills` (`SkillSet_id`, `skills`) VALUES ('1292', 'dotNet');
INSERT INTO `Hero` (`id`, `firstName`, `lastName`, `role`, `skillSet_id`) VALUES ('1292', 'Jivaish', 'Jkaush', 'LeadSoftwareArchitect', '1292');
INSERT INTO `SkillSet` (`id`) VALUES ('1293');
INSERT INTO `SkillSet_skills` (`SkillSet_id`, `skills`) VALUES ('1293', 'Gradle');
INSERT INTO `SkillSet_skills` (`SkillSet_id`, `skills`) VALUES ('1293', 'UnitTesting');
INSERT INTO `Hero` (`id`, `firstName`, `lastName`, `role`, `skillSet_id`) VALUES ('1293', 'Ouk', 'Gljinn', 'JuniorSoftwareEngineer', '1293');
INSERT INTO `SkillSet` (`id`) VALUES ('1294');
INSERT INTO `SkillSet_skills` (`SkillSet_id`, `skills`) VALUES ('1294', 'Java');
INSERT INTO `Hero` (`id`, `firstName`, `lastName`, `role`, `skillSet_id`) VALUES ('1294', 'Oosan', 'Ih', 'JuniorSoftwareEngineer', '1294');
INSERT INTO `SkillSet` (`id`) VALUES ('1295');
INSERT INTO `SkillSet_skills` (`SkillSet_id`, `skills`) VALUES ('1295', 'Architektur');
INSERT INTO `SkillSet_skills` (`SkillSet_id`, `skills`) VALUES ('1295', 'Architektur');
INSERT INTO `SkillSet_skills` (`SkillSet_id`, `skills`) VALUES ('1295', 'UITesting');
INSERT INTO `SkillSet_skills` (`SkillSet_id`, `skills`) VALUES ('1295', 'UITesting');
INSERT INTO `Hero` (`id`, `firstName`, `lastName`, `role`, `skillSet_id`) VALUES ('1295', 'Jideinn', 'Uf', 'JuniorSoftwareEngineer', '1295');
INSERT INTO `SkillSet` (`id`) VALUES ('1296');
INSERT INTO `SkillSet_skills` (`SkillSet_id`, `skills`) VALUES ('1296', 'UnitTesting');
INSERT INTO `SkillSet_skills` (`SkillSet_id`, `skills`) VALUES ('1296', 'SQL');
INSERT INTO `SkillSet_skills` (`SkillSet_id`, `skills`) VALUES ('1296', 'Maven');
INSERT INTO `Hero` (`id`, `firstName`, `lastName`, `role`, `skillSet_id`) VALUES ('1296', 'Agaipf', 'Wod', 'SeniorSoftwareEngineer', '1296');
INSERT INTO `SkillSet` (`id`) VALUES ('1297');
INSERT INTO `SkillSet_skills` (`SkillSet_id`, `skills`) VALUES ('1297', 'Java');
INSERT INTO `SkillSet_skills` (`SkillSet_id`, `skills`) VALUES ('1297', 'Ant');
INSERT INTO `SkillSet_skills` (`SkillSet_id`, `skills`) VALUES ('1297', 'Ant');
INSERT INTO `SkillSet_skills` (`SkillSet_id`, `skills`) VALUES ('1297', 'Maven');
INSERT INTO `Hero` (`id`, `firstName`, `lastName`, `role`, `skillSet_id`) VALUES ('1297', 'Oizah', 'Xuss', 'SeniorSoftwareEngineer', '1297');
INSERT INTO `SkillSet` (`id`) VALUES ('1298');
INSERT INTO `SkillSet_skills` (`SkillSet_id`, `skills`) VALUES ('1298', 'Ant');
INSERT INTO `SkillSet_skills` (`SkillSet_id`, `skills`) VALUES ('1298', 'UnitTesting');
INSERT INTO `Hero` (`id`, `firstName`, `lastName`, `role`, `skillSet_id`) VALUES ('1298', 'Jid', 'Ehyw', 'SoftwareEngineer', '1298');
INSERT INTO `SkillSet` (`id`) VALUES ('1299');
INSERT INTO `SkillSet_skills` (`SkillSet_id`, `skills`) VALUES ('1299', 'UnitTesting');
INSERT INTO `SkillSet_skills` (`SkillSet_id`, `skills`) VALUES ('1299', 'SQL');
INSERT INTO `SkillSet_skills` (`SkillSet_id`, `skills`) VALUES ('1299', 'Maven');
INSERT INTO `SkillSet_skills` (`SkillSet_id`, `skills`) VALUES ('1299', 'dotNet');
INSERT INTO `Hero` (`id`, `firstName`, `lastName`, `role`, `skillSet_id`) VALUES ('1299', 'Ynt', 'Nolyss', 'SoftwareEngineer', '1299');
INSERT INTO `SkillSet` (`id`) VALUES ('1300');
INSERT INTO `SkillSet_skills` (`SkillSet_id`, `skills`) VALUES ('1300', 'Architektur');
INSERT INTO `SkillSet_skills` (`SkillSet_id`, `skills`) VALUES ('1300', 'UnitTesting');
INSERT INTO `SkillSet_skills` (`SkillSet_id`, `skills`) VALUES ('1300', 'Architektur');
INSERT INTO `Hero` (`id`, `firstName`, `lastName`, `role`, `skillSet_id`) VALUES ('1300', 'Xaihynn', 'Flishiv', 'LeadEngineer', '1300');
INSERT INTO `SkillSet` (`id`) VALUES ('1301');
INSERT INTO `SkillSet_skills` (`SkillSet_id`, `skills`) VALUES ('1301', 'UnitTesting');
INSERT INTO `SkillSet_skills` (`SkillSet_id`, `skills`) VALUES ('1301', 'Java');
INSERT INTO `Hero` (`id`, `firstName`, `lastName`, `role`, `skillSet_id`) VALUES ('1301', 'Ounn', 'Jitt', 'SoftwareEngineer', '1301');
INSERT INTO `SkillSet` (`id`) VALUES ('1302');
INSERT INTO `SkillSet_skills` (`SkillSet_id`, `skills`) VALUES ('1302', 'UnitTesting');
INSERT INTO `Hero` (`id`, `firstName`, `lastName`, `role`, `skillSet_id`) VALUES ('1302', 'Cott', 'Shuch', 'SeniorSoftwareEngineer', '1302');
INSERT INTO `SkillSet` (`id`) VALUES ('1303');
INSERT INTO `SkillSet_skills` (`SkillSet_id`, `skills`) VALUES ('1303', 'Gradle');
INSERT INTO `Hero` (`id`, `firstName`, `lastName`, `role`, `skillSet_id`) VALUES ('1303', 'Faiwoim', 'Beipiw', 'PrincipalConsultant', '1303');
INSERT INTO `SkillSet` (`id`) VALUES ('1304');
INSERT INTO `SkillSet_skills` (`SkillSet_id`, `skills`) VALUES ('1304', 'Gradle');
INSERT INTO `SkillSet_skills` (`SkillSet_id`, `skills`) VALUES ('1304', 'Maven');
INSERT INTO `SkillSet_skills` (`SkillSet_id`, `skills`) VALUES ('1304', 'UnitTesting');
INSERT INTO `SkillSet_skills` (`SkillSet_id`, `skills`) VALUES ('1304', 'SQL');
INSERT INTO `Hero` (`id`, `firstName`, `lastName`, `role`, `skillSet_id`) VALUES ('1304', 'Austuz', 'Nypush', 'SeniorSoftwareEngineer', '1304');
INSERT INTO `SkillSet` (`id`) VALUES ('1305');
INSERT INTO `SkillSet_skills` (`SkillSet_id`, `skills`) VALUES ('1305', 'Maven');
INSERT INTO `SkillSet_skills` (`SkillSet_id`, `skills`) VALUES ('1305', 'UnitTesting');
INSERT INTO `SkillSet_skills` (`SkillSet_id`, `skills`) VALUES ('1305', 'Gradle');
INSERT INTO `SkillSet_skills` (`SkillSet_id`, `skills`) VALUES ('1305', 'Ant');
INSERT INTO `SkillSet_skills` (`SkillSet_id`, `skills`) VALUES ('1305', 'Java');
INSERT INTO `Hero` (`id`, `firstName`, `lastName`, `role`, `skillSet_id`) VALUES ('1305', 'Jiw', 'Jik', 'SeniorSoftwareEngineer', '1305');
INSERT INTO `SkillSet` (`id`) VALUES ('1306');
INSERT INTO `SkillSet_skills` (`SkillSet_id`, `skills`) VALUES ('1306', 'Gradle');
INSERT INTO `SkillSet_skills` (`SkillSet_id`, `skills`) VALUES ('1306', 'UITesting');
INSERT INTO `Hero` (`id`, `firstName`, `lastName`, `role`, `skillSet_id`) VALUES ('1306', 'Ouss', 'Ybaub', 'SoftwareEngineer', '1306');
INSERT INTO `SkillSet` (`id`) VALUES ('1307');
INSERT INTO `SkillSet_skills` (`SkillSet_id`, `skills`) VALUES ('1307', 'Java');
INSERT INTO `SkillSet_skills` (`SkillSet_id`, `skills`) VALUES ('1307', 'UnitTesting');
INSERT INTO `SkillSet_skills` (`SkillSet_id`, `skills`) VALUES ('1307', 'dotNet');
INSERT INTO `SkillSet_skills` (`SkillSet_id`, `skills`) VALUES ('1307', 'UITesting');
INSERT INTO `SkillSet_skills` (`SkillSet_id`, `skills`) VALUES ('1307', 'UnitTesting');
INSERT INTO `Hero` (`id`, `firstName`, `lastName`, `role`, `skillSet_id`) VALUES ('1307', 'Fjd', 'Kah', 'LeadEngineer', '1307');
INSERT INTO `SkillSet` (`id`) VALUES ('1308');
INSERT INTO `SkillSet_skills` (`SkillSet_id`, `skills`) VALUES ('1308', 'UnitTesting');
INSERT INTO `SkillSet_skills` (`SkillSet_id`, `skills`) VALUES ('1308', 'Maven');
INSERT INTO `Hero` (`id`, `firstName`, `lastName`, `role`, `skillSet_id`) VALUES ('1308', 'Gljtoush', 'Akauss', 'JuniorSoftwareEngineer', '1308');
INSERT INTO `SkillSet` (`id`) VALUES ('1309');
INSERT INTO `SkillSet_skills` (`SkillSet_id`, `skills`) VALUES ('1309', 'Maven');
INSERT INTO `SkillSet_skills` (`SkillSet_id`, `skills`) VALUES ('1309', 'Maven');
INSERT INTO `SkillSet_skills` (`SkillSet_id`, `skills`) VALUES ('1309', 'Java');
INSERT INTO `SkillSet_skills` (`SkillSet_id`, `skills`) VALUES ('1309', 'Architektur');
INSERT INTO `Hero` (`id`, `firstName`, `lastName`, `role`, `skillSet_id`) VALUES ('1309', 'Ap', 'Glos', 'SoftwareEngineer', '1309');
INSERT INTO `SkillSet` (`id`) VALUES ('1310');
INSERT INTO `SkillSet_skills` (`SkillSet_id`, `skills`) VALUES ('1310', 'Ant');
INSERT INTO `Hero` (`id`, `firstName`, `lastName`, `role`, `skillSet_id`) VALUES ('1310', 'Im', 'Ov', 'PrincipalConsultant', '1310');
INSERT INTO `SkillSet` (`id`) VALUES ('1311');
INSERT INTO `SkillSet_skills` (`SkillSet_id`, `skills`) VALUES ('1311', 'Gradle');
INSERT INTO `SkillSet_skills` (`SkillSet_id`, `skills`) VALUES ('1311', 'dotNet');
INSERT INTO `SkillSet_skills` (`SkillSet_id`, `skills`) VALUES ('1311', 'Gradle');
INSERT INTO `SkillSet_skills` (`SkillSet_id`, `skills`) VALUES ('1311', 'Gradle');
INSERT INTO `SkillSet_skills` (`SkillSet_id`, `skills`) VALUES ('1311', 'Ant');
INSERT INTO `Hero` (`id`, `firstName`, `lastName`, `role`, `skillSet_id`) VALUES ('1311', 'Bystaur', 'Kuwav', 'LeadSoftwareArchitect', '1311');
INSERT INTO `SkillSet` (`id`) VALUES ('1312');
INSERT INTO `SkillSet_skills` (`SkillSet_id`, `skills`) VALUES ('1312', 'Architektur');
INSERT INTO `SkillSet_skills` (`SkillSet_id`, `skills`) VALUES ('1312', 'Gradle');
INSERT INTO `SkillSet_skills` (`SkillSet_id`, `skills`) VALUES ('1312', 'Gradle');
INSERT INTO `SkillSet_skills` (`SkillSet_id`, `skills`) VALUES ('1312', 'dotNet');
INSERT INTO `Hero` (`id`, `firstName`, `lastName`, `role`, `skillSet_id`) VALUES ('1312', 'Pjithoit', 'Jinnaib', 'SeniorSoftwareEngineer', '1312');
INSERT INTO `SkillSet` (`id`) VALUES ('1313');
INSERT INTO `SkillSet_skills` (`SkillSet_id`, `skills`) VALUES ('1313', 'SQL');
INSERT INTO `SkillSet_skills` (`SkillSet_id`, `skills`) VALUES ('1313', 'UnitTesting');
INSERT INTO `SkillSet_skills` (`SkillSet_id`, `skills`) VALUES ('1313', 'UITesting');
INSERT INTO `Hero` (`id`, `firstName`, `lastName`, `role`, `skillSet_id`) VALUES ('1313', 'Gloutob', 'Tounn', 'JuniorSoftwareEngineer', '1313');
INSERT INTO `SkillSet` (`id`) VALUES ('1314');
INSERT INTO `SkillSet_skills` (`SkillSet_id`, `skills`) VALUES ('1314', 'dotNet');
INSERT INTO `SkillSet_skills` (`SkillSet_id`, `skills`) VALUES ('1314', 'Maven');
INSERT INTO `SkillSet_skills` (`SkillSet_id`, `skills`) VALUES ('1314', 'dotNet');
INSERT INTO `SkillSet_skills` (`SkillSet_id`, `skills`) VALUES ('1314', 'UnitTesting');
INSERT INTO `Hero` (`id`, `firstName`, `lastName`, `role`, `skillSet_id`) VALUES ('1314', 'Auneis', 'Mobett', 'SeniorSoftwareEngineer', '1314');
INSERT INTO `SkillSet` (`id`) VALUES ('1315');
INSERT INTO `SkillSet_skills` (`SkillSet_id`, `skills`) VALUES ('1315', 'SQL');
INSERT INTO `SkillSet_skills` (`SkillSet_id`, `skills`) VALUES ('1315', 'Architektur');
INSERT INTO `Hero` (`id`, `firstName`, `lastName`, `role`, `skillSet_id`) VALUES ('1315', 'Kljiv', 'Vautt', 'SeniorSoftwareEngineer', '1315');
INSERT INTO `SkillSet` (`id`) VALUES ('1316');
INSERT INTO `SkillSet_skills` (`SkillSet_id`, `skills`) VALUES ('1316', 'Java');
INSERT INTO `SkillSet_skills` (`SkillSet_id`, `skills`) VALUES ('1316', 'dotNet');
INSERT INTO `SkillSet_skills` (`SkillSet_id`, `skills`) VALUES ('1316', 'SQL');
INSERT INTO `SkillSet_skills` (`SkillSet_id`, `skills`) VALUES ('1316', 'dotNet');
INSERT INTO `Hero` (`id`, `firstName`, `lastName`, `role`, `skillSet_id`) VALUES ('1316', 'An', 'Kyp', 'SeniorSoftwareEngineer', '1316');
INSERT INTO `SkillSet` (`id`) VALUES ('1317');
INSERT INTO `SkillSet_skills` (`SkillSet_id`, `skills`) VALUES ('1317', 'Ant');
INSERT INTO `SkillSet_skills` (`SkillSet_id`, `skills`) VALUES ('1317', 'Gradle');
INSERT INTO `SkillSet_skills` (`SkillSet_id`, `skills`) VALUES ('1317', 'Java');
INSERT INTO `SkillSet_skills` (`SkillSet_id`, `skills`) VALUES ('1317', 'UnitTesting');
INSERT INTO `SkillSet_skills` (`SkillSet_id`, `skills`) VALUES ('1317', 'UnitTesting');
INSERT INTO `Hero` (`id`, `firstName`, `lastName`, `role`, `skillSet_id`) VALUES ('1317', 'Oissjith', 'Choogh', 'LeadSoftwareArchitect', '1317');
INSERT INTO `SkillSet` (`id`) VALUES ('1318');
INSERT INTO `SkillSet_skills` (`SkillSet_id`, `skills`) VALUES ('1318', 'UnitTesting');
INSERT INTO `SkillSet_skills` (`SkillSet_id`, `skills`) VALUES ('1318', 'Architektur');
INSERT INTO `SkillSet_skills` (`SkillSet_id`, `skills`) VALUES ('1318', 'dotNet');
INSERT INTO `SkillSet_skills` (`SkillSet_id`, `skills`) VALUES ('1318', 'dotNet');
INSERT INTO `SkillSet_skills` (`SkillSet_id`, `skills`) VALUES ('1318', 'Architektur');
INSERT INTO `Hero` (`id`, `firstName`, `lastName`, `role`, `skillSet_id`) VALUES ('1318', 'Stouhjist', 'Pihood', 'JuniorSoftwareEngineer', '1318');
INSERT INTO `SkillSet` (`id`) VALUES ('1319');
INSERT INTO `SkillSet_skills` (`SkillSet_id`, `skills`) VALUES ('1319', 'Java');
INSERT INTO `Hero` (`id`, `firstName`, `lastName`, `role`, `skillSet_id`) VALUES ('1319', 'Jgjss', 'Yzesh', 'LeadSoftwareArchitect', '1319');
INSERT INTO `SkillSet` (`id`) VALUES ('1320');
INSERT INTO `SkillSet_skills` (`SkillSet_id`, `skills`) VALUES ('1320', 'SQL');
INSERT INTO `Hero` (`id`, `firstName`, `lastName`, `role`, `skillSet_id`) VALUES ('1320', 'Maustett', 'Oor', 'PrincipalConsultant', '1320');
INSERT INTO `SkillSet` (`id`) VALUES ('1321');
INSERT INTO `SkillSet_skills` (`SkillSet_id`, `skills`) VALUES ('1321', 'UnitTesting');
INSERT INTO `SkillSet_skills` (`SkillSet_id`, `skills`) VALUES ('1321', 'SQL');
INSERT INTO `SkillSet_skills` (`SkillSet_id`, `skills`) VALUES ('1321', 'Gradle');
INSERT INTO `Hero` (`id`, `firstName`, `lastName`, `role`, `skillSet_id`) VALUES ('1321', 'Upauz', 'Klytish', 'LeadEngineer', '1321');
INSERT INTO `SkillSet` (`id`) VALUES ('1322');
INSERT INTO `SkillSet_skills` (`SkillSet_id`, `skills`) VALUES ('1322', 'Architektur');
INSERT INTO `SkillSet_skills` (`SkillSet_id`, `skills`) VALUES ('1322', 'Gradle');
INSERT INTO `SkillSet_skills` (`SkillSet_id`, `skills`) VALUES ('1322', 'Gradle');
INSERT INTO `Hero` (`id`, `firstName`, `lastName`, `role`, `skillSet_id`) VALUES ('1322', 'Klaupaus', 'Coobaus', 'JuniorSoftwareEngineer', '1322');
INSERT INTO `SkillSet` (`id`) VALUES ('1323');
INSERT INTO `SkillSet_skills` (`SkillSet_id`, `skills`) VALUES ('1323', 'UnitTesting');
INSERT INTO `SkillSet_skills` (`SkillSet_id`, `skills`) VALUES ('1323', 'Gradle');
INSERT INTO `SkillSet_skills` (`SkillSet_id`, `skills`) VALUES ('1323', 'dotNet');
INSERT INTO `Hero` (`id`, `firstName`, `lastName`, `role`, `skillSet_id`) VALUES ('1323', 'Oom', 'Shjint', 'SeniorSoftwareEngineer', '1323');
INSERT INTO `SkillSet` (`id`) VALUES ('1324');
INSERT INTO `SkillSet_skills` (`SkillSet_id`, `skills`) VALUES ('1324', 'UnitTesting');
INSERT INTO `SkillSet_skills` (`SkillSet_id`, `skills`) VALUES ('1324', 'dotNet');
INSERT INTO `SkillSet_skills` (`SkillSet_id`, `skills`) VALUES ('1324', 'UnitTesting');
INSERT INTO `Hero` (`id`, `firstName`, `lastName`, `role`, `skillSet_id`) VALUES ('1324', 'Og', 'Xjpf', 'LeadEngineer', '1324');
INSERT INTO `SkillSet` (`id`) VALUES ('1325');
INSERT INTO `SkillSet_skills` (`SkillSet_id`, `skills`) VALUES ('1325', 'SQL');
INSERT INTO `SkillSet_skills` (`SkillSet_id`, `skills`) VALUES ('1325', 'Ant');
INSERT INTO `SkillSet_skills` (`SkillSet_id`, `skills`) VALUES ('1325', 'Architektur');
INSERT INTO `SkillSet_skills` (`SkillSet_id`, `skills`) VALUES ('1325', 'Ant');
INSERT INTO `Hero` (`id`, `firstName`, `lastName`, `role`, `skillSet_id`) VALUES ('1325', 'Enn', 'Untuw', 'PrincipalConsultant', '1325');
INSERT INTO `SkillSet` (`id`) VALUES ('1326');
INSERT INTO `SkillSet_skills` (`SkillSet_id`, `skills`) VALUES ('1326', 'dotNet');
INSERT INTO `SkillSet_skills` (`SkillSet_id`, `skills`) VALUES ('1326', 'UnitTesting');
INSERT INTO `SkillSet_skills` (`SkillSet_id`, `skills`) VALUES ('1326', 'dotNet');
INSERT INTO `SkillSet_skills` (`SkillSet_id`, `skills`) VALUES ('1326', 'Architektur');
INSERT INTO `Hero` (`id`, `firstName`, `lastName`, `role`, `skillSet_id`) VALUES ('1326', 'Ysh', 'Shjithep', 'PrincipalConsultant', '1326');
INSERT INTO `SkillSet` (`id`) VALUES ('1327');
INSERT INTO `SkillSet_skills` (`SkillSet_id`, `skills`) VALUES ('1327', 'Maven');
INSERT INTO `Hero` (`id`, `firstName`, `lastName`, `role`, `skillSet_id`) VALUES ('1327', 'Foughauh', 'Glothoss', 'PrincipalConsultant', '1327');
INSERT INTO `SkillSet` (`id`) VALUES ('1328');
INSERT INTO `SkillSet_skills` (`SkillSet_id`, `skills`) VALUES ('1328', 'UnitTesting');
INSERT INTO `SkillSet_skills` (`SkillSet_id`, `skills`) VALUES ('1328', 'dotNet');
INSERT INTO `SkillSet_skills` (`SkillSet_id`, `skills`) VALUES ('1328', 'UnitTesting');
INSERT INTO `Hero` (`id`, `firstName`, `lastName`, `role`, `skillSet_id`) VALUES ('1328', 'Steichez', 'Taunig', 'SoftwareEngineer', '1328');
INSERT INTO `SkillSet` (`id`) VALUES ('1329');
INSERT INTO `SkillSet_skills` (`SkillSet_id`, `skills`) VALUES ('1329', 'dotNet');
INSERT INTO `SkillSet_skills` (`SkillSet_id`, `skills`) VALUES ('1329', 'UITesting');
INSERT INTO `SkillSet_skills` (`SkillSet_id`, `skills`) VALUES ('1329', 'Maven');
INSERT INTO `SkillSet_skills` (`SkillSet_id`, `skills`) VALUES ('1329', 'Maven');
INSERT INTO `Hero` (`id`, `firstName`, `lastName`, `role`, `skillSet_id`) VALUES ('1329', 'Leig', 'Lewid', 'JuniorSoftwareEngineer', '1329');
INSERT INTO `SkillSet` (`id`) VALUES ('1330');
INSERT INTO `SkillSet_skills` (`SkillSet_id`, `skills`) VALUES ('1330', 'Maven');
INSERT INTO `SkillSet_skills` (`SkillSet_id`, `skills`) VALUES ('1330', 'dotNet');
INSERT INTO `SkillSet_skills` (`SkillSet_id`, `skills`) VALUES ('1330', 'SQL');
INSERT INTO `Hero` (`id`, `firstName`, `lastName`, `role`, `skillSet_id`) VALUES ('1330', 'Broiss', 'Augaug', 'SeniorSoftwareEngineer', '1330');
INSERT INTO `SkillSet` (`id`) VALUES ('1331');
INSERT INTO `SkillSet_skills` (`SkillSet_id`, `skills`) VALUES ('1331', 'UITesting');
INSERT INTO `SkillSet_skills` (`SkillSet_id`, `skills`) VALUES ('1331', 'UnitTesting');
INSERT INTO `SkillSet_skills` (`SkillSet_id`, `skills`) VALUES ('1331', 'UnitTesting');
INSERT INTO `SkillSet_skills` (`SkillSet_id`, `skills`) VALUES ('1331', 'Java');
INSERT INTO `Hero` (`id`, `firstName`, `lastName`, `role`, `skillSet_id`) VALUES ('1331', 'Doikoum', 'Upfaih', 'LeadSoftwareArchitect', '1331');
INSERT INTO `SkillSet` (`id`) VALUES ('1332');
INSERT INTO `SkillSet_skills` (`SkillSet_id`, `skills`) VALUES ('1332', 'Ant');
INSERT INTO `SkillSet_skills` (`SkillSet_id`, `skills`) VALUES ('1332', 'SQL');
INSERT INTO `SkillSet_skills` (`SkillSet_id`, `skills`) VALUES ('1332', 'UnitTesting');
INSERT INTO `SkillSet_skills` (`SkillSet_id`, `skills`) VALUES ('1332', 'UITesting');
INSERT INTO `Hero` (`id`, `firstName`, `lastName`, `role`, `skillSet_id`) VALUES ('1332', 'Unt', 'Aih', 'JuniorSoftwareEngineer', '1332');
INSERT INTO `SkillSet` (`id`) VALUES ('1333');
INSERT INTO `SkillSet_skills` (`SkillSet_id`, `skills`) VALUES ('1333', 'UITesting');
INSERT INTO `SkillSet_skills` (`SkillSet_id`, `skills`) VALUES ('1333', 'Maven');
INSERT INTO `Hero` (`id`, `firstName`, `lastName`, `role`, `skillSet_id`) VALUES ('1333', 'It', 'Aitif', 'LeadEngineer', '1333');
INSERT INTO `SkillSet` (`id`) VALUES ('1334');
INSERT INTO `SkillSet_skills` (`SkillSet_id`, `skills`) VALUES ('1334', 'UnitTesting');
INSERT INTO `SkillSet_skills` (`SkillSet_id`, `skills`) VALUES ('1334', 'dotNet');
INSERT INTO `SkillSet_skills` (`SkillSet_id`, `skills`) VALUES ('1334', 'Java');
INSERT INTO `SkillSet_skills` (`SkillSet_id`, `skills`) VALUES ('1334', 'dotNet');
INSERT INTO `SkillSet_skills` (`SkillSet_id`, `skills`) VALUES ('1334', 'Architektur');
INSERT INTO `Hero` (`id`, `firstName`, `lastName`, `role`, `skillSet_id`) VALUES ('1334', 'Zyd', 'Ass', 'SoftwareEngineer', '1334');
INSERT INTO `SkillSet` (`id`) VALUES ('1335');
INSERT INTO `SkillSet_skills` (`SkillSet_id`, `skills`) VALUES ('1335', 'Maven');
INSERT INTO `SkillSet_skills` (`SkillSet_id`, `skills`) VALUES ('1335', 'UITesting');
INSERT INTO `SkillSet_skills` (`SkillSet_id`, `skills`) VALUES ('1335', 'Java');
INSERT INTO `SkillSet_skills` (`SkillSet_id`, `skills`) VALUES ('1335', 'dotNet');
INSERT INTO `SkillSet_skills` (`SkillSet_id`, `skills`) VALUES ('1335', 'Ant');
INSERT INTO `Hero` (`id`, `firstName`, `lastName`, `role`, `skillSet_id`) VALUES ('1335', 'Oogh', 'Shap', 'LeadSoftwareArchitect', '1335');
INSERT INTO `SkillSet` (`id`) VALUES ('1336');
INSERT INTO `SkillSet_skills` (`SkillSet_id`, `skills`) VALUES ('1336', 'SQL');
INSERT INTO `SkillSet_skills` (`SkillSet_id`, `skills`) VALUES ('1336', 'Maven');
INSERT INTO `Hero` (`id`, `firstName`, `lastName`, `role`, `skillSet_id`) VALUES ('1336', 'Zjshist', 'Oont', 'JuniorSoftwareEngineer', '1336');
INSERT INTO `SkillSet` (`id`) VALUES ('1337');
INSERT INTO `SkillSet_skills` (`SkillSet_id`, `skills`) VALUES ('1337', 'Gradle');
INSERT INTO `SkillSet_skills` (`SkillSet_id`, `skills`) VALUES ('1337', 'Gradle');
INSERT INTO `SkillSet_skills` (`SkillSet_id`, `skills`) VALUES ('1337', 'Gradle');
INSERT INTO `Hero` (`id`, `firstName`, `lastName`, `role`, `skillSet_id`) VALUES ('1337', 'Ennjit', 'Av', 'PrincipalConsultant', '1337');
INSERT INTO `SkillSet` (`id`) VALUES ('1338');
INSERT INTO `SkillSet_skills` (`SkillSet_id`, `skills`) VALUES ('1338', 'Maven');
INSERT INTO `SkillSet_skills` (`SkillSet_id`, `skills`) VALUES ('1338', 'SQL');
INSERT INTO `Hero` (`id`, `firstName`, `lastName`, `role`, `skillSet_id`) VALUES ('1338', 'Ysich', 'Oussjik', 'LeadEngineer', '1338');
INSERT INTO `SkillSet` (`id`) VALUES ('1339');
INSERT INTO `SkillSet_skills` (`SkillSet_id`, `skills`) VALUES ('1339', 'Gradle');
INSERT INTO `SkillSet_skills` (`SkillSet_id`, `skills`) VALUES ('1339', 'Maven');
INSERT INTO `SkillSet_skills` (`SkillSet_id`, `skills`) VALUES ('1339', 'Ant');
INSERT INTO `SkillSet_skills` (`SkillSet_id`, `skills`) VALUES ('1339', 'Maven');
INSERT INTO `Hero` (`id`, `firstName`, `lastName`, `role`, `skillSet_id`) VALUES ('1339', 'Stjilaush', 'Eiseib', 'SoftwareEngineer', '1339');
INSERT INTO `SkillSet` (`id`) VALUES ('1340');
INSERT INTO `SkillSet_skills` (`SkillSet_id`, `skills`) VALUES ('1340', 'Java');
INSERT INTO `SkillSet_skills` (`SkillSet_id`, `skills`) VALUES ('1340', 'SQL');
INSERT INTO `Hero` (`id`, `firstName`, `lastName`, `role`, `skillSet_id`) VALUES ('1340', 'Fjist', 'Praurash', 'PrincipalConsultant', '1340');
INSERT INTO `SkillSet` (`id`) VALUES ('1341');
INSERT INTO `SkillSet_skills` (`SkillSet_id`, `skills`) VALUES ('1341', 'dotNet');
INSERT INTO `SkillSet_skills` (`SkillSet_id`, `skills`) VALUES ('1341', 'SQL');
INSERT INTO `SkillSet_skills` (`SkillSet_id`, `skills`) VALUES ('1341', 'UITesting');
INSERT INTO `Hero` (`id`, `firstName`, `lastName`, `role`, `skillSet_id`) VALUES ('1341', 'Jid', 'Et', 'PrincipalConsultant', '1341');
INSERT INTO `SkillSet` (`id`) VALUES ('1342');
INSERT INTO `SkillSet_skills` (`SkillSet_id`, `skills`) VALUES ('1342', 'UnitTesting');
INSERT INTO `Hero` (`id`, `firstName`, `lastName`, `role`, `skillSet_id`) VALUES ('1342', 'Glomeik', 'Shauger', 'PrincipalConsultant', '1342');
INSERT INTO `SkillSet` (`id`) VALUES ('1343');
INSERT INTO `SkillSet_skills` (`SkillSet_id`, `skills`) VALUES ('1343', 'UnitTesting');
INSERT INTO `SkillSet_skills` (`SkillSet_id`, `skills`) VALUES ('1343', 'UITesting');
INSERT INTO `Hero` (`id`, `firstName`, `lastName`, `role`, `skillSet_id`) VALUES ('1343', 'Jchoopf', 'Meih', 'SeniorSoftwareEngineer', '1343');
INSERT INTO `SkillSet` (`id`) VALUES ('1344');
INSERT INTO `SkillSet_skills` (`SkillSet_id`, `skills`) VALUES ('1344', 'UITesting');
INSERT INTO `SkillSet_skills` (`SkillSet_id`, `skills`) VALUES ('1344', 'dotNet');
INSERT INTO `SkillSet_skills` (`SkillSet_id`, `skills`) VALUES ('1344', 'UITesting');
INSERT INTO `SkillSet_skills` (`SkillSet_id`, `skills`) VALUES ('1344', 'Gradle');
INSERT INTO `SkillSet_skills` (`SkillSet_id`, `skills`) VALUES ('1344', 'Maven');
INSERT INTO `Hero` (`id`, `firstName`, `lastName`, `role`, `skillSet_id`) VALUES ('1344', 'Stoos', 'Jiseg', 'SoftwareEngineer', '1344');
INSERT INTO `SkillSet` (`id`) VALUES ('1345');
INSERT INTO `SkillSet_skills` (`SkillSet_id`, `skills`) VALUES ('1345', 'Maven');
INSERT INTO `SkillSet_skills` (`SkillSet_id`, `skills`) VALUES ('1345', 'UITesting');
INSERT INTO `Hero` (`id`, `firstName`, `lastName`, `role`, `skillSet_id`) VALUES ('1345', 'Thyth', 'Aichoor', 'LeadEngineer', '1345');
INSERT INTO `SkillSet` (`id`) VALUES ('1346');
INSERT INTO `SkillSet_skills` (`SkillSet_id`, `skills`) VALUES ('1346', 'UITesting');
INSERT INTO `SkillSet_skills` (`SkillSet_id`, `skills`) VALUES ('1346', 'dotNet');
INSERT INTO `SkillSet_skills` (`SkillSet_id`, `skills`) VALUES ('1346', 'Java');
INSERT INTO `SkillSet_skills` (`SkillSet_id`, `skills`) VALUES ('1346', 'dotNet');
INSERT INTO `Hero` (`id`, `firstName`, `lastName`, `role`, `skillSet_id`) VALUES ('1346', 'Shaifok', 'Tubaul', 'LeadSoftwareArchitect', '1346');
INSERT INTO `SkillSet` (`id`) VALUES ('1347');
INSERT INTO `SkillSet_skills` (`SkillSet_id`, `skills`) VALUES ('1347', 'Maven');
INSERT INTO `SkillSet_skills` (`SkillSet_id`, `skills`) VALUES ('1347', 'UITesting');
INSERT INTO `Hero` (`id`, `firstName`, `lastName`, `role`, `skillSet_id`) VALUES ('1347', 'Oonool', 'Hjif', 'SoftwareEngineer', '1347');
INSERT INTO `SkillSet` (`id`) VALUES ('1348');
INSERT INTO `SkillSet_skills` (`SkillSet_id`, `skills`) VALUES ('1348', 'dotNet');
INSERT INTO `SkillSet_skills` (`SkillSet_id`, `skills`) VALUES ('1348', 'SQL');
INSERT INTO `SkillSet_skills` (`SkillSet_id`, `skills`) VALUES ('1348', 'UnitTesting');
INSERT INTO `SkillSet_skills` (`SkillSet_id`, `skills`) VALUES ('1348', 'Maven');
INSERT INTO `SkillSet_skills` (`SkillSet_id`, `skills`) VALUES ('1348', 'UITesting');
INSERT INTO `Hero` (`id`, `firstName`, `lastName`, `role`, `skillSet_id`) VALUES ('1348', 'Yk', 'Feipash', 'SoftwareEngineer', '1348');
INSERT INTO `SkillSet` (`id`) VALUES ('1349');
INSERT INTO `SkillSet_skills` (`SkillSet_id`, `skills`) VALUES ('1349', 'UnitTesting');
INSERT INTO `SkillSet_skills` (`SkillSet_id`, `skills`) VALUES ('1349', 'Maven');
INSERT INTO `Hero` (`id`, `firstName`, `lastName`, `role`, `skillSet_id`) VALUES ('1349', 'Kjsh', 'Jv', 'PrincipalConsultant', '1349');
INSERT INTO `SkillSet` (`id`) VALUES ('1350');
INSERT INTO `SkillSet_skills` (`SkillSet_id`, `skills`) VALUES ('1350', 'SQL');
INSERT INTO `SkillSet_skills` (`SkillSet_id`, `skills`) VALUES ('1350', 'Ant');
INSERT INTO `SkillSet_skills` (`SkillSet_id`, `skills`) VALUES ('1350', 'Java');
INSERT INTO `SkillSet_skills` (`SkillSet_id`, `skills`) VALUES ('1350', 'Architektur');
INSERT INTO `Hero` (`id`, `firstName`, `lastName`, `role`, `skillSet_id`) VALUES ('1350', 'Jint', 'Ljl', 'SeniorSoftwareEngineer', '1350');
INSERT INTO `SkillSet` (`id`) VALUES ('1351');
INSERT INTO `SkillSet_skills` (`SkillSet_id`, `skills`) VALUES ('1351', 'Gradle');
INSERT INTO `Hero` (`id`, `firstName`, `lastName`, `role`, `skillSet_id`) VALUES ('1351', 'Klef', 'Ykoitt', 'LeadEngineer', '1351');
INSERT INTO `SkillSet` (`id`) VALUES ('1352');
INSERT INTO `SkillSet_skills` (`SkillSet_id`, `skills`) VALUES ('1352', 'Java');
INSERT INTO `SkillSet_skills` (`SkillSet_id`, `skills`) VALUES ('1352', 'UnitTesting');
INSERT INTO `SkillSet_skills` (`SkillSet_id`, `skills`) VALUES ('1352', 'Ant');
INSERT INTO `Hero` (`id`, `firstName`, `lastName`, `role`, `skillSet_id`) VALUES ('1352', 'Goochov', 'Outaz', 'JuniorSoftwareEngineer', '1352');
INSERT INTO `SkillSet` (`id`) VALUES ('1353');
INSERT INTO `SkillSet_skills` (`SkillSet_id`, `skills`) VALUES ('1353', 'UITesting');
INSERT INTO `SkillSet_skills` (`SkillSet_id`, `skills`) VALUES ('1353', 'Maven');
INSERT INTO `Hero` (`id`, `firstName`, `lastName`, `role`, `skillSet_id`) VALUES ('1353', 'Chyghoonn', 'Isob', 'SoftwareEngineer', '1353');
INSERT INTO `SkillSet` (`id`) VALUES ('1354');
INSERT INTO `SkillSet_skills` (`SkillSet_id`, `skills`) VALUES ('1354', 'dotNet');
INSERT INTO `Hero` (`id`, `firstName`, `lastName`, `role`, `skillSet_id`) VALUES ('1354', 'Blauv', 'Gifjg', 'LeadEngineer', '1354');
INSERT INTO `SkillSet` (`id`) VALUES ('1355');
INSERT INTO `SkillSet_skills` (`SkillSet_id`, `skills`) VALUES ('1355', 'dotNet');
INSERT INTO `SkillSet_skills` (`SkillSet_id`, `skills`) VALUES ('1355', 'Ant');
INSERT INTO `Hero` (`id`, `firstName`, `lastName`, `role`, `skillSet_id`) VALUES ('1355', 'Grulol', 'Jiw', 'SoftwareEngineer', '1355');
INSERT INTO `SkillSet` (`id`) VALUES ('1356');
INSERT INTO `SkillSet_skills` (`SkillSet_id`, `skills`) VALUES ('1356', 'UITesting');
INSERT INTO `SkillSet_skills` (`SkillSet_id`, `skills`) VALUES ('1356', 'Java');
INSERT INTO `SkillSet_skills` (`SkillSet_id`, `skills`) VALUES ('1356', 'dotNet');
INSERT INTO `Hero` (`id`, `firstName`, `lastName`, `role`, `skillSet_id`) VALUES ('1356', 'Tjifoch', 'At', 'JuniorSoftwareEngineer', '1356');
INSERT INTO `SkillSet` (`id`) VALUES ('1357');
INSERT INTO `SkillSet_skills` (`SkillSet_id`, `skills`) VALUES ('1357', 'Maven');
INSERT INTO `SkillSet_skills` (`SkillSet_id`, `skills`) VALUES ('1357', 'Ant');
INSERT INTO `SkillSet_skills` (`SkillSet_id`, `skills`) VALUES ('1357', 'Architektur');
INSERT INTO `SkillSet_skills` (`SkillSet_id`, `skills`) VALUES ('1357', 'SQL');
INSERT INTO `Hero` (`id`, `firstName`, `lastName`, `role`, `skillSet_id`) VALUES ('1357', 'Blag', 'Prih', 'SeniorSoftwareEngineer', '1357');
INSERT INTO `SkillSet` (`id`) VALUES ('1358');
INSERT INTO `SkillSet_skills` (`SkillSet_id`, `skills`) VALUES ('1358', 'UITesting');
INSERT INTO `SkillSet_skills` (`SkillSet_id`, `skills`) VALUES ('1358', 'UnitTesting');
INSERT INTO `SkillSet_skills` (`SkillSet_id`, `skills`) VALUES ('1358', 'dotNet');
INSERT INTO `SkillSet_skills` (`SkillSet_id`, `skills`) VALUES ('1358', 'Maven');
INSERT INTO `Hero` (`id`, `firstName`, `lastName`, `role`, `skillSet_id`) VALUES ('1358', 'Oigh', 'Rus', 'SoftwareEngineer', '1358');
INSERT INTO `SkillSet` (`id`) VALUES ('1359');
INSERT INTO `SkillSet_skills` (`SkillSet_id`, `skills`) VALUES ('1359', 'Architektur');
INSERT INTO `SkillSet_skills` (`SkillSet_id`, `skills`) VALUES ('1359', 'Java');
INSERT INTO `SkillSet_skills` (`SkillSet_id`, `skills`) VALUES ('1359', 'Gradle');
INSERT INTO `SkillSet_skills` (`SkillSet_id`, `skills`) VALUES ('1359', 'UITesting');
INSERT INTO `Hero` (`id`, `firstName`, `lastName`, `role`, `skillSet_id`) VALUES ('1359', 'Oovaish', 'Flaudaid', 'LeadEngineer', '1359');
INSERT INTO `SkillSet` (`id`) VALUES ('1360');
INSERT INTO `SkillSet_skills` (`SkillSet_id`, `skills`) VALUES ('1360', 'Gradle');
INSERT INTO `SkillSet_skills` (`SkillSet_id`, `skills`) VALUES ('1360', 'Gradle');
INSERT INTO `SkillSet_skills` (`SkillSet_id`, `skills`) VALUES ('1360', 'dotNet');
INSERT INTO `SkillSet_skills` (`SkillSet_id`, `skills`) VALUES ('1360', 'Gradle');
INSERT INTO `Hero` (`id`, `firstName`, `lastName`, `role`, `skillSet_id`) VALUES ('1360', 'Vjligh', 'Glef', 'SeniorSoftwareEngineer', '1360');
INSERT INTO `SkillSet` (`id`) VALUES ('1361');
INSERT INTO `SkillSet_skills` (`SkillSet_id`, `skills`) VALUES ('1361', 'Ant');
INSERT INTO `SkillSet_skills` (`SkillSet_id`, `skills`) VALUES ('1361', 'Java');
INSERT INTO `Hero` (`id`, `firstName`, `lastName`, `role`, `skillSet_id`) VALUES ('1361', 'Honjb', 'Blid', 'SoftwareEngineer', '1361');
INSERT INTO `SkillSet` (`id`) VALUES ('1362');
INSERT INTO `SkillSet_skills` (`SkillSet_id`, `skills`) VALUES ('1362', 'UnitTesting');
INSERT INTO `SkillSet_skills` (`SkillSet_id`, `skills`) VALUES ('1362', 'dotNet');
INSERT INTO `SkillSet_skills` (`SkillSet_id`, `skills`) VALUES ('1362', 'UnitTesting');
INSERT INTO `Hero` (`id`, `firstName`, `lastName`, `role`, `skillSet_id`) VALUES ('1362', 'Einn', 'Hooshoow', 'LeadEngineer', '1362');
INSERT INTO `SkillSet` (`id`) VALUES ('1363');
INSERT INTO `SkillSet_skills` (`SkillSet_id`, `skills`) VALUES ('1363', 'Gradle');
INSERT INTO `SkillSet_skills` (`SkillSet_id`, `skills`) VALUES ('1363', 'Ant');
INSERT INTO `SkillSet_skills` (`SkillSet_id`, `skills`) VALUES ('1363', 'Maven');
INSERT INTO `Hero` (`id`, `firstName`, `lastName`, `role`, `skillSet_id`) VALUES ('1363', 'Shithjst', 'Vichaugh', 'LeadEngineer', '1363');
INSERT INTO `SkillSet` (`id`) VALUES ('1364');
INSERT INTO `SkillSet_skills` (`SkillSet_id`, `skills`) VALUES ('1364', 'Gradle');
INSERT INTO `SkillSet_skills` (`SkillSet_id`, `skills`) VALUES ('1364', 'UITesting');
INSERT INTO `SkillSet_skills` (`SkillSet_id`, `skills`) VALUES ('1364', 'Gradle');
INSERT INTO `SkillSet_skills` (`SkillSet_id`, `skills`) VALUES ('1364', 'SQL');
INSERT INTO `SkillSet_skills` (`SkillSet_id`, `skills`) VALUES ('1364', 'Gradle');
INSERT INTO `Hero` (`id`, `firstName`, `lastName`, `role`, `skillSet_id`) VALUES ('1364', 'Aittoz', 'Airek', 'LeadSoftwareArchitect', '1364');
INSERT INTO `SkillSet` (`id`) VALUES ('1365');
INSERT INTO `SkillSet_skills` (`SkillSet_id`, `skills`) VALUES ('1365', 'Java');
INSERT INTO `SkillSet_skills` (`SkillSet_id`, `skills`) VALUES ('1365', 'SQL');
INSERT INTO `SkillSet_skills` (`SkillSet_id`, `skills`) VALUES ('1365', 'Java');
INSERT INTO `SkillSet_skills` (`SkillSet_id`, `skills`) VALUES ('1365', 'Ant');
INSERT INTO `SkillSet_skills` (`SkillSet_id`, `skills`) VALUES ('1365', 'Maven');
INSERT INTO `Hero` (`id`, `firstName`, `lastName`, `role`, `skillSet_id`) VALUES ('1365', 'Doikuw', 'Styth', 'SoftwareEngineer', '1365');
INSERT INTO `SkillSet` (`id`) VALUES ('1366');
INSERT INTO `SkillSet_skills` (`SkillSet_id`, `skills`) VALUES ('1366', 'UITesting');
INSERT INTO `SkillSet_skills` (`SkillSet_id`, `skills`) VALUES ('1366', 'dotNet');
INSERT INTO `SkillSet_skills` (`SkillSet_id`, `skills`) VALUES ('1366', 'Java');
INSERT INTO `Hero` (`id`, `firstName`, `lastName`, `role`, `skillSet_id`) VALUES ('1366', 'Rjireik', 'Qaipf', 'SoftwareEngineer', '1366');
INSERT INTO `SkillSet` (`id`) VALUES ('1367');
INSERT INTO `SkillSet_skills` (`SkillSet_id`, `skills`) VALUES ('1367', 'Gradle');
INSERT INTO `SkillSet_skills` (`SkillSet_id`, `skills`) VALUES ('1367', 'Maven');
INSERT INTO `SkillSet_skills` (`SkillSet_id`, `skills`) VALUES ('1367', 'Maven');
INSERT INTO `SkillSet_skills` (`SkillSet_id`, `skills`) VALUES ('1367', 'Architektur');
INSERT INTO `SkillSet_skills` (`SkillSet_id`, `skills`) VALUES ('1367', 'UnitTesting');
INSERT INTO `Hero` (`id`, `firstName`, `lastName`, `role`, `skillSet_id`) VALUES ('1367', 'Auroiss', 'Cjissjgh', 'SeniorSoftwareEngineer', '1367');
INSERT INTO `SkillSet` (`id`) VALUES ('1368');
INSERT INTO `SkillSet_skills` (`SkillSet_id`, `skills`) VALUES ('1368', 'Architektur');
INSERT INTO `SkillSet_skills` (`SkillSet_id`, `skills`) VALUES ('1368', 'Gradle');
INSERT INTO `SkillSet_skills` (`SkillSet_id`, `skills`) VALUES ('1368', 'SQL');
INSERT INTO `SkillSet_skills` (`SkillSet_id`, `skills`) VALUES ('1368', 'dotNet');
INSERT INTO `SkillSet_skills` (`SkillSet_id`, `skills`) VALUES ('1368', 'SQL');
INSERT INTO `Hero` (`id`, `firstName`, `lastName`, `role`, `skillSet_id`) VALUES ('1368', 'Blouril', 'Ass', 'PrincipalConsultant', '1368');
INSERT INTO `SkillSet` (`id`) VALUES ('1369');
INSERT INTO `SkillSet_skills` (`SkillSet_id`, `skills`) VALUES ('1369', 'SQL');
INSERT INTO `SkillSet_skills` (`SkillSet_id`, `skills`) VALUES ('1369', 'UITesting');
INSERT INTO `SkillSet_skills` (`SkillSet_id`, `skills`) VALUES ('1369', 'UnitTesting');
INSERT INTO `SkillSet_skills` (`SkillSet_id`, `skills`) VALUES ('1369', 'dotNet');
INSERT INTO `SkillSet_skills` (`SkillSet_id`, `skills`) VALUES ('1369', 'Gradle');
INSERT INTO `Hero` (`id`, `firstName`, `lastName`, `role`, `skillSet_id`) VALUES ('1369', 'Zooh', 'Us', 'SoftwareEngineer', '1369');
INSERT INTO `SkillSet` (`id`) VALUES ('1370');
INSERT INTO `SkillSet_skills` (`SkillSet_id`, `skills`) VALUES ('1370', 'UnitTesting');
INSERT INTO `SkillSet_skills` (`SkillSet_id`, `skills`) VALUES ('1370', 'UITesting');
INSERT INTO `SkillSet_skills` (`SkillSet_id`, `skills`) VALUES ('1370', 'UnitTesting');
INSERT INTO `Hero` (`id`, `firstName`, `lastName`, `role`, `skillSet_id`) VALUES ('1370', 'Sheinn', 'Jigiz', 'JuniorSoftwareEngineer', '1370');
INSERT INTO `SkillSet` (`id`) VALUES ('1371');
INSERT INTO `SkillSet_skills` (`SkillSet_id`, `skills`) VALUES ('1371', 'Gradle');
INSERT INTO `SkillSet_skills` (`SkillSet_id`, `skills`) VALUES ('1371', 'Gradle');
INSERT INTO `SkillSet_skills` (`SkillSet_id`, `skills`) VALUES ('1371', 'UITesting');
INSERT INTO `Hero` (`id`, `firstName`, `lastName`, `role`, `skillSet_id`) VALUES ('1371', 'Glontef', 'In', 'SoftwareEngineer', '1371');
INSERT INTO `SkillSet` (`id`) VALUES ('1372');
INSERT INTO `SkillSet_skills` (`SkillSet_id`, `skills`) VALUES ('1372', 'Ant');
INSERT INTO `SkillSet_skills` (`SkillSet_id`, `skills`) VALUES ('1372', 'Java');
INSERT INTO `SkillSet_skills` (`SkillSet_id`, `skills`) VALUES ('1372', 'Gradle');
INSERT INTO `Hero` (`id`, `firstName`, `lastName`, `role`, `skillSet_id`) VALUES ('1372', 'Ool', 'Dynt', 'LeadEngineer', '1372');
INSERT INTO `SkillSet` (`id`) VALUES ('1373');
INSERT INTO `SkillSet_skills` (`SkillSet_id`, `skills`) VALUES ('1373', 'Java');
INSERT INTO `SkillSet_skills` (`SkillSet_id`, `skills`) VALUES ('1373', 'dotNet');
INSERT INTO `SkillSet_skills` (`SkillSet_id`, `skills`) VALUES ('1373', 'dotNet');
INSERT INTO `SkillSet_skills` (`SkillSet_id`, `skills`) VALUES ('1373', 'Gradle');
INSERT INTO `Hero` (`id`, `firstName`, `lastName`, `role`, `skillSet_id`) VALUES ('1373', 'Estann', 'Us', 'LeadEngineer', '1373');
INSERT INTO `SkillSet` (`id`) VALUES ('1374');
INSERT INTO `SkillSet_skills` (`SkillSet_id`, `skills`) VALUES ('1374', 'Java');
INSERT INTO `SkillSet_skills` (`SkillSet_id`, `skills`) VALUES ('1374', 'Maven');
INSERT INTO `SkillSet_skills` (`SkillSet_id`, `skills`) VALUES ('1374', 'dotNet');
INSERT INTO `SkillSet_skills` (`SkillSet_id`, `skills`) VALUES ('1374', 'Java');
INSERT INTO `Hero` (`id`, `firstName`, `lastName`, `role`, `skillSet_id`) VALUES ('1374', 'Broibjist', 'Xoim', 'LeadSoftwareArchitect', '1374');
INSERT INTO `SkillSet` (`id`) VALUES ('1375');
INSERT INTO `SkillSet_skills` (`SkillSet_id`, `skills`) VALUES ('1375', 'Java');
INSERT INTO `SkillSet_skills` (`SkillSet_id`, `skills`) VALUES ('1375', 'Architektur');
INSERT INTO `Hero` (`id`, `firstName`, `lastName`, `role`, `skillSet_id`) VALUES ('1375', 'Ouwow', 'Njpoor', 'PrincipalConsultant', '1375');
INSERT INTO `SkillSet` (`id`) VALUES ('1376');
INSERT INTO `SkillSet_skills` (`SkillSet_id`, `skills`) VALUES ('1376', 'UITesting');
INSERT INTO `SkillSet_skills` (`SkillSet_id`, `skills`) VALUES ('1376', 'UITesting');
INSERT INTO `SkillSet_skills` (`SkillSet_id`, `skills`) VALUES ('1376', 'SQL');
INSERT INTO `SkillSet_skills` (`SkillSet_id`, `skills`) VALUES ('1376', 'UnitTesting');
INSERT INTO `Hero` (`id`, `firstName`, `lastName`, `role`, `skillSet_id`) VALUES ('1376', 'Shaiseiss', 'Sheipf', 'SoftwareEngineer', '1376');
INSERT INTO `SkillSet` (`id`) VALUES ('1377');
INSERT INTO `SkillSet_skills` (`SkillSet_id`, `skills`) VALUES ('1377', 'UITesting');
INSERT INTO `SkillSet_skills` (`SkillSet_id`, `skills`) VALUES ('1377', 'UITesting');
INSERT INTO `SkillSet_skills` (`SkillSet_id`, `skills`) VALUES ('1377', 'UITesting');
INSERT INTO `Hero` (`id`, `firstName`, `lastName`, `role`, `skillSet_id`) VALUES ('1377', 'Oz', 'Bljb', 'LeadEngineer', '1377');
INSERT INTO `SkillSet` (`id`) VALUES ('1378');
INSERT INTO `SkillSet_skills` (`SkillSet_id`, `skills`) VALUES ('1378', 'Java');
INSERT INTO `Hero` (`id`, `firstName`, `lastName`, `role`, `skillSet_id`) VALUES ('1378', 'Outtepf', 'Gaustjz', 'SeniorSoftwareEngineer', '1378');
INSERT INTO `SkillSet` (`id`) VALUES ('1379');
INSERT INTO `SkillSet_skills` (`SkillSet_id`, `skills`) VALUES ('1379', 'SQL');
INSERT INTO `Hero` (`id`, `firstName`, `lastName`, `role`, `skillSet_id`) VALUES ('1379', 'Oipfoh', 'Eitt', 'LeadEngineer', '1379');
INSERT INTO `SkillSet` (`id`) VALUES ('1380');
INSERT INTO `SkillSet_skills` (`SkillSet_id`, `skills`) VALUES ('1380', 'Java');
INSERT INTO `SkillSet_skills` (`SkillSet_id`, `skills`) VALUES ('1380', 'Maven');
INSERT INTO `SkillSet_skills` (`SkillSet_id`, `skills`) VALUES ('1380', 'Gradle');
INSERT INTO `SkillSet_skills` (`SkillSet_id`, `skills`) VALUES ('1380', 'Architektur');
INSERT INTO `Hero` (`id`, `firstName`, `lastName`, `role`, `skillSet_id`) VALUES ('1380', 'Coint', 'Aush', 'JuniorSoftwareEngineer', '1380');
INSERT INTO `SkillSet` (`id`) VALUES ('1381');
INSERT INTO `SkillSet_skills` (`SkillSet_id`, `skills`) VALUES ('1381', 'UnitTesting');
INSERT INTO `SkillSet_skills` (`SkillSet_id`, `skills`) VALUES ('1381', 'UnitTesting');
INSERT INTO `SkillSet_skills` (`SkillSet_id`, `skills`) VALUES ('1381', 'Gradle');
INSERT INTO `SkillSet_skills` (`SkillSet_id`, `skills`) VALUES ('1381', 'UnitTesting');
INSERT INTO `Hero` (`id`, `firstName`, `lastName`, `role`, `skillSet_id`) VALUES ('1381', 'Toch', 'Oonoush', 'LeadEngineer', '1381');
INSERT INTO `SkillSet` (`id`) VALUES ('1382');
INSERT INTO `SkillSet_skills` (`SkillSet_id`, `skills`) VALUES ('1382', 'UITesting');
INSERT INTO `SkillSet_skills` (`SkillSet_id`, `skills`) VALUES ('1382', 'UITesting');
INSERT INTO `SkillSet_skills` (`SkillSet_id`, `skills`) VALUES ('1382', 'UITesting');
INSERT INTO `Hero` (`id`, `firstName`, `lastName`, `role`, `skillSet_id`) VALUES ('1382', 'Oughoust', 'Ym', 'SeniorSoftwareEngineer', '1382');
INSERT INTO `SkillSet` (`id`) VALUES ('1383');
INSERT INTO `SkillSet_skills` (`SkillSet_id`, `skills`) VALUES ('1383', 'Gradle');
INSERT INTO `SkillSet_skills` (`SkillSet_id`, `skills`) VALUES ('1383', 'Maven');
INSERT INTO `SkillSet_skills` (`SkillSet_id`, `skills`) VALUES ('1383', 'UITesting');
INSERT INTO `SkillSet_skills` (`SkillSet_id`, `skills`) VALUES ('1383', 'Ant');
INSERT INTO `Hero` (`id`, `firstName`, `lastName`, `role`, `skillSet_id`) VALUES ('1383', 'Jbeist', 'Ontess', 'JuniorSoftwareEngineer', '1383');
INSERT INTO `SkillSet` (`id`) VALUES ('1384');
INSERT INTO `SkillSet_skills` (`SkillSet_id`, `skills`) VALUES ('1384', 'Java');
INSERT INTO `SkillSet_skills` (`SkillSet_id`, `skills`) VALUES ('1384', 'UITesting');
INSERT INTO `SkillSet_skills` (`SkillSet_id`, `skills`) VALUES ('1384', 'Java');
INSERT INTO `SkillSet_skills` (`SkillSet_id`, `skills`) VALUES ('1384', 'Architektur');
INSERT INTO `SkillSet_skills` (`SkillSet_id`, `skills`) VALUES ('1384', 'Gradle');
INSERT INTO `Hero` (`id`, `firstName`, `lastName`, `role`, `skillSet_id`) VALUES ('1384', 'Cileb', 'Egh', 'PrincipalConsultant', '1384');
INSERT INTO `SkillSet` (`id`) VALUES ('1385');
INSERT INTO `SkillSet_skills` (`SkillSet_id`, `skills`) VALUES ('1385', 'dotNet');
INSERT INTO `SkillSet_skills` (`SkillSet_id`, `skills`) VALUES ('1385', 'SQL');
INSERT INTO `Hero` (`id`, `firstName`, `lastName`, `role`, `skillSet_id`) VALUES ('1385', 'Wouk', 'Utoun', 'JuniorSoftwareEngineer', '1385');
INSERT INTO `SkillSet` (`id`) VALUES ('1386');
INSERT INTO `SkillSet_skills` (`SkillSet_id`, `skills`) VALUES ('1386', 'UnitTesting');
INSERT INTO `Hero` (`id`, `firstName`, `lastName`, `role`, `skillSet_id`) VALUES ('1386', 'Eigep', 'Kletann', 'LeadEngineer', '1386');
INSERT INTO `SkillSet` (`id`) VALUES ('1387');
INSERT INTO `SkillSet_skills` (`SkillSet_id`, `skills`) VALUES ('1387', 'Java');
INSERT INTO `Hero` (`id`, `firstName`, `lastName`, `role`, `skillSet_id`) VALUES ('1387', 'Aupf', 'Aimott', 'PrincipalConsultant', '1387');
INSERT INTO `SkillSet` (`id`) VALUES ('1388');
INSERT INTO `SkillSet_skills` (`SkillSet_id`, `skills`) VALUES ('1388', 'SQL');
INSERT INTO `Hero` (`id`, `firstName`, `lastName`, `role`, `skillSet_id`) VALUES ('1388', 'Jpf', 'Shjsh', 'PrincipalConsultant', '1388');
INSERT INTO `SkillSet` (`id`) VALUES ('1389');
INSERT INTO `SkillSet_skills` (`SkillSet_id`, `skills`) VALUES ('1389', 'UITesting');
INSERT INTO `SkillSet_skills` (`SkillSet_id`, `skills`) VALUES ('1389', 'SQL');
INSERT INTO `SkillSet_skills` (`SkillSet_id`, `skills`) VALUES ('1389', 'Maven');
INSERT INTO `Hero` (`id`, `firstName`, `lastName`, `role`, `skillSet_id`) VALUES ('1389', 'Glybaul', 'Ess', 'PrincipalConsultant', '1389');
INSERT INTO `SkillSet` (`id`) VALUES ('1390');
INSERT INTO `SkillSet_skills` (`SkillSet_id`, `skills`) VALUES ('1390', 'UITesting');
INSERT INTO `Hero` (`id`, `firstName`, `lastName`, `role`, `skillSet_id`) VALUES ('1390', 'Aimois', 'Egh', 'JuniorSoftwareEngineer', '1390');
INSERT INTO `SkillSet` (`id`) VALUES ('1391');
INSERT INTO `SkillSet_skills` (`SkillSet_id`, `skills`) VALUES ('1391', 'SQL');
INSERT INTO `SkillSet_skills` (`SkillSet_id`, `skills`) VALUES ('1391', 'Ant');
INSERT INTO `Hero` (`id`, `firstName`, `lastName`, `role`, `skillSet_id`) VALUES ('1391', 'Ivik', 'Vid', 'PrincipalConsultant', '1391');
INSERT INTO `SkillSet` (`id`) VALUES ('1392');
INSERT INTO `SkillSet_skills` (`SkillSet_id`, `skills`) VALUES ('1392', 'Java');
INSERT INTO `SkillSet_skills` (`SkillSet_id`, `skills`) VALUES ('1392', 'dotNet');
INSERT INTO `SkillSet_skills` (`SkillSet_id`, `skills`) VALUES ('1392', 'Ant');
INSERT INTO `SkillSet_skills` (`SkillSet_id`, `skills`) VALUES ('1392', 'dotNet');
INSERT INTO `SkillSet_skills` (`SkillSet_id`, `skills`) VALUES ('1392', 'Gradle');
INSERT INTO `Hero` (`id`, `firstName`, `lastName`, `role`, `skillSet_id`) VALUES ('1392', 'Braintaur', 'Hav', 'JuniorSoftwareEngineer', '1392');
INSERT INTO `SkillSet` (`id`) VALUES ('1393');
INSERT INTO `SkillSet_skills` (`SkillSet_id`, `skills`) VALUES ('1393', 'UnitTesting');
INSERT INTO `SkillSet_skills` (`SkillSet_id`, `skills`) VALUES ('1393', 'Ant');
INSERT INTO `SkillSet_skills` (`SkillSet_id`, `skills`) VALUES ('1393', 'Gradle');
INSERT INTO `SkillSet_skills` (`SkillSet_id`, `skills`) VALUES ('1393', 'Gradle');
INSERT INTO `Hero` (`id`, `firstName`, `lastName`, `role`, `skillSet_id`) VALUES ('1393', 'Choipf', 'Sheittjz', 'PrincipalConsultant', '1393');
INSERT INTO `SkillSet` (`id`) VALUES ('1394');
INSERT INTO `SkillSet_skills` (`SkillSet_id`, `skills`) VALUES ('1394', 'dotNet');
INSERT INTO `SkillSet_skills` (`SkillSet_id`, `skills`) VALUES ('1394', 'Java');
INSERT INTO `Hero` (`id`, `firstName`, `lastName`, `role`, `skillSet_id`) VALUES ('1394', 'Grooheid', 'Voomoit', 'LeadEngineer', '1394');
INSERT INTO `SkillSet` (`id`) VALUES ('1395');
INSERT INTO `SkillSet_skills` (`SkillSet_id`, `skills`) VALUES ('1395', 'UnitTesting');
INSERT INTO `SkillSet_skills` (`SkillSet_id`, `skills`) VALUES ('1395', 'Maven');
INSERT INTO `SkillSet_skills` (`SkillSet_id`, `skills`) VALUES ('1395', 'UITesting');
INSERT INTO `SkillSet_skills` (`SkillSet_id`, `skills`) VALUES ('1395', 'Architektur');
INSERT INTO `Hero` (`id`, `firstName`, `lastName`, `role`, `skillSet_id`) VALUES ('1395', 'Boovann', 'Vyt', 'JuniorSoftwareEngineer', '1395');
INSERT INTO `SkillSet` (`id`) VALUES ('1396');
INSERT INTO `SkillSet_skills` (`SkillSet_id`, `skills`) VALUES ('1396', 'UITesting');
INSERT INTO `Hero` (`id`, `firstName`, `lastName`, `role`, `skillSet_id`) VALUES ('1396', 'Oisop', 'Jdaut', 'SoftwareEngineer', '1396');
INSERT INTO `SkillSet` (`id`) VALUES ('1397');
INSERT INTO `SkillSet_skills` (`SkillSet_id`, `skills`) VALUES ('1397', 'dotNet');
INSERT INTO `SkillSet_skills` (`SkillSet_id`, `skills`) VALUES ('1397', 'Ant');
INSERT INTO `SkillSet_skills` (`SkillSet_id`, `skills`) VALUES ('1397', 'Gradle');
INSERT INTO `SkillSet_skills` (`SkillSet_id`, `skills`) VALUES ('1397', 'Architektur');
INSERT INTO `Hero` (`id`, `firstName`, `lastName`, `role`, `skillSet_id`) VALUES ('1397', 'Aintaint', 'Meighok', 'LeadSoftwareArchitect', '1397');
INSERT INTO `SkillSet` (`id`) VALUES ('1398');
INSERT INTO `SkillSet_skills` (`SkillSet_id`, `skills`) VALUES ('1398', 'dotNet');
INSERT INTO `SkillSet_skills` (`SkillSet_id`, `skills`) VALUES ('1398', 'UnitTesting');
INSERT INTO `SkillSet_skills` (`SkillSet_id`, `skills`) VALUES ('1398', 'SQL');
INSERT INTO `SkillSet_skills` (`SkillSet_id`, `skills`) VALUES ('1398', 'Gradle');
INSERT INTO `SkillSet_skills` (`SkillSet_id`, `skills`) VALUES ('1398', 'Architektur');
INSERT INTO `Hero` (`id`, `firstName`, `lastName`, `role`, `skillSet_id`) VALUES ('1398', 'Cjd', 'Soot', 'JuniorSoftwareEngineer', '1398');
INSERT INTO `SkillSet` (`id`) VALUES ('1399');
INSERT INTO `SkillSet_skills` (`SkillSet_id`, `skills`) VALUES ('1399', 'Java');
INSERT INTO `SkillSet_skills` (`SkillSet_id`, `skills`) VALUES ('1399', 'Architektur');
INSERT INTO `SkillSet_skills` (`SkillSet_id`, `skills`) VALUES ('1399', 'UITesting');
INSERT INTO `Hero` (`id`, `firstName`, `lastName`, `role`, `skillSet_id`) VALUES ('1399', 'Eif', 'Jir', 'LeadEngineer', '1399');
INSERT INTO `SkillSet` (`id`) VALUES ('1400');
INSERT INTO `SkillSet_skills` (`SkillSet_id`, `skills`) VALUES ('1400', 'Ant');
INSERT INTO `SkillSet_skills` (`SkillSet_id`, `skills`) VALUES ('1400', 'UnitTesting');
INSERT INTO `SkillSet_skills` (`SkillSet_id`, `skills`) VALUES ('1400', 'Ant');
INSERT INTO `Hero` (`id`, `firstName`, `lastName`, `role`, `skillSet_id`) VALUES ('1400', 'Ogyr', 'Weiv', 'LeadEngineer', '1400');
INSERT INTO `SkillSet` (`id`) VALUES ('1401');
INSERT INTO `SkillSet_skills` (`SkillSet_id`, `skills`) VALUES ('1401', 'SQL');
INSERT INTO `SkillSet_skills` (`SkillSet_id`, `skills`) VALUES ('1401', 'Ant');
INSERT INTO `Hero` (`id`, `firstName`, `lastName`, `role`, `skillSet_id`) VALUES ('1401', 'Rachouth', 'Ozjiz', 'JuniorSoftwareEngineer', '1401');
INSERT INTO `SkillSet` (`id`) VALUES ('1402');
INSERT INTO `SkillSet_skills` (`SkillSet_id`, `skills`) VALUES ('1402', 'Maven');
INSERT INTO `SkillSet_skills` (`SkillSet_id`, `skills`) VALUES ('1402', 'Ant');
INSERT INTO `SkillSet_skills` (`SkillSet_id`, `skills`) VALUES ('1402', 'Java');
INSERT INTO `Hero` (`id`, `firstName`, `lastName`, `role`, `skillSet_id`) VALUES ('1402', 'Djth', 'Aush', 'SeniorSoftwareEngineer', '1402');
INSERT INTO `SkillSet` (`id`) VALUES ('1403');
INSERT INTO `SkillSet_skills` (`SkillSet_id`, `skills`) VALUES ('1403', 'dotNet');
INSERT INTO `SkillSet_skills` (`SkillSet_id`, `skills`) VALUES ('1403', 'SQL');
INSERT INTO `SkillSet_skills` (`SkillSet_id`, `skills`) VALUES ('1403', 'SQL');
INSERT INTO `SkillSet_skills` (`SkillSet_id`, `skills`) VALUES ('1403', 'Java');
INSERT INTO `SkillSet_skills` (`SkillSet_id`, `skills`) VALUES ('1403', 'UITesting');
INSERT INTO `Hero` (`id`, `firstName`, `lastName`, `role`, `skillSet_id`) VALUES ('1403', 'Waipur', 'Uhov', 'JuniorSoftwareEngineer', '1403');
INSERT INTO `SkillSet` (`id`) VALUES ('1404');
INSERT INTO `SkillSet_skills` (`SkillSet_id`, `skills`) VALUES ('1404', 'Architektur');
INSERT INTO `SkillSet_skills` (`SkillSet_id`, `skills`) VALUES ('1404', 'Java');
INSERT INTO `SkillSet_skills` (`SkillSet_id`, `skills`) VALUES ('1404', 'Maven');
INSERT INTO `Hero` (`id`, `firstName`, `lastName`, `role`, `skillSet_id`) VALUES ('1404', 'Eintooth', 'Ussynt', 'SeniorSoftwareEngineer', '1404');
INSERT INTO `SkillSet` (`id`) VALUES ('1405');
INSERT INTO `SkillSet_skills` (`SkillSet_id`, `skills`) VALUES ('1405', 'SQL');
INSERT INTO `SkillSet_skills` (`SkillSet_id`, `skills`) VALUES ('1405', 'UnitTesting');
INSERT INTO `Hero` (`id`, `firstName`, `lastName`, `role`, `skillSet_id`) VALUES ('1405', 'Bir', 'Gyboup', 'JuniorSoftwareEngineer', '1405');
INSERT INTO `SkillSet` (`id`) VALUES ('1406');
INSERT INTO `SkillSet_skills` (`SkillSet_id`, `skills`) VALUES ('1406', 'Java');
INSERT INTO `SkillSet_skills` (`SkillSet_id`, `skills`) VALUES ('1406', 'dotNet');
INSERT INTO `SkillSet_skills` (`SkillSet_id`, `skills`) VALUES ('1406', 'UITesting');
INSERT INTO `Hero` (`id`, `firstName`, `lastName`, `role`, `skillSet_id`) VALUES ('1406', 'Klutjis', 'Thov', 'PrincipalConsultant', '1406');
INSERT INTO `SkillSet` (`id`) VALUES ('1407');
INSERT INTO `SkillSet_skills` (`SkillSet_id`, `skills`) VALUES ('1407', 'UITesting');
INSERT INTO `SkillSet_skills` (`SkillSet_id`, `skills`) VALUES ('1407', 'Gradle');
INSERT INTO `SkillSet_skills` (`SkillSet_id`, `skills`) VALUES ('1407', 'SQL');
INSERT INTO `SkillSet_skills` (`SkillSet_id`, `skills`) VALUES ('1407', 'Ant');
INSERT INTO `SkillSet_skills` (`SkillSet_id`, `skills`) VALUES ('1407', 'UITesting');
INSERT INTO `Hero` (`id`, `firstName`, `lastName`, `role`, `skillSet_id`) VALUES ('1407', 'Jigh', 'Jiron', 'LeadEngineer', '1407');
INSERT INTO `SkillSet` (`id`) VALUES ('1408');
INSERT INTO `SkillSet_skills` (`SkillSet_id`, `skills`) VALUES ('1408', 'SQL');
INSERT INTO `SkillSet_skills` (`SkillSet_id`, `skills`) VALUES ('1408', 'UITesting');
INSERT INTO `SkillSet_skills` (`SkillSet_id`, `skills`) VALUES ('1408', 'Java');
INSERT INTO `SkillSet_skills` (`SkillSet_id`, `skills`) VALUES ('1408', 'SQL');
INSERT INTO `SkillSet_skills` (`SkillSet_id`, `skills`) VALUES ('1408', 'dotNet');
INSERT INTO `Hero` (`id`, `firstName`, `lastName`, `role`, `skillSet_id`) VALUES ('1408', 'Jzjz', 'Xjp', 'LeadEngineer', '1408');
INSERT INTO `SkillSet` (`id`) VALUES ('1409');
INSERT INTO `SkillSet_skills` (`SkillSet_id`, `skills`) VALUES ('1409', 'UITesting');
INSERT INTO `SkillSet_skills` (`SkillSet_id`, `skills`) VALUES ('1409', 'Architektur');
INSERT INTO `SkillSet_skills` (`SkillSet_id`, `skills`) VALUES ('1409', 'Maven');
INSERT INTO `SkillSet_skills` (`SkillSet_id`, `skills`) VALUES ('1409', 'UITesting');
INSERT INTO `SkillSet_skills` (`SkillSet_id`, `skills`) VALUES ('1409', 'Maven');
INSERT INTO `Hero` (`id`, `firstName`, `lastName`, `role`, `skillSet_id`) VALUES ('1409', 'Pyr', 'Noupf', 'SoftwareEngineer', '1409');
INSERT INTO `SkillSet` (`id`) VALUES ('1410');
INSERT INTO `SkillSet_skills` (`SkillSet_id`, `skills`) VALUES ('1410', 'dotNet');
INSERT INTO `SkillSet_skills` (`SkillSet_id`, `skills`) VALUES ('1410', 'dotNet');
INSERT INTO `Hero` (`id`, `firstName`, `lastName`, `role`, `skillSet_id`) VALUES ('1410', 'Entein', 'Stim', 'SoftwareEngineer', '1410');
INSERT INTO `SkillSet` (`id`) VALUES ('1411');
INSERT INTO `SkillSet_skills` (`SkillSet_id`, `skills`) VALUES ('1411', 'UITesting');
INSERT INTO `Hero` (`id`, `firstName`, `lastName`, `role`, `skillSet_id`) VALUES ('1411', 'Shynnuh', 'Noizjin', 'PrincipalConsultant', '1411');
INSERT INTO `SkillSet` (`id`) VALUES ('1412');
INSERT INTO `SkillSet_skills` (`SkillSet_id`, `skills`) VALUES ('1412', 'UITesting');
INSERT INTO `SkillSet_skills` (`SkillSet_id`, `skills`) VALUES ('1412', 'Gradle');
INSERT INTO `Hero` (`id`, `firstName`, `lastName`, `role`, `skillSet_id`) VALUES ('1412', 'Egh', 'Ois', 'PrincipalConsultant', '1412');
INSERT INTO `SkillSet` (`id`) VALUES ('1413');
INSERT INTO `SkillSet_skills` (`SkillSet_id`, `skills`) VALUES ('1413', 'Architektur');
INSERT INTO `SkillSet_skills` (`SkillSet_id`, `skills`) VALUES ('1413', 'Ant');
INSERT INTO `SkillSet_skills` (`SkillSet_id`, `skills`) VALUES ('1413', 'UITesting');
INSERT INTO `SkillSet_skills` (`SkillSet_id`, `skills`) VALUES ('1413', 'UnitTesting');
INSERT INTO `SkillSet_skills` (`SkillSet_id`, `skills`) VALUES ('1413', 'UITesting');
INSERT INTO `Hero` (`id`, `firstName`, `lastName`, `role`, `skillSet_id`) VALUES ('1413', 'Kjthoip', 'Ifin', 'SoftwareEngineer', '1413');
INSERT INTO `SkillSet` (`id`) VALUES ('1414');
INSERT INTO `SkillSet_skills` (`SkillSet_id`, `skills`) VALUES ('1414', 'Ant');
INSERT INTO `SkillSet_skills` (`SkillSet_id`, `skills`) VALUES ('1414', 'UnitTesting');
INSERT INTO `Hero` (`id`, `firstName`, `lastName`, `role`, `skillSet_id`) VALUES ('1414', 'Chookil', 'Erjid', 'PrincipalConsultant', '1414');
INSERT INTO `SkillSet` (`id`) VALUES ('1415');
INSERT INTO `SkillSet_skills` (`SkillSet_id`, `skills`) VALUES ('1415', 'Ant');
INSERT INTO `SkillSet_skills` (`SkillSet_id`, `skills`) VALUES ('1415', 'dotNet');
INSERT INTO `SkillSet_skills` (`SkillSet_id`, `skills`) VALUES ('1415', 'Gradle');
INSERT INTO `SkillSet_skills` (`SkillSet_id`, `skills`) VALUES ('1415', 'UnitTesting');
INSERT INTO `Hero` (`id`, `firstName`, `lastName`, `role`, `skillSet_id`) VALUES ('1415', 'Stab', 'Shauth', 'JuniorSoftwareEngineer', '1415');
INSERT INTO `SkillSet` (`id`) VALUES ('1416');
INSERT INTO `SkillSet_skills` (`SkillSet_id`, `skills`) VALUES ('1416', 'Maven');
INSERT INTO `SkillSet_skills` (`SkillSet_id`, `skills`) VALUES ('1416', 'Ant');
INSERT INTO `Hero` (`id`, `firstName`, `lastName`, `role`, `skillSet_id`) VALUES ('1416', 'Aimam', 'Wost', 'SoftwareEngineer', '1416');
INSERT INTO `SkillSet` (`id`) VALUES ('1417');
INSERT INTO `SkillSet_skills` (`SkillSet_id`, `skills`) VALUES ('1417', 'Java');
INSERT INTO `SkillSet_skills` (`SkillSet_id`, `skills`) VALUES ('1417', 'SQL');
INSERT INTO `SkillSet_skills` (`SkillSet_id`, `skills`) VALUES ('1417', 'UITesting');
INSERT INTO `Hero` (`id`, `firstName`, `lastName`, `role`, `skillSet_id`) VALUES ('1417', 'Lukait', 'Groos', 'JuniorSoftwareEngineer', '1417');
INSERT INTO `SkillSet` (`id`) VALUES ('1418');
INSERT INTO `SkillSet_skills` (`SkillSet_id`, `skills`) VALUES ('1418', 'Maven');
INSERT INTO `SkillSet_skills` (`SkillSet_id`, `skills`) VALUES ('1418', 'Gradle');
INSERT INTO `SkillSet_skills` (`SkillSet_id`, `skills`) VALUES ('1418', 'Gradle');
INSERT INTO `SkillSet_skills` (`SkillSet_id`, `skills`) VALUES ('1418', 'Architektur');
INSERT INTO `SkillSet_skills` (`SkillSet_id`, `skills`) VALUES ('1418', 'Maven');
INSERT INTO `Hero` (`id`, `firstName`, `lastName`, `role`, `skillSet_id`) VALUES ('1418', 'Autjin', 'Autoon', 'PrincipalConsultant', '1418');
INSERT INTO `SkillSet` (`id`) VALUES ('1419');
INSERT INTO `SkillSet_skills` (`SkillSet_id`, `skills`) VALUES ('1419', 'Java');
INSERT INTO `SkillSet_skills` (`SkillSet_id`, `skills`) VALUES ('1419', 'UnitTesting');
INSERT INTO `SkillSet_skills` (`SkillSet_id`, `skills`) VALUES ('1419', 'Gradle');
INSERT INTO `Hero` (`id`, `firstName`, `lastName`, `role`, `skillSet_id`) VALUES ('1419', 'Brytjm', 'Yz', 'LeadSoftwareArchitect', '1419');
INSERT INTO `SkillSet` (`id`) VALUES ('1420');
INSERT INTO `SkillSet_skills` (`SkillSet_id`, `skills`) VALUES ('1420', 'Ant');
INSERT INTO `SkillSet_skills` (`SkillSet_id`, `skills`) VALUES ('1420', 'Architektur');
INSERT INTO `SkillSet_skills` (`SkillSet_id`, `skills`) VALUES ('1420', 'Maven');
INSERT INTO `SkillSet_skills` (`SkillSet_id`, `skills`) VALUES ('1420', 'Architektur');
INSERT INTO `Hero` (`id`, `firstName`, `lastName`, `role`, `skillSet_id`) VALUES ('1420', 'Griz', 'Eih', 'JuniorSoftwareEngineer', '1420');
INSERT INTO `SkillSet` (`id`) VALUES ('1421');
INSERT INTO `SkillSet_skills` (`SkillSet_id`, `skills`) VALUES ('1421', 'dotNet');
INSERT INTO `SkillSet_skills` (`SkillSet_id`, `skills`) VALUES ('1421', 'UITesting');
INSERT INTO `SkillSet_skills` (`SkillSet_id`, `skills`) VALUES ('1421', 'Ant');
INSERT INTO `Hero` (`id`, `firstName`, `lastName`, `role`, `skillSet_id`) VALUES ('1421', 'At', 'Kutt', 'SeniorSoftwareEngineer', '1421');
INSERT INTO `SkillSet` (`id`) VALUES ('1422');
INSERT INTO `SkillSet_skills` (`SkillSet_id`, `skills`) VALUES ('1422', 'Architektur');
INSERT INTO `SkillSet_skills` (`SkillSet_id`, `skills`) VALUES ('1422', 'Ant');
INSERT INTO `SkillSet_skills` (`SkillSet_id`, `skills`) VALUES ('1422', 'UnitTesting');
INSERT INTO `SkillSet_skills` (`SkillSet_id`, `skills`) VALUES ('1422', 'dotNet');
INSERT INTO `Hero` (`id`, `firstName`, `lastName`, `role`, `skillSet_id`) VALUES ('1422', 'Intiw', 'Ybaun', 'SeniorSoftwareEngineer', '1422');
INSERT INTO `SkillSet` (`id`) VALUES ('1423');
INSERT INTO `SkillSet_skills` (`SkillSet_id`, `skills`) VALUES ('1423', 'Java');
INSERT INTO `SkillSet_skills` (`SkillSet_id`, `skills`) VALUES ('1423', 'UnitTesting');
INSERT INTO `SkillSet_skills` (`SkillSet_id`, `skills`) VALUES ('1423', 'dotNet');
INSERT INTO `Hero` (`id`, `firstName`, `lastName`, `role`, `skillSet_id`) VALUES ('1423', 'Oudyh', 'Eint', 'JuniorSoftwareEngineer', '1423');
INSERT INTO `SkillSet` (`id`) VALUES ('1424');
INSERT INTO `SkillSet_skills` (`SkillSet_id`, `skills`) VALUES ('1424', 'UnitTesting');
INSERT INTO `SkillSet_skills` (`SkillSet_id`, `skills`) VALUES ('1424', 'Gradle');
INSERT INTO `Hero` (`id`, `firstName`, `lastName`, `role`, `skillSet_id`) VALUES ('1424', 'Auchoup', 'Listew', 'SoftwareEngineer', '1424');
INSERT INTO `SkillSet` (`id`) VALUES ('1425');
INSERT INTO `SkillSet_skills` (`SkillSet_id`, `skills`) VALUES ('1425', 'Ant');
INSERT INTO `SkillSet_skills` (`SkillSet_id`, `skills`) VALUES ('1425', 'Maven');
INSERT INTO `Hero` (`id`, `firstName`, `lastName`, `role`, `skillSet_id`) VALUES ('1425', 'Enaum', 'Gon', 'PrincipalConsultant', '1425');
INSERT INTO `SkillSet` (`id`) VALUES ('1426');
INSERT INTO `SkillSet_skills` (`SkillSet_id`, `skills`) VALUES ('1426', 'Java');
INSERT INTO `SkillSet_skills` (`SkillSet_id`, `skills`) VALUES ('1426', 'Maven');
INSERT INTO `SkillSet_skills` (`SkillSet_id`, `skills`) VALUES ('1426', 'SQL');
INSERT INTO `SkillSet_skills` (`SkillSet_id`, `skills`) VALUES ('1426', 'Ant');
INSERT INTO `SkillSet_skills` (`SkillSet_id`, `skills`) VALUES ('1426', 'dotNet');
INSERT INTO `Hero` (`id`, `firstName`, `lastName`, `role`, `skillSet_id`) VALUES ('1426', 'Otass', 'Oikal', 'JuniorSoftwareEngineer', '1426');
INSERT INTO `SkillSet` (`id`) VALUES ('1427');
INSERT INTO `SkillSet_skills` (`SkillSet_id`, `skills`) VALUES ('1427', 'dotNet');
INSERT INTO `SkillSet_skills` (`SkillSet_id`, `skills`) VALUES ('1427', 'Architektur');
INSERT INTO `Hero` (`id`, `firstName`, `lastName`, `role`, `skillSet_id`) VALUES ('1427', 'Aichych', 'Kjf', 'JuniorSoftwareEngineer', '1427');
INSERT INTO `SkillSet` (`id`) VALUES ('1428');
INSERT INTO `SkillSet_skills` (`SkillSet_id`, `skills`) VALUES ('1428', 'Ant');
INSERT INTO `SkillSet_skills` (`SkillSet_id`, `skills`) VALUES ('1428', 'Maven');
INSERT INTO `Hero` (`id`, `firstName`, `lastName`, `role`, `skillSet_id`) VALUES ('1428', 'Aup', 'Shaustjith', 'LeadEngineer', '1428');
INSERT INTO `SkillSet` (`id`) VALUES ('1429');
INSERT INTO `SkillSet_skills` (`SkillSet_id`, `skills`) VALUES ('1429', 'UnitTesting');
INSERT INTO `SkillSet_skills` (`SkillSet_id`, `skills`) VALUES ('1429', 'UITesting');
INSERT INTO `SkillSet_skills` (`SkillSet_id`, `skills`) VALUES ('1429', 'dotNet');
INSERT INTO `SkillSet_skills` (`SkillSet_id`, `skills`) VALUES ('1429', 'dotNet');
INSERT INTO `Hero` (`id`, `firstName`, `lastName`, `role`, `skillSet_id`) VALUES ('1429', 'Viwjih', 'Beinneit', 'SoftwareEngineer', '1429');
INSERT INTO `SkillSet` (`id`) VALUES ('1430');
INSERT INTO `SkillSet_skills` (`SkillSet_id`, `skills`) VALUES ('1430', 'Maven');
INSERT INTO `SkillSet_skills` (`SkillSet_id`, `skills`) VALUES ('1430', 'dotNet');
INSERT INTO `SkillSet_skills` (`SkillSet_id`, `skills`) VALUES ('1430', 'dotNet');
INSERT INTO `SkillSet_skills` (`SkillSet_id`, `skills`) VALUES ('1430', 'Architektur');
INSERT INTO `Hero` (`id`, `firstName`, `lastName`, `role`, `skillSet_id`) VALUES ('1430', 'Klom', 'Int', 'LeadEngineer', '1430');
INSERT INTO `SkillSet` (`id`) VALUES ('1431');
INSERT INTO `SkillSet_skills` (`SkillSet_id`, `skills`) VALUES ('1431', 'SQL');
INSERT INTO `SkillSet_skills` (`SkillSet_id`, `skills`) VALUES ('1431', 'dotNet');
INSERT INTO `SkillSet_skills` (`SkillSet_id`, `skills`) VALUES ('1431', 'UITesting');
INSERT INTO `SkillSet_skills` (`SkillSet_id`, `skills`) VALUES ('1431', 'UITesting');
INSERT INTO `Hero` (`id`, `firstName`, `lastName`, `role`, `skillSet_id`) VALUES ('1431', 'Ljn', 'Vedap', 'JuniorSoftwareEngineer', '1431');
INSERT INTO `SkillSet` (`id`) VALUES ('1432');
INSERT INTO `SkillSet_skills` (`SkillSet_id`, `skills`) VALUES ('1432', 'Architektur');
INSERT INTO `SkillSet_skills` (`SkillSet_id`, `skills`) VALUES ('1432', 'Ant');
INSERT INTO `SkillSet_skills` (`SkillSet_id`, `skills`) VALUES ('1432', 'Maven');
INSERT INTO `SkillSet_skills` (`SkillSet_id`, `skills`) VALUES ('1432', 'Maven');
INSERT INTO `Hero` (`id`, `firstName`, `lastName`, `role`, `skillSet_id`) VALUES ('1432', 'Jibir', 'Auwaint', 'PrincipalConsultant', '1432');
INSERT INTO `SkillSet` (`id`) VALUES ('1433');
INSERT INTO `SkillSet_skills` (`SkillSet_id`, `skills`) VALUES ('1433', 'UITesting');
INSERT INTO `SkillSet_skills` (`SkillSet_id`, `skills`) VALUES ('1433', 'dotNet');
INSERT INTO `SkillSet_skills` (`SkillSet_id`, `skills`) VALUES ('1433', 'Ant');
INSERT INTO `SkillSet_skills` (`SkillSet_id`, `skills`) VALUES ('1433', 'Gradle');
INSERT INTO `Hero` (`id`, `firstName`, `lastName`, `role`, `skillSet_id`) VALUES ('1433', 'Ech', 'Bret', 'SeniorSoftwareEngineer', '1433');
INSERT INTO `SkillSet` (`id`) VALUES ('1434');
INSERT INTO `SkillSet_skills` (`SkillSet_id`, `skills`) VALUES ('1434', 'Architektur');
INSERT INTO `Hero` (`id`, `firstName`, `lastName`, `role`, `skillSet_id`) VALUES ('1434', 'Last', 'Tig', 'PrincipalConsultant', '1434');
INSERT INTO `SkillSet` (`id`) VALUES ('1435');
INSERT INTO `SkillSet_skills` (`SkillSet_id`, `skills`) VALUES ('1435', 'SQL');
INSERT INTO `SkillSet_skills` (`SkillSet_id`, `skills`) VALUES ('1435', 'UITesting');
INSERT INTO `SkillSet_skills` (`SkillSet_id`, `skills`) VALUES ('1435', 'Maven');
INSERT INTO `Hero` (`id`, `firstName`, `lastName`, `role`, `skillSet_id`) VALUES ('1435', 'Lanoih', 'Thoust', 'PrincipalConsultant', '1435');
INSERT INTO `SkillSet` (`id`) VALUES ('1436');
INSERT INTO `SkillSet_skills` (`SkillSet_id`, `skills`) VALUES ('1436', 'Gradle');
INSERT INTO `SkillSet_skills` (`SkillSet_id`, `skills`) VALUES ('1436', 'UnitTesting');
INSERT INTO `SkillSet_skills` (`SkillSet_id`, `skills`) VALUES ('1436', 'Architektur');
INSERT INTO `Hero` (`id`, `firstName`, `lastName`, `role`, `skillSet_id`) VALUES ('1436', 'Tairuss', 'Eipf', 'SoftwareEngineer', '1436');
INSERT INTO `SkillSet` (`id`) VALUES ('1437');
INSERT INTO `SkillSet_skills` (`SkillSet_id`, `skills`) VALUES ('1437', 'Maven');
INSERT INTO `SkillSet_skills` (`SkillSet_id`, `skills`) VALUES ('1437', 'Maven');
INSERT INTO `SkillSet_skills` (`SkillSet_id`, `skills`) VALUES ('1437', 'dotNet');
INSERT INTO `SkillSet_skills` (`SkillSet_id`, `skills`) VALUES ('1437', 'Ant');
INSERT INTO `Hero` (`id`, `firstName`, `lastName`, `role`, `skillSet_id`) VALUES ('1437', 'Aittoutt', 'Ap', 'PrincipalConsultant', '1437');
INSERT INTO `SkillSet` (`id`) VALUES ('1438');
INSERT INTO `SkillSet_skills` (`SkillSet_id`, `skills`) VALUES ('1438', 'Gradle');
INSERT INTO `SkillSet_skills` (`SkillSet_id`, `skills`) VALUES ('1438', 'UITesting');
INSERT INTO `SkillSet_skills` (`SkillSet_id`, `skills`) VALUES ('1438', 'dotNet');
INSERT INTO `SkillSet_skills` (`SkillSet_id`, `skills`) VALUES ('1438', 'Ant');
INSERT INTO `Hero` (`id`, `firstName`, `lastName`, `role`, `skillSet_id`) VALUES ('1438', 'Hjpfonn', 'Oustypf', 'SoftwareEngineer', '1438');
INSERT INTO `SkillSet` (`id`) VALUES ('1439');
INSERT INTO `SkillSet_skills` (`SkillSet_id`, `skills`) VALUES ('1439', 'Gradle');
INSERT INTO `SkillSet_skills` (`SkillSet_id`, `skills`) VALUES ('1439', 'Gradle');
INSERT INTO `SkillSet_skills` (`SkillSet_id`, `skills`) VALUES ('1439', 'UITesting');
INSERT INTO `SkillSet_skills` (`SkillSet_id`, `skills`) VALUES ('1439', 'Architektur');
INSERT INTO `Hero` (`id`, `firstName`, `lastName`, `role`, `skillSet_id`) VALUES ('1439', 'Kljizoil', 'Oofym', 'LeadEngineer', '1439');
INSERT INTO `SkillSet` (`id`) VALUES ('1440');
INSERT INTO `SkillSet_skills` (`SkillSet_id`, `skills`) VALUES ('1440', 'Maven');
INSERT INTO `SkillSet_skills` (`SkillSet_id`, `skills`) VALUES ('1440', 'UnitTesting');
INSERT INTO `SkillSet_skills` (`SkillSet_id`, `skills`) VALUES ('1440', 'dotNet');
INSERT INTO `SkillSet_skills` (`SkillSet_id`, `skills`) VALUES ('1440', 'dotNet');
INSERT INTO `SkillSet_skills` (`SkillSet_id`, `skills`) VALUES ('1440', 'Ant');
INSERT INTO `Hero` (`id`, `firstName`, `lastName`, `role`, `skillSet_id`) VALUES ('1440', 'Qout', 'Ifost', 'SeniorSoftwareEngineer', '1440');
INSERT INTO `SkillSet` (`id`) VALUES ('1441');
INSERT INTO `SkillSet_skills` (`SkillSet_id`, `skills`) VALUES ('1441', 'Java');
INSERT INTO `SkillSet_skills` (`SkillSet_id`, `skills`) VALUES ('1441', 'UITesting');
INSERT INTO `SkillSet_skills` (`SkillSet_id`, `skills`) VALUES ('1441', 'Maven');
INSERT INTO `SkillSet_skills` (`SkillSet_id`, `skills`) VALUES ('1441', 'UITesting');
INSERT INTO `Hero` (`id`, `firstName`, `lastName`, `role`, `skillSet_id`) VALUES ('1441', 'Agh', 'Njib', 'SoftwareEngineer', '1441');
INSERT INTO `SkillSet` (`id`) VALUES ('1442');
INSERT INTO `SkillSet_skills` (`SkillSet_id`, `skills`) VALUES ('1442', 'Gradle');
INSERT INTO `SkillSet_skills` (`SkillSet_id`, `skills`) VALUES ('1442', 'Ant');
INSERT INTO `SkillSet_skills` (`SkillSet_id`, `skills`) VALUES ('1442', 'Ant');
INSERT INTO `SkillSet_skills` (`SkillSet_id`, `skills`) VALUES ('1442', 'SQL');
INSERT INTO `SkillSet_skills` (`SkillSet_id`, `skills`) VALUES ('1442', 'UnitTesting');
INSERT INTO `Hero` (`id`, `firstName`, `lastName`, `role`, `skillSet_id`) VALUES ('1442', 'Eitt', 'Ryd', 'PrincipalConsultant', '1442');
INSERT INTO `SkillSet` (`id`) VALUES ('1443');
INSERT INTO `SkillSet_skills` (`SkillSet_id`, `skills`) VALUES ('1443', 'UITesting');
INSERT INTO `Hero` (`id`, `firstName`, `lastName`, `role`, `skillSet_id`) VALUES ('1443', 'Auz', 'Graih', 'JuniorSoftwareEngineer', '1443');
INSERT INTO `SkillSet` (`id`) VALUES ('1444');
INSERT INTO `SkillSet_skills` (`SkillSet_id`, `skills`) VALUES ('1444', 'SQL');
INSERT INTO `SkillSet_skills` (`SkillSet_id`, `skills`) VALUES ('1444', 'Architektur');
INSERT INTO `Hero` (`id`, `firstName`, `lastName`, `role`, `skillSet_id`) VALUES ('1444', 'Ois', 'Noih', 'SoftwareEngineer', '1444');
INSERT INTO `SkillSet` (`id`) VALUES ('1445');
INSERT INTO `SkillSet_skills` (`SkillSet_id`, `skills`) VALUES ('1445', 'Java');
INSERT INTO `SkillSet_skills` (`SkillSet_id`, `skills`) VALUES ('1445', 'SQL');
INSERT INTO `SkillSet_skills` (`SkillSet_id`, `skills`) VALUES ('1445', 'Java');
INSERT INTO `SkillSet_skills` (`SkillSet_id`, `skills`) VALUES ('1445', 'UnitTesting');
INSERT INTO `Hero` (`id`, `firstName`, `lastName`, `role`, `skillSet_id`) VALUES ('1445', 'Shaufyn', 'Jilygh', 'SeniorSoftwareEngineer', '1445');
INSERT INTO `SkillSet` (`id`) VALUES ('1446');
INSERT INTO `SkillSet_skills` (`SkillSet_id`, `skills`) VALUES ('1446', 'Gradle');
INSERT INTO `Hero` (`id`, `firstName`, `lastName`, `role`, `skillSet_id`) VALUES ('1446', 'Thyb', 'Ontauth', 'JuniorSoftwareEngineer', '1446');
INSERT INTO `SkillSet` (`id`) VALUES ('1447');
INSERT INTO `SkillSet_skills` (`SkillSet_id`, `skills`) VALUES ('1447', 'Architektur');
INSERT INTO `SkillSet_skills` (`SkillSet_id`, `skills`) VALUES ('1447', 'Maven');
INSERT INTO `SkillSet_skills` (`SkillSet_id`, `skills`) VALUES ('1447', 'Gradle');
INSERT INTO `SkillSet_skills` (`SkillSet_id`, `skills`) VALUES ('1447', 'Architektur');
INSERT INTO `SkillSet_skills` (`SkillSet_id`, `skills`) VALUES ('1447', 'Java');
INSERT INTO `Hero` (`id`, `firstName`, `lastName`, `role`, `skillSet_id`) VALUES ('1447', 'Apf', 'Dihjip', 'PrincipalConsultant', '1447');
INSERT INTO `SkillSet` (`id`) VALUES ('1448');
INSERT INTO `SkillSet_skills` (`SkillSet_id`, `skills`) VALUES ('1448', 'UnitTesting');
INSERT INTO `SkillSet_skills` (`SkillSet_id`, `skills`) VALUES ('1448', 'Java');
INSERT INTO `SkillSet_skills` (`SkillSet_id`, `skills`) VALUES ('1448', 'Maven');
INSERT INTO `SkillSet_skills` (`SkillSet_id`, `skills`) VALUES ('1448', 'Gradle');
INSERT INTO `SkillSet_skills` (`SkillSet_id`, `skills`) VALUES ('1448', 'UnitTesting');
INSERT INTO `Hero` (`id`, `firstName`, `lastName`, `role`, `skillSet_id`) VALUES ('1448', 'Ainast', 'Fob', 'PrincipalConsultant', '1448');
INSERT INTO `SkillSet` (`id`) VALUES ('1449');
INSERT INTO `SkillSet_skills` (`SkillSet_id`, `skills`) VALUES ('1449', 'UnitTesting');
INSERT INTO `SkillSet_skills` (`SkillSet_id`, `skills`) VALUES ('1449', 'Maven');
INSERT INTO `SkillSet_skills` (`SkillSet_id`, `skills`) VALUES ('1449', 'Java');
INSERT INTO `Hero` (`id`, `firstName`, `lastName`, `role`, `skillSet_id`) VALUES ('1449', 'Gljith', 'Jghoupf', 'SoftwareEngineer', '1449');
INSERT INTO `SkillSet` (`id`) VALUES ('1450');
INSERT INTO `SkillSet_skills` (`SkillSet_id`, `skills`) VALUES ('1450', 'Java');
INSERT INTO `Hero` (`id`, `firstName`, `lastName`, `role`, `skillSet_id`) VALUES ('1450', 'Pinnob', 'Cjnunn', 'LeadSoftwareArchitect', '1450');
INSERT INTO `SkillSet` (`id`) VALUES ('1451');
INSERT INTO `SkillSet_skills` (`SkillSet_id`, `skills`) VALUES ('1451', 'dotNet');
INSERT INTO `Hero` (`id`, `firstName`, `lastName`, `role`, `skillSet_id`) VALUES ('1451', 'Agh', 'Taucheish', 'LeadSoftwareArchitect', '1451');
INSERT INTO `SkillSet` (`id`) VALUES ('1452');
INSERT INTO `SkillSet_skills` (`SkillSet_id`, `skills`) VALUES ('1452', 'Java');
INSERT INTO `SkillSet_skills` (`SkillSet_id`, `skills`) VALUES ('1452', 'Gradle');
INSERT INTO `SkillSet_skills` (`SkillSet_id`, `skills`) VALUES ('1452', 'Gradle');
INSERT INTO `SkillSet_skills` (`SkillSet_id`, `skills`) VALUES ('1452', 'SQL');
INSERT INTO `SkillSet_skills` (`SkillSet_id`, `skills`) VALUES ('1452', 'Architektur');
INSERT INTO `Hero` (`id`, `firstName`, `lastName`, `role`, `skillSet_id`) VALUES ('1452', 'Oil', 'Klous', 'SoftwareEngineer', '1452');
INSERT INTO `SkillSet` (`id`) VALUES ('1453');
INSERT INTO `SkillSet_skills` (`SkillSet_id`, `skills`) VALUES ('1453', 'Ant');
INSERT INTO `Hero` (`id`, `firstName`, `lastName`, `role`, `skillSet_id`) VALUES ('1453', 'Om', 'Flatt', 'LeadSoftwareArchitect', '1453');
INSERT INTO `SkillSet` (`id`) VALUES ('1454');
INSERT INTO `SkillSet_skills` (`SkillSet_id`, `skills`) VALUES ('1454', 'SQL');
INSERT INTO `SkillSet_skills` (`SkillSet_id`, `skills`) VALUES ('1454', 'Maven');
INSERT INTO `Hero` (`id`, `firstName`, `lastName`, `role`, `skillSet_id`) VALUES ('1454', 'Hulauh', 'Brjiss', 'SeniorSoftwareEngineer', '1454');
INSERT INTO `SkillSet` (`id`) VALUES ('1455');
INSERT INTO `SkillSet_skills` (`SkillSet_id`, `skills`) VALUES ('1455', 'SQL');
INSERT INTO `Hero` (`id`, `firstName`, `lastName`, `role`, `skillSet_id`) VALUES ('1455', 'Zethjih', 'Ysh', 'SeniorSoftwareEngineer', '1455');
INSERT INTO `SkillSet` (`id`) VALUES ('1456');
INSERT INTO `SkillSet_skills` (`SkillSet_id`, `skills`) VALUES ('1456', 'Ant');
INSERT INTO `Hero` (`id`, `firstName`, `lastName`, `role`, `skillSet_id`) VALUES ('1456', 'Oos', 'Puzood', 'SoftwareEngineer', '1456');
INSERT INTO `SkillSet` (`id`) VALUES ('1457');
INSERT INTO `SkillSet_skills` (`SkillSet_id`, `skills`) VALUES ('1457', 'Java');
INSERT INTO `SkillSet_skills` (`SkillSet_id`, `skills`) VALUES ('1457', 'Gradle');
INSERT INTO `SkillSet_skills` (`SkillSet_id`, `skills`) VALUES ('1457', 'Ant');
INSERT INTO `SkillSet_skills` (`SkillSet_id`, `skills`) VALUES ('1457', 'dotNet');
INSERT INTO `Hero` (`id`, `firstName`, `lastName`, `role`, `skillSet_id`) VALUES ('1457', 'Ough', 'Esh', 'LeadSoftwareArchitect', '1457');
INSERT INTO `SkillSet` (`id`) VALUES ('1458');
INSERT INTO `SkillSet_skills` (`SkillSet_id`, `skills`) VALUES ('1458', 'Architektur');
INSERT INTO `SkillSet_skills` (`SkillSet_id`, `skills`) VALUES ('1458', 'UITesting');
INSERT INTO `SkillSet_skills` (`SkillSet_id`, `skills`) VALUES ('1458', 'Maven');
INSERT INTO `SkillSet_skills` (`SkillSet_id`, `skills`) VALUES ('1458', 'Architektur');
INSERT INTO `Hero` (`id`, `firstName`, `lastName`, `role`, `skillSet_id`) VALUES ('1458', 'Apfoont', 'Douss', 'JuniorSoftwareEngineer', '1458');
INSERT INTO `SkillSet` (`id`) VALUES ('1459');
INSERT INTO `SkillSet_skills` (`SkillSet_id`, `skills`) VALUES ('1459', 'dotNet');
INSERT INTO `SkillSet_skills` (`SkillSet_id`, `skills`) VALUES ('1459', 'Maven');
INSERT INTO `Hero` (`id`, `firstName`, `lastName`, `role`, `skillSet_id`) VALUES ('1459', 'On', 'Ithauss', 'PrincipalConsultant', '1459');
INSERT INTO `SkillSet` (`id`) VALUES ('1460');
INSERT INTO `SkillSet_skills` (`SkillSet_id`, `skills`) VALUES ('1460', 'Architektur');
INSERT INTO `SkillSet_skills` (`SkillSet_id`, `skills`) VALUES ('1460', 'Ant');
INSERT INTO `Hero` (`id`, `firstName`, `lastName`, `role`, `skillSet_id`) VALUES ('1460', 'Tilouch', 'Kooth', 'PrincipalConsultant', '1460');
INSERT INTO `SkillSet` (`id`) VALUES ('1461');
INSERT INTO `SkillSet_skills` (`SkillSet_id`, `skills`) VALUES ('1461', 'UnitTesting');
INSERT INTO `SkillSet_skills` (`SkillSet_id`, `skills`) VALUES ('1461', 'SQL');
INSERT INTO `SkillSet_skills` (`SkillSet_id`, `skills`) VALUES ('1461', 'Gradle');
INSERT INTO `SkillSet_skills` (`SkillSet_id`, `skills`) VALUES ('1461', 'Ant');
INSERT INTO `Hero` (`id`, `firstName`, `lastName`, `role`, `skillSet_id`) VALUES ('1461', 'Oih', 'Eipfib', 'LeadSoftwareArchitect', '1461');
INSERT INTO `SkillSet` (`id`) VALUES ('1462');
INSERT INTO `SkillSet_skills` (`SkillSet_id`, `skills`) VALUES ('1462', 'SQL');
INSERT INTO `Hero` (`id`, `firstName`, `lastName`, `role`, `skillSet_id`) VALUES ('1462', 'Groisteik', 'Klouch', 'PrincipalConsultant', '1462');
INSERT INTO `SkillSet` (`id`) VALUES ('1463');
INSERT INTO `SkillSet_skills` (`SkillSet_id`, `skills`) VALUES ('1463', 'UITesting');
INSERT INTO `Hero` (`id`, `firstName`, `lastName`, `role`, `skillSet_id`) VALUES ('1463', 'Xyntjiv', 'Rowjn', 'LeadEngineer', '1463');
INSERT INTO `SkillSet` (`id`) VALUES ('1464');
INSERT INTO `SkillSet_skills` (`SkillSet_id`, `skills`) VALUES ('1464', 'UnitTesting');
INSERT INTO `SkillSet_skills` (`SkillSet_id`, `skills`) VALUES ('1464', 'Ant');
INSERT INTO `SkillSet_skills` (`SkillSet_id`, `skills`) VALUES ('1464', 'Maven');
INSERT INTO `SkillSet_skills` (`SkillSet_id`, `skills`) VALUES ('1464', 'UnitTesting');
INSERT INTO `Hero` (`id`, `firstName`, `lastName`, `role`, `skillSet_id`) VALUES ('1464', 'Oich', 'Esh', 'LeadEngineer', '1464');
INSERT INTO `SkillSet` (`id`) VALUES ('1465');
INSERT INTO `SkillSet_skills` (`SkillSet_id`, `skills`) VALUES ('1465', 'Java');
INSERT INTO `Hero` (`id`, `firstName`, `lastName`, `role`, `skillSet_id`) VALUES ('1465', 'Eivuss', 'Pugaub', 'LeadSoftwareArchitect', '1465');
INSERT INTO `SkillSet` (`id`) VALUES ('1466');
INSERT INTO `SkillSet_skills` (`SkillSet_id`, `skills`) VALUES ('1466', 'Maven');
INSERT INTO `SkillSet_skills` (`SkillSet_id`, `skills`) VALUES ('1466', 'SQL');
INSERT INTO `SkillSet_skills` (`SkillSet_id`, `skills`) VALUES ('1466', 'Gradle');
INSERT INTO `SkillSet_skills` (`SkillSet_id`, `skills`) VALUES ('1466', 'Java');
INSERT INTO `SkillSet_skills` (`SkillSet_id`, `skills`) VALUES ('1466', 'Java');
INSERT INTO `Hero` (`id`, `firstName`, `lastName`, `role`, `skillSet_id`) VALUES ('1466', 'Out', 'Taussipf', 'PrincipalConsultant', '1466');
INSERT INTO `SkillSet` (`id`) VALUES ('1467');
INSERT INTO `SkillSet_skills` (`SkillSet_id`, `skills`) VALUES ('1467', 'Gradle');
INSERT INTO `SkillSet_skills` (`SkillSet_id`, `skills`) VALUES ('1467', 'UITesting');
INSERT INTO `Hero` (`id`, `firstName`, `lastName`, `role`, `skillSet_id`) VALUES ('1467', 'Jg', 'Roipfiw', 'PrincipalConsultant', '1467');
INSERT INTO `SkillSet` (`id`) VALUES ('1468');
INSERT INTO `SkillSet_skills` (`SkillSet_id`, `skills`) VALUES ('1468', 'UITesting');
INSERT INTO `SkillSet_skills` (`SkillSet_id`, `skills`) VALUES ('1468', 'Ant');
INSERT INTO `SkillSet_skills` (`SkillSet_id`, `skills`) VALUES ('1468', 'Ant');
INSERT INTO `SkillSet_skills` (`SkillSet_id`, `skills`) VALUES ('1468', 'UITesting');
INSERT INTO `Hero` (`id`, `firstName`, `lastName`, `role`, `skillSet_id`) VALUES ('1468', 'Auz', 'Hunneiw', 'PrincipalConsultant', '1468');
INSERT INTO `SkillSet` (`id`) VALUES ('1469');
INSERT INTO `SkillSet_skills` (`SkillSet_id`, `skills`) VALUES ('1469', 'SQL');
INSERT INTO `SkillSet_skills` (`SkillSet_id`, `skills`) VALUES ('1469', 'Architektur');
INSERT INTO `SkillSet_skills` (`SkillSet_id`, `skills`) VALUES ('1469', 'UITesting');
INSERT INTO `Hero` (`id`, `firstName`, `lastName`, `role`, `skillSet_id`) VALUES ('1469', 'Aush', 'Wyreif', 'LeadSoftwareArchitect', '1469');
INSERT INTO `SkillSet` (`id`) VALUES ('1470');
INSERT INTO `SkillSet_skills` (`SkillSet_id`, `skills`) VALUES ('1470', 'Ant');
INSERT INTO `SkillSet_skills` (`SkillSet_id`, `skills`) VALUES ('1470', 'SQL');
INSERT INTO `SkillSet_skills` (`SkillSet_id`, `skills`) VALUES ('1470', 'Ant');
INSERT INTO `Hero` (`id`, `firstName`, `lastName`, `role`, `skillSet_id`) VALUES ('1470', 'Eint', 'Feihash', 'LeadEngineer', '1470');
INSERT INTO `SkillSet` (`id`) VALUES ('1471');
INSERT INTO `SkillSet_skills` (`SkillSet_id`, `skills`) VALUES ('1471', 'Gradle');
INSERT INTO `Hero` (`id`, `firstName`, `lastName`, `role`, `skillSet_id`) VALUES ('1471', 'Eir', 'Blouross', 'SeniorSoftwareEngineer', '1471');
INSERT INTO `SkillSet` (`id`) VALUES ('1472');
INSERT INTO `SkillSet_skills` (`SkillSet_id`, `skills`) VALUES ('1472', 'Gradle');
INSERT INTO `SkillSet_skills` (`SkillSet_id`, `skills`) VALUES ('1472', 'SQL');
INSERT INTO `SkillSet_skills` (`SkillSet_id`, `skills`) VALUES ('1472', 'Java');
INSERT INTO `SkillSet_skills` (`SkillSet_id`, `skills`) VALUES ('1472', 'Gradle');
INSERT INTO `Hero` (`id`, `firstName`, `lastName`, `role`, `skillSet_id`) VALUES ('1472', 'Taboist', 'Thoighoon', 'SeniorSoftwareEngineer', '1472');
INSERT INTO `SkillSet` (`id`) VALUES ('1473');
INSERT INTO `SkillSet_skills` (`SkillSet_id`, `skills`) VALUES ('1473', 'Ant');
INSERT INTO `Hero` (`id`, `firstName`, `lastName`, `role`, `skillSet_id`) VALUES ('1473', 'Ar', 'Thuchjif', 'LeadEngineer', '1473');
INSERT INTO `SkillSet` (`id`) VALUES ('1474');
INSERT INTO `SkillSet_skills` (`SkillSet_id`, `skills`) VALUES ('1474', 'Java');
INSERT INTO `SkillSet_skills` (`SkillSet_id`, `skills`) VALUES ('1474', 'Gradle');
INSERT INTO `SkillSet_skills` (`SkillSet_id`, `skills`) VALUES ('1474', 'UnitTesting');
INSERT INTO `SkillSet_skills` (`SkillSet_id`, `skills`) VALUES ('1474', 'dotNet');
INSERT INTO `SkillSet_skills` (`SkillSet_id`, `skills`) VALUES ('1474', 'UITesting');
INSERT INTO `Hero` (`id`, `firstName`, `lastName`, `role`, `skillSet_id`) VALUES ('1474', 'Otheiw', 'Vaupjin', 'PrincipalConsultant', '1474');
INSERT INTO `SkillSet` (`id`) VALUES ('1475');
INSERT INTO `SkillSet_skills` (`SkillSet_id`, `skills`) VALUES ('1475', 'Java');
INSERT INTO `SkillSet_skills` (`SkillSet_id`, `skills`) VALUES ('1475', 'Architektur');
INSERT INTO `SkillSet_skills` (`SkillSet_id`, `skills`) VALUES ('1475', 'Gradle');
INSERT INTO `SkillSet_skills` (`SkillSet_id`, `skills`) VALUES ('1475', 'UITesting');
INSERT INTO `Hero` (`id`, `firstName`, `lastName`, `role`, `skillSet_id`) VALUES ('1475', 'Ech', 'Et', 'LeadEngineer', '1475');
INSERT INTO `SkillSet` (`id`) VALUES ('1476');
INSERT INTO `SkillSet_skills` (`SkillSet_id`, `skills`) VALUES ('1476', 'Java');
INSERT INTO `Hero` (`id`, `firstName`, `lastName`, `role`, `skillSet_id`) VALUES ('1476', 'Yv', 'Auss', 'JuniorSoftwareEngineer', '1476');
INSERT INTO `SkillSet` (`id`) VALUES ('1477');
INSERT INTO `SkillSet_skills` (`SkillSet_id`, `skills`) VALUES ('1477', 'SQL');
INSERT INTO `SkillSet_skills` (`SkillSet_id`, `skills`) VALUES ('1477', 'Maven');
INSERT INTO `SkillSet_skills` (`SkillSet_id`, `skills`) VALUES ('1477', 'Architektur');
INSERT INTO `Hero` (`id`, `firstName`, `lastName`, `role`, `skillSet_id`) VALUES ('1477', 'Nuthoost', 'Yz', 'PrincipalConsultant', '1477');
INSERT INTO `SkillSet` (`id`) VALUES ('1478');
INSERT INTO `SkillSet_skills` (`SkillSet_id`, `skills`) VALUES ('1478', 'SQL');
INSERT INTO `SkillSet_skills` (`SkillSet_id`, `skills`) VALUES ('1478', 'UITesting');
INSERT INTO `Hero` (`id`, `firstName`, `lastName`, `role`, `skillSet_id`) VALUES ('1478', 'Rjiv', 'Broim', 'SeniorSoftwareEngineer', '1478');
INSERT INTO `SkillSet` (`id`) VALUES ('1479');
INSERT INTO `SkillSet_skills` (`SkillSet_id`, `skills`) VALUES ('1479', 'Architektur');
INSERT INTO `Hero` (`id`, `firstName`, `lastName`, `role`, `skillSet_id`) VALUES ('1479', 'Flooghib', 'Flaup', 'LeadSoftwareArchitect', '1479');
INSERT INTO `SkillSet` (`id`) VALUES ('1480');
INSERT INTO `SkillSet_skills` (`SkillSet_id`, `skills`) VALUES ('1480', 'Java');
INSERT INTO `SkillSet_skills` (`SkillSet_id`, `skills`) VALUES ('1480', 'UITesting');
INSERT INTO `SkillSet_skills` (`SkillSet_id`, `skills`) VALUES ('1480', 'Ant');
INSERT INTO `SkillSet_skills` (`SkillSet_id`, `skills`) VALUES ('1480', 'UnitTesting');
INSERT INTO `Hero` (`id`, `firstName`, `lastName`, `role`, `skillSet_id`) VALUES ('1480', 'Steissoih', 'Jchonn', 'LeadEngineer', '1480');
INSERT INTO `SkillSet` (`id`) VALUES ('1481');
INSERT INTO `SkillSet_skills` (`SkillSet_id`, `skills`) VALUES ('1481', 'SQL');
INSERT INTO `SkillSet_skills` (`SkillSet_id`, `skills`) VALUES ('1481', 'Java');
INSERT INTO `SkillSet_skills` (`SkillSet_id`, `skills`) VALUES ('1481', 'SQL');
INSERT INTO `SkillSet_skills` (`SkillSet_id`, `skills`) VALUES ('1481', 'UITesting');
INSERT INTO `Hero` (`id`, `firstName`, `lastName`, `role`, `skillSet_id`) VALUES ('1481', 'Gjich', 'Shjittogh', 'JuniorSoftwareEngineer', '1481');
INSERT INTO `SkillSet` (`id`) VALUES ('1482');
INSERT INTO `SkillSet_skills` (`SkillSet_id`, `skills`) VALUES ('1482', 'Maven');
INSERT INTO `Hero` (`id`, `firstName`, `lastName`, `role`, `skillSet_id`) VALUES ('1482', 'Moobjib', 'Shoivauth', 'SeniorSoftwareEngineer', '1482');
INSERT INTO `SkillSet` (`id`) VALUES ('1483');
INSERT INTO `SkillSet_skills` (`SkillSet_id`, `skills`) VALUES ('1483', 'Gradle');
INSERT INTO `Hero` (`id`, `firstName`, `lastName`, `role`, `skillSet_id`) VALUES ('1483', 'Shaipjis', 'Ooraunn', 'LeadEngineer', '1483');
INSERT INTO `SkillSet` (`id`) VALUES ('1484');
INSERT INTO `SkillSet_skills` (`SkillSet_id`, `skills`) VALUES ('1484', 'UnitTesting');
INSERT INTO `SkillSet_skills` (`SkillSet_id`, `skills`) VALUES ('1484', 'SQL');
INSERT INTO `SkillSet_skills` (`SkillSet_id`, `skills`) VALUES ('1484', 'Ant');
INSERT INTO `Hero` (`id`, `firstName`, `lastName`, `role`, `skillSet_id`) VALUES ('1484', 'Ew', 'Oon', 'JuniorSoftwareEngineer', '1484');
INSERT INTO `SkillSet` (`id`) VALUES ('1485');
INSERT INTO `SkillSet_skills` (`SkillSet_id`, `skills`) VALUES ('1485', 'Gradle');
INSERT INTO `SkillSet_skills` (`SkillSet_id`, `skills`) VALUES ('1485', 'dotNet');
INSERT INTO `Hero` (`id`, `firstName`, `lastName`, `role`, `skillSet_id`) VALUES ('1485', 'Naichoov', 'Zyfal', 'PrincipalConsultant', '1485');
INSERT INTO `SkillSet` (`id`) VALUES ('1486');
INSERT INTO `SkillSet_skills` (`SkillSet_id`, `skills`) VALUES ('1486', 'SQL');
INSERT INTO `Hero` (`id`, `firstName`, `lastName`, `role`, `skillSet_id`) VALUES ('1486', 'Browess', 'Zuthoiw', 'LeadSoftwareArchitect', '1486');
INSERT INTO `SkillSet` (`id`) VALUES ('1487');
INSERT INTO `SkillSet_skills` (`SkillSet_id`, `skills`) VALUES ('1487', 'Maven');
INSERT INTO `SkillSet_skills` (`SkillSet_id`, `skills`) VALUES ('1487', 'UITesting');
INSERT INTO `SkillSet_skills` (`SkillSet_id`, `skills`) VALUES ('1487', 'Ant');
INSERT INTO `Hero` (`id`, `firstName`, `lastName`, `role`, `skillSet_id`) VALUES ('1487', 'Blekjv', 'Graghuk', 'SoftwareEngineer', '1487');
INSERT INTO `SkillSet` (`id`) VALUES ('1488');
INSERT INTO `SkillSet_skills` (`SkillSet_id`, `skills`) VALUES ('1488', 'SQL');
INSERT INTO `SkillSet_skills` (`SkillSet_id`, `skills`) VALUES ('1488', 'UnitTesting');
INSERT INTO `SkillSet_skills` (`SkillSet_id`, `skills`) VALUES ('1488', 'Java');
INSERT INTO `Hero` (`id`, `firstName`, `lastName`, `role`, `skillSet_id`) VALUES ('1488', 'Unnepf', 'Chol', 'LeadSoftwareArchitect', '1488');
INSERT INTO `SkillSet` (`id`) VALUES ('1489');
INSERT INTO `SkillSet_skills` (`SkillSet_id`, `skills`) VALUES ('1489', 'Ant');
INSERT INTO `Hero` (`id`, `firstName`, `lastName`, `role`, `skillSet_id`) VALUES ('1489', 'Chuvouv', 'Raichoik', 'PrincipalConsultant', '1489');
INSERT INTO `SkillSet` (`id`) VALUES ('1490');
INSERT INTO `SkillSet_skills` (`SkillSet_id`, `skills`) VALUES ('1490', 'Ant');
INSERT INTO `SkillSet_skills` (`SkillSet_id`, `skills`) VALUES ('1490', 'UITesting');
INSERT INTO `Hero` (`id`, `firstName`, `lastName`, `role`, `skillSet_id`) VALUES ('1490', 'Pant', 'Shoig', 'LeadSoftwareArchitect', '1490');
INSERT INTO `SkillSet` (`id`) VALUES ('1491');
INSERT INTO `SkillSet_skills` (`SkillSet_id`, `skills`) VALUES ('1491', 'UITesting');
INSERT INTO `SkillSet_skills` (`SkillSet_id`, `skills`) VALUES ('1491', 'UITesting');
INSERT INTO `SkillSet_skills` (`SkillSet_id`, `skills`) VALUES ('1491', 'dotNet');
INSERT INTO `SkillSet_skills` (`SkillSet_id`, `skills`) VALUES ('1491', 'Gradle');
INSERT INTO `Hero` (`id`, `firstName`, `lastName`, `role`, `skillSet_id`) VALUES ('1491', 'Gant', 'Ithoish', 'SoftwareEngineer', '1491');
INSERT INTO `SkillSet` (`id`) VALUES ('1492');
INSERT INTO `SkillSet_skills` (`SkillSet_id`, `skills`) VALUES ('1492', 'Architektur');
INSERT INTO `SkillSet_skills` (`SkillSet_id`, `skills`) VALUES ('1492', 'UITesting');
INSERT INTO `Hero` (`id`, `firstName`, `lastName`, `role`, `skillSet_id`) VALUES ('1492', 'Flichess', 'Oogoih', 'PrincipalConsultant', '1492');
INSERT INTO `SkillSet` (`id`) VALUES ('1493');
INSERT INTO `SkillSet_skills` (`SkillSet_id`, `skills`) VALUES ('1493', 'SQL');
INSERT INTO `SkillSet_skills` (`SkillSet_id`, `skills`) VALUES ('1493', 'Ant');
INSERT INTO `SkillSet_skills` (`SkillSet_id`, `skills`) VALUES ('1493', 'dotNet');
INSERT INTO `SkillSet_skills` (`SkillSet_id`, `skills`) VALUES ('1493', 'UITesting');
INSERT INTO `Hero` (`id`, `firstName`, `lastName`, `role`, `skillSet_id`) VALUES ('1493', 'Oul', 'Thaik', 'SoftwareEngineer', '1493');
INSERT INTO `SkillSet` (`id`) VALUES ('1494');
INSERT INTO `SkillSet_skills` (`SkillSet_id`, `skills`) VALUES ('1494', 'dotNet');
INSERT INTO `SkillSet_skills` (`SkillSet_id`, `skills`) VALUES ('1494', 'Java');
INSERT INTO `Hero` (`id`, `firstName`, `lastName`, `role`, `skillSet_id`) VALUES ('1494', 'Faith', 'Jikaig', 'JuniorSoftwareEngineer', '1494');
INSERT INTO `SkillSet` (`id`) VALUES ('1495');
INSERT INTO `SkillSet_skills` (`SkillSet_id`, `skills`) VALUES ('1495', 'Gradle');
INSERT INTO `SkillSet_skills` (`SkillSet_id`, `skills`) VALUES ('1495', 'UnitTesting');
INSERT INTO `SkillSet_skills` (`SkillSet_id`, `skills`) VALUES ('1495', 'Architektur');
INSERT INTO `SkillSet_skills` (`SkillSet_id`, `skills`) VALUES ('1495', 'Maven');
INSERT INTO `SkillSet_skills` (`SkillSet_id`, `skills`) VALUES ('1495', 'Maven');
INSERT INTO `Hero` (`id`, `firstName`, `lastName`, `role`, `skillSet_id`) VALUES ('1495', 'Ik', 'Ughjich', 'LeadSoftwareArchitect', '1495');
INSERT INTO `SkillSet` (`id`) VALUES ('1496');
INSERT INTO `SkillSet_skills` (`SkillSet_id`, `skills`) VALUES ('1496', 'Gradle');
INSERT INTO `SkillSet_skills` (`SkillSet_id`, `skills`) VALUES ('1496', 'UnitTesting');
INSERT INTO `SkillSet_skills` (`SkillSet_id`, `skills`) VALUES ('1496', 'Ant');
INSERT INTO `SkillSet_skills` (`SkillSet_id`, `skills`) VALUES ('1496', 'UnitTesting');
INSERT INTO `SkillSet_skills` (`SkillSet_id`, `skills`) VALUES ('1496', 'Gradle');
INSERT INTO `Hero` (`id`, `firstName`, `lastName`, `role`, `skillSet_id`) VALUES ('1496', 'Oom', 'Oussoow', 'PrincipalConsultant', '1496');
INSERT INTO `SkillSet` (`id`) VALUES ('1497');
INSERT INTO `SkillSet_skills` (`SkillSet_id`, `skills`) VALUES ('1497', 'UITesting');
INSERT INTO `SkillSet_skills` (`SkillSet_id`, `skills`) VALUES ('1497', 'Maven');
INSERT INTO `SkillSet_skills` (`SkillSet_id`, `skills`) VALUES ('1497', 'SQL');
INSERT INTO `SkillSet_skills` (`SkillSet_id`, `skills`) VALUES ('1497', 'Java');
INSERT INTO `Hero` (`id`, `firstName`, `lastName`, `role`, `skillSet_id`) VALUES ('1497', 'Blaghom', 'Ced', 'LeadSoftwareArchitect', '1497');
INSERT INTO `SkillSet` (`id`) VALUES ('1498');
INSERT INTO `SkillSet_skills` (`SkillSet_id`, `skills`) VALUES ('1498', 'UITesting');
INSERT INTO `SkillSet_skills` (`SkillSet_id`, `skills`) VALUES ('1498', 'SQL');
INSERT INTO `SkillSet_skills` (`SkillSet_id`, `skills`) VALUES ('1498', 'Gradle');
INSERT INTO `Hero` (`id`, `firstName`, `lastName`, `role`, `skillSet_id`) VALUES ('1498', 'Osseif', 'Jlatt', 'LeadEngineer', '1498');
INSERT INTO `SkillSet` (`id`) VALUES ('1499');
INSERT INTO `SkillSet_skills` (`SkillSet_id`, `skills`) VALUES ('1499', 'SQL');
INSERT INTO `Hero` (`id`, `firstName`, `lastName`, `role`, `skillSet_id`) VALUES ('1499', 'Kikip', 'Mittoutt', 'LeadEngineer', '1499');
INSERT INTO `SkillSet` (`id`) VALUES ('1500');
INSERT INTO `SkillSet_skills` (`SkillSet_id`, `skills`) VALUES ('1500', 'SQL');
INSERT INTO `SkillSet_skills` (`SkillSet_id`, `skills`) VALUES ('1500', 'Ant');
INSERT INTO `SkillSet_skills` (`SkillSet_id`, `skills`) VALUES ('1500', 'UnitTesting');
INSERT INTO `Hero` (`id`, `firstName`, `lastName`, `role`, `skillSet_id`) VALUES ('1500', 'Aint', 'Choogh', 'SoftwareEngineer', '1500');
INSERT INTO `SkillSet` (`id`) VALUES ('1501');
INSERT INTO `SkillSet_skills` (`SkillSet_id`, `skills`) VALUES ('1501', 'Java');
INSERT INTO `SkillSet_skills` (`SkillSet_id`, `skills`) VALUES ('1501', 'SQL');
INSERT INTO `Hero` (`id`, `firstName`, `lastName`, `role`, `skillSet_id`) VALUES ('1501', 'Auv', 'Cugh', 'LeadSoftwareArchitect', '1501');
INSERT INTO `SkillSet` (`id`) VALUES ('1502');
INSERT INTO `SkillSet_skills` (`SkillSet_id`, `skills`) VALUES ('1502', 'Maven');
INSERT INTO `SkillSet_skills` (`SkillSet_id`, `skills`) VALUES ('1502', 'dotNet');
INSERT INTO `Hero` (`id`, `firstName`, `lastName`, `role`, `skillSet_id`) VALUES ('1502', 'Flenn', 'Tent', 'LeadSoftwareArchitect', '1502');
INSERT INTO `SkillSet` (`id`) VALUES ('1503');
INSERT INTO `SkillSet_skills` (`SkillSet_id`, `skills`) VALUES ('1503', 'Gradle');
INSERT INTO `Hero` (`id`, `firstName`, `lastName`, `role`, `skillSet_id`) VALUES ('1503', 'Sod', 'Thaussopf', 'LeadEngineer', '1503');
INSERT INTO `SkillSet` (`id`) VALUES ('1504');
INSERT INTO `SkillSet_skills` (`SkillSet_id`, `skills`) VALUES ('1504', 'Ant');
INSERT INTO `Hero` (`id`, `firstName`, `lastName`, `role`, `skillSet_id`) VALUES ('1504', 'Jisseiv', 'Hauv', 'LeadSoftwareArchitect', '1504');
INSERT INTO `SkillSet` (`id`) VALUES ('1505');
INSERT INTO `SkillSet_skills` (`SkillSet_id`, `skills`) VALUES ('1505', 'Gradle');
INSERT INTO `SkillSet_skills` (`SkillSet_id`, `skills`) VALUES ('1505', 'Architektur');
INSERT INTO `Hero` (`id`, `firstName`, `lastName`, `role`, `skillSet_id`) VALUES ('1505', 'Resheib', 'Moil', 'SoftwareEngineer', '1505');
INSERT INTO `SkillSet` (`id`) VALUES ('1506');
INSERT INTO `SkillSet_skills` (`SkillSet_id`, `skills`) VALUES ('1506', 'SQL');
INSERT INTO `SkillSet_skills` (`SkillSet_id`, `skills`) VALUES ('1506', 'Architektur');
INSERT INTO `SkillSet_skills` (`SkillSet_id`, `skills`) VALUES ('1506', 'Java');
INSERT INTO `SkillSet_skills` (`SkillSet_id`, `skills`) VALUES ('1506', 'Ant');
INSERT INTO `Hero` (`id`, `firstName`, `lastName`, `role`, `skillSet_id`) VALUES ('1506', 'Brjidor', 'Miwjinn', 'LeadEngineer', '1506');
INSERT INTO `SkillSet` (`id`) VALUES ('1507');
INSERT INTO `SkillSet_skills` (`SkillSet_id`, `skills`) VALUES ('1507', 'Ant');
INSERT INTO `SkillSet_skills` (`SkillSet_id`, `skills`) VALUES ('1507', 'Ant');
INSERT INTO `SkillSet_skills` (`SkillSet_id`, `skills`) VALUES ('1507', 'Architektur');
INSERT INTO `SkillSet_skills` (`SkillSet_id`, `skills`) VALUES ('1507', 'Gradle');
INSERT INTO `Hero` (`id`, `firstName`, `lastName`, `role`, `skillSet_id`) VALUES ('1507', 'Feint', 'Jipfuth', 'SoftwareEngineer', '1507');
INSERT INTO `SkillSet` (`id`) VALUES ('1508');
INSERT INTO `SkillSet_skills` (`SkillSet_id`, `skills`) VALUES ('1508', 'SQL');
INSERT INTO `SkillSet_skills` (`SkillSet_id`, `skills`) VALUES ('1508', 'Maven');
INSERT INTO `SkillSet_skills` (`SkillSet_id`, `skills`) VALUES ('1508', 'Architektur');
INSERT INTO `Hero` (`id`, `firstName`, `lastName`, `role`, `skillSet_id`) VALUES ('1508', 'Oopuv', 'Flevaip', 'PrincipalConsultant', '1508');
INSERT INTO `SkillSet` (`id`) VALUES ('1509');
INSERT INTO `SkillSet_skills` (`SkillSet_id`, `skills`) VALUES ('1509', 'UITesting');
INSERT INTO `SkillSet_skills` (`SkillSet_id`, `skills`) VALUES ('1509', 'UnitTesting');
INSERT INTO `SkillSet_skills` (`SkillSet_id`, `skills`) VALUES ('1509', 'Architektur');
INSERT INTO `SkillSet_skills` (`SkillSet_id`, `skills`) VALUES ('1509', 'Gradle');
INSERT INTO `SkillSet_skills` (`SkillSet_id`, `skills`) VALUES ('1509', 'Maven');
INSERT INTO `Hero` (`id`, `firstName`, `lastName`, `role`, `skillSet_id`) VALUES ('1509', 'Et', 'Ywooss', 'LeadSoftwareArchitect', '1509');
INSERT INTO `SkillSet` (`id`) VALUES ('1510');
INSERT INTO `SkillSet_skills` (`SkillSet_id`, `skills`) VALUES ('1510', 'UnitTesting');
INSERT INTO `SkillSet_skills` (`SkillSet_id`, `skills`) VALUES ('1510', 'UnitTesting');
INSERT INTO `Hero` (`id`, `firstName`, `lastName`, `role`, `skillSet_id`) VALUES ('1510', 'Prooz', 'Auzauch', 'PrincipalConsultant', '1510');
INSERT INTO `SkillSet` (`id`) VALUES ('1511');
INSERT INTO `SkillSet_skills` (`SkillSet_id`, `skills`) VALUES ('1511', 'SQL');
INSERT INTO `SkillSet_skills` (`SkillSet_id`, `skills`) VALUES ('1511', 'Gradle');
INSERT INTO `Hero` (`id`, `firstName`, `lastName`, `role`, `skillSet_id`) VALUES ('1511', 'Eshoss', 'Ounos', 'LeadEngineer', '1511');
INSERT INTO `SkillSet` (`id`) VALUES ('1512');
INSERT INTO `SkillSet_skills` (`SkillSet_id`, `skills`) VALUES ('1512', 'UITesting');
INSERT INTO `SkillSet_skills` (`SkillSet_id`, `skills`) VALUES ('1512', 'dotNet');
INSERT INTO `SkillSet_skills` (`SkillSet_id`, `skills`) VALUES ('1512', 'Architektur');
INSERT INTO `Hero` (`id`, `firstName`, `lastName`, `role`, `skillSet_id`) VALUES ('1512', 'Praush', 'Oirynn', 'JuniorSoftwareEngineer', '1512');
INSERT INTO `SkillSet` (`id`) VALUES ('1513');
INSERT INTO `SkillSet_skills` (`SkillSet_id`, `skills`) VALUES ('1513', 'dotNet');
INSERT INTO `SkillSet_skills` (`SkillSet_id`, `skills`) VALUES ('1513', 'dotNet');
INSERT INTO `SkillSet_skills` (`SkillSet_id`, `skills`) VALUES ('1513', 'UITesting');
INSERT INTO `Hero` (`id`, `firstName`, `lastName`, `role`, `skillSet_id`) VALUES ('1513', 'Thaifaik', 'Wjist', 'LeadSoftwareArchitect', '1513');
INSERT INTO `SkillSet` (`id`) VALUES ('1514');
INSERT INTO `SkillSet_skills` (`SkillSet_id`, `skills`) VALUES ('1514', 'UnitTesting');
INSERT INTO `SkillSet_skills` (`SkillSet_id`, `skills`) VALUES ('1514', 'Ant');
INSERT INTO `SkillSet_skills` (`SkillSet_id`, `skills`) VALUES ('1514', 'dotNet');
INSERT INTO `SkillSet_skills` (`SkillSet_id`, `skills`) VALUES ('1514', 'UITesting');
INSERT INTO `Hero` (`id`, `firstName`, `lastName`, `role`, `skillSet_id`) VALUES ('1514', 'Eiwjk', 'Zuchjit', 'SoftwareEngineer', '1514');
INSERT INTO `SkillSet` (`id`) VALUES ('1515');
INSERT INTO `SkillSet_skills` (`SkillSet_id`, `skills`) VALUES ('1515', 'Maven');
INSERT INTO `SkillSet_skills` (`SkillSet_id`, `skills`) VALUES ('1515', 'Java');
INSERT INTO `SkillSet_skills` (`SkillSet_id`, `skills`) VALUES ('1515', 'UnitTesting');
INSERT INTO `Hero` (`id`, `firstName`, `lastName`, `role`, `skillSet_id`) VALUES ('1515', 'Mainoil', 'Heinoupf', 'LeadEngineer', '1515');
INSERT INTO `SkillSet` (`id`) VALUES ('1516');
INSERT INTO `SkillSet_skills` (`SkillSet_id`, `skills`) VALUES ('1516', 'Ant');
INSERT INTO `SkillSet_skills` (`SkillSet_id`, `skills`) VALUES ('1516', 'dotNet');
INSERT INTO `SkillSet_skills` (`SkillSet_id`, `skills`) VALUES ('1516', 'dotNet');
INSERT INTO `SkillSet_skills` (`SkillSet_id`, `skills`) VALUES ('1516', 'dotNet');
INSERT INTO `SkillSet_skills` (`SkillSet_id`, `skills`) VALUES ('1516', 'Java');
INSERT INTO `Hero` (`id`, `firstName`, `lastName`, `role`, `skillSet_id`) VALUES ('1516', 'Ip', 'Ausseinn', 'LeadEngineer', '1516');
INSERT INTO `SkillSet` (`id`) VALUES ('1517');
INSERT INTO `SkillSet_skills` (`SkillSet_id`, `skills`) VALUES ('1517', 'Maven');
INSERT INTO `Hero` (`id`, `firstName`, `lastName`, `role`, `skillSet_id`) VALUES ('1517', 'Eintool', 'Uf', 'JuniorSoftwareEngineer', '1517');
INSERT INTO `SkillSet` (`id`) VALUES ('1518');
INSERT INTO `SkillSet_skills` (`SkillSet_id`, `skills`) VALUES ('1518', 'UITesting');
INSERT INTO `Hero` (`id`, `firstName`, `lastName`, `role`, `skillSet_id`) VALUES ('1518', 'Eih', 'Eintoig', 'PrincipalConsultant', '1518');
INSERT INTO `SkillSet` (`id`) VALUES ('1519');
INSERT INTO `SkillSet_skills` (`SkillSet_id`, `skills`) VALUES ('1519', 'Maven');
INSERT INTO `SkillSet_skills` (`SkillSet_id`, `skills`) VALUES ('1519', 'Gradle');
INSERT INTO `Hero` (`id`, `firstName`, `lastName`, `role`, `skillSet_id`) VALUES ('1519', 'Ych', 'Jpaih', 'JuniorSoftwareEngineer', '1519');
INSERT INTO `SkillSet` (`id`) VALUES ('1520');
INSERT INTO `SkillSet_skills` (`SkillSet_id`, `skills`) VALUES ('1520', 'Architektur');
INSERT INTO `SkillSet_skills` (`SkillSet_id`, `skills`) VALUES ('1520', 'Architektur');
INSERT INTO `Hero` (`id`, `firstName`, `lastName`, `role`, `skillSet_id`) VALUES ('1520', 'Fjitteis', 'Prasoth', 'JuniorSoftwareEngineer', '1520');
INSERT INTO `SkillSet` (`id`) VALUES ('1521');
INSERT INTO `SkillSet_skills` (`SkillSet_id`, `skills`) VALUES ('1521', 'UnitTesting');
INSERT INTO `SkillSet_skills` (`SkillSet_id`, `skills`) VALUES ('1521', 'UnitTesting');
INSERT INTO `SkillSet_skills` (`SkillSet_id`, `skills`) VALUES ('1521', 'UITesting');
INSERT INTO `SkillSet_skills` (`SkillSet_id`, `skills`) VALUES ('1521', 'dotNet');
INSERT INTO `Hero` (`id`, `firstName`, `lastName`, `role`, `skillSet_id`) VALUES ('1521', 'Cheitoist', 'Afast', 'SoftwareEngineer', '1521');
INSERT INTO `SkillSet` (`id`) VALUES ('1522');
INSERT INTO `SkillSet_skills` (`SkillSet_id`, `skills`) VALUES ('1522', 'Maven');
INSERT INTO `SkillSet_skills` (`SkillSet_id`, `skills`) VALUES ('1522', 'Java');
INSERT INTO `Hero` (`id`, `firstName`, `lastName`, `role`, `skillSet_id`) VALUES ('1522', 'Ithus', 'Jd', 'LeadEngineer', '1522');
INSERT INTO `SkillSet` (`id`) VALUES ('1523');
INSERT INTO `SkillSet_skills` (`SkillSet_id`, `skills`) VALUES ('1523', 'Gradle');
INSERT INTO `SkillSet_skills` (`SkillSet_id`, `skills`) VALUES ('1523', 'SQL');
INSERT INTO `SkillSet_skills` (`SkillSet_id`, `skills`) VALUES ('1523', 'Architektur');
INSERT INTO `SkillSet_skills` (`SkillSet_id`, `skills`) VALUES ('1523', 'UnitTesting');
INSERT INTO `SkillSet_skills` (`SkillSet_id`, `skills`) VALUES ('1523', 'UnitTesting');
INSERT INTO `Hero` (`id`, `firstName`, `lastName`, `role`, `skillSet_id`) VALUES ('1523', 'Proithigh', 'Ximyr', 'SoftwareEngineer', '1523');
INSERT INTO `SkillSet` (`id`) VALUES ('1524');
INSERT INTO `SkillSet_skills` (`SkillSet_id`, `skills`) VALUES ('1524', 'dotNet');
INSERT INTO `Hero` (`id`, `firstName`, `lastName`, `role`, `skillSet_id`) VALUES ('1524', 'Win', 'Vynt', 'LeadEngineer', '1524');
INSERT INTO `SkillSet` (`id`) VALUES ('1525');
INSERT INTO `SkillSet_skills` (`SkillSet_id`, `skills`) VALUES ('1525', 'UITesting');
INSERT INTO `SkillSet_skills` (`SkillSet_id`, `skills`) VALUES ('1525', 'Maven');
INSERT INTO `Hero` (`id`, `firstName`, `lastName`, `role`, `skillSet_id`) VALUES ('1525', 'Kooh', 'Jith', 'PrincipalConsultant', '1525');
INSERT INTO `SkillSet` (`id`) VALUES ('1526');
INSERT INTO `SkillSet_skills` (`SkillSet_id`, `skills`) VALUES ('1526', 'Maven');
INSERT INTO `SkillSet_skills` (`SkillSet_id`, `skills`) VALUES ('1526', 'UITesting');
INSERT INTO `SkillSet_skills` (`SkillSet_id`, `skills`) VALUES ('1526', 'Maven');
INSERT INTO `Hero` (`id`, `firstName`, `lastName`, `role`, `skillSet_id`) VALUES ('1526', 'Jch', 'Prauz', 'SoftwareEngineer', '1526');
INSERT INTO `SkillSet` (`id`) VALUES ('1527');
INSERT INTO `SkillSet_skills` (`SkillSet_id`, `skills`) VALUES ('1527', 'UITesting');
INSERT INTO `SkillSet_skills` (`SkillSet_id`, `skills`) VALUES ('1527', 'Architektur');
INSERT INTO `SkillSet_skills` (`SkillSet_id`, `skills`) VALUES ('1527', 'SQL');
INSERT INTO `SkillSet_skills` (`SkillSet_id`, `skills`) VALUES ('1527', 'Architektur');
INSERT INTO `SkillSet_skills` (`SkillSet_id`, `skills`) VALUES ('1527', 'UnitTesting');
INSERT INTO `Hero` (`id`, `firstName`, `lastName`, `role`, `skillSet_id`) VALUES ('1527', 'Ooth', 'Ittjith', 'PrincipalConsultant', '1527');
INSERT INTO `SkillSet` (`id`) VALUES ('1528');
INSERT INTO `SkillSet_skills` (`SkillSet_id`, `skills`) VALUES ('1528', 'Java');
INSERT INTO `Hero` (`id`, `firstName`, `lastName`, `role`, `skillSet_id`) VALUES ('1528', 'Stoiss', 'Aik', 'LeadEngineer', '1528');
INSERT INTO `SkillSet` (`id`) VALUES ('1529');
INSERT INTO `SkillSet_skills` (`SkillSet_id`, `skills`) VALUES ('1529', 'SQL');
INSERT INTO `SkillSet_skills` (`SkillSet_id`, `skills`) VALUES ('1529', 'Ant');
INSERT INTO `Hero` (`id`, `firstName`, `lastName`, `role`, `skillSet_id`) VALUES ('1529', 'Kloov', 'Lounn', 'SeniorSoftwareEngineer', '1529');
INSERT INTO `SkillSet` (`id`) VALUES ('1530');
INSERT INTO `SkillSet_skills` (`SkillSet_id`, `skills`) VALUES ('1530', 'Architektur');
INSERT INTO `SkillSet_skills` (`SkillSet_id`, `skills`) VALUES ('1530', 'UnitTesting');
INSERT INTO `SkillSet_skills` (`SkillSet_id`, `skills`) VALUES ('1530', 'Ant');
INSERT INTO `SkillSet_skills` (`SkillSet_id`, `skills`) VALUES ('1530', 'Ant');
INSERT INTO `Hero` (`id`, `firstName`, `lastName`, `role`, `skillSet_id`) VALUES ('1530', 'Oumauh', 'Essann', 'PrincipalConsultant', '1530');
INSERT INTO `SkillSet` (`id`) VALUES ('1531');
INSERT INTO `SkillSet_skills` (`SkillSet_id`, `skills`) VALUES ('1531', 'Architektur');
INSERT INTO `Hero` (`id`, `firstName`, `lastName`, `role`, `skillSet_id`) VALUES ('1531', 'Kounn', 'Aw', 'SeniorSoftwareEngineer', '1531');
INSERT INTO `SkillSet` (`id`) VALUES ('1532');
INSERT INTO `SkillSet_skills` (`SkillSet_id`, `skills`) VALUES ('1532', 'Architektur');
INSERT INTO `SkillSet_skills` (`SkillSet_id`, `skills`) VALUES ('1532', 'UnitTesting');
INSERT INTO `SkillSet_skills` (`SkillSet_id`, `skills`) VALUES ('1532', 'Ant');
INSERT INTO `SkillSet_skills` (`SkillSet_id`, `skills`) VALUES ('1532', 'dotNet');
INSERT INTO `SkillSet_skills` (`SkillSet_id`, `skills`) VALUES ('1532', 'Maven');
INSERT INTO `Hero` (`id`, `firstName`, `lastName`, `role`, `skillSet_id`) VALUES ('1532', 'Gjim', 'Cjpautt', 'SoftwareEngineer', '1532');
INSERT INTO `SkillSet` (`id`) VALUES ('1533');
INSERT INTO `SkillSet_skills` (`SkillSet_id`, `skills`) VALUES ('1533', 'UnitTesting');
INSERT INTO `SkillSet_skills` (`SkillSet_id`, `skills`) VALUES ('1533', 'Ant');
INSERT INTO `SkillSet_skills` (`SkillSet_id`, `skills`) VALUES ('1533', 'SQL');
INSERT INTO `SkillSet_skills` (`SkillSet_id`, `skills`) VALUES ('1533', 'UITesting');
INSERT INTO `Hero` (`id`, `firstName`, `lastName`, `role`, `skillSet_id`) VALUES ('1533', 'Lechoust', 'Fljsh', 'SoftwareEngineer', '1533');
INSERT INTO `SkillSet` (`id`) VALUES ('1534');
INSERT INTO `SkillSet_skills` (`SkillSet_id`, `skills`) VALUES ('1534', 'Java');
INSERT INTO `SkillSet_skills` (`SkillSet_id`, `skills`) VALUES ('1534', 'Maven');
INSERT INTO `SkillSet_skills` (`SkillSet_id`, `skills`) VALUES ('1534', 'Gradle');
INSERT INTO `Hero` (`id`, `firstName`, `lastName`, `role`, `skillSet_id`) VALUES ('1534', 'Oimjiz', 'Gootaupf', 'LeadSoftwareArchitect', '1534');
INSERT INTO `SkillSet` (`id`) VALUES ('1535');
INSERT INTO `SkillSet_skills` (`SkillSet_id`, `skills`) VALUES ('1535', 'UnitTesting');
INSERT INTO `SkillSet_skills` (`SkillSet_id`, `skills`) VALUES ('1535', 'dotNet');
INSERT INTO `SkillSet_skills` (`SkillSet_id`, `skills`) VALUES ('1535', 'Architektur');
INSERT INTO `SkillSet_skills` (`SkillSet_id`, `skills`) VALUES ('1535', 'Gradle');
INSERT INTO `SkillSet_skills` (`SkillSet_id`, `skills`) VALUES ('1535', 'dotNet');
INSERT INTO `Hero` (`id`, `firstName`, `lastName`, `role`, `skillSet_id`) VALUES ('1535', 'Klaish', 'Gleid', 'SoftwareEngineer', '1535');
INSERT INTO `SkillSet` (`id`) VALUES ('1536');
INSERT INTO `SkillSet_skills` (`SkillSet_id`, `skills`) VALUES ('1536', 'Ant');
INSERT INTO `SkillSet_skills` (`SkillSet_id`, `skills`) VALUES ('1536', 'UnitTesting');
INSERT INTO `SkillSet_skills` (`SkillSet_id`, `skills`) VALUES ('1536', 'UnitTesting');
INSERT INTO `SkillSet_skills` (`SkillSet_id`, `skills`) VALUES ('1536', 'UnitTesting');
INSERT INTO `Hero` (`id`, `firstName`, `lastName`, `role`, `skillSet_id`) VALUES ('1536', 'Aipf', 'Ouvein', 'SoftwareEngineer', '1536');
INSERT INTO `SkillSet` (`id`) VALUES ('1537');
INSERT INTO `SkillSet_skills` (`SkillSet_id`, `skills`) VALUES ('1537', 'Ant');
INSERT INTO `SkillSet_skills` (`SkillSet_id`, `skills`) VALUES ('1537', 'Gradle');
INSERT INTO `Hero` (`id`, `firstName`, `lastName`, `role`, `skillSet_id`) VALUES ('1537', 'Wypfoik', 'Bril', 'JuniorSoftwareEngineer', '1537');
INSERT INTO `SkillSet` (`id`) VALUES ('1538');
INSERT INTO `SkillSet_skills` (`SkillSet_id`, `skills`) VALUES ('1538', 'dotNet');
INSERT INTO `SkillSet_skills` (`SkillSet_id`, `skills`) VALUES ('1538', 'Maven');
INSERT INTO `SkillSet_skills` (`SkillSet_id`, `skills`) VALUES ('1538', 'UnitTesting');
INSERT INTO `Hero` (`id`, `firstName`, `lastName`, `role`, `skillSet_id`) VALUES ('1538', 'Wjz', 'Jiss', 'SoftwareEngineer', '1538');
INSERT INTO `SkillSet` (`id`) VALUES ('1539');
INSERT INTO `SkillSet_skills` (`SkillSet_id`, `skills`) VALUES ('1539', 'UITesting');
INSERT INTO `SkillSet_skills` (`SkillSet_id`, `skills`) VALUES ('1539', 'Architektur');
INSERT INTO `Hero` (`id`, `firstName`, `lastName`, `role`, `skillSet_id`) VALUES ('1539', 'Eip', 'Sjb', 'LeadEngineer', '1539');
INSERT INTO `SkillSet` (`id`) VALUES ('1540');
INSERT INTO `SkillSet_skills` (`SkillSet_id`, `skills`) VALUES ('1540', 'Gradle');
INSERT INTO `SkillSet_skills` (`SkillSet_id`, `skills`) VALUES ('1540', 'Ant');
INSERT INTO `SkillSet_skills` (`SkillSet_id`, `skills`) VALUES ('1540', 'UnitTesting');
INSERT INTO `SkillSet_skills` (`SkillSet_id`, `skills`) VALUES ('1540', 'UnitTesting');
INSERT INTO `SkillSet_skills` (`SkillSet_id`, `skills`) VALUES ('1540', 'UnitTesting');
INSERT INTO `Hero` (`id`, `firstName`, `lastName`, `role`, `skillSet_id`) VALUES ('1540', 'Resain', 'Yl', 'SeniorSoftwareEngineer', '1540');
INSERT INTO `SkillSet` (`id`) VALUES ('1541');
INSERT INTO `SkillSet_skills` (`SkillSet_id`, `skills`) VALUES ('1541', 'dotNet');
INSERT INTO `SkillSet_skills` (`SkillSet_id`, `skills`) VALUES ('1541', 'Gradle');
INSERT INTO `SkillSet_skills` (`SkillSet_id`, `skills`) VALUES ('1541', 'Maven');
INSERT INTO `SkillSet_skills` (`SkillSet_id`, `skills`) VALUES ('1541', 'Architektur');
INSERT INTO `SkillSet_skills` (`SkillSet_id`, `skills`) VALUES ('1541', 'UITesting');
INSERT INTO `Hero` (`id`, `firstName`, `lastName`, `role`, `skillSet_id`) VALUES ('1541', 'Ouwouk', 'Ootteb', 'PrincipalConsultant', '1541');
INSERT INTO `SkillSet` (`id`) VALUES ('1542');
INSERT INTO `SkillSet_skills` (`SkillSet_id`, `skills`) VALUES ('1542', 'Ant');
INSERT INTO `SkillSet_skills` (`SkillSet_id`, `skills`) VALUES ('1542', 'Ant');
INSERT INTO `SkillSet_skills` (`SkillSet_id`, `skills`) VALUES ('1542', 'Maven');
INSERT INTO `SkillSet_skills` (`SkillSet_id`, `skills`) VALUES ('1542', 'dotNet');
INSERT INTO `SkillSet_skills` (`SkillSet_id`, `skills`) VALUES ('1542', 'Maven');
INSERT INTO `Hero` (`id`, `firstName`, `lastName`, `role`, `skillSet_id`) VALUES ('1542', 'Essaih', 'Chjittjp', 'LeadSoftwareArchitect', '1542');
INSERT INTO `SkillSet` (`id`) VALUES ('1543');
INSERT INTO `SkillSet_skills` (`SkillSet_id`, `skills`) VALUES ('1543', 'Ant');
INSERT INTO `SkillSet_skills` (`SkillSet_id`, `skills`) VALUES ('1543', 'dotNet');
INSERT INTO `Hero` (`id`, `firstName`, `lastName`, `role`, `skillSet_id`) VALUES ('1543', 'Oushooth', 'Aissoupf', 'LeadSoftwareArchitect', '1543');
INSERT INTO `SkillSet` (`id`) VALUES ('1544');
INSERT INTO `SkillSet_skills` (`SkillSet_id`, `skills`) VALUES ('1544', 'dotNet');
INSERT INTO `SkillSet_skills` (`SkillSet_id`, `skills`) VALUES ('1544', 'dotNet');
INSERT INTO `SkillSet_skills` (`SkillSet_id`, `skills`) VALUES ('1544', 'Gradle');
INSERT INTO `Hero` (`id`, `firstName`, `lastName`, `role`, `skillSet_id`) VALUES ('1544', 'Mif', 'Njistjip', 'LeadSoftwareArchitect', '1544');
INSERT INTO `SkillSet` (`id`) VALUES ('1545');
INSERT INTO `SkillSet_skills` (`SkillSet_id`, `skills`) VALUES ('1545', 'Architektur');
INSERT INTO `SkillSet_skills` (`SkillSet_id`, `skills`) VALUES ('1545', 'SQL');
INSERT INTO `Hero` (`id`, `firstName`, `lastName`, `role`, `skillSet_id`) VALUES ('1545', 'Boussib', 'Loifutt', 'LeadSoftwareArchitect', '1545');
INSERT INTO `SkillSet` (`id`) VALUES ('1546');
INSERT INTO `SkillSet_skills` (`SkillSet_id`, `skills`) VALUES ('1546', 'Maven');
INSERT INTO `SkillSet_skills` (`SkillSet_id`, `skills`) VALUES ('1546', 'Gradle');
INSERT INTO `SkillSet_skills` (`SkillSet_id`, `skills`) VALUES ('1546', 'Ant');
INSERT INTO `SkillSet_skills` (`SkillSet_id`, `skills`) VALUES ('1546', 'Gradle');
INSERT INTO `SkillSet_skills` (`SkillSet_id`, `skills`) VALUES ('1546', 'UITesting');
INSERT INTO `Hero` (`id`, `firstName`, `lastName`, `role`, `skillSet_id`) VALUES ('1546', 'Eibjp', 'Qjnt', 'PrincipalConsultant', '1546');
INSERT INTO `SkillSet` (`id`) VALUES ('1547');
INSERT INTO `SkillSet_skills` (`SkillSet_id`, `skills`) VALUES ('1547', 'dotNet');
INSERT INTO `SkillSet_skills` (`SkillSet_id`, `skills`) VALUES ('1547', 'UnitTesting');
INSERT INTO `SkillSet_skills` (`SkillSet_id`, `skills`) VALUES ('1547', 'Maven');
INSERT INTO `SkillSet_skills` (`SkillSet_id`, `skills`) VALUES ('1547', 'Gradle');
INSERT INTO `Hero` (`id`, `firstName`, `lastName`, `role`, `skillSet_id`) VALUES ('1547', 'Chunn', 'Astos', 'PrincipalConsultant', '1547');
INSERT INTO `SkillSet` (`id`) VALUES ('1548');
INSERT INTO `SkillSet_skills` (`SkillSet_id`, `skills`) VALUES ('1548', 'dotNet');
INSERT INTO `SkillSet_skills` (`SkillSet_id`, `skills`) VALUES ('1548', 'Gradle');
INSERT INTO `SkillSet_skills` (`SkillSet_id`, `skills`) VALUES ('1548', 'Maven');
INSERT INTO `SkillSet_skills` (`SkillSet_id`, `skills`) VALUES ('1548', 'Gradle');
INSERT INTO `Hero` (`id`, `firstName`, `lastName`, `role`, `skillSet_id`) VALUES ('1548', 'Ah', 'Shiss', 'JuniorSoftwareEngineer', '1548');
INSERT INTO `SkillSet` (`id`) VALUES ('1549');
INSERT INTO `SkillSet_skills` (`SkillSet_id`, `skills`) VALUES ('1549', 'UITesting');
INSERT INTO `SkillSet_skills` (`SkillSet_id`, `skills`) VALUES ('1549', 'Java');
INSERT INTO `SkillSet_skills` (`SkillSet_id`, `skills`) VALUES ('1549', 'Ant');
INSERT INTO `SkillSet_skills` (`SkillSet_id`, `skills`) VALUES ('1549', 'UnitTesting');
INSERT INTO `Hero` (`id`, `firstName`, `lastName`, `role`, `skillSet_id`) VALUES ('1549', 'Aulus', 'Yth', 'JuniorSoftwareEngineer', '1549');
INSERT INTO `SkillSet` (`id`) VALUES ('1550');
INSERT INTO `SkillSet_skills` (`SkillSet_id`, `skills`) VALUES ('1550', 'Gradle');
INSERT INTO `SkillSet_skills` (`SkillSet_id`, `skills`) VALUES ('1550', 'Ant');
INSERT INTO `SkillSet_skills` (`SkillSet_id`, `skills`) VALUES ('1550', 'UITesting');
INSERT INTO `Hero` (`id`, `firstName`, `lastName`, `role`, `skillSet_id`) VALUES ('1550', 'Fleintuth', 'Sheileint', 'LeadEngineer', '1550');
INSERT INTO `SkillSet` (`id`) VALUES ('1551');
INSERT INTO `SkillSet_skills` (`SkillSet_id`, `skills`) VALUES ('1551', 'SQL');
INSERT INTO `Hero` (`id`, `firstName`, `lastName`, `role`, `skillSet_id`) VALUES ('1551', 'Einnaik', 'Caim', 'SoftwareEngineer', '1551');
INSERT INTO `SkillSet` (`id`) VALUES ('1552');
INSERT INTO `SkillSet_skills` (`SkillSet_id`, `skills`) VALUES ('1552', 'SQL');
INSERT INTO `SkillSet_skills` (`SkillSet_id`, `skills`) VALUES ('1552', 'Architektur');
INSERT INTO `SkillSet_skills` (`SkillSet_id`, `skills`) VALUES ('1552', 'Maven');
INSERT INTO `SkillSet_skills` (`SkillSet_id`, `skills`) VALUES ('1552', 'Architektur');
INSERT INTO `Hero` (`id`, `firstName`, `lastName`, `role`, `skillSet_id`) VALUES ('1552', 'Odez', 'Teib', 'LeadEngineer', '1552');
INSERT INTO `SkillSet` (`id`) VALUES ('1553');
INSERT INTO `SkillSet_skills` (`SkillSet_id`, `skills`) VALUES ('1553', 'UnitTesting');
INSERT INTO `SkillSet_skills` (`SkillSet_id`, `skills`) VALUES ('1553', 'UnitTesting');
INSERT INTO `SkillSet_skills` (`SkillSet_id`, `skills`) VALUES ('1553', 'Ant');
INSERT INTO `SkillSet_skills` (`SkillSet_id`, `skills`) VALUES ('1553', 'SQL');
INSERT INTO `SkillSet_skills` (`SkillSet_id`, `skills`) VALUES ('1553', 'dotNet');
INSERT INTO `Hero` (`id`, `firstName`, `lastName`, `role`, `skillSet_id`) VALUES ('1553', 'Zuvaush', 'Oloib', 'LeadEngineer', '1553');
INSERT INTO `SkillSet` (`id`) VALUES ('1554');
INSERT INTO `SkillSet_skills` (`SkillSet_id`, `skills`) VALUES ('1554', 'SQL');
INSERT INTO `Hero` (`id`, `firstName`, `lastName`, `role`, `skillSet_id`) VALUES ('1554', 'Noipf', 'Jgh', 'PrincipalConsultant', '1554');
INSERT INTO `SkillSet` (`id`) VALUES ('1555');
INSERT INTO `SkillSet_skills` (`SkillSet_id`, `skills`) VALUES ('1555', 'UITesting');
INSERT INTO `SkillSet_skills` (`SkillSet_id`, `skills`) VALUES ('1555', 'Maven');
INSERT INTO `SkillSet_skills` (`SkillSet_id`, `skills`) VALUES ('1555', 'Ant');
INSERT INTO `SkillSet_skills` (`SkillSet_id`, `skills`) VALUES ('1555', 'UITesting');
INSERT INTO `SkillSet_skills` (`SkillSet_id`, `skills`) VALUES ('1555', 'dotNet');
INSERT INTO `Hero` (`id`, `firstName`, `lastName`, `role`, `skillSet_id`) VALUES ('1555', 'Ag', 'Nug', 'PrincipalConsultant', '1555');
INSERT INTO `SkillSet` (`id`) VALUES ('1556');
INSERT INTO `SkillSet_skills` (`SkillSet_id`, `skills`) VALUES ('1556', 'dotNet');
INSERT INTO `SkillSet_skills` (`SkillSet_id`, `skills`) VALUES ('1556', 'Maven');
INSERT INTO `SkillSet_skills` (`SkillSet_id`, `skills`) VALUES ('1556', 'Maven');
INSERT INTO `Hero` (`id`, `firstName`, `lastName`, `role`, `skillSet_id`) VALUES ('1556', 'Outtutt', 'Auth', 'LeadSoftwareArchitect', '1556');
INSERT INTO `SkillSet` (`id`) VALUES ('1557');
INSERT INTO `SkillSet_skills` (`SkillSet_id`, `skills`) VALUES ('1557', 'UnitTesting');
INSERT INTO `SkillSet_skills` (`SkillSet_id`, `skills`) VALUES ('1557', 'Architektur');
INSERT INTO `SkillSet_skills` (`SkillSet_id`, `skills`) VALUES ('1557', 'Java');
INSERT INTO `Hero` (`id`, `firstName`, `lastName`, `role`, `skillSet_id`) VALUES ('1557', 'Js', 'Caiw', 'LeadEngineer', '1557');
INSERT INTO `SkillSet` (`id`) VALUES ('1558');
INSERT INTO `SkillSet_skills` (`SkillSet_id`, `skills`) VALUES ('1558', 'SQL');
INSERT INTO `SkillSet_skills` (`SkillSet_id`, `skills`) VALUES ('1558', 'Architektur');
INSERT INTO `SkillSet_skills` (`SkillSet_id`, `skills`) VALUES ('1558', 'Maven');
INSERT INTO `SkillSet_skills` (`SkillSet_id`, `skills`) VALUES ('1558', 'UITesting');
INSERT INTO `Hero` (`id`, `firstName`, `lastName`, `role`, `skillSet_id`) VALUES ('1558', 'Aughjpf', 'Oih', 'SeniorSoftwareEngineer', '1558');
INSERT INTO `SkillSet` (`id`) VALUES ('1559');
INSERT INTO `SkillSet_skills` (`SkillSet_id`, `skills`) VALUES ('1559', 'Architektur');
INSERT INTO `SkillSet_skills` (`SkillSet_id`, `skills`) VALUES ('1559', 'Architektur');
INSERT INTO `SkillSet_skills` (`SkillSet_id`, `skills`) VALUES ('1559', 'SQL');
INSERT INTO `SkillSet_skills` (`SkillSet_id`, `skills`) VALUES ('1559', 'dotNet');
INSERT INTO `Hero` (`id`, `firstName`, `lastName`, `role`, `skillSet_id`) VALUES ('1559', 'Jish', 'Ootjch', 'SoftwareEngineer', '1559');
INSERT INTO `SkillSet` (`id`) VALUES ('1560');
INSERT INTO `SkillSet_skills` (`SkillSet_id`, `skills`) VALUES ('1560', 'Architektur');
INSERT INTO `SkillSet_skills` (`SkillSet_id`, `skills`) VALUES ('1560', 'Java');
INSERT INTO `Hero` (`id`, `firstName`, `lastName`, `role`, `skillSet_id`) VALUES ('1560', 'Xoidoiss', 'Yz', 'SeniorSoftwareEngineer', '1560');
INSERT INTO `SkillSet` (`id`) VALUES ('1561');
INSERT INTO `SkillSet_skills` (`SkillSet_id`, `skills`) VALUES ('1561', 'Architektur');
INSERT INTO `SkillSet_skills` (`SkillSet_id`, `skills`) VALUES ('1561', 'UnitTesting');
INSERT INTO `Hero` (`id`, `firstName`, `lastName`, `role`, `skillSet_id`) VALUES ('1561', 'Keidoont', 'Shosh', 'SoftwareEngineer', '1561');
INSERT INTO `SkillSet` (`id`) VALUES ('1562');
INSERT INTO `SkillSet_skills` (`SkillSet_id`, `skills`) VALUES ('1562', 'UITesting');
INSERT INTO `SkillSet_skills` (`SkillSet_id`, `skills`) VALUES ('1562', 'SQL');
INSERT INTO `Hero` (`id`, `firstName`, `lastName`, `role`, `skillSet_id`) VALUES ('1562', 'Cas', 'Brig', 'LeadSoftwareArchitect', '1562');
INSERT INTO `SkillSet` (`id`) VALUES ('1563');
INSERT INTO `SkillSet_skills` (`SkillSet_id`, `skills`) VALUES ('1563', 'Gradle');
INSERT INTO `SkillSet_skills` (`SkillSet_id`, `skills`) VALUES ('1563', 'dotNet');
INSERT INTO `Hero` (`id`, `firstName`, `lastName`, `role`, `skillSet_id`) VALUES ('1563', 'Eirooss', 'Id', 'LeadSoftwareArchitect', '1563');
INSERT INTO `SkillSet` (`id`) VALUES ('1564');
INSERT INTO `SkillSet_skills` (`SkillSet_id`, `skills`) VALUES ('1564', 'Java');
INSERT INTO `SkillSet_skills` (`SkillSet_id`, `skills`) VALUES ('1564', 'Java');
INSERT INTO `SkillSet_skills` (`SkillSet_id`, `skills`) VALUES ('1564', 'Gradle');
INSERT INTO `SkillSet_skills` (`SkillSet_id`, `skills`) VALUES ('1564', 'dotNet');
INSERT INTO `SkillSet_skills` (`SkillSet_id`, `skills`) VALUES ('1564', 'Gradle');
INSERT INTO `Hero` (`id`, `firstName`, `lastName`, `role`, `skillSet_id`) VALUES ('1564', 'Ov', 'Kloottiss', 'SoftwareEngineer', '1564');
INSERT INTO `SkillSet` (`id`) VALUES ('1565');
INSERT INTO `SkillSet_skills` (`SkillSet_id`, `skills`) VALUES ('1565', 'Maven');
INSERT INTO `Hero` (`id`, `firstName`, `lastName`, `role`, `skillSet_id`) VALUES ('1565', 'Oup', 'Zoim', 'JuniorSoftwareEngineer', '1565');
INSERT INTO `SkillSet` (`id`) VALUES ('1566');
INSERT INTO `SkillSet_skills` (`SkillSet_id`, `skills`) VALUES ('1566', 'dotNet');
INSERT INTO `SkillSet_skills` (`SkillSet_id`, `skills`) VALUES ('1566', 'UnitTesting');
INSERT INTO `SkillSet_skills` (`SkillSet_id`, `skills`) VALUES ('1566', 'UITesting');
INSERT INTO `SkillSet_skills` (`SkillSet_id`, `skills`) VALUES ('1566', 'Ant');
INSERT INTO `SkillSet_skills` (`SkillSet_id`, `skills`) VALUES ('1566', 'Architektur');
INSERT INTO `Hero` (`id`, `firstName`, `lastName`, `role`, `skillSet_id`) VALUES ('1566', 'Thoif', 'Yzoopf', 'PrincipalConsultant', '1566');
INSERT INTO `SkillSet` (`id`) VALUES ('1567');
INSERT INTO `SkillSet_skills` (`SkillSet_id`, `skills`) VALUES ('1567', 'UnitTesting');
INSERT INTO `SkillSet_skills` (`SkillSet_id`, `skills`) VALUES ('1567', 'SQL');
INSERT INTO `SkillSet_skills` (`SkillSet_id`, `skills`) VALUES ('1567', 'dotNet');
INSERT INTO `Hero` (`id`, `firstName`, `lastName`, `role`, `skillSet_id`) VALUES ('1567', 'Sol', 'Faiw', 'LeadEngineer', '1567');
INSERT INTO `SkillSet` (`id`) VALUES ('1568');
INSERT INTO `SkillSet_skills` (`SkillSet_id`, `skills`) VALUES ('1568', 'Ant');
INSERT INTO `SkillSet_skills` (`SkillSet_id`, `skills`) VALUES ('1568', 'UITesting');
INSERT INTO `Hero` (`id`, `firstName`, `lastName`, `role`, `skillSet_id`) VALUES ('1568', 'Jizess', 'Coihoor', 'LeadEngineer', '1568');
INSERT INTO `SkillSet` (`id`) VALUES ('1569');
INSERT INTO `SkillSet_skills` (`SkillSet_id`, `skills`) VALUES ('1569', 'UnitTesting');
INSERT INTO `Hero` (`id`, `firstName`, `lastName`, `role`, `skillSet_id`) VALUES ('1569', 'Gynt', 'Thainnaiw', 'LeadEngineer', '1569');
INSERT INTO `SkillSet` (`id`) VALUES ('1570');
INSERT INTO `SkillSet_skills` (`SkillSet_id`, `skills`) VALUES ('1570', 'Maven');
INSERT INTO `SkillSet_skills` (`SkillSet_id`, `skills`) VALUES ('1570', 'dotNet');
INSERT INTO `SkillSet_skills` (`SkillSet_id`, `skills`) VALUES ('1570', 'Gradle');
INSERT INTO `Hero` (`id`, `firstName`, `lastName`, `role`, `skillSet_id`) VALUES ('1570', 'Aip', 'Abipf', 'SoftwareEngineer', '1570');
INSERT INTO `SkillSet` (`id`) VALUES ('1571');
INSERT INTO `SkillSet_skills` (`SkillSet_id`, `skills`) VALUES ('1571', 'SQL');
INSERT INTO `SkillSet_skills` (`SkillSet_id`, `skills`) VALUES ('1571', 'Maven');
INSERT INTO `SkillSet_skills` (`SkillSet_id`, `skills`) VALUES ('1571', 'Gradle');
INSERT INTO `Hero` (`id`, `firstName`, `lastName`, `role`, `skillSet_id`) VALUES ('1571', 'Oipfeiss', 'Eigogh', 'LeadSoftwareArchitect', '1571');
INSERT INTO `SkillSet` (`id`) VALUES ('1572');
INSERT INTO `SkillSet_skills` (`SkillSet_id`, `skills`) VALUES ('1572', 'SQL');
INSERT INTO `SkillSet_skills` (`SkillSet_id`, `skills`) VALUES ('1572', 'SQL');
INSERT INTO `SkillSet_skills` (`SkillSet_id`, `skills`) VALUES ('1572', 'UnitTesting');
INSERT INTO `SkillSet_skills` (`SkillSet_id`, `skills`) VALUES ('1572', 'dotNet');
INSERT INTO `SkillSet_skills` (`SkillSet_id`, `skills`) VALUES ('1572', 'Java');
INSERT INTO `Hero` (`id`, `firstName`, `lastName`, `role`, `skillSet_id`) VALUES ('1572', 'Oghyh', 'Doint', 'LeadEngineer', '1572');
INSERT INTO `SkillSet` (`id`) VALUES ('1573');
INSERT INTO `SkillSet_skills` (`SkillSet_id`, `skills`) VALUES ('1573', 'Maven');
INSERT INTO `SkillSet_skills` (`SkillSet_id`, `skills`) VALUES ('1573', 'dotNet');
INSERT INTO `SkillSet_skills` (`SkillSet_id`, `skills`) VALUES ('1573', 'Architektur');
INSERT INTO `Hero` (`id`, `firstName`, `lastName`, `role`, `skillSet_id`) VALUES ('1573', 'Xeg', 'Thith', 'SoftwareEngineer', '1573');
INSERT INTO `SkillSet` (`id`) VALUES ('1574');
INSERT INTO `SkillSet_skills` (`SkillSet_id`, `skills`) VALUES ('1574', 'SQL');
INSERT INTO `SkillSet_skills` (`SkillSet_id`, `skills`) VALUES ('1574', 'Gradle');
INSERT INTO `SkillSet_skills` (`SkillSet_id`, `skills`) VALUES ('1574', 'UnitTesting');
INSERT INTO `SkillSet_skills` (`SkillSet_id`, `skills`) VALUES ('1574', 'Architektur');
INSERT INTO `SkillSet_skills` (`SkillSet_id`, `skills`) VALUES ('1574', 'Ant');
INSERT INTO `Hero` (`id`, `firstName`, `lastName`, `role`, `skillSet_id`) VALUES ('1574', 'Bleibeig', 'Aim', 'PrincipalConsultant', '1574');
INSERT INTO `SkillSet` (`id`) VALUES ('1575');
INSERT INTO `SkillSet_skills` (`SkillSet_id`, `skills`) VALUES ('1575', 'Architektur');
INSERT INTO `Hero` (`id`, `firstName`, `lastName`, `role`, `skillSet_id`) VALUES ('1575', 'Isten', 'Reistaiv', 'LeadEngineer', '1575');
INSERT INTO `SkillSet` (`id`) VALUES ('1576');
INSERT INTO `SkillSet_skills` (`SkillSet_id`, `skills`) VALUES ('1576', 'Maven');
INSERT INTO `Hero` (`id`, `firstName`, `lastName`, `role`, `skillSet_id`) VALUES ('1576', 'Nath', 'Thut', 'LeadEngineer', '1576');
INSERT INTO `SkillSet` (`id`) VALUES ('1577');
INSERT INTO `SkillSet_skills` (`SkillSet_id`, `skills`) VALUES ('1577', 'SQL');
INSERT INTO `SkillSet_skills` (`SkillSet_id`, `skills`) VALUES ('1577', 'Ant');
INSERT INTO `SkillSet_skills` (`SkillSet_id`, `skills`) VALUES ('1577', 'Maven');
INSERT INTO `Hero` (`id`, `firstName`, `lastName`, `role`, `skillSet_id`) VALUES ('1577', 'Gaish', 'Oupjinn', 'LeadSoftwareArchitect', '1577');
INSERT INTO `SkillSet` (`id`) VALUES ('1578');
INSERT INTO `SkillSet_skills` (`SkillSet_id`, `skills`) VALUES ('1578', 'Gradle');
INSERT INTO `SkillSet_skills` (`SkillSet_id`, `skills`) VALUES ('1578', 'SQL');
INSERT INTO `SkillSet_skills` (`SkillSet_id`, `skills`) VALUES ('1578', 'SQL');
INSERT INTO `SkillSet_skills` (`SkillSet_id`, `skills`) VALUES ('1578', 'UnitTesting');
INSERT INTO `SkillSet_skills` (`SkillSet_id`, `skills`) VALUES ('1578', 'UITesting');
INSERT INTO `Hero` (`id`, `firstName`, `lastName`, `role`, `skillSet_id`) VALUES ('1578', 'Woryth', 'Prapiw', 'LeadEngineer', '1578');
INSERT INTO `SkillSet` (`id`) VALUES ('1579');
INSERT INTO `SkillSet_skills` (`SkillSet_id`, `skills`) VALUES ('1579', 'UnitTesting');
INSERT INTO `SkillSet_skills` (`SkillSet_id`, `skills`) VALUES ('1579', 'Architektur');
INSERT INTO `SkillSet_skills` (`SkillSet_id`, `skills`) VALUES ('1579', 'Architektur');
INSERT INTO `SkillSet_skills` (`SkillSet_id`, `skills`) VALUES ('1579', 'Java');
INSERT INTO `Hero` (`id`, `firstName`, `lastName`, `role`, `skillSet_id`) VALUES ('1579', 'Ous', 'Oop', 'PrincipalConsultant', '1579');
INSERT INTO `SkillSet` (`id`) VALUES ('1580');
INSERT INTO `SkillSet_skills` (`SkillSet_id`, `skills`) VALUES ('1580', 'UnitTesting');
INSERT INTO `SkillSet_skills` (`SkillSet_id`, `skills`) VALUES ('1580', 'SQL');
INSERT INTO `SkillSet_skills` (`SkillSet_id`, `skills`) VALUES ('1580', 'Ant');
INSERT INTO `SkillSet_skills` (`SkillSet_id`, `skills`) VALUES ('1580', 'Gradle');
INSERT INTO `SkillSet_skills` (`SkillSet_id`, `skills`) VALUES ('1580', 'UITesting');
INSERT INTO `Hero` (`id`, `firstName`, `lastName`, `role`, `skillSet_id`) VALUES ('1580', 'Flateih', 'Kauz', 'LeadSoftwareArchitect', '1580');
INSERT INTO `SkillSet` (`id`) VALUES ('1581');
INSERT INTO `SkillSet_skills` (`SkillSet_id`, `skills`) VALUES ('1581', 'Maven');
INSERT INTO `SkillSet_skills` (`SkillSet_id`, `skills`) VALUES ('1581', 'Java');
INSERT INTO `SkillSet_skills` (`SkillSet_id`, `skills`) VALUES ('1581', 'Architektur');
INSERT INTO `SkillSet_skills` (`SkillSet_id`, `skills`) VALUES ('1581', 'SQL');
INSERT INTO `Hero` (`id`, `firstName`, `lastName`, `role`, `skillSet_id`) VALUES ('1581', 'Aistoth', 'Roobaf', 'LeadSoftwareArchitect', '1581');
INSERT INTO `SkillSet` (`id`) VALUES ('1582');
INSERT INTO `SkillSet_skills` (`SkillSet_id`, `skills`) VALUES ('1582', 'Ant');
INSERT INTO `SkillSet_skills` (`SkillSet_id`, `skills`) VALUES ('1582', 'Architektur');
INSERT INTO `SkillSet_skills` (`SkillSet_id`, `skills`) VALUES ('1582', 'Maven');
INSERT INTO `Hero` (`id`, `firstName`, `lastName`, `role`, `skillSet_id`) VALUES ('1582', 'Outtap', 'Jighen', 'PrincipalConsultant', '1582');
INSERT INTO `SkillSet` (`id`) VALUES ('1583');
INSERT INTO `SkillSet_skills` (`SkillSet_id`, `skills`) VALUES ('1583', 'dotNet');
INSERT INTO `Hero` (`id`, `firstName`, `lastName`, `role`, `skillSet_id`) VALUES ('1583', 'Oiss', 'Kloutt', 'PrincipalConsultant', '1583');
INSERT INTO `SkillSet` (`id`) VALUES ('1584');
INSERT INTO `SkillSet_skills` (`SkillSet_id`, `skills`) VALUES ('1584', 'dotNet');
INSERT INTO `Hero` (`id`, `firstName`, `lastName`, `role`, `skillSet_id`) VALUES ('1584', 'Ag', 'Teisal', 'SeniorSoftwareEngineer', '1584');
INSERT INTO `SkillSet` (`id`) VALUES ('1585');
INSERT INTO `SkillSet_skills` (`SkillSet_id`, `skills`) VALUES ('1585', 'UITesting');
INSERT INTO `SkillSet_skills` (`SkillSet_id`, `skills`) VALUES ('1585', 'UITesting');
INSERT INTO `SkillSet_skills` (`SkillSet_id`, `skills`) VALUES ('1585', 'UnitTesting');
INSERT INTO `SkillSet_skills` (`SkillSet_id`, `skills`) VALUES ('1585', 'UnitTesting');
INSERT INTO `SkillSet_skills` (`SkillSet_id`, `skills`) VALUES ('1585', 'Gradle');
INSERT INTO `Hero` (`id`, `firstName`, `lastName`, `role`, `skillSet_id`) VALUES ('1585', 'Prinn', 'Aiz', 'LeadEngineer', '1585');
INSERT INTO `SkillSet` (`id`) VALUES ('1586');
INSERT INTO `SkillSet_skills` (`SkillSet_id`, `skills`) VALUES ('1586', 'UnitTesting');
INSERT INTO `SkillSet_skills` (`SkillSet_id`, `skills`) VALUES ('1586', 'Gradle');
INSERT INTO `SkillSet_skills` (`SkillSet_id`, `skills`) VALUES ('1586', 'SQL');
INSERT INTO `Hero` (`id`, `firstName`, `lastName`, `role`, `skillSet_id`) VALUES ('1586', 'Chaishjis', 'Eiv', 'SoftwareEngineer', '1586');
INSERT INTO `SkillSet` (`id`) VALUES ('1587');
INSERT INTO `SkillSet_skills` (`SkillSet_id`, `skills`) VALUES ('1587', 'UnitTesting');
INSERT INTO `Hero` (`id`, `firstName`, `lastName`, `role`, `skillSet_id`) VALUES ('1587', 'Ozjil', 'Stjizait', 'LeadSoftwareArchitect', '1587');
INSERT INTO `SkillSet` (`id`) VALUES ('1588');
INSERT INTO `SkillSet_skills` (`SkillSet_id`, `skills`) VALUES ('1588', 'Gradle');
INSERT INTO `SkillSet_skills` (`SkillSet_id`, `skills`) VALUES ('1588', 'Java');
INSERT INTO `SkillSet_skills` (`SkillSet_id`, `skills`) VALUES ('1588', 'Architektur');
INSERT INTO `Hero` (`id`, `firstName`, `lastName`, `role`, `skillSet_id`) VALUES ('1588', 'Unten', 'Dit', 'SoftwareEngineer', '1588');
INSERT INTO `SkillSet` (`id`) VALUES ('1589');
INSERT INTO `SkillSet_skills` (`SkillSet_id`, `skills`) VALUES ('1589', 'SQL');
INSERT INTO `Hero` (`id`, `firstName`, `lastName`, `role`, `skillSet_id`) VALUES ('1589', 'Xos', 'Blois', 'SeniorSoftwareEngineer', '1589');
INSERT INTO `SkillSet` (`id`) VALUES ('1590');
INSERT INTO `SkillSet_skills` (`SkillSet_id`, `skills`) VALUES ('1590', 'Maven');
INSERT INTO `SkillSet_skills` (`SkillSet_id`, `skills`) VALUES ('1590', 'dotNet');
INSERT INTO `SkillSet_skills` (`SkillSet_id`, `skills`) VALUES ('1590', 'UITesting');
INSERT INTO `SkillSet_skills` (`SkillSet_id`, `skills`) VALUES ('1590', 'Gradle');
INSERT INTO `Hero` (`id`, `firstName`, `lastName`, `role`, `skillSet_id`) VALUES ('1590', 'Beissaw', 'Jishoutt', 'LeadSoftwareArchitect', '1590');
INSERT INTO `SkillSet` (`id`) VALUES ('1591');
INSERT INTO `SkillSet_skills` (`SkillSet_id`, `skills`) VALUES ('1591', 'dotNet');
INSERT INTO `SkillSet_skills` (`SkillSet_id`, `skills`) VALUES ('1591', 'UnitTesting');
INSERT INTO `Hero` (`id`, `firstName`, `lastName`, `role`, `skillSet_id`) VALUES ('1591', 'Us', 'Oor', 'SoftwareEngineer', '1591');
INSERT INTO `SkillSet` (`id`) VALUES ('1592');
INSERT INTO `SkillSet_skills` (`SkillSet_id`, `skills`) VALUES ('1592', 'UnitTesting');
INSERT INTO `SkillSet_skills` (`SkillSet_id`, `skills`) VALUES ('1592', 'Java');
INSERT INTO `SkillSet_skills` (`SkillSet_id`, `skills`) VALUES ('1592', 'dotNet');
INSERT INTO `SkillSet_skills` (`SkillSet_id`, `skills`) VALUES ('1592', 'UnitTesting');
INSERT INTO `SkillSet_skills` (`SkillSet_id`, `skills`) VALUES ('1592', 'Java');
INSERT INTO `Hero` (`id`, `firstName`, `lastName`, `role`, `skillSet_id`) VALUES ('1592', 'Oigant', 'Foiwytt', 'PrincipalConsultant', '1592');
INSERT INTO `SkillSet` (`id`) VALUES ('1593');
INSERT INTO `SkillSet_skills` (`SkillSet_id`, `skills`) VALUES ('1593', 'SQL');
INSERT INTO `Hero` (`id`, `firstName`, `lastName`, `role`, `skillSet_id`) VALUES ('1593', 'Us', 'Gruch', 'SeniorSoftwareEngineer', '1593');
INSERT INTO `SkillSet` (`id`) VALUES ('1594');
INSERT INTO `SkillSet_skills` (`SkillSet_id`, `skills`) VALUES ('1594', 'Architektur');
INSERT INTO `SkillSet_skills` (`SkillSet_id`, `skills`) VALUES ('1594', 'SQL');
INSERT INTO `Hero` (`id`, `firstName`, `lastName`, `role`, `skillSet_id`) VALUES ('1594', 'Bleiseipf', 'Ottjp', 'SeniorSoftwareEngineer', '1594');
INSERT INTO `SkillSet` (`id`) VALUES ('1595');
INSERT INTO `SkillSet_skills` (`SkillSet_id`, `skills`) VALUES ('1595', 'SQL');
INSERT INTO `SkillSet_skills` (`SkillSet_id`, `skills`) VALUES ('1595', 'UnitTesting');
INSERT INTO `SkillSet_skills` (`SkillSet_id`, `skills`) VALUES ('1595', 'SQL');
INSERT INTO `Hero` (`id`, `firstName`, `lastName`, `role`, `skillSet_id`) VALUES ('1595', 'Vjipfoum', 'Kauch', 'PrincipalConsultant', '1595');
INSERT INTO `SkillSet` (`id`) VALUES ('1596');
INSERT INTO `SkillSet_skills` (`SkillSet_id`, `skills`) VALUES ('1596', 'Maven');
INSERT INTO `SkillSet_skills` (`SkillSet_id`, `skills`) VALUES ('1596', 'UnitTesting');
INSERT INTO `SkillSet_skills` (`SkillSet_id`, `skills`) VALUES ('1596', 'Java');
INSERT INTO `Hero` (`id`, `firstName`, `lastName`, `role`, `skillSet_id`) VALUES ('1596', 'Noud', 'Veiwon', 'SoftwareEngineer', '1596');
INSERT INTO `SkillSet` (`id`) VALUES ('1597');
INSERT INTO `SkillSet_skills` (`SkillSet_id`, `skills`) VALUES ('1597', 'UITesting');
INSERT INTO `SkillSet_skills` (`SkillSet_id`, `skills`) VALUES ('1597', 'Java');
INSERT INTO `SkillSet_skills` (`SkillSet_id`, `skills`) VALUES ('1597', 'UnitTesting');
INSERT INTO `SkillSet_skills` (`SkillSet_id`, `skills`) VALUES ('1597', 'SQL');
INSERT INTO `Hero` (`id`, `firstName`, `lastName`, `role`, `skillSet_id`) VALUES ('1597', 'Oulus', 'Iwunt', 'SeniorSoftwareEngineer', '1597');
INSERT INTO `SkillSet` (`id`) VALUES ('1598');
INSERT INTO `SkillSet_skills` (`SkillSet_id`, `skills`) VALUES ('1598', 'SQL');
INSERT INTO `SkillSet_skills` (`SkillSet_id`, `skills`) VALUES ('1598', 'UITesting');
INSERT INTO `SkillSet_skills` (`SkillSet_id`, `skills`) VALUES ('1598', 'UITesting');
INSERT INTO `SkillSet_skills` (`SkillSet_id`, `skills`) VALUES ('1598', 'UnitTesting');
INSERT INTO `Hero` (`id`, `firstName`, `lastName`, `role`, `skillSet_id`) VALUES ('1598', 'Ughoitt', 'Pjch', 'PrincipalConsultant', '1598');
INSERT INTO `SkillSet` (`id`) VALUES ('1599');
INSERT INTO `SkillSet_skills` (`SkillSet_id`, `skills`) VALUES ('1599', 'Maven');
INSERT INTO `SkillSet_skills` (`SkillSet_id`, `skills`) VALUES ('1599', 'UITesting');
INSERT INTO `Hero` (`id`, `firstName`, `lastName`, `role`, `skillSet_id`) VALUES ('1599', 'Jifaunt', 'Ezid', 'SeniorSoftwareEngineer', '1599');
INSERT INTO `SkillSet` (`id`) VALUES ('1600');
INSERT INTO `SkillSet_skills` (`SkillSet_id`, `skills`) VALUES ('1600', 'UnitTesting');
INSERT INTO `SkillSet_skills` (`SkillSet_id`, `skills`) VALUES ('1600', 'dotNet');
INSERT INTO `SkillSet_skills` (`SkillSet_id`, `skills`) VALUES ('1600', 'Architektur');
INSERT INTO `SkillSet_skills` (`SkillSet_id`, `skills`) VALUES ('1600', 'Ant');
INSERT INTO `SkillSet_skills` (`SkillSet_id`, `skills`) VALUES ('1600', 'dotNet');
INSERT INTO `Hero` (`id`, `firstName`, `lastName`, `role`, `skillSet_id`) VALUES ('1600', 'Avitt', 'Uf', 'JuniorSoftwareEngineer', '1600');
INSERT INTO `SkillSet` (`id`) VALUES ('1601');
INSERT INTO `SkillSet_skills` (`SkillSet_id`, `skills`) VALUES ('1601', 'Ant');
INSERT INTO `SkillSet_skills` (`SkillSet_id`, `skills`) VALUES ('1601', 'UnitTesting');
INSERT INTO `SkillSet_skills` (`SkillSet_id`, `skills`) VALUES ('1601', 'Java');
INSERT INTO `Hero` (`id`, `firstName`, `lastName`, `role`, `skillSet_id`) VALUES ('1601', 'Ovaust', 'Ich', 'SeniorSoftwareEngineer', '1601');
INSERT INTO `SkillSet` (`id`) VALUES ('1602');
INSERT INTO `SkillSet_skills` (`SkillSet_id`, `skills`) VALUES ('1602', 'SQL');
INSERT INTO `SkillSet_skills` (`SkillSet_id`, `skills`) VALUES ('1602', 'dotNet');
INSERT INTO `Hero` (`id`, `firstName`, `lastName`, `role`, `skillSet_id`) VALUES ('1602', 'Blaughjpf', 'Yw', 'PrincipalConsultant', '1602');
INSERT INTO `SkillSet` (`id`) VALUES ('1603');
INSERT INTO `SkillSet_skills` (`SkillSet_id`, `skills`) VALUES ('1603', 'dotNet');
INSERT INTO `SkillSet_skills` (`SkillSet_id`, `skills`) VALUES ('1603', 'Ant');
INSERT INTO `SkillSet_skills` (`SkillSet_id`, `skills`) VALUES ('1603', 'Gradle');
INSERT INTO `SkillSet_skills` (`SkillSet_id`, `skills`) VALUES ('1603', 'Gradle');
INSERT INTO `Hero` (`id`, `firstName`, `lastName`, `role`, `skillSet_id`) VALUES ('1603', 'Zagh', 'Vath', 'SeniorSoftwareEngineer', '1603');
INSERT INTO `SkillSet` (`id`) VALUES ('1604');
INSERT INTO `SkillSet_skills` (`SkillSet_id`, `skills`) VALUES ('1604', 'UnitTesting');
INSERT INTO `SkillSet_skills` (`SkillSet_id`, `skills`) VALUES ('1604', 'SQL');
INSERT INTO `SkillSet_skills` (`SkillSet_id`, `skills`) VALUES ('1604', 'dotNet');
INSERT INTO `Hero` (`id`, `firstName`, `lastName`, `role`, `skillSet_id`) VALUES ('1604', 'Propfoish', 'Eljich', 'SeniorSoftwareEngineer', '1604');
INSERT INTO `SkillSet` (`id`) VALUES ('1605');
INSERT INTO `SkillSet_skills` (`SkillSet_id`, `skills`) VALUES ('1605', 'Architektur');
INSERT INTO `Hero` (`id`, `firstName`, `lastName`, `role`, `skillSet_id`) VALUES ('1605', 'Jint', 'Us', 'JuniorSoftwareEngineer', '1605');
INSERT INTO `SkillSet` (`id`) VALUES ('1606');
INSERT INTO `SkillSet_skills` (`SkillSet_id`, `skills`) VALUES ('1606', 'UITesting');
INSERT INTO `SkillSet_skills` (`SkillSet_id`, `skills`) VALUES ('1606', 'Maven');
INSERT INTO `SkillSet_skills` (`SkillSet_id`, `skills`) VALUES ('1606', 'Ant');
INSERT INTO `SkillSet_skills` (`SkillSet_id`, `skills`) VALUES ('1606', 'SQL');
INSERT INTO `SkillSet_skills` (`SkillSet_id`, `skills`) VALUES ('1606', 'UITesting');
INSERT INTO `Hero` (`id`, `firstName`, `lastName`, `role`, `skillSet_id`) VALUES ('1606', 'Ivoos', 'Anjp', 'SeniorSoftwareEngineer', '1606');
INSERT INTO `SkillSet` (`id`) VALUES ('1607');
INSERT INTO `SkillSet_skills` (`SkillSet_id`, `skills`) VALUES ('1607', 'dotNet');
INSERT INTO `SkillSet_skills` (`SkillSet_id`, `skills`) VALUES ('1607', 'Gradle');
INSERT INTO `SkillSet_skills` (`SkillSet_id`, `skills`) VALUES ('1607', 'Maven');
INSERT INTO `Hero` (`id`, `firstName`, `lastName`, `role`, `skillSet_id`) VALUES ('1607', 'Beil', 'Cout', 'SoftwareEngineer', '1607');
INSERT INTO `SkillSet` (`id`) VALUES ('1608');
INSERT INTO `SkillSet_skills` (`SkillSet_id`, `skills`) VALUES ('1608', 'UITesting');
INSERT INTO `SkillSet_skills` (`SkillSet_id`, `skills`) VALUES ('1608', 'Maven');
INSERT INTO `Hero` (`id`, `firstName`, `lastName`, `role`, `skillSet_id`) VALUES ('1608', 'Toosh', 'Kloostuh', 'SoftwareEngineer', '1608');
INSERT INTO `SkillSet` (`id`) VALUES ('1609');
INSERT INTO `SkillSet_skills` (`SkillSet_id`, `skills`) VALUES ('1609', 'UITesting');
INSERT INTO `SkillSet_skills` (`SkillSet_id`, `skills`) VALUES ('1609', 'Architektur');
INSERT INTO `SkillSet_skills` (`SkillSet_id`, `skills`) VALUES ('1609', 'UnitTesting');
INSERT INTO `Hero` (`id`, `firstName`, `lastName`, `role`, `skillSet_id`) VALUES ('1609', 'Mik', 'Ereig', 'SeniorSoftwareEngineer', '1609');
INSERT INTO `SkillSet` (`id`) VALUES ('1610');
INSERT INTO `SkillSet_skills` (`SkillSet_id`, `skills`) VALUES ('1610', 'Ant');
INSERT INTO `SkillSet_skills` (`SkillSet_id`, `skills`) VALUES ('1610', 'dotNet');
INSERT INTO `SkillSet_skills` (`SkillSet_id`, `skills`) VALUES ('1610', 'UnitTesting');
INSERT INTO `SkillSet_skills` (`SkillSet_id`, `skills`) VALUES ('1610', 'UnitTesting');
INSERT INTO `Hero` (`id`, `firstName`, `lastName`, `role`, `skillSet_id`) VALUES ('1610', 'Proish', 'Oofoost', 'LeadSoftwareArchitect', '1610');
INSERT INTO `SkillSet` (`id`) VALUES ('1611');
INSERT INTO `SkillSet_skills` (`SkillSet_id`, `skills`) VALUES ('1611', 'SQL');
INSERT INTO `SkillSet_skills` (`SkillSet_id`, `skills`) VALUES ('1611', 'UITesting');
INSERT INTO `SkillSet_skills` (`SkillSet_id`, `skills`) VALUES ('1611', 'UITesting');
INSERT INTO `SkillSet_skills` (`SkillSet_id`, `skills`) VALUES ('1611', 'Ant');
INSERT INTO `Hero` (`id`, `firstName`, `lastName`, `role`, `skillSet_id`) VALUES ('1611', 'Oissjt', 'Qooniss', 'LeadSoftwareArchitect', '1611');
INSERT INTO `SkillSet` (`id`) VALUES ('1612');
INSERT INTO `SkillSet_skills` (`SkillSet_id`, `skills`) VALUES ('1612', 'Architektur');
INSERT INTO `Hero` (`id`, `firstName`, `lastName`, `role`, `skillSet_id`) VALUES ('1612', 'Gryth', 'Antuh', 'SoftwareEngineer', '1612');
INSERT INTO `SkillSet` (`id`) VALUES ('1613');
INSERT INTO `SkillSet_skills` (`SkillSet_id`, `skills`) VALUES ('1613', 'Gradle');
INSERT INTO `SkillSet_skills` (`SkillSet_id`, `skills`) VALUES ('1613', 'UITesting');
INSERT INTO `SkillSet_skills` (`SkillSet_id`, `skills`) VALUES ('1613', 'UITesting');
INSERT INTO `SkillSet_skills` (`SkillSet_id`, `skills`) VALUES ('1613', 'SQL');
INSERT INTO `Hero` (`id`, `firstName`, `lastName`, `role`, `skillSet_id`) VALUES ('1613', 'Flauf', 'Ifygh', 'LeadSoftwareArchitect', '1613');
INSERT INTO `SkillSet` (`id`) VALUES ('1614');
INSERT INTO `SkillSet_skills` (`SkillSet_id`, `skills`) VALUES ('1614', 'Gradle');
INSERT INTO `SkillSet_skills` (`SkillSet_id`, `skills`) VALUES ('1614', 'UITesting');
INSERT INTO `SkillSet_skills` (`SkillSet_id`, `skills`) VALUES ('1614', 'Java');
INSERT INTO `Hero` (`id`, `firstName`, `lastName`, `role`, `skillSet_id`) VALUES ('1614', 'Did', 'Oun', 'LeadSoftwareArchitect', '1614');
INSERT INTO `SkillSet` (`id`) VALUES ('1615');
INSERT INTO `SkillSet_skills` (`SkillSet_id`, `skills`) VALUES ('1615', 'Java');
INSERT INTO `Hero` (`id`, `firstName`, `lastName`, `role`, `skillSet_id`) VALUES ('1615', 'Kaugjint', 'Keish', 'SoftwareEngineer', '1615');
INSERT INTO `SkillSet` (`id`) VALUES ('1616');
INSERT INTO `SkillSet_skills` (`SkillSet_id`, `skills`) VALUES ('1616', 'SQL');
INSERT INTO `Hero` (`id`, `firstName`, `lastName`, `role`, `skillSet_id`) VALUES ('1616', 'Oim', 'Oig', 'LeadEngineer', '1616');
INSERT INTO `SkillSet` (`id`) VALUES ('1617');
INSERT INTO `SkillSet_skills` (`SkillSet_id`, `skills`) VALUES ('1617', 'UITesting');
INSERT INTO `SkillSet_skills` (`SkillSet_id`, `skills`) VALUES ('1617', 'SQL');
INSERT INTO `Hero` (`id`, `firstName`, `lastName`, `role`, `skillSet_id`) VALUES ('1617', 'Ouhoish', 'Xoifjin', 'LeadSoftwareArchitect', '1617');
INSERT INTO `SkillSet` (`id`) VALUES ('1618');
INSERT INTO `SkillSet_skills` (`SkillSet_id`, `skills`) VALUES ('1618', 'UITesting');
INSERT INTO `SkillSet_skills` (`SkillSet_id`, `skills`) VALUES ('1618', 'Ant');
INSERT INTO `SkillSet_skills` (`SkillSet_id`, `skills`) VALUES ('1618', 'Maven');
INSERT INTO `Hero` (`id`, `firstName`, `lastName`, `role`, `skillSet_id`) VALUES ('1618', 'Glagh', 'Ohutt', 'SeniorSoftwareEngineer', '1618');
INSERT INTO `SkillSet` (`id`) VALUES ('1619');
INSERT INTO `SkillSet_skills` (`SkillSet_id`, `skills`) VALUES ('1619', 'UITesting');
INSERT INTO `Hero` (`id`, `firstName`, `lastName`, `role`, `skillSet_id`) VALUES ('1619', 'Eghuth', 'Ool', 'SeniorSoftwareEngineer', '1619');
INSERT INTO `SkillSet` (`id`) VALUES ('1620');
INSERT INTO `SkillSet_skills` (`SkillSet_id`, `skills`) VALUES ('1620', 'Architektur');
INSERT INTO `Hero` (`id`, `firstName`, `lastName`, `role`, `skillSet_id`) VALUES ('1620', 'Ohoiz', 'Eist', 'SeniorSoftwareEngineer', '1620');
INSERT INTO `SkillSet` (`id`) VALUES ('1621');
INSERT INTO `SkillSet_skills` (`SkillSet_id`, `skills`) VALUES ('1621', 'UITesting');
INSERT INTO `SkillSet_skills` (`SkillSet_id`, `skills`) VALUES ('1621', 'Maven');
INSERT INTO `SkillSet_skills` (`SkillSet_id`, `skills`) VALUES ('1621', 'Maven');
INSERT INTO `SkillSet_skills` (`SkillSet_id`, `skills`) VALUES ('1621', 'Maven');
INSERT INTO `Hero` (`id`, `firstName`, `lastName`, `role`, `skillSet_id`) VALUES ('1621', 'Or', 'Groontak', 'JuniorSoftwareEngineer', '1621');
INSERT INTO `SkillSet` (`id`) VALUES ('1622');
INSERT INTO `SkillSet_skills` (`SkillSet_id`, `skills`) VALUES ('1622', 'Java');
INSERT INTO `SkillSet_skills` (`SkillSet_id`, `skills`) VALUES ('1622', 'dotNet');
INSERT INTO `SkillSet_skills` (`SkillSet_id`, `skills`) VALUES ('1622', 'dotNet');
INSERT INTO `SkillSet_skills` (`SkillSet_id`, `skills`) VALUES ('1622', 'Ant');
INSERT INTO `SkillSet_skills` (`SkillSet_id`, `skills`) VALUES ('1622', 'Java');
INSERT INTO `Hero` (`id`, `firstName`, `lastName`, `role`, `skillSet_id`) VALUES ('1622', 'Grjpfist', 'Chout', 'SeniorSoftwareEngineer', '1622');
INSERT INTO `SkillSet` (`id`) VALUES ('1623');
INSERT INTO `SkillSet_skills` (`SkillSet_id`, `skills`) VALUES ('1623', 'Ant');
INSERT INTO `SkillSet_skills` (`SkillSet_id`, `skills`) VALUES ('1623', 'UITesting');
INSERT INTO `SkillSet_skills` (`SkillSet_id`, `skills`) VALUES ('1623', 'Java');
INSERT INTO `Hero` (`id`, `firstName`, `lastName`, `role`, `skillSet_id`) VALUES ('1623', 'Uttigh', 'Oljist', 'PrincipalConsultant', '1623');
INSERT INTO `SkillSet` (`id`) VALUES ('1624');
INSERT INTO `SkillSet_skills` (`SkillSet_id`, `skills`) VALUES ('1624', 'Java');
INSERT INTO `SkillSet_skills` (`SkillSet_id`, `skills`) VALUES ('1624', 'Gradle');
INSERT INTO `Hero` (`id`, `firstName`, `lastName`, `role`, `skillSet_id`) VALUES ('1624', 'Out', 'Ybez', 'JuniorSoftwareEngineer', '1624');
INSERT INTO `SkillSet` (`id`) VALUES ('1625');
INSERT INTO `SkillSet_skills` (`SkillSet_id`, `skills`) VALUES ('1625', 'Architektur');
INSERT INTO `SkillSet_skills` (`SkillSet_id`, `skills`) VALUES ('1625', 'Architektur');
INSERT INTO `SkillSet_skills` (`SkillSet_id`, `skills`) VALUES ('1625', 'UnitTesting');
INSERT INTO `Hero` (`id`, `firstName`, `lastName`, `role`, `skillSet_id`) VALUES ('1625', 'Ouboul', 'Jnyw', 'LeadSoftwareArchitect', '1625');
INSERT INTO `SkillSet` (`id`) VALUES ('1626');
INSERT INTO `SkillSet_skills` (`SkillSet_id`, `skills`) VALUES ('1626', 'Gradle');
INSERT INTO `SkillSet_skills` (`SkillSet_id`, `skills`) VALUES ('1626', 'UnitTesting');
INSERT INTO `SkillSet_skills` (`SkillSet_id`, `skills`) VALUES ('1626', 'Java');
INSERT INTO `Hero` (`id`, `firstName`, `lastName`, `role`, `skillSet_id`) VALUES ('1626', 'Eilup', 'Oupeiw', 'SoftwareEngineer', '1626');
INSERT INTO `SkillSet` (`id`) VALUES ('1627');
INSERT INTO `SkillSet_skills` (`SkillSet_id`, `skills`) VALUES ('1627', 'Java');
INSERT INTO `SkillSet_skills` (`SkillSet_id`, `skills`) VALUES ('1627', 'Java');
INSERT INTO `SkillSet_skills` (`SkillSet_id`, `skills`) VALUES ('1627', 'UnitTesting');
INSERT INTO `SkillSet_skills` (`SkillSet_id`, `skills`) VALUES ('1627', 'UnitTesting');
INSERT INTO `Hero` (`id`, `firstName`, `lastName`, `role`, `skillSet_id`) VALUES ('1627', 'Jipaf', 'Ostooss', 'LeadEngineer', '1627');
INSERT INTO `SkillSet` (`id`) VALUES ('1628');
INSERT INTO `SkillSet_skills` (`SkillSet_id`, `skills`) VALUES ('1628', 'Gradle');
INSERT INTO `SkillSet_skills` (`SkillSet_id`, `skills`) VALUES ('1628', 'Ant');
INSERT INTO `Hero` (`id`, `firstName`, `lastName`, `role`, `skillSet_id`) VALUES ('1628', 'Ent', 'Oich', 'SoftwareEngineer', '1628');
INSERT INTO `SkillSet` (`id`) VALUES ('1629');
INSERT INTO `SkillSet_skills` (`SkillSet_id`, `skills`) VALUES ('1629', 'UITesting');
INSERT INTO `SkillSet_skills` (`SkillSet_id`, `skills`) VALUES ('1629', 'Ant');
INSERT INTO `SkillSet_skills` (`SkillSet_id`, `skills`) VALUES ('1629', 'SQL');
INSERT INTO `Hero` (`id`, `firstName`, `lastName`, `role`, `skillSet_id`) VALUES ('1629', 'Qeh', 'Ufeih', 'SeniorSoftwareEngineer', '1629');
INSERT INTO `SkillSet` (`id`) VALUES ('1630');
INSERT INTO `SkillSet_skills` (`SkillSet_id`, `skills`) VALUES ('1630', 'Maven');
INSERT INTO `SkillSet_skills` (`SkillSet_id`, `skills`) VALUES ('1630', 'UnitTesting');
INSERT INTO `SkillSet_skills` (`SkillSet_id`, `skills`) VALUES ('1630', 'Ant');
INSERT INTO `SkillSet_skills` (`SkillSet_id`, `skills`) VALUES ('1630', 'dotNet');
INSERT INTO `Hero` (`id`, `firstName`, `lastName`, `role`, `skillSet_id`) VALUES ('1630', 'Jibjitt', 'Fleshjb', 'SeniorSoftwareEngineer', '1630');
INSERT INTO `SkillSet` (`id`) VALUES ('1631');
INSERT INTO `SkillSet_skills` (`SkillSet_id`, `skills`) VALUES ('1631', 'SQL');
INSERT INTO `SkillSet_skills` (`SkillSet_id`, `skills`) VALUES ('1631', 'Java');
INSERT INTO `SkillSet_skills` (`SkillSet_id`, `skills`) VALUES ('1631', 'Ant');
INSERT INTO `SkillSet_skills` (`SkillSet_id`, `skills`) VALUES ('1631', 'Ant');
INSERT INTO `Hero` (`id`, `firstName`, `lastName`, `role`, `skillSet_id`) VALUES ('1631', 'Graf', 'Lar', 'SoftwareEngineer', '1631');
INSERT INTO `SkillSet` (`id`) VALUES ('1632');
INSERT INTO `SkillSet_skills` (`SkillSet_id`, `skills`) VALUES ('1632', 'Ant');
INSERT INTO `SkillSet_skills` (`SkillSet_id`, `skills`) VALUES ('1632', 'Ant');
INSERT INTO `SkillSet_skills` (`SkillSet_id`, `skills`) VALUES ('1632', 'SQL');
INSERT INTO `SkillSet_skills` (`SkillSet_id`, `skills`) VALUES ('1632', 'Maven');
INSERT INTO `Hero` (`id`, `firstName`, `lastName`, `role`, `skillSet_id`) VALUES ('1632', 'Sagh', 'Oikoont', 'SeniorSoftwareEngineer', '1632');
INSERT INTO `SkillSet` (`id`) VALUES ('1633');
INSERT INTO `SkillSet_skills` (`SkillSet_id`, `skills`) VALUES ('1633', 'UnitTesting');
INSERT INTO `Hero` (`id`, `firstName`, `lastName`, `role`, `skillSet_id`) VALUES ('1633', 'Enuch', 'Stoopf', 'JuniorSoftwareEngineer', '1633');
INSERT INTO `SkillSet` (`id`) VALUES ('1634');
INSERT INTO `SkillSet_skills` (`SkillSet_id`, `skills`) VALUES ('1634', 'Gradle');
INSERT INTO `SkillSet_skills` (`SkillSet_id`, `skills`) VALUES ('1634', 'Architektur');
INSERT INTO `SkillSet_skills` (`SkillSet_id`, `skills`) VALUES ('1634', 'Gradle');
INSERT INTO `SkillSet_skills` (`SkillSet_id`, `skills`) VALUES ('1634', 'Ant');
INSERT INTO `SkillSet_skills` (`SkillSet_id`, `skills`) VALUES ('1634', 'Java');
INSERT INTO `Hero` (`id`, `firstName`, `lastName`, `role`, `skillSet_id`) VALUES ('1634', 'Oomjk', 'Hetauk', 'SeniorSoftwareEngineer', '1634');
INSERT INTO `SkillSet` (`id`) VALUES ('1635');
INSERT INTO `SkillSet_skills` (`SkillSet_id`, `skills`) VALUES ('1635', 'UnitTesting');
INSERT INTO `SkillSet_skills` (`SkillSet_id`, `skills`) VALUES ('1635', 'Maven');
INSERT INTO `SkillSet_skills` (`SkillSet_id`, `skills`) VALUES ('1635', 'SQL');
INSERT INTO `SkillSet_skills` (`SkillSet_id`, `skills`) VALUES ('1635', 'Gradle');
INSERT INTO `SkillSet_skills` (`SkillSet_id`, `skills`) VALUES ('1635', 'Java');
INSERT INTO `Hero` (`id`, `firstName`, `lastName`, `role`, `skillSet_id`) VALUES ('1635', 'Chaunnjik', 'Jid', 'LeadEngineer', '1635');
INSERT INTO `SkillSet` (`id`) VALUES ('1636');
INSERT INTO `SkillSet_skills` (`SkillSet_id`, `skills`) VALUES ('1636', 'Maven');
INSERT INTO `SkillSet_skills` (`SkillSet_id`, `skills`) VALUES ('1636', 'Architektur');
INSERT INTO `SkillSet_skills` (`SkillSet_id`, `skills`) VALUES ('1636', 'Maven');
INSERT INTO `Hero` (`id`, `firstName`, `lastName`, `role`, `skillSet_id`) VALUES ('1636', 'Ureb', 'Aun', 'JuniorSoftwareEngineer', '1636');
INSERT INTO `SkillSet` (`id`) VALUES ('1637');
INSERT INTO `SkillSet_skills` (`SkillSet_id`, `skills`) VALUES ('1637', 'UITesting');
INSERT INTO `Hero` (`id`, `firstName`, `lastName`, `role`, `skillSet_id`) VALUES ('1637', 'Auneigh', 'Ainn', 'JuniorSoftwareEngineer', '1637');
INSERT INTO `SkillSet` (`id`) VALUES ('1638');
INSERT INTO `SkillSet_skills` (`SkillSet_id`, `skills`) VALUES ('1638', 'Ant');
INSERT INTO `SkillSet_skills` (`SkillSet_id`, `skills`) VALUES ('1638', 'Ant');
INSERT INTO `SkillSet_skills` (`SkillSet_id`, `skills`) VALUES ('1638', 'UnitTesting');
INSERT INTO `Hero` (`id`, `firstName`, `lastName`, `role`, `skillSet_id`) VALUES ('1638', 'Melook', 'Aup', 'SoftwareEngineer', '1638');
INSERT INTO `SkillSet` (`id`) VALUES ('1639');
INSERT INTO `SkillSet_skills` (`SkillSet_id`, `skills`) VALUES ('1639', 'UITesting');
INSERT INTO `SkillSet_skills` (`SkillSet_id`, `skills`) VALUES ('1639', 'Ant');
INSERT INTO `SkillSet_skills` (`SkillSet_id`, `skills`) VALUES ('1639', 'Architektur');
INSERT INTO `SkillSet_skills` (`SkillSet_id`, `skills`) VALUES ('1639', 'Maven');
INSERT INTO `Hero` (`id`, `firstName`, `lastName`, `role`, `skillSet_id`) VALUES ('1639', 'Jith', 'Yhjth', 'PrincipalConsultant', '1639');
INSERT INTO `SkillSet` (`id`) VALUES ('1640');
INSERT INTO `SkillSet_skills` (`SkillSet_id`, `skills`) VALUES ('1640', 'Maven');
INSERT INTO `SkillSet_skills` (`SkillSet_id`, `skills`) VALUES ('1640', 'Ant');
INSERT INTO `SkillSet_skills` (`SkillSet_id`, `skills`) VALUES ('1640', 'UnitTesting');
INSERT INTO `Hero` (`id`, `firstName`, `lastName`, `role`, `skillSet_id`) VALUES ('1640', 'Oogjm', 'Tifeid', 'LeadSoftwareArchitect', '1640');
INSERT INTO `SkillSet` (`id`) VALUES ('1641');
INSERT INTO `SkillSet_skills` (`SkillSet_id`, `skills`) VALUES ('1641', 'Maven');
INSERT INTO `Hero` (`id`, `firstName`, `lastName`, `role`, `skillSet_id`) VALUES ('1641', 'Otan', 'Js', 'SeniorSoftwareEngineer', '1641');
INSERT INTO `SkillSet` (`id`) VALUES ('1642');
INSERT INTO `SkillSet_skills` (`SkillSet_id`, `skills`) VALUES ('1642', 'dotNet');
INSERT INTO `SkillSet_skills` (`SkillSet_id`, `skills`) VALUES ('1642', 'Architektur');
INSERT INTO `SkillSet_skills` (`SkillSet_id`, `skills`) VALUES ('1642', 'SQL');
INSERT INTO `SkillSet_skills` (`SkillSet_id`, `skills`) VALUES ('1642', 'Gradle');
INSERT INTO `SkillSet_skills` (`SkillSet_id`, `skills`) VALUES ('1642', 'Java');
INSERT INTO `Hero` (`id`, `firstName`, `lastName`, `role`, `skillSet_id`) VALUES ('1642', 'Oichyz', 'Stjntoun', 'SoftwareEngineer', '1642');
INSERT INTO `SkillSet` (`id`) VALUES ('1643');
INSERT INTO `SkillSet_skills` (`SkillSet_id`, `skills`) VALUES ('1643', 'UITesting');
INSERT INTO `SkillSet_skills` (`SkillSet_id`, `skills`) VALUES ('1643', 'UITesting');
INSERT INTO `Hero` (`id`, `firstName`, `lastName`, `role`, `skillSet_id`) VALUES ('1643', 'Totagh', 'Ughagh', 'JuniorSoftwareEngineer', '1643');
INSERT INTO `SkillSet` (`id`) VALUES ('1644');
INSERT INTO `SkillSet_skills` (`SkillSet_id`, `skills`) VALUES ('1644', 'SQL');
INSERT INTO `SkillSet_skills` (`SkillSet_id`, `skills`) VALUES ('1644', 'UnitTesting');
INSERT INTO `SkillSet_skills` (`SkillSet_id`, `skills`) VALUES ('1644', 'Architektur');
INSERT INTO `Hero` (`id`, `firstName`, `lastName`, `role`, `skillSet_id`) VALUES ('1644', 'Proussjh', 'Auz', 'PrincipalConsultant', '1644');
INSERT INTO `SkillSet` (`id`) VALUES ('1645');
INSERT INTO `SkillSet_skills` (`SkillSet_id`, `skills`) VALUES ('1645', 'UnitTesting');
INSERT INTO `SkillSet_skills` (`SkillSet_id`, `skills`) VALUES ('1645', 'SQL');
INSERT INTO `SkillSet_skills` (`SkillSet_id`, `skills`) VALUES ('1645', 'Gradle');
INSERT INTO `SkillSet_skills` (`SkillSet_id`, `skills`) VALUES ('1645', 'SQL');
INSERT INTO `Hero` (`id`, `firstName`, `lastName`, `role`, `skillSet_id`) VALUES ('1645', 'Jw', 'Kloufid', 'JuniorSoftwareEngineer', '1645');
INSERT INTO `SkillSet` (`id`) VALUES ('1646');
INSERT INTO `SkillSet_skills` (`SkillSet_id`, `skills`) VALUES ('1646', 'Gradle');
INSERT INTO `SkillSet_skills` (`SkillSet_id`, `skills`) VALUES ('1646', 'Architektur');
INSERT INTO `SkillSet_skills` (`SkillSet_id`, `skills`) VALUES ('1646', 'Gradle');
INSERT INTO `Hero` (`id`, `firstName`, `lastName`, `role`, `skillSet_id`) VALUES ('1646', 'Blentoitt', 'Um', 'LeadSoftwareArchitect', '1646');
INSERT INTO `SkillSet` (`id`) VALUES ('1647');
INSERT INTO `SkillSet_skills` (`SkillSet_id`, `skills`) VALUES ('1647', 'SQL');
INSERT INTO `SkillSet_skills` (`SkillSet_id`, `skills`) VALUES ('1647', 'Gradle');
INSERT INTO `SkillSet_skills` (`SkillSet_id`, `skills`) VALUES ('1647', 'Ant');
INSERT INTO `SkillSet_skills` (`SkillSet_id`, `skills`) VALUES ('1647', 'Maven');
INSERT INTO `SkillSet_skills` (`SkillSet_id`, `skills`) VALUES ('1647', 'Gradle');
INSERT INTO `Hero` (`id`, `firstName`, `lastName`, `role`, `skillSet_id`) VALUES ('1647', 'Stam', 'Oith', 'JuniorSoftwareEngineer', '1647');
INSERT INTO `SkillSet` (`id`) VALUES ('1648');
INSERT INTO `SkillSet_skills` (`SkillSet_id`, `skills`) VALUES ('1648', 'Maven');
INSERT INTO `SkillSet_skills` (`SkillSet_id`, `skills`) VALUES ('1648', 'Maven');
INSERT INTO `Hero` (`id`, `firstName`, `lastName`, `role`, `skillSet_id`) VALUES ('1648', 'Chjih', 'Chjttent', 'SoftwareEngineer', '1648');
INSERT INTO `SkillSet` (`id`) VALUES ('1649');
INSERT INTO `SkillSet_skills` (`SkillSet_id`, `skills`) VALUES ('1649', 'dotNet');
INSERT INTO `Hero` (`id`, `firstName`, `lastName`, `role`, `skillSet_id`) VALUES ('1649', 'Onnyss', 'Grymjst', 'JuniorSoftwareEngineer', '1649');
INSERT INTO `SkillSet` (`id`) VALUES ('1650');
INSERT INTO `SkillSet_skills` (`SkillSet_id`, `skills`) VALUES ('1650', 'SQL');
INSERT INTO `Hero` (`id`, `firstName`, `lastName`, `role`, `skillSet_id`) VALUES ('1650', 'Aidjb', 'Jt', 'PrincipalConsultant', '1650');
INSERT INTO `SkillSet` (`id`) VALUES ('1651');
INSERT INTO `SkillSet_skills` (`SkillSet_id`, `skills`) VALUES ('1651', 'Gradle');
INSERT INTO `SkillSet_skills` (`SkillSet_id`, `skills`) VALUES ('1651', 'SQL');
INSERT INTO `SkillSet_skills` (`SkillSet_id`, `skills`) VALUES ('1651', 'Maven');
INSERT INTO `SkillSet_skills` (`SkillSet_id`, `skills`) VALUES ('1651', 'Architektur');
INSERT INTO `SkillSet_skills` (`SkillSet_id`, `skills`) VALUES ('1651', 'Gradle');
INSERT INTO `Hero` (`id`, `firstName`, `lastName`, `role`, `skillSet_id`) VALUES ('1651', 'Ouh', 'Oth', 'SeniorSoftwareEngineer', '1651');
INSERT INTO `SkillSet` (`id`) VALUES ('1652');
INSERT INTO `SkillSet_skills` (`SkillSet_id`, `skills`) VALUES ('1652', 'dotNet');
INSERT INTO `SkillSet_skills` (`SkillSet_id`, `skills`) VALUES ('1652', 'Java');
INSERT INTO `Hero` (`id`, `firstName`, `lastName`, `role`, `skillSet_id`) VALUES ('1652', 'Atheil', 'Graissann', 'JuniorSoftwareEngineer', '1652');
INSERT INTO `SkillSet` (`id`) VALUES ('1653');
INSERT INTO `SkillSet_skills` (`SkillSet_id`, `skills`) VALUES ('1653', 'Gradle');
INSERT INTO `SkillSet_skills` (`SkillSet_id`, `skills`) VALUES ('1653', 'SQL');
INSERT INTO `SkillSet_skills` (`SkillSet_id`, `skills`) VALUES ('1653', 'Maven');
INSERT INTO `SkillSet_skills` (`SkillSet_id`, `skills`) VALUES ('1653', 'SQL');
INSERT INTO `SkillSet_skills` (`SkillSet_id`, `skills`) VALUES ('1653', 'SQL');
INSERT INTO `Hero` (`id`, `firstName`, `lastName`, `role`, `skillSet_id`) VALUES ('1653', 'Aunoin', 'Yhim', 'JuniorSoftwareEngineer', '1653');
INSERT INTO `SkillSet` (`id`) VALUES ('1654');
INSERT INTO `SkillSet_skills` (`SkillSet_id`, `skills`) VALUES ('1654', 'UnitTesting');
INSERT INTO `SkillSet_skills` (`SkillSet_id`, `skills`) VALUES ('1654', 'Maven');
INSERT INTO `SkillSet_skills` (`SkillSet_id`, `skills`) VALUES ('1654', 'Java');
INSERT INTO `SkillSet_skills` (`SkillSet_id`, `skills`) VALUES ('1654', 'UnitTesting');
INSERT INTO `Hero` (`id`, `firstName`, `lastName`, `role`, `skillSet_id`) VALUES ('1654', 'Castenn', 'Tauchooh', 'PrincipalConsultant', '1654');
INSERT INTO `SkillSet` (`id`) VALUES ('1655');
INSERT INTO `SkillSet_skills` (`SkillSet_id`, `skills`) VALUES ('1655', 'Gradle');
INSERT INTO `SkillSet_skills` (`SkillSet_id`, `skills`) VALUES ('1655', 'Java');
INSERT INTO `SkillSet_skills` (`SkillSet_id`, `skills`) VALUES ('1655', 'Ant');
INSERT INTO `SkillSet_skills` (`SkillSet_id`, `skills`) VALUES ('1655', 'Architektur');
INSERT INTO `SkillSet_skills` (`SkillSet_id`, `skills`) VALUES ('1655', 'dotNet');
INSERT INTO `Hero` (`id`, `firstName`, `lastName`, `role`, `skillSet_id`) VALUES ('1655', 'Sen', 'Qustooss', 'PrincipalConsultant', '1655');
INSERT INTO `SkillSet` (`id`) VALUES ('1656');
INSERT INTO `SkillSet_skills` (`SkillSet_id`, `skills`) VALUES ('1656', 'UITesting');
INSERT INTO `SkillSet_skills` (`SkillSet_id`, `skills`) VALUES ('1656', 'Ant');
INSERT INTO `Hero` (`id`, `firstName`, `lastName`, `role`, `skillSet_id`) VALUES ('1656', 'Och', 'Zoid', 'LeadEngineer', '1656');
INSERT INTO `SkillSet` (`id`) VALUES ('1657');
INSERT INTO `SkillSet_skills` (`SkillSet_id`, `skills`) VALUES ('1657', 'Java');
INSERT INTO `SkillSet_skills` (`SkillSet_id`, `skills`) VALUES ('1657', 'Architektur');
INSERT INTO `SkillSet_skills` (`SkillSet_id`, `skills`) VALUES ('1657', 'SQL');
INSERT INTO `Hero` (`id`, `firstName`, `lastName`, `role`, `skillSet_id`) VALUES ('1657', 'Cost', 'Roikud', 'LeadEngineer', '1657');
INSERT INTO `SkillSet` (`id`) VALUES ('1658');
INSERT INTO `SkillSet_skills` (`SkillSet_id`, `skills`) VALUES ('1658', 'Ant');
INSERT INTO `Hero` (`id`, `firstName`, `lastName`, `role`, `skillSet_id`) VALUES ('1658', 'Stem', 'Oimup', 'SeniorSoftwareEngineer', '1658');
INSERT INTO `SkillSet` (`id`) VALUES ('1659');
INSERT INTO `SkillSet_skills` (`SkillSet_id`, `skills`) VALUES ('1659', 'UITesting');
INSERT INTO `SkillSet_skills` (`SkillSet_id`, `skills`) VALUES ('1659', 'Architektur');
INSERT INTO `SkillSet_skills` (`SkillSet_id`, `skills`) VALUES ('1659', 'SQL');
INSERT INTO `SkillSet_skills` (`SkillSet_id`, `skills`) VALUES ('1659', 'UITesting');
INSERT INTO `Hero` (`id`, `firstName`, `lastName`, `role`, `skillSet_id`) VALUES ('1659', 'Aist', 'Geigh', 'JuniorSoftwareEngineer', '1659');
INSERT INTO `SkillSet` (`id`) VALUES ('1660');
INSERT INTO `SkillSet_skills` (`SkillSet_id`, `skills`) VALUES ('1660', 'Architektur');
INSERT INTO `SkillSet_skills` (`SkillSet_id`, `skills`) VALUES ('1660', 'Gradle');
INSERT INTO `SkillSet_skills` (`SkillSet_id`, `skills`) VALUES ('1660', 'Java');
INSERT INTO `SkillSet_skills` (`SkillSet_id`, `skills`) VALUES ('1660', 'SQL');
INSERT INTO `SkillSet_skills` (`SkillSet_id`, `skills`) VALUES ('1660', 'Gradle');
INSERT INTO `Hero` (`id`, `firstName`, `lastName`, `role`, `skillSet_id`) VALUES ('1660', 'Oot', 'Aul', 'PrincipalConsultant', '1660');
INSERT INTO `SkillSet` (`id`) VALUES ('1661');
INSERT INTO `SkillSet_skills` (`SkillSet_id`, `skills`) VALUES ('1661', 'Ant');
INSERT INTO `SkillSet_skills` (`SkillSet_id`, `skills`) VALUES ('1661', 'Gradle');
INSERT INTO `SkillSet_skills` (`SkillSet_id`, `skills`) VALUES ('1661', 'UnitTesting');
INSERT INTO `SkillSet_skills` (`SkillSet_id`, `skills`) VALUES ('1661', 'Maven');
INSERT INTO `SkillSet_skills` (`SkillSet_id`, `skills`) VALUES ('1661', 'Ant');
INSERT INTO `Hero` (`id`, `firstName`, `lastName`, `role`, `skillSet_id`) VALUES ('1661', 'Shoodob', 'Tauk', 'SeniorSoftwareEngineer', '1661');
INSERT INTO `SkillSet` (`id`) VALUES ('1662');
INSERT INTO `SkillSet_skills` (`SkillSet_id`, `skills`) VALUES ('1662', 'dotNet');
INSERT INTO `SkillSet_skills` (`SkillSet_id`, `skills`) VALUES ('1662', 'SQL');
INSERT INTO `SkillSet_skills` (`SkillSet_id`, `skills`) VALUES ('1662', 'UITesting');
INSERT INTO `SkillSet_skills` (`SkillSet_id`, `skills`) VALUES ('1662', 'Java');
INSERT INTO `SkillSet_skills` (`SkillSet_id`, `skills`) VALUES ('1662', 'dotNet');
INSERT INTO `Hero` (`id`, `firstName`, `lastName`, `role`, `skillSet_id`) VALUES ('1662', 'Aunnjiw', 'Faustid', 'LeadSoftwareArchitect', '1662');
INSERT INTO `SkillSet` (`id`) VALUES ('1663');
INSERT INTO `SkillSet_skills` (`SkillSet_id`, `skills`) VALUES ('1663', 'Maven');
INSERT INTO `SkillSet_skills` (`SkillSet_id`, `skills`) VALUES ('1663', 'Architektur');
INSERT INTO `SkillSet_skills` (`SkillSet_id`, `skills`) VALUES ('1663', 'Architektur');
INSERT INTO `Hero` (`id`, `firstName`, `lastName`, `role`, `skillSet_id`) VALUES ('1663', 'Fop', 'Daushun', 'SeniorSoftwareEngineer', '1663');
INSERT INTO `SkillSet` (`id`) VALUES ('1664');
INSERT INTO `SkillSet_skills` (`SkillSet_id`, `skills`) VALUES ('1664', 'SQL');
INSERT INTO `SkillSet_skills` (`SkillSet_id`, `skills`) VALUES ('1664', 'Ant');
INSERT INTO `SkillSet_skills` (`SkillSet_id`, `skills`) VALUES ('1664', 'Maven');
INSERT INTO `SkillSet_skills` (`SkillSet_id`, `skills`) VALUES ('1664', 'Architektur');
INSERT INTO `Hero` (`id`, `firstName`, `lastName`, `role`, `skillSet_id`) VALUES ('1664', 'Wouroik', 'Zjiz', 'JuniorSoftwareEngineer', '1664');
INSERT INTO `SkillSet` (`id`) VALUES ('1665');
INSERT INTO `SkillSet_skills` (`SkillSet_id`, `skills`) VALUES ('1665', 'UITesting');
INSERT INTO `SkillSet_skills` (`SkillSet_id`, `skills`) VALUES ('1665', 'Java');
INSERT INTO `SkillSet_skills` (`SkillSet_id`, `skills`) VALUES ('1665', 'Maven');
INSERT INTO `SkillSet_skills` (`SkillSet_id`, `skills`) VALUES ('1665', 'Ant');
INSERT INTO `SkillSet_skills` (`SkillSet_id`, `skills`) VALUES ('1665', 'SQL');
INSERT INTO `Hero` (`id`, `firstName`, `lastName`, `role`, `skillSet_id`) VALUES ('1665', 'Lorop', 'Nyreigh', 'JuniorSoftwareEngineer', '1665');
INSERT INTO `SkillSet` (`id`) VALUES ('1666');
INSERT INTO `SkillSet_skills` (`SkillSet_id`, `skills`) VALUES ('1666', 'Ant');
INSERT INTO `SkillSet_skills` (`SkillSet_id`, `skills`) VALUES ('1666', 'dotNet');
INSERT INTO `SkillSet_skills` (`SkillSet_id`, `skills`) VALUES ('1666', 'Gradle');
INSERT INTO `Hero` (`id`, `firstName`, `lastName`, `role`, `skillSet_id`) VALUES ('1666', 'Efoich', 'Sununn', 'PrincipalConsultant', '1666');
INSERT INTO `SkillSet` (`id`) VALUES ('1667');
INSERT INTO `SkillSet_skills` (`SkillSet_id`, `skills`) VALUES ('1667', 'Architektur');
INSERT INTO `Hero` (`id`, `firstName`, `lastName`, `role`, `skillSet_id`) VALUES ('1667', 'Yvaum', 'Jgh', 'JuniorSoftwareEngineer', '1667');
INSERT INTO `SkillSet` (`id`) VALUES ('1668');
INSERT INTO `SkillSet_skills` (`SkillSet_id`, `skills`) VALUES ('1668', 'Architektur');
INSERT INTO `SkillSet_skills` (`SkillSet_id`, `skills`) VALUES ('1668', 'UITesting');
INSERT INTO `SkillSet_skills` (`SkillSet_id`, `skills`) VALUES ('1668', 'Gradle');
INSERT INTO `SkillSet_skills` (`SkillSet_id`, `skills`) VALUES ('1668', 'Java');
INSERT INTO `Hero` (`id`, `firstName`, `lastName`, `role`, `skillSet_id`) VALUES ('1668', 'On', 'Sel', 'SeniorSoftwareEngineer', '1668');
INSERT INTO `SkillSet` (`id`) VALUES ('1669');
INSERT INTO `SkillSet_skills` (`SkillSet_id`, `skills`) VALUES ('1669', 'Ant');
INSERT INTO `SkillSet_skills` (`SkillSet_id`, `skills`) VALUES ('1669', 'Maven');
INSERT INTO `Hero` (`id`, `firstName`, `lastName`, `role`, `skillSet_id`) VALUES ('1669', 'Eissouth', 'Aipfjinn', 'LeadEngineer', '1669');
INSERT INTO `SkillSet` (`id`) VALUES ('1670');
INSERT INTO `SkillSet_skills` (`SkillSet_id`, `skills`) VALUES ('1670', 'Architektur');
INSERT INTO `SkillSet_skills` (`SkillSet_id`, `skills`) VALUES ('1670', 'dotNet');
INSERT INTO `SkillSet_skills` (`SkillSet_id`, `skills`) VALUES ('1670', 'Maven');
INSERT INTO `SkillSet_skills` (`SkillSet_id`, `skills`) VALUES ('1670', 'Architektur');
INSERT INTO `Hero` (`id`, `firstName`, `lastName`, `role`, `skillSet_id`) VALUES ('1670', 'Oosh', 'Proonn', 'LeadSoftwareArchitect', '1670');
INSERT INTO `SkillSet` (`id`) VALUES ('1671');
INSERT INTO `SkillSet_skills` (`SkillSet_id`, `skills`) VALUES ('1671', 'UnitTesting');
INSERT INTO `Hero` (`id`, `firstName`, `lastName`, `role`, `skillSet_id`) VALUES ('1671', 'Jip', 'Xypfaug', 'SoftwareEngineer', '1671');
INSERT INTO `SkillSet` (`id`) VALUES ('1672');
INSERT INTO `SkillSet_skills` (`SkillSet_id`, `skills`) VALUES ('1672', 'UnitTesting');
INSERT INTO `Hero` (`id`, `firstName`, `lastName`, `role`, `skillSet_id`) VALUES ('1672', 'Aib', 'Estop', 'SoftwareEngineer', '1672');
INSERT INTO `SkillSet` (`id`) VALUES ('1673');
INSERT INTO `SkillSet_skills` (`SkillSet_id`, `skills`) VALUES ('1673', 'SQL');
INSERT INTO `SkillSet_skills` (`SkillSet_id`, `skills`) VALUES ('1673', 'Maven');
INSERT INTO `SkillSet_skills` (`SkillSet_id`, `skills`) VALUES ('1673', 'dotNet');
INSERT INTO `SkillSet_skills` (`SkillSet_id`, `skills`) VALUES ('1673', 'Maven');
INSERT INTO `Hero` (`id`, `firstName`, `lastName`, `role`, `skillSet_id`) VALUES ('1673', 'Shettauf', 'Oush', 'SoftwareEngineer', '1673');
INSERT INTO `SkillSet` (`id`) VALUES ('1674');
INSERT INTO `SkillSet_skills` (`SkillSet_id`, `skills`) VALUES ('1674', 'Ant');
INSERT INTO `SkillSet_skills` (`SkillSet_id`, `skills`) VALUES ('1674', 'Java');
INSERT INTO `SkillSet_skills` (`SkillSet_id`, `skills`) VALUES ('1674', 'UnitTesting');
INSERT INTO `Hero` (`id`, `firstName`, `lastName`, `role`, `skillSet_id`) VALUES ('1674', 'Oiz', 'Grugh', 'LeadEngineer', '1674');
INSERT INTO `SkillSet` (`id`) VALUES ('1675');
INSERT INTO `SkillSet_skills` (`SkillSet_id`, `skills`) VALUES ('1675', 'Ant');
INSERT INTO `SkillSet_skills` (`SkillSet_id`, `skills`) VALUES ('1675', 'dotNet');
INSERT INTO `SkillSet_skills` (`SkillSet_id`, `skills`) VALUES ('1675', 'Maven');
INSERT INTO `SkillSet_skills` (`SkillSet_id`, `skills`) VALUES ('1675', 'Maven');
INSERT INTO `SkillSet_skills` (`SkillSet_id`, `skills`) VALUES ('1675', 'Java');
INSERT INTO `Hero` (`id`, `firstName`, `lastName`, `role`, `skillSet_id`) VALUES ('1675', 'Chotaim', 'Jittev', 'PrincipalConsultant', '1675');
INSERT INTO `SkillSet` (`id`) VALUES ('1676');
INSERT INTO `SkillSet_skills` (`SkillSet_id`, `skills`) VALUES ('1676', 'dotNet');
INSERT INTO `SkillSet_skills` (`SkillSet_id`, `skills`) VALUES ('1676', 'SQL');
INSERT INTO `SkillSet_skills` (`SkillSet_id`, `skills`) VALUES ('1676', 'dotNet');
INSERT INTO `Hero` (`id`, `firstName`, `lastName`, `role`, `skillSet_id`) VALUES ('1676', 'Enn', 'Shjiseinn', 'SoftwareEngineer', '1676');
INSERT INTO `SkillSet` (`id`) VALUES ('1677');
INSERT INTO `SkillSet_skills` (`SkillSet_id`, `skills`) VALUES ('1677', 'Maven');
INSERT INTO `SkillSet_skills` (`SkillSet_id`, `skills`) VALUES ('1677', 'Maven');
INSERT INTO `Hero` (`id`, `firstName`, `lastName`, `role`, `skillSet_id`) VALUES ('1677', 'Ihoum', 'Kailegh', 'JuniorSoftwareEngineer', '1677');
INSERT INTO `SkillSet` (`id`) VALUES ('1678');
INSERT INTO `SkillSet_skills` (`SkillSet_id`, `skills`) VALUES ('1678', 'UITesting');
INSERT INTO `SkillSet_skills` (`SkillSet_id`, `skills`) VALUES ('1678', 'SQL');
INSERT INTO `SkillSet_skills` (`SkillSet_id`, `skills`) VALUES ('1678', 'Ant');
INSERT INTO `SkillSet_skills` (`SkillSet_id`, `skills`) VALUES ('1678', 'Ant');
INSERT INTO `SkillSet_skills` (`SkillSet_id`, `skills`) VALUES ('1678', 'Architektur');
INSERT INTO `Hero` (`id`, `firstName`, `lastName`, `role`, `skillSet_id`) VALUES ('1678', 'Yz', 'Peint', 'LeadSoftwareArchitect', '1678');
INSERT INTO `SkillSet` (`id`) VALUES ('1679');
INSERT INTO `SkillSet_skills` (`SkillSet_id`, `skills`) VALUES ('1679', 'dotNet');
INSERT INTO `Hero` (`id`, `firstName`, `lastName`, `role`, `skillSet_id`) VALUES ('1679', 'Baik', 'Idug', 'PrincipalConsultant', '1679');
INSERT INTO `SkillSet` (`id`) VALUES ('1680');
INSERT INTO `SkillSet_skills` (`SkillSet_id`, `skills`) VALUES ('1680', 'Architektur');
INSERT INTO `SkillSet_skills` (`SkillSet_id`, `skills`) VALUES ('1680', 'Gradle');
INSERT INTO `SkillSet_skills` (`SkillSet_id`, `skills`) VALUES ('1680', 'Ant');
INSERT INTO `SkillSet_skills` (`SkillSet_id`, `skills`) VALUES ('1680', 'Architektur');
INSERT INTO `Hero` (`id`, `firstName`, `lastName`, `role`, `skillSet_id`) VALUES ('1680', 'Airjg', 'Ooz', 'LeadEngineer', '1680');
INSERT INTO `SkillSet` (`id`) VALUES ('1681');
INSERT INTO `SkillSet_skills` (`SkillSet_id`, `skills`) VALUES ('1681', 'UITesting');
INSERT INTO `SkillSet_skills` (`SkillSet_id`, `skills`) VALUES ('1681', 'Ant');
INSERT INTO `SkillSet_skills` (`SkillSet_id`, `skills`) VALUES ('1681', 'Gradle');
INSERT INTO `SkillSet_skills` (`SkillSet_id`, `skills`) VALUES ('1681', 'dotNet');
INSERT INTO `Hero` (`id`, `firstName`, `lastName`, `role`, `skillSet_id`) VALUES ('1681', 'Ystepf', 'Jnn', 'JuniorSoftwareEngineer', '1681');
INSERT INTO `SkillSet` (`id`) VALUES ('1682');
INSERT INTO `SkillSet_skills` (`SkillSet_id`, `skills`) VALUES ('1682', 'SQL');
INSERT INTO `SkillSet_skills` (`SkillSet_id`, `skills`) VALUES ('1682', 'dotNet');
INSERT INTO `SkillSet_skills` (`SkillSet_id`, `skills`) VALUES ('1682', 'Ant');
INSERT INTO `SkillSet_skills` (`SkillSet_id`, `skills`) VALUES ('1682', 'dotNet');
INSERT INTO `Hero` (`id`, `firstName`, `lastName`, `role`, `skillSet_id`) VALUES ('1682', 'Sounnoish', 'Gron', 'LeadEngineer', '1682');
INSERT INTO `SkillSet` (`id`) VALUES ('1683');
INSERT INTO `SkillSet_skills` (`SkillSet_id`, `skills`) VALUES ('1683', 'Maven');
INSERT INTO `SkillSet_skills` (`SkillSet_id`, `skills`) VALUES ('1683', 'Ant');
INSERT INTO `SkillSet_skills` (`SkillSet_id`, `skills`) VALUES ('1683', 'Gradle');
INSERT INTO `Hero` (`id`, `firstName`, `lastName`, `role`, `skillSet_id`) VALUES ('1683', 'Ooch', 'Yk', 'PrincipalConsultant', '1683');
INSERT INTO `SkillSet` (`id`) VALUES ('1684');
INSERT INTO `SkillSet_skills` (`SkillSet_id`, `skills`) VALUES ('1684', 'UITesting');
INSERT INTO `SkillSet_skills` (`SkillSet_id`, `skills`) VALUES ('1684', 'Maven');
INSERT INTO `SkillSet_skills` (`SkillSet_id`, `skills`) VALUES ('1684', 'UnitTesting');
INSERT INTO `SkillSet_skills` (`SkillSet_id`, `skills`) VALUES ('1684', 'Java');
INSERT INTO `SkillSet_skills` (`SkillSet_id`, `skills`) VALUES ('1684', 'Java');
INSERT INTO `Hero` (`id`, `firstName`, `lastName`, `role`, `skillSet_id`) VALUES ('1684', 'Noukaim', 'Qulauf', 'JuniorSoftwareEngineer', '1684');
INSERT INTO `SkillSet` (`id`) VALUES ('1685');
INSERT INTO `SkillSet_skills` (`SkillSet_id`, `skills`) VALUES ('1685', 'Java');
INSERT INTO `SkillSet_skills` (`SkillSet_id`, `skills`) VALUES ('1685', 'UnitTesting');
INSERT INTO `Hero` (`id`, `firstName`, `lastName`, `role`, `skillSet_id`) VALUES ('1685', 'Ed', 'Oulauz', 'SeniorSoftwareEngineer', '1685');
INSERT INTO `SkillSet` (`id`) VALUES ('1686');
INSERT INTO `SkillSet_skills` (`SkillSet_id`, `skills`) VALUES ('1686', 'Architektur');
INSERT INTO `Hero` (`id`, `firstName`, `lastName`, `role`, `skillSet_id`) VALUES ('1686', 'Seinn', 'Ouch', 'SeniorSoftwareEngineer', '1686');
INSERT INTO `SkillSet` (`id`) VALUES ('1687');
INSERT INTO `SkillSet_skills` (`SkillSet_id`, `skills`) VALUES ('1687', 'Gradle');
INSERT INTO `SkillSet_skills` (`SkillSet_id`, `skills`) VALUES ('1687', 'Architektur');
INSERT INTO `SkillSet_skills` (`SkillSet_id`, `skills`) VALUES ('1687', 'Maven');
INSERT INTO `Hero` (`id`, `firstName`, `lastName`, `role`, `skillSet_id`) VALUES ('1687', 'Aith', 'Xauv', 'PrincipalConsultant', '1687');
INSERT INTO `SkillSet` (`id`) VALUES ('1688');
INSERT INTO `SkillSet_skills` (`SkillSet_id`, `skills`) VALUES ('1688', 'Architektur');
INSERT INTO `SkillSet_skills` (`SkillSet_id`, `skills`) VALUES ('1688', 'Java');
INSERT INTO `SkillSet_skills` (`SkillSet_id`, `skills`) VALUES ('1688', 'dotNet');
INSERT INTO `Hero` (`id`, `firstName`, `lastName`, `role`, `skillSet_id`) VALUES ('1688', 'Thyk', 'Seiragh', 'SeniorSoftwareEngineer', '1688');
INSERT INTO `SkillSet` (`id`) VALUES ('1689');
INSERT INTO `SkillSet_skills` (`SkillSet_id`, `skills`) VALUES ('1689', 'UnitTesting');
INSERT INTO `SkillSet_skills` (`SkillSet_id`, `skills`) VALUES ('1689', 'Maven');
INSERT INTO `Hero` (`id`, `firstName`, `lastName`, `role`, `skillSet_id`) VALUES ('1689', 'Coisoov', 'Fugeiv', 'SoftwareEngineer', '1689');
INSERT INTO `SkillSet` (`id`) VALUES ('1690');
INSERT INTO `SkillSet_skills` (`SkillSet_id`, `skills`) VALUES ('1690', 'Architektur');
INSERT INTO `SkillSet_skills` (`SkillSet_id`, `skills`) VALUES ('1690', 'Maven');
INSERT INTO `SkillSet_skills` (`SkillSet_id`, `skills`) VALUES ('1690', 'dotNet');
INSERT INTO `Hero` (`id`, `firstName`, `lastName`, `role`, `skillSet_id`) VALUES ('1690', 'Latt', 'Ezann', 'SoftwareEngineer', '1690');
INSERT INTO `SkillSet` (`id`) VALUES ('1691');
INSERT INTO `SkillSet_skills` (`SkillSet_id`, `skills`) VALUES ('1691', 'dotNet');
INSERT INTO `SkillSet_skills` (`SkillSet_id`, `skills`) VALUES ('1691', 'UITesting');
INSERT INTO `SkillSet_skills` (`SkillSet_id`, `skills`) VALUES ('1691', 'SQL');
INSERT INTO `SkillSet_skills` (`SkillSet_id`, `skills`) VALUES ('1691', 'UnitTesting');
INSERT INTO `Hero` (`id`, `firstName`, `lastName`, `role`, `skillSet_id`) VALUES ('1691', 'Eidoof', 'Ais', 'PrincipalConsultant', '1691');
INSERT INTO `SkillSet` (`id`) VALUES ('1692');
INSERT INTO `SkillSet_skills` (`SkillSet_id`, `skills`) VALUES ('1692', 'Maven');
INSERT INTO `SkillSet_skills` (`SkillSet_id`, `skills`) VALUES ('1692', 'Java');
INSERT INTO `Hero` (`id`, `firstName`, `lastName`, `role`, `skillSet_id`) VALUES ('1692', 'Uthyss', 'Zesh', 'LeadEngineer', '1692');
INSERT INTO `SkillSet` (`id`) VALUES ('1693');
INSERT INTO `SkillSet_skills` (`SkillSet_id`, `skills`) VALUES ('1693', 'UITesting');
INSERT INTO `SkillSet_skills` (`SkillSet_id`, `skills`) VALUES ('1693', 'Java');
INSERT INTO `SkillSet_skills` (`SkillSet_id`, `skills`) VALUES ('1693', 'Architektur');
INSERT INTO `SkillSet_skills` (`SkillSet_id`, `skills`) VALUES ('1693', 'UITesting');
INSERT INTO `SkillSet_skills` (`SkillSet_id`, `skills`) VALUES ('1693', 'dotNet');
INSERT INTO `Hero` (`id`, `firstName`, `lastName`, `role`, `skillSet_id`) VALUES ('1693', 'Oimaip', 'Uz', 'SoftwareEngineer', '1693');
INSERT INTO `SkillSet` (`id`) VALUES ('1694');
INSERT INTO `SkillSet_skills` (`SkillSet_id`, `skills`) VALUES ('1694', 'UnitTesting');
INSERT INTO `Hero` (`id`, `firstName`, `lastName`, `role`, `skillSet_id`) VALUES ('1694', 'Oiz', 'Soinaup', 'SoftwareEngineer', '1694');
INSERT INTO `SkillSet` (`id`) VALUES ('1695');
INSERT INTO `SkillSet_skills` (`SkillSet_id`, `skills`) VALUES ('1695', 'Architektur');
INSERT INTO `SkillSet_skills` (`SkillSet_id`, `skills`) VALUES ('1695', 'Ant');
INSERT INTO `SkillSet_skills` (`SkillSet_id`, `skills`) VALUES ('1695', 'Architektur');
INSERT INTO `SkillSet_skills` (`SkillSet_id`, `skills`) VALUES ('1695', 'Ant');
INSERT INTO `Hero` (`id`, `firstName`, `lastName`, `role`, `skillSet_id`) VALUES ('1695', 'Zechok', 'Eiz', 'LeadEngineer', '1695');
INSERT INTO `SkillSet` (`id`) VALUES ('1696');
INSERT INTO `SkillSet_skills` (`SkillSet_id`, `skills`) VALUES ('1696', 'dotNet');
INSERT INTO `SkillSet_skills` (`SkillSet_id`, `skills`) VALUES ('1696', 'Maven');
INSERT INTO `Hero` (`id`, `firstName`, `lastName`, `role`, `skillSet_id`) VALUES ('1696', 'Rop', 'Naighaint', 'JuniorSoftwareEngineer', '1696');
INSERT INTO `SkillSet` (`id`) VALUES ('1697');
INSERT INTO `SkillSet_skills` (`SkillSet_id`, `skills`) VALUES ('1697', 'UnitTesting');
INSERT INTO `Hero` (`id`, `firstName`, `lastName`, `role`, `skillSet_id`) VALUES ('1697', 'Stypfjl', 'Oivyg', 'LeadSoftwareArchitect', '1697');
INSERT INTO `SkillSet` (`id`) VALUES ('1698');
INSERT INTO `SkillSet_skills` (`SkillSet_id`, `skills`) VALUES ('1698', 'Ant');
INSERT INTO `SkillSet_skills` (`SkillSet_id`, `skills`) VALUES ('1698', 'UnitTesting');
INSERT INTO `SkillSet_skills` (`SkillSet_id`, `skills`) VALUES ('1698', 'Architektur');
INSERT INTO `SkillSet_skills` (`SkillSet_id`, `skills`) VALUES ('1698', 'Java');
INSERT INTO `Hero` (`id`, `firstName`, `lastName`, `role`, `skillSet_id`) VALUES ('1698', 'Oikaish', 'In', 'LeadEngineer', '1698');
INSERT INTO `SkillSet` (`id`) VALUES ('1699');
INSERT INTO `SkillSet_skills` (`SkillSet_id`, `skills`) VALUES ('1699', 'Ant');
INSERT INTO `Hero` (`id`, `firstName`, `lastName`, `role`, `skillSet_id`) VALUES ('1699', 'Woin', 'Zoopfuss', 'SoftwareEngineer', '1699');
INSERT INTO `SkillSet` (`id`) VALUES ('1700');
INSERT INTO `SkillSet_skills` (`SkillSet_id`, `skills`) VALUES ('1700', 'Ant');
INSERT INTO `SkillSet_skills` (`SkillSet_id`, `skills`) VALUES ('1700', 'SQL');
INSERT INTO `SkillSet_skills` (`SkillSet_id`, `skills`) VALUES ('1700', 'SQL');
INSERT INTO `Hero` (`id`, `firstName`, `lastName`, `role`, `skillSet_id`) VALUES ('1700', 'Edauss', 'Ounn', 'PrincipalConsultant', '1700');
INSERT INTO `SkillSet` (`id`) VALUES ('1701');
INSERT INTO `SkillSet_skills` (`SkillSet_id`, `skills`) VALUES ('1701', 'UnitTesting');
INSERT INTO `SkillSet_skills` (`SkillSet_id`, `skills`) VALUES ('1701', 'dotNet');
INSERT INTO `SkillSet_skills` (`SkillSet_id`, `skills`) VALUES ('1701', 'UnitTesting');
INSERT INTO `SkillSet_skills` (`SkillSet_id`, `skills`) VALUES ('1701', 'SQL');
INSERT INTO `SkillSet_skills` (`SkillSet_id`, `skills`) VALUES ('1701', 'SQL');
INSERT INTO `Hero` (`id`, `firstName`, `lastName`, `role`, `skillSet_id`) VALUES ('1701', 'Jitab', 'Ais', 'JuniorSoftwareEngineer', '1701');
INSERT INTO `SkillSet` (`id`) VALUES ('1702');
INSERT INTO `SkillSet_skills` (`SkillSet_id`, `skills`) VALUES ('1702', 'Ant');
INSERT INTO `Hero` (`id`, `firstName`, `lastName`, `role`, `skillSet_id`) VALUES ('1702', 'Os', 'Zautooss', 'LeadSoftwareArchitect', '1702');
INSERT INTO `SkillSet` (`id`) VALUES ('1703');
INSERT INTO `SkillSet_skills` (`SkillSet_id`, `skills`) VALUES ('1703', 'Ant');
INSERT INTO `SkillSet_skills` (`SkillSet_id`, `skills`) VALUES ('1703', 'Maven');
INSERT INTO `SkillSet_skills` (`SkillSet_id`, `skills`) VALUES ('1703', 'UITesting');
INSERT INTO `SkillSet_skills` (`SkillSet_id`, `skills`) VALUES ('1703', 'Architektur');
INSERT INTO `SkillSet_skills` (`SkillSet_id`, `skills`) VALUES ('1703', 'UnitTesting');
INSERT INTO `Hero` (`id`, `firstName`, `lastName`, `role`, `skillSet_id`) VALUES ('1703', 'Jtt', 'Rjiseh', 'LeadEngineer', '1703');
INSERT INTO `SkillSet` (`id`) VALUES ('1704');
INSERT INTO `SkillSet_skills` (`SkillSet_id`, `skills`) VALUES ('1704', 'Architektur');
INSERT INTO `SkillSet_skills` (`SkillSet_id`, `skills`) VALUES ('1704', 'dotNet');
INSERT INTO `SkillSet_skills` (`SkillSet_id`, `skills`) VALUES ('1704', 'UnitTesting');
INSERT INTO `Hero` (`id`, `firstName`, `lastName`, `role`, `skillSet_id`) VALUES ('1704', 'Jpf', 'Vont', 'LeadEngineer', '1704');
INSERT INTO `SkillSet` (`id`) VALUES ('1705');
INSERT INTO `SkillSet_skills` (`SkillSet_id`, `skills`) VALUES ('1705', 'UnitTesting');
INSERT INTO `SkillSet_skills` (`SkillSet_id`, `skills`) VALUES ('1705', 'Gradle');
INSERT INTO `SkillSet_skills` (`SkillSet_id`, `skills`) VALUES ('1705', 'dotNet');
INSERT INTO `SkillSet_skills` (`SkillSet_id`, `skills`) VALUES ('1705', 'Architektur');
INSERT INTO `SkillSet_skills` (`SkillSet_id`, `skills`) VALUES ('1705', 'dotNet');
INSERT INTO `Hero` (`id`, `firstName`, `lastName`, `role`, `skillSet_id`) VALUES ('1705', 'Flyntoutt', 'Jiv', 'SoftwareEngineer', '1705');
INSERT INTO `SkillSet` (`id`) VALUES ('1706');
INSERT INTO `SkillSet_skills` (`SkillSet_id`, `skills`) VALUES ('1706', 'dotNet');
INSERT INTO `SkillSet_skills` (`SkillSet_id`, `skills`) VALUES ('1706', 'Java');
INSERT INTO `Hero` (`id`, `firstName`, `lastName`, `role`, `skillSet_id`) VALUES ('1706', 'Ycheik', 'Bljzych', 'SoftwareEngineer', '1706');
INSERT INTO `SkillSet` (`id`) VALUES ('1707');
INSERT INTO `SkillSet_skills` (`SkillSet_id`, `skills`) VALUES ('1707', 'dotNet');
INSERT INTO `Hero` (`id`, `firstName`, `lastName`, `role`, `skillSet_id`) VALUES ('1707', 'Glouss', 'Eish', 'JuniorSoftwareEngineer', '1707');
INSERT INTO `SkillSet` (`id`) VALUES ('1708');
INSERT INTO `SkillSet_skills` (`SkillSet_id`, `skills`) VALUES ('1708', 'Architektur');
INSERT INTO `SkillSet_skills` (`SkillSet_id`, `skills`) VALUES ('1708', 'Ant');
INSERT INTO `SkillSet_skills` (`SkillSet_id`, `skills`) VALUES ('1708', 'SQL');
INSERT INTO `SkillSet_skills` (`SkillSet_id`, `skills`) VALUES ('1708', 'Gradle');
INSERT INTO `Hero` (`id`, `firstName`, `lastName`, `role`, `skillSet_id`) VALUES ('1708', 'Rath', 'Unnynn', 'PrincipalConsultant', '1708');
INSERT INTO `SkillSet` (`id`) VALUES ('1709');
INSERT INTO `SkillSet_skills` (`SkillSet_id`, `skills`) VALUES ('1709', 'dotNet');
INSERT INTO `SkillSet_skills` (`SkillSet_id`, `skills`) VALUES ('1709', 'Architektur');
INSERT INTO `SkillSet_skills` (`SkillSet_id`, `skills`) VALUES ('1709', 'Ant');
INSERT INTO `SkillSet_skills` (`SkillSet_id`, `skills`) VALUES ('1709', 'Maven');
INSERT INTO `Hero` (`id`, `firstName`, `lastName`, `role`, `skillSet_id`) VALUES ('1709', 'Ynnaich', 'Ik', 'LeadEngineer', '1709');
INSERT INTO `SkillSet` (`id`) VALUES ('1710');
INSERT INTO `SkillSet_skills` (`SkillSet_id`, `skills`) VALUES ('1710', 'SQL');
INSERT INTO `SkillSet_skills` (`SkillSet_id`, `skills`) VALUES ('1710', 'UnitTesting');
INSERT INTO `SkillSet_skills` (`SkillSet_id`, `skills`) VALUES ('1710', 'Ant');
INSERT INTO `SkillSet_skills` (`SkillSet_id`, `skills`) VALUES ('1710', 'Gradle');
INSERT INTO `SkillSet_skills` (`SkillSet_id`, `skills`) VALUES ('1710', 'Ant');
INSERT INTO `Hero` (`id`, `firstName`, `lastName`, `role`, `skillSet_id`) VALUES ('1710', 'Ood', 'Intook', 'SeniorSoftwareEngineer', '1710');
INSERT INTO `SkillSet` (`id`) VALUES ('1711');
INSERT INTO `SkillSet_skills` (`SkillSet_id`, `skills`) VALUES ('1711', 'Architektur');
INSERT INTO `SkillSet_skills` (`SkillSet_id`, `skills`) VALUES ('1711', 'UITesting');
INSERT INTO `SkillSet_skills` (`SkillSet_id`, `skills`) VALUES ('1711', 'Gradle');
INSERT INTO `SkillSet_skills` (`SkillSet_id`, `skills`) VALUES ('1711', 'UnitTesting');
INSERT INTO `Hero` (`id`, `firstName`, `lastName`, `role`, `skillSet_id`) VALUES ('1711', 'Ugh', 'Voopfyst', 'LeadSoftwareArchitect', '1711');
INSERT INTO `SkillSet` (`id`) VALUES ('1712');
INSERT INTO `SkillSet_skills` (`SkillSet_id`, `skills`) VALUES ('1712', 'Gradle');
INSERT INTO `SkillSet_skills` (`SkillSet_id`, `skills`) VALUES ('1712', 'Ant');
INSERT INTO `SkillSet_skills` (`SkillSet_id`, `skills`) VALUES ('1712', 'dotNet');
INSERT INTO `SkillSet_skills` (`SkillSet_id`, `skills`) VALUES ('1712', 'Ant');
INSERT INTO `Hero` (`id`, `firstName`, `lastName`, `role`, `skillSet_id`) VALUES ('1712', 'Vaustinn', 'Eipaur', 'LeadEngineer', '1712');
INSERT INTO `SkillSet` (`id`) VALUES ('1713');
INSERT INTO `SkillSet_skills` (`SkillSet_id`, `skills`) VALUES ('1713', 'SQL');
INSERT INTO `Hero` (`id`, `firstName`, `lastName`, `role`, `skillSet_id`) VALUES ('1713', 'Auk', 'Oist', 'LeadSoftwareArchitect', '1713');
INSERT INTO `SkillSet` (`id`) VALUES ('1714');
INSERT INTO `SkillSet_skills` (`SkillSet_id`, `skills`) VALUES ('1714', 'SQL');
INSERT INTO `SkillSet_skills` (`SkillSet_id`, `skills`) VALUES ('1714', 'Maven');
INSERT INTO `SkillSet_skills` (`SkillSet_id`, `skills`) VALUES ('1714', 'UITesting');
INSERT INTO `SkillSet_skills` (`SkillSet_id`, `skills`) VALUES ('1714', 'Maven');
INSERT INTO `Hero` (`id`, `firstName`, `lastName`, `role`, `skillSet_id`) VALUES ('1714', 'Njipfaul', 'Thauhauz', 'LeadSoftwareArchitect', '1714');
INSERT INTO `SkillSet` (`id`) VALUES ('1715');
INSERT INTO `SkillSet_skills` (`SkillSet_id`, `skills`) VALUES ('1715', 'dotNet');
INSERT INTO `SkillSet_skills` (`SkillSet_id`, `skills`) VALUES ('1715', 'Ant');
INSERT INTO `Hero` (`id`, `firstName`, `lastName`, `role`, `skillSet_id`) VALUES ('1715', 'Moussoot', 'Ighash', 'PrincipalConsultant', '1715');
INSERT INTO `SkillSet` (`id`) VALUES ('1716');
INSERT INTO `SkillSet_skills` (`SkillSet_id`, `skills`) VALUES ('1716', 'Gradle');
INSERT INTO `SkillSet_skills` (`SkillSet_id`, `skills`) VALUES ('1716', 'SQL');
INSERT INTO `SkillSet_skills` (`SkillSet_id`, `skills`) VALUES ('1716', 'Java');
INSERT INTO `Hero` (`id`, `firstName`, `lastName`, `role`, `skillSet_id`) VALUES ('1716', 'Jhup', 'Gljidoth', 'SeniorSoftwareEngineer', '1716');
INSERT INTO `SkillSet` (`id`) VALUES ('1717');
INSERT INTO `SkillSet_skills` (`SkillSet_id`, `skills`) VALUES ('1717', 'Gradle');
INSERT INTO `SkillSet_skills` (`SkillSet_id`, `skills`) VALUES ('1717', 'Java');
INSERT INTO `SkillSet_skills` (`SkillSet_id`, `skills`) VALUES ('1717', 'SQL');
INSERT INTO `Hero` (`id`, `firstName`, `lastName`, `role`, `skillSet_id`) VALUES ('1717', 'Eist', 'Oust', 'SoftwareEngineer', '1717');
INSERT INTO `SkillSet` (`id`) VALUES ('1718');
INSERT INTO `SkillSet_skills` (`SkillSet_id`, `skills`) VALUES ('1718', 'Ant');
INSERT INTO `SkillSet_skills` (`SkillSet_id`, `skills`) VALUES ('1718', 'Architektur');
INSERT INTO `SkillSet_skills` (`SkillSet_id`, `skills`) VALUES ('1718', 'Architektur');
INSERT INTO `SkillSet_skills` (`SkillSet_id`, `skills`) VALUES ('1718', 'SQL');
INSERT INTO `SkillSet_skills` (`SkillSet_id`, `skills`) VALUES ('1718', 'SQL');
INSERT INTO `Hero` (`id`, `firstName`, `lastName`, `role`, `skillSet_id`) VALUES ('1718', 'Hurint', 'Teichih', 'PrincipalConsultant', '1718');
INSERT INTO `SkillSet` (`id`) VALUES ('1719');
INSERT INTO `SkillSet_skills` (`SkillSet_id`, `skills`) VALUES ('1719', 'UITesting');
INSERT INTO `SkillSet_skills` (`SkillSet_id`, `skills`) VALUES ('1719', 'UnitTesting');
INSERT INTO `SkillSet_skills` (`SkillSet_id`, `skills`) VALUES ('1719', 'UITesting');
INSERT INTO `Hero` (`id`, `firstName`, `lastName`, `role`, `skillSet_id`) VALUES ('1719', 'Naghonn', 'Eth', 'LeadSoftwareArchitect', '1719');
INSERT INTO `SkillSet` (`id`) VALUES ('1720');
INSERT INTO `SkillSet_skills` (`SkillSet_id`, `skills`) VALUES ('1720', 'UnitTesting');
INSERT INTO `SkillSet_skills` (`SkillSet_id`, `skills`) VALUES ('1720', 'Java');
INSERT INTO `SkillSet_skills` (`SkillSet_id`, `skills`) VALUES ('1720', 'UITesting');
INSERT INTO `SkillSet_skills` (`SkillSet_id`, `skills`) VALUES ('1720', 'Gradle');
INSERT INTO `Hero` (`id`, `firstName`, `lastName`, `role`, `skillSet_id`) VALUES ('1720', 'Et', 'Uth', 'JuniorSoftwareEngineer', '1720');
INSERT INTO `SkillSet` (`id`) VALUES ('1721');
INSERT INTO `SkillSet_skills` (`SkillSet_id`, `skills`) VALUES ('1721', 'Gradle');
INSERT INTO `SkillSet_skills` (`SkillSet_id`, `skills`) VALUES ('1721', 'Ant');
INSERT INTO `SkillSet_skills` (`SkillSet_id`, `skills`) VALUES ('1721', 'UITesting');
INSERT INTO `SkillSet_skills` (`SkillSet_id`, `skills`) VALUES ('1721', 'UITesting');
INSERT INTO `Hero` (`id`, `firstName`, `lastName`, `role`, `skillSet_id`) VALUES ('1721', 'Oot', 'Proogh', 'JuniorSoftwareEngineer', '1721');
INSERT INTO `SkillSet` (`id`) VALUES ('1722');
INSERT INTO `SkillSet_skills` (`SkillSet_id`, `skills`) VALUES ('1722', 'UnitTesting');
INSERT INTO `SkillSet_skills` (`SkillSet_id`, `skills`) VALUES ('1722', 'Architektur');
INSERT INTO `SkillSet_skills` (`SkillSet_id`, `skills`) VALUES ('1722', 'Ant');
INSERT INTO `SkillSet_skills` (`SkillSet_id`, `skills`) VALUES ('1722', 'SQL');
INSERT INTO `Hero` (`id`, `firstName`, `lastName`, `role`, `skillSet_id`) VALUES ('1722', 'Pois', 'Jip', 'LeadEngineer', '1722');
INSERT INTO `SkillSet` (`id`) VALUES ('1723');
INSERT INTO `SkillSet_skills` (`SkillSet_id`, `skills`) VALUES ('1723', 'Ant');
INSERT INTO `SkillSet_skills` (`SkillSet_id`, `skills`) VALUES ('1723', 'UITesting');
INSERT INTO `SkillSet_skills` (`SkillSet_id`, `skills`) VALUES ('1723', 'dotNet');
INSERT INTO `SkillSet_skills` (`SkillSet_id`, `skills`) VALUES ('1723', 'dotNet');
INSERT INTO `SkillSet_skills` (`SkillSet_id`, `skills`) VALUES ('1723', 'Maven');
INSERT INTO `Hero` (`id`, `firstName`, `lastName`, `role`, `skillSet_id`) VALUES ('1723', 'Cood', 'Aug', 'SoftwareEngineer', '1723');
INSERT INTO `SkillSet` (`id`) VALUES ('1724');
INSERT INTO `SkillSet_skills` (`SkillSet_id`, `skills`) VALUES ('1724', 'Java');
INSERT INTO `SkillSet_skills` (`SkillSet_id`, `skills`) VALUES ('1724', 'Ant');
INSERT INTO `Hero` (`id`, `firstName`, `lastName`, `role`, `skillSet_id`) VALUES ('1724', 'Roussjm', 'Loot', 'LeadEngineer', '1724');
INSERT INTO `SkillSet` (`id`) VALUES ('1725');
INSERT INTO `SkillSet_skills` (`SkillSet_id`, `skills`) VALUES ('1725', 'UITesting');
INSERT INTO `SkillSet_skills` (`SkillSet_id`, `skills`) VALUES ('1725', 'UnitTesting');
INSERT INTO `SkillSet_skills` (`SkillSet_id`, `skills`) VALUES ('1725', 'UnitTesting');
INSERT INTO `Hero` (`id`, `firstName`, `lastName`, `role`, `skillSet_id`) VALUES ('1725', 'Ash', 'Stoiw', 'JuniorSoftwareEngineer', '1725');
INSERT INTO `SkillSet` (`id`) VALUES ('1726');
INSERT INTO `SkillSet_skills` (`SkillSet_id`, `skills`) VALUES ('1726', 'Gradle');
INSERT INTO `SkillSet_skills` (`SkillSet_id`, `skills`) VALUES ('1726', 'UnitTesting');
INSERT INTO `Hero` (`id`, `firstName`, `lastName`, `role`, `skillSet_id`) VALUES ('1726', 'Oit', 'Saurjich', 'SeniorSoftwareEngineer', '1726');
INSERT INTO `SkillSet` (`id`) VALUES ('1727');
INSERT INTO `SkillSet_skills` (`SkillSet_id`, `skills`) VALUES ('1727', 'Java');
INSERT INTO `SkillSet_skills` (`SkillSet_id`, `skills`) VALUES ('1727', 'Java');
INSERT INTO `Hero` (`id`, `firstName`, `lastName`, `role`, `skillSet_id`) VALUES ('1727', 'Jbouth', 'Gib', 'SeniorSoftwareEngineer', '1727');
INSERT INTO `SkillSet` (`id`) VALUES ('1728');
INSERT INTO `SkillSet_skills` (`SkillSet_id`, `skills`) VALUES ('1728', 'Architektur');
INSERT INTO `Hero` (`id`, `firstName`, `lastName`, `role`, `skillSet_id`) VALUES ('1728', 'Oosauch', 'Maz', 'SoftwareEngineer', '1728');
INSERT INTO `SkillSet` (`id`) VALUES ('1729');
INSERT INTO `SkillSet_skills` (`SkillSet_id`, `skills`) VALUES ('1729', 'UITesting');
INSERT INTO `SkillSet_skills` (`SkillSet_id`, `skills`) VALUES ('1729', 'Gradle');
INSERT INTO `SkillSet_skills` (`SkillSet_id`, `skills`) VALUES ('1729', 'dotNet');
INSERT INTO `SkillSet_skills` (`SkillSet_id`, `skills`) VALUES ('1729', 'Maven');
INSERT INTO `SkillSet_skills` (`SkillSet_id`, `skills`) VALUES ('1729', 'SQL');
INSERT INTO `Hero` (`id`, `firstName`, `lastName`, `role`, `skillSet_id`) VALUES ('1729', 'Gryv', 'Itheipf', 'SoftwareEngineer', '1729');
INSERT INTO `SkillSet` (`id`) VALUES ('1730');
INSERT INTO `SkillSet_skills` (`SkillSet_id`, `skills`) VALUES ('1730', 'Gradle');
INSERT INTO `Hero` (`id`, `firstName`, `lastName`, `role`, `skillSet_id`) VALUES ('1730', 'Xyr', 'Jighjp', 'LeadSoftwareArchitect', '1730');
INSERT INTO `SkillSet` (`id`) VALUES ('1731');
INSERT INTO `SkillSet_skills` (`SkillSet_id`, `skills`) VALUES ('1731', 'UnitTesting');
INSERT INTO `SkillSet_skills` (`SkillSet_id`, `skills`) VALUES ('1731', 'Gradle');
INSERT INTO `SkillSet_skills` (`SkillSet_id`, `skills`) VALUES ('1731', 'SQL');
INSERT INTO `Hero` (`id`, `firstName`, `lastName`, `role`, `skillSet_id`) VALUES ('1731', 'Aud', 'Js', 'PrincipalConsultant', '1731');
INSERT INTO `SkillSet` (`id`) VALUES ('1732');
INSERT INTO `SkillSet_skills` (`SkillSet_id`, `skills`) VALUES ('1732', 'SQL');
INSERT INTO `SkillSet_skills` (`SkillSet_id`, `skills`) VALUES ('1732', 'UnitTesting');
INSERT INTO `SkillSet_skills` (`SkillSet_id`, `skills`) VALUES ('1732', 'dotNet');
INSERT INTO `Hero` (`id`, `firstName`, `lastName`, `role`, `skillSet_id`) VALUES ('1732', 'Blyst', 'Gych', 'LeadSoftwareArchitect', '1732');
INSERT INTO `SkillSet` (`id`) VALUES ('1733');
INSERT INTO `SkillSet_skills` (`SkillSet_id`, `skills`) VALUES ('1733', 'Java');
INSERT INTO `SkillSet_skills` (`SkillSet_id`, `skills`) VALUES ('1733', 'UnitTesting');
INSERT INTO `SkillSet_skills` (`SkillSet_id`, `skills`) VALUES ('1733', 'Gradle');
INSERT INTO `SkillSet_skills` (`SkillSet_id`, `skills`) VALUES ('1733', 'Java');
INSERT INTO `Hero` (`id`, `firstName`, `lastName`, `role`, `skillSet_id`) VALUES ('1733', 'Auboint', 'Brausosh', 'LeadSoftwareArchitect', '1733');
INSERT INTO `SkillSet` (`id`) VALUES ('1734');
INSERT INTO `SkillSet_skills` (`SkillSet_id`, `skills`) VALUES ('1734', 'Maven');
INSERT INTO `SkillSet_skills` (`SkillSet_id`, `skills`) VALUES ('1734', 'Maven');
INSERT INTO `SkillSet_skills` (`SkillSet_id`, `skills`) VALUES ('1734', 'Java');
INSERT INTO `SkillSet_skills` (`SkillSet_id`, `skills`) VALUES ('1734', 'Architektur');
INSERT INTO `Hero` (`id`, `firstName`, `lastName`, `role`, `skillSet_id`) VALUES ('1734', 'Jih', 'Neitoupf', 'PrincipalConsultant', '1734');
INSERT INTO `SkillSet` (`id`) VALUES ('1735');
INSERT INTO `SkillSet_skills` (`SkillSet_id`, `skills`) VALUES ('1735', 'dotNet');
INSERT INTO `SkillSet_skills` (`SkillSet_id`, `skills`) VALUES ('1735', 'dotNet');
INSERT INTO `Hero` (`id`, `firstName`, `lastName`, `role`, `skillSet_id`) VALUES ('1735', 'Grantint', 'Shaunnuv', 'LeadSoftwareArchitect', '1735');
INSERT INTO `SkillSet` (`id`) VALUES ('1736');
INSERT INTO `SkillSet_skills` (`SkillSet_id`, `skills`) VALUES ('1736', 'Maven');
INSERT INTO `SkillSet_skills` (`SkillSet_id`, `skills`) VALUES ('1736', 'Gradle');
INSERT INTO `Hero` (`id`, `firstName`, `lastName`, `role`, `skillSet_id`) VALUES ('1736', 'Stain', 'Voikaunt', 'SeniorSoftwareEngineer', '1736');
INSERT INTO `SkillSet` (`id`) VALUES ('1737');
INSERT INTO `SkillSet_skills` (`SkillSet_id`, `skills`) VALUES ('1737', 'Architektur');
INSERT INTO `Hero` (`id`, `firstName`, `lastName`, `role`, `skillSet_id`) VALUES ('1737', 'Up', 'Ittez', 'JuniorSoftwareEngineer', '1737');
INSERT INTO `SkillSet` (`id`) VALUES ('1738');
INSERT INTO `SkillSet_skills` (`SkillSet_id`, `skills`) VALUES ('1738', 'Gradle');
INSERT INTO `SkillSet_skills` (`SkillSet_id`, `skills`) VALUES ('1738', 'Maven');
INSERT INTO `SkillSet_skills` (`SkillSet_id`, `skills`) VALUES ('1738', 'UnitTesting');
INSERT INTO `SkillSet_skills` (`SkillSet_id`, `skills`) VALUES ('1738', 'SQL');
INSERT INTO `SkillSet_skills` (`SkillSet_id`, `skills`) VALUES ('1738', 'Java');
INSERT INTO `Hero` (`id`, `firstName`, `lastName`, `role`, `skillSet_id`) VALUES ('1738', 'Oroogh', 'Gumjip', 'SeniorSoftwareEngineer', '1738');
INSERT INTO `SkillSet` (`id`) VALUES ('1739');
INSERT INTO `SkillSet_skills` (`SkillSet_id`, `skills`) VALUES ('1739', 'Ant');
INSERT INTO `SkillSet_skills` (`SkillSet_id`, `skills`) VALUES ('1739', 'Java');
INSERT INTO `Hero` (`id`, `firstName`, `lastName`, `role`, `skillSet_id`) VALUES ('1739', 'Kutt', 'Voos', 'LeadSoftwareArchitect', '1739');
INSERT INTO `SkillSet` (`id`) VALUES ('1740');
INSERT INTO `SkillSet_skills` (`SkillSet_id`, `skills`) VALUES ('1740', 'dotNet');
INSERT INTO `SkillSet_skills` (`SkillSet_id`, `skills`) VALUES ('1740', 'Maven');
INSERT INTO `SkillSet_skills` (`SkillSet_id`, `skills`) VALUES ('1740', 'UnitTesting');
INSERT INTO `SkillSet_skills` (`SkillSet_id`, `skills`) VALUES ('1740', 'Architektur');
INSERT INTO `SkillSet_skills` (`SkillSet_id`, `skills`) VALUES ('1740', 'SQL');
INSERT INTO `Hero` (`id`, `firstName`, `lastName`, `role`, `skillSet_id`) VALUES ('1740', 'Oochoost', 'Jid', 'LeadSoftwareArchitect', '1740');
INSERT INTO `SkillSet` (`id`) VALUES ('1741');
INSERT INTO `SkillSet_skills` (`SkillSet_id`, `skills`) VALUES ('1741', 'SQL');
INSERT INTO `Hero` (`id`, `firstName`, `lastName`, `role`, `skillSet_id`) VALUES ('1741', 'Aughaupf', 'Ytont', 'JuniorSoftwareEngineer', '1741');
INSERT INTO `SkillSet` (`id`) VALUES ('1742');
INSERT INTO `SkillSet_skills` (`SkillSet_id`, `skills`) VALUES ('1742', 'Architektur');
INSERT INTO `SkillSet_skills` (`SkillSet_id`, `skills`) VALUES ('1742', 'UnitTesting');
INSERT INTO `SkillSet_skills` (`SkillSet_id`, `skills`) VALUES ('1742', 'Architektur');
INSERT INTO `Hero` (`id`, `firstName`, `lastName`, `role`, `skillSet_id`) VALUES ('1742', 'Eifjist', 'Preikip', 'PrincipalConsultant', '1742');
INSERT INTO `SkillSet` (`id`) VALUES ('1743');
INSERT INTO `SkillSet_skills` (`SkillSet_id`, `skills`) VALUES ('1743', 'UITesting');
INSERT INTO `SkillSet_skills` (`SkillSet_id`, `skills`) VALUES ('1743', 'SQL');
INSERT INTO `SkillSet_skills` (`SkillSet_id`, `skills`) VALUES ('1743', 'UITesting');
INSERT INTO `SkillSet_skills` (`SkillSet_id`, `skills`) VALUES ('1743', 'Java');
INSERT INTO `SkillSet_skills` (`SkillSet_id`, `skills`) VALUES ('1743', 'Java');
INSERT INTO `Hero` (`id`, `firstName`, `lastName`, `role`, `skillSet_id`) VALUES ('1743', 'Oith', 'Oogh', 'SoftwareEngineer', '1743');
INSERT INTO `SkillSet` (`id`) VALUES ('1744');
INSERT INTO `SkillSet_skills` (`SkillSet_id`, `skills`) VALUES ('1744', 'dotNet');
INSERT INTO `SkillSet_skills` (`SkillSet_id`, `skills`) VALUES ('1744', 'Architektur');
INSERT INTO `Hero` (`id`, `firstName`, `lastName`, `role`, `skillSet_id`) VALUES ('1744', 'Oosh', 'Chuth', 'LeadSoftwareArchitect', '1744');
INSERT INTO `SkillSet` (`id`) VALUES ('1745');
INSERT INTO `SkillSet_skills` (`SkillSet_id`, `skills`) VALUES ('1745', 'UnitTesting');
INSERT INTO `SkillSet_skills` (`SkillSet_id`, `skills`) VALUES ('1745', 'UnitTesting');
INSERT INTO `Hero` (`id`, `firstName`, `lastName`, `role`, `skillSet_id`) VALUES ('1745', 'Ekeil', 'Thoib', 'SoftwareEngineer', '1745');
INSERT INTO `SkillSet` (`id`) VALUES ('1746');
INSERT INTO `SkillSet_skills` (`SkillSet_id`, `skills`) VALUES ('1746', 'dotNet');
INSERT INTO `SkillSet_skills` (`SkillSet_id`, `skills`) VALUES ('1746', 'Architektur');
INSERT INTO `Hero` (`id`, `firstName`, `lastName`, `role`, `skillSet_id`) VALUES ('1746', 'Jghel', 'Jirytt', 'LeadEngineer', '1746');
INSERT INTO `SkillSet` (`id`) VALUES ('1747');
INSERT INTO `SkillSet_skills` (`SkillSet_id`, `skills`) VALUES ('1747', 'Ant');
INSERT INTO `SkillSet_skills` (`SkillSet_id`, `skills`) VALUES ('1747', 'Maven');
INSERT INTO `Hero` (`id`, `firstName`, `lastName`, `role`, `skillSet_id`) VALUES ('1747', 'Ein', 'Aiw', 'SoftwareEngineer', '1747');
INSERT INTO `SkillSet` (`id`) VALUES ('1748');
INSERT INTO `SkillSet_skills` (`SkillSet_id`, `skills`) VALUES ('1748', 'Maven');
INSERT INTO `SkillSet_skills` (`SkillSet_id`, `skills`) VALUES ('1748', 'UnitTesting');
INSERT INTO `SkillSet_skills` (`SkillSet_id`, `skills`) VALUES ('1748', 'SQL');
INSERT INTO `Hero` (`id`, `firstName`, `lastName`, `role`, `skillSet_id`) VALUES ('1748', 'Teipf', 'Jp', 'SoftwareEngineer', '1748');
INSERT INTO `SkillSet` (`id`) VALUES ('1749');
INSERT INTO `SkillSet_skills` (`SkillSet_id`, `skills`) VALUES ('1749', 'Maven');
INSERT INTO `SkillSet_skills` (`SkillSet_id`, `skills`) VALUES ('1749', 'UnitTesting');
INSERT INTO `Hero` (`id`, `firstName`, `lastName`, `role`, `skillSet_id`) VALUES ('1749', 'Auseiw', 'Fjitjig', 'LeadSoftwareArchitect', '1749');
INSERT INTO `SkillSet` (`id`) VALUES ('1750');
INSERT INTO `SkillSet_skills` (`SkillSet_id`, `skills`) VALUES ('1750', 'Gradle');
INSERT INTO `SkillSet_skills` (`SkillSet_id`, `skills`) VALUES ('1750', 'Java');
INSERT INTO `SkillSet_skills` (`SkillSet_id`, `skills`) VALUES ('1750', 'Architektur');
INSERT INTO `SkillSet_skills` (`SkillSet_id`, `skills`) VALUES ('1750', 'Gradle');
INSERT INTO `SkillSet_skills` (`SkillSet_id`, `skills`) VALUES ('1750', 'SQL');
INSERT INTO `Hero` (`id`, `firstName`, `lastName`, `role`, `skillSet_id`) VALUES ('1750', 'Pjihaist', 'Klegjv', 'SoftwareEngineer', '1750');
INSERT INTO `SkillSet` (`id`) VALUES ('1751');
INSERT INTO `SkillSet_skills` (`SkillSet_id`, `skills`) VALUES ('1751', 'UITesting');
INSERT INTO `SkillSet_skills` (`SkillSet_id`, `skills`) VALUES ('1751', 'Java');
INSERT INTO `SkillSet_skills` (`SkillSet_id`, `skills`) VALUES ('1751', 'Maven');
INSERT INTO `SkillSet_skills` (`SkillSet_id`, `skills`) VALUES ('1751', 'Ant');
INSERT INTO `SkillSet_skills` (`SkillSet_id`, `skills`) VALUES ('1751', 'dotNet');
INSERT INTO `Hero` (`id`, `firstName`, `lastName`, `role`, `skillSet_id`) VALUES ('1751', 'Roogh', 'Oboid', 'SoftwareEngineer', '1751');
INSERT INTO `SkillSet` (`id`) VALUES ('1752');
INSERT INTO `SkillSet_skills` (`SkillSet_id`, `skills`) VALUES ('1752', 'Ant');
INSERT INTO `SkillSet_skills` (`SkillSet_id`, `skills`) VALUES ('1752', 'SQL');
INSERT INTO `SkillSet_skills` (`SkillSet_id`, `skills`) VALUES ('1752', 'UnitTesting');
INSERT INTO `SkillSet_skills` (`SkillSet_id`, `skills`) VALUES ('1752', 'Architektur');
INSERT INTO `Hero` (`id`, `firstName`, `lastName`, `role`, `skillSet_id`) VALUES ('1752', 'Et', 'Auh', 'LeadSoftwareArchitect', '1752');
INSERT INTO `SkillSet` (`id`) VALUES ('1753');
INSERT INTO `SkillSet_skills` (`SkillSet_id`, `skills`) VALUES ('1753', 'UnitTesting');
INSERT INTO `SkillSet_skills` (`SkillSet_id`, `skills`) VALUES ('1753', 'dotNet');
INSERT INTO `SkillSet_skills` (`SkillSet_id`, `skills`) VALUES ('1753', 'Maven');
INSERT INTO `Hero` (`id`, `firstName`, `lastName`, `role`, `skillSet_id`) VALUES ('1753', 'Utoor', 'Udouv', 'LeadEngineer', '1753');
INSERT INTO `SkillSet` (`id`) VALUES ('1754');
INSERT INTO `SkillSet_skills` (`SkillSet_id`, `skills`) VALUES ('1754', 'Java');
INSERT INTO `Hero` (`id`, `firstName`, `lastName`, `role`, `skillSet_id`) VALUES ('1754', 'Flikoss', 'Ydonn', 'LeadSoftwareArchitect', '1754');
INSERT INTO `SkillSet` (`id`) VALUES ('1755');
INSERT INTO `SkillSet_skills` (`SkillSet_id`, `skills`) VALUES ('1755', 'UnitTesting');
INSERT INTO `SkillSet_skills` (`SkillSet_id`, `skills`) VALUES ('1755', 'Ant');
INSERT INTO `SkillSet_skills` (`SkillSet_id`, `skills`) VALUES ('1755', 'Ant');
INSERT INTO `SkillSet_skills` (`SkillSet_id`, `skills`) VALUES ('1755', 'Java');
INSERT INTO `SkillSet_skills` (`SkillSet_id`, `skills`) VALUES ('1755', 'Architektur');
INSERT INTO `Hero` (`id`, `firstName`, `lastName`, `role`, `skillSet_id`) VALUES ('1755', 'Ent', 'Oozeih', 'SeniorSoftwareEngineer', '1755');
INSERT INTO `SkillSet` (`id`) VALUES ('1756');
INSERT INTO `SkillSet_skills` (`SkillSet_id`, `skills`) VALUES ('1756', 'Architektur');
INSERT INTO `Hero` (`id`, `firstName`, `lastName`, `role`, `skillSet_id`) VALUES ('1756', 'Fois', 'Ish', 'LeadEngineer', '1756');
INSERT INTO `SkillSet` (`id`) VALUES ('1757');
INSERT INTO `SkillSet_skills` (`SkillSet_id`, `skills`) VALUES ('1757', 'Ant');
INSERT INTO `SkillSet_skills` (`SkillSet_id`, `skills`) VALUES ('1757', 'Ant');
INSERT INTO `SkillSet_skills` (`SkillSet_id`, `skills`) VALUES ('1757', 'Maven');
INSERT INTO `SkillSet_skills` (`SkillSet_id`, `skills`) VALUES ('1757', 'Maven');
INSERT INTO `Hero` (`id`, `firstName`, `lastName`, `role`, `skillSet_id`) VALUES ('1757', 'Wysteist', 'Donail', 'LeadSoftwareArchitect', '1757');
INSERT INTO `SkillSet` (`id`) VALUES ('1758');
INSERT INTO `SkillSet_skills` (`SkillSet_id`, `skills`) VALUES ('1758', 'SQL');
INSERT INTO `SkillSet_skills` (`SkillSet_id`, `skills`) VALUES ('1758', 'UnitTesting');
INSERT INTO `Hero` (`id`, `firstName`, `lastName`, `role`, `skillSet_id`) VALUES ('1758', 'Mant', 'Auch', 'LeadSoftwareArchitect', '1758');
INSERT INTO `SkillSet` (`id`) VALUES ('1759');
INSERT INTO `SkillSet_skills` (`SkillSet_id`, `skills`) VALUES ('1759', 'SQL');
INSERT INTO `SkillSet_skills` (`SkillSet_id`, `skills`) VALUES ('1759', 'Ant');
INSERT INTO `SkillSet_skills` (`SkillSet_id`, `skills`) VALUES ('1759', 'Gradle');
INSERT INTO `Hero` (`id`, `firstName`, `lastName`, `role`, `skillSet_id`) VALUES ('1759', 'Proshust', 'Ooth', 'JuniorSoftwareEngineer', '1759');
INSERT INTO `SkillSet` (`id`) VALUES ('1760');
INSERT INTO `SkillSet_skills` (`SkillSet_id`, `skills`) VALUES ('1760', 'dotNet');
INSERT INTO `SkillSet_skills` (`SkillSet_id`, `skills`) VALUES ('1760', 'Ant');
INSERT INTO `SkillSet_skills` (`SkillSet_id`, `skills`) VALUES ('1760', 'Maven');
INSERT INTO `Hero` (`id`, `firstName`, `lastName`, `role`, `skillSet_id`) VALUES ('1760', 'Boil', 'Jinnyss', 'LeadSoftwareArchitect', '1760');
INSERT INTO `SkillSet` (`id`) VALUES ('1761');
INSERT INTO `SkillSet_skills` (`SkillSet_id`, `skills`) VALUES ('1761', 'Architektur');
INSERT INTO `SkillSet_skills` (`SkillSet_id`, `skills`) VALUES ('1761', 'dotNet');
INSERT INTO `SkillSet_skills` (`SkillSet_id`, `skills`) VALUES ('1761', 'Gradle');
INSERT INTO `SkillSet_skills` (`SkillSet_id`, `skills`) VALUES ('1761', 'SQL');
INSERT INTO `Hero` (`id`, `firstName`, `lastName`, `role`, `skillSet_id`) VALUES ('1761', 'Yl', 'Neinnjnn', 'SeniorSoftwareEngineer', '1761');
INSERT INTO `SkillSet` (`id`) VALUES ('1762');
INSERT INTO `SkillSet_skills` (`SkillSet_id`, `skills`) VALUES ('1762', 'Java');
INSERT INTO `SkillSet_skills` (`SkillSet_id`, `skills`) VALUES ('1762', 'Maven');
INSERT INTO `SkillSet_skills` (`SkillSet_id`, `skills`) VALUES ('1762', 'dotNet');
INSERT INTO `Hero` (`id`, `firstName`, `lastName`, `role`, `skillSet_id`) VALUES ('1762', 'Aithoint', 'Ooth', 'SeniorSoftwareEngineer', '1762');
INSERT INTO `SkillSet` (`id`) VALUES ('1763');
INSERT INTO `SkillSet_skills` (`SkillSet_id`, `skills`) VALUES ('1763', 'UnitTesting');
INSERT INTO `SkillSet_skills` (`SkillSet_id`, `skills`) VALUES ('1763', 'dotNet');
INSERT INTO `SkillSet_skills` (`SkillSet_id`, `skills`) VALUES ('1763', 'Architektur');
INSERT INTO `SkillSet_skills` (`SkillSet_id`, `skills`) VALUES ('1763', 'Ant');
INSERT INTO `SkillSet_skills` (`SkillSet_id`, `skills`) VALUES ('1763', 'Java');
INSERT INTO `Hero` (`id`, `firstName`, `lastName`, `role`, `skillSet_id`) VALUES ('1763', 'Ig', 'Ik', 'JuniorSoftwareEngineer', '1763');
INSERT INTO `SkillSet` (`id`) VALUES ('1764');
INSERT INTO `SkillSet_skills` (`SkillSet_id`, `skills`) VALUES ('1764', 'Java');
INSERT INTO `SkillSet_skills` (`SkillSet_id`, `skills`) VALUES ('1764', 'SQL');
INSERT INTO `SkillSet_skills` (`SkillSet_id`, `skills`) VALUES ('1764', 'SQL');
INSERT INTO `SkillSet_skills` (`SkillSet_id`, `skills`) VALUES ('1764', 'Gradle');
INSERT INTO `Hero` (`id`, `firstName`, `lastName`, `role`, `skillSet_id`) VALUES ('1764', 'Aidann', 'Qaw', 'LeadSoftwareArchitect', '1764');
INSERT INTO `SkillSet` (`id`) VALUES ('1765');
INSERT INTO `SkillSet_skills` (`SkillSet_id`, `skills`) VALUES ('1765', 'dotNet');
INSERT INTO `SkillSet_skills` (`SkillSet_id`, `skills`) VALUES ('1765', 'Gradle');
INSERT INTO `Hero` (`id`, `firstName`, `lastName`, `role`, `skillSet_id`) VALUES ('1765', 'Zit', 'Auputt', 'LeadEngineer', '1765');
INSERT INTO `SkillSet` (`id`) VALUES ('1766');
INSERT INTO `SkillSet_skills` (`SkillSet_id`, `skills`) VALUES ('1766', 'Ant');
INSERT INTO `SkillSet_skills` (`SkillSet_id`, `skills`) VALUES ('1766', 'dotNet');
INSERT INTO `SkillSet_skills` (`SkillSet_id`, `skills`) VALUES ('1766', 'SQL');
INSERT INTO `SkillSet_skills` (`SkillSet_id`, `skills`) VALUES ('1766', 'Architektur');
INSERT INTO `SkillSet_skills` (`SkillSet_id`, `skills`) VALUES ('1766', 'dotNet');
INSERT INTO `Hero` (`id`, `firstName`, `lastName`, `role`, `skillSet_id`) VALUES ('1766', 'Chjiv', 'Oikoush', 'SeniorSoftwareEngineer', '1766');
INSERT INTO `SkillSet` (`id`) VALUES ('1767');
INSERT INTO `SkillSet_skills` (`SkillSet_id`, `skills`) VALUES ('1767', 'UITesting');
INSERT INTO `SkillSet_skills` (`SkillSet_id`, `skills`) VALUES ('1767', 'Architektur');
INSERT INTO `Hero` (`id`, `firstName`, `lastName`, `role`, `skillSet_id`) VALUES ('1767', 'Austoh', 'Jil', 'LeadEngineer', '1767');
INSERT INTO `SkillSet` (`id`) VALUES ('1768');
INSERT INTO `SkillSet_skills` (`SkillSet_id`, `skills`) VALUES ('1768', 'UITesting');
INSERT INTO `Hero` (`id`, `firstName`, `lastName`, `role`, `skillSet_id`) VALUES ('1768', 'Oul', 'Prjishjint', 'SeniorSoftwareEngineer', '1768');
INSERT INTO `SkillSet` (`id`) VALUES ('1769');
INSERT INTO `SkillSet_skills` (`SkillSet_id`, `skills`) VALUES ('1769', 'Gradle');
INSERT INTO `SkillSet_skills` (`SkillSet_id`, `skills`) VALUES ('1769', 'Architektur');
INSERT INTO `SkillSet_skills` (`SkillSet_id`, `skills`) VALUES ('1769', 'Ant');
INSERT INTO `SkillSet_skills` (`SkillSet_id`, `skills`) VALUES ('1769', 'Maven');
INSERT INTO `Hero` (`id`, `firstName`, `lastName`, `role`, `skillSet_id`) VALUES ('1769', 'Oitt', 'Fjiweit', 'LeadSoftwareArchitect', '1769');
INSERT INTO `SkillSet` (`id`) VALUES ('1770');
INSERT INTO `SkillSet_skills` (`SkillSet_id`, `skills`) VALUES ('1770', 'Java');
INSERT INTO `SkillSet_skills` (`SkillSet_id`, `skills`) VALUES ('1770', 'Gradle');
INSERT INTO `SkillSet_skills` (`SkillSet_id`, `skills`) VALUES ('1770', 'Ant');
INSERT INTO `SkillSet_skills` (`SkillSet_id`, `skills`) VALUES ('1770', 'dotNet');
INSERT INTO `Hero` (`id`, `firstName`, `lastName`, `role`, `skillSet_id`) VALUES ('1770', 'Evoos', 'Befap', 'SoftwareEngineer', '1770');
INSERT INTO `SkillSet` (`id`) VALUES ('1771');
INSERT INTO `SkillSet_skills` (`SkillSet_id`, `skills`) VALUES ('1771', 'UnitTesting');
INSERT INTO `SkillSet_skills` (`SkillSet_id`, `skills`) VALUES ('1771', 'Architektur');
INSERT INTO `Hero` (`id`, `firstName`, `lastName`, `role`, `skillSet_id`) VALUES ('1771', 'Gyssust', 'Sav', 'SeniorSoftwareEngineer', '1771');
INSERT INTO `SkillSet` (`id`) VALUES ('1772');
INSERT INTO `SkillSet_skills` (`SkillSet_id`, `skills`) VALUES ('1772', 'Maven');
INSERT INTO `SkillSet_skills` (`SkillSet_id`, `skills`) VALUES ('1772', 'UnitTesting');
INSERT INTO `SkillSet_skills` (`SkillSet_id`, `skills`) VALUES ('1772', 'Gradle');
INSERT INTO `SkillSet_skills` (`SkillSet_id`, `skills`) VALUES ('1772', 'Java');
INSERT INTO `Hero` (`id`, `firstName`, `lastName`, `role`, `skillSet_id`) VALUES ('1772', 'Blystav', 'Ok', 'SoftwareEngineer', '1772');
INSERT INTO `SkillSet` (`id`) VALUES ('1773');
INSERT INTO `SkillSet_skills` (`SkillSet_id`, `skills`) VALUES ('1773', 'SQL');
INSERT INTO `SkillSet_skills` (`SkillSet_id`, `skills`) VALUES ('1773', 'SQL');
INSERT INTO `SkillSet_skills` (`SkillSet_id`, `skills`) VALUES ('1773', 'SQL');
INSERT INTO `SkillSet_skills` (`SkillSet_id`, `skills`) VALUES ('1773', 'UITesting');
INSERT INTO `SkillSet_skills` (`SkillSet_id`, `skills`) VALUES ('1773', 'Java');
INSERT INTO `Hero` (`id`, `firstName`, `lastName`, `role`, `skillSet_id`) VALUES ('1773', 'Koon', 'Om', 'LeadEngineer', '1773');
INSERT INTO `SkillSet` (`id`) VALUES ('1774');
INSERT INTO `SkillSet_skills` (`SkillSet_id`, `skills`) VALUES ('1774', 'Maven');
INSERT INTO `SkillSet_skills` (`SkillSet_id`, `skills`) VALUES ('1774', 'Gradle');
INSERT INTO `SkillSet_skills` (`SkillSet_id`, `skills`) VALUES ('1774', 'UnitTesting');
INSERT INTO `Hero` (`id`, `firstName`, `lastName`, `role`, `skillSet_id`) VALUES ('1774', 'Ek', 'Jin', 'SoftwareEngineer', '1774');
INSERT INTO `SkillSet` (`id`) VALUES ('1775');
INSERT INTO `SkillSet_skills` (`SkillSet_id`, `skills`) VALUES ('1775', 'Ant');
INSERT INTO `SkillSet_skills` (`SkillSet_id`, `skills`) VALUES ('1775', 'Architektur');
INSERT INTO `Hero` (`id`, `firstName`, `lastName`, `role`, `skillSet_id`) VALUES ('1775', 'Xauth', 'Doiss', 'LeadSoftwareArchitect', '1775');
INSERT INTO `SkillSet` (`id`) VALUES ('1776');
INSERT INTO `SkillSet_skills` (`SkillSet_id`, `skills`) VALUES ('1776', 'UnitTesting');
INSERT INTO `Hero` (`id`, `firstName`, `lastName`, `role`, `skillSet_id`) VALUES ('1776', 'Prjidym', 'Aish', 'JuniorSoftwareEngineer', '1776');
INSERT INTO `SkillSet` (`id`) VALUES ('1777');
INSERT INTO `SkillSet_skills` (`SkillSet_id`, `skills`) VALUES ('1777', 'dotNet');
INSERT INTO `Hero` (`id`, `firstName`, `lastName`, `role`, `skillSet_id`) VALUES ('1777', 'Daiz', 'Lapf', 'PrincipalConsultant', '1777');
INSERT INTO `SkillSet` (`id`) VALUES ('1778');
INSERT INTO `SkillSet_skills` (`SkillSet_id`, `skills`) VALUES ('1778', 'Maven');
INSERT INTO `Hero` (`id`, `firstName`, `lastName`, `role`, `skillSet_id`) VALUES ('1778', 'Oottoih', 'Guf', 'SoftwareEngineer', '1778');
INSERT INTO `SkillSet` (`id`) VALUES ('1779');
INSERT INTO `SkillSet_skills` (`SkillSet_id`, `skills`) VALUES ('1779', 'UITesting');
INSERT INTO `SkillSet_skills` (`SkillSet_id`, `skills`) VALUES ('1779', 'UnitTesting');
INSERT INTO `SkillSet_skills` (`SkillSet_id`, `skills`) VALUES ('1779', 'Ant');
INSERT INTO `Hero` (`id`, `firstName`, `lastName`, `role`, `skillSet_id`) VALUES ('1779', 'Eir', 'Gljd', 'SeniorSoftwareEngineer', '1779');
INSERT INTO `SkillSet` (`id`) VALUES ('1780');
INSERT INTO `SkillSet_skills` (`SkillSet_id`, `skills`) VALUES ('1780', 'Gradle');
INSERT INTO `SkillSet_skills` (`SkillSet_id`, `skills`) VALUES ('1780', 'SQL');
INSERT INTO `Hero` (`id`, `firstName`, `lastName`, `role`, `skillSet_id`) VALUES ('1780', 'Oif', 'Ad', 'SoftwareEngineer', '1780');
INSERT INTO `SkillSet` (`id`) VALUES ('1781');
INSERT INTO `SkillSet_skills` (`SkillSet_id`, `skills`) VALUES ('1781', 'Architektur');
INSERT INTO `SkillSet_skills` (`SkillSet_id`, `skills`) VALUES ('1781', 'UnitTesting');
INSERT INTO `SkillSet_skills` (`SkillSet_id`, `skills`) VALUES ('1781', 'Gradle');
INSERT INTO `SkillSet_skills` (`SkillSet_id`, `skills`) VALUES ('1781', 'Ant');
INSERT INTO `SkillSet_skills` (`SkillSet_id`, `skills`) VALUES ('1781', 'Architektur');
INSERT INTO `Hero` (`id`, `firstName`, `lastName`, `role`, `skillSet_id`) VALUES ('1781', 'Thaunt', 'Blaizaiz', 'LeadSoftwareArchitect', '1781');
INSERT INTO `SkillSet` (`id`) VALUES ('1782');
INSERT INTO `SkillSet_skills` (`SkillSet_id`, `skills`) VALUES ('1782', 'UITesting');
INSERT INTO `SkillSet_skills` (`SkillSet_id`, `skills`) VALUES ('1782', 'SQL');
INSERT INTO `SkillSet_skills` (`SkillSet_id`, `skills`) VALUES ('1782', 'Ant');
INSERT INTO `SkillSet_skills` (`SkillSet_id`, `skills`) VALUES ('1782', 'dotNet');
INSERT INTO `Hero` (`id`, `firstName`, `lastName`, `role`, `skillSet_id`) VALUES ('1782', 'Ik', 'Cop', 'LeadEngineer', '1782');
INSERT INTO `SkillSet` (`id`) VALUES ('1783');
INSERT INTO `SkillSet_skills` (`SkillSet_id`, `skills`) VALUES ('1783', 'Ant');
INSERT INTO `SkillSet_skills` (`SkillSet_id`, `skills`) VALUES ('1783', 'Java');
INSERT INTO `SkillSet_skills` (`SkillSet_id`, `skills`) VALUES ('1783', 'Java');
INSERT INTO `Hero` (`id`, `firstName`, `lastName`, `role`, `skillSet_id`) VALUES ('1783', 'Pripytt', 'Aukoob', 'JuniorSoftwareEngineer', '1783');
INSERT INTO `SkillSet` (`id`) VALUES ('1784');
INSERT INTO `SkillSet_skills` (`SkillSet_id`, `skills`) VALUES ('1784', 'UITesting');
INSERT INTO `SkillSet_skills` (`SkillSet_id`, `skills`) VALUES ('1784', 'Java');
INSERT INTO `SkillSet_skills` (`SkillSet_id`, `skills`) VALUES ('1784', 'UITesting');
INSERT INTO `SkillSet_skills` (`SkillSet_id`, `skills`) VALUES ('1784', 'Architektur');
INSERT INTO `Hero` (`id`, `firstName`, `lastName`, `role`, `skillSet_id`) VALUES ('1784', 'Gljpfir', 'Ipech', 'SeniorSoftwareEngineer', '1784');
INSERT INTO `SkillSet` (`id`) VALUES ('1785');
INSERT INTO `SkillSet_skills` (`SkillSet_id`, `skills`) VALUES ('1785', 'SQL');
INSERT INTO `SkillSet_skills` (`SkillSet_id`, `skills`) VALUES ('1785', 'Maven');
INSERT INTO `SkillSet_skills` (`SkillSet_id`, `skills`) VALUES ('1785', 'Gradle');
INSERT INTO `Hero` (`id`, `firstName`, `lastName`, `role`, `skillSet_id`) VALUES ('1785', 'Tjichar', 'Laizjtt', 'LeadEngineer', '1785');
INSERT INTO `SkillSet` (`id`) VALUES ('1786');
INSERT INTO `SkillSet_skills` (`SkillSet_id`, `skills`) VALUES ('1786', 'Java');
INSERT INTO `SkillSet_skills` (`SkillSet_id`, `skills`) VALUES ('1786', 'SQL');
INSERT INTO `SkillSet_skills` (`SkillSet_id`, `skills`) VALUES ('1786', 'UnitTesting');
INSERT INTO `Hero` (`id`, `firstName`, `lastName`, `role`, `skillSet_id`) VALUES ('1786', 'Qounn', 'Airoot', 'JuniorSoftwareEngineer', '1786');
INSERT INTO `SkillSet` (`id`) VALUES ('1787');
INSERT INTO `SkillSet_skills` (`SkillSet_id`, `skills`) VALUES ('1787', 'UITesting');
INSERT INTO `SkillSet_skills` (`SkillSet_id`, `skills`) VALUES ('1787', 'Architektur');
INSERT INTO `SkillSet_skills` (`SkillSet_id`, `skills`) VALUES ('1787', 'Maven');
INSERT INTO `Hero` (`id`, `firstName`, `lastName`, `role`, `skillSet_id`) VALUES ('1787', 'Ruljn', 'Brjitt', 'SoftwareEngineer', '1787');
INSERT INTO `SkillSet` (`id`) VALUES ('1788');
INSERT INTO `SkillSet_skills` (`SkillSet_id`, `skills`) VALUES ('1788', 'Maven');
INSERT INTO `SkillSet_skills` (`SkillSet_id`, `skills`) VALUES ('1788', 'dotNet');
INSERT INTO `Hero` (`id`, `firstName`, `lastName`, `role`, `skillSet_id`) VALUES ('1788', 'Floineig', 'Glount', 'LeadEngineer', '1788');
INSERT INTO `SkillSet` (`id`) VALUES ('1789');
INSERT INTO `SkillSet_skills` (`SkillSet_id`, `skills`) VALUES ('1789', 'UITesting');
INSERT INTO `SkillSet_skills` (`SkillSet_id`, `skills`) VALUES ('1789', 'Architektur');
INSERT INTO `Hero` (`id`, `firstName`, `lastName`, `role`, `skillSet_id`) VALUES ('1789', 'Klob', 'Painn', 'LeadEngineer', '1789');
INSERT INTO `SkillSet` (`id`) VALUES ('1790');
INSERT INTO `SkillSet_skills` (`SkillSet_id`, `skills`) VALUES ('1790', 'UITesting');
INSERT INTO `SkillSet_skills` (`SkillSet_id`, `skills`) VALUES ('1790', 'SQL');
INSERT INTO `SkillSet_skills` (`SkillSet_id`, `skills`) VALUES ('1790', 'Ant');
INSERT INTO `Hero` (`id`, `firstName`, `lastName`, `role`, `skillSet_id`) VALUES ('1790', 'Koustot', 'Ipf', 'SoftwareEngineer', '1790');
INSERT INTO `SkillSet` (`id`) VALUES ('1791');
INSERT INTO `SkillSet_skills` (`SkillSet_id`, `skills`) VALUES ('1791', 'Ant');
INSERT INTO `SkillSet_skills` (`SkillSet_id`, `skills`) VALUES ('1791', 'Java');
INSERT INTO `SkillSet_skills` (`SkillSet_id`, `skills`) VALUES ('1791', 'Maven');
INSERT INTO `SkillSet_skills` (`SkillSet_id`, `skills`) VALUES ('1791', 'UnitTesting');
INSERT INTO `Hero` (`id`, `firstName`, `lastName`, `role`, `skillSet_id`) VALUES ('1791', 'Our', 'Gront', 'JuniorSoftwareEngineer', '1791');
INSERT INTO `SkillSet` (`id`) VALUES ('1792');
INSERT INTO `SkillSet_skills` (`SkillSet_id`, `skills`) VALUES ('1792', 'Architektur');
INSERT INTO `SkillSet_skills` (`SkillSet_id`, `skills`) VALUES ('1792', 'Architektur');
INSERT INTO `SkillSet_skills` (`SkillSet_id`, `skills`) VALUES ('1792', 'UnitTesting');
INSERT INTO `Hero` (`id`, `firstName`, `lastName`, `role`, `skillSet_id`) VALUES ('1792', 'Jihyw', 'Boinig', 'SoftwareEngineer', '1792');
INSERT INTO `SkillSet` (`id`) VALUES ('1793');
INSERT INTO `SkillSet_skills` (`SkillSet_id`, `skills`) VALUES ('1793', 'dotNet');
INSERT INTO `SkillSet_skills` (`SkillSet_id`, `skills`) VALUES ('1793', 'Java');
INSERT INTO `SkillSet_skills` (`SkillSet_id`, `skills`) VALUES ('1793', 'SQL');
INSERT INTO `SkillSet_skills` (`SkillSet_id`, `skills`) VALUES ('1793', 'Java');
INSERT INTO `Hero` (`id`, `firstName`, `lastName`, `role`, `skillSet_id`) VALUES ('1793', 'Floutok', 'Klouthiz', 'LeadEngineer', '1793');
INSERT INTO `SkillSet` (`id`) VALUES ('1794');
INSERT INTO `SkillSet_skills` (`SkillSet_id`, `skills`) VALUES ('1794', 'SQL');
INSERT INTO `SkillSet_skills` (`SkillSet_id`, `skills`) VALUES ('1794', 'UITesting');
INSERT INTO `SkillSet_skills` (`SkillSet_id`, `skills`) VALUES ('1794', 'SQL');
INSERT INTO `Hero` (`id`, `firstName`, `lastName`, `role`, `skillSet_id`) VALUES ('1794', 'Foof', 'Chossop', 'SoftwareEngineer', '1794');
INSERT INTO `SkillSet` (`id`) VALUES ('1795');
INSERT INTO `SkillSet_skills` (`SkillSet_id`, `skills`) VALUES ('1795', 'Architektur');
INSERT INTO `Hero` (`id`, `firstName`, `lastName`, `role`, `skillSet_id`) VALUES ('1795', 'Jisjm', 'Geiraih', 'LeadSoftwareArchitect', '1795');
INSERT INTO `SkillSet` (`id`) VALUES ('1796');
INSERT INTO `SkillSet_skills` (`SkillSet_id`, `skills`) VALUES ('1796', 'UnitTesting');
INSERT INTO `Hero` (`id`, `firstName`, `lastName`, `role`, `skillSet_id`) VALUES ('1796', 'Jpfjss', 'Balunn', 'SeniorSoftwareEngineer', '1796');
INSERT INTO `SkillSet` (`id`) VALUES ('1797');
INSERT INTO `SkillSet_skills` (`SkillSet_id`, `skills`) VALUES ('1797', 'Architektur');
INSERT INTO `SkillSet_skills` (`SkillSet_id`, `skills`) VALUES ('1797', 'Architektur');
INSERT INTO `SkillSet_skills` (`SkillSet_id`, `skills`) VALUES ('1797', 'UITesting');
INSERT INTO `Hero` (`id`, `firstName`, `lastName`, `role`, `skillSet_id`) VALUES ('1797', 'Flaissynt', 'Hauz', 'JuniorSoftwareEngineer', '1797');
INSERT INTO `SkillSet` (`id`) VALUES ('1798');
INSERT INTO `SkillSet_skills` (`SkillSet_id`, `skills`) VALUES ('1798', 'Ant');
INSERT INTO `SkillSet_skills` (`SkillSet_id`, `skills`) VALUES ('1798', 'Ant');
INSERT INTO `SkillSet_skills` (`SkillSet_id`, `skills`) VALUES ('1798', 'Maven');
INSERT INTO `SkillSet_skills` (`SkillSet_id`, `skills`) VALUES ('1798', 'Ant');
INSERT INTO `Hero` (`id`, `firstName`, `lastName`, `role`, `skillSet_id`) VALUES ('1798', 'Zob', 'Cyss', 'JuniorSoftwareEngineer', '1798');
INSERT INTO `SkillSet` (`id`) VALUES ('1799');
INSERT INTO `SkillSet_skills` (`SkillSet_id`, `skills`) VALUES ('1799', 'Ant');
INSERT INTO `SkillSet_skills` (`SkillSet_id`, `skills`) VALUES ('1799', 'SQL');
INSERT INTO `SkillSet_skills` (`SkillSet_id`, `skills`) VALUES ('1799', 'UnitTesting');
INSERT INTO `SkillSet_skills` (`SkillSet_id`, `skills`) VALUES ('1799', 'Architektur');
INSERT INTO `SkillSet_skills` (`SkillSet_id`, `skills`) VALUES ('1799', 'UITesting');
INSERT INTO `Hero` (`id`, `firstName`, `lastName`, `role`, `skillSet_id`) VALUES ('1799', 'Laugheiz', 'Ateiw', 'PrincipalConsultant', '1799');
INSERT INTO `SkillSet` (`id`) VALUES ('1800');
INSERT INTO `SkillSet_skills` (`SkillSet_id`, `skills`) VALUES ('1800', 'Maven');
INSERT INTO `SkillSet_skills` (`SkillSet_id`, `skills`) VALUES ('1800', 'UnitTesting');
INSERT INTO `SkillSet_skills` (`SkillSet_id`, `skills`) VALUES ('1800', 'dotNet');
INSERT INTO `SkillSet_skills` (`SkillSet_id`, `skills`) VALUES ('1800', 'Gradle');
INSERT INTO `Hero` (`id`, `firstName`, `lastName`, `role`, `skillSet_id`) VALUES ('1800', 'Broittoin', 'Igh', 'SeniorSoftwareEngineer', '1800');
INSERT INTO `SkillSet` (`id`) VALUES ('1801');
INSERT INTO `SkillSet_skills` (`SkillSet_id`, `skills`) VALUES ('1801', 'Architektur');
INSERT INTO `SkillSet_skills` (`SkillSet_id`, `skills`) VALUES ('1801', 'UITesting');
INSERT INTO `Hero` (`id`, `firstName`, `lastName`, `role`, `skillSet_id`) VALUES ('1801', 'Jh', 'Oosh', 'LeadSoftwareArchitect', '1801');
INSERT INTO `SkillSet` (`id`) VALUES ('1802');
INSERT INTO `SkillSet_skills` (`SkillSet_id`, `skills`) VALUES ('1802', 'Architektur');
INSERT INTO `SkillSet_skills` (`SkillSet_id`, `skills`) VALUES ('1802', 'dotNet');
INSERT INTO `SkillSet_skills` (`SkillSet_id`, `skills`) VALUES ('1802', 'Architektur');
INSERT INTO `Hero` (`id`, `firstName`, `lastName`, `role`, `skillSet_id`) VALUES ('1802', 'Klufaust', 'Prussutt', 'LeadSoftwareArchitect', '1802');
INSERT INTO `SkillSet` (`id`) VALUES ('1803');
INSERT INTO `SkillSet_skills` (`SkillSet_id`, `skills`) VALUES ('1803', 'Gradle');
INSERT INTO `SkillSet_skills` (`SkillSet_id`, `skills`) VALUES ('1803', 'Java');
INSERT INTO `SkillSet_skills` (`SkillSet_id`, `skills`) VALUES ('1803', 'Gradle');
INSERT INTO `SkillSet_skills` (`SkillSet_id`, `skills`) VALUES ('1803', 'UnitTesting');
INSERT INTO `Hero` (`id`, `firstName`, `lastName`, `role`, `skillSet_id`) VALUES ('1803', 'Pron', 'Jig', 'LeadEngineer', '1803');
INSERT INTO `SkillSet` (`id`) VALUES ('1804');
INSERT INTO `SkillSet_skills` (`SkillSet_id`, `skills`) VALUES ('1804', 'Java');
INSERT INTO `SkillSet_skills` (`SkillSet_id`, `skills`) VALUES ('1804', 'Architektur');
INSERT INTO `Hero` (`id`, `firstName`, `lastName`, `role`, `skillSet_id`) VALUES ('1804', 'Nolus', 'Qoivoonn', 'PrincipalConsultant', '1804');
INSERT INTO `SkillSet` (`id`) VALUES ('1805');
INSERT INTO `SkillSet_skills` (`SkillSet_id`, `skills`) VALUES ('1805', 'Maven');
INSERT INTO `SkillSet_skills` (`SkillSet_id`, `skills`) VALUES ('1805', 'Architektur');
INSERT INTO `SkillSet_skills` (`SkillSet_id`, `skills`) VALUES ('1805', 'dotNet');
INSERT INTO `Hero` (`id`, `firstName`, `lastName`, `role`, `skillSet_id`) VALUES ('1805', 'Klaichoutt', 'Paib', 'SoftwareEngineer', '1805');
INSERT INTO `SkillSet` (`id`) VALUES ('1806');
INSERT INTO `SkillSet_skills` (`SkillSet_id`, `skills`) VALUES ('1806', 'Java');
INSERT INTO `SkillSet_skills` (`SkillSet_id`, `skills`) VALUES ('1806', 'UnitTesting');
INSERT INTO `SkillSet_skills` (`SkillSet_id`, `skills`) VALUES ('1806', 'dotNet');
INSERT INTO `SkillSet_skills` (`SkillSet_id`, `skills`) VALUES ('1806', 'Java');
INSERT INTO `SkillSet_skills` (`SkillSet_id`, `skills`) VALUES ('1806', 'SQL');
INSERT INTO `Hero` (`id`, `firstName`, `lastName`, `role`, `skillSet_id`) VALUES ('1806', 'Leiwoott', 'Sheigh', 'JuniorSoftwareEngineer', '1806');
INSERT INTO `SkillSet` (`id`) VALUES ('1807');
INSERT INTO `SkillSet_skills` (`SkillSet_id`, `skills`) VALUES ('1807', 'Maven');
INSERT INTO `SkillSet_skills` (`SkillSet_id`, `skills`) VALUES ('1807', 'Architektur');
INSERT INTO `SkillSet_skills` (`SkillSet_id`, `skills`) VALUES ('1807', 'UnitTesting');
INSERT INTO `Hero` (`id`, `firstName`, `lastName`, `role`, `skillSet_id`) VALUES ('1807', 'Ait', 'Ountiw', 'LeadEngineer', '1807');
INSERT INTO `SkillSet` (`id`) VALUES ('1808');
INSERT INTO `SkillSet_skills` (`SkillSet_id`, `skills`) VALUES ('1808', 'Maven');
INSERT INTO `SkillSet_skills` (`SkillSet_id`, `skills`) VALUES ('1808', 'dotNet');
INSERT INTO `SkillSet_skills` (`SkillSet_id`, `skills`) VALUES ('1808', 'Java');
INSERT INTO `SkillSet_skills` (`SkillSet_id`, `skills`) VALUES ('1808', 'UnitTesting');
INSERT INTO `Hero` (`id`, `firstName`, `lastName`, `role`, `skillSet_id`) VALUES ('1808', 'Poif', 'Cjst', 'SoftwareEngineer', '1808');
INSERT INTO `SkillSet` (`id`) VALUES ('1809');
INSERT INTO `SkillSet_skills` (`SkillSet_id`, `skills`) VALUES ('1809', 'Java');
INSERT INTO `SkillSet_skills` (`SkillSet_id`, `skills`) VALUES ('1809', 'dotNet');
INSERT INTO `SkillSet_skills` (`SkillSet_id`, `skills`) VALUES ('1809', 'UITesting');
INSERT INTO `SkillSet_skills` (`SkillSet_id`, `skills`) VALUES ('1809', 'Gradle');
INSERT INTO `SkillSet_skills` (`SkillSet_id`, `skills`) VALUES ('1809', 'SQL');
INSERT INTO `Hero` (`id`, `firstName`, `lastName`, `role`, `skillSet_id`) VALUES ('1809', 'Chauzjist', 'Cjpfov', 'LeadEngineer', '1809');
INSERT INTO `SkillSet` (`id`) VALUES ('1810');
INSERT INTO `SkillSet_skills` (`SkillSet_id`, `skills`) VALUES ('1810', 'Java');
INSERT INTO `SkillSet_skills` (`SkillSet_id`, `skills`) VALUES ('1810', 'UnitTesting');
INSERT INTO `SkillSet_skills` (`SkillSet_id`, `skills`) VALUES ('1810', 'SQL');
INSERT INTO `SkillSet_skills` (`SkillSet_id`, `skills`) VALUES ('1810', 'Java');
INSERT INTO `SkillSet_skills` (`SkillSet_id`, `skills`) VALUES ('1810', 'Architektur');
INSERT INTO `Hero` (`id`, `firstName`, `lastName`, `role`, `skillSet_id`) VALUES ('1810', 'Eist', 'Woit', 'SoftwareEngineer', '1810');
INSERT INTO `SkillSet` (`id`) VALUES ('1811');
INSERT INTO `SkillSet_skills` (`SkillSet_id`, `skills`) VALUES ('1811', 'Java');
INSERT INTO `SkillSet_skills` (`SkillSet_id`, `skills`) VALUES ('1811', 'Maven');
INSERT INTO `SkillSet_skills` (`SkillSet_id`, `skills`) VALUES ('1811', 'UnitTesting');
INSERT INTO `SkillSet_skills` (`SkillSet_id`, `skills`) VALUES ('1811', 'SQL');
INSERT INTO `SkillSet_skills` (`SkillSet_id`, `skills`) VALUES ('1811', 'SQL');
INSERT INTO `Hero` (`id`, `firstName`, `lastName`, `role`, `skillSet_id`) VALUES ('1811', 'Chawoow', 'Jgjg', 'JuniorSoftwareEngineer', '1811');
INSERT INTO `SkillSet` (`id`) VALUES ('1812');
INSERT INTO `SkillSet_skills` (`SkillSet_id`, `skills`) VALUES ('1812', 'SQL');
INSERT INTO `SkillSet_skills` (`SkillSet_id`, `skills`) VALUES ('1812', 'Architektur');
INSERT INTO `SkillSet_skills` (`SkillSet_id`, `skills`) VALUES ('1812', 'Gradle');
INSERT INTO `SkillSet_skills` (`SkillSet_id`, `skills`) VALUES ('1812', 'Java');
INSERT INTO `SkillSet_skills` (`SkillSet_id`, `skills`) VALUES ('1812', 'Gradle');
INSERT INTO `Hero` (`id`, `firstName`, `lastName`, `role`, `skillSet_id`) VALUES ('1812', 'Jiteir', 'Theim', 'LeadSoftwareArchitect', '1812');
INSERT INTO `SkillSet` (`id`) VALUES ('1813');
INSERT INTO `SkillSet_skills` (`SkillSet_id`, `skills`) VALUES ('1813', 'Java');
INSERT INTO `SkillSet_skills` (`SkillSet_id`, `skills`) VALUES ('1813', 'Ant');
INSERT INTO `SkillSet_skills` (`SkillSet_id`, `skills`) VALUES ('1813', 'UnitTesting');
INSERT INTO `SkillSet_skills` (`SkillSet_id`, `skills`) VALUES ('1813', 'Java');
INSERT INTO `SkillSet_skills` (`SkillSet_id`, `skills`) VALUES ('1813', 'Gradle');
INSERT INTO `Hero` (`id`, `firstName`, `lastName`, `role`, `skillSet_id`) VALUES ('1813', 'Ew', 'Eiwed', 'PrincipalConsultant', '1813');
INSERT INTO `SkillSet` (`id`) VALUES ('1814');
INSERT INTO `SkillSet_skills` (`SkillSet_id`, `skills`) VALUES ('1814', 'Architektur');
INSERT INTO `SkillSet_skills` (`SkillSet_id`, `skills`) VALUES ('1814', 'Gradle');
INSERT INTO `Hero` (`id`, `firstName`, `lastName`, `role`, `skillSet_id`) VALUES ('1814', 'Oug', 'Chooghair', 'JuniorSoftwareEngineer', '1814');
INSERT INTO `SkillSet` (`id`) VALUES ('1815');
INSERT INTO `SkillSet_skills` (`SkillSet_id`, `skills`) VALUES ('1815', 'dotNet');
INSERT INTO `SkillSet_skills` (`SkillSet_id`, `skills`) VALUES ('1815', 'Java');
INSERT INTO `SkillSet_skills` (`SkillSet_id`, `skills`) VALUES ('1815', 'dotNet');
INSERT INTO `SkillSet_skills` (`SkillSet_id`, `skills`) VALUES ('1815', 'Gradle');
INSERT INTO `SkillSet_skills` (`SkillSet_id`, `skills`) VALUES ('1815', 'UnitTesting');
INSERT INTO `Hero` (`id`, `firstName`, `lastName`, `role`, `skillSet_id`) VALUES ('1815', 'Hoitup', 'Blauss', 'LeadEngineer', '1815');
INSERT INTO `SkillSet` (`id`) VALUES ('1816');
INSERT INTO `SkillSet_skills` (`SkillSet_id`, `skills`) VALUES ('1816', 'Gradle');
INSERT INTO `SkillSet_skills` (`SkillSet_id`, `skills`) VALUES ('1816', 'Java');
INSERT INTO `SkillSet_skills` (`SkillSet_id`, `skills`) VALUES ('1816', 'Maven');
INSERT INTO `Hero` (`id`, `firstName`, `lastName`, `role`, `skillSet_id`) VALUES ('1816', 'Thjthot', 'Figauh', 'LeadSoftwareArchitect', '1816');
INSERT INTO `SkillSet` (`id`) VALUES ('1817');
INSERT INTO `SkillSet_skills` (`SkillSet_id`, `skills`) VALUES ('1817', 'Ant');
INSERT INTO `SkillSet_skills` (`SkillSet_id`, `skills`) VALUES ('1817', 'UnitTesting');
INSERT INTO `SkillSet_skills` (`SkillSet_id`, `skills`) VALUES ('1817', 'Gradle');
INSERT INTO `SkillSet_skills` (`SkillSet_id`, `skills`) VALUES ('1817', 'Architektur');
INSERT INTO `Hero` (`id`, `firstName`, `lastName`, `role`, `skillSet_id`) VALUES ('1817', 'Good', 'Grauss', 'LeadSoftwareArchitect', '1817');
INSERT INTO `SkillSet` (`id`) VALUES ('1818');
INSERT INTO `SkillSet_skills` (`SkillSet_id`, `skills`) VALUES ('1818', 'Ant');
INSERT INTO `SkillSet_skills` (`SkillSet_id`, `skills`) VALUES ('1818', 'Architektur');
INSERT INTO `Hero` (`id`, `firstName`, `lastName`, `role`, `skillSet_id`) VALUES ('1818', 'Aug', 'Ouvaiv', 'JuniorSoftwareEngineer', '1818');
INSERT INTO `SkillSet` (`id`) VALUES ('1819');
INSERT INTO `SkillSet_skills` (`SkillSet_id`, `skills`) VALUES ('1819', 'Gradle');
INSERT INTO `SkillSet_skills` (`SkillSet_id`, `skills`) VALUES ('1819', 'SQL');
INSERT INTO `SkillSet_skills` (`SkillSet_id`, `skills`) VALUES ('1819', 'SQL');
INSERT INTO `SkillSet_skills` (`SkillSet_id`, `skills`) VALUES ('1819', 'Maven');
INSERT INTO `SkillSet_skills` (`SkillSet_id`, `skills`) VALUES ('1819', 'Java');
INSERT INTO `Hero` (`id`, `firstName`, `lastName`, `role`, `skillSet_id`) VALUES ('1819', 'Oonnis', 'Distub', 'SeniorSoftwareEngineer', '1819');
INSERT INTO `SkillSet` (`id`) VALUES ('1820');
INSERT INTO `SkillSet_skills` (`SkillSet_id`, `skills`) VALUES ('1820', 'dotNet');
INSERT INTO `SkillSet_skills` (`SkillSet_id`, `skills`) VALUES ('1820', 'Gradle');
INSERT INTO `SkillSet_skills` (`SkillSet_id`, `skills`) VALUES ('1820', 'UITesting');
INSERT INTO `SkillSet_skills` (`SkillSet_id`, `skills`) VALUES ('1820', 'UITesting');
INSERT INTO `Hero` (`id`, `firstName`, `lastName`, `role`, `skillSet_id`) VALUES ('1820', 'Vyz', 'Flem', 'SeniorSoftwareEngineer', '1820');
INSERT INTO `SkillSet` (`id`) VALUES ('1821');
INSERT INTO `SkillSet_skills` (`SkillSet_id`, `skills`) VALUES ('1821', 'Java');
INSERT INTO `SkillSet_skills` (`SkillSet_id`, `skills`) VALUES ('1821', 'UnitTesting');
INSERT INTO `SkillSet_skills` (`SkillSet_id`, `skills`) VALUES ('1821', 'Architektur');
INSERT INTO `Hero` (`id`, `firstName`, `lastName`, `role`, `skillSet_id`) VALUES ('1821', 'Agjpf', 'Thyhuw', 'SeniorSoftwareEngineer', '1821');
INSERT INTO `SkillSet` (`id`) VALUES ('1822');
INSERT INTO `SkillSet_skills` (`SkillSet_id`, `skills`) VALUES ('1822', 'Ant');
INSERT INTO `Hero` (`id`, `firstName`, `lastName`, `role`, `skillSet_id`) VALUES ('1822', 'Oukir', 'Autt', 'SeniorSoftwareEngineer', '1822');
INSERT INTO `SkillSet` (`id`) VALUES ('1823');
INSERT INTO `SkillSet_skills` (`SkillSet_id`, `skills`) VALUES ('1823', 'SQL');
INSERT INTO `SkillSet_skills` (`SkillSet_id`, `skills`) VALUES ('1823', 'UITesting');
INSERT INTO `SkillSet_skills` (`SkillSet_id`, `skills`) VALUES ('1823', 'Ant');
INSERT INTO `Hero` (`id`, `firstName`, `lastName`, `role`, `skillSet_id`) VALUES ('1823', 'Am', 'Gleh', 'LeadSoftwareArchitect', '1823');
INSERT INTO `SkillSet` (`id`) VALUES ('1824');
INSERT INTO `SkillSet_skills` (`SkillSet_id`, `skills`) VALUES ('1824', 'dotNet');
INSERT INTO `Hero` (`id`, `firstName`, `lastName`, `role`, `skillSet_id`) VALUES ('1824', 'Ybam', 'Kop', 'SoftwareEngineer', '1824');
INSERT INTO `SkillSet` (`id`) VALUES ('1825');
INSERT INTO `SkillSet_skills` (`SkillSet_id`, `skills`) VALUES ('1825', 'Maven');
INSERT INTO `SkillSet_skills` (`SkillSet_id`, `skills`) VALUES ('1825', 'Maven');
INSERT INTO `Hero` (`id`, `firstName`, `lastName`, `role`, `skillSet_id`) VALUES ('1825', 'Aud', 'Woonoof', 'LeadEngineer', '1825');
INSERT INTO `SkillSet` (`id`) VALUES ('1826');
INSERT INTO `SkillSet_skills` (`SkillSet_id`, `skills`) VALUES ('1826', 'Architektur');
INSERT INTO `SkillSet_skills` (`SkillSet_id`, `skills`) VALUES ('1826', 'UnitTesting');
INSERT INTO `SkillSet_skills` (`SkillSet_id`, `skills`) VALUES ('1826', 'dotNet');
INSERT INTO `Hero` (`id`, `firstName`, `lastName`, `role`, `skillSet_id`) VALUES ('1826', 'Qistainn', 'Hogount', 'JuniorSoftwareEngineer', '1826');
INSERT INTO `SkillSet` (`id`) VALUES ('1827');
INSERT INTO `SkillSet_skills` (`SkillSet_id`, `skills`) VALUES ('1827', 'Java');
INSERT INTO `SkillSet_skills` (`SkillSet_id`, `skills`) VALUES ('1827', 'Java');
INSERT INTO `SkillSet_skills` (`SkillSet_id`, `skills`) VALUES ('1827', 'Architektur');
INSERT INTO `SkillSet_skills` (`SkillSet_id`, `skills`) VALUES ('1827', 'UITesting');
INSERT INTO `Hero` (`id`, `firstName`, `lastName`, `role`, `skillSet_id`) VALUES ('1827', 'Oodeif', 'Hjis', 'LeadSoftwareArchitect', '1827');
INSERT INTO `SkillSet` (`id`) VALUES ('1828');
INSERT INTO `SkillSet_skills` (`SkillSet_id`, `skills`) VALUES ('1828', 'UnitTesting');
INSERT INTO `SkillSet_skills` (`SkillSet_id`, `skills`) VALUES ('1828', 'Ant');
INSERT INTO `Hero` (`id`, `firstName`, `lastName`, `role`, `skillSet_id`) VALUES ('1828', 'Eis', 'Oinn', 'PrincipalConsultant', '1828');
INSERT INTO `SkillSet` (`id`) VALUES ('1829');
INSERT INTO `SkillSet_skills` (`SkillSet_id`, `skills`) VALUES ('1829', 'UITesting');
INSERT INTO `SkillSet_skills` (`SkillSet_id`, `skills`) VALUES ('1829', 'SQL');
INSERT INTO `SkillSet_skills` (`SkillSet_id`, `skills`) VALUES ('1829', 'Gradle');
INSERT INTO `SkillSet_skills` (`SkillSet_id`, `skills`) VALUES ('1829', 'Ant');
INSERT INTO `SkillSet_skills` (`SkillSet_id`, `skills`) VALUES ('1829', 'Architektur');
INSERT INTO `Hero` (`id`, `firstName`, `lastName`, `role`, `skillSet_id`) VALUES ('1829', 'Fyn', 'Iv', 'PrincipalConsultant', '1829');
INSERT INTO `SkillSet` (`id`) VALUES ('1830');
INSERT INTO `SkillSet_skills` (`SkillSet_id`, `skills`) VALUES ('1830', 'Gradle');
INSERT INTO `SkillSet_skills` (`SkillSet_id`, `skills`) VALUES ('1830', 'UnitTesting');
INSERT INTO `SkillSet_skills` (`SkillSet_id`, `skills`) VALUES ('1830', 'Java');
INSERT INTO `Hero` (`id`, `firstName`, `lastName`, `role`, `skillSet_id`) VALUES ('1830', 'Owaum', 'Unt', 'SoftwareEngineer', '1830');
INSERT INTO `SkillSet` (`id`) VALUES ('1831');
INSERT INTO `SkillSet_skills` (`SkillSet_id`, `skills`) VALUES ('1831', 'Architektur');
INSERT INTO `SkillSet_skills` (`SkillSet_id`, `skills`) VALUES ('1831', 'UITesting');
INSERT INTO `SkillSet_skills` (`SkillSet_id`, `skills`) VALUES ('1831', 'Ant');
INSERT INTO `SkillSet_skills` (`SkillSet_id`, `skills`) VALUES ('1831', 'UnitTesting');
INSERT INTO `Hero` (`id`, `firstName`, `lastName`, `role`, `skillSet_id`) VALUES ('1831', 'Bjdoil', 'Ail', 'LeadEngineer', '1831');
INSERT INTO `SkillSet` (`id`) VALUES ('1832');
INSERT INTO `SkillSet_skills` (`SkillSet_id`, `skills`) VALUES ('1832', 'UITesting');
INSERT INTO `SkillSet_skills` (`SkillSet_id`, `skills`) VALUES ('1832', 'Ant');
INSERT INTO `SkillSet_skills` (`SkillSet_id`, `skills`) VALUES ('1832', 'SQL');
INSERT INTO `Hero` (`id`, `firstName`, `lastName`, `role`, `skillSet_id`) VALUES ('1832', 'Aik', 'Teipeid', 'SeniorSoftwareEngineer', '1832');
INSERT INTO `SkillSet` (`id`) VALUES ('1833');
INSERT INTO `SkillSet_skills` (`SkillSet_id`, `skills`) VALUES ('1833', 'Architektur');
INSERT INTO `SkillSet_skills` (`SkillSet_id`, `skills`) VALUES ('1833', 'UnitTesting');
INSERT INTO `SkillSet_skills` (`SkillSet_id`, `skills`) VALUES ('1833', 'dotNet');
INSERT INTO `SkillSet_skills` (`SkillSet_id`, `skills`) VALUES ('1833', 'UITesting');
INSERT INTO `Hero` (`id`, `firstName`, `lastName`, `role`, `skillSet_id`) VALUES ('1833', 'Groufof', 'Aush', 'LeadEngineer', '1833');
INSERT INTO `SkillSet` (`id`) VALUES ('1834');
INSERT INTO `SkillSet_skills` (`SkillSet_id`, `skills`) VALUES ('1834', 'Architektur');
INSERT INTO `SkillSet_skills` (`SkillSet_id`, `skills`) VALUES ('1834', 'Maven');
INSERT INTO `SkillSet_skills` (`SkillSet_id`, `skills`) VALUES ('1834', 'Maven');
INSERT INTO `Hero` (`id`, `firstName`, `lastName`, `role`, `skillSet_id`) VALUES ('1834', 'Js', 'Thitt', 'JuniorSoftwareEngineer', '1834');
INSERT INTO `SkillSet` (`id`) VALUES ('1835');
INSERT INTO `SkillSet_skills` (`SkillSet_id`, `skills`) VALUES ('1835', 'UITesting');
INSERT INTO `SkillSet_skills` (`SkillSet_id`, `skills`) VALUES ('1835', 'Maven');
INSERT INTO `Hero` (`id`, `firstName`, `lastName`, `role`, `skillSet_id`) VALUES ('1835', 'Cood', 'Laissaun', 'JuniorSoftwareEngineer', '1835');
INSERT INTO `SkillSet` (`id`) VALUES ('1836');
INSERT INTO `SkillSet_skills` (`SkillSet_id`, `skills`) VALUES ('1836', 'Maven');
INSERT INTO `SkillSet_skills` (`SkillSet_id`, `skills`) VALUES ('1836', 'Java');
INSERT INTO `Hero` (`id`, `firstName`, `lastName`, `role`, `skillSet_id`) VALUES ('1836', 'Jig', 'Pig', 'PrincipalConsultant', '1836');
INSERT INTO `SkillSet` (`id`) VALUES ('1837');
INSERT INTO `SkillSet_skills` (`SkillSet_id`, `skills`) VALUES ('1837', 'Maven');
INSERT INTO `SkillSet_skills` (`SkillSet_id`, `skills`) VALUES ('1837', 'Ant');
INSERT INTO `SkillSet_skills` (`SkillSet_id`, `skills`) VALUES ('1837', 'UnitTesting');
INSERT INTO `Hero` (`id`, `firstName`, `lastName`, `role`, `skillSet_id`) VALUES ('1837', 'Oissoont', 'Ev', 'SoftwareEngineer', '1837');
INSERT INTO `SkillSet` (`id`) VALUES ('1838');
INSERT INTO `SkillSet_skills` (`SkillSet_id`, `skills`) VALUES ('1838', 'Gradle');
INSERT INTO `Hero` (`id`, `firstName`, `lastName`, `role`, `skillSet_id`) VALUES ('1838', 'Bjs', 'Ech', 'JuniorSoftwareEngineer', '1838');
INSERT INTO `SkillSet` (`id`) VALUES ('1839');
INSERT INTO `SkillSet_skills` (`SkillSet_id`, `skills`) VALUES ('1839', 'Ant');
INSERT INTO `SkillSet_skills` (`SkillSet_id`, `skills`) VALUES ('1839', 'Java');
INSERT INTO `SkillSet_skills` (`SkillSet_id`, `skills`) VALUES ('1839', 'dotNet');
INSERT INTO `SkillSet_skills` (`SkillSet_id`, `skills`) VALUES ('1839', 'Ant');
INSERT INTO `Hero` (`id`, `firstName`, `lastName`, `role`, `skillSet_id`) VALUES ('1839', 'Aich', 'Fanneh', 'LeadEngineer', '1839');
INSERT INTO `SkillSet` (`id`) VALUES ('1840');
INSERT INTO `SkillSet_skills` (`SkillSet_id`, `skills`) VALUES ('1840', 'Architektur');
INSERT INTO `Hero` (`id`, `firstName`, `lastName`, `role`, `skillSet_id`) VALUES ('1840', 'Prjil', 'Oudoonn', 'PrincipalConsultant', '1840');
INSERT INTO `SkillSet` (`id`) VALUES ('1841');
INSERT INTO `SkillSet_skills` (`SkillSet_id`, `skills`) VALUES ('1841', 'SQL');
INSERT INTO `SkillSet_skills` (`SkillSet_id`, `skills`) VALUES ('1841', 'Java');
INSERT INTO `SkillSet_skills` (`SkillSet_id`, `skills`) VALUES ('1841', 'Ant');
INSERT INTO `SkillSet_skills` (`SkillSet_id`, `skills`) VALUES ('1841', 'Architektur');
INSERT INTO `SkillSet_skills` (`SkillSet_id`, `skills`) VALUES ('1841', 'Ant');
INSERT INTO `Hero` (`id`, `firstName`, `lastName`, `role`, `skillSet_id`) VALUES ('1841', 'Vynot', 'Noipfin', 'LeadEngineer', '1841');
INSERT INTO `SkillSet` (`id`) VALUES ('1842');
INSERT INTO `SkillSet_skills` (`SkillSet_id`, `skills`) VALUES ('1842', 'dotNet');
INSERT INTO `Hero` (`id`, `firstName`, `lastName`, `role`, `skillSet_id`) VALUES ('1842', 'Ped', 'Oich', 'LeadSoftwareArchitect', '1842');
INSERT INTO `SkillSet` (`id`) VALUES ('1843');
INSERT INTO `SkillSet_skills` (`SkillSet_id`, `skills`) VALUES ('1843', 'dotNet');
INSERT INTO `SkillSet_skills` (`SkillSet_id`, `skills`) VALUES ('1843', 'Java');
INSERT INTO `Hero` (`id`, `firstName`, `lastName`, `role`, `skillSet_id`) VALUES ('1843', 'Grychooss', 'Zaichoos', 'LeadEngineer', '1843');
INSERT INTO `SkillSet` (`id`) VALUES ('1844');
INSERT INTO `SkillSet_skills` (`SkillSet_id`, `skills`) VALUES ('1844', 'dotNet');
INSERT INTO `Hero` (`id`, `firstName`, `lastName`, `role`, `skillSet_id`) VALUES ('1844', 'Laishouh', 'Grag', 'PrincipalConsultant', '1844');
INSERT INTO `SkillSet` (`id`) VALUES ('1845');
INSERT INTO `SkillSet_skills` (`SkillSet_id`, `skills`) VALUES ('1845', 'UITesting');
INSERT INTO `Hero` (`id`, `firstName`, `lastName`, `role`, `skillSet_id`) VALUES ('1845', 'Thaifoor', 'Oodif', 'LeadSoftwareArchitect', '1845');
INSERT INTO `SkillSet` (`id`) VALUES ('1846');
INSERT INTO `SkillSet_skills` (`SkillSet_id`, `skills`) VALUES ('1846', 'UITesting');
INSERT INTO `SkillSet_skills` (`SkillSet_id`, `skills`) VALUES ('1846', 'UnitTesting');
INSERT INTO `Hero` (`id`, `firstName`, `lastName`, `role`, `skillSet_id`) VALUES ('1846', 'Vannem', 'Coun', 'PrincipalConsultant', '1846');
INSERT INTO `SkillSet` (`id`) VALUES ('1847');
INSERT INTO `SkillSet_skills` (`SkillSet_id`, `skills`) VALUES ('1847', 'Maven');
INSERT INTO `SkillSet_skills` (`SkillSet_id`, `skills`) VALUES ('1847', 'Ant');
INSERT INTO `Hero` (`id`, `firstName`, `lastName`, `role`, `skillSet_id`) VALUES ('1847', 'Djghjnt', 'Ooghoif', 'PrincipalConsultant', '1847');
INSERT INTO `SkillSet` (`id`) VALUES ('1848');
INSERT INTO `SkillSet_skills` (`SkillSet_id`, `skills`) VALUES ('1848', 'Architektur');
INSERT INTO `SkillSet_skills` (`SkillSet_id`, `skills`) VALUES ('1848', 'Gradle');
INSERT INTO `SkillSet_skills` (`SkillSet_id`, `skills`) VALUES ('1848', 'UnitTesting');
INSERT INTO `Hero` (`id`, `firstName`, `lastName`, `role`, `skillSet_id`) VALUES ('1848', 'Aiss', 'Rjsaiv', 'JuniorSoftwareEngineer', '1848');
INSERT INTO `SkillSet` (`id`) VALUES ('1849');
INSERT INTO `SkillSet_skills` (`SkillSet_id`, `skills`) VALUES ('1849', 'Ant');
INSERT INTO `SkillSet_skills` (`SkillSet_id`, `skills`) VALUES ('1849', 'UITesting');
INSERT INTO `SkillSet_skills` (`SkillSet_id`, `skills`) VALUES ('1849', 'Gradle');
INSERT INTO `SkillSet_skills` (`SkillSet_id`, `skills`) VALUES ('1849', 'Ant');
INSERT INTO `SkillSet_skills` (`SkillSet_id`, `skills`) VALUES ('1849', 'Gradle');
INSERT INTO `Hero` (`id`, `firstName`, `lastName`, `role`, `skillSet_id`) VALUES ('1849', 'Ushatt', 'Ynnol', 'SeniorSoftwareEngineer', '1849');
INSERT INTO `SkillSet` (`id`) VALUES ('1850');
INSERT INTO `SkillSet_skills` (`SkillSet_id`, `skills`) VALUES ('1850', 'UITesting');
INSERT INTO `SkillSet_skills` (`SkillSet_id`, `skills`) VALUES ('1850', 'Maven');
INSERT INTO `Hero` (`id`, `firstName`, `lastName`, `role`, `skillSet_id`) VALUES ('1850', 'Onneth', 'Oochez', 'PrincipalConsultant', '1850');
INSERT INTO `SkillSet` (`id`) VALUES ('1851');
INSERT INTO `SkillSet_skills` (`SkillSet_id`, `skills`) VALUES ('1851', 'Architektur');
INSERT INTO `SkillSet_skills` (`SkillSet_id`, `skills`) VALUES ('1851', 'Gradle');
INSERT INTO `SkillSet_skills` (`SkillSet_id`, `skills`) VALUES ('1851', 'dotNet');
INSERT INTO `SkillSet_skills` (`SkillSet_id`, `skills`) VALUES ('1851', 'SQL');
INSERT INTO `SkillSet_skills` (`SkillSet_id`, `skills`) VALUES ('1851', 'UITesting');
INSERT INTO `Hero` (`id`, `firstName`, `lastName`, `role`, `skillSet_id`) VALUES ('1851', 'Eist', 'Vainnab', 'LeadEngineer', '1851');
INSERT INTO `SkillSet` (`id`) VALUES ('1852');
INSERT INTO `SkillSet_skills` (`SkillSet_id`, `skills`) VALUES ('1852', 'UnitTesting');
INSERT INTO `SkillSet_skills` (`SkillSet_id`, `skills`) VALUES ('1852', 'Java');
INSERT INTO `SkillSet_skills` (`SkillSet_id`, `skills`) VALUES ('1852', 'dotNet');
INSERT INTO `SkillSet_skills` (`SkillSet_id`, `skills`) VALUES ('1852', 'Java');
INSERT INTO `SkillSet_skills` (`SkillSet_id`, `skills`) VALUES ('1852', 'UITesting');
INSERT INTO `Hero` (`id`, `firstName`, `lastName`, `role`, `skillSet_id`) VALUES ('1852', 'Shupf', 'Eish', 'LeadEngineer', '1852');
INSERT INTO `SkillSet` (`id`) VALUES ('1853');
INSERT INTO `SkillSet_skills` (`SkillSet_id`, `skills`) VALUES ('1853', 'Java');
INSERT INTO `Hero` (`id`, `firstName`, `lastName`, `role`, `skillSet_id`) VALUES ('1853', 'Shootount', 'Ouchjb', 'PrincipalConsultant', '1853');
INSERT INTO `SkillSet` (`id`) VALUES ('1854');
INSERT INTO `SkillSet_skills` (`SkillSet_id`, `skills`) VALUES ('1854', 'Architektur');
INSERT INTO `SkillSet_skills` (`SkillSet_id`, `skills`) VALUES ('1854', 'Gradle');
INSERT INTO `SkillSet_skills` (`SkillSet_id`, `skills`) VALUES ('1854', 'SQL');
INSERT INTO `SkillSet_skills` (`SkillSet_id`, `skills`) VALUES ('1854', 'Ant');
INSERT INTO `Hero` (`id`, `firstName`, `lastName`, `role`, `skillSet_id`) VALUES ('1854', 'Ybonn', 'Aunn', 'PrincipalConsultant', '1854');
INSERT INTO `SkillSet` (`id`) VALUES ('1855');
INSERT INTO `SkillSet_skills` (`SkillSet_id`, `skills`) VALUES ('1855', 'Java');
INSERT INTO `Hero` (`id`, `firstName`, `lastName`, `role`, `skillSet_id`) VALUES ('1855', 'Aidauf', 'Gyh', 'LeadEngineer', '1855');
INSERT INTO `SkillSet` (`id`) VALUES ('1856');
INSERT INTO `SkillSet_skills` (`SkillSet_id`, `skills`) VALUES ('1856', 'UnitTesting');
INSERT INTO `SkillSet_skills` (`SkillSet_id`, `skills`) VALUES ('1856', 'Gradle');
INSERT INTO `Hero` (`id`, `firstName`, `lastName`, `role`, `skillSet_id`) VALUES ('1856', 'Chithum', 'Fubuch', 'PrincipalConsultant', '1856');
INSERT INTO `SkillSet` (`id`) VALUES ('1857');
INSERT INTO `SkillSet_skills` (`SkillSet_id`, `skills`) VALUES ('1857', 'Java');
INSERT INTO `SkillSet_skills` (`SkillSet_id`, `skills`) VALUES ('1857', 'UITesting');
INSERT INTO `SkillSet_skills` (`SkillSet_id`, `skills`) VALUES ('1857', 'Architektur');
INSERT INTO `SkillSet_skills` (`SkillSet_id`, `skills`) VALUES ('1857', 'Ant');
INSERT INTO `SkillSet_skills` (`SkillSet_id`, `skills`) VALUES ('1857', 'UnitTesting');
INSERT INTO `Hero` (`id`, `firstName`, `lastName`, `role`, `skillSet_id`) VALUES ('1857', 'Byf', 'Opfepf', 'PrincipalConsultant', '1857');
INSERT INTO `SkillSet` (`id`) VALUES ('1858');
INSERT INTO `SkillSet_skills` (`SkillSet_id`, `skills`) VALUES ('1858', 'Architektur');
INSERT INTO `SkillSet_skills` (`SkillSet_id`, `skills`) VALUES ('1858', 'dotNet');
INSERT INTO `SkillSet_skills` (`SkillSet_id`, `skills`) VALUES ('1858', 'UnitTesting');
INSERT INTO `SkillSet_skills` (`SkillSet_id`, `skills`) VALUES ('1858', 'Architektur');
INSERT INTO `SkillSet_skills` (`SkillSet_id`, `skills`) VALUES ('1858', 'Architektur');
INSERT INTO `Hero` (`id`, `firstName`, `lastName`, `role`, `skillSet_id`) VALUES ('1858', 'Wef', 'Thjpjb', 'LeadEngineer', '1858');
INSERT INTO `SkillSet` (`id`) VALUES ('1859');
INSERT INTO `SkillSet_skills` (`SkillSet_id`, `skills`) VALUES ('1859', 'UnitTesting');
INSERT INTO `SkillSet_skills` (`SkillSet_id`, `skills`) VALUES ('1859', 'Gradle');
INSERT INTO `SkillSet_skills` (`SkillSet_id`, `skills`) VALUES ('1859', 'UnitTesting');
INSERT INTO `SkillSet_skills` (`SkillSet_id`, `skills`) VALUES ('1859', 'UnitTesting');
INSERT INTO `SkillSet_skills` (`SkillSet_id`, `skills`) VALUES ('1859', 'Architektur');
INSERT INTO `Hero` (`id`, `firstName`, `lastName`, `role`, `skillSet_id`) VALUES ('1859', 'Ounnid', 'Ouf', 'LeadSoftwareArchitect', '1859');
INSERT INTO `SkillSet` (`id`) VALUES ('1860');
INSERT INTO `SkillSet_skills` (`SkillSet_id`, `skills`) VALUES ('1860', 'Architektur');
INSERT INTO `SkillSet_skills` (`SkillSet_id`, `skills`) VALUES ('1860', 'Ant');
INSERT INTO `SkillSet_skills` (`SkillSet_id`, `skills`) VALUES ('1860', 'Maven');
INSERT INTO `Hero` (`id`, `firstName`, `lastName`, `role`, `skillSet_id`) VALUES ('1860', 'Thas', 'Est', 'JuniorSoftwareEngineer', '1860');
INSERT INTO `SkillSet` (`id`) VALUES ('1861');
INSERT INTO `SkillSet_skills` (`SkillSet_id`, `skills`) VALUES ('1861', 'Ant');
INSERT INTO `Hero` (`id`, `firstName`, `lastName`, `role`, `skillSet_id`) VALUES ('1861', 'Qeich', 'Jnos', 'LeadEngineer', '1861');
INSERT INTO `SkillSet` (`id`) VALUES ('1862');
INSERT INTO `SkillSet_skills` (`SkillSet_id`, `skills`) VALUES ('1862', 'UnitTesting');
INSERT INTO `SkillSet_skills` (`SkillSet_id`, `skills`) VALUES ('1862', 'Ant');
INSERT INTO `SkillSet_skills` (`SkillSet_id`, `skills`) VALUES ('1862', 'Maven');
INSERT INTO `SkillSet_skills` (`SkillSet_id`, `skills`) VALUES ('1862', 'Java');
INSERT INTO `Hero` (`id`, `firstName`, `lastName`, `role`, `skillSet_id`) VALUES ('1862', 'Ouraik', 'Jittash', 'SoftwareEngineer', '1862');
INSERT INTO `SkillSet` (`id`) VALUES ('1863');
INSERT INTO `SkillSet_skills` (`SkillSet_id`, `skills`) VALUES ('1863', 'Gradle');
INSERT INTO `SkillSet_skills` (`SkillSet_id`, `skills`) VALUES ('1863', 'Maven');
INSERT INTO `SkillSet_skills` (`SkillSet_id`, `skills`) VALUES ('1863', 'SQL');
INSERT INTO `Hero` (`id`, `firstName`, `lastName`, `role`, `skillSet_id`) VALUES ('1863', 'Ant', 'Jn', 'LeadEngineer', '1863');
INSERT INTO `SkillSet` (`id`) VALUES ('1864');
INSERT INTO `SkillSet_skills` (`SkillSet_id`, `skills`) VALUES ('1864', 'Ant');
INSERT INTO `Hero` (`id`, `firstName`, `lastName`, `role`, `skillSet_id`) VALUES ('1864', 'Mouv', 'Aih', 'JuniorSoftwareEngineer', '1864');
INSERT INTO `SkillSet` (`id`) VALUES ('1865');
INSERT INTO `SkillSet_skills` (`SkillSet_id`, `skills`) VALUES ('1865', 'Ant');
INSERT INTO `SkillSet_skills` (`SkillSet_id`, `skills`) VALUES ('1865', 'Gradle');
INSERT INTO `SkillSet_skills` (`SkillSet_id`, `skills`) VALUES ('1865', 'Maven');
INSERT INTO `SkillSet_skills` (`SkillSet_id`, `skills`) VALUES ('1865', 'Java');
INSERT INTO `Hero` (`id`, `firstName`, `lastName`, `role`, `skillSet_id`) VALUES ('1865', 'Poofaus', 'Eihoin', 'SoftwareEngineer', '1865');
INSERT INTO `SkillSet` (`id`) VALUES ('1866');
INSERT INTO `SkillSet_skills` (`SkillSet_id`, `skills`) VALUES ('1866', 'dotNet');
INSERT INTO `SkillSet_skills` (`SkillSet_id`, `skills`) VALUES ('1866', 'UITesting');
INSERT INTO `SkillSet_skills` (`SkillSet_id`, `skills`) VALUES ('1866', 'Gradle');
INSERT INTO `SkillSet_skills` (`SkillSet_id`, `skills`) VALUES ('1866', 'Gradle');
INSERT INTO `SkillSet_skills` (`SkillSet_id`, `skills`) VALUES ('1866', 'Java');
INSERT INTO `Hero` (`id`, `firstName`, `lastName`, `role`, `skillSet_id`) VALUES ('1866', 'Bryf', 'Blessof', 'LeadSoftwareArchitect', '1866');
INSERT INTO `SkillSet` (`id`) VALUES ('1867');
INSERT INTO `SkillSet_skills` (`SkillSet_id`, `skills`) VALUES ('1867', 'Java');
INSERT INTO `SkillSet_skills` (`SkillSet_id`, `skills`) VALUES ('1867', 'Ant');
INSERT INTO `SkillSet_skills` (`SkillSet_id`, `skills`) VALUES ('1867', 'Java');
INSERT INTO `SkillSet_skills` (`SkillSet_id`, `skills`) VALUES ('1867', 'UITesting');
INSERT INTO `Hero` (`id`, `firstName`, `lastName`, `role`, `skillSet_id`) VALUES ('1867', 'Ubuch', 'Gres', 'SeniorSoftwareEngineer', '1867');
INSERT INTO `SkillSet` (`id`) VALUES ('1868');
INSERT INTO `SkillSet_skills` (`SkillSet_id`, `skills`) VALUES ('1868', 'Maven');
INSERT INTO `SkillSet_skills` (`SkillSet_id`, `skills`) VALUES ('1868', 'Gradle');
INSERT INTO `SkillSet_skills` (`SkillSet_id`, `skills`) VALUES ('1868', 'Gradle');
INSERT INTO `SkillSet_skills` (`SkillSet_id`, `skills`) VALUES ('1868', 'Gradle');
INSERT INTO `SkillSet_skills` (`SkillSet_id`, `skills`) VALUES ('1868', 'UITesting');
INSERT INTO `Hero` (`id`, `firstName`, `lastName`, `role`, `skillSet_id`) VALUES ('1868', 'Koit', 'Gjgh', 'PrincipalConsultant', '1868');
INSERT INTO `SkillSet` (`id`) VALUES ('1869');
INSERT INTO `SkillSet_skills` (`SkillSet_id`, `skills`) VALUES ('1869', 'Gradle');
INSERT INTO `SkillSet_skills` (`SkillSet_id`, `skills`) VALUES ('1869', 'SQL');
INSERT INTO `SkillSet_skills` (`SkillSet_id`, `skills`) VALUES ('1869', 'UnitTesting');
INSERT INTO `SkillSet_skills` (`SkillSet_id`, `skills`) VALUES ('1869', 'SQL');
INSERT INTO `Hero` (`id`, `firstName`, `lastName`, `role`, `skillSet_id`) VALUES ('1869', 'Aigauss', 'Blaittous', 'LeadSoftwareArchitect', '1869');
INSERT INTO `SkillSet` (`id`) VALUES ('1870');
INSERT INTO `SkillSet_skills` (`SkillSet_id`, `skills`) VALUES ('1870', 'Java');
INSERT INTO `SkillSet_skills` (`SkillSet_id`, `skills`) VALUES ('1870', 'UnitTesting');
INSERT INTO `Hero` (`id`, `firstName`, `lastName`, `role`, `skillSet_id`) VALUES ('1870', 'Zyf', 'Aupfaib', 'LeadSoftwareArchitect', '1870');
INSERT INTO `SkillSet` (`id`) VALUES ('1871');
INSERT INTO `SkillSet_skills` (`SkillSet_id`, `skills`) VALUES ('1871', 'UITesting');
INSERT INTO `Hero` (`id`, `firstName`, `lastName`, `role`, `skillSet_id`) VALUES ('1871', 'Sech', 'Eist', 'JuniorSoftwareEngineer', '1871');
INSERT INTO `SkillSet` (`id`) VALUES ('1872');
INSERT INTO `SkillSet_skills` (`SkillSet_id`, `skills`) VALUES ('1872', 'Maven');
INSERT INTO `Hero` (`id`, `firstName`, `lastName`, `role`, `skillSet_id`) VALUES ('1872', 'Qaush', 'Kljisap', 'SoftwareEngineer', '1872');
INSERT INTO `SkillSet` (`id`) VALUES ('1873');
INSERT INTO `SkillSet_skills` (`SkillSet_id`, `skills`) VALUES ('1873', 'Architektur');
INSERT INTO `SkillSet_skills` (`SkillSet_id`, `skills`) VALUES ('1873', 'dotNet');
INSERT INTO `Hero` (`id`, `firstName`, `lastName`, `role`, `skillSet_id`) VALUES ('1873', 'Graik', 'Kljh', 'SeniorSoftwareEngineer', '1873');
INSERT INTO `SkillSet` (`id`) VALUES ('1874');
INSERT INTO `SkillSet_skills` (`SkillSet_id`, `skills`) VALUES ('1874', 'UITesting');
INSERT INTO `Hero` (`id`, `firstName`, `lastName`, `role`, `skillSet_id`) VALUES ('1874', 'Chaittesh', 'Ygh', 'LeadSoftwareArchitect', '1874');
INSERT INTO `SkillSet` (`id`) VALUES ('1875');
INSERT INTO `SkillSet_skills` (`SkillSet_id`, `skills`) VALUES ('1875', 'Ant');
INSERT INTO `SkillSet_skills` (`SkillSet_id`, `skills`) VALUES ('1875', 'Gradle');
INSERT INTO `SkillSet_skills` (`SkillSet_id`, `skills`) VALUES ('1875', 'Ant');
INSERT INTO `Hero` (`id`, `firstName`, `lastName`, `role`, `skillSet_id`) VALUES ('1875', 'Jich', 'Bljir', 'JuniorSoftwareEngineer', '1875');
INSERT INTO `SkillSet` (`id`) VALUES ('1876');
INSERT INTO `SkillSet_skills` (`SkillSet_id`, `skills`) VALUES ('1876', 'dotNet');
INSERT INTO `Hero` (`id`, `firstName`, `lastName`, `role`, `skillSet_id`) VALUES ('1876', 'Seiv', 'Shjloist', 'SeniorSoftwareEngineer', '1876');
INSERT INTO `SkillSet` (`id`) VALUES ('1877');
INSERT INTO `SkillSet_skills` (`SkillSet_id`, `skills`) VALUES ('1877', 'Architektur');
INSERT INTO `SkillSet_skills` (`SkillSet_id`, `skills`) VALUES ('1877', 'UITesting');
INSERT INTO `SkillSet_skills` (`SkillSet_id`, `skills`) VALUES ('1877', 'dotNet');
INSERT INTO `Hero` (`id`, `firstName`, `lastName`, `role`, `skillSet_id`) VALUES ('1877', 'Ook', 'Jhass', 'LeadEngineer', '1877');
INSERT INTO `SkillSet` (`id`) VALUES ('1878');
INSERT INTO `SkillSet_skills` (`SkillSet_id`, `skills`) VALUES ('1878', 'Architektur');
INSERT INTO `SkillSet_skills` (`SkillSet_id`, `skills`) VALUES ('1878', 'Ant');
INSERT INTO `SkillSet_skills` (`SkillSet_id`, `skills`) VALUES ('1878', 'Java');
INSERT INTO `Hero` (`id`, `firstName`, `lastName`, `role`, `skillSet_id`) VALUES ('1878', 'Hanautt', 'Dosyss', 'SeniorSoftwareEngineer', '1878');
INSERT INTO `SkillSet` (`id`) VALUES ('1879');
INSERT INTO `SkillSet_skills` (`SkillSet_id`, `skills`) VALUES ('1879', 'Ant');
INSERT INTO `SkillSet_skills` (`SkillSet_id`, `skills`) VALUES ('1879', 'Maven');
INSERT INTO `SkillSet_skills` (`SkillSet_id`, `skills`) VALUES ('1879', 'Maven');
INSERT INTO `SkillSet_skills` (`SkillSet_id`, `skills`) VALUES ('1879', 'Gradle');
INSERT INTO `SkillSet_skills` (`SkillSet_id`, `skills`) VALUES ('1879', 'UITesting');
INSERT INTO `Hero` (`id`, `firstName`, `lastName`, `role`, `skillSet_id`) VALUES ('1879', 'El', 'Oosjiw', 'SoftwareEngineer', '1879');
INSERT INTO `SkillSet` (`id`) VALUES ('1880');
INSERT INTO `SkillSet_skills` (`SkillSet_id`, `skills`) VALUES ('1880', 'Architektur');
INSERT INTO `SkillSet_skills` (`SkillSet_id`, `skills`) VALUES ('1880', 'dotNet');
INSERT INTO `SkillSet_skills` (`SkillSet_id`, `skills`) VALUES ('1880', 'SQL');
INSERT INTO `Hero` (`id`, `firstName`, `lastName`, `role`, `skillSet_id`) VALUES ('1880', 'Shouh', 'Ainneitt', 'SoftwareEngineer', '1880');
INSERT INTO `SkillSet` (`id`) VALUES ('1881');
INSERT INTO `SkillSet_skills` (`SkillSet_id`, `skills`) VALUES ('1881', 'Java');
INSERT INTO `SkillSet_skills` (`SkillSet_id`, `skills`) VALUES ('1881', 'UITesting');
INSERT INTO `SkillSet_skills` (`SkillSet_id`, `skills`) VALUES ('1881', 'Maven');
INSERT INTO `Hero` (`id`, `firstName`, `lastName`, `role`, `skillSet_id`) VALUES ('1881', 'Qoighol', 'Pagh', 'LeadSoftwareArchitect', '1881');
INSERT INTO `SkillSet` (`id`) VALUES ('1882');
INSERT INTO `SkillSet_skills` (`SkillSet_id`, `skills`) VALUES ('1882', 'Maven');
INSERT INTO `SkillSet_skills` (`SkillSet_id`, `skills`) VALUES ('1882', 'Java');
INSERT INTO `SkillSet_skills` (`SkillSet_id`, `skills`) VALUES ('1882', 'UnitTesting');
INSERT INTO `SkillSet_skills` (`SkillSet_id`, `skills`) VALUES ('1882', 'UnitTesting');
INSERT INTO `SkillSet_skills` (`SkillSet_id`, `skills`) VALUES ('1882', 'SQL');
INSERT INTO `Hero` (`id`, `firstName`, `lastName`, `role`, `skillSet_id`) VALUES ('1882', 'Oumjch', 'Decheib', 'SeniorSoftwareEngineer', '1882');
INSERT INTO `SkillSet` (`id`) VALUES ('1883');
INSERT INTO `SkillSet_skills` (`SkillSet_id`, `skills`) VALUES ('1883', 'dotNet');
INSERT INTO `SkillSet_skills` (`SkillSet_id`, `skills`) VALUES ('1883', 'Maven');
INSERT INTO `SkillSet_skills` (`SkillSet_id`, `skills`) VALUES ('1883', 'UITesting');
INSERT INTO `SkillSet_skills` (`SkillSet_id`, `skills`) VALUES ('1883', 'UITesting');
INSERT INTO `SkillSet_skills` (`SkillSet_id`, `skills`) VALUES ('1883', 'UITesting');
INSERT INTO `Hero` (`id`, `firstName`, `lastName`, `role`, `skillSet_id`) VALUES ('1883', 'Bleizoum', 'Pauntuv', 'PrincipalConsultant', '1883');
INSERT INTO `SkillSet` (`id`) VALUES ('1884');
INSERT INTO `SkillSet_skills` (`SkillSet_id`, `skills`) VALUES ('1884', 'Maven');
INSERT INTO `SkillSet_skills` (`SkillSet_id`, `skills`) VALUES ('1884', 'dotNet');
INSERT INTO `SkillSet_skills` (`SkillSet_id`, `skills`) VALUES ('1884', 'Architektur');
INSERT INTO `SkillSet_skills` (`SkillSet_id`, `skills`) VALUES ('1884', 'Architektur');
INSERT INTO `SkillSet_skills` (`SkillSet_id`, `skills`) VALUES ('1884', 'Architektur');
INSERT INTO `Hero` (`id`, `firstName`, `lastName`, `role`, `skillSet_id`) VALUES ('1884', 'Bok', 'Floir', 'JuniorSoftwareEngineer', '1884');
INSERT INTO `SkillSet` (`id`) VALUES ('1885');
INSERT INTO `SkillSet_skills` (`SkillSet_id`, `skills`) VALUES ('1885', 'Ant');
INSERT INTO `Hero` (`id`, `firstName`, `lastName`, `role`, `skillSet_id`) VALUES ('1885', 'Aih', 'Gjigoust', 'LeadEngineer', '1885');
INSERT INTO `SkillSet` (`id`) VALUES ('1886');
INSERT INTO `SkillSet_skills` (`SkillSet_id`, `skills`) VALUES ('1886', 'Ant');
INSERT INTO `SkillSet_skills` (`SkillSet_id`, `skills`) VALUES ('1886', 'UnitTesting');
INSERT INTO `SkillSet_skills` (`SkillSet_id`, `skills`) VALUES ('1886', 'UITesting');
INSERT INTO `SkillSet_skills` (`SkillSet_id`, `skills`) VALUES ('1886', 'dotNet');
INSERT INTO `Hero` (`id`, `firstName`, `lastName`, `role`, `skillSet_id`) VALUES ('1886', 'Waur', 'Oott', 'JuniorSoftwareEngineer', '1886');
INSERT INTO `SkillSet` (`id`) VALUES ('1887');
INSERT INTO `SkillSet_skills` (`SkillSet_id`, `skills`) VALUES ('1887', 'Gradle');
INSERT INTO `Hero` (`id`, `firstName`, `lastName`, `role`, `skillSet_id`) VALUES ('1887', 'Jttjnt', 'Jwiss', 'LeadSoftwareArchitect', '1887');
INSERT INTO `SkillSet` (`id`) VALUES ('1888');
INSERT INTO `SkillSet_skills` (`SkillSet_id`, `skills`) VALUES ('1888', 'Java');
INSERT INTO `SkillSet_skills` (`SkillSet_id`, `skills`) VALUES ('1888', 'Architektur');
INSERT INTO `SkillSet_skills` (`SkillSet_id`, `skills`) VALUES ('1888', 'UnitTesting');
INSERT INTO `SkillSet_skills` (`SkillSet_id`, `skills`) VALUES ('1888', 'SQL');
INSERT INTO `Hero` (`id`, `firstName`, `lastName`, `role`, `skillSet_id`) VALUES ('1888', 'Oint', 'Ist', 'PrincipalConsultant', '1888');
INSERT INTO `SkillSet` (`id`) VALUES ('1889');
INSERT INTO `SkillSet_skills` (`SkillSet_id`, `skills`) VALUES ('1889', 'SQL');
INSERT INTO `SkillSet_skills` (`SkillSet_id`, `skills`) VALUES ('1889', 'SQL');
INSERT INTO `SkillSet_skills` (`SkillSet_id`, `skills`) VALUES ('1889', 'dotNet');
INSERT INTO `SkillSet_skills` (`SkillSet_id`, `skills`) VALUES ('1889', 'UnitTesting');
INSERT INTO `SkillSet_skills` (`SkillSet_id`, `skills`) VALUES ('1889', 'Gradle');
INSERT INTO `Hero` (`id`, `firstName`, `lastName`, `role`, `skillSet_id`) VALUES ('1889', 'Auv', 'Yth', 'SeniorSoftwareEngineer', '1889');
INSERT INTO `SkillSet` (`id`) VALUES ('1890');
INSERT INTO `SkillSet_skills` (`SkillSet_id`, `skills`) VALUES ('1890', 'SQL');
INSERT INTO `SkillSet_skills` (`SkillSet_id`, `skills`) VALUES ('1890', 'Ant');
INSERT INTO `SkillSet_skills` (`SkillSet_id`, `skills`) VALUES ('1890', 'Java');
INSERT INTO `Hero` (`id`, `firstName`, `lastName`, `role`, `skillSet_id`) VALUES ('1890', 'Glon', 'Bryl', 'LeadEngineer', '1890');
INSERT INTO `SkillSet` (`id`) VALUES ('1891');
INSERT INTO `SkillSet_skills` (`SkillSet_id`, `skills`) VALUES ('1891', 'dotNet');
INSERT INTO `SkillSet_skills` (`SkillSet_id`, `skills`) VALUES ('1891', 'Architektur');
INSERT INTO `SkillSet_skills` (`SkillSet_id`, `skills`) VALUES ('1891', 'dotNet');
INSERT INTO `SkillSet_skills` (`SkillSet_id`, `skills`) VALUES ('1891', 'Architektur');
INSERT INTO `SkillSet_skills` (`SkillSet_id`, `skills`) VALUES ('1891', 'UnitTesting');
INSERT INTO `Hero` (`id`, `firstName`, `lastName`, `role`, `skillSet_id`) VALUES ('1891', 'Kjs', 'Auruh', 'PrincipalConsultant', '1891');
INSERT INTO `SkillSet` (`id`) VALUES ('1892');
INSERT INTO `SkillSet_skills` (`SkillSet_id`, `skills`) VALUES ('1892', 'SQL');
INSERT INTO `SkillSet_skills` (`SkillSet_id`, `skills`) VALUES ('1892', 'UITesting');
INSERT INTO `SkillSet_skills` (`SkillSet_id`, `skills`) VALUES ('1892', 'Java');
INSERT INTO `SkillSet_skills` (`SkillSet_id`, `skills`) VALUES ('1892', 'Gradle');
INSERT INTO `SkillSet_skills` (`SkillSet_id`, `skills`) VALUES ('1892', 'Maven');
INSERT INTO `Hero` (`id`, `firstName`, `lastName`, `role`, `skillSet_id`) VALUES ('1892', 'Oupfoigh', 'Osouh', 'LeadSoftwareArchitect', '1892');
INSERT INTO `SkillSet` (`id`) VALUES ('1893');
INSERT INTO `SkillSet_skills` (`SkillSet_id`, `skills`) VALUES ('1893', 'Maven');
INSERT INTO `SkillSet_skills` (`SkillSet_id`, `skills`) VALUES ('1893', 'Maven');
INSERT INTO `SkillSet_skills` (`SkillSet_id`, `skills`) VALUES ('1893', 'Architektur');
INSERT INTO `SkillSet_skills` (`SkillSet_id`, `skills`) VALUES ('1893', 'Java');
INSERT INTO `Hero` (`id`, `firstName`, `lastName`, `role`, `skillSet_id`) VALUES ('1893', 'Udoud', 'Qyst', 'LeadEngineer', '1893');
INSERT INTO `SkillSet` (`id`) VALUES ('1894');
INSERT INTO `SkillSet_skills` (`SkillSet_id`, `skills`) VALUES ('1894', 'Gradle');
INSERT INTO `SkillSet_skills` (`SkillSet_id`, `skills`) VALUES ('1894', 'Maven');
INSERT INTO `SkillSet_skills` (`SkillSet_id`, `skills`) VALUES ('1894', 'UITesting');
INSERT INTO `Hero` (`id`, `firstName`, `lastName`, `role`, `skillSet_id`) VALUES ('1894', 'Doh', 'Voiwjg', 'PrincipalConsultant', '1894');
INSERT INTO `SkillSet` (`id`) VALUES ('1895');
INSERT INTO `SkillSet_skills` (`SkillSet_id`, `skills`) VALUES ('1895', 'Java');
INSERT INTO `SkillSet_skills` (`SkillSet_id`, `skills`) VALUES ('1895', 'UnitTesting');
INSERT INTO `Hero` (`id`, `firstName`, `lastName`, `role`, `skillSet_id`) VALUES ('1895', 'Chigh', 'Reib', 'LeadEngineer', '1895');
INSERT INTO `SkillSet` (`id`) VALUES ('1896');
INSERT INTO `SkillSet_skills` (`SkillSet_id`, `skills`) VALUES ('1896', 'SQL');
INSERT INTO `SkillSet_skills` (`SkillSet_id`, `skills`) VALUES ('1896', 'Maven');
INSERT INTO `SkillSet_skills` (`SkillSet_id`, `skills`) VALUES ('1896', 'Gradle');
INSERT INTO `SkillSet_skills` (`SkillSet_id`, `skills`) VALUES ('1896', 'Java');
INSERT INTO `SkillSet_skills` (`SkillSet_id`, `skills`) VALUES ('1896', 'SQL');
INSERT INTO `Hero` (`id`, `firstName`, `lastName`, `role`, `skillSet_id`) VALUES ('1896', 'Ystout', 'Shabeb', 'JuniorSoftwareEngineer', '1896');
INSERT INTO `SkillSet` (`id`) VALUES ('1897');
INSERT INTO `SkillSet_skills` (`SkillSet_id`, `skills`) VALUES ('1897', 'UnitTesting');
INSERT INTO `SkillSet_skills` (`SkillSet_id`, `skills`) VALUES ('1897', 'UnitTesting');
INSERT INTO `SkillSet_skills` (`SkillSet_id`, `skills`) VALUES ('1897', 'Architektur');
INSERT INTO `Hero` (`id`, `firstName`, `lastName`, `role`, `skillSet_id`) VALUES ('1897', 'Chaintoir', 'Oipfoob', 'SeniorSoftwareEngineer', '1897');
INSERT INTO `SkillSet` (`id`) VALUES ('1898');
INSERT INTO `SkillSet_skills` (`SkillSet_id`, `skills`) VALUES ('1898', 'Architektur');
INSERT INTO `SkillSet_skills` (`SkillSet_id`, `skills`) VALUES ('1898', 'Ant');
INSERT INTO `SkillSet_skills` (`SkillSet_id`, `skills`) VALUES ('1898', 'Ant');
INSERT INTO `SkillSet_skills` (`SkillSet_id`, `skills`) VALUES ('1898', 'UITesting');
INSERT INTO `Hero` (`id`, `firstName`, `lastName`, `role`, `skillSet_id`) VALUES ('1898', 'Sastooz', 'Eiz', 'PrincipalConsultant', '1898');
INSERT INTO `SkillSet` (`id`) VALUES ('1899');
INSERT INTO `SkillSet_skills` (`SkillSet_id`, `skills`) VALUES ('1899', 'SQL');
INSERT INTO `SkillSet_skills` (`SkillSet_id`, `skills`) VALUES ('1899', 'Java');
INSERT INTO `SkillSet_skills` (`SkillSet_id`, `skills`) VALUES ('1899', 'UnitTesting');
INSERT INTO `SkillSet_skills` (`SkillSet_id`, `skills`) VALUES ('1899', 'Gradle');
INSERT INTO `Hero` (`id`, `firstName`, `lastName`, `role`, `skillSet_id`) VALUES ('1899', 'Op', 'Fligauk', 'PrincipalConsultant', '1899');
INSERT INTO `SkillSet` (`id`) VALUES ('1900');
INSERT INTO `SkillSet_skills` (`SkillSet_id`, `skills`) VALUES ('1900', 'Architektur');
INSERT INTO `SkillSet_skills` (`SkillSet_id`, `skills`) VALUES ('1900', 'UITesting');
INSERT INTO `Hero` (`id`, `firstName`, `lastName`, `role`, `skillSet_id`) VALUES ('1900', 'Bleibjig', 'Grjpoott', 'LeadSoftwareArchitect', '1900');
INSERT INTO `SkillSet` (`id`) VALUES ('1901');
INSERT INTO `SkillSet_skills` (`SkillSet_id`, `skills`) VALUES ('1901', 'Ant');
INSERT INTO `SkillSet_skills` (`SkillSet_id`, `skills`) VALUES ('1901', 'Maven');
INSERT INTO `SkillSet_skills` (`SkillSet_id`, `skills`) VALUES ('1901', 'Maven');
INSERT INTO `Hero` (`id`, `firstName`, `lastName`, `role`, `skillSet_id`) VALUES ('1901', 'Chaintunn', 'Oonn', 'PrincipalConsultant', '1901');
INSERT INTO `SkillSet` (`id`) VALUES ('1902');
INSERT INTO `SkillSet_skills` (`SkillSet_id`, `skills`) VALUES ('1902', 'dotNet');
INSERT INTO `SkillSet_skills` (`SkillSet_id`, `skills`) VALUES ('1902', 'Maven');
INSERT INTO `Hero` (`id`, `firstName`, `lastName`, `role`, `skillSet_id`) VALUES ('1902', 'Onig', 'Qer', 'SeniorSoftwareEngineer', '1902');
INSERT INTO `SkillSet` (`id`) VALUES ('1903');
INSERT INTO `SkillSet_skills` (`SkillSet_id`, `skills`) VALUES ('1903', 'SQL');
INSERT INTO `Hero` (`id`, `firstName`, `lastName`, `role`, `skillSet_id`) VALUES ('1903', 'Toom', 'Glypfeitt', 'SeniorSoftwareEngineer', '1903');
INSERT INTO `SkillSet` (`id`) VALUES ('1904');
INSERT INTO `SkillSet_skills` (`SkillSet_id`, `skills`) VALUES ('1904', 'SQL');
INSERT INTO `SkillSet_skills` (`SkillSet_id`, `skills`) VALUES ('1904', 'Architektur');
INSERT INTO `SkillSet_skills` (`SkillSet_id`, `skills`) VALUES ('1904', 'Architektur');
INSERT INTO `SkillSet_skills` (`SkillSet_id`, `skills`) VALUES ('1904', 'Java');
INSERT INTO `Hero` (`id`, `firstName`, `lastName`, `role`, `skillSet_id`) VALUES ('1904', 'Cif', 'Vjipf', 'PrincipalConsultant', '1904');
INSERT INTO `SkillSet` (`id`) VALUES ('1905');
INSERT INTO `SkillSet_skills` (`SkillSet_id`, `skills`) VALUES ('1905', 'Gradle');
INSERT INTO `Hero` (`id`, `firstName`, `lastName`, `role`, `skillSet_id`) VALUES ('1905', 'Oseth', 'Wow', 'SeniorSoftwareEngineer', '1905');
INSERT INTO `SkillSet` (`id`) VALUES ('1906');
INSERT INTO `SkillSet_skills` (`SkillSet_id`, `skills`) VALUES ('1906', 'UITesting');
INSERT INTO `SkillSet_skills` (`SkillSet_id`, `skills`) VALUES ('1906', 'Java');
INSERT INTO `Hero` (`id`, `firstName`, `lastName`, `role`, `skillSet_id`) VALUES ('1906', 'Wust', 'Oizjinn', 'PrincipalConsultant', '1906');
INSERT INTO `SkillSet` (`id`) VALUES ('1907');
INSERT INTO `SkillSet_skills` (`SkillSet_id`, `skills`) VALUES ('1907', 'Java');
INSERT INTO `SkillSet_skills` (`SkillSet_id`, `skills`) VALUES ('1907', 'UITesting');
INSERT INTO `SkillSet_skills` (`SkillSet_id`, `skills`) VALUES ('1907', 'Java');
INSERT INTO `Hero` (`id`, `firstName`, `lastName`, `role`, `skillSet_id`) VALUES ('1907', 'Vjik', 'Jiss', 'SeniorSoftwareEngineer', '1907');
INSERT INTO `SkillSet` (`id`) VALUES ('1908');
INSERT INTO `SkillSet_skills` (`SkillSet_id`, `skills`) VALUES ('1908', 'UITesting');
INSERT INTO `SkillSet_skills` (`SkillSet_id`, `skills`) VALUES ('1908', 'Maven');
INSERT INTO `SkillSet_skills` (`SkillSet_id`, `skills`) VALUES ('1908', 'dotNet');
INSERT INTO `Hero` (`id`, `firstName`, `lastName`, `role`, `skillSet_id`) VALUES ('1908', 'Id', 'Deimyl', 'LeadEngineer', '1908');
INSERT INTO `SkillSet` (`id`) VALUES ('1909');
INSERT INTO `SkillSet_skills` (`SkillSet_id`, `skills`) VALUES ('1909', 'Java');
INSERT INTO `Hero` (`id`, `firstName`, `lastName`, `role`, `skillSet_id`) VALUES ('1909', 'Jidaid', 'Ounnis', 'LeadSoftwareArchitect', '1909');
INSERT INTO `SkillSet` (`id`) VALUES ('1910');
INSERT INTO `SkillSet_skills` (`SkillSet_id`, `skills`) VALUES ('1910', 'SQL');
INSERT INTO `SkillSet_skills` (`SkillSet_id`, `skills`) VALUES ('1910', 'Gradle');
INSERT INTO `SkillSet_skills` (`SkillSet_id`, `skills`) VALUES ('1910', 'Java');
INSERT INTO `SkillSet_skills` (`SkillSet_id`, `skills`) VALUES ('1910', 'dotNet');
INSERT INTO `SkillSet_skills` (`SkillSet_id`, `skills`) VALUES ('1910', 'SQL');
INSERT INTO `Hero` (`id`, `firstName`, `lastName`, `role`, `skillSet_id`) VALUES ('1910', 'Autt', 'Ooghjib', 'SoftwareEngineer', '1910');
INSERT INTO `SkillSet` (`id`) VALUES ('1911');
INSERT INTO `SkillSet_skills` (`SkillSet_id`, `skills`) VALUES ('1911', 'Gradle');
INSERT INTO `SkillSet_skills` (`SkillSet_id`, `skills`) VALUES ('1911', 'UnitTesting');
INSERT INTO `SkillSet_skills` (`SkillSet_id`, `skills`) VALUES ('1911', 'Gradle');
INSERT INTO `Hero` (`id`, `firstName`, `lastName`, `role`, `skillSet_id`) VALUES ('1911', 'Yh', 'Chaghais', 'SeniorSoftwareEngineer', '1911');
INSERT INTO `SkillSet` (`id`) VALUES ('1912');
INSERT INTO `SkillSet_skills` (`SkillSet_id`, `skills`) VALUES ('1912', 'UnitTesting');
INSERT INTO `SkillSet_skills` (`SkillSet_id`, `skills`) VALUES ('1912', 'UITesting');
INSERT INTO `SkillSet_skills` (`SkillSet_id`, `skills`) VALUES ('1912', 'Architektur');
INSERT INTO `SkillSet_skills` (`SkillSet_id`, `skills`) VALUES ('1912', 'UITesting');
INSERT INTO `Hero` (`id`, `firstName`, `lastName`, `role`, `skillSet_id`) VALUES ('1912', 'Rokygh', 'Aunnunt', 'SeniorSoftwareEngineer', '1912');
INSERT INTO `SkillSet` (`id`) VALUES ('1913');
INSERT INTO `SkillSet_skills` (`SkillSet_id`, `skills`) VALUES ('1913', 'UITesting');
INSERT INTO `Hero` (`id`, `firstName`, `lastName`, `role`, `skillSet_id`) VALUES ('1913', 'Eiwaub', 'Doott', 'LeadSoftwareArchitect', '1913');
INSERT INTO `SkillSet` (`id`) VALUES ('1914');
INSERT INTO `SkillSet_skills` (`SkillSet_id`, `skills`) VALUES ('1914', 'SQL');
INSERT INTO `Hero` (`id`, `firstName`, `lastName`, `role`, `skillSet_id`) VALUES ('1914', 'Thufepf', 'Jbount', 'LeadEngineer', '1914');
INSERT INTO `SkillSet` (`id`) VALUES ('1915');
INSERT INTO `SkillSet_skills` (`SkillSet_id`, `skills`) VALUES ('1915', 'Ant');
INSERT INTO `SkillSet_skills` (`SkillSet_id`, `skills`) VALUES ('1915', 'Ant');
INSERT INTO `SkillSet_skills` (`SkillSet_id`, `skills`) VALUES ('1915', 'SQL');
INSERT INTO `Hero` (`id`, `firstName`, `lastName`, `role`, `skillSet_id`) VALUES ('1915', 'Aulair', 'Lainyst', 'SeniorSoftwareEngineer', '1915');
INSERT INTO `SkillSet` (`id`) VALUES ('1916');
INSERT INTO `SkillSet_skills` (`SkillSet_id`, `skills`) VALUES ('1916', 'SQL');
INSERT INTO `Hero` (`id`, `firstName`, `lastName`, `role`, `skillSet_id`) VALUES ('1916', 'Qasjih', 'Astjim', 'SeniorSoftwareEngineer', '1916');
INSERT INTO `SkillSet` (`id`) VALUES ('1917');
INSERT INTO `SkillSet_skills` (`SkillSet_id`, `skills`) VALUES ('1917', 'UnitTesting');
INSERT INTO `SkillSet_skills` (`SkillSet_id`, `skills`) VALUES ('1917', 'Ant');
INSERT INTO `SkillSet_skills` (`SkillSet_id`, `skills`) VALUES ('1917', 'SQL');
INSERT INTO `SkillSet_skills` (`SkillSet_id`, `skills`) VALUES ('1917', 'Java');
INSERT INTO `SkillSet_skills` (`SkillSet_id`, `skills`) VALUES ('1917', 'Java');
INSERT INTO `Hero` (`id`, `firstName`, `lastName`, `role`, `skillSet_id`) VALUES ('1917', 'Hekoib', 'Voowjitt', 'LeadSoftwareArchitect', '1917');
INSERT INTO `SkillSet` (`id`) VALUES ('1918');
INSERT INTO `SkillSet_skills` (`SkillSet_id`, `skills`) VALUES ('1918', 'UITesting');
INSERT INTO `SkillSet_skills` (`SkillSet_id`, `skills`) VALUES ('1918', 'dotNet');
INSERT INTO `SkillSet_skills` (`SkillSet_id`, `skills`) VALUES ('1918', 'UITesting');
INSERT INTO `SkillSet_skills` (`SkillSet_id`, `skills`) VALUES ('1918', 'Maven');
INSERT INTO `SkillSet_skills` (`SkillSet_id`, `skills`) VALUES ('1918', 'UITesting');
INSERT INTO `Hero` (`id`, `firstName`, `lastName`, `role`, `skillSet_id`) VALUES ('1918', 'Griljist', 'Etteich', 'SeniorSoftwareEngineer', '1918');
INSERT INTO `SkillSet` (`id`) VALUES ('1919');
INSERT INTO `SkillSet_skills` (`SkillSet_id`, `skills`) VALUES ('1919', 'dotNet');
INSERT INTO `SkillSet_skills` (`SkillSet_id`, `skills`) VALUES ('1919', 'dotNet');
INSERT INTO `SkillSet_skills` (`SkillSet_id`, `skills`) VALUES ('1919', 'Ant');
INSERT INTO `SkillSet_skills` (`SkillSet_id`, `skills`) VALUES ('1919', 'dotNet');
INSERT INTO `Hero` (`id`, `firstName`, `lastName`, `role`, `skillSet_id`) VALUES ('1919', 'Blor', 'Moubow', 'SoftwareEngineer', '1919');
INSERT INTO `SkillSet` (`id`) VALUES ('1920');
INSERT INTO `SkillSet_skills` (`SkillSet_id`, `skills`) VALUES ('1920', 'dotNet');
INSERT INTO `Hero` (`id`, `firstName`, `lastName`, `role`, `skillSet_id`) VALUES ('1920', 'Minnat', 'Cewaith', 'LeadSoftwareArchitect', '1920');
INSERT INTO `SkillSet` (`id`) VALUES ('1921');
INSERT INTO `SkillSet_skills` (`SkillSet_id`, `skills`) VALUES ('1921', 'Gradle');
INSERT INTO `SkillSet_skills` (`SkillSet_id`, `skills`) VALUES ('1921', 'Architektur');
INSERT INTO `SkillSet_skills` (`SkillSet_id`, `skills`) VALUES ('1921', 'UITesting');
INSERT INTO `SkillSet_skills` (`SkillSet_id`, `skills`) VALUES ('1921', 'dotNet');
INSERT INTO `Hero` (`id`, `firstName`, `lastName`, `role`, `skillSet_id`) VALUES ('1921', 'Seishaz', 'Thatt', 'LeadSoftwareArchitect', '1921');
INSERT INTO `SkillSet` (`id`) VALUES ('1922');
INSERT INTO `SkillSet_skills` (`SkillSet_id`, `skills`) VALUES ('1922', 'Java');
INSERT INTO `SkillSet_skills` (`SkillSet_id`, `skills`) VALUES ('1922', 'Architektur');
INSERT INTO `Hero` (`id`, `firstName`, `lastName`, `role`, `skillSet_id`) VALUES ('1922', 'Brutoir', 'Aunjgh', 'LeadEngineer', '1922');
INSERT INTO `SkillSet` (`id`) VALUES ('1923');
INSERT INTO `SkillSet_skills` (`SkillSet_id`, `skills`) VALUES ('1923', 'Java');
INSERT INTO `SkillSet_skills` (`SkillSet_id`, `skills`) VALUES ('1923', 'dotNet');
INSERT INTO `SkillSet_skills` (`SkillSet_id`, `skills`) VALUES ('1923', 'Architektur');
INSERT INTO `SkillSet_skills` (`SkillSet_id`, `skills`) VALUES ('1923', 'dotNet');
INSERT INTO `Hero` (`id`, `firstName`, `lastName`, `role`, `skillSet_id`) VALUES ('1923', 'Aistjig', 'Odah', 'LeadEngineer', '1923');
INSERT INTO `SkillSet` (`id`) VALUES ('1924');
INSERT INTO `SkillSet_skills` (`SkillSet_id`, `skills`) VALUES ('1924', 'UITesting');
INSERT INTO `Hero` (`id`, `firstName`, `lastName`, `role`, `skillSet_id`) VALUES ('1924', 'Xyther', 'Menein', 'LeadEngineer', '1924');
INSERT INTO `SkillSet` (`id`) VALUES ('1925');
INSERT INTO `SkillSet_skills` (`SkillSet_id`, `skills`) VALUES ('1925', 'UITesting');
INSERT INTO `SkillSet_skills` (`SkillSet_id`, `skills`) VALUES ('1925', 'UnitTesting');
INSERT INTO `Hero` (`id`, `firstName`, `lastName`, `role`, `skillSet_id`) VALUES ('1925', 'Shokoist', 'Ziv', 'LeadSoftwareArchitect', '1925');
INSERT INTO `SkillSet` (`id`) VALUES ('1926');
INSERT INTO `SkillSet_skills` (`SkillSet_id`, `skills`) VALUES ('1926', 'UITesting');
INSERT INTO `Hero` (`id`, `firstName`, `lastName`, `role`, `skillSet_id`) VALUES ('1926', 'Av', 'Pothyv', 'JuniorSoftwareEngineer', '1926');
INSERT INTO `SkillSet` (`id`) VALUES ('1927');
INSERT INTO `SkillSet_skills` (`SkillSet_id`, `skills`) VALUES ('1927', 'Ant');
INSERT INTO `SkillSet_skills` (`SkillSet_id`, `skills`) VALUES ('1927', 'Ant');
INSERT INTO `SkillSet_skills` (`SkillSet_id`, `skills`) VALUES ('1927', 'Java');
INSERT INTO `SkillSet_skills` (`SkillSet_id`, `skills`) VALUES ('1927', 'UITesting');
INSERT INTO `SkillSet_skills` (`SkillSet_id`, `skills`) VALUES ('1927', 'Ant');
INSERT INTO `Hero` (`id`, `firstName`, `lastName`, `role`, `skillSet_id`) VALUES ('1927', 'Xjisseish', 'Aipfych', 'LeadEngineer', '1927');
INSERT INTO `SkillSet` (`id`) VALUES ('1928');
INSERT INTO `SkillSet_skills` (`SkillSet_id`, `skills`) VALUES ('1928', 'SQL');
INSERT INTO `SkillSet_skills` (`SkillSet_id`, `skills`) VALUES ('1928', 'dotNet');
INSERT INTO `SkillSet_skills` (`SkillSet_id`, `skills`) VALUES ('1928', 'Maven');
INSERT INTO `SkillSet_skills` (`SkillSet_id`, `skills`) VALUES ('1928', 'Architektur');
INSERT INTO `SkillSet_skills` (`SkillSet_id`, `skills`) VALUES ('1928', 'Java');
INSERT INTO `Hero` (`id`, `firstName`, `lastName`, `role`, `skillSet_id`) VALUES ('1928', 'Jn', 'Eifjpf', 'LeadEngineer', '1928');
INSERT INTO `SkillSet` (`id`) VALUES ('1929');
INSERT INTO `SkillSet_skills` (`SkillSet_id`, `skills`) VALUES ('1929', 'Architektur');
INSERT INTO `SkillSet_skills` (`SkillSet_id`, `skills`) VALUES ('1929', 'Java');
INSERT INTO `SkillSet_skills` (`SkillSet_id`, `skills`) VALUES ('1929', 'Architektur');
INSERT INTO `Hero` (`id`, `firstName`, `lastName`, `role`, `skillSet_id`) VALUES ('1929', 'Chof', 'Nigh', 'SeniorSoftwareEngineer', '1929');
INSERT INTO `SkillSet` (`id`) VALUES ('1930');
INSERT INTO `SkillSet_skills` (`SkillSet_id`, `skills`) VALUES ('1930', 'Maven');
INSERT INTO `SkillSet_skills` (`SkillSet_id`, `skills`) VALUES ('1930', 'UITesting');
INSERT INTO `SkillSet_skills` (`SkillSet_id`, `skills`) VALUES ('1930', 'UITesting');
INSERT INTO `SkillSet_skills` (`SkillSet_id`, `skills`) VALUES ('1930', 'Maven');
INSERT INTO `SkillSet_skills` (`SkillSet_id`, `skills`) VALUES ('1930', 'UITesting');
INSERT INTO `Hero` (`id`, `firstName`, `lastName`, `role`, `skillSet_id`) VALUES ('1930', 'Grair', 'Maist', 'JuniorSoftwareEngineer', '1930');
INSERT INTO `SkillSet` (`id`) VALUES ('1931');
INSERT INTO `SkillSet_skills` (`SkillSet_id`, `skills`) VALUES ('1931', 'UnitTesting');
INSERT INTO `Hero` (`id`, `firstName`, `lastName`, `role`, `skillSet_id`) VALUES ('1931', 'Oussaunt', 'Oostef', 'LeadEngineer', '1931');
INSERT INTO `SkillSet` (`id`) VALUES ('1932');
INSERT INTO `SkillSet_skills` (`SkillSet_id`, `skills`) VALUES ('1932', 'Maven');
INSERT INTO `SkillSet_skills` (`SkillSet_id`, `skills`) VALUES ('1932', 'Architektur');
INSERT INTO `SkillSet_skills` (`SkillSet_id`, `skills`) VALUES ('1932', 'Java');
INSERT INTO `SkillSet_skills` (`SkillSet_id`, `skills`) VALUES ('1932', 'Architektur');
INSERT INTO `SkillSet_skills` (`SkillSet_id`, `skills`) VALUES ('1932', 'SQL');
INSERT INTO `Hero` (`id`, `firstName`, `lastName`, `role`, `skillSet_id`) VALUES ('1932', 'Glaughjid', 'Ech', 'LeadEngineer', '1932');
INSERT INTO `SkillSet` (`id`) VALUES ('1933');
INSERT INTO `SkillSet_skills` (`SkillSet_id`, `skills`) VALUES ('1933', 'UITesting');
INSERT INTO `SkillSet_skills` (`SkillSet_id`, `skills`) VALUES ('1933', 'SQL');
INSERT INTO `SkillSet_skills` (`SkillSet_id`, `skills`) VALUES ('1933', 'Ant');
INSERT INTO `Hero` (`id`, `firstName`, `lastName`, `role`, `skillSet_id`) VALUES ('1933', 'Utt', 'Og', 'LeadEngineer', '1933');
INSERT INTO `SkillSet` (`id`) VALUES ('1934');
INSERT INTO `SkillSet_skills` (`SkillSet_id`, `skills`) VALUES ('1934', 'Architektur');
INSERT INTO `Hero` (`id`, `firstName`, `lastName`, `role`, `skillSet_id`) VALUES ('1934', 'Ust', 'Blain', 'JuniorSoftwareEngineer', '1934');
INSERT INTO `SkillSet` (`id`) VALUES ('1935');
INSERT INTO `SkillSet_skills` (`SkillSet_id`, `skills`) VALUES ('1935', 'Gradle');
INSERT INTO `SkillSet_skills` (`SkillSet_id`, `skills`) VALUES ('1935', 'UITesting');
INSERT INTO `SkillSet_skills` (`SkillSet_id`, `skills`) VALUES ('1935', 'UnitTesting');
INSERT INTO `Hero` (`id`, `firstName`, `lastName`, `role`, `skillSet_id`) VALUES ('1935', 'Oinn', 'Toud', 'SeniorSoftwareEngineer', '1935');
INSERT INTO `SkillSet` (`id`) VALUES ('1936');
INSERT INTO `SkillSet_skills` (`SkillSet_id`, `skills`) VALUES ('1936', 'Maven');
INSERT INTO `SkillSet_skills` (`SkillSet_id`, `skills`) VALUES ('1936', 'UnitTesting');
INSERT INTO `Hero` (`id`, `firstName`, `lastName`, `role`, `skillSet_id`) VALUES ('1936', 'Coopf', 'Floon', 'LeadEngineer', '1936');
INSERT INTO `SkillSet` (`id`) VALUES ('1937');
INSERT INTO `SkillSet_skills` (`SkillSet_id`, `skills`) VALUES ('1937', 'UnitTesting');
INSERT INTO `Hero` (`id`, `firstName`, `lastName`, `role`, `skillSet_id`) VALUES ('1937', 'Ochoich', 'Tot', 'LeadSoftwareArchitect', '1937');
INSERT INTO `SkillSet` (`id`) VALUES ('1938');
INSERT INTO `SkillSet_skills` (`SkillSet_id`, `skills`) VALUES ('1938', 'Ant');
INSERT INTO `SkillSet_skills` (`SkillSet_id`, `skills`) VALUES ('1938', 'UITesting');
INSERT INTO `SkillSet_skills` (`SkillSet_id`, `skills`) VALUES ('1938', 'Maven');
INSERT INTO `SkillSet_skills` (`SkillSet_id`, `skills`) VALUES ('1938', 'SQL');
INSERT INTO `SkillSet_skills` (`SkillSet_id`, `skills`) VALUES ('1938', 'SQL');
INSERT INTO `Hero` (`id`, `firstName`, `lastName`, `role`, `skillSet_id`) VALUES ('1938', 'Eidush', 'Thip', 'SoftwareEngineer', '1938');
INSERT INTO `SkillSet` (`id`) VALUES ('1939');
INSERT INTO `SkillSet_skills` (`SkillSet_id`, `skills`) VALUES ('1939', 'Gradle');
INSERT INTO `SkillSet_skills` (`SkillSet_id`, `skills`) VALUES ('1939', 'Architektur');
INSERT INTO `SkillSet_skills` (`SkillSet_id`, `skills`) VALUES ('1939', 'UnitTesting');
INSERT INTO `Hero` (`id`, `firstName`, `lastName`, `role`, `skillSet_id`) VALUES ('1939', 'Audeig', 'Jishair', 'SeniorSoftwareEngineer', '1939');
INSERT INTO `SkillSet` (`id`) VALUES ('1940');
INSERT INTO `SkillSet_skills` (`SkillSet_id`, `skills`) VALUES ('1940', 'Ant');
INSERT INTO `Hero` (`id`, `firstName`, `lastName`, `role`, `skillSet_id`) VALUES ('1940', 'Eitt', 'Praussum', 'SoftwareEngineer', '1940');
INSERT INTO `SkillSet` (`id`) VALUES ('1941');
INSERT INTO `SkillSet_skills` (`SkillSet_id`, `skills`) VALUES ('1941', 'Java');
INSERT INTO `SkillSet_skills` (`SkillSet_id`, `skills`) VALUES ('1941', 'Java');
INSERT INTO `Hero` (`id`, `firstName`, `lastName`, `role`, `skillSet_id`) VALUES ('1941', 'Qaumoir', 'Geiz', 'SoftwareEngineer', '1941');
INSERT INTO `SkillSet` (`id`) VALUES ('1942');
INSERT INTO `SkillSet_skills` (`SkillSet_id`, `skills`) VALUES ('1942', 'Maven');
INSERT INTO `SkillSet_skills` (`SkillSet_id`, `skills`) VALUES ('1942', 'Ant');
INSERT INTO `SkillSet_skills` (`SkillSet_id`, `skills`) VALUES ('1942', 'UITesting');
INSERT INTO `Hero` (`id`, `firstName`, `lastName`, `role`, `skillSet_id`) VALUES ('1942', 'Byth', 'Onneitt', 'JuniorSoftwareEngineer', '1942');
INSERT INTO `SkillSet` (`id`) VALUES ('1943');
INSERT INTO `SkillSet_skills` (`SkillSet_id`, `skills`) VALUES ('1943', 'SQL');
INSERT INTO `SkillSet_skills` (`SkillSet_id`, `skills`) VALUES ('1943', 'Maven');
INSERT INTO `Hero` (`id`, `firstName`, `lastName`, `role`, `skillSet_id`) VALUES ('1943', 'Prif', 'Jipf', 'LeadEngineer', '1943');
INSERT INTO `SkillSet` (`id`) VALUES ('1944');
INSERT INTO `SkillSet_skills` (`SkillSet_id`, `skills`) VALUES ('1944', 'Maven');
INSERT INTO `Hero` (`id`, `firstName`, `lastName`, `role`, `skillSet_id`) VALUES ('1944', 'Jib', 'Prjizeich', 'LeadEngineer', '1944');
INSERT INTO `SkillSet` (`id`) VALUES ('1945');
INSERT INTO `SkillSet_skills` (`SkillSet_id`, `skills`) VALUES ('1945', 'UnitTesting');
INSERT INTO `SkillSet_skills` (`SkillSet_id`, `skills`) VALUES ('1945', 'dotNet');
INSERT INTO `Hero` (`id`, `firstName`, `lastName`, `role`, `skillSet_id`) VALUES ('1945', 'Daiv', 'Xaighop', 'JuniorSoftwareEngineer', '1945');
INSERT INTO `SkillSet` (`id`) VALUES ('1946');
INSERT INTO `SkillSet_skills` (`SkillSet_id`, `skills`) VALUES ('1946', 'Maven');
INSERT INTO `SkillSet_skills` (`SkillSet_id`, `skills`) VALUES ('1946', 'SQL');
INSERT INTO `Hero` (`id`, `firstName`, `lastName`, `role`, `skillSet_id`) VALUES ('1946', 'Brjisheith', 'Praiv', 'SoftwareEngineer', '1946');
INSERT INTO `SkillSet` (`id`) VALUES ('1947');
INSERT INTO `SkillSet_skills` (`SkillSet_id`, `skills`) VALUES ('1947', 'Ant');
INSERT INTO `Hero` (`id`, `firstName`, `lastName`, `role`, `skillSet_id`) VALUES ('1947', 'Hoinn', 'Outjis', 'LeadSoftwareArchitect', '1947');
INSERT INTO `SkillSet` (`id`) VALUES ('1948');
INSERT INTO `SkillSet_skills` (`SkillSet_id`, `skills`) VALUES ('1948', 'Ant');
INSERT INTO `SkillSet_skills` (`SkillSet_id`, `skills`) VALUES ('1948', 'Java');
INSERT INTO `Hero` (`id`, `firstName`, `lastName`, `role`, `skillSet_id`) VALUES ('1948', 'Oileid', 'Ooss', 'LeadSoftwareArchitect', '1948');
INSERT INTO `SkillSet` (`id`) VALUES ('1949');
INSERT INTO `SkillSet_skills` (`SkillSet_id`, `skills`) VALUES ('1949', 'SQL');
INSERT INTO `SkillSet_skills` (`SkillSet_id`, `skills`) VALUES ('1949', 'Architektur');
INSERT INTO `SkillSet_skills` (`SkillSet_id`, `skills`) VALUES ('1949', 'Architektur');
INSERT INTO `SkillSet_skills` (`SkillSet_id`, `skills`) VALUES ('1949', 'Maven');
INSERT INTO `Hero` (`id`, `firstName`, `lastName`, `role`, `skillSet_id`) VALUES ('1949', 'Aiv', 'Chjsjith', 'LeadSoftwareArchitect', '1949');
INSERT INTO `SkillSet` (`id`) VALUES ('1950');
INSERT INTO `SkillSet_skills` (`SkillSet_id`, `skills`) VALUES ('1950', 'Maven');
INSERT INTO `SkillSet_skills` (`SkillSet_id`, `skills`) VALUES ('1950', 'Ant');
INSERT INTO `SkillSet_skills` (`SkillSet_id`, `skills`) VALUES ('1950', 'Java');
INSERT INTO `Hero` (`id`, `firstName`, `lastName`, `role`, `skillSet_id`) VALUES ('1950', 'Fljret', 'Staunnjim', 'SeniorSoftwareEngineer', '1950');
INSERT INTO `SkillSet` (`id`) VALUES ('1951');
INSERT INTO `SkillSet_skills` (`SkillSet_id`, `skills`) VALUES ('1951', 'SQL');
INSERT INTO `SkillSet_skills` (`SkillSet_id`, `skills`) VALUES ('1951', 'dotNet');
INSERT INTO `Hero` (`id`, `firstName`, `lastName`, `role`, `skillSet_id`) VALUES ('1951', 'Aus', 'Oufoob', 'PrincipalConsultant', '1951');
INSERT INTO `SkillSet` (`id`) VALUES ('1952');
INSERT INTO `SkillSet_skills` (`SkillSet_id`, `skills`) VALUES ('1952', 'dotNet');
INSERT INTO `Hero` (`id`, `firstName`, `lastName`, `role`, `skillSet_id`) VALUES ('1952', 'Gon', 'Sooss', 'SoftwareEngineer', '1952');
INSERT INTO `SkillSet` (`id`) VALUES ('1953');
INSERT INTO `SkillSet_skills` (`SkillSet_id`, `skills`) VALUES ('1953', 'Java');
INSERT INTO `SkillSet_skills` (`SkillSet_id`, `skills`) VALUES ('1953', 'Ant');
INSERT INTO `SkillSet_skills` (`SkillSet_id`, `skills`) VALUES ('1953', 'Gradle');
INSERT INTO `SkillSet_skills` (`SkillSet_id`, `skills`) VALUES ('1953', 'UITesting');
INSERT INTO `SkillSet_skills` (`SkillSet_id`, `skills`) VALUES ('1953', 'Java');
INSERT INTO `Hero` (`id`, `firstName`, `lastName`, `role`, `skillSet_id`) VALUES ('1953', 'Ipfainn', 'Naup', 'SoftwareEngineer', '1953');
INSERT INTO `SkillSet` (`id`) VALUES ('1954');
INSERT INTO `SkillSet_skills` (`SkillSet_id`, `skills`) VALUES ('1954', 'Architektur');
INSERT INTO `SkillSet_skills` (`SkillSet_id`, `skills`) VALUES ('1954', 'dotNet');
INSERT INTO `Hero` (`id`, `firstName`, `lastName`, `role`, `skillSet_id`) VALUES ('1954', 'Aineip', 'Flach', 'SeniorSoftwareEngineer', '1954');
INSERT INTO `SkillSet` (`id`) VALUES ('1955');
INSERT INTO `SkillSet_skills` (`SkillSet_id`, `skills`) VALUES ('1955', 'UITesting');
INSERT INTO `SkillSet_skills` (`SkillSet_id`, `skills`) VALUES ('1955', 'Ant');
INSERT INTO `SkillSet_skills` (`SkillSet_id`, `skills`) VALUES ('1955', 'Ant');
INSERT INTO `SkillSet_skills` (`SkillSet_id`, `skills`) VALUES ('1955', 'dotNet');
INSERT INTO `Hero` (`id`, `firstName`, `lastName`, `role`, `skillSet_id`) VALUES ('1955', 'Del', 'Moon', 'JuniorSoftwareEngineer', '1955');
INSERT INTO `SkillSet` (`id`) VALUES ('1956');
INSERT INTO `SkillSet_skills` (`SkillSet_id`, `skills`) VALUES ('1956', 'UITesting');
INSERT INTO `SkillSet_skills` (`SkillSet_id`, `skills`) VALUES ('1956', 'UITesting');
INSERT INTO `SkillSet_skills` (`SkillSet_id`, `skills`) VALUES ('1956', 'UnitTesting');
INSERT INTO `SkillSet_skills` (`SkillSet_id`, `skills`) VALUES ('1956', 'Java');
INSERT INTO `SkillSet_skills` (`SkillSet_id`, `skills`) VALUES ('1956', 'dotNet');
INSERT INTO `Hero` (`id`, `firstName`, `lastName`, `role`, `skillSet_id`) VALUES ('1956', 'Ouchoon', 'Theirud', 'LeadSoftwareArchitect', '1956');
INSERT INTO `SkillSet` (`id`) VALUES ('1957');
INSERT INTO `SkillSet_skills` (`SkillSet_id`, `skills`) VALUES ('1957', 'UITesting');
INSERT INTO `SkillSet_skills` (`SkillSet_id`, `skills`) VALUES ('1957', 'SQL');
INSERT INTO `SkillSet_skills` (`SkillSet_id`, `skills`) VALUES ('1957', 'Maven');
INSERT INTO `Hero` (`id`, `firstName`, `lastName`, `role`, `skillSet_id`) VALUES ('1957', 'Eissoig', 'Eihast', 'SoftwareEngineer', '1957');
INSERT INTO `SkillSet` (`id`) VALUES ('1958');
INSERT INTO `SkillSet_skills` (`SkillSet_id`, `skills`) VALUES ('1958', 'SQL');
INSERT INTO `SkillSet_skills` (`SkillSet_id`, `skills`) VALUES ('1958', 'UnitTesting');
INSERT INTO `SkillSet_skills` (`SkillSet_id`, `skills`) VALUES ('1958', 'dotNet');
INSERT INTO `SkillSet_skills` (`SkillSet_id`, `skills`) VALUES ('1958', 'Ant');
INSERT INTO `Hero` (`id`, `firstName`, `lastName`, `role`, `skillSet_id`) VALUES ('1958', 'Jidech', 'Ach', 'LeadEngineer', '1958');
INSERT INTO `SkillSet` (`id`) VALUES ('1959');
INSERT INTO `SkillSet_skills` (`SkillSet_id`, `skills`) VALUES ('1959', 'Architektur');
INSERT INTO `SkillSet_skills` (`SkillSet_id`, `skills`) VALUES ('1959', 'Ant');
INSERT INTO `SkillSet_skills` (`SkillSet_id`, `skills`) VALUES ('1959', 'dotNet');
INSERT INTO `SkillSet_skills` (`SkillSet_id`, `skills`) VALUES ('1959', 'dotNet');
INSERT INTO `Hero` (`id`, `firstName`, `lastName`, `role`, `skillSet_id`) VALUES ('1959', 'Iket', 'Groukauf', 'PrincipalConsultant', '1959');
INSERT INTO `SkillSet` (`id`) VALUES ('1960');
INSERT INTO `SkillSet_skills` (`SkillSet_id`, `skills`) VALUES ('1960', 'Java');
INSERT INTO `SkillSet_skills` (`SkillSet_id`, `skills`) VALUES ('1960', 'SQL');
INSERT INTO `SkillSet_skills` (`SkillSet_id`, `skills`) VALUES ('1960', 'Maven');
INSERT INTO `SkillSet_skills` (`SkillSet_id`, `skills`) VALUES ('1960', 'Java');
INSERT INTO `Hero` (`id`, `firstName`, `lastName`, `role`, `skillSet_id`) VALUES ('1960', 'Prourjih', 'Mauh', 'LeadEngineer', '1960');
INSERT INTO `SkillSet` (`id`) VALUES ('1961');
INSERT INTO `SkillSet_skills` (`SkillSet_id`, `skills`) VALUES ('1961', 'Gradle');
INSERT INTO `SkillSet_skills` (`SkillSet_id`, `skills`) VALUES ('1961', 'Maven');
INSERT INTO `Hero` (`id`, `firstName`, `lastName`, `role`, `skillSet_id`) VALUES ('1961', 'Sast', 'Chyt', 'LeadSoftwareArchitect', '1961');
INSERT INTO `SkillSet` (`id`) VALUES ('1962');
INSERT INTO `SkillSet_skills` (`SkillSet_id`, `skills`) VALUES ('1962', 'Gradle');
INSERT INTO `SkillSet_skills` (`SkillSet_id`, `skills`) VALUES ('1962', 'dotNet');
INSERT INTO `Hero` (`id`, `firstName`, `lastName`, `role`, `skillSet_id`) VALUES ('1962', 'Shoir', 'Vjinnool', 'SeniorSoftwareEngineer', '1962');
INSERT INTO `SkillSet` (`id`) VALUES ('1963');
INSERT INTO `SkillSet_skills` (`SkillSet_id`, `skills`) VALUES ('1963', 'Gradle');
INSERT INTO `SkillSet_skills` (`SkillSet_id`, `skills`) VALUES ('1963', 'Gradle');
INSERT INTO `SkillSet_skills` (`SkillSet_id`, `skills`) VALUES ('1963', 'Java');
INSERT INTO `SkillSet_skills` (`SkillSet_id`, `skills`) VALUES ('1963', 'Java');
INSERT INTO `SkillSet_skills` (`SkillSet_id`, `skills`) VALUES ('1963', 'dotNet');
INSERT INTO `Hero` (`id`, `firstName`, `lastName`, `role`, `skillSet_id`) VALUES ('1963', 'Tais', 'Kljghul', 'LeadEngineer', '1963');
INSERT INTO `SkillSet` (`id`) VALUES ('1964');
INSERT INTO `SkillSet_skills` (`SkillSet_id`, `skills`) VALUES ('1964', 'Gradle');
INSERT INTO `SkillSet_skills` (`SkillSet_id`, `skills`) VALUES ('1964', 'Java');
INSERT INTO `SkillSet_skills` (`SkillSet_id`, `skills`) VALUES ('1964', 'Java');
INSERT INTO `Hero` (`id`, `firstName`, `lastName`, `role`, `skillSet_id`) VALUES ('1964', 'Oossaf', 'Doupew', 'PrincipalConsultant', '1964');
INSERT INTO `SkillSet` (`id`) VALUES ('1965');
INSERT INTO `SkillSet_skills` (`SkillSet_id`, `skills`) VALUES ('1965', 'Java');
INSERT INTO `SkillSet_skills` (`SkillSet_id`, `skills`) VALUES ('1965', 'Java');
INSERT INTO `Hero` (`id`, `firstName`, `lastName`, `role`, `skillSet_id`) VALUES ('1965', 'Cazath', 'Epfid', 'SeniorSoftwareEngineer', '1965');
INSERT INTO `SkillSet` (`id`) VALUES ('1966');
INSERT INTO `SkillSet_skills` (`SkillSet_id`, `skills`) VALUES ('1966', 'UnitTesting');
INSERT INTO `SkillSet_skills` (`SkillSet_id`, `skills`) VALUES ('1966', 'Architektur');
INSERT INTO `SkillSet_skills` (`SkillSet_id`, `skills`) VALUES ('1966', 'Ant');
INSERT INTO `Hero` (`id`, `firstName`, `lastName`, `role`, `skillSet_id`) VALUES ('1966', 'Wauss', 'Djipfyp', 'SeniorSoftwareEngineer', '1966');
INSERT INTO `SkillSet` (`id`) VALUES ('1967');
INSERT INTO `SkillSet_skills` (`SkillSet_id`, `skills`) VALUES ('1967', 'UnitTesting');
INSERT INTO `SkillSet_skills` (`SkillSet_id`, `skills`) VALUES ('1967', 'UITesting');
INSERT INTO `SkillSet_skills` (`SkillSet_id`, `skills`) VALUES ('1967', 'UITesting');
INSERT INTO `SkillSet_skills` (`SkillSet_id`, `skills`) VALUES ('1967', 'Gradle');
INSERT INTO `Hero` (`id`, `firstName`, `lastName`, `role`, `skillSet_id`) VALUES ('1967', 'Entoud', 'Oomjch', 'SeniorSoftwareEngineer', '1967');
INSERT INTO `SkillSet` (`id`) VALUES ('1968');
INSERT INTO `SkillSet_skills` (`SkillSet_id`, `skills`) VALUES ('1968', 'Gradle');
INSERT INTO `SkillSet_skills` (`SkillSet_id`, `skills`) VALUES ('1968', 'Architektur');
INSERT INTO `SkillSet_skills` (`SkillSet_id`, `skills`) VALUES ('1968', 'Java');
INSERT INTO `Hero` (`id`, `firstName`, `lastName`, `role`, `skillSet_id`) VALUES ('1968', 'Tech', 'Is', 'LeadEngineer', '1968');
INSERT INTO `SkillSet` (`id`) VALUES ('1969');
INSERT INTO `SkillSet_skills` (`SkillSet_id`, `skills`) VALUES ('1969', 'Maven');
INSERT INTO `Hero` (`id`, `firstName`, `lastName`, `role`, `skillSet_id`) VALUES ('1969', 'Ek', 'Broish', 'SoftwareEngineer', '1969');
INSERT INTO `SkillSet` (`id`) VALUES ('1970');
INSERT INTO `SkillSet_skills` (`SkillSet_id`, `skills`) VALUES ('1970', 'UITesting');
INSERT INTO `SkillSet_skills` (`SkillSet_id`, `skills`) VALUES ('1970', 'UnitTesting');
INSERT INTO `SkillSet_skills` (`SkillSet_id`, `skills`) VALUES ('1970', 'Gradle');
INSERT INTO `SkillSet_skills` (`SkillSet_id`, `skills`) VALUES ('1970', 'Gradle');
INSERT INTO `Hero` (`id`, `firstName`, `lastName`, `role`, `skillSet_id`) VALUES ('1970', 'Kub', 'Ob', 'SeniorSoftwareEngineer', '1970');
INSERT INTO `SkillSet` (`id`) VALUES ('1971');
INSERT INTO `SkillSet_skills` (`SkillSet_id`, `skills`) VALUES ('1971', 'Maven');
INSERT INTO `SkillSet_skills` (`SkillSet_id`, `skills`) VALUES ('1971', 'Maven');
INSERT INTO `SkillSet_skills` (`SkillSet_id`, `skills`) VALUES ('1971', 'Ant');
INSERT INTO `SkillSet_skills` (`SkillSet_id`, `skills`) VALUES ('1971', 'Gradle');
INSERT INTO `SkillSet_skills` (`SkillSet_id`, `skills`) VALUES ('1971', 'Java');
INSERT INTO `Hero` (`id`, `firstName`, `lastName`, `role`, `skillSet_id`) VALUES ('1971', 'Gryntooss', 'Zuloip', 'SoftwareEngineer', '1971');
INSERT INTO `SkillSet` (`id`) VALUES ('1972');
INSERT INTO `SkillSet_skills` (`SkillSet_id`, `skills`) VALUES ('1972', 'UnitTesting');
INSERT INTO `SkillSet_skills` (`SkillSet_id`, `skills`) VALUES ('1972', 'Ant');
INSERT INTO `SkillSet_skills` (`SkillSet_id`, `skills`) VALUES ('1972', 'Gradle');
INSERT INTO `SkillSet_skills` (`SkillSet_id`, `skills`) VALUES ('1972', 'Gradle');
INSERT INTO `Hero` (`id`, `firstName`, `lastName`, `role`, `skillSet_id`) VALUES ('1972', 'Meipfop', 'Jib', 'LeadEngineer', '1972');
INSERT INTO `SkillSet` (`id`) VALUES ('1973');
INSERT INTO `SkillSet_skills` (`SkillSet_id`, `skills`) VALUES ('1973', 'Gradle');
INSERT INTO `SkillSet_skills` (`SkillSet_id`, `skills`) VALUES ('1973', 'Maven');
INSERT INTO `SkillSet_skills` (`SkillSet_id`, `skills`) VALUES ('1973', 'dotNet');
INSERT INTO `SkillSet_skills` (`SkillSet_id`, `skills`) VALUES ('1973', 'dotNet');
INSERT INTO `SkillSet_skills` (`SkillSet_id`, `skills`) VALUES ('1973', 'UnitTesting');
INSERT INTO `Hero` (`id`, `firstName`, `lastName`, `role`, `skillSet_id`) VALUES ('1973', 'Aittous', 'Jith', 'LeadSoftwareArchitect', '1973');
INSERT INTO `SkillSet` (`id`) VALUES ('1974');
INSERT INTO `SkillSet_skills` (`SkillSet_id`, `skills`) VALUES ('1974', 'Ant');
INSERT INTO `SkillSet_skills` (`SkillSet_id`, `skills`) VALUES ('1974', 'Ant');
INSERT INTO `SkillSet_skills` (`SkillSet_id`, `skills`) VALUES ('1974', 'Ant');
INSERT INTO `SkillSet_skills` (`SkillSet_id`, `skills`) VALUES ('1974', 'UnitTesting');
INSERT INTO `Hero` (`id`, `firstName`, `lastName`, `role`, `skillSet_id`) VALUES ('1974', 'Ych', 'Brynn', 'LeadEngineer', '1974');
INSERT INTO `SkillSet` (`id`) VALUES ('1975');
INSERT INTO `SkillSet_skills` (`SkillSet_id`, `skills`) VALUES ('1975', 'Maven');
INSERT INTO `SkillSet_skills` (`SkillSet_id`, `skills`) VALUES ('1975', 'SQL');
INSERT INTO `SkillSet_skills` (`SkillSet_id`, `skills`) VALUES ('1975', 'UITesting');
INSERT INTO `SkillSet_skills` (`SkillSet_id`, `skills`) VALUES ('1975', 'Gradle');
INSERT INTO `SkillSet_skills` (`SkillSet_id`, `skills`) VALUES ('1975', 'dotNet');
INSERT INTO `Hero` (`id`, `firstName`, `lastName`, `role`, `skillSet_id`) VALUES ('1975', 'Brjntjil', 'Tys', 'LeadSoftwareArchitect', '1975');
INSERT INTO `SkillSet` (`id`) VALUES ('1976');
INSERT INTO `SkillSet_skills` (`SkillSet_id`, `skills`) VALUES ('1976', 'UITesting');
INSERT INTO `Hero` (`id`, `firstName`, `lastName`, `role`, `skillSet_id`) VALUES ('1976', 'Naivid', 'Oiss', 'SoftwareEngineer', '1976');
INSERT INTO `SkillSet` (`id`) VALUES ('1977');
INSERT INTO `SkillSet_skills` (`SkillSet_id`, `skills`) VALUES ('1977', 'Java');
INSERT INTO `SkillSet_skills` (`SkillSet_id`, `skills`) VALUES ('1977', 'SQL');
INSERT INTO `Hero` (`id`, `firstName`, `lastName`, `role`, `skillSet_id`) VALUES ('1977', 'Klucheis', 'Eipf', 'SeniorSoftwareEngineer', '1977');
INSERT INTO `SkillSet` (`id`) VALUES ('1978');
INSERT INTO `SkillSet_skills` (`SkillSet_id`, `skills`) VALUES ('1978', 'Java');
INSERT INTO `SkillSet_skills` (`SkillSet_id`, `skills`) VALUES ('1978', 'Ant');
INSERT INTO `SkillSet_skills` (`SkillSet_id`, `skills`) VALUES ('1978', 'Gradle');
INSERT INTO `SkillSet_skills` (`SkillSet_id`, `skills`) VALUES ('1978', 'Ant');
INSERT INTO `SkillSet_skills` (`SkillSet_id`, `skills`) VALUES ('1978', 'UITesting');
INSERT INTO `Hero` (`id`, `firstName`, `lastName`, `role`, `skillSet_id`) VALUES ('1978', 'Lunnon', 'Jinast', 'LeadSoftwareArchitect', '1978');
INSERT INTO `SkillSet` (`id`) VALUES ('1979');
INSERT INTO `SkillSet_skills` (`SkillSet_id`, `skills`) VALUES ('1979', 'Gradle');
INSERT INTO `SkillSet_skills` (`SkillSet_id`, `skills`) VALUES ('1979', 'UITesting');
INSERT INTO `SkillSet_skills` (`SkillSet_id`, `skills`) VALUES ('1979', 'Architektur');
INSERT INTO `SkillSet_skills` (`SkillSet_id`, `skills`) VALUES ('1979', 'Java');
INSERT INTO `SkillSet_skills` (`SkillSet_id`, `skills`) VALUES ('1979', 'UITesting');
INSERT INTO `Hero` (`id`, `firstName`, `lastName`, `role`, `skillSet_id`) VALUES ('1979', 'Klour', 'Xooch', 'LeadEngineer', '1979');
INSERT INTO `SkillSet` (`id`) VALUES ('1980');
INSERT INTO `SkillSet_skills` (`SkillSet_id`, `skills`) VALUES ('1980', 'Ant');
INSERT INTO `SkillSet_skills` (`SkillSet_id`, `skills`) VALUES ('1980', 'Architektur');
INSERT INTO `Hero` (`id`, `firstName`, `lastName`, `role`, `skillSet_id`) VALUES ('1980', 'Oosaup', 'Naun', 'LeadSoftwareArchitect', '1980');
INSERT INTO `SkillSet` (`id`) VALUES ('1981');
INSERT INTO `SkillSet_skills` (`SkillSet_id`, `skills`) VALUES ('1981', 'dotNet');
INSERT INTO `SkillSet_skills` (`SkillSet_id`, `skills`) VALUES ('1981', 'UITesting');
INSERT INTO `SkillSet_skills` (`SkillSet_id`, `skills`) VALUES ('1981', 'UnitTesting');
INSERT INTO `SkillSet_skills` (`SkillSet_id`, `skills`) VALUES ('1981', 'Java');
INSERT INTO `Hero` (`id`, `firstName`, `lastName`, `role`, `skillSet_id`) VALUES ('1981', 'Aiz', 'Gamjit', 'SeniorSoftwareEngineer', '1981');
INSERT INTO `SkillSet` (`id`) VALUES ('1982');
INSERT INTO `SkillSet_skills` (`SkillSet_id`, `skills`) VALUES ('1982', 'UnitTesting');
INSERT INTO `SkillSet_skills` (`SkillSet_id`, `skills`) VALUES ('1982', 'Architektur');
INSERT INTO `SkillSet_skills` (`SkillSet_id`, `skills`) VALUES ('1982', 'SQL');
INSERT INTO `SkillSet_skills` (`SkillSet_id`, `skills`) VALUES ('1982', 'Gradle');
INSERT INTO `SkillSet_skills` (`SkillSet_id`, `skills`) VALUES ('1982', 'UITesting');
INSERT INTO `Hero` (`id`, `firstName`, `lastName`, `role`, `skillSet_id`) VALUES ('1982', 'Id', 'Ossosh', 'LeadEngineer', '1982');
INSERT INTO `SkillSet` (`id`) VALUES ('1983');
INSERT INTO `SkillSet_skills` (`SkillSet_id`, `skills`) VALUES ('1983', 'SQL');
INSERT INTO `SkillSet_skills` (`SkillSet_id`, `skills`) VALUES ('1983', 'UITesting');
INSERT INTO `SkillSet_skills` (`SkillSet_id`, `skills`) VALUES ('1983', 'SQL');
INSERT INTO `SkillSet_skills` (`SkillSet_id`, `skills`) VALUES ('1983', 'Java');
INSERT INTO `Hero` (`id`, `firstName`, `lastName`, `role`, `skillSet_id`) VALUES ('1983', 'Aichain', 'Eibeil', 'SoftwareEngineer', '1983');
INSERT INTO `SkillSet` (`id`) VALUES ('1984');
INSERT INTO `SkillSet_skills` (`SkillSet_id`, `skills`) VALUES ('1984', 'Java');
INSERT INTO `Hero` (`id`, `firstName`, `lastName`, `role`, `skillSet_id`) VALUES ('1984', 'Rjimeil', 'Zes', 'PrincipalConsultant', '1984');
INSERT INTO `SkillSet` (`id`) VALUES ('1985');
INSERT INTO `SkillSet_skills` (`SkillSet_id`, `skills`) VALUES ('1985', 'Gradle');
INSERT INTO `SkillSet_skills` (`SkillSet_id`, `skills`) VALUES ('1985', 'Ant');
INSERT INTO `Hero` (`id`, `firstName`, `lastName`, `role`, `skillSet_id`) VALUES ('1985', 'Peih', 'Aust', 'SeniorSoftwareEngineer', '1985');
INSERT INTO `SkillSet` (`id`) VALUES ('1986');
INSERT INTO `SkillSet_skills` (`SkillSet_id`, `skills`) VALUES ('1986', 'Gradle');
INSERT INTO `SkillSet_skills` (`SkillSet_id`, `skills`) VALUES ('1986', 'Architektur');
INSERT INTO `SkillSet_skills` (`SkillSet_id`, `skills`) VALUES ('1986', 'UnitTesting');
INSERT INTO `SkillSet_skills` (`SkillSet_id`, `skills`) VALUES ('1986', 'dotNet');
INSERT INTO `Hero` (`id`, `firstName`, `lastName`, `role`, `skillSet_id`) VALUES ('1986', 'Ach', 'Ashuw', 'LeadEngineer', '1986');
INSERT INTO `SkillSet` (`id`) VALUES ('1987');
INSERT INTO `SkillSet_skills` (`SkillSet_id`, `skills`) VALUES ('1987', 'Java');
INSERT INTO `SkillSet_skills` (`SkillSet_id`, `skills`) VALUES ('1987', 'Java');
INSERT INTO `SkillSet_skills` (`SkillSet_id`, `skills`) VALUES ('1987', 'Gradle');
INSERT INTO `Hero` (`id`, `firstName`, `lastName`, `role`, `skillSet_id`) VALUES ('1987', 'Jitt', 'Gyst', 'LeadEngineer', '1987');
INSERT INTO `SkillSet` (`id`) VALUES ('1988');
INSERT INTO `SkillSet_skills` (`SkillSet_id`, `skills`) VALUES ('1988', 'Architektur');
INSERT INTO `SkillSet_skills` (`SkillSet_id`, `skills`) VALUES ('1988', 'Ant');
INSERT INTO `SkillSet_skills` (`SkillSet_id`, `skills`) VALUES ('1988', 'UITesting');
INSERT INTO `Hero` (`id`, `firstName`, `lastName`, `role`, `skillSet_id`) VALUES ('1988', 'Ukiz', 'Cussup', 'SoftwareEngineer', '1988');
INSERT INTO `SkillSet` (`id`) VALUES ('1989');
INSERT INTO `SkillSet_skills` (`SkillSet_id`, `skills`) VALUES ('1989', 'UnitTesting');
INSERT INTO `Hero` (`id`, `firstName`, `lastName`, `role`, `skillSet_id`) VALUES ('1989', 'Upauch', 'Xynjl', 'PrincipalConsultant', '1989');
INSERT INTO `SkillSet` (`id`) VALUES ('1990');
INSERT INTO `SkillSet_skills` (`SkillSet_id`, `skills`) VALUES ('1990', 'SQL');
INSERT INTO `SkillSet_skills` (`SkillSet_id`, `skills`) VALUES ('1990', 'Ant');
INSERT INTO `SkillSet_skills` (`SkillSet_id`, `skills`) VALUES ('1990', 'Gradle');
INSERT INTO `SkillSet_skills` (`SkillSet_id`, `skills`) VALUES ('1990', 'SQL');
INSERT INTO `SkillSet_skills` (`SkillSet_id`, `skills`) VALUES ('1990', 'Maven');
INSERT INTO `Hero` (`id`, `firstName`, `lastName`, `role`, `skillSet_id`) VALUES ('1990', 'Ainn', 'Pomouz', 'LeadSoftwareArchitect', '1990');
INSERT INTO `SkillSet` (`id`) VALUES ('1991');
INSERT INTO `SkillSet_skills` (`SkillSet_id`, `skills`) VALUES ('1991', 'dotNet');
INSERT INTO `SkillSet_skills` (`SkillSet_id`, `skills`) VALUES ('1991', 'SQL');
INSERT INTO `SkillSet_skills` (`SkillSet_id`, `skills`) VALUES ('1991', 'Gradle');
INSERT INTO `SkillSet_skills` (`SkillSet_id`, `skills`) VALUES ('1991', 'Ant');
INSERT INTO `SkillSet_skills` (`SkillSet_id`, `skills`) VALUES ('1991', 'UnitTesting');
INSERT INTO `Hero` (`id`, `firstName`, `lastName`, `role`, `skillSet_id`) VALUES ('1991', 'Preiz', 'Waut', 'SoftwareEngineer', '1991');
INSERT INTO `SkillSet` (`id`) VALUES ('1992');
INSERT INTO `SkillSet_skills` (`SkillSet_id`, `skills`) VALUES ('1992', 'dotNet');
INSERT INTO `SkillSet_skills` (`SkillSet_id`, `skills`) VALUES ('1992', 'Architektur');
INSERT INTO `Hero` (`id`, `firstName`, `lastName`, `role`, `skillSet_id`) VALUES ('1992', 'Il', 'Ozum', 'JuniorSoftwareEngineer', '1992');
INSERT INTO `SkillSet` (`id`) VALUES ('1993');
INSERT INTO `SkillSet_skills` (`SkillSet_id`, `skills`) VALUES ('1993', 'UITesting');
INSERT INTO `SkillSet_skills` (`SkillSet_id`, `skills`) VALUES ('1993', 'dotNet');
INSERT INTO `SkillSet_skills` (`SkillSet_id`, `skills`) VALUES ('1993', 'UnitTesting');
INSERT INTO `SkillSet_skills` (`SkillSet_id`, `skills`) VALUES ('1993', 'Java');
INSERT INTO `Hero` (`id`, `firstName`, `lastName`, `role`, `skillSet_id`) VALUES ('1993', 'Ennoosh', 'Cheg', 'JuniorSoftwareEngineer', '1993');
INSERT INTO `SkillSet` (`id`) VALUES ('1994');
INSERT INTO `SkillSet_skills` (`SkillSet_id`, `skills`) VALUES ('1994', 'UnitTesting');
INSERT INTO `SkillSet_skills` (`SkillSet_id`, `skills`) VALUES ('1994', 'Architektur');
INSERT INTO `SkillSet_skills` (`SkillSet_id`, `skills`) VALUES ('1994', 'dotNet');
INSERT INTO `SkillSet_skills` (`SkillSet_id`, `skills`) VALUES ('1994', 'Maven');
INSERT INTO `SkillSet_skills` (`SkillSet_id`, `skills`) VALUES ('1994', 'Architektur');
INSERT INTO `Hero` (`id`, `firstName`, `lastName`, `role`, `skillSet_id`) VALUES ('1994', 'Oos', 'Auw', 'JuniorSoftwareEngineer', '1994');
INSERT INTO `SkillSet` (`id`) VALUES ('1995');
INSERT INTO `SkillSet_skills` (`SkillSet_id`, `skills`) VALUES ('1995', 'UITesting');
INSERT INTO `SkillSet_skills` (`SkillSet_id`, `skills`) VALUES ('1995', 'Maven');
INSERT INTO `SkillSet_skills` (`SkillSet_id`, `skills`) VALUES ('1995', 'UnitTesting');
INSERT INTO `SkillSet_skills` (`SkillSet_id`, `skills`) VALUES ('1995', 'Gradle');
INSERT INTO `SkillSet_skills` (`SkillSet_id`, `skills`) VALUES ('1995', 'Ant');
INSERT INTO `Hero` (`id`, `firstName`, `lastName`, `role`, `skillSet_id`) VALUES ('1995', 'Jz', 'Kjsh', 'LeadSoftwareArchitect', '1995');
INSERT INTO `SkillSet` (`id`) VALUES ('1996');
INSERT INTO `SkillSet_skills` (`SkillSet_id`, `skills`) VALUES ('1996', 'Java');
INSERT INTO `SkillSet_skills` (`SkillSet_id`, `skills`) VALUES ('1996', 'Gradle');
INSERT INTO `SkillSet_skills` (`SkillSet_id`, `skills`) VALUES ('1996', 'dotNet');
INSERT INTO `SkillSet_skills` (`SkillSet_id`, `skills`) VALUES ('1996', 'Gradle');
INSERT INTO `Hero` (`id`, `firstName`, `lastName`, `role`, `skillSet_id`) VALUES ('1996', 'Oot', 'Tust', 'JuniorSoftwareEngineer', '1996');
INSERT INTO `SkillSet` (`id`) VALUES ('1997');
INSERT INTO `SkillSet_skills` (`SkillSet_id`, `skills`) VALUES ('1997', 'dotNet');
INSERT INTO `Hero` (`id`, `firstName`, `lastName`, `role`, `skillSet_id`) VALUES ('1997', 'Reipf', 'Jnn', 'LeadSoftwareArchitect', '1997');
INSERT INTO `SkillSet` (`id`) VALUES ('1998');
INSERT INTO `SkillSet_skills` (`SkillSet_id`, `skills`) VALUES ('1998', 'Gradle');
INSERT INTO `SkillSet_skills` (`SkillSet_id`, `skills`) VALUES ('1998', 'Maven');
INSERT INTO `Hero` (`id`, `firstName`, `lastName`, `role`, `skillSet_id`) VALUES ('1998', 'Jw', 'Bryth', 'JuniorSoftwareEngineer', '1998');
INSERT INTO `SkillSet` (`id`) VALUES ('1999');
INSERT INTO `SkillSet_skills` (`SkillSet_id`, `skills`) VALUES ('1999', 'Ant');
INSERT INTO `SkillSet_skills` (`SkillSet_id`, `skills`) VALUES ('1999', 'Gradle');
INSERT INTO `Hero` (`id`, `firstName`, `lastName`, `role`, `skillSet_id`) VALUES ('1999', 'Augh', 'Fodaib', 'SoftwareEngineer', '1999');
INSERT INTO `SkillSet` (`id`) VALUES ('11000');
INSERT INTO `SkillSet_skills` (`SkillSet_id`, `skills`) VALUES ('11000', 'Gradle');
INSERT INTO `SkillSet_skills` (`SkillSet_id`, `skills`) VALUES ('11000', 'Gradle');
INSERT INTO `SkillSet_skills` (`SkillSet_id`, `skills`) VALUES ('11000', 'Architektur');
INSERT INTO `SkillSet_skills` (`SkillSet_id`, `skills`) VALUES ('11000', 'dotNet');
INSERT INTO `SkillSet_skills` (`SkillSet_id`, `skills`) VALUES ('11000', 'Gradle');
INSERT INTO `Mission` (`id`, `companyName`, `shortName`, `role`, `skillSet_id`) VALUES ('11000', 'Edyl', 'Akeid', 'LeadSoftwareArchitect', '11000');
INSERT INTO `SkillSet` (`id`) VALUES ('11001');
INSERT INTO `SkillSet_skills` (`SkillSet_id`, `skills`) VALUES ('11001', 'Java');
INSERT INTO `SkillSet_skills` (`SkillSet_id`, `skills`) VALUES ('11001', 'Gradle');
INSERT INTO `SkillSet_skills` (`SkillSet_id`, `skills`) VALUES ('11001', 'Ant');
INSERT INTO `Mission` (`id`, `companyName`, `shortName`, `role`, `skillSet_id`) VALUES ('11001', 'Ochjich', 'Donenn', 'LeadSoftwareArchitect', '11001');
INSERT INTO `SkillSet` (`id`) VALUES ('11002');
INSERT INTO `SkillSet_skills` (`SkillSet_id`, `skills`) VALUES ('11002', 'UnitTesting');
INSERT INTO `SkillSet_skills` (`SkillSet_id`, `skills`) VALUES ('11002', 'Maven');
INSERT INTO `SkillSet_skills` (`SkillSet_id`, `skills`) VALUES ('11002', 'Ant');
INSERT INTO `SkillSet_skills` (`SkillSet_id`, `skills`) VALUES ('11002', 'Maven');
INSERT INTO `SkillSet_skills` (`SkillSet_id`, `skills`) VALUES ('11002', 'Ant');
INSERT INTO `Mission` (`id`, `companyName`, `shortName`, `role`, `skillSet_id`) VALUES ('11002', 'Ufaush', 'Oth', 'LeadSoftwareArchitect', '11002');
INSERT INTO `SkillSet` (`id`) VALUES ('11003');
INSERT INTO `SkillSet_skills` (`SkillSet_id`, `skills`) VALUES ('11003', 'Maven');
INSERT INTO `Mission` (`id`, `companyName`, `shortName`, `role`, `skillSet_id`) VALUES ('11003', 'Shoiboig', 'Norih', 'LeadEngineer', '11003');
INSERT INTO `SkillSet` (`id`) VALUES ('11004');
INSERT INTO `SkillSet_skills` (`SkillSet_id`, `skills`) VALUES ('11004', 'Maven');
INSERT INTO `SkillSet_skills` (`SkillSet_id`, `skills`) VALUES ('11004', 'SQL');
INSERT INTO `SkillSet_skills` (`SkillSet_id`, `skills`) VALUES ('11004', 'UITesting');
INSERT INTO `SkillSet_skills` (`SkillSet_id`, `skills`) VALUES ('11004', 'dotNet');
INSERT INTO `SkillSet_skills` (`SkillSet_id`, `skills`) VALUES ('11004', 'Gradle');
INSERT INTO `Mission` (`id`, `companyName`, `shortName`, `role`, `skillSet_id`) VALUES ('11004', 'Ezous', 'Pet', 'SoftwareEngineer', '11004');
INSERT INTO `SkillSet` (`id`) VALUES ('11005');
INSERT INTO `SkillSet_skills` (`SkillSet_id`, `skills`) VALUES ('11005', 'dotNet');
INSERT INTO `SkillSet_skills` (`SkillSet_id`, `skills`) VALUES ('11005', 'dotNet');
INSERT INTO `Mission` (`id`, `companyName`, `shortName`, `role`, `skillSet_id`) VALUES ('11005', 'Xow', 'Ol', 'LeadEngineer', '11005');
INSERT INTO `SkillSet` (`id`) VALUES ('11006');
INSERT INTO `SkillSet_skills` (`SkillSet_id`, `skills`) VALUES ('11006', 'Maven');
INSERT INTO `SkillSet_skills` (`SkillSet_id`, `skills`) VALUES ('11006', 'UnitTesting');
INSERT INTO `SkillSet_skills` (`SkillSet_id`, `skills`) VALUES ('11006', 'Architektur');
INSERT INTO `SkillSet_skills` (`SkillSet_id`, `skills`) VALUES ('11006', 'dotNet');
INSERT INTO `SkillSet_skills` (`SkillSet_id`, `skills`) VALUES ('11006', 'UnitTesting');
INSERT INTO `Mission` (`id`, `companyName`, `shortName`, `role`, `skillSet_id`) VALUES ('11006', 'Ystim', 'Stydef', 'JuniorSoftwareEngineer', '11006');
INSERT INTO `SkillSet` (`id`) VALUES ('11007');
INSERT INTO `SkillSet_skills` (`SkillSet_id`, `skills`) VALUES ('11007', 'Ant');
INSERT INTO `SkillSet_skills` (`SkillSet_id`, `skills`) VALUES ('11007', 'Maven');
INSERT INTO `SkillSet_skills` (`SkillSet_id`, `skills`) VALUES ('11007', 'Gradle');
INSERT INTO `SkillSet_skills` (`SkillSet_id`, `skills`) VALUES ('11007', 'Architektur');
INSERT INTO `SkillSet_skills` (`SkillSet_id`, `skills`) VALUES ('11007', 'SQL');
INSERT INTO `Mission` (`id`, `companyName`, `shortName`, `role`, `skillSet_id`) VALUES ('11007', 'Shjnih', 'Coint', 'JuniorSoftwareEngineer', '11007');
INSERT INTO `SkillSet` (`id`) VALUES ('11008');
INSERT INTO `SkillSet_skills` (`SkillSet_id`, `skills`) VALUES ('11008', 'dotNet');
INSERT INTO `SkillSet_skills` (`SkillSet_id`, `skills`) VALUES ('11008', 'Gradle');
INSERT INTO `Mission` (`id`, `companyName`, `shortName`, `role`, `skillSet_id`) VALUES ('11008', 'Jiv', 'Blal', 'JuniorSoftwareEngineer', '11008');
INSERT INTO `SkillSet` (`id`) VALUES ('11009');
INSERT INTO `SkillSet_skills` (`SkillSet_id`, `skills`) VALUES ('11009', 'Java');
INSERT INTO `SkillSet_skills` (`SkillSet_id`, `skills`) VALUES ('11009', 'dotNet');
INSERT INTO `SkillSet_skills` (`SkillSet_id`, `skills`) VALUES ('11009', 'UITesting');
INSERT INTO `SkillSet_skills` (`SkillSet_id`, `skills`) VALUES ('11009', 'Ant');
INSERT INTO `SkillSet_skills` (`SkillSet_id`, `skills`) VALUES ('11009', 'UnitTesting');
INSERT INTO `Mission` (`id`, `companyName`, `shortName`, `role`, `skillSet_id`) VALUES ('11009', 'Four', 'Chonnoip', 'LeadEngineer', '11009');
INSERT INTO `SkillSet` (`id`) VALUES ('11010');
INSERT INTO `SkillSet_skills` (`SkillSet_id`, `skills`) VALUES ('11010', 'SQL');
INSERT INTO `SkillSet_skills` (`SkillSet_id`, `skills`) VALUES ('11010', 'SQL');
INSERT INTO `Mission` (`id`, `companyName`, `shortName`, `role`, `skillSet_id`) VALUES ('11010', 'Vipf', 'Oottjint', 'SoftwareEngineer', '11010');
INSERT INTO `SkillSet` (`id`) VALUES ('11011');
INSERT INTO `SkillSet_skills` (`SkillSet_id`, `skills`) VALUES ('11011', 'Ant');
INSERT INTO `SkillSet_skills` (`SkillSet_id`, `skills`) VALUES ('11011', 'UnitTesting');
INSERT INTO `SkillSet_skills` (`SkillSet_id`, `skills`) VALUES ('11011', 'UnitTesting');
INSERT INTO `Mission` (`id`, `companyName`, `shortName`, `role`, `skillSet_id`) VALUES ('11011', 'Cjif', 'Det', 'PrincipalConsultant', '11011');
INSERT INTO `SkillSet` (`id`) VALUES ('11012');
INSERT INTO `SkillSet_skills` (`SkillSet_id`, `skills`) VALUES ('11012', 'UITesting');
INSERT INTO `SkillSet_skills` (`SkillSet_id`, `skills`) VALUES ('11012', 'Gradle');
INSERT INTO `SkillSet_skills` (`SkillSet_id`, `skills`) VALUES ('11012', 'Java');
INSERT INTO `SkillSet_skills` (`SkillSet_id`, `skills`) VALUES ('11012', 'Gradle');
INSERT INTO `SkillSet_skills` (`SkillSet_id`, `skills`) VALUES ('11012', 'SQL');
INSERT INTO `Mission` (`id`, `companyName`, `shortName`, `role`, `skillSet_id`) VALUES ('11012', 'Jn', 'Uzjnn', 'SoftwareEngineer', '11012');
INSERT INTO `SkillSet` (`id`) VALUES ('11013');
INSERT INTO `SkillSet_skills` (`SkillSet_id`, `skills`) VALUES ('11013', 'UnitTesting');
INSERT INTO `SkillSet_skills` (`SkillSet_id`, `skills`) VALUES ('11013', 'UnitTesting');
INSERT INTO `SkillSet_skills` (`SkillSet_id`, `skills`) VALUES ('11013', 'SQL');
INSERT INTO `SkillSet_skills` (`SkillSet_id`, `skills`) VALUES ('11013', 'Java');
INSERT INTO `SkillSet_skills` (`SkillSet_id`, `skills`) VALUES ('11013', 'Java');
INSERT INTO `Mission` (`id`, `companyName`, `shortName`, `role`, `skillSet_id`) VALUES ('11013', 'Ol', 'Ytjss', 'PrincipalConsultant', '11013');
INSERT INTO `SkillSet` (`id`) VALUES ('11014');
INSERT INTO `SkillSet_skills` (`SkillSet_id`, `skills`) VALUES ('11014', 'dotNet');
INSERT INTO `Mission` (`id`, `companyName`, `shortName`, `role`, `skillSet_id`) VALUES ('11014', 'Outh', 'Ef', 'JuniorSoftwareEngineer', '11014');
INSERT INTO `SkillSet` (`id`) VALUES ('11015');
INSERT INTO `SkillSet_skills` (`SkillSet_id`, `skills`) VALUES ('11015', 'Java');
INSERT INTO `SkillSet_skills` (`SkillSet_id`, `skills`) VALUES ('11015', 'UITesting');
INSERT INTO `SkillSet_skills` (`SkillSet_id`, `skills`) VALUES ('11015', 'Gradle');
INSERT INTO `SkillSet_skills` (`SkillSet_id`, `skills`) VALUES ('11015', 'Maven');
INSERT INTO `SkillSet_skills` (`SkillSet_id`, `skills`) VALUES ('11015', 'dotNet');
INSERT INTO `Mission` (`id`, `companyName`, `shortName`, `role`, `skillSet_id`) VALUES ('11015', 'Brofyss', 'Sjgh', 'LeadSoftwareArchitect', '11015');
INSERT INTO `SkillSet` (`id`) VALUES ('11016');
INSERT INTO `SkillSet_skills` (`SkillSet_id`, `skills`) VALUES ('11016', 'Ant');
INSERT INTO `Mission` (`id`, `companyName`, `shortName`, `role`, `skillSet_id`) VALUES ('11016', 'Ouroint', 'Aut', 'SeniorSoftwareEngineer', '11016');
INSERT INTO `SkillSet` (`id`) VALUES ('11017');
INSERT INTO `SkillSet_skills` (`SkillSet_id`, `skills`) VALUES ('11017', 'UITesting');
INSERT INTO `SkillSet_skills` (`SkillSet_id`, `skills`) VALUES ('11017', 'Gradle');
INSERT INTO `SkillSet_skills` (`SkillSet_id`, `skills`) VALUES ('11017', 'Maven');
INSERT INTO `Mission` (`id`, `companyName`, `shortName`, `role`, `skillSet_id`) VALUES ('11017', 'Qip', 'Untuch', 'PrincipalConsultant', '11017');
INSERT INTO `SkillSet` (`id`) VALUES ('11018');
INSERT INTO `SkillSet_skills` (`SkillSet_id`, `skills`) VALUES ('11018', 'SQL');
INSERT INTO `SkillSet_skills` (`SkillSet_id`, `skills`) VALUES ('11018', 'UnitTesting');
INSERT INTO `SkillSet_skills` (`SkillSet_id`, `skills`) VALUES ('11018', 'UnitTesting');
INSERT INTO `SkillSet_skills` (`SkillSet_id`, `skills`) VALUES ('11018', 'SQL');
INSERT INTO `Mission` (`id`, `companyName`, `shortName`, `role`, `skillSet_id`) VALUES ('11018', 'Atuch', 'Chauthig', 'LeadSoftwareArchitect', '11018');
INSERT INTO `SkillSet` (`id`) VALUES ('11019');
INSERT INTO `SkillSet_skills` (`SkillSet_id`, `skills`) VALUES ('11019', 'UnitTesting');
INSERT INTO `SkillSet_skills` (`SkillSet_id`, `skills`) VALUES ('11019', 'UnitTesting');
INSERT INTO `SkillSet_skills` (`SkillSet_id`, `skills`) VALUES ('11019', 'SQL');
INSERT INTO `SkillSet_skills` (`SkillSet_id`, `skills`) VALUES ('11019', 'Java');
INSERT INTO `SkillSet_skills` (`SkillSet_id`, `skills`) VALUES ('11019', 'Maven');
INSERT INTO `Mission` (`id`, `companyName`, `shortName`, `role`, `skillSet_id`) VALUES ('11019', 'Ap', 'Alough', 'SoftwareEngineer', '11019');
INSERT INTO `SkillSet` (`id`) VALUES ('11020');
INSERT INTO `SkillSet_skills` (`SkillSet_id`, `skills`) VALUES ('11020', 'Ant');
INSERT INTO `SkillSet_skills` (`SkillSet_id`, `skills`) VALUES ('11020', 'UITesting');
INSERT INTO `SkillSet_skills` (`SkillSet_id`, `skills`) VALUES ('11020', 'Java');
INSERT INTO `SkillSet_skills` (`SkillSet_id`, `skills`) VALUES ('11020', 'Maven');
INSERT INTO `SkillSet_skills` (`SkillSet_id`, `skills`) VALUES ('11020', 'Gradle');
INSERT INTO `Mission` (`id`, `companyName`, `shortName`, `role`, `skillSet_id`) VALUES ('11020', 'Ottass', 'Goir', 'LeadSoftwareArchitect', '11020');
INSERT INTO `SkillSet` (`id`) VALUES ('11021');
INSERT INTO `SkillSet_skills` (`SkillSet_id`, `skills`) VALUES ('11021', 'Architektur');
INSERT INTO `SkillSet_skills` (`SkillSet_id`, `skills`) VALUES ('11021', 'Java');
INSERT INTO `SkillSet_skills` (`SkillSet_id`, `skills`) VALUES ('11021', 'dotNet');
INSERT INTO `Mission` (`id`, `companyName`, `shortName`, `role`, `skillSet_id`) VALUES ('11021', 'Evish', 'Ysh', 'LeadEngineer', '11021');
INSERT INTO `SkillSet` (`id`) VALUES ('11022');
INSERT INTO `SkillSet_skills` (`SkillSet_id`, `skills`) VALUES ('11022', 'dotNet');
INSERT INTO `Mission` (`id`, `companyName`, `shortName`, `role`, `skillSet_id`) VALUES ('11022', 'Chapfust', 'Okoip', 'PrincipalConsultant', '11022');
INSERT INTO `SkillSet` (`id`) VALUES ('11023');
INSERT INTO `SkillSet_skills` (`SkillSet_id`, `skills`) VALUES ('11023', 'Ant');
INSERT INTO `SkillSet_skills` (`SkillSet_id`, `skills`) VALUES ('11023', 'Java');
INSERT INTO `SkillSet_skills` (`SkillSet_id`, `skills`) VALUES ('11023', 'UITesting');
INSERT INTO `SkillSet_skills` (`SkillSet_id`, `skills`) VALUES ('11023', 'Gradle');
INSERT INTO `SkillSet_skills` (`SkillSet_id`, `skills`) VALUES ('11023', 'Architektur');
INSERT INTO `Mission` (`id`, `companyName`, `shortName`, `role`, `skillSet_id`) VALUES ('11023', 'Bjint', 'Zoumon', 'SoftwareEngineer', '11023');
INSERT INTO `SkillSet` (`id`) VALUES ('11024');
INSERT INTO `SkillSet_skills` (`SkillSet_id`, `skills`) VALUES ('11024', 'SQL');
INSERT INTO `SkillSet_skills` (`SkillSet_id`, `skills`) VALUES ('11024', 'dotNet');
INSERT INTO `Mission` (`id`, `companyName`, `shortName`, `role`, `skillSet_id`) VALUES ('11024', 'Tjt', 'Ash', 'LeadSoftwareArchitect', '11024');
INSERT INTO `SkillSet` (`id`) VALUES ('11025');
INSERT INTO `SkillSet_skills` (`SkillSet_id`, `skills`) VALUES ('11025', 'Architektur');
INSERT INTO `Mission` (`id`, `companyName`, `shortName`, `role`, `skillSet_id`) VALUES ('11025', 'Cainteh', 'Sjich', 'LeadEngineer', '11025');
INSERT INTO `SkillSet` (`id`) VALUES ('11026');
INSERT INTO `SkillSet_skills` (`SkillSet_id`, `skills`) VALUES ('11026', 'Maven');
INSERT INTO `SkillSet_skills` (`SkillSet_id`, `skills`) VALUES ('11026', 'UnitTesting');
INSERT INTO `SkillSet_skills` (`SkillSet_id`, `skills`) VALUES ('11026', 'Java');
INSERT INTO `SkillSet_skills` (`SkillSet_id`, `skills`) VALUES ('11026', 'Gradle');
INSERT INTO `Mission` (`id`, `companyName`, `shortName`, `role`, `skillSet_id`) VALUES ('11026', 'Jlych', 'Chjz', 'SeniorSoftwareEngineer', '11026');
INSERT INTO `SkillSet` (`id`) VALUES ('11027');
INSERT INTO `SkillSet_skills` (`SkillSet_id`, `skills`) VALUES ('11027', 'Ant');
INSERT INTO `SkillSet_skills` (`SkillSet_id`, `skills`) VALUES ('11027', 'Ant');
INSERT INTO `SkillSet_skills` (`SkillSet_id`, `skills`) VALUES ('11027', 'dotNet');
INSERT INTO `SkillSet_skills` (`SkillSet_id`, `skills`) VALUES ('11027', 'Gradle');
INSERT INTO `SkillSet_skills` (`SkillSet_id`, `skills`) VALUES ('11027', 'Java');
INSERT INTO `Mission` (`id`, `companyName`, `shortName`, `role`, `skillSet_id`) VALUES ('11027', 'Qouthett', 'Jh', 'SoftwareEngineer', '11027');
INSERT INTO `SkillSet` (`id`) VALUES ('11028');
INSERT INTO `SkillSet_skills` (`SkillSet_id`, `skills`) VALUES ('11028', 'Gradle');
INSERT INTO `Mission` (`id`, `companyName`, `shortName`, `role`, `skillSet_id`) VALUES ('11028', 'Lapfeim', 'Blush', 'SoftwareEngineer', '11028');
INSERT INTO `SkillSet` (`id`) VALUES ('11029');
INSERT INTO `SkillSet_skills` (`SkillSet_id`, `skills`) VALUES ('11029', 'UITesting');
INSERT INTO `SkillSet_skills` (`SkillSet_id`, `skills`) VALUES ('11029', 'dotNet');
INSERT INTO `SkillSet_skills` (`SkillSet_id`, `skills`) VALUES ('11029', 'dotNet');
INSERT INTO `SkillSet_skills` (`SkillSet_id`, `skills`) VALUES ('11029', 'Gradle');
INSERT INTO `SkillSet_skills` (`SkillSet_id`, `skills`) VALUES ('11029', 'UnitTesting');
INSERT INTO `Mission` (`id`, `companyName`, `shortName`, `role`, `skillSet_id`) VALUES ('11029', 'Imaim', 'Hush', 'PrincipalConsultant', '11029');
INSERT INTO `SkillSet` (`id`) VALUES ('11030');
INSERT INTO `SkillSet_skills` (`SkillSet_id`, `skills`) VALUES ('11030', 'UITesting');
INSERT INTO `SkillSet_skills` (`SkillSet_id`, `skills`) VALUES ('11030', 'UITesting');
INSERT INTO `Mission` (`id`, `companyName`, `shortName`, `role`, `skillSet_id`) VALUES ('11030', 'Yk', 'Uth', 'PrincipalConsultant', '11030');
INSERT INTO `SkillSet` (`id`) VALUES ('11031');
INSERT INTO `SkillSet_skills` (`SkillSet_id`, `skills`) VALUES ('11031', 'Java');
INSERT INTO `SkillSet_skills` (`SkillSet_id`, `skills`) VALUES ('11031', 'Ant');
INSERT INTO `SkillSet_skills` (`SkillSet_id`, `skills`) VALUES ('11031', 'Ant');
INSERT INTO `SkillSet_skills` (`SkillSet_id`, `skills`) VALUES ('11031', 'Gradle');
INSERT INTO `Mission` (`id`, `companyName`, `shortName`, `role`, `skillSet_id`) VALUES ('11031', 'Uzaiv', 'Ant', 'LeadSoftwareArchitect', '11031');
INSERT INTO `SkillSet` (`id`) VALUES ('11032');
INSERT INTO `SkillSet_skills` (`SkillSet_id`, `skills`) VALUES ('11032', 'Maven');
INSERT INTO `SkillSet_skills` (`SkillSet_id`, `skills`) VALUES ('11032', 'Ant');
INSERT INTO `SkillSet_skills` (`SkillSet_id`, `skills`) VALUES ('11032', 'Ant');
INSERT INTO `SkillSet_skills` (`SkillSet_id`, `skills`) VALUES ('11032', 'dotNet');
INSERT INTO `Mission` (`id`, `companyName`, `shortName`, `role`, `skillSet_id`) VALUES ('11032', 'Zjchoss', 'Aus', 'LeadSoftwareArchitect', '11032');
INSERT INTO `SkillSet` (`id`) VALUES ('11033');
INSERT INTO `SkillSet_skills` (`SkillSet_id`, `skills`) VALUES ('11033', 'UnitTesting');
INSERT INTO `Mission` (`id`, `companyName`, `shortName`, `role`, `skillSet_id`) VALUES ('11033', 'Goosoinn', 'Vootouch', 'SoftwareEngineer', '11033');
INSERT INTO `SkillSet` (`id`) VALUES ('11034');
INSERT INTO `SkillSet_skills` (`SkillSet_id`, `skills`) VALUES ('11034', 'UnitTesting');
INSERT INTO `SkillSet_skills` (`SkillSet_id`, `skills`) VALUES ('11034', 'Architektur');
INSERT INTO `SkillSet_skills` (`SkillSet_id`, `skills`) VALUES ('11034', 'SQL');
INSERT INTO `SkillSet_skills` (`SkillSet_id`, `skills`) VALUES ('11034', 'Maven');
INSERT INTO `SkillSet_skills` (`SkillSet_id`, `skills`) VALUES ('11034', 'Ant');
INSERT INTO `Mission` (`id`, `companyName`, `shortName`, `role`, `skillSet_id`) VALUES ('11034', 'Jf', 'Prjg', 'LeadSoftwareArchitect', '11034');
INSERT INTO `SkillSet` (`id`) VALUES ('11035');
INSERT INTO `SkillSet_skills` (`SkillSet_id`, `skills`) VALUES ('11035', 'UnitTesting');
INSERT INTO `SkillSet_skills` (`SkillSet_id`, `skills`) VALUES ('11035', 'Gradle');
INSERT INTO `SkillSet_skills` (`SkillSet_id`, `skills`) VALUES ('11035', 'Java');
INSERT INTO `Mission` (`id`, `companyName`, `shortName`, `role`, `skillSet_id`) VALUES ('11035', 'Soster', 'Wjikag', 'SeniorSoftwareEngineer', '11035');
INSERT INTO `SkillSet` (`id`) VALUES ('11036');
INSERT INTO `SkillSet_skills` (`SkillSet_id`, `skills`) VALUES ('11036', 'UnitTesting');
INSERT INTO `SkillSet_skills` (`SkillSet_id`, `skills`) VALUES ('11036', 'Java');
INSERT INTO `SkillSet_skills` (`SkillSet_id`, `skills`) VALUES ('11036', 'dotNet');
INSERT INTO `SkillSet_skills` (`SkillSet_id`, `skills`) VALUES ('11036', 'Gradle');
INSERT INTO `Mission` (`id`, `companyName`, `shortName`, `role`, `skillSet_id`) VALUES ('11036', 'Az', 'Xoust', 'LeadSoftwareArchitect', '11036');
INSERT INTO `SkillSet` (`id`) VALUES ('11037');
INSERT INTO `SkillSet_skills` (`SkillSet_id`, `skills`) VALUES ('11037', 'Architektur');
INSERT INTO `Mission` (`id`, `companyName`, `shortName`, `role`, `skillSet_id`) VALUES ('11037', 'Raideih', 'Bljig', 'JuniorSoftwareEngineer', '11037');
INSERT INTO `SkillSet` (`id`) VALUES ('11038');
INSERT INTO `SkillSet_skills` (`SkillSet_id`, `skills`) VALUES ('11038', 'Gradle');
INSERT INTO `SkillSet_skills` (`SkillSet_id`, `skills`) VALUES ('11038', 'UITesting');
INSERT INTO `SkillSet_skills` (`SkillSet_id`, `skills`) VALUES ('11038', 'Java');
INSERT INTO `SkillSet_skills` (`SkillSet_id`, `skills`) VALUES ('11038', 'UnitTesting');
INSERT INTO `Mission` (`id`, `companyName`, `shortName`, `role`, `skillSet_id`) VALUES ('11038', 'Aizum', 'Aichoik', 'PrincipalConsultant', '11038');
INSERT INTO `SkillSet` (`id`) VALUES ('11039');
INSERT INTO `SkillSet_skills` (`SkillSet_id`, `skills`) VALUES ('11039', 'Architektur');
INSERT INTO `SkillSet_skills` (`SkillSet_id`, `skills`) VALUES ('11039', 'Ant');
INSERT INTO `SkillSet_skills` (`SkillSet_id`, `skills`) VALUES ('11039', 'Maven');
INSERT INTO `SkillSet_skills` (`SkillSet_id`, `skills`) VALUES ('11039', 'Architektur');
INSERT INTO `SkillSet_skills` (`SkillSet_id`, `skills`) VALUES ('11039', 'UITesting');
INSERT INTO `Mission` (`id`, `companyName`, `shortName`, `role`, `skillSet_id`) VALUES ('11039', 'Blauhauf', 'Wjireid', 'SoftwareEngineer', '11039');
INSERT INTO `SkillSet` (`id`) VALUES ('11040');
INSERT INTO `SkillSet_skills` (`SkillSet_id`, `skills`) VALUES ('11040', 'Maven');
INSERT INTO `SkillSet_skills` (`SkillSet_id`, `skills`) VALUES ('11040', 'Ant');
INSERT INTO `Mission` (`id`, `companyName`, `shortName`, `role`, `skillSet_id`) VALUES ('11040', 'Astul', 'Vain', 'SoftwareEngineer', '11040');
INSERT INTO `SkillSet` (`id`) VALUES ('11041');
INSERT INTO `SkillSet_skills` (`SkillSet_id`, `skills`) VALUES ('11041', 'Gradle');
INSERT INTO `SkillSet_skills` (`SkillSet_id`, `skills`) VALUES ('11041', 'dotNet');
INSERT INTO `SkillSet_skills` (`SkillSet_id`, `skills`) VALUES ('11041', 'SQL');
INSERT INTO `SkillSet_skills` (`SkillSet_id`, `skills`) VALUES ('11041', 'Architektur');
INSERT INTO `SkillSet_skills` (`SkillSet_id`, `skills`) VALUES ('11041', 'UITesting');
INSERT INTO `Mission` (`id`, `companyName`, `shortName`, `role`, `skillSet_id`) VALUES ('11041', 'Shoithyg', 'Yntjch', 'JuniorSoftwareEngineer', '11041');
INSERT INTO `SkillSet` (`id`) VALUES ('11042');
INSERT INTO `SkillSet_skills` (`SkillSet_id`, `skills`) VALUES ('11042', 'Java');
INSERT INTO `SkillSet_skills` (`SkillSet_id`, `skills`) VALUES ('11042', 'Maven');
INSERT INTO `SkillSet_skills` (`SkillSet_id`, `skills`) VALUES ('11042', 'SQL');
INSERT INTO `Mission` (`id`, `companyName`, `shortName`, `role`, `skillSet_id`) VALUES ('11042', 'Iljz', 'Aulush', 'LeadEngineer', '11042');
INSERT INTO `SkillSet` (`id`) VALUES ('11043');
INSERT INTO `SkillSet_skills` (`SkillSet_id`, `skills`) VALUES ('11043', 'Architektur');
INSERT INTO `SkillSet_skills` (`SkillSet_id`, `skills`) VALUES ('11043', 'UnitTesting');
INSERT INTO `SkillSet_skills` (`SkillSet_id`, `skills`) VALUES ('11043', 'Ant');
INSERT INTO `Mission` (`id`, `companyName`, `shortName`, `role`, `skillSet_id`) VALUES ('11043', 'Lint', 'Eileb', 'PrincipalConsultant', '11043');
INSERT INTO `SkillSet` (`id`) VALUES ('11044');
INSERT INTO `SkillSet_skills` (`SkillSet_id`, `skills`) VALUES ('11044', 'Ant');
INSERT INTO `SkillSet_skills` (`SkillSet_id`, `skills`) VALUES ('11044', 'Gradle');
INSERT INTO `SkillSet_skills` (`SkillSet_id`, `skills`) VALUES ('11044', 'Ant');
INSERT INTO `SkillSet_skills` (`SkillSet_id`, `skills`) VALUES ('11044', 'UnitTesting');
INSERT INTO `Mission` (`id`, `companyName`, `shortName`, `role`, `skillSet_id`) VALUES ('11044', 'Mattouw', 'Aunnath', 'SeniorSoftwareEngineer', '11044');
INSERT INTO `SkillSet` (`id`) VALUES ('11045');
INSERT INTO `SkillSet_skills` (`SkillSet_id`, `skills`) VALUES ('11045', 'Ant');
INSERT INTO `SkillSet_skills` (`SkillSet_id`, `skills`) VALUES ('11045', 'dotNet');
INSERT INTO `SkillSet_skills` (`SkillSet_id`, `skills`) VALUES ('11045', 'UITesting');
INSERT INTO `SkillSet_skills` (`SkillSet_id`, `skills`) VALUES ('11045', 'Ant');
INSERT INTO `Mission` (`id`, `companyName`, `shortName`, `role`, `skillSet_id`) VALUES ('11045', 'Goughoob', 'Jifam', 'LeadSoftwareArchitect', '11045');
INSERT INTO `SkillSet` (`id`) VALUES ('11046');
INSERT INTO `SkillSet_skills` (`SkillSet_id`, `skills`) VALUES ('11046', 'Java');
INSERT INTO `SkillSet_skills` (`SkillSet_id`, `skills`) VALUES ('11046', 'Java');
INSERT INTO `SkillSet_skills` (`SkillSet_id`, `skills`) VALUES ('11046', 'Maven');
INSERT INTO `Mission` (`id`, `companyName`, `shortName`, `role`, `skillSet_id`) VALUES ('11046', 'Weiss', 'Ypail', 'LeadSoftwareArchitect', '11046');
INSERT INTO `SkillSet` (`id`) VALUES ('11047');
INSERT INTO `SkillSet_skills` (`SkillSet_id`, `skills`) VALUES ('11047', 'SQL');
INSERT INTO `SkillSet_skills` (`SkillSet_id`, `skills`) VALUES ('11047', 'Ant');
INSERT INTO `SkillSet_skills` (`SkillSet_id`, `skills`) VALUES ('11047', 'Java');
INSERT INTO `Mission` (`id`, `companyName`, `shortName`, `role`, `skillSet_id`) VALUES ('11047', 'Ryv', 'Entaul', 'PrincipalConsultant', '11047');
INSERT INTO `SkillSet` (`id`) VALUES ('11048');
INSERT INTO `SkillSet_skills` (`SkillSet_id`, `skills`) VALUES ('11048', 'Gradle');
INSERT INTO `SkillSet_skills` (`SkillSet_id`, `skills`) VALUES ('11048', 'UITesting');
INSERT INTO `SkillSet_skills` (`SkillSet_id`, `skills`) VALUES ('11048', 'Ant');
INSERT INTO `SkillSet_skills` (`SkillSet_id`, `skills`) VALUES ('11048', 'Maven');
INSERT INTO `Mission` (`id`, `companyName`, `shortName`, `role`, `skillSet_id`) VALUES ('11048', 'Aumaish', 'Eth', 'SoftwareEngineer', '11048');
INSERT INTO `SkillSet` (`id`) VALUES ('11049');
INSERT INTO `SkillSet_skills` (`SkillSet_id`, `skills`) VALUES ('11049', 'Architektur');
INSERT INTO `SkillSet_skills` (`SkillSet_id`, `skills`) VALUES ('11049', 'Maven');
INSERT INTO `SkillSet_skills` (`SkillSet_id`, `skills`) VALUES ('11049', 'Java');
INSERT INTO `SkillSet_skills` (`SkillSet_id`, `skills`) VALUES ('11049', 'Architektur');
INSERT INTO `SkillSet_skills` (`SkillSet_id`, `skills`) VALUES ('11049', 'Java');
INSERT INTO `Mission` (`id`, `companyName`, `shortName`, `role`, `skillSet_id`) VALUES ('11049', 'Odjv', 'Eissoipf', 'LeadEngineer', '11049');
INSERT INTO `SkillSet` (`id`) VALUES ('11050');
INSERT INTO `SkillSet_skills` (`SkillSet_id`, `skills`) VALUES ('11050', 'Java');
INSERT INTO `SkillSet_skills` (`SkillSet_id`, `skills`) VALUES ('11050', 'dotNet');
INSERT INTO `Mission` (`id`, `companyName`, `shortName`, `role`, `skillSet_id`) VALUES ('11050', 'Qoom', 'Zoir', 'PrincipalConsultant', '11050');
INSERT INTO `SkillSet` (`id`) VALUES ('11051');
INSERT INTO `SkillSet_skills` (`SkillSet_id`, `skills`) VALUES ('11051', 'dotNet');
INSERT INTO `SkillSet_skills` (`SkillSet_id`, `skills`) VALUES ('11051', 'SQL');
INSERT INTO `Mission` (`id`, `companyName`, `shortName`, `role`, `skillSet_id`) VALUES ('11051', 'Xissynt', 'Jtugh', 'LeadEngineer', '11051');
INSERT INTO `SkillSet` (`id`) VALUES ('11052');
INSERT INTO `SkillSet_skills` (`SkillSet_id`, `skills`) VALUES ('11052', 'dotNet');
INSERT INTO `SkillSet_skills` (`SkillSet_id`, `skills`) VALUES ('11052', 'Ant');
INSERT INTO `SkillSet_skills` (`SkillSet_id`, `skills`) VALUES ('11052', 'SQL');
INSERT INTO `Mission` (`id`, `companyName`, `shortName`, `role`, `skillSet_id`) VALUES ('11052', 'Yw', 'Akul', 'SoftwareEngineer', '11052');
INSERT INTO `SkillSet` (`id`) VALUES ('11053');
INSERT INTO `SkillSet_skills` (`SkillSet_id`, `skills`) VALUES ('11053', 'Ant');
INSERT INTO `SkillSet_skills` (`SkillSet_id`, `skills`) VALUES ('11053', 'UnitTesting');
INSERT INTO `Mission` (`id`, `companyName`, `shortName`, `role`, `skillSet_id`) VALUES ('11053', 'Gryssys', 'Int', 'JuniorSoftwareEngineer', '11053');
INSERT INTO `SkillSet` (`id`) VALUES ('11054');
INSERT INTO `SkillSet_skills` (`SkillSet_id`, `skills`) VALUES ('11054', 'SQL');
INSERT INTO `SkillSet_skills` (`SkillSet_id`, `skills`) VALUES ('11054', 'Architektur');
INSERT INTO `SkillSet_skills` (`SkillSet_id`, `skills`) VALUES ('11054', 'dotNet');
INSERT INTO `SkillSet_skills` (`SkillSet_id`, `skills`) VALUES ('11054', 'Java');
INSERT INTO `SkillSet_skills` (`SkillSet_id`, `skills`) VALUES ('11054', 'Maven');
INSERT INTO `Mission` (`id`, `companyName`, `shortName`, `role`, `skillSet_id`) VALUES ('11054', 'Coin', 'Wurok', 'SoftwareEngineer', '11054');
INSERT INTO `SkillSet` (`id`) VALUES ('11055');
INSERT INTO `SkillSet_skills` (`SkillSet_id`, `skills`) VALUES ('11055', 'UnitTesting');
INSERT INTO `Mission` (`id`, `companyName`, `shortName`, `role`, `skillSet_id`) VALUES ('11055', 'Ouked', 'Fljshoush', 'LeadEngineer', '11055');
INSERT INTO `SkillSet` (`id`) VALUES ('11056');
INSERT INTO `SkillSet_skills` (`SkillSet_id`, `skills`) VALUES ('11056', 'UnitTesting');
INSERT INTO `Mission` (`id`, `companyName`, `shortName`, `role`, `skillSet_id`) VALUES ('11056', 'Feithopf', 'Ahen', 'SeniorSoftwareEngineer', '11056');
INSERT INTO `SkillSet` (`id`) VALUES ('11057');
INSERT INTO `SkillSet_skills` (`SkillSet_id`, `skills`) VALUES ('11057', 'UnitTesting');
INSERT INTO `SkillSet_skills` (`SkillSet_id`, `skills`) VALUES ('11057', 'dotNet');
INSERT INTO `SkillSet_skills` (`SkillSet_id`, `skills`) VALUES ('11057', 'SQL');
INSERT INTO `Mission` (`id`, `companyName`, `shortName`, `role`, `skillSet_id`) VALUES ('11057', 'Kloup', 'Voigain', 'LeadSoftwareArchitect', '11057');
INSERT INTO `SkillSet` (`id`) VALUES ('11058');
INSERT INTO `SkillSet_skills` (`SkillSet_id`, `skills`) VALUES ('11058', 'UnitTesting');
INSERT INTO `SkillSet_skills` (`SkillSet_id`, `skills`) VALUES ('11058', 'SQL');
INSERT INTO `SkillSet_skills` (`SkillSet_id`, `skills`) VALUES ('11058', 'Gradle');
INSERT INTO `Mission` (`id`, `companyName`, `shortName`, `role`, `skillSet_id`) VALUES ('11058', 'Klougoop', 'Prouv', 'LeadSoftwareArchitect', '11058');
INSERT INTO `SkillSet` (`id`) VALUES ('11059');
INSERT INTO `SkillSet_skills` (`SkillSet_id`, `skills`) VALUES ('11059', 'Maven');
INSERT INTO `SkillSet_skills` (`SkillSet_id`, `skills`) VALUES ('11059', 'Java');
INSERT INTO `SkillSet_skills` (`SkillSet_id`, `skills`) VALUES ('11059', 'Ant');
INSERT INTO `SkillSet_skills` (`SkillSet_id`, `skills`) VALUES ('11059', 'Java');
INSERT INTO `SkillSet_skills` (`SkillSet_id`, `skills`) VALUES ('11059', 'Java');
INSERT INTO `Mission` (`id`, `companyName`, `shortName`, `role`, `skillSet_id`) VALUES ('11059', 'Ag', 'Laigoitt', 'JuniorSoftwareEngineer', '11059');
INSERT INTO `SkillSet` (`id`) VALUES ('11060');
INSERT INTO `SkillSet_skills` (`SkillSet_id`, `skills`) VALUES ('11060', 'UnitTesting');
INSERT INTO `Mission` (`id`, `companyName`, `shortName`, `role`, `skillSet_id`) VALUES ('11060', 'Awoott', 'Oub', 'JuniorSoftwareEngineer', '11060');
INSERT INTO `SkillSet` (`id`) VALUES ('11061');
INSERT INTO `SkillSet_skills` (`SkillSet_id`, `skills`) VALUES ('11061', 'Architektur');
INSERT INTO `SkillSet_skills` (`SkillSet_id`, `skills`) VALUES ('11061', 'UITesting');
INSERT INTO `SkillSet_skills` (`SkillSet_id`, `skills`) VALUES ('11061', 'Maven');
INSERT INTO `Mission` (`id`, `companyName`, `shortName`, `role`, `skillSet_id`) VALUES ('11061', 'Poghouch', 'Thaichaust', 'SeniorSoftwareEngineer', '11061');
INSERT INTO `SkillSet` (`id`) VALUES ('11062');
INSERT INTO `SkillSet_skills` (`SkillSet_id`, `skills`) VALUES ('11062', 'Ant');
INSERT INTO `SkillSet_skills` (`SkillSet_id`, `skills`) VALUES ('11062', 'UITesting');
INSERT INTO `SkillSet_skills` (`SkillSet_id`, `skills`) VALUES ('11062', 'Java');
INSERT INTO `SkillSet_skills` (`SkillSet_id`, `skills`) VALUES ('11062', 'Architektur');
INSERT INTO `Mission` (`id`, `companyName`, `shortName`, `role`, `skillSet_id`) VALUES ('11062', 'Odeiss', 'Jip', 'LeadSoftwareArchitect', '11062');
INSERT INTO `SkillSet` (`id`) VALUES ('11063');
INSERT INTO `SkillSet_skills` (`SkillSet_id`, `skills`) VALUES ('11063', 'Java');
INSERT INTO `Mission` (`id`, `companyName`, `shortName`, `role`, `skillSet_id`) VALUES ('11063', 'Eil', 'Jn', 'LeadEngineer', '11063');
INSERT INTO `SkillSet` (`id`) VALUES ('11064');
INSERT INTO `SkillSet_skills` (`SkillSet_id`, `skills`) VALUES ('11064', 'Architektur');
INSERT INTO `SkillSet_skills` (`SkillSet_id`, `skills`) VALUES ('11064', 'Java');
INSERT INTO `SkillSet_skills` (`SkillSet_id`, `skills`) VALUES ('11064', 'Maven');
INSERT INTO `Mission` (`id`, `companyName`, `shortName`, `role`, `skillSet_id`) VALUES ('11064', 'Untel', 'Maim', 'SeniorSoftwareEngineer', '11064');
INSERT INTO `SkillSet` (`id`) VALUES ('11065');
INSERT INTO `SkillSet_skills` (`SkillSet_id`, `skills`) VALUES ('11065', 'dotNet');
INSERT INTO `Mission` (`id`, `companyName`, `shortName`, `role`, `skillSet_id`) VALUES ('11065', 'Keir', 'Oin', 'LeadSoftwareArchitect', '11065');
INSERT INTO `SkillSet` (`id`) VALUES ('11066');
INSERT INTO `SkillSet_skills` (`SkillSet_id`, `skills`) VALUES ('11066', 'SQL');
INSERT INTO `SkillSet_skills` (`SkillSet_id`, `skills`) VALUES ('11066', 'Java');
INSERT INTO `SkillSet_skills` (`SkillSet_id`, `skills`) VALUES ('11066', 'Java');
INSERT INTO `SkillSet_skills` (`SkillSet_id`, `skills`) VALUES ('11066', 'Maven');
INSERT INTO `SkillSet_skills` (`SkillSet_id`, `skills`) VALUES ('11066', 'UnitTesting');
INSERT INTO `Mission` (`id`, `companyName`, `shortName`, `role`, `skillSet_id`) VALUES ('11066', 'Xoigost', 'Ilil', 'LeadEngineer', '11066');
INSERT INTO `SkillSet` (`id`) VALUES ('11067');
INSERT INTO `SkillSet_skills` (`SkillSet_id`, `skills`) VALUES ('11067', 'dotNet');
INSERT INTO `Mission` (`id`, `companyName`, `shortName`, `role`, `skillSet_id`) VALUES ('11067', 'Uwytt', 'Thywoib', 'SoftwareEngineer', '11067');
INSERT INTO `SkillSet` (`id`) VALUES ('11068');
INSERT INTO `SkillSet_skills` (`SkillSet_id`, `skills`) VALUES ('11068', 'UnitTesting');
INSERT INTO `SkillSet_skills` (`SkillSet_id`, `skills`) VALUES ('11068', 'Java');
INSERT INTO `SkillSet_skills` (`SkillSet_id`, `skills`) VALUES ('11068', 'Java');
INSERT INTO `SkillSet_skills` (`SkillSet_id`, `skills`) VALUES ('11068', 'Java');
INSERT INTO `SkillSet_skills` (`SkillSet_id`, `skills`) VALUES ('11068', 'UnitTesting');
INSERT INTO `Mission` (`id`, `companyName`, `shortName`, `role`, `skillSet_id`) VALUES ('11068', 'Noib', 'Ash', 'PrincipalConsultant', '11068');
INSERT INTO `SkillSet` (`id`) VALUES ('11069');
INSERT INTO `SkillSet_skills` (`SkillSet_id`, `skills`) VALUES ('11069', 'UITesting');
INSERT INTO `SkillSet_skills` (`SkillSet_id`, `skills`) VALUES ('11069', 'Gradle');
INSERT INTO `Mission` (`id`, `companyName`, `shortName`, `role`, `skillSet_id`) VALUES ('11069', 'Aunn', 'Jston', 'LeadEngineer', '11069');
INSERT INTO `SkillSet` (`id`) VALUES ('11070');
INSERT INTO `SkillSet_skills` (`SkillSet_id`, `skills`) VALUES ('11070', 'Gradle');
INSERT INTO `Mission` (`id`, `companyName`, `shortName`, `role`, `skillSet_id`) VALUES ('11070', 'Xail', 'Aup', 'LeadSoftwareArchitect', '11070');
INSERT INTO `SkillSet` (`id`) VALUES ('11071');
INSERT INTO `SkillSet_skills` (`SkillSet_id`, `skills`) VALUES ('11071', 'Gradle');
INSERT INTO `SkillSet_skills` (`SkillSet_id`, `skills`) VALUES ('11071', 'Ant');
INSERT INTO `SkillSet_skills` (`SkillSet_id`, `skills`) VALUES ('11071', 'Architektur');
INSERT INTO `SkillSet_skills` (`SkillSet_id`, `skills`) VALUES ('11071', 'Maven');
INSERT INTO `SkillSet_skills` (`SkillSet_id`, `skills`) VALUES ('11071', 'dotNet');
INSERT INTO `Mission` (`id`, `companyName`, `shortName`, `role`, `skillSet_id`) VALUES ('11071', 'Oumus', 'Grjgyn', 'LeadSoftwareArchitect', '11071');
INSERT INTO `SkillSet` (`id`) VALUES ('11072');
INSERT INTO `SkillSet_skills` (`SkillSet_id`, `skills`) VALUES ('11072', 'dotNet');
INSERT INTO `SkillSet_skills` (`SkillSet_id`, `skills`) VALUES ('11072', 'UnitTesting');
INSERT INTO `SkillSet_skills` (`SkillSet_id`, `skills`) VALUES ('11072', 'SQL');
INSERT INTO `SkillSet_skills` (`SkillSet_id`, `skills`) VALUES ('11072', 'Ant');
INSERT INTO `SkillSet_skills` (`SkillSet_id`, `skills`) VALUES ('11072', 'Gradle');
INSERT INTO `Mission` (`id`, `companyName`, `shortName`, `role`, `skillSet_id`) VALUES ('11072', 'Ofant', 'Grastjigh', 'SeniorSoftwareEngineer', '11072');
INSERT INTO `SkillSet` (`id`) VALUES ('11073');
INSERT INTO `SkillSet_skills` (`SkillSet_id`, `skills`) VALUES ('11073', 'Ant');
INSERT INTO `SkillSet_skills` (`SkillSet_id`, `skills`) VALUES ('11073', 'Java');
INSERT INTO `SkillSet_skills` (`SkillSet_id`, `skills`) VALUES ('11073', 'SQL');
INSERT INTO `SkillSet_skills` (`SkillSet_id`, `skills`) VALUES ('11073', 'UITesting');
INSERT INTO `Mission` (`id`, `companyName`, `shortName`, `role`, `skillSet_id`) VALUES ('11073', 'Aiwaih', 'Toogair', 'JuniorSoftwareEngineer', '11073');
INSERT INTO `SkillSet` (`id`) VALUES ('11074');
INSERT INTO `SkillSet_skills` (`SkillSet_id`, `skills`) VALUES ('11074', 'UITesting');
INSERT INTO `SkillSet_skills` (`SkillSet_id`, `skills`) VALUES ('11074', 'UnitTesting');
INSERT INTO `SkillSet_skills` (`SkillSet_id`, `skills`) VALUES ('11074', 'UITesting');
INSERT INTO `SkillSet_skills` (`SkillSet_id`, `skills`) VALUES ('11074', 'UITesting');
INSERT INTO `Mission` (`id`, `companyName`, `shortName`, `role`, `skillSet_id`) VALUES ('11074', 'Oir', 'Neitt', 'JuniorSoftwareEngineer', '11074');
INSERT INTO `SkillSet` (`id`) VALUES ('11075');
INSERT INTO `SkillSet_skills` (`SkillSet_id`, `skills`) VALUES ('11075', 'dotNet');
INSERT INTO `SkillSet_skills` (`SkillSet_id`, `skills`) VALUES ('11075', 'dotNet');
INSERT INTO `SkillSet_skills` (`SkillSet_id`, `skills`) VALUES ('11075', 'Java');
INSERT INTO `SkillSet_skills` (`SkillSet_id`, `skills`) VALUES ('11075', 'UITesting');
INSERT INTO `Mission` (`id`, `companyName`, `shortName`, `role`, `skillSet_id`) VALUES ('11075', 'Somoupf', 'Ehytt', 'SoftwareEngineer', '11075');
INSERT INTO `SkillSet` (`id`) VALUES ('11076');
INSERT INTO `SkillSet_skills` (`SkillSet_id`, `skills`) VALUES ('11076', 'Ant');
INSERT INTO `SkillSet_skills` (`SkillSet_id`, `skills`) VALUES ('11076', 'SQL');
INSERT INTO `SkillSet_skills` (`SkillSet_id`, `skills`) VALUES ('11076', 'SQL');
INSERT INTO `SkillSet_skills` (`SkillSet_id`, `skills`) VALUES ('11076', 'SQL');
INSERT INTO `Mission` (`id`, `companyName`, `shortName`, `role`, `skillSet_id`) VALUES ('11076', 'Shouwiss', 'Aib', 'SeniorSoftwareEngineer', '11076');
INSERT INTO `SkillSet` (`id`) VALUES ('11077');
INSERT INTO `SkillSet_skills` (`SkillSet_id`, `skills`) VALUES ('11077', 'Java');
INSERT INTO `SkillSet_skills` (`SkillSet_id`, `skills`) VALUES ('11077', 'Maven');
INSERT INTO `Mission` (`id`, `companyName`, `shortName`, `role`, `skillSet_id`) VALUES ('11077', 'Grjpf', 'Loiwouw', 'SeniorSoftwareEngineer', '11077');
INSERT INTO `SkillSet` (`id`) VALUES ('11078');
INSERT INTO `SkillSet_skills` (`SkillSet_id`, `skills`) VALUES ('11078', 'UITesting');
INSERT INTO `SkillSet_skills` (`SkillSet_id`, `skills`) VALUES ('11078', 'SQL');
INSERT INTO `Mission` (`id`, `companyName`, `shortName`, `role`, `skillSet_id`) VALUES ('11078', 'Fleichint', 'Aust', 'SoftwareEngineer', '11078');
INSERT INTO `SkillSet` (`id`) VALUES ('11079');
INSERT INTO `SkillSet_skills` (`SkillSet_id`, `skills`) VALUES ('11079', 'Maven');
INSERT INTO `SkillSet_skills` (`SkillSet_id`, `skills`) VALUES ('11079', 'UnitTesting');
INSERT INTO `SkillSet_skills` (`SkillSet_id`, `skills`) VALUES ('11079', 'Architektur');
INSERT INTO `SkillSet_skills` (`SkillSet_id`, `skills`) VALUES ('11079', 'SQL');
INSERT INTO `Mission` (`id`, `companyName`, `shortName`, `role`, `skillSet_id`) VALUES ('11079', 'Peik', 'Zair', 'JuniorSoftwareEngineer', '11079');
INSERT INTO `SkillSet` (`id`) VALUES ('11080');
INSERT INTO `SkillSet_skills` (`SkillSet_id`, `skills`) VALUES ('11080', 'Java');
INSERT INTO `SkillSet_skills` (`SkillSet_id`, `skills`) VALUES ('11080', 'UnitTesting');
INSERT INTO `SkillSet_skills` (`SkillSet_id`, `skills`) VALUES ('11080', 'Architektur');
INSERT INTO `SkillSet_skills` (`SkillSet_id`, `skills`) VALUES ('11080', 'Gradle');
INSERT INTO `Mission` (`id`, `companyName`, `shortName`, `role`, `skillSet_id`) VALUES ('11080', 'Ash', 'Houfoinn', 'LeadEngineer', '11080');
INSERT INTO `SkillSet` (`id`) VALUES ('11081');
INSERT INTO `SkillSet_skills` (`SkillSet_id`, `skills`) VALUES ('11081', 'dotNet');
INSERT INTO `SkillSet_skills` (`SkillSet_id`, `skills`) VALUES ('11081', 'SQL');
INSERT INTO `Mission` (`id`, `companyName`, `shortName`, `role`, `skillSet_id`) VALUES ('11081', 'Yst', 'Oop', 'LeadEngineer', '11081');
INSERT INTO `SkillSet` (`id`) VALUES ('11082');
INSERT INTO `SkillSet_skills` (`SkillSet_id`, `skills`) VALUES ('11082', 'SQL');
INSERT INTO `SkillSet_skills` (`SkillSet_id`, `skills`) VALUES ('11082', 'SQL');
INSERT INTO `SkillSet_skills` (`SkillSet_id`, `skills`) VALUES ('11082', 'UnitTesting');
INSERT INTO `Mission` (`id`, `companyName`, `shortName`, `role`, `skillSet_id`) VALUES ('11082', 'Al', 'Aikach', 'LeadEngineer', '11082');
INSERT INTO `SkillSet` (`id`) VALUES ('11083');
INSERT INTO `SkillSet_skills` (`SkillSet_id`, `skills`) VALUES ('11083', 'Architektur');
INSERT INTO `Mission` (`id`, `companyName`, `shortName`, `role`, `skillSet_id`) VALUES ('11083', 'Glast', 'Cuw', 'SoftwareEngineer', '11083');
INSERT INTO `SkillSet` (`id`) VALUES ('11084');
INSERT INTO `SkillSet_skills` (`SkillSet_id`, `skills`) VALUES ('11084', 'Gradle');
INSERT INTO `SkillSet_skills` (`SkillSet_id`, `skills`) VALUES ('11084', 'Java');
INSERT INTO `SkillSet_skills` (`SkillSet_id`, `skills`) VALUES ('11084', 'UnitTesting');
INSERT INTO `Mission` (`id`, `companyName`, `shortName`, `role`, `skillSet_id`) VALUES ('11084', 'Ostoib', 'Qoiraut', 'SeniorSoftwareEngineer', '11084');
INSERT INTO `SkillSet` (`id`) VALUES ('11085');
INSERT INTO `SkillSet_skills` (`SkillSet_id`, `skills`) VALUES ('11085', 'SQL');
INSERT INTO `SkillSet_skills` (`SkillSet_id`, `skills`) VALUES ('11085', 'Ant');
INSERT INTO `Mission` (`id`, `companyName`, `shortName`, `role`, `skillSet_id`) VALUES ('11085', 'Uh', 'Bepf', 'PrincipalConsultant', '11085');
INSERT INTO `SkillSet` (`id`) VALUES ('11086');
INSERT INTO `SkillSet_skills` (`SkillSet_id`, `skills`) VALUES ('11086', 'dotNet');
INSERT INTO `Mission` (`id`, `companyName`, `shortName`, `role`, `skillSet_id`) VALUES ('11086', 'Ol', 'Xumoogh', 'LeadSoftwareArchitect', '11086');
INSERT INTO `SkillSet` (`id`) VALUES ('11087');
INSERT INTO `SkillSet_skills` (`SkillSet_id`, `skills`) VALUES ('11087', 'UITesting');
INSERT INTO `SkillSet_skills` (`SkillSet_id`, `skills`) VALUES ('11087', 'Gradle');
INSERT INTO `Mission` (`id`, `companyName`, `shortName`, `role`, `skillSet_id`) VALUES ('11087', 'Gjh', 'Iz', 'SeniorSoftwareEngineer', '11087');
INSERT INTO `SkillSet` (`id`) VALUES ('11088');
INSERT INTO `SkillSet_skills` (`SkillSet_id`, `skills`) VALUES ('11088', 'Gradle');
INSERT INTO `SkillSet_skills` (`SkillSet_id`, `skills`) VALUES ('11088', 'Gradle');
INSERT INTO `SkillSet_skills` (`SkillSet_id`, `skills`) VALUES ('11088', 'Maven');
INSERT INTO `Mission` (`id`, `companyName`, `shortName`, `role`, `skillSet_id`) VALUES ('11088', 'Eidoib', 'Jv', 'SoftwareEngineer', '11088');
INSERT INTO `SkillSet` (`id`) VALUES ('11089');
INSERT INTO `SkillSet_skills` (`SkillSet_id`, `skills`) VALUES ('11089', 'SQL');
INSERT INTO `SkillSet_skills` (`SkillSet_id`, `skills`) VALUES ('11089', 'Maven');
INSERT INTO `SkillSet_skills` (`SkillSet_id`, `skills`) VALUES ('11089', 'Java');
INSERT INTO `SkillSet_skills` (`SkillSet_id`, `skills`) VALUES ('11089', 'SQL');
INSERT INTO `Mission` (`id`, `companyName`, `shortName`, `role`, `skillSet_id`) VALUES ('11089', 'Shjig', 'Klailuz', 'LeadSoftwareArchitect', '11089');
INSERT INTO `SkillSet` (`id`) VALUES ('11090');
INSERT INTO `SkillSet_skills` (`SkillSet_id`, `skills`) VALUES ('11090', 'UITesting');
INSERT INTO `SkillSet_skills` (`SkillSet_id`, `skills`) VALUES ('11090', 'UnitTesting');
INSERT INTO `SkillSet_skills` (`SkillSet_id`, `skills`) VALUES ('11090', 'UITesting');
INSERT INTO `SkillSet_skills` (`SkillSet_id`, `skills`) VALUES ('11090', 'Ant');
INSERT INTO `SkillSet_skills` (`SkillSet_id`, `skills`) VALUES ('11090', 'dotNet');
INSERT INTO `Mission` (`id`, `companyName`, `shortName`, `role`, `skillSet_id`) VALUES ('11090', 'Ussaigh', 'Unnunn', 'PrincipalConsultant', '11090');
INSERT INTO `SkillSet` (`id`) VALUES ('11091');
INSERT INTO `SkillSet_skills` (`SkillSet_id`, `skills`) VALUES ('11091', 'UITesting');
INSERT INTO `SkillSet_skills` (`SkillSet_id`, `skills`) VALUES ('11091', 'dotNet');
INSERT INTO `SkillSet_skills` (`SkillSet_id`, `skills`) VALUES ('11091', 'Gradle');
INSERT INTO `Mission` (`id`, `companyName`, `shortName`, `role`, `skillSet_id`) VALUES ('11091', 'Hooh', 'Jist', 'SeniorSoftwareEngineer', '11091');
INSERT INTO `SkillSet` (`id`) VALUES ('11092');
INSERT INTO `SkillSet_skills` (`SkillSet_id`, `skills`) VALUES ('11092', 'Gradle');
INSERT INTO `SkillSet_skills` (`SkillSet_id`, `skills`) VALUES ('11092', 'UnitTesting');
INSERT INTO `SkillSet_skills` (`SkillSet_id`, `skills`) VALUES ('11092', 'SQL');
INSERT INTO `Mission` (`id`, `companyName`, `shortName`, `role`, `skillSet_id`) VALUES ('11092', 'Prouz', 'Breibeiss', 'PrincipalConsultant', '11092');
INSERT INTO `SkillSet` (`id`) VALUES ('11093');
INSERT INTO `SkillSet_skills` (`SkillSet_id`, `skills`) VALUES ('11093', 'Architektur');
INSERT INTO `SkillSet_skills` (`SkillSet_id`, `skills`) VALUES ('11093', 'Ant');
INSERT INTO `Mission` (`id`, `companyName`, `shortName`, `role`, `skillSet_id`) VALUES ('11093', 'Oidoont', 'Shoich', 'PrincipalConsultant', '11093');
INSERT INTO `SkillSet` (`id`) VALUES ('11094');
INSERT INTO `SkillSet_skills` (`SkillSet_id`, `skills`) VALUES ('11094', 'Maven');
INSERT INTO `SkillSet_skills` (`SkillSet_id`, `skills`) VALUES ('11094', 'Maven');
INSERT INTO `Mission` (`id`, `companyName`, `shortName`, `role`, `skillSet_id`) VALUES ('11094', 'Ouw', 'Louk', 'SeniorSoftwareEngineer', '11094');
INSERT INTO `SkillSet` (`id`) VALUES ('11095');
INSERT INTO `SkillSet_skills` (`SkillSet_id`, `skills`) VALUES ('11095', 'UITesting');
INSERT INTO `Mission` (`id`, `companyName`, `shortName`, `role`, `skillSet_id`) VALUES ('11095', 'Pylainn', 'Otoov', 'LeadEngineer', '11095');
INSERT INTO `SkillSet` (`id`) VALUES ('11096');
INSERT INTO `SkillSet_skills` (`SkillSet_id`, `skills`) VALUES ('11096', 'Gradle');
INSERT INTO `SkillSet_skills` (`SkillSet_id`, `skills`) VALUES ('11096', 'Architektur');
INSERT INTO `Mission` (`id`, `companyName`, `shortName`, `role`, `skillSet_id`) VALUES ('11096', 'Eghaint', 'Loott', 'JuniorSoftwareEngineer', '11096');
INSERT INTO `SkillSet` (`id`) VALUES ('11097');
INSERT INTO `SkillSet_skills` (`SkillSet_id`, `skills`) VALUES ('11097', 'Java');
INSERT INTO `SkillSet_skills` (`SkillSet_id`, `skills`) VALUES ('11097', 'SQL');
INSERT INTO `SkillSet_skills` (`SkillSet_id`, `skills`) VALUES ('11097', 'Maven');
INSERT INTO `SkillSet_skills` (`SkillSet_id`, `skills`) VALUES ('11097', 'Ant');
INSERT INTO `Mission` (`id`, `companyName`, `shortName`, `role`, `skillSet_id`) VALUES ('11097', 'Vaih', 'Xef', 'LeadSoftwareArchitect', '11097');
INSERT INTO `SkillSet` (`id`) VALUES ('11098');
INSERT INTO `SkillSet_skills` (`SkillSet_id`, `skills`) VALUES ('11098', 'Architektur');
INSERT INTO `SkillSet_skills` (`SkillSet_id`, `skills`) VALUES ('11098', 'Ant');
INSERT INTO `SkillSet_skills` (`SkillSet_id`, `skills`) VALUES ('11098', 'Java');
INSERT INTO `SkillSet_skills` (`SkillSet_id`, `skills`) VALUES ('11098', 'SQL');
INSERT INTO `Mission` (`id`, `companyName`, `shortName`, `role`, `skillSet_id`) VALUES ('11098', 'Neigaist', 'Jn', 'JuniorSoftwareEngineer', '11098');
INSERT INTO `SkillSet` (`id`) VALUES ('11099');
INSERT INTO `SkillSet_skills` (`SkillSet_id`, `skills`) VALUES ('11099', 'Gradle');
INSERT INTO `SkillSet_skills` (`SkillSet_id`, `skills`) VALUES ('11099', 'UITesting');
INSERT INTO `SkillSet_skills` (`SkillSet_id`, `skills`) VALUES ('11099', 'UITesting');
INSERT INTO `SkillSet_skills` (`SkillSet_id`, `skills`) VALUES ('11099', 'Maven');
INSERT INTO `Mission` (`id`, `companyName`, `shortName`, `role`, `skillSet_id`) VALUES ('11099', 'Jinnass', 'Grust', 'LeadEngineer', '11099');
INSERT INTO `SkillSet` (`id`) VALUES ('11100');
INSERT INTO `SkillSet_skills` (`SkillSet_id`, `skills`) VALUES ('11100', 'UnitTesting');
INSERT INTO `SkillSet_skills` (`SkillSet_id`, `skills`) VALUES ('11100', 'dotNet');
INSERT INTO `Mission` (`id`, `companyName`, `shortName`, `role`, `skillSet_id`) VALUES ('11100', 'Utoss', 'Oonnugh', 'LeadEngineer', '11100');
INSERT INTO `SkillSet` (`id`) VALUES ('11101');
INSERT INTO `SkillSet_skills` (`SkillSet_id`, `skills`) VALUES ('11101', 'UnitTesting');
INSERT INTO `Mission` (`id`, `companyName`, `shortName`, `role`, `skillSet_id`) VALUES ('11101', 'Ois', 'Eib', 'SoftwareEngineer', '11101');
INSERT INTO `SkillSet` (`id`) VALUES ('11102');
INSERT INTO `SkillSet_skills` (`SkillSet_id`, `skills`) VALUES ('11102', 'Gradle');
INSERT INTO `Mission` (`id`, `companyName`, `shortName`, `role`, `skillSet_id`) VALUES ('11102', 'Ak', 'Yloiz', 'JuniorSoftwareEngineer', '11102');
INSERT INTO `SkillSet` (`id`) VALUES ('11103');
INSERT INTO `SkillSet_skills` (`SkillSet_id`, `skills`) VALUES ('11103', 'Maven');
INSERT INTO `Mission` (`id`, `companyName`, `shortName`, `role`, `skillSet_id`) VALUES ('11103', 'Jr', 'Stjg', 'JuniorSoftwareEngineer', '11103');
INSERT INTO `SkillSet` (`id`) VALUES ('11104');
INSERT INTO `SkillSet_skills` (`SkillSet_id`, `skills`) VALUES ('11104', 'dotNet');
INSERT INTO `SkillSet_skills` (`SkillSet_id`, `skills`) VALUES ('11104', 'dotNet');
INSERT INTO `SkillSet_skills` (`SkillSet_id`, `skills`) VALUES ('11104', 'SQL');
INSERT INTO `SkillSet_skills` (`SkillSet_id`, `skills`) VALUES ('11104', 'Java');
INSERT INTO `SkillSet_skills` (`SkillSet_id`, `skills`) VALUES ('11104', 'Gradle');
INSERT INTO `Mission` (`id`, `companyName`, `shortName`, `role`, `skillSet_id`) VALUES ('11104', 'Thouchjif', 'Gleinnjnn', 'SoftwareEngineer', '11104');
INSERT INTO `SkillSet` (`id`) VALUES ('11105');
INSERT INTO `SkillSet_skills` (`SkillSet_id`, `skills`) VALUES ('11105', 'SQL');
INSERT INTO `Mission` (`id`, `companyName`, `shortName`, `role`, `skillSet_id`) VALUES ('11105', 'Alouh', 'Wousoik', 'JuniorSoftwareEngineer', '11105');
INSERT INTO `SkillSet` (`id`) VALUES ('11106');
INSERT INTO `SkillSet_skills` (`SkillSet_id`, `skills`) VALUES ('11106', 'Gradle');
INSERT INTO `SkillSet_skills` (`SkillSet_id`, `skills`) VALUES ('11106', 'UITesting');
INSERT INTO `Mission` (`id`, `companyName`, `shortName`, `role`, `skillSet_id`) VALUES ('11106', 'Ush', 'Rodjith', 'SoftwareEngineer', '11106');
INSERT INTO `SkillSet` (`id`) VALUES ('11107');
INSERT INTO `SkillSet_skills` (`SkillSet_id`, `skills`) VALUES ('11107', 'SQL');
INSERT INTO `Mission` (`id`, `companyName`, `shortName`, `role`, `skillSet_id`) VALUES ('11107', 'Hesyh', 'Xoopf', 'JuniorSoftwareEngineer', '11107');
INSERT INTO `SkillSet` (`id`) VALUES ('11108');
INSERT INTO `SkillSet_skills` (`SkillSet_id`, `skills`) VALUES ('11108', 'Java');
INSERT INTO `SkillSet_skills` (`SkillSet_id`, `skills`) VALUES ('11108', 'Gradle');
INSERT INTO `SkillSet_skills` (`SkillSet_id`, `skills`) VALUES ('11108', 'Architektur');
INSERT INTO `SkillSet_skills` (`SkillSet_id`, `skills`) VALUES ('11108', 'Gradle');
INSERT INTO `Mission` (`id`, `companyName`, `shortName`, `role`, `skillSet_id`) VALUES ('11108', 'Aivoint', 'Foikeish', 'SeniorSoftwareEngineer', '11108');
INSERT INTO `SkillSet` (`id`) VALUES ('11109');
INSERT INTO `SkillSet_skills` (`SkillSet_id`, `skills`) VALUES ('11109', 'Maven');
INSERT INTO `SkillSet_skills` (`SkillSet_id`, `skills`) VALUES ('11109', 'Architektur');
INSERT INTO `SkillSet_skills` (`SkillSet_id`, `skills`) VALUES ('11109', 'Java');
INSERT INTO `SkillSet_skills` (`SkillSet_id`, `skills`) VALUES ('11109', 'Architektur');
INSERT INTO `Mission` (`id`, `companyName`, `shortName`, `role`, `skillSet_id`) VALUES ('11109', 'Chon', 'Eryz', 'JuniorSoftwareEngineer', '11109');
INSERT INTO `SkillSet` (`id`) VALUES ('11110');
INSERT INTO `SkillSet_skills` (`SkillSet_id`, `skills`) VALUES ('11110', 'SQL');
INSERT INTO `SkillSet_skills` (`SkillSet_id`, `skills`) VALUES ('11110', 'Maven');
INSERT INTO `SkillSet_skills` (`SkillSet_id`, `skills`) VALUES ('11110', 'UnitTesting');
INSERT INTO `SkillSet_skills` (`SkillSet_id`, `skills`) VALUES ('11110', 'Ant');
INSERT INTO `Mission` (`id`, `companyName`, `shortName`, `role`, `skillSet_id`) VALUES ('11110', 'Eiw', 'Aljit', 'JuniorSoftwareEngineer', '11110');
INSERT INTO `SkillSet` (`id`) VALUES ('11111');
INSERT INTO `SkillSet_skills` (`SkillSet_id`, `skills`) VALUES ('11111', 'Architektur');
INSERT INTO `Mission` (`id`, `companyName`, `shortName`, `role`, `skillSet_id`) VALUES ('11111', 'Eimeich', 'Authjiz', 'JuniorSoftwareEngineer', '11111');
INSERT INTO `SkillSet` (`id`) VALUES ('11112');
INSERT INTO `SkillSet_skills` (`SkillSet_id`, `skills`) VALUES ('11112', 'dotNet');
INSERT INTO `SkillSet_skills` (`SkillSet_id`, `skills`) VALUES ('11112', 'SQL');
INSERT INTO `SkillSet_skills` (`SkillSet_id`, `skills`) VALUES ('11112', 'Java');
INSERT INTO `SkillSet_skills` (`SkillSet_id`, `skills`) VALUES ('11112', 'Java');
INSERT INTO `SkillSet_skills` (`SkillSet_id`, `skills`) VALUES ('11112', 'dotNet');
INSERT INTO `Mission` (`id`, `companyName`, `shortName`, `role`, `skillSet_id`) VALUES ('11112', 'Yl', 'Thoog', 'PrincipalConsultant', '11112');
INSERT INTO `SkillSet` (`id`) VALUES ('11113');
INSERT INTO `SkillSet_skills` (`SkillSet_id`, `skills`) VALUES ('11113', 'Gradle');
INSERT INTO `SkillSet_skills` (`SkillSet_id`, `skills`) VALUES ('11113', 'Ant');
INSERT INTO `Mission` (`id`, `companyName`, `shortName`, `role`, `skillSet_id`) VALUES ('11113', 'Ysh', 'Thjifagh', 'SoftwareEngineer', '11113');
INSERT INTO `SkillSet` (`id`) VALUES ('11114');
INSERT INTO `SkillSet_skills` (`SkillSet_id`, `skills`) VALUES ('11114', 'Maven');
INSERT INTO `SkillSet_skills` (`SkillSet_id`, `skills`) VALUES ('11114', 'Ant');
INSERT INTO `Mission` (`id`, `companyName`, `shortName`, `role`, `skillSet_id`) VALUES ('11114', 'Vykjig', 'Aipfjid', 'LeadSoftwareArchitect', '11114');
INSERT INTO `SkillSet` (`id`) VALUES ('11115');
INSERT INTO `SkillSet_skills` (`SkillSet_id`, `skills`) VALUES ('11115', 'Architektur');
INSERT INTO `Mission` (`id`, `companyName`, `shortName`, `role`, `skillSet_id`) VALUES ('11115', 'Aitt', 'Mauk', 'LeadSoftwareArchitect', '11115');
INSERT INTO `SkillSet` (`id`) VALUES ('11116');
INSERT INTO `SkillSet_skills` (`SkillSet_id`, `skills`) VALUES ('11116', 'dotNet');
INSERT INTO `SkillSet_skills` (`SkillSet_id`, `skills`) VALUES ('11116', 'SQL');
INSERT INTO `SkillSet_skills` (`SkillSet_id`, `skills`) VALUES ('11116', 'SQL');
INSERT INTO `SkillSet_skills` (`SkillSet_id`, `skills`) VALUES ('11116', 'Architektur');
INSERT INTO `SkillSet_skills` (`SkillSet_id`, `skills`) VALUES ('11116', 'Gradle');
INSERT INTO `Mission` (`id`, `companyName`, `shortName`, `role`, `skillSet_id`) VALUES ('11116', 'Hethopf', 'Fev', 'PrincipalConsultant', '11116');
INSERT INTO `SkillSet` (`id`) VALUES ('11117');
INSERT INTO `SkillSet_skills` (`SkillSet_id`, `skills`) VALUES ('11117', 'UITesting');
INSERT INTO `SkillSet_skills` (`SkillSet_id`, `skills`) VALUES ('11117', 'SQL');
INSERT INTO `Mission` (`id`, `companyName`, `shortName`, `role`, `skillSet_id`) VALUES ('11117', 'Kann', 'Sentjb', 'LeadSoftwareArchitect', '11117');
INSERT INTO `SkillSet` (`id`) VALUES ('11118');
INSERT INTO `SkillSet_skills` (`SkillSet_id`, `skills`) VALUES ('11118', 'UnitTesting');
INSERT INTO `Mission` (`id`, `companyName`, `shortName`, `role`, `skillSet_id`) VALUES ('11118', 'Bleheich', 'Zeih', 'JuniorSoftwareEngineer', '11118');
INSERT INTO `SkillSet` (`id`) VALUES ('11119');
INSERT INTO `SkillSet_skills` (`SkillSet_id`, `skills`) VALUES ('11119', 'Maven');
INSERT INTO `SkillSet_skills` (`SkillSet_id`, `skills`) VALUES ('11119', 'Maven');
INSERT INTO `SkillSet_skills` (`SkillSet_id`, `skills`) VALUES ('11119', 'Ant');
INSERT INTO `SkillSet_skills` (`SkillSet_id`, `skills`) VALUES ('11119', 'Ant');
INSERT INTO `SkillSet_skills` (`SkillSet_id`, `skills`) VALUES ('11119', 'Maven');
INSERT INTO `Mission` (`id`, `companyName`, `shortName`, `role`, `skillSet_id`) VALUES ('11119', 'Oostis', 'Oob', 'LeadEngineer', '11119');
INSERT INTO `SkillSet` (`id`) VALUES ('11120');
INSERT INTO `SkillSet_skills` (`SkillSet_id`, `skills`) VALUES ('11120', 'UnitTesting');
INSERT INTO `SkillSet_skills` (`SkillSet_id`, `skills`) VALUES ('11120', 'dotNet');
INSERT INTO `Mission` (`id`, `companyName`, `shortName`, `role`, `skillSet_id`) VALUES ('11120', 'Eim', 'Foiwaist', 'SeniorSoftwareEngineer', '11120');
INSERT INTO `SkillSet` (`id`) VALUES ('11121');
INSERT INTO `SkillSet_skills` (`SkillSet_id`, `skills`) VALUES ('11121', 'Gradle');
INSERT INTO `SkillSet_skills` (`SkillSet_id`, `skills`) VALUES ('11121', 'Ant');
INSERT INTO `SkillSet_skills` (`SkillSet_id`, `skills`) VALUES ('11121', 'Gradle');
INSERT INTO `SkillSet_skills` (`SkillSet_id`, `skills`) VALUES ('11121', 'Maven');
INSERT INTO `Mission` (`id`, `companyName`, `shortName`, `role`, `skillSet_id`) VALUES ('11121', 'Taw', 'Coutt', 'LeadEngineer', '11121');
INSERT INTO `SkillSet` (`id`) VALUES ('11122');
INSERT INTO `SkillSet_skills` (`SkillSet_id`, `skills`) VALUES ('11122', 'Architektur');
INSERT INTO `Mission` (`id`, `companyName`, `shortName`, `role`, `skillSet_id`) VALUES ('11122', 'Deinnook', 'Lil', 'SoftwareEngineer', '11122');
INSERT INTO `SkillSet` (`id`) VALUES ('11123');
INSERT INTO `SkillSet_skills` (`SkillSet_id`, `skills`) VALUES ('11123', 'dotNet');
INSERT INTO `SkillSet_skills` (`SkillSet_id`, `skills`) VALUES ('11123', 'SQL');
INSERT INTO `SkillSet_skills` (`SkillSet_id`, `skills`) VALUES ('11123', 'Ant');
INSERT INTO `Mission` (`id`, `companyName`, `shortName`, `role`, `skillSet_id`) VALUES ('11123', 'Coow', 'Ootav', 'SoftwareEngineer', '11123');
INSERT INTO `SkillSet` (`id`) VALUES ('11124');
INSERT INTO `SkillSet_skills` (`SkillSet_id`, `skills`) VALUES ('11124', 'dotNet');
INSERT INTO `SkillSet_skills` (`SkillSet_id`, `skills`) VALUES ('11124', 'Maven');
INSERT INTO `SkillSet_skills` (`SkillSet_id`, `skills`) VALUES ('11124', 'Architektur');
INSERT INTO `SkillSet_skills` (`SkillSet_id`, `skills`) VALUES ('11124', 'Java');
INSERT INTO `Mission` (`id`, `companyName`, `shortName`, `role`, `skillSet_id`) VALUES ('11124', 'Demaid', 'Mounood', 'LeadSoftwareArchitect', '11124');
INSERT INTO `SkillSet` (`id`) VALUES ('11125');
INSERT INTO `SkillSet_skills` (`SkillSet_id`, `skills`) VALUES ('11125', 'dotNet');
INSERT INTO `SkillSet_skills` (`SkillSet_id`, `skills`) VALUES ('11125', 'Java');
INSERT INTO `SkillSet_skills` (`SkillSet_id`, `skills`) VALUES ('11125', 'SQL');
INSERT INTO `Mission` (`id`, `companyName`, `shortName`, `role`, `skillSet_id`) VALUES ('11125', 'Aigyd', 'Mjimun', 'SeniorSoftwareEngineer', '11125');
INSERT INTO `SkillSet` (`id`) VALUES ('11126');
INSERT INTO `SkillSet_skills` (`SkillSet_id`, `skills`) VALUES ('11126', 'UITesting');
INSERT INTO `SkillSet_skills` (`SkillSet_id`, `skills`) VALUES ('11126', 'Ant');
INSERT INTO `SkillSet_skills` (`SkillSet_id`, `skills`) VALUES ('11126', 'UITesting');
INSERT INTO `Mission` (`id`, `companyName`, `shortName`, `role`, `skillSet_id`) VALUES ('11126', 'Aur', 'Aittjitt', 'LeadEngineer', '11126');
INSERT INTO `SkillSet` (`id`) VALUES ('11127');
INSERT INTO `SkillSet_skills` (`SkillSet_id`, `skills`) VALUES ('11127', 'SQL');
INSERT INTO `SkillSet_skills` (`SkillSet_id`, `skills`) VALUES ('11127', 'SQL');
INSERT INTO `SkillSet_skills` (`SkillSet_id`, `skills`) VALUES ('11127', 'Gradle');
INSERT INTO `Mission` (`id`, `companyName`, `shortName`, `role`, `skillSet_id`) VALUES ('11127', 'Oow', 'Oopyd', 'JuniorSoftwareEngineer', '11127');
INSERT INTO `SkillSet` (`id`) VALUES ('11128');
INSERT INTO `SkillSet_skills` (`SkillSet_id`, `skills`) VALUES ('11128', 'Gradle');
INSERT INTO `SkillSet_skills` (`SkillSet_id`, `skills`) VALUES ('11128', 'dotNet');
INSERT INTO `SkillSet_skills` (`SkillSet_id`, `skills`) VALUES ('11128', 'dotNet');
INSERT INTO `Mission` (`id`, `companyName`, `shortName`, `role`, `skillSet_id`) VALUES ('11128', 'Ab', 'Usoir', 'PrincipalConsultant', '11128');
INSERT INTO `SkillSet` (`id`) VALUES ('11129');
INSERT INTO `SkillSet_skills` (`SkillSet_id`, `skills`) VALUES ('11129', 'Architektur');
INSERT INTO `SkillSet_skills` (`SkillSet_id`, `skills`) VALUES ('11129', 'UITesting');
INSERT INTO `SkillSet_skills` (`SkillSet_id`, `skills`) VALUES ('11129', 'Gradle');
INSERT INTO `SkillSet_skills` (`SkillSet_id`, `skills`) VALUES ('11129', 'UITesting');
INSERT INTO `Mission` (`id`, `companyName`, `shortName`, `role`, `skillSet_id`) VALUES ('11129', 'Brot', 'Rautt', 'SeniorSoftwareEngineer', '11129');
INSERT INTO `SkillSet` (`id`) VALUES ('11130');
INSERT INTO `SkillSet_skills` (`SkillSet_id`, `skills`) VALUES ('11130', 'Architektur');
INSERT INTO `SkillSet_skills` (`SkillSet_id`, `skills`) VALUES ('11130', 'Architektur');
INSERT INTO `SkillSet_skills` (`SkillSet_id`, `skills`) VALUES ('11130', 'dotNet');
INSERT INTO `Mission` (`id`, `companyName`, `shortName`, `role`, `skillSet_id`) VALUES ('11130', 'Blevup', 'Sennaik', 'SeniorSoftwareEngineer', '11130');
INSERT INTO `SkillSet` (`id`) VALUES ('11131');
INSERT INTO `SkillSet_skills` (`SkillSet_id`, `skills`) VALUES ('11131', 'Java');
INSERT INTO `SkillSet_skills` (`SkillSet_id`, `skills`) VALUES ('11131', 'Java');
INSERT INTO `Mission` (`id`, `companyName`, `shortName`, `role`, `skillSet_id`) VALUES ('11131', 'Chjghop', 'Routhoid', 'SoftwareEngineer', '11131');
INSERT INTO `SkillSet` (`id`) VALUES ('11132');
INSERT INTO `SkillSet_skills` (`SkillSet_id`, `skills`) VALUES ('11132', 'Gradle');
INSERT INTO `SkillSet_skills` (`SkillSet_id`, `skills`) VALUES ('11132', 'Maven');
INSERT INTO `SkillSet_skills` (`SkillSet_id`, `skills`) VALUES ('11132', 'SQL');
INSERT INTO `SkillSet_skills` (`SkillSet_id`, `skills`) VALUES ('11132', 'SQL');
INSERT INTO `Mission` (`id`, `companyName`, `shortName`, `role`, `skillSet_id`) VALUES ('11132', 'Wyshonn', 'Pel', 'PrincipalConsultant', '11132');
INSERT INTO `SkillSet` (`id`) VALUES ('11133');
INSERT INTO `SkillSet_skills` (`SkillSet_id`, `skills`) VALUES ('11133', 'dotNet');
INSERT INTO `Mission` (`id`, `companyName`, `shortName`, `role`, `skillSet_id`) VALUES ('11133', 'Ooshjp', 'Negh', 'LeadEngineer', '11133');
INSERT INTO `SkillSet` (`id`) VALUES ('11134');
INSERT INTO `SkillSet_skills` (`SkillSet_id`, `skills`) VALUES ('11134', 'Java');
INSERT INTO `SkillSet_skills` (`SkillSet_id`, `skills`) VALUES ('11134', 'dotNet');
INSERT INTO `SkillSet_skills` (`SkillSet_id`, `skills`) VALUES ('11134', 'Architektur');
INSERT INTO `Mission` (`id`, `companyName`, `shortName`, `role`, `skillSet_id`) VALUES ('11134', 'Oov', 'Wat', 'LeadEngineer', '11134');
INSERT INTO `SkillSet` (`id`) VALUES ('11135');
INSERT INTO `SkillSet_skills` (`SkillSet_id`, `skills`) VALUES ('11135', 'dotNet');
INSERT INTO `SkillSet_skills` (`SkillSet_id`, `skills`) VALUES ('11135', 'Architektur');
INSERT INTO `SkillSet_skills` (`SkillSet_id`, `skills`) VALUES ('11135', 'Java');
INSERT INTO `Mission` (`id`, `companyName`, `shortName`, `role`, `skillSet_id`) VALUES ('11135', 'Uz', 'Blouf', 'LeadSoftwareArchitect', '11135');
INSERT INTO `SkillSet` (`id`) VALUES ('11136');
INSERT INTO `SkillSet_skills` (`SkillSet_id`, `skills`) VALUES ('11136', 'dotNet');
INSERT INTO `SkillSet_skills` (`SkillSet_id`, `skills`) VALUES ('11136', 'Maven');
INSERT INTO `Mission` (`id`, `companyName`, `shortName`, `role`, `skillSet_id`) VALUES ('11136', 'Neip', 'Eiwogh', 'SoftwareEngineer', '11136');
INSERT INTO `SkillSet` (`id`) VALUES ('11137');
INSERT INTO `SkillSet_skills` (`SkillSet_id`, `skills`) VALUES ('11137', 'Maven');
INSERT INTO `SkillSet_skills` (`SkillSet_id`, `skills`) VALUES ('11137', 'Maven');
INSERT INTO `Mission` (`id`, `companyName`, `shortName`, `role`, `skillSet_id`) VALUES ('11137', 'Oid', 'Nautt', 'LeadEngineer', '11137');
INSERT INTO `SkillSet` (`id`) VALUES ('11138');
INSERT INTO `SkillSet_skills` (`SkillSet_id`, `skills`) VALUES ('11138', 'UnitTesting');
INSERT INTO `Mission` (`id`, `companyName`, `shortName`, `role`, `skillSet_id`) VALUES ('11138', 'Bygun', 'Bloipaich', 'PrincipalConsultant', '11138');
INSERT INTO `SkillSet` (`id`) VALUES ('11139');
INSERT INTO `SkillSet_skills` (`SkillSet_id`, `skills`) VALUES ('11139', 'Ant');
INSERT INTO `SkillSet_skills` (`SkillSet_id`, `skills`) VALUES ('11139', 'Architektur');
INSERT INTO `Mission` (`id`, `companyName`, `shortName`, `role`, `skillSet_id`) VALUES ('11139', 'Fleip', 'Vovigh', 'SeniorSoftwareEngineer', '11139');
INSERT INTO `SkillSet` (`id`) VALUES ('11140');
INSERT INTO `SkillSet_skills` (`SkillSet_id`, `skills`) VALUES ('11140', 'Gradle');
INSERT INTO `SkillSet_skills` (`SkillSet_id`, `skills`) VALUES ('11140', 'Gradle');
INSERT INTO `SkillSet_skills` (`SkillSet_id`, `skills`) VALUES ('11140', 'dotNet');
INSERT INTO `SkillSet_skills` (`SkillSet_id`, `skills`) VALUES ('11140', 'Gradle');
INSERT INTO `Mission` (`id`, `companyName`, `shortName`, `role`, `skillSet_id`) VALUES ('11140', 'Mafaur', 'Jich', 'SeniorSoftwareEngineer', '11140');
INSERT INTO `SkillSet` (`id`) VALUES ('11141');
INSERT INTO `SkillSet_skills` (`SkillSet_id`, `skills`) VALUES ('11141', 'SQL');
INSERT INTO `SkillSet_skills` (`SkillSet_id`, `skills`) VALUES ('11141', 'UnitTesting');
INSERT INTO `SkillSet_skills` (`SkillSet_id`, `skills`) VALUES ('11141', 'UnitTesting');
INSERT INTO `SkillSet_skills` (`SkillSet_id`, `skills`) VALUES ('11141', 'Gradle');
INSERT INTO `Mission` (`id`, `companyName`, `shortName`, `role`, `skillSet_id`) VALUES ('11141', 'Groothjipf', 'Peiwinn', 'LeadSoftwareArchitect', '11141');
INSERT INTO `SkillSet` (`id`) VALUES ('11142');
INSERT INTO `SkillSet_skills` (`SkillSet_id`, `skills`) VALUES ('11142', 'SQL');
INSERT INTO `SkillSet_skills` (`SkillSet_id`, `skills`) VALUES ('11142', 'UnitTesting');
INSERT INTO `SkillSet_skills` (`SkillSet_id`, `skills`) VALUES ('11142', 'dotNet');
INSERT INTO `SkillSet_skills` (`SkillSet_id`, `skills`) VALUES ('11142', 'UnitTesting');
INSERT INTO `SkillSet_skills` (`SkillSet_id`, `skills`) VALUES ('11142', 'Java');
INSERT INTO `Mission` (`id`, `companyName`, `shortName`, `role`, `skillSet_id`) VALUES ('11142', 'Hjpfef', 'Styzjs', 'PrincipalConsultant', '11142');
INSERT INTO `SkillSet` (`id`) VALUES ('11143');
INSERT INTO `SkillSet_skills` (`SkillSet_id`, `skills`) VALUES ('11143', 'Maven');
INSERT INTO `SkillSet_skills` (`SkillSet_id`, `skills`) VALUES ('11143', 'SQL');
INSERT INTO `SkillSet_skills` (`SkillSet_id`, `skills`) VALUES ('11143', 'Java');
INSERT INTO `SkillSet_skills` (`SkillSet_id`, `skills`) VALUES ('11143', 'Architektur');
INSERT INTO `SkillSet_skills` (`SkillSet_id`, `skills`) VALUES ('11143', 'Java');
INSERT INTO `Mission` (`id`, `companyName`, `shortName`, `role`, `skillSet_id`) VALUES ('11143', 'Ennjnt', 'Ychjid', 'PrincipalConsultant', '11143');
INSERT INTO `SkillSet` (`id`) VALUES ('11144');
INSERT INTO `SkillSet_skills` (`SkillSet_id`, `skills`) VALUES ('11144', 'Java');
INSERT INTO `SkillSet_skills` (`SkillSet_id`, `skills`) VALUES ('11144', 'UITesting');
INSERT INTO `SkillSet_skills` (`SkillSet_id`, `skills`) VALUES ('11144', 'Maven');
INSERT INTO `SkillSet_skills` (`SkillSet_id`, `skills`) VALUES ('11144', 'Maven');
INSERT INTO `Mission` (`id`, `companyName`, `shortName`, `role`, `skillSet_id`) VALUES ('11144', 'Klaivoint', 'Ah', 'SeniorSoftwareEngineer', '11144');
INSERT INTO `SkillSet` (`id`) VALUES ('11145');
INSERT INTO `SkillSet_skills` (`SkillSet_id`, `skills`) VALUES ('11145', 'Ant');
INSERT INTO `SkillSet_skills` (`SkillSet_id`, `skills`) VALUES ('11145', 'UITesting');
INSERT INTO `SkillSet_skills` (`SkillSet_id`, `skills`) VALUES ('11145', 'Architektur');
INSERT INTO `SkillSet_skills` (`SkillSet_id`, `skills`) VALUES ('11145', 'dotNet');
INSERT INTO `SkillSet_skills` (`SkillSet_id`, `skills`) VALUES ('11145', 'UITesting');
INSERT INTO `Mission` (`id`, `companyName`, `shortName`, `role`, `skillSet_id`) VALUES ('11145', 'Eizoum', 'Jgeif', 'LeadSoftwareArchitect', '11145');
INSERT INTO `SkillSet` (`id`) VALUES ('11146');
INSERT INTO `SkillSet_skills` (`SkillSet_id`, `skills`) VALUES ('11146', 'Java');
INSERT INTO `SkillSet_skills` (`SkillSet_id`, `skills`) VALUES ('11146', 'UnitTesting');
INSERT INTO `SkillSet_skills` (`SkillSet_id`, `skills`) VALUES ('11146', 'Architektur');
INSERT INTO `Mission` (`id`, `companyName`, `shortName`, `role`, `skillSet_id`) VALUES ('11146', 'Ainn', 'Pautt', 'SeniorSoftwareEngineer', '11146');
INSERT INTO `SkillSet` (`id`) VALUES ('11147');
INSERT INTO `SkillSet_skills` (`SkillSet_id`, `skills`) VALUES ('11147', 'UITesting');
INSERT INTO `SkillSet_skills` (`SkillSet_id`, `skills`) VALUES ('11147', 'Ant');
INSERT INTO `SkillSet_skills` (`SkillSet_id`, `skills`) VALUES ('11147', 'Ant');
INSERT INTO `SkillSet_skills` (`SkillSet_id`, `skills`) VALUES ('11147', 'UnitTesting');
INSERT INTO `Mission` (`id`, `companyName`, `shortName`, `role`, `skillSet_id`) VALUES ('11147', 'Boossew', 'Cheipfoih', 'PrincipalConsultant', '11147');
INSERT INTO `SkillSet` (`id`) VALUES ('11148');
INSERT INTO `SkillSet_skills` (`SkillSet_id`, `skills`) VALUES ('11148', 'Architektur');
INSERT INTO `SkillSet_skills` (`SkillSet_id`, `skills`) VALUES ('11148', 'Architektur');
INSERT INTO `Mission` (`id`, `companyName`, `shortName`, `role`, `skillSet_id`) VALUES ('11148', 'Rjid', 'Oittyg', 'SoftwareEngineer', '11148');
INSERT INTO `SkillSet` (`id`) VALUES ('11149');
INSERT INTO `SkillSet_skills` (`SkillSet_id`, `skills`) VALUES ('11149', 'Gradle');
INSERT INTO `SkillSet_skills` (`SkillSet_id`, `skills`) VALUES ('11149', 'Architektur');
INSERT INTO `SkillSet_skills` (`SkillSet_id`, `skills`) VALUES ('11149', 'Java');
INSERT INTO `Mission` (`id`, `companyName`, `shortName`, `role`, `skillSet_id`) VALUES ('11149', 'Xook', 'Gyfyf', 'SoftwareEngineer', '11149');
INSERT INTO `SkillSet` (`id`) VALUES ('11150');
INSERT INTO `SkillSet_skills` (`SkillSet_id`, `skills`) VALUES ('11150', 'UnitTesting');
INSERT INTO `SkillSet_skills` (`SkillSet_id`, `skills`) VALUES ('11150', 'dotNet');
INSERT INTO `SkillSet_skills` (`SkillSet_id`, `skills`) VALUES ('11150', 'Maven');
INSERT INTO `Mission` (`id`, `companyName`, `shortName`, `role`, `skillSet_id`) VALUES ('11150', 'Issoith', 'Gesouv', 'JuniorSoftwareEngineer', '11150');
INSERT INTO `SkillSet` (`id`) VALUES ('11151');
INSERT INTO `SkillSet_skills` (`SkillSet_id`, `skills`) VALUES ('11151', 'Maven');
INSERT INTO `SkillSet_skills` (`SkillSet_id`, `skills`) VALUES ('11151', 'dotNet');
INSERT INTO `SkillSet_skills` (`SkillSet_id`, `skills`) VALUES ('11151', 'Maven');
INSERT INTO `SkillSet_skills` (`SkillSet_id`, `skills`) VALUES ('11151', 'Java');
INSERT INTO `SkillSet_skills` (`SkillSet_id`, `skills`) VALUES ('11151', 'dotNet');
INSERT INTO `Mission` (`id`, `companyName`, `shortName`, `role`, `skillSet_id`) VALUES ('11151', 'Auk', 'Hauzough', 'LeadEngineer', '11151');
INSERT INTO `SkillSet` (`id`) VALUES ('11152');
INSERT INTO `SkillSet_skills` (`SkillSet_id`, `skills`) VALUES ('11152', 'UITesting');
INSERT INTO `Mission` (`id`, `companyName`, `shortName`, `role`, `skillSet_id`) VALUES ('11152', 'Oith', 'Hjwour', 'PrincipalConsultant', '11152');
INSERT INTO `SkillSet` (`id`) VALUES ('11153');
INSERT INTO `SkillSet_skills` (`SkillSet_id`, `skills`) VALUES ('11153', 'Maven');
INSERT INTO `SkillSet_skills` (`SkillSet_id`, `skills`) VALUES ('11153', 'Gradle');
INSERT INTO `SkillSet_skills` (`SkillSet_id`, `skills`) VALUES ('11153', 'Gradle');
INSERT INTO `Mission` (`id`, `companyName`, `shortName`, `role`, `skillSet_id`) VALUES ('11153', 'Yh', 'Ljnt', 'SeniorSoftwareEngineer', '11153');
INSERT INTO `SkillSet` (`id`) VALUES ('11154');
INSERT INTO `SkillSet_skills` (`SkillSet_id`, `skills`) VALUES ('11154', 'Gradle');
INSERT INTO `SkillSet_skills` (`SkillSet_id`, `skills`) VALUES ('11154', 'Java');
INSERT INTO `SkillSet_skills` (`SkillSet_id`, `skills`) VALUES ('11154', 'Java');
INSERT INTO `SkillSet_skills` (`SkillSet_id`, `skills`) VALUES ('11154', 'UITesting');
INSERT INTO `Mission` (`id`, `companyName`, `shortName`, `role`, `skillSet_id`) VALUES ('11154', 'Steipf', 'Owoif', 'PrincipalConsultant', '11154');
INSERT INTO `SkillSet` (`id`) VALUES ('11155');
INSERT INTO `SkillSet_skills` (`SkillSet_id`, `skills`) VALUES ('11155', 'UnitTesting');
INSERT INTO `SkillSet_skills` (`SkillSet_id`, `skills`) VALUES ('11155', 'UnitTesting');
INSERT INTO `SkillSet_skills` (`SkillSet_id`, `skills`) VALUES ('11155', 'Maven');
INSERT INTO `SkillSet_skills` (`SkillSet_id`, `skills`) VALUES ('11155', 'Ant');
INSERT INTO `Mission` (`id`, `companyName`, `shortName`, `role`, `skillSet_id`) VALUES ('11155', 'Ivjik', 'Oirooh', 'JuniorSoftwareEngineer', '11155');
INSERT INTO `SkillSet` (`id`) VALUES ('11156');
INSERT INTO `SkillSet_skills` (`SkillSet_id`, `skills`) VALUES ('11156', 'UnitTesting');
INSERT INTO `Mission` (`id`, `companyName`, `shortName`, `role`, `skillSet_id`) VALUES ('11156', 'Ithapf', 'Noizoow', 'SeniorSoftwareEngineer', '11156');
INSERT INTO `SkillSet` (`id`) VALUES ('11157');
INSERT INTO `SkillSet_skills` (`SkillSet_id`, `skills`) VALUES ('11157', 'dotNet');
INSERT INTO `SkillSet_skills` (`SkillSet_id`, `skills`) VALUES ('11157', 'Ant');
INSERT INTO `Mission` (`id`, `companyName`, `shortName`, `role`, `skillSet_id`) VALUES ('11157', 'Gljshjint', 'Huk', 'SeniorSoftwareEngineer', '11157');
INSERT INTO `SkillSet` (`id`) VALUES ('11158');
INSERT INTO `SkillSet_skills` (`SkillSet_id`, `skills`) VALUES ('11158', 'dotNet');
INSERT INTO `SkillSet_skills` (`SkillSet_id`, `skills`) VALUES ('11158', 'dotNet');
INSERT INTO `SkillSet_skills` (`SkillSet_id`, `skills`) VALUES ('11158', 'Gradle');
INSERT INTO `SkillSet_skills` (`SkillSet_id`, `skills`) VALUES ('11158', 'Architektur');
INSERT INTO `Mission` (`id`, `companyName`, `shortName`, `role`, `skillSet_id`) VALUES ('11158', 'Astair', 'Oiz', 'PrincipalConsultant', '11158');
INSERT INTO `SkillSet` (`id`) VALUES ('11159');
INSERT INTO `SkillSet_skills` (`SkillSet_id`, `skills`) VALUES ('11159', 'Architektur');
INSERT INTO `Mission` (`id`, `companyName`, `shortName`, `role`, `skillSet_id`) VALUES ('11159', 'Uz', 'Pess', 'LeadSoftwareArchitect', '11159');
INSERT INTO `SkillSet` (`id`) VALUES ('11160');
INSERT INTO `SkillSet_skills` (`SkillSet_id`, `skills`) VALUES ('11160', 'Maven');
INSERT INTO `SkillSet_skills` (`SkillSet_id`, `skills`) VALUES ('11160', 'Architektur');
INSERT INTO `Mission` (`id`, `companyName`, `shortName`, `role`, `skillSet_id`) VALUES ('11160', 'Taugh', 'Oitjiv', 'SoftwareEngineer', '11160');
INSERT INTO `SkillSet` (`id`) VALUES ('11161');
INSERT INTO `SkillSet_skills` (`SkillSet_id`, `skills`) VALUES ('11161', 'Ant');
INSERT INTO `SkillSet_skills` (`SkillSet_id`, `skills`) VALUES ('11161', 'Gradle');
INSERT INTO `SkillSet_skills` (`SkillSet_id`, `skills`) VALUES ('11161', 'UITesting');
INSERT INTO `SkillSet_skills` (`SkillSet_id`, `skills`) VALUES ('11161', 'Gradle');
INSERT INTO `SkillSet_skills` (`SkillSet_id`, `skills`) VALUES ('11161', 'Java');
INSERT INTO `Mission` (`id`, `companyName`, `shortName`, `role`, `skillSet_id`) VALUES ('11161', 'Ezus', 'Coorig', 'SeniorSoftwareEngineer', '11161');
INSERT INTO `SkillSet` (`id`) VALUES ('11162');
INSERT INTO `SkillSet_skills` (`SkillSet_id`, `skills`) VALUES ('11162', 'Architektur');
INSERT INTO `SkillSet_skills` (`SkillSet_id`, `skills`) VALUES ('11162', 'Java');
INSERT INTO `SkillSet_skills` (`SkillSet_id`, `skills`) VALUES ('11162', 'UITesting');
INSERT INTO `SkillSet_skills` (`SkillSet_id`, `skills`) VALUES ('11162', 'UnitTesting');
INSERT INTO `Mission` (`id`, `companyName`, `shortName`, `role`, `skillSet_id`) VALUES ('11162', 'Xest', 'Xaig', 'JuniorSoftwareEngineer', '11162');
INSERT INTO `SkillSet` (`id`) VALUES ('11163');
INSERT INTO `SkillSet_skills` (`SkillSet_id`, `skills`) VALUES ('11163', 'Gradle');
INSERT INTO `SkillSet_skills` (`SkillSet_id`, `skills`) VALUES ('11163', 'Gradle');
INSERT INTO `SkillSet_skills` (`SkillSet_id`, `skills`) VALUES ('11163', 'SQL');
INSERT INTO `SkillSet_skills` (`SkillSet_id`, `skills`) VALUES ('11163', 'Java');
INSERT INTO `SkillSet_skills` (`SkillSet_id`, `skills`) VALUES ('11163', 'SQL');
INSERT INTO `Mission` (`id`, `companyName`, `shortName`, `role`, `skillSet_id`) VALUES ('11163', 'Yttagh', 'Oud', 'JuniorSoftwareEngineer', '11163');
INSERT INTO `SkillSet` (`id`) VALUES ('11164');
INSERT INTO `SkillSet_skills` (`SkillSet_id`, `skills`) VALUES ('11164', 'UITesting');
INSERT INTO `SkillSet_skills` (`SkillSet_id`, `skills`) VALUES ('11164', 'dotNet');
INSERT INTO `SkillSet_skills` (`SkillSet_id`, `skills`) VALUES ('11164', 'UITesting');
INSERT INTO `SkillSet_skills` (`SkillSet_id`, `skills`) VALUES ('11164', 'SQL');
INSERT INTO `Mission` (`id`, `companyName`, `shortName`, `role`, `skillSet_id`) VALUES ('11164', 'Steitauch', 'Stauf', 'SoftwareEngineer', '11164');
INSERT INTO `SkillSet` (`id`) VALUES ('11165');
INSERT INTO `SkillSet_skills` (`SkillSet_id`, `skills`) VALUES ('11165', 'Maven');
INSERT INTO `SkillSet_skills` (`SkillSet_id`, `skills`) VALUES ('11165', 'Java');
INSERT INTO `SkillSet_skills` (`SkillSet_id`, `skills`) VALUES ('11165', 'Architektur');
INSERT INTO `SkillSet_skills` (`SkillSet_id`, `skills`) VALUES ('11165', 'Ant');
INSERT INTO `Mission` (`id`, `companyName`, `shortName`, `role`, `skillSet_id`) VALUES ('11165', 'Od', 'Bref', 'SoftwareEngineer', '11165');
INSERT INTO `SkillSet` (`id`) VALUES ('11166');
INSERT INTO `SkillSet_skills` (`SkillSet_id`, `skills`) VALUES ('11166', 'dotNet');
INSERT INTO `SkillSet_skills` (`SkillSet_id`, `skills`) VALUES ('11166', 'Architektur');
INSERT INTO `SkillSet_skills` (`SkillSet_id`, `skills`) VALUES ('11166', 'Architektur');
INSERT INTO `Mission` (`id`, `companyName`, `shortName`, `role`, `skillSet_id`) VALUES ('11166', 'Peinugh', 'Oiz', 'SeniorSoftwareEngineer', '11166');
INSERT INTO `SkillSet` (`id`) VALUES ('11167');
INSERT INTO `SkillSet_skills` (`SkillSet_id`, `skills`) VALUES ('11167', 'Architektur');
INSERT INTO `SkillSet_skills` (`SkillSet_id`, `skills`) VALUES ('11167', 'SQL');
INSERT INTO `SkillSet_skills` (`SkillSet_id`, `skills`) VALUES ('11167', 'UnitTesting');
INSERT INTO `Mission` (`id`, `companyName`, `shortName`, `role`, `skillSet_id`) VALUES ('11167', 'Jipfaik', 'Utt', 'PrincipalConsultant', '11167');
INSERT INTO `SkillSet` (`id`) VALUES ('11168');
INSERT INTO `SkillSet_skills` (`SkillSet_id`, `skills`) VALUES ('11168', 'dotNet');
INSERT INTO `Mission` (`id`, `companyName`, `shortName`, `role`, `skillSet_id`) VALUES ('11168', 'Flyg', 'Ib', 'PrincipalConsultant', '11168');
INSERT INTO `SkillSet` (`id`) VALUES ('11169');
INSERT INTO `SkillSet_skills` (`SkillSet_id`, `skills`) VALUES ('11169', 'dotNet');
INSERT INTO `Mission` (`id`, `companyName`, `shortName`, `role`, `skillSet_id`) VALUES ('11169', 'Lefeth', 'Ykug', 'JuniorSoftwareEngineer', '11169');
INSERT INTO `SkillSet` (`id`) VALUES ('11170');
INSERT INTO `SkillSet_skills` (`SkillSet_id`, `skills`) VALUES ('11170', 'Java');
INSERT INTO `SkillSet_skills` (`SkillSet_id`, `skills`) VALUES ('11170', 'Java');
INSERT INTO `SkillSet_skills` (`SkillSet_id`, `skills`) VALUES ('11170', 'dotNet');
INSERT INTO `SkillSet_skills` (`SkillSet_id`, `skills`) VALUES ('11170', 'dotNet');
INSERT INTO `Mission` (`id`, `companyName`, `shortName`, `role`, `skillSet_id`) VALUES ('11170', 'Amess', 'Njich', 'JuniorSoftwareEngineer', '11170');
INSERT INTO `SkillSet` (`id`) VALUES ('11171');
INSERT INTO `SkillSet_skills` (`SkillSet_id`, `skills`) VALUES ('11171', 'Java');
INSERT INTO `SkillSet_skills` (`SkillSet_id`, `skills`) VALUES ('11171', 'Architektur');
INSERT INTO `Mission` (`id`, `companyName`, `shortName`, `role`, `skillSet_id`) VALUES ('11171', 'Thautt', 'Aunauw', 'LeadEngineer', '11171');
INSERT INTO `SkillSet` (`id`) VALUES ('11172');
INSERT INTO `SkillSet_skills` (`SkillSet_id`, `skills`) VALUES ('11172', 'dotNet');
INSERT INTO `SkillSet_skills` (`SkillSet_id`, `skills`) VALUES ('11172', 'Ant');
INSERT INTO `SkillSet_skills` (`SkillSet_id`, `skills`) VALUES ('11172', 'SQL');
INSERT INTO `Mission` (`id`, `companyName`, `shortName`, `role`, `skillSet_id`) VALUES ('11172', 'Ynt', 'Hugh', 'SeniorSoftwareEngineer', '11172');
INSERT INTO `SkillSet` (`id`) VALUES ('11173');
INSERT INTO `SkillSet_skills` (`SkillSet_id`, `skills`) VALUES ('11173', 'UnitTesting');
INSERT INTO `SkillSet_skills` (`SkillSet_id`, `skills`) VALUES ('11173', 'dotNet');
INSERT INTO `SkillSet_skills` (`SkillSet_id`, `skills`) VALUES ('11173', 'Java');
INSERT INTO `SkillSet_skills` (`SkillSet_id`, `skills`) VALUES ('11173', 'Ant');
INSERT INTO `Mission` (`id`, `companyName`, `shortName`, `role`, `skillSet_id`) VALUES ('11173', 'Ousjp', 'Oip', 'LeadEngineer', '11173');
INSERT INTO `SkillSet` (`id`) VALUES ('11174');
INSERT INTO `SkillSet_skills` (`SkillSet_id`, `skills`) VALUES ('11174', 'UITesting');
INSERT INTO `Mission` (`id`, `companyName`, `shortName`, `role`, `skillSet_id`) VALUES ('11174', 'Lyp', 'Qough', 'LeadEngineer', '11174');
INSERT INTO `SkillSet` (`id`) VALUES ('11175');
INSERT INTO `SkillSet_skills` (`SkillSet_id`, `skills`) VALUES ('11175', 'UnitTesting');
INSERT INTO `Mission` (`id`, `companyName`, `shortName`, `role`, `skillSet_id`) VALUES ('11175', 'Ytt', 'Yb', 'SoftwareEngineer', '11175');
INSERT INTO `SkillSet` (`id`) VALUES ('11176');
INSERT INTO `SkillSet_skills` (`SkillSet_id`, `skills`) VALUES ('11176', 'Gradle');
INSERT INTO `Mission` (`id`, `companyName`, `shortName`, `role`, `skillSet_id`) VALUES ('11176', 'Zainn', 'Ilann', 'SoftwareEngineer', '11176');
INSERT INTO `SkillSet` (`id`) VALUES ('11177');
INSERT INTO `SkillSet_skills` (`SkillSet_id`, `skills`) VALUES ('11177', 'Java');
INSERT INTO `SkillSet_skills` (`SkillSet_id`, `skills`) VALUES ('11177', 'Architektur');
INSERT INTO `SkillSet_skills` (`SkillSet_id`, `skills`) VALUES ('11177', 'dotNet');
INSERT INTO `Mission` (`id`, `companyName`, `shortName`, `role`, `skillSet_id`) VALUES ('11177', 'Njishenn', 'Rucheih', 'LeadEngineer', '11177');
INSERT INTO `SkillSet` (`id`) VALUES ('11178');
INSERT INTO `SkillSet_skills` (`SkillSet_id`, `skills`) VALUES ('11178', 'dotNet');
INSERT INTO `Mission` (`id`, `companyName`, `shortName`, `role`, `skillSet_id`) VALUES ('11178', 'Ooroopf', 'Ybjm', 'SeniorSoftwareEngineer', '11178');
INSERT INTO `SkillSet` (`id`) VALUES ('11179');
INSERT INTO `SkillSet_skills` (`SkillSet_id`, `skills`) VALUES ('11179', 'SQL');
INSERT INTO `SkillSet_skills` (`SkillSet_id`, `skills`) VALUES ('11179', 'Maven');
INSERT INTO `SkillSet_skills` (`SkillSet_id`, `skills`) VALUES ('11179', 'dotNet');
INSERT INTO `SkillSet_skills` (`SkillSet_id`, `skills`) VALUES ('11179', 'Gradle');
INSERT INTO `SkillSet_skills` (`SkillSet_id`, `skills`) VALUES ('11179', 'Gradle');
INSERT INTO `Mission` (`id`, `companyName`, `shortName`, `role`, `skillSet_id`) VALUES ('11179', 'Qjichud', 'Upaul', 'LeadEngineer', '11179');
INSERT INTO `SkillSet` (`id`) VALUES ('11180');
INSERT INTO `SkillSet_skills` (`SkillSet_id`, `skills`) VALUES ('11180', 'UITesting');
INSERT INTO `SkillSet_skills` (`SkillSet_id`, `skills`) VALUES ('11180', 'SQL');
INSERT INTO `SkillSet_skills` (`SkillSet_id`, `skills`) VALUES ('11180', 'SQL');
INSERT INTO `Mission` (`id`, `companyName`, `shortName`, `role`, `skillSet_id`) VALUES ('11180', 'Gaighaith', 'Eiloid', 'SeniorSoftwareEngineer', '11180');
INSERT INTO `SkillSet` (`id`) VALUES ('11181');
INSERT INTO `SkillSet_skills` (`SkillSet_id`, `skills`) VALUES ('11181', 'UnitTesting');
INSERT INTO `SkillSet_skills` (`SkillSet_id`, `skills`) VALUES ('11181', 'Maven');
INSERT INTO `SkillSet_skills` (`SkillSet_id`, `skills`) VALUES ('11181', 'Ant');
INSERT INTO `Mission` (`id`, `companyName`, `shortName`, `role`, `skillSet_id`) VALUES ('11181', 'Aichypf', 'Grais', 'SeniorSoftwareEngineer', '11181');
INSERT INTO `SkillSet` (`id`) VALUES ('11182');
INSERT INTO `SkillSet_skills` (`SkillSet_id`, `skills`) VALUES ('11182', 'Ant');
INSERT INTO `SkillSet_skills` (`SkillSet_id`, `skills`) VALUES ('11182', 'Maven');
INSERT INTO `SkillSet_skills` (`SkillSet_id`, `skills`) VALUES ('11182', 'Gradle');
INSERT INTO `SkillSet_skills` (`SkillSet_id`, `skills`) VALUES ('11182', 'SQL');
INSERT INTO `Mission` (`id`, `companyName`, `shortName`, `role`, `skillSet_id`) VALUES ('11182', 'Jivuch', 'Klef', 'SoftwareEngineer', '11182');
INSERT INTO `SkillSet` (`id`) VALUES ('11183');
INSERT INTO `SkillSet_skills` (`SkillSet_id`, `skills`) VALUES ('11183', 'Gradle');
INSERT INTO `SkillSet_skills` (`SkillSet_id`, `skills`) VALUES ('11183', 'SQL');
INSERT INTO `SkillSet_skills` (`SkillSet_id`, `skills`) VALUES ('11183', 'Java');
INSERT INTO `SkillSet_skills` (`SkillSet_id`, `skills`) VALUES ('11183', 'Gradle');
INSERT INTO `Mission` (`id`, `companyName`, `shortName`, `role`, `skillSet_id`) VALUES ('11183', 'Ichenn', 'Jipfesh', 'JuniorSoftwareEngineer', '11183');
INSERT INTO `SkillSet` (`id`) VALUES ('11184');
INSERT INTO `SkillSet_skills` (`SkillSet_id`, `skills`) VALUES ('11184', 'dotNet');
INSERT INTO `SkillSet_skills` (`SkillSet_id`, `skills`) VALUES ('11184', 'Maven');
INSERT INTO `Mission` (`id`, `companyName`, `shortName`, `role`, `skillSet_id`) VALUES ('11184', 'Chesh', 'Ist', 'LeadSoftwareArchitect', '11184');
INSERT INTO `SkillSet` (`id`) VALUES ('11185');
INSERT INTO `SkillSet_skills` (`SkillSet_id`, `skills`) VALUES ('11185', 'UITesting');
INSERT INTO `SkillSet_skills` (`SkillSet_id`, `skills`) VALUES ('11185', 'Maven');
INSERT INTO `SkillSet_skills` (`SkillSet_id`, `skills`) VALUES ('11185', 'dotNet');
INSERT INTO `Mission` (`id`, `companyName`, `shortName`, `role`, `skillSet_id`) VALUES ('11185', 'Oith', 'Afoid', 'SeniorSoftwareEngineer', '11185');
INSERT INTO `SkillSet` (`id`) VALUES ('11186');
INSERT INTO `SkillSet_skills` (`SkillSet_id`, `skills`) VALUES ('11186', 'Architektur');
INSERT INTO `SkillSet_skills` (`SkillSet_id`, `skills`) VALUES ('11186', 'dotNet');
INSERT INTO `SkillSet_skills` (`SkillSet_id`, `skills`) VALUES ('11186', 'SQL');
INSERT INTO `SkillSet_skills` (`SkillSet_id`, `skills`) VALUES ('11186', 'UnitTesting');
INSERT INTO `SkillSet_skills` (`SkillSet_id`, `skills`) VALUES ('11186', 'UITesting');
INSERT INTO `Mission` (`id`, `companyName`, `shortName`, `role`, `skillSet_id`) VALUES ('11186', 'Finyz', 'Soogh', 'SeniorSoftwareEngineer', '11186');
INSERT INTO `SkillSet` (`id`) VALUES ('11187');
INSERT INTO `SkillSet_skills` (`SkillSet_id`, `skills`) VALUES ('11187', 'UITesting');
INSERT INTO `Mission` (`id`, `companyName`, `shortName`, `role`, `skillSet_id`) VALUES ('11187', 'Aissjit', 'Blykjinn', 'LeadEngineer', '11187');
INSERT INTO `SkillSet` (`id`) VALUES ('11188');
INSERT INTO `SkillSet_skills` (`SkillSet_id`, `skills`) VALUES ('11188', 'dotNet');
INSERT INTO `SkillSet_skills` (`SkillSet_id`, `skills`) VALUES ('11188', 'Gradle');
INSERT INTO `SkillSet_skills` (`SkillSet_id`, `skills`) VALUES ('11188', 'Architektur');
INSERT INTO `SkillSet_skills` (`SkillSet_id`, `skills`) VALUES ('11188', 'Maven');
INSERT INTO `Mission` (`id`, `companyName`, `shortName`, `role`, `skillSet_id`) VALUES ('11188', 'Syth', 'Mjiwypf', 'JuniorSoftwareEngineer', '11188');
INSERT INTO `SkillSet` (`id`) VALUES ('11189');
INSERT INTO `SkillSet_skills` (`SkillSet_id`, `skills`) VALUES ('11189', 'UITesting');
INSERT INTO `SkillSet_skills` (`SkillSet_id`, `skills`) VALUES ('11189', 'UnitTesting');
INSERT INTO `SkillSet_skills` (`SkillSet_id`, `skills`) VALUES ('11189', 'Java');
INSERT INTO `Mission` (`id`, `companyName`, `shortName`, `role`, `skillSet_id`) VALUES ('11189', 'Aup', 'Aistysh', 'LeadSoftwareArchitect', '11189');
INSERT INTO `SkillSet` (`id`) VALUES ('11190');
INSERT INTO `SkillSet_skills` (`SkillSet_id`, `skills`) VALUES ('11190', 'SQL');
INSERT INTO `SkillSet_skills` (`SkillSet_id`, `skills`) VALUES ('11190', 'Architektur');
INSERT INTO `SkillSet_skills` (`SkillSet_id`, `skills`) VALUES ('11190', 'Maven');
INSERT INTO `Mission` (`id`, `companyName`, `shortName`, `role`, `skillSet_id`) VALUES ('11190', 'Meiss', 'Peghoiw', 'SoftwareEngineer', '11190');
INSERT INTO `SkillSet` (`id`) VALUES ('11191');
INSERT INTO `SkillSet_skills` (`SkillSet_id`, `skills`) VALUES ('11191', 'dotNet');
INSERT INTO `SkillSet_skills` (`SkillSet_id`, `skills`) VALUES ('11191', 'Ant');
INSERT INTO `SkillSet_skills` (`SkillSet_id`, `skills`) VALUES ('11191', 'Architektur');
INSERT INTO `SkillSet_skills` (`SkillSet_id`, `skills`) VALUES ('11191', 'UITesting');
INSERT INTO `Mission` (`id`, `companyName`, `shortName`, `role`, `skillSet_id`) VALUES ('11191', 'Thjtiss', 'Choinuss', 'JuniorSoftwareEngineer', '11191');
INSERT INTO `SkillSet` (`id`) VALUES ('11192');
INSERT INTO `SkillSet_skills` (`SkillSet_id`, `skills`) VALUES ('11192', 'dotNet');
INSERT INTO `SkillSet_skills` (`SkillSet_id`, `skills`) VALUES ('11192', 'UnitTesting');
INSERT INTO `SkillSet_skills` (`SkillSet_id`, `skills`) VALUES ('11192', 'UnitTesting');
INSERT INTO `SkillSet_skills` (`SkillSet_id`, `skills`) VALUES ('11192', 'UnitTesting');
INSERT INTO `Mission` (`id`, `companyName`, `shortName`, `role`, `skillSet_id`) VALUES ('11192', 'Vaissoinn', 'Outt', 'JuniorSoftwareEngineer', '11192');
INSERT INTO `SkillSet` (`id`) VALUES ('11193');
INSERT INTO `SkillSet_skills` (`SkillSet_id`, `skills`) VALUES ('11193', 'UnitTesting');
INSERT INTO `SkillSet_skills` (`SkillSet_id`, `skills`) VALUES ('11193', 'dotNet');
INSERT INTO `SkillSet_skills` (`SkillSet_id`, `skills`) VALUES ('11193', 'Ant');
INSERT INTO `SkillSet_skills` (`SkillSet_id`, `skills`) VALUES ('11193', 'UnitTesting');
INSERT INTO `SkillSet_skills` (`SkillSet_id`, `skills`) VALUES ('11193', 'SQL');
INSERT INTO `Mission` (`id`, `companyName`, `shortName`, `role`, `skillSet_id`) VALUES ('11193', 'Gouchois', 'Odod', 'PrincipalConsultant', '11193');
INSERT INTO `SkillSet` (`id`) VALUES ('11194');
INSERT INTO `SkillSet_skills` (`SkillSet_id`, `skills`) VALUES ('11194', 'UITesting');
INSERT INTO `SkillSet_skills` (`SkillSet_id`, `skills`) VALUES ('11194', 'Gradle');
INSERT INTO `SkillSet_skills` (`SkillSet_id`, `skills`) VALUES ('11194', 'Ant');
INSERT INTO `Mission` (`id`, `companyName`, `shortName`, `role`, `skillSet_id`) VALUES ('11194', 'Aupf', 'Jir', 'PrincipalConsultant', '11194');
INSERT INTO `SkillSet` (`id`) VALUES ('11195');
INSERT INTO `SkillSet_skills` (`SkillSet_id`, `skills`) VALUES ('11195', 'SQL');
INSERT INTO `Mission` (`id`, `companyName`, `shortName`, `role`, `skillSet_id`) VALUES ('11195', 'Qem', 'Breib', 'SoftwareEngineer', '11195');
INSERT INTO `SkillSet` (`id`) VALUES ('11196');
INSERT INTO `SkillSet_skills` (`SkillSet_id`, `skills`) VALUES ('11196', 'Architektur');
INSERT INTO `Mission` (`id`, `companyName`, `shortName`, `role`, `skillSet_id`) VALUES ('11196', 'Gaupopf', 'Shjich', 'JuniorSoftwareEngineer', '11196');
INSERT INTO `SkillSet` (`id`) VALUES ('11197');
INSERT INTO `SkillSet_skills` (`SkillSet_id`, `skills`) VALUES ('11197', 'Gradle');
INSERT INTO `Mission` (`id`, `companyName`, `shortName`, `role`, `skillSet_id`) VALUES ('11197', 'Ekaik', 'Paileich', 'LeadSoftwareArchitect', '11197');
INSERT INTO `SkillSet` (`id`) VALUES ('11198');
INSERT INTO `SkillSet_skills` (`SkillSet_id`, `skills`) VALUES ('11198', 'Maven');
INSERT INTO `Mission` (`id`, `companyName`, `shortName`, `role`, `skillSet_id`) VALUES ('11198', 'Qauvoot', 'Wjizeish', 'SoftwareEngineer', '11198');
INSERT INTO `SkillSet` (`id`) VALUES ('11199');
INSERT INTO `SkillSet_skills` (`SkillSet_id`, `skills`) VALUES ('11199', 'SQL');
INSERT INTO `SkillSet_skills` (`SkillSet_id`, `skills`) VALUES ('11199', 'Maven');
INSERT INTO `Mission` (`id`, `companyName`, `shortName`, `role`, `skillSet_id`) VALUES ('11199', 'Toob', 'Oof', 'JuniorSoftwareEngineer', '11199');
INSERT INTO `SkillSet` (`id`) VALUES ('11200');
INSERT INTO `SkillSet_skills` (`SkillSet_id`, `skills`) VALUES ('11200', 'UITesting');
INSERT INTO `SkillSet_skills` (`SkillSet_id`, `skills`) VALUES ('11200', 'Gradle');
INSERT INTO `SkillSet_skills` (`SkillSet_id`, `skills`) VALUES ('11200', 'Java');
INSERT INTO `SkillSet_skills` (`SkillSet_id`, `skills`) VALUES ('11200', 'Maven');
INSERT INTO `SkillSet_skills` (`SkillSet_id`, `skills`) VALUES ('11200', 'Ant');
INSERT INTO `Mission` (`id`, `companyName`, `shortName`, `role`, `skillSet_id`) VALUES ('11200', 'Moochoub', 'Xov', 'PrincipalConsultant', '11200');
INSERT INTO `SkillSet` (`id`) VALUES ('11201');
INSERT INTO `SkillSet_skills` (`SkillSet_id`, `skills`) VALUES ('11201', 'Gradle');
INSERT INTO `SkillSet_skills` (`SkillSet_id`, `skills`) VALUES ('11201', 'Ant');
INSERT INTO `SkillSet_skills` (`SkillSet_id`, `skills`) VALUES ('11201', 'Ant');
INSERT INTO `SkillSet_skills` (`SkillSet_id`, `skills`) VALUES ('11201', 'dotNet');
INSERT INTO `SkillSet_skills` (`SkillSet_id`, `skills`) VALUES ('11201', 'Java');
INSERT INTO `Mission` (`id`, `companyName`, `shortName`, `role`, `skillSet_id`) VALUES ('11201', 'Aiz', 'Xounn', 'LeadSoftwareArchitect', '11201');
INSERT INTO `SkillSet` (`id`) VALUES ('11202');
INSERT INTO `SkillSet_skills` (`SkillSet_id`, `skills`) VALUES ('11202', 'Architektur');
INSERT INTO `SkillSet_skills` (`SkillSet_id`, `skills`) VALUES ('11202', 'Ant');
INSERT INTO `Mission` (`id`, `companyName`, `shortName`, `role`, `skillSet_id`) VALUES ('11202', 'Wjsh', 'Fjl', 'SeniorSoftwareEngineer', '11202');
INSERT INTO `SkillSet` (`id`) VALUES ('11203');
INSERT INTO `SkillSet_skills` (`SkillSet_id`, `skills`) VALUES ('11203', 'Ant');
INSERT INTO `SkillSet_skills` (`SkillSet_id`, `skills`) VALUES ('11203', 'Architektur');
INSERT INTO `SkillSet_skills` (`SkillSet_id`, `skills`) VALUES ('11203', 'Architektur');
INSERT INTO `SkillSet_skills` (`SkillSet_id`, `skills`) VALUES ('11203', 'Architektur');
INSERT INTO `SkillSet_skills` (`SkillSet_id`, `skills`) VALUES ('11203', 'dotNet');
INSERT INTO `Mission` (`id`, `companyName`, `shortName`, `role`, `skillSet_id`) VALUES ('11203', 'Qunneip', 'Egheid', 'PrincipalConsultant', '11203');
INSERT INTO `SkillSet` (`id`) VALUES ('11204');
INSERT INTO `SkillSet_skills` (`SkillSet_id`, `skills`) VALUES ('11204', 'Java');
INSERT INTO `Mission` (`id`, `companyName`, `shortName`, `role`, `skillSet_id`) VALUES ('11204', 'Jnt', 'Broighoosh', 'SeniorSoftwareEngineer', '11204');
INSERT INTO `SkillSet` (`id`) VALUES ('11205');
INSERT INTO `SkillSet_skills` (`SkillSet_id`, `skills`) VALUES ('11205', 'Maven');
INSERT INTO `SkillSet_skills` (`SkillSet_id`, `skills`) VALUES ('11205', 'Maven');
INSERT INTO `Mission` (`id`, `companyName`, `shortName`, `role`, `skillSet_id`) VALUES ('11205', 'Ich', 'Teinik', 'JuniorSoftwareEngineer', '11205');
INSERT INTO `SkillSet` (`id`) VALUES ('11206');
INSERT INTO `SkillSet_skills` (`SkillSet_id`, `skills`) VALUES ('11206', 'Gradle');
INSERT INTO `SkillSet_skills` (`SkillSet_id`, `skills`) VALUES ('11206', 'Maven');
INSERT INTO `SkillSet_skills` (`SkillSet_id`, `skills`) VALUES ('11206', 'Java');
INSERT INTO `SkillSet_skills` (`SkillSet_id`, `skills`) VALUES ('11206', 'Ant');
INSERT INTO `SkillSet_skills` (`SkillSet_id`, `skills`) VALUES ('11206', 'Gradle');
INSERT INTO `Mission` (`id`, `companyName`, `shortName`, `role`, `skillSet_id`) VALUES ('11206', 'Achoosh', 'Ythig', 'SoftwareEngineer', '11206');
INSERT INTO `SkillSet` (`id`) VALUES ('11207');
INSERT INTO `SkillSet_skills` (`SkillSet_id`, `skills`) VALUES ('11207', 'Java');
INSERT INTO `SkillSet_skills` (`SkillSet_id`, `skills`) VALUES ('11207', 'Ant');
INSERT INTO `SkillSet_skills` (`SkillSet_id`, `skills`) VALUES ('11207', 'Architektur');
INSERT INTO `SkillSet_skills` (`SkillSet_id`, `skills`) VALUES ('11207', 'UITesting');
INSERT INTO `SkillSet_skills` (`SkillSet_id`, `skills`) VALUES ('11207', 'Architektur');
INSERT INTO `Mission` (`id`, `companyName`, `shortName`, `role`, `skillSet_id`) VALUES ('11207', 'Oim', 'Apait', 'SoftwareEngineer', '11207');
INSERT INTO `SkillSet` (`id`) VALUES ('11208');
INSERT INTO `SkillSet_skills` (`SkillSet_id`, `skills`) VALUES ('11208', 'Ant');
INSERT INTO `SkillSet_skills` (`SkillSet_id`, `skills`) VALUES ('11208', 'SQL');
INSERT INTO `Mission` (`id`, `companyName`, `shortName`, `role`, `skillSet_id`) VALUES ('11208', 'Us', 'Eis', 'SoftwareEngineer', '11208');
INSERT INTO `SkillSet` (`id`) VALUES ('11209');
INSERT INTO `SkillSet_skills` (`SkillSet_id`, `skills`) VALUES ('11209', 'Gradle');
INSERT INTO `SkillSet_skills` (`SkillSet_id`, `skills`) VALUES ('11209', 'Maven');
INSERT INTO `SkillSet_skills` (`SkillSet_id`, `skills`) VALUES ('11209', 'UnitTesting');
INSERT INTO `SkillSet_skills` (`SkillSet_id`, `skills`) VALUES ('11209', 'Java');
INSERT INTO `Mission` (`id`, `companyName`, `shortName`, `role`, `skillSet_id`) VALUES ('11209', 'Zulal', 'Ood', 'LeadEngineer', '11209');
INSERT INTO `SkillSet` (`id`) VALUES ('11210');
INSERT INTO `SkillSet_skills` (`SkillSet_id`, `skills`) VALUES ('11210', 'Architektur');
INSERT INTO `Mission` (`id`, `companyName`, `shortName`, `role`, `skillSet_id`) VALUES ('11210', 'Meissjib', 'Jch', 'JuniorSoftwareEngineer', '11210');
INSERT INTO `SkillSet` (`id`) VALUES ('11211');
INSERT INTO `SkillSet_skills` (`SkillSet_id`, `skills`) VALUES ('11211', 'SQL');
INSERT INTO `SkillSet_skills` (`SkillSet_id`, `skills`) VALUES ('11211', 'Architektur');
INSERT INTO `SkillSet_skills` (`SkillSet_id`, `skills`) VALUES ('11211', 'UnitTesting');
INSERT INTO `SkillSet_skills` (`SkillSet_id`, `skills`) VALUES ('11211', 'Ant');
INSERT INTO `Mission` (`id`, `companyName`, `shortName`, `role`, `skillSet_id`) VALUES ('11211', 'Ar', 'Caissooch', 'JuniorSoftwareEngineer', '11211');
INSERT INTO `SkillSet` (`id`) VALUES ('11212');
INSERT INTO `SkillSet_skills` (`SkillSet_id`, `skills`) VALUES ('11212', 'Maven');
INSERT INTO `Mission` (`id`, `companyName`, `shortName`, `role`, `skillSet_id`) VALUES ('11212', 'Kaiss', 'Puw', 'PrincipalConsultant', '11212');
INSERT INTO `SkillSet` (`id`) VALUES ('11213');
INSERT INTO `SkillSet_skills` (`SkillSet_id`, `skills`) VALUES ('11213', 'Java');
INSERT INTO `SkillSet_skills` (`SkillSet_id`, `skills`) VALUES ('11213', 'Maven');
INSERT INTO `Mission` (`id`, `companyName`, `shortName`, `role`, `skillSet_id`) VALUES ('11213', 'Djroich', 'Oich', 'SeniorSoftwareEngineer', '11213');
INSERT INTO `SkillSet` (`id`) VALUES ('11214');
INSERT INTO `SkillSet_skills` (`SkillSet_id`, `skills`) VALUES ('11214', 'SQL');
INSERT INTO `SkillSet_skills` (`SkillSet_id`, `skills`) VALUES ('11214', 'Maven');
INSERT INTO `Mission` (`id`, `companyName`, `shortName`, `role`, `skillSet_id`) VALUES ('11214', 'Kebaunn', 'Broiseinn', 'JuniorSoftwareEngineer', '11214');
INSERT INTO `SkillSet` (`id`) VALUES ('11215');
INSERT INTO `SkillSet_skills` (`SkillSet_id`, `skills`) VALUES ('11215', 'SQL');
INSERT INTO `SkillSet_skills` (`SkillSet_id`, `skills`) VALUES ('11215', 'dotNet');
INSERT INTO `SkillSet_skills` (`SkillSet_id`, `skills`) VALUES ('11215', 'Maven');
INSERT INTO `SkillSet_skills` (`SkillSet_id`, `skills`) VALUES ('11215', 'UnitTesting');
INSERT INTO `Mission` (`id`, `companyName`, `shortName`, `role`, `skillSet_id`) VALUES ('11215', 'Jissauh', 'Flaigab', 'JuniorSoftwareEngineer', '11215');
INSERT INTO `SkillSet` (`id`) VALUES ('11216');
INSERT INTO `SkillSet_skills` (`SkillSet_id`, `skills`) VALUES ('11216', 'UnitTesting');
INSERT INTO `SkillSet_skills` (`SkillSet_id`, `skills`) VALUES ('11216', 'Java');
INSERT INTO `SkillSet_skills` (`SkillSet_id`, `skills`) VALUES ('11216', 'Gradle');
INSERT INTO `SkillSet_skills` (`SkillSet_id`, `skills`) VALUES ('11216', 'UITesting');
INSERT INTO `SkillSet_skills` (`SkillSet_id`, `skills`) VALUES ('11216', 'Gradle');
INSERT INTO `Mission` (`id`, `companyName`, `shortName`, `role`, `skillSet_id`) VALUES ('11216', 'Laiss', 'Wucheiw', 'SeniorSoftwareEngineer', '11216');
INSERT INTO `SkillSet` (`id`) VALUES ('11217');
INSERT INTO `SkillSet_skills` (`SkillSet_id`, `skills`) VALUES ('11217', 'Architektur');
INSERT INTO `SkillSet_skills` (`SkillSet_id`, `skills`) VALUES ('11217', 'Ant');
INSERT INTO `SkillSet_skills` (`SkillSet_id`, `skills`) VALUES ('11217', 'SQL');
INSERT INTO `SkillSet_skills` (`SkillSet_id`, `skills`) VALUES ('11217', 'Ant');
INSERT INTO `Mission` (`id`, `companyName`, `shortName`, `role`, `skillSet_id`) VALUES ('11217', 'Yz', 'Ydaupf', 'PrincipalConsultant', '11217');
INSERT INTO `SkillSet` (`id`) VALUES ('11218');
INSERT INTO `SkillSet_skills` (`SkillSet_id`, `skills`) VALUES ('11218', 'UITesting');
INSERT INTO `SkillSet_skills` (`SkillSet_id`, `skills`) VALUES ('11218', 'Ant');
INSERT INTO `Mission` (`id`, `companyName`, `shortName`, `role`, `skillSet_id`) VALUES ('11218', 'Teikjth', 'Opf', 'SoftwareEngineer', '11218');
INSERT INTO `SkillSet` (`id`) VALUES ('11219');
INSERT INTO `SkillSet_skills` (`SkillSet_id`, `skills`) VALUES ('11219', 'UITesting');
INSERT INTO `SkillSet_skills` (`SkillSet_id`, `skills`) VALUES ('11219', 'Architektur');
INSERT INTO `SkillSet_skills` (`SkillSet_id`, `skills`) VALUES ('11219', 'Gradle');
INSERT INTO `SkillSet_skills` (`SkillSet_id`, `skills`) VALUES ('11219', 'Java');
INSERT INTO `SkillSet_skills` (`SkillSet_id`, `skills`) VALUES ('11219', 'Java');
INSERT INTO `Mission` (`id`, `companyName`, `shortName`, `role`, `skillSet_id`) VALUES ('11219', 'Ozoim', 'Jist', 'SeniorSoftwareEngineer', '11219');
INSERT INTO `SkillSet` (`id`) VALUES ('11220');
INSERT INTO `SkillSet_skills` (`SkillSet_id`, `skills`) VALUES ('11220', 'Java');
INSERT INTO `SkillSet_skills` (`SkillSet_id`, `skills`) VALUES ('11220', 'UITesting');
INSERT INTO `Mission` (`id`, `companyName`, `shortName`, `role`, `skillSet_id`) VALUES ('11220', 'Pih', 'Jseik', 'SeniorSoftwareEngineer', '11220');
INSERT INTO `SkillSet` (`id`) VALUES ('11221');
INSERT INTO `SkillSet_skills` (`SkillSet_id`, `skills`) VALUES ('11221', 'Gradle');
INSERT INTO `Mission` (`id`, `companyName`, `shortName`, `role`, `skillSet_id`) VALUES ('11221', 'Hjv', 'Oow', 'LeadSoftwareArchitect', '11221');
INSERT INTO `SkillSet` (`id`) VALUES ('11222');
INSERT INTO `SkillSet_skills` (`SkillSet_id`, `skills`) VALUES ('11222', 'SQL');
INSERT INTO `SkillSet_skills` (`SkillSet_id`, `skills`) VALUES ('11222', 'UnitTesting');
INSERT INTO `Mission` (`id`, `companyName`, `shortName`, `role`, `skillSet_id`) VALUES ('11222', 'Shauliz', 'Woizih', 'SeniorSoftwareEngineer', '11222');
INSERT INTO `SkillSet` (`id`) VALUES ('11223');
INSERT INTO `SkillSet_skills` (`SkillSet_id`, `skills`) VALUES ('11223', 'SQL');
INSERT INTO `SkillSet_skills` (`SkillSet_id`, `skills`) VALUES ('11223', 'UITesting');
INSERT INTO `SkillSet_skills` (`SkillSet_id`, `skills`) VALUES ('11223', 'Architektur');
INSERT INTO `Mission` (`id`, `companyName`, `shortName`, `role`, `skillSet_id`) VALUES ('11223', 'Oittoof', 'Jv', 'LeadEngineer', '11223');
INSERT INTO `SkillSet` (`id`) VALUES ('11224');
INSERT INTO `SkillSet_skills` (`SkillSet_id`, `skills`) VALUES ('11224', 'dotNet');
INSERT INTO `SkillSet_skills` (`SkillSet_id`, `skills`) VALUES ('11224', 'Gradle');
INSERT INTO `SkillSet_skills` (`SkillSet_id`, `skills`) VALUES ('11224', 'Ant');
INSERT INTO `SkillSet_skills` (`SkillSet_id`, `skills`) VALUES ('11224', 'UITesting');
INSERT INTO `Mission` (`id`, `companyName`, `shortName`, `role`, `skillSet_id`) VALUES ('11224', 'Hjipym', 'Edaish', 'SoftwareEngineer', '11224');
INSERT INTO `SkillSet` (`id`) VALUES ('11225');
INSERT INTO `SkillSet_skills` (`SkillSet_id`, `skills`) VALUES ('11225', 'Maven');
INSERT INTO `SkillSet_skills` (`SkillSet_id`, `skills`) VALUES ('11225', 'Java');
INSERT INTO `SkillSet_skills` (`SkillSet_id`, `skills`) VALUES ('11225', 'Architektur');
INSERT INTO `Mission` (`id`, `companyName`, `shortName`, `role`, `skillSet_id`) VALUES ('11225', 'Ubaun', 'Ist', 'LeadEngineer', '11225');
INSERT INTO `SkillSet` (`id`) VALUES ('11226');
INSERT INTO `SkillSet_skills` (`SkillSet_id`, `skills`) VALUES ('11226', 'UnitTesting');
INSERT INTO `SkillSet_skills` (`SkillSet_id`, `skills`) VALUES ('11226', 'Architektur');
INSERT INTO `Mission` (`id`, `companyName`, `shortName`, `role`, `skillSet_id`) VALUES ('11226', 'Oohjist', 'Augail', 'SoftwareEngineer', '11226');
INSERT INTO `SkillSet` (`id`) VALUES ('11227');
INSERT INTO `SkillSet_skills` (`SkillSet_id`, `skills`) VALUES ('11227', 'UITesting');
INSERT INTO `SkillSet_skills` (`SkillSet_id`, `skills`) VALUES ('11227', 'UnitTesting');
INSERT INTO `SkillSet_skills` (`SkillSet_id`, `skills`) VALUES ('11227', 'Gradle');
INSERT INTO `SkillSet_skills` (`SkillSet_id`, `skills`) VALUES ('11227', 'Architektur');
INSERT INTO `Mission` (`id`, `companyName`, `shortName`, `role`, `skillSet_id`) VALUES ('11227', 'Kezuch', 'Stjtt', 'LeadEngineer', '11227');
INSERT INTO `SkillSet` (`id`) VALUES ('11228');
INSERT INTO `SkillSet_skills` (`SkillSet_id`, `skills`) VALUES ('11228', 'Maven');
INSERT INTO `Mission` (`id`, `companyName`, `shortName`, `role`, `skillSet_id`) VALUES ('11228', 'Auss', 'Aizag', 'LeadEngineer', '11228');
INSERT INTO `SkillSet` (`id`) VALUES ('11229');
INSERT INTO `SkillSet_skills` (`SkillSet_id`, `skills`) VALUES ('11229', 'Java');
INSERT INTO `SkillSet_skills` (`SkillSet_id`, `skills`) VALUES ('11229', 'Ant');
INSERT INTO `SkillSet_skills` (`SkillSet_id`, `skills`) VALUES ('11229', 'Architektur');
INSERT INTO `SkillSet_skills` (`SkillSet_id`, `skills`) VALUES ('11229', 'Ant');
INSERT INTO `SkillSet_skills` (`SkillSet_id`, `skills`) VALUES ('11229', 'dotNet');
INSERT INTO `Mission` (`id`, `companyName`, `shortName`, `role`, `skillSet_id`) VALUES ('11229', 'Nouw', 'Gref', 'JuniorSoftwareEngineer', '11229');
INSERT INTO `SkillSet` (`id`) VALUES ('11230');
INSERT INTO `SkillSet_skills` (`SkillSet_id`, `skills`) VALUES ('11230', 'Architektur');
INSERT INTO `Mission` (`id`, `companyName`, `shortName`, `role`, `skillSet_id`) VALUES ('11230', 'Thoissail', 'Itt', 'JuniorSoftwareEngineer', '11230');
INSERT INTO `SkillSet` (`id`) VALUES ('11231');
INSERT INTO `SkillSet_skills` (`SkillSet_id`, `skills`) VALUES ('11231', 'Maven');
INSERT INTO `SkillSet_skills` (`SkillSet_id`, `skills`) VALUES ('11231', 'dotNet');
INSERT INTO `SkillSet_skills` (`SkillSet_id`, `skills`) VALUES ('11231', 'Ant');
INSERT INTO `SkillSet_skills` (`SkillSet_id`, `skills`) VALUES ('11231', 'UnitTesting');
INSERT INTO `Mission` (`id`, `companyName`, `shortName`, `role`, `skillSet_id`) VALUES ('11231', 'Mouz', 'Oichjim', 'JuniorSoftwareEngineer', '11231');
INSERT INTO `SkillSet` (`id`) VALUES ('11232');
INSERT INTO `SkillSet_skills` (`SkillSet_id`, `skills`) VALUES ('11232', 'SQL');
INSERT INTO `SkillSet_skills` (`SkillSet_id`, `skills`) VALUES ('11232', 'Architektur');
INSERT INTO `SkillSet_skills` (`SkillSet_id`, `skills`) VALUES ('11232', 'Architektur');
INSERT INTO `SkillSet_skills` (`SkillSet_id`, `skills`) VALUES ('11232', 'UITesting');
INSERT INTO `Mission` (`id`, `companyName`, `shortName`, `role`, `skillSet_id`) VALUES ('11232', 'Oogjiz', 'Putyt', 'SoftwareEngineer', '11232');
INSERT INTO `SkillSet` (`id`) VALUES ('11233');
INSERT INTO `SkillSet_skills` (`SkillSet_id`, `skills`) VALUES ('11233', 'UITesting');
INSERT INTO `SkillSet_skills` (`SkillSet_id`, `skills`) VALUES ('11233', 'Java');
INSERT INTO `Mission` (`id`, `companyName`, `shortName`, `role`, `skillSet_id`) VALUES ('11233', 'Eistyd', 'Guss', 'LeadEngineer', '11233');
INSERT INTO `SkillSet` (`id`) VALUES ('11234');
INSERT INTO `SkillSet_skills` (`SkillSet_id`, `skills`) VALUES ('11234', 'dotNet');
INSERT INTO `SkillSet_skills` (`SkillSet_id`, `skills`) VALUES ('11234', 'dotNet');
INSERT INTO `SkillSet_skills` (`SkillSet_id`, `skills`) VALUES ('11234', 'Maven');
INSERT INTO `Mission` (`id`, `companyName`, `shortName`, `role`, `skillSet_id`) VALUES ('11234', 'Paug', 'Thoitob', 'SeniorSoftwareEngineer', '11234');
INSERT INTO `SkillSet` (`id`) VALUES ('11235');
INSERT INTO `SkillSet_skills` (`SkillSet_id`, `skills`) VALUES ('11235', 'UITesting');
INSERT INTO `SkillSet_skills` (`SkillSet_id`, `skills`) VALUES ('11235', 'Maven');
INSERT INTO `SkillSet_skills` (`SkillSet_id`, `skills`) VALUES ('11235', 'Maven');
INSERT INTO `SkillSet_skills` (`SkillSet_id`, `skills`) VALUES ('11235', 'dotNet');
INSERT INTO `Mission` (`id`, `companyName`, `shortName`, `role`, `skillSet_id`) VALUES ('11235', 'Thopyf', 'Oigh', 'LeadEngineer', '11235');
INSERT INTO `SkillSet` (`id`) VALUES ('11236');
INSERT INTO `SkillSet_skills` (`SkillSet_id`, `skills`) VALUES ('11236', 'Gradle');
INSERT INTO `SkillSet_skills` (`SkillSet_id`, `skills`) VALUES ('11236', 'UITesting');
INSERT INTO `SkillSet_skills` (`SkillSet_id`, `skills`) VALUES ('11236', 'Gradle');
INSERT INTO `SkillSet_skills` (`SkillSet_id`, `skills`) VALUES ('11236', 'Architektur');
INSERT INTO `Mission` (`id`, `companyName`, `shortName`, `role`, `skillSet_id`) VALUES ('11236', 'Nipf', 'Grynn', 'SeniorSoftwareEngineer', '11236');
INSERT INTO `SkillSet` (`id`) VALUES ('11237');
INSERT INTO `SkillSet_skills` (`SkillSet_id`, `skills`) VALUES ('11237', 'UnitTesting');
INSERT INTO `SkillSet_skills` (`SkillSet_id`, `skills`) VALUES ('11237', 'Gradle');
INSERT INTO `SkillSet_skills` (`SkillSet_id`, `skills`) VALUES ('11237', 'dotNet');
INSERT INTO `SkillSet_skills` (`SkillSet_id`, `skills`) VALUES ('11237', 'Java');
INSERT INTO `Mission` (`id`, `companyName`, `shortName`, `role`, `skillSet_id`) VALUES ('11237', 'Brjitjih', 'Ebaik', 'SeniorSoftwareEngineer', '11237');
INSERT INTO `SkillSet` (`id`) VALUES ('11238');
INSERT INTO `SkillSet_skills` (`SkillSet_id`, `skills`) VALUES ('11238', 'Java');
INSERT INTO `SkillSet_skills` (`SkillSet_id`, `skills`) VALUES ('11238', 'Gradle');
INSERT INTO `SkillSet_skills` (`SkillSet_id`, `skills`) VALUES ('11238', 'UITesting');
INSERT INTO `SkillSet_skills` (`SkillSet_id`, `skills`) VALUES ('11238', 'UITesting');
INSERT INTO `SkillSet_skills` (`SkillSet_id`, `skills`) VALUES ('11238', 'Maven');
INSERT INTO `Mission` (`id`, `companyName`, `shortName`, `role`, `skillSet_id`) VALUES ('11238', 'Jneinn', 'Jigyst', 'JuniorSoftwareEngineer', '11238');
INSERT INTO `SkillSet` (`id`) VALUES ('11239');
INSERT INTO `SkillSet_skills` (`SkillSet_id`, `skills`) VALUES ('11239', 'UnitTesting');
INSERT INTO `SkillSet_skills` (`SkillSet_id`, `skills`) VALUES ('11239', 'SQL');
INSERT INTO `SkillSet_skills` (`SkillSet_id`, `skills`) VALUES ('11239', 'UITesting');
INSERT INTO `SkillSet_skills` (`SkillSet_id`, `skills`) VALUES ('11239', 'SQL');
INSERT INTO `Mission` (`id`, `companyName`, `shortName`, `role`, `skillSet_id`) VALUES ('11239', 'Xjh', 'Koostauk', 'JuniorSoftwareEngineer', '11239');
INSERT INTO `SkillSet` (`id`) VALUES ('11240');
INSERT INTO `SkillSet_skills` (`SkillSet_id`, `skills`) VALUES ('11240', 'dotNet');
INSERT INTO `SkillSet_skills` (`SkillSet_id`, `skills`) VALUES ('11240', 'UITesting');
INSERT INTO `Mission` (`id`, `companyName`, `shortName`, `role`, `skillSet_id`) VALUES ('11240', 'Ypast', 'Nech', 'LeadEngineer', '11240');
INSERT INTO `SkillSet` (`id`) VALUES ('11241');
INSERT INTO `SkillSet_skills` (`SkillSet_id`, `skills`) VALUES ('11241', 'Ant');
INSERT INTO `SkillSet_skills` (`SkillSet_id`, `skills`) VALUES ('11241', 'SQL');
INSERT INTO `SkillSet_skills` (`SkillSet_id`, `skills`) VALUES ('11241', 'UnitTesting');
INSERT INTO `SkillSet_skills` (`SkillSet_id`, `skills`) VALUES ('11241', 'SQL');
INSERT INTO `Mission` (`id`, `companyName`, `shortName`, `role`, `skillSet_id`) VALUES ('11241', 'Auth', 'Flait', 'SeniorSoftwareEngineer', '11241');
INSERT INTO `SkillSet` (`id`) VALUES ('11242');
INSERT INTO `SkillSet_skills` (`SkillSet_id`, `skills`) VALUES ('11242', 'Java');
INSERT INTO `Mission` (`id`, `companyName`, `shortName`, `role`, `skillSet_id`) VALUES ('11242', 'Inn', 'Etith', 'PrincipalConsultant', '11242');
INSERT INTO `SkillSet` (`id`) VALUES ('11243');
INSERT INTO `SkillSet_skills` (`SkillSet_id`, `skills`) VALUES ('11243', 'UnitTesting');
INSERT INTO `SkillSet_skills` (`SkillSet_id`, `skills`) VALUES ('11243', 'Maven');
INSERT INTO `SkillSet_skills` (`SkillSet_id`, `skills`) VALUES ('11243', 'SQL');
INSERT INTO `SkillSet_skills` (`SkillSet_id`, `skills`) VALUES ('11243', 'dotNet');
INSERT INTO `SkillSet_skills` (`SkillSet_id`, `skills`) VALUES ('11243', 'Architektur');
INSERT INTO `Mission` (`id`, `companyName`, `shortName`, `role`, `skillSet_id`) VALUES ('11243', 'Outuk', 'Pointyv', 'SoftwareEngineer', '11243');
INSERT INTO `SkillSet` (`id`) VALUES ('11244');
INSERT INTO `SkillSet_skills` (`SkillSet_id`, `skills`) VALUES ('11244', 'dotNet');
INSERT INTO `SkillSet_skills` (`SkillSet_id`, `skills`) VALUES ('11244', 'Maven');
INSERT INTO `SkillSet_skills` (`SkillSet_id`, `skills`) VALUES ('11244', 'Ant');
INSERT INTO `SkillSet_skills` (`SkillSet_id`, `skills`) VALUES ('11244', 'Maven');
INSERT INTO `Mission` (`id`, `companyName`, `shortName`, `role`, `skillSet_id`) VALUES ('11244', 'Owjch', 'Awoig', 'PrincipalConsultant', '11244');
INSERT INTO `SkillSet` (`id`) VALUES ('11245');
INSERT INTO `SkillSet_skills` (`SkillSet_id`, `skills`) VALUES ('11245', 'Architektur');
INSERT INTO `Mission` (`id`, `companyName`, `shortName`, `role`, `skillSet_id`) VALUES ('11245', 'Idagh', 'Jin', 'LeadEngineer', '11245');
INSERT INTO `SkillSet` (`id`) VALUES ('11246');
INSERT INTO `SkillSet_skills` (`SkillSet_id`, `skills`) VALUES ('11246', 'Maven');
INSERT INTO `SkillSet_skills` (`SkillSet_id`, `skills`) VALUES ('11246', 'Gradle');
INSERT INTO `SkillSet_skills` (`SkillSet_id`, `skills`) VALUES ('11246', 'Gradle');
INSERT INTO `Mission` (`id`, `companyName`, `shortName`, `role`, `skillSet_id`) VALUES ('11246', 'Oonuv', 'Ough', 'SeniorSoftwareEngineer', '11246');
INSERT INTO `SkillSet` (`id`) VALUES ('11247');
INSERT INTO `SkillSet_skills` (`SkillSet_id`, `skills`) VALUES ('11247', 'UITesting');
INSERT INTO `SkillSet_skills` (`SkillSet_id`, `skills`) VALUES ('11247', 'Architektur');
INSERT INTO `SkillSet_skills` (`SkillSet_id`, `skills`) VALUES ('11247', 'SQL');
INSERT INTO `SkillSet_skills` (`SkillSet_id`, `skills`) VALUES ('11247', 'Java');
INSERT INTO `Mission` (`id`, `companyName`, `shortName`, `role`, `skillSet_id`) VALUES ('11247', 'Vodeith', 'Rjigh', 'SoftwareEngineer', '11247');
INSERT INTO `SkillSet` (`id`) VALUES ('11248');
INSERT INTO `SkillSet_skills` (`SkillSet_id`, `skills`) VALUES ('11248', 'Java');
INSERT INTO `SkillSet_skills` (`SkillSet_id`, `skills`) VALUES ('11248', 'SQL');
INSERT INTO `SkillSet_skills` (`SkillSet_id`, `skills`) VALUES ('11248', 'dotNet');
INSERT INTO `SkillSet_skills` (`SkillSet_id`, `skills`) VALUES ('11248', 'SQL');
INSERT INTO `SkillSet_skills` (`SkillSet_id`, `skills`) VALUES ('11248', 'UITesting');
INSERT INTO `Mission` (`id`, `companyName`, `shortName`, `role`, `skillSet_id`) VALUES ('11248', 'Glot', 'Yth', 'JuniorSoftwareEngineer', '11248');
INSERT INTO `SkillSet` (`id`) VALUES ('11249');
INSERT INTO `SkillSet_skills` (`SkillSet_id`, `skills`) VALUES ('11249', 'Architektur');
INSERT INTO `SkillSet_skills` (`SkillSet_id`, `skills`) VALUES ('11249', 'dotNet');
INSERT INTO `SkillSet_skills` (`SkillSet_id`, `skills`) VALUES ('11249', 'Gradle');
INSERT INTO `SkillSet_skills` (`SkillSet_id`, `skills`) VALUES ('11249', 'Architektur');
INSERT INTO `SkillSet_skills` (`SkillSet_id`, `skills`) VALUES ('11249', 'Ant');
INSERT INTO `Mission` (`id`, `companyName`, `shortName`, `role`, `skillSet_id`) VALUES ('11249', 'Koinn', 'Oinjig', 'LeadEngineer', '11249');
INSERT INTO `SkillSet` (`id`) VALUES ('11250');
INSERT INTO `SkillSet_skills` (`SkillSet_id`, `skills`) VALUES ('11250', 'UITesting');
INSERT INTO `Mission` (`id`, `companyName`, `shortName`, `role`, `skillSet_id`) VALUES ('11250', 'Jit', 'Zynt', 'SoftwareEngineer', '11250');
INSERT INTO `SkillSet` (`id`) VALUES ('11251');
INSERT INTO `SkillSet_skills` (`SkillSet_id`, `skills`) VALUES ('11251', 'SQL');
INSERT INTO `SkillSet_skills` (`SkillSet_id`, `skills`) VALUES ('11251', 'SQL');
INSERT INTO `SkillSet_skills` (`SkillSet_id`, `skills`) VALUES ('11251', 'Java');
INSERT INTO `SkillSet_skills` (`SkillSet_id`, `skills`) VALUES ('11251', 'UITesting');
INSERT INTO `SkillSet_skills` (`SkillSet_id`, `skills`) VALUES ('11251', 'Maven');
INSERT INTO `Mission` (`id`, `companyName`, `shortName`, `role`, `skillSet_id`) VALUES ('11251', 'Ihas', 'Glaureiv', 'JuniorSoftwareEngineer', '11251');
INSERT INTO `SkillSet` (`id`) VALUES ('11252');
INSERT INTO `SkillSet_skills` (`SkillSet_id`, `skills`) VALUES ('11252', 'dotNet');
INSERT INTO `SkillSet_skills` (`SkillSet_id`, `skills`) VALUES ('11252', 'UITesting');
INSERT INTO `SkillSet_skills` (`SkillSet_id`, `skills`) VALUES ('11252', 'Architektur');
INSERT INTO `SkillSet_skills` (`SkillSet_id`, `skills`) VALUES ('11252', 'UnitTesting');
INSERT INTO `Mission` (`id`, `companyName`, `shortName`, `role`, `skillSet_id`) VALUES ('11252', 'Ouss', 'Brain', 'LeadEngineer', '11252');
INSERT INTO `SkillSet` (`id`) VALUES ('11253');
INSERT INTO `SkillSet_skills` (`SkillSet_id`, `skills`) VALUES ('11253', 'Maven');
INSERT INTO `SkillSet_skills` (`SkillSet_id`, `skills`) VALUES ('11253', 'UnitTesting');
INSERT INTO `SkillSet_skills` (`SkillSet_id`, `skills`) VALUES ('11253', 'Gradle');
INSERT INTO `SkillSet_skills` (`SkillSet_id`, `skills`) VALUES ('11253', 'Architektur');
INSERT INTO `SkillSet_skills` (`SkillSet_id`, `skills`) VALUES ('11253', 'UITesting');
INSERT INTO `Mission` (`id`, `companyName`, `shortName`, `role`, `skillSet_id`) VALUES ('11253', 'Linn', 'Eig', 'SoftwareEngineer', '11253');
INSERT INTO `SkillSet` (`id`) VALUES ('11254');
INSERT INTO `SkillSet_skills` (`SkillSet_id`, `skills`) VALUES ('11254', 'Maven');
INSERT INTO `SkillSet_skills` (`SkillSet_id`, `skills`) VALUES ('11254', 'Architektur');
INSERT INTO `SkillSet_skills` (`SkillSet_id`, `skills`) VALUES ('11254', 'Ant');
INSERT INTO `SkillSet_skills` (`SkillSet_id`, `skills`) VALUES ('11254', 'Java');
INSERT INTO `Mission` (`id`, `companyName`, `shortName`, `role`, `skillSet_id`) VALUES ('11254', 'Nimub', 'Klishat', 'LeadEngineer', '11254');
INSERT INTO `SkillSet` (`id`) VALUES ('11255');
INSERT INTO `SkillSet_skills` (`SkillSet_id`, `skills`) VALUES ('11255', 'Architektur');
INSERT INTO `SkillSet_skills` (`SkillSet_id`, `skills`) VALUES ('11255', 'Gradle');
INSERT INTO `SkillSet_skills` (`SkillSet_id`, `skills`) VALUES ('11255', 'UITesting');
INSERT INTO `Mission` (`id`, `companyName`, `shortName`, `role`, `skillSet_id`) VALUES ('11255', 'Ek', 'Mughott', 'SeniorSoftwareEngineer', '11255');
INSERT INTO `SkillSet` (`id`) VALUES ('11256');
INSERT INTO `SkillSet_skills` (`SkillSet_id`, `skills`) VALUES ('11256', 'Gradle');
INSERT INTO `SkillSet_skills` (`SkillSet_id`, `skills`) VALUES ('11256', 'Java');
INSERT INTO `SkillSet_skills` (`SkillSet_id`, `skills`) VALUES ('11256', 'Gradle');
INSERT INTO `SkillSet_skills` (`SkillSet_id`, `skills`) VALUES ('11256', 'SQL');
INSERT INTO `Mission` (`id`, `companyName`, `shortName`, `role`, `skillSet_id`) VALUES ('11256', 'Blyb', 'Pjif', 'JuniorSoftwareEngineer', '11256');
INSERT INTO `SkillSet` (`id`) VALUES ('11257');
INSERT INTO `SkillSet_skills` (`SkillSet_id`, `skills`) VALUES ('11257', 'Java');
INSERT INTO `SkillSet_skills` (`SkillSet_id`, `skills`) VALUES ('11257', 'UnitTesting');
INSERT INTO `SkillSet_skills` (`SkillSet_id`, `skills`) VALUES ('11257', 'Maven');
INSERT INTO `SkillSet_skills` (`SkillSet_id`, `skills`) VALUES ('11257', 'Java');
INSERT INTO `SkillSet_skills` (`SkillSet_id`, `skills`) VALUES ('11257', 'UITesting');
INSERT INTO `Mission` (`id`, `companyName`, `shortName`, `role`, `skillSet_id`) VALUES ('11257', 'Kooshaug', 'Loutt', 'JuniorSoftwareEngineer', '11257');
INSERT INTO `SkillSet` (`id`) VALUES ('11258');
INSERT INTO `SkillSet_skills` (`SkillSet_id`, `skills`) VALUES ('11258', 'SQL');
INSERT INTO `SkillSet_skills` (`SkillSet_id`, `skills`) VALUES ('11258', 'UnitTesting');
INSERT INTO `SkillSet_skills` (`SkillSet_id`, `skills`) VALUES ('11258', 'Gradle');
INSERT INTO `SkillSet_skills` (`SkillSet_id`, `skills`) VALUES ('11258', 'dotNet');
INSERT INTO `SkillSet_skills` (`SkillSet_id`, `skills`) VALUES ('11258', 'SQL');
INSERT INTO `Mission` (`id`, `companyName`, `shortName`, `role`, `skillSet_id`) VALUES ('11258', 'Fljroiz', 'Eip', 'LeadSoftwareArchitect', '11258');
INSERT INTO `SkillSet` (`id`) VALUES ('11259');
INSERT INTO `SkillSet_skills` (`SkillSet_id`, `skills`) VALUES ('11259', 'Java');
INSERT INTO `SkillSet_skills` (`SkillSet_id`, `skills`) VALUES ('11259', 'Ant');
INSERT INTO `SkillSet_skills` (`SkillSet_id`, `skills`) VALUES ('11259', 'Gradle');
INSERT INTO `Mission` (`id`, `companyName`, `shortName`, `role`, `skillSet_id`) VALUES ('11259', 'Abeish', 'Odop', 'SeniorSoftwareEngineer', '11259');
INSERT INTO `SkillSet` (`id`) VALUES ('11260');
INSERT INTO `SkillSet_skills` (`SkillSet_id`, `skills`) VALUES ('11260', 'UnitTesting');
INSERT INTO `SkillSet_skills` (`SkillSet_id`, `skills`) VALUES ('11260', 'Gradle');
INSERT INTO `SkillSet_skills` (`SkillSet_id`, `skills`) VALUES ('11260', 'Maven');
INSERT INTO `Mission` (`id`, `companyName`, `shortName`, `role`, `skillSet_id`) VALUES ('11260', 'Onn', 'Aust', 'SoftwareEngineer', '11260');
INSERT INTO `SkillSet` (`id`) VALUES ('11261');
INSERT INTO `SkillSet_skills` (`SkillSet_id`, `skills`) VALUES ('11261', 'Maven');
INSERT INTO `SkillSet_skills` (`SkillSet_id`, `skills`) VALUES ('11261', 'dotNet');
INSERT INTO `SkillSet_skills` (`SkillSet_id`, `skills`) VALUES ('11261', 'UITesting');
INSERT INTO `SkillSet_skills` (`SkillSet_id`, `skills`) VALUES ('11261', 'dotNet');
INSERT INTO `SkillSet_skills` (`SkillSet_id`, `skills`) VALUES ('11261', 'Gradle');
INSERT INTO `Mission` (`id`, `companyName`, `shortName`, `role`, `skillSet_id`) VALUES ('11261', 'Yk', 'Oth', 'LeadSoftwareArchitect', '11261');
INSERT INTO `SkillSet` (`id`) VALUES ('11262');
INSERT INTO `SkillSet_skills` (`SkillSet_id`, `skills`) VALUES ('11262', 'Java');
INSERT INTO `SkillSet_skills` (`SkillSet_id`, `skills`) VALUES ('11262', 'SQL');
INSERT INTO `SkillSet_skills` (`SkillSet_id`, `skills`) VALUES ('11262', 'dotNet');
INSERT INTO `SkillSet_skills` (`SkillSet_id`, `skills`) VALUES ('11262', 'Ant');
INSERT INTO `SkillSet_skills` (`SkillSet_id`, `skills`) VALUES ('11262', 'Gradle');
INSERT INTO `Mission` (`id`, `companyName`, `shortName`, `role`, `skillSet_id`) VALUES ('11262', 'Zoiwaugh', 'Fail', 'LeadSoftwareArchitect', '11262');
INSERT INTO `SkillSet` (`id`) VALUES ('11263');
INSERT INTO `SkillSet_skills` (`SkillSet_id`, `skills`) VALUES ('11263', 'Gradle');
INSERT INTO `Mission` (`id`, `companyName`, `shortName`, `role`, `skillSet_id`) VALUES ('11263', 'Zighoosh', 'Jw', 'PrincipalConsultant', '11263');
INSERT INTO `SkillSet` (`id`) VALUES ('11264');
INSERT INTO `SkillSet_skills` (`SkillSet_id`, `skills`) VALUES ('11264', 'Ant');
INSERT INTO `SkillSet_skills` (`SkillSet_id`, `skills`) VALUES ('11264', 'dotNet');
INSERT INTO `SkillSet_skills` (`SkillSet_id`, `skills`) VALUES ('11264', 'Architektur');
INSERT INTO `Mission` (`id`, `companyName`, `shortName`, `role`, `skillSet_id`) VALUES ('11264', 'Oopfych', 'Stjittag', 'PrincipalConsultant', '11264');
INSERT INTO `SkillSet` (`id`) VALUES ('11265');
INSERT INTO `SkillSet_skills` (`SkillSet_id`, `skills`) VALUES ('11265', 'dotNet');
INSERT INTO `Mission` (`id`, `companyName`, `shortName`, `role`, `skillSet_id`) VALUES ('11265', 'Oow', 'Egh', 'LeadSoftwareArchitect', '11265');
INSERT INTO `SkillSet` (`id`) VALUES ('11266');
INSERT INTO `SkillSet_skills` (`SkillSet_id`, `skills`) VALUES ('11266', 'UnitTesting');
INSERT INTO `SkillSet_skills` (`SkillSet_id`, `skills`) VALUES ('11266', 'Ant');
INSERT INTO `SkillSet_skills` (`SkillSet_id`, `skills`) VALUES ('11266', 'SQL');
INSERT INTO `Mission` (`id`, `companyName`, `shortName`, `role`, `skillSet_id`) VALUES ('11266', 'Oich', 'Oogough', 'LeadEngineer', '11266');
INSERT INTO `SkillSet` (`id`) VALUES ('11267');
INSERT INTO `SkillSet_skills` (`SkillSet_id`, `skills`) VALUES ('11267', 'Ant');
INSERT INTO `Mission` (`id`, `companyName`, `shortName`, `role`, `skillSet_id`) VALUES ('11267', 'Klein', 'Jntoupf', 'SeniorSoftwareEngineer', '11267');
INSERT INTO `SkillSet` (`id`) VALUES ('11268');
INSERT INTO `SkillSet_skills` (`SkillSet_id`, `skills`) VALUES ('11268', 'Maven');
INSERT INTO `Mission` (`id`, `companyName`, `shortName`, `role`, `skillSet_id`) VALUES ('11268', 'Ouh', 'Baub', 'LeadEngineer', '11268');
INSERT INTO `SkillSet` (`id`) VALUES ('11269');
INSERT INTO `SkillSet_skills` (`SkillSet_id`, `skills`) VALUES ('11269', 'dotNet');
INSERT INTO `SkillSet_skills` (`SkillSet_id`, `skills`) VALUES ('11269', 'Gradle');
INSERT INTO `Mission` (`id`, `companyName`, `shortName`, `role`, `skillSet_id`) VALUES ('11269', 'Jivaz', 'Oott', 'SeniorSoftwareEngineer', '11269');
INSERT INTO `SkillSet` (`id`) VALUES ('11270');
INSERT INTO `SkillSet_skills` (`SkillSet_id`, `skills`) VALUES ('11270', 'UITesting');
INSERT INTO `SkillSet_skills` (`SkillSet_id`, `skills`) VALUES ('11270', 'Architektur');
INSERT INTO `SkillSet_skills` (`SkillSet_id`, `skills`) VALUES ('11270', 'SQL');
INSERT INTO `SkillSet_skills` (`SkillSet_id`, `skills`) VALUES ('11270', 'Ant');
INSERT INTO `Mission` (`id`, `companyName`, `shortName`, `role`, `skillSet_id`) VALUES ('11270', 'Djsh', 'Shannapf', 'LeadSoftwareArchitect', '11270');
INSERT INTO `SkillSet` (`id`) VALUES ('11271');
INSERT INTO `SkillSet_skills` (`SkillSet_id`, `skills`) VALUES ('11271', 'Maven');
INSERT INTO `SkillSet_skills` (`SkillSet_id`, `skills`) VALUES ('11271', 'dotNet');
INSERT INTO `SkillSet_skills` (`SkillSet_id`, `skills`) VALUES ('11271', 'Gradle');
INSERT INTO `SkillSet_skills` (`SkillSet_id`, `skills`) VALUES ('11271', 'dotNet');
INSERT INTO `SkillSet_skills` (`SkillSet_id`, `skills`) VALUES ('11271', 'UITesting');
INSERT INTO `Mission` (`id`, `companyName`, `shortName`, `role`, `skillSet_id`) VALUES ('11271', 'Ljt', 'Flir', 'JuniorSoftwareEngineer', '11271');
INSERT INTO `SkillSet` (`id`) VALUES ('11272');
INSERT INTO `SkillSet_skills` (`SkillSet_id`, `skills`) VALUES ('11272', 'UITesting');
INSERT INTO `Mission` (`id`, `companyName`, `shortName`, `role`, `skillSet_id`) VALUES ('11272', 'Oiputt', 'Ip', 'LeadSoftwareArchitect', '11272');
INSERT INTO `SkillSet` (`id`) VALUES ('11273');
INSERT INTO `SkillSet_skills` (`SkillSet_id`, `skills`) VALUES ('11273', 'UITesting');
INSERT INTO `SkillSet_skills` (`SkillSet_id`, `skills`) VALUES ('11273', 'UITesting');
INSERT INTO `SkillSet_skills` (`SkillSet_id`, `skills`) VALUES ('11273', 'dotNet');
INSERT INTO `Mission` (`id`, `companyName`, `shortName`, `role`, `skillSet_id`) VALUES ('11273', 'Soist', 'Oittoopf', 'LeadEngineer', '11273');
INSERT INTO `SkillSet` (`id`) VALUES ('11274');
INSERT INTO `SkillSet_skills` (`SkillSet_id`, `skills`) VALUES ('11274', 'Architektur');
INSERT INTO `SkillSet_skills` (`SkillSet_id`, `skills`) VALUES ('11274', 'Gradle');
INSERT INTO `SkillSet_skills` (`SkillSet_id`, `skills`) VALUES ('11274', 'UnitTesting');
INSERT INTO `Mission` (`id`, `companyName`, `shortName`, `role`, `skillSet_id`) VALUES ('11274', 'Zyttoos', 'Grjnnoip', 'PrincipalConsultant', '11274');
INSERT INTO `SkillSet` (`id`) VALUES ('11275');
INSERT INTO `SkillSet_skills` (`SkillSet_id`, `skills`) VALUES ('11275', 'UnitTesting');
INSERT INTO `Mission` (`id`, `companyName`, `shortName`, `role`, `skillSet_id`) VALUES ('11275', 'Oupoth', 'Prenunn', 'LeadSoftwareArchitect', '11275');
INSERT INTO `SkillSet` (`id`) VALUES ('11276');
INSERT INTO `SkillSet_skills` (`SkillSet_id`, `skills`) VALUES ('11276', 'SQL');
INSERT INTO `Mission` (`id`, `companyName`, `shortName`, `role`, `skillSet_id`) VALUES ('11276', 'Flaug', 'Flousson', 'SeniorSoftwareEngineer', '11276');
INSERT INTO `SkillSet` (`id`) VALUES ('11277');
INSERT INTO `SkillSet_skills` (`SkillSet_id`, `skills`) VALUES ('11277', 'UnitTesting');
INSERT INTO `Mission` (`id`, `companyName`, `shortName`, `role`, `skillSet_id`) VALUES ('11277', 'Oissysh', 'Aighev', 'SeniorSoftwareEngineer', '11277');
INSERT INTO `SkillSet` (`id`) VALUES ('11278');
INSERT INTO `SkillSet_skills` (`SkillSet_id`, `skills`) VALUES ('11278', 'Ant');
INSERT INTO `SkillSet_skills` (`SkillSet_id`, `skills`) VALUES ('11278', 'Architektur');
INSERT INTO `Mission` (`id`, `companyName`, `shortName`, `role`, `skillSet_id`) VALUES ('11278', 'Soidaus', 'Kljkiv', 'SeniorSoftwareEngineer', '11278');
INSERT INTO `SkillSet` (`id`) VALUES ('11279');
INSERT INTO `SkillSet_skills` (`SkillSet_id`, `skills`) VALUES ('11279', 'dotNet');
INSERT INTO `SkillSet_skills` (`SkillSet_id`, `skills`) VALUES ('11279', 'Ant');
INSERT INTO `SkillSet_skills` (`SkillSet_id`, `skills`) VALUES ('11279', 'Architektur');
INSERT INTO `SkillSet_skills` (`SkillSet_id`, `skills`) VALUES ('11279', 'SQL');
INSERT INTO `SkillSet_skills` (`SkillSet_id`, `skills`) VALUES ('11279', 'dotNet');
INSERT INTO `Mission` (`id`, `companyName`, `shortName`, `role`, `skillSet_id`) VALUES ('11279', 'Stoot', 'Oup', 'LeadEngineer', '11279');
INSERT INTO `SkillSet` (`id`) VALUES ('11280');
INSERT INTO `SkillSet_skills` (`SkillSet_id`, `skills`) VALUES ('11280', 'UnitTesting');
INSERT INTO `Mission` (`id`, `companyName`, `shortName`, `role`, `skillSet_id`) VALUES ('11280', 'Veifaig', 'Aunn', 'JuniorSoftwareEngineer', '11280');
INSERT INTO `SkillSet` (`id`) VALUES ('11281');
INSERT INTO `SkillSet_skills` (`SkillSet_id`, `skills`) VALUES ('11281', 'Java');
INSERT INTO `SkillSet_skills` (`SkillSet_id`, `skills`) VALUES ('11281', 'Ant');
INSERT INTO `SkillSet_skills` (`SkillSet_id`, `skills`) VALUES ('11281', 'UITesting');
INSERT INTO `SkillSet_skills` (`SkillSet_id`, `skills`) VALUES ('11281', 'SQL');
INSERT INTO `SkillSet_skills` (`SkillSet_id`, `skills`) VALUES ('11281', 'dotNet');
INSERT INTO `Mission` (`id`, `companyName`, `shortName`, `role`, `skillSet_id`) VALUES ('11281', 'Poinn', 'Choiboon', 'SoftwareEngineer', '11281');
INSERT INTO `SkillSet` (`id`) VALUES ('11282');
INSERT INTO `SkillSet_skills` (`SkillSet_id`, `skills`) VALUES ('11282', 'UnitTesting');
INSERT INTO `SkillSet_skills` (`SkillSet_id`, `skills`) VALUES ('11282', 'UITesting');
INSERT INTO `SkillSet_skills` (`SkillSet_id`, `skills`) VALUES ('11282', 'Maven');
INSERT INTO `SkillSet_skills` (`SkillSet_id`, `skills`) VALUES ('11282', 'Ant');
INSERT INTO `Mission` (`id`, `companyName`, `shortName`, `role`, `skillSet_id`) VALUES ('11282', 'Piss', 'Gloin', 'LeadSoftwareArchitect', '11282');
INSERT INTO `SkillSet` (`id`) VALUES ('11283');
INSERT INTO `SkillSet_skills` (`SkillSet_id`, `skills`) VALUES ('11283', 'Maven');
INSERT INTO `SkillSet_skills` (`SkillSet_id`, `skills`) VALUES ('11283', 'Gradle');
INSERT INTO `SkillSet_skills` (`SkillSet_id`, `skills`) VALUES ('11283', 'Ant');
INSERT INTO `Mission` (`id`, `companyName`, `shortName`, `role`, `skillSet_id`) VALUES ('11283', 'Hjstaiw', 'Choug', 'LeadSoftwareArchitect', '11283');
INSERT INTO `SkillSet` (`id`) VALUES ('11284');
INSERT INTO `SkillSet_skills` (`SkillSet_id`, `skills`) VALUES ('11284', 'SQL');
INSERT INTO `SkillSet_skills` (`SkillSet_id`, `skills`) VALUES ('11284', 'Gradle');
INSERT INTO `SkillSet_skills` (`SkillSet_id`, `skills`) VALUES ('11284', 'UITesting');
INSERT INTO `Mission` (`id`, `companyName`, `shortName`, `role`, `skillSet_id`) VALUES ('11284', 'Shuf', 'Udaitt', 'JuniorSoftwareEngineer', '11284');
INSERT INTO `SkillSet` (`id`) VALUES ('11285');
INSERT INTO `SkillSet_skills` (`SkillSet_id`, `skills`) VALUES ('11285', 'Architektur');
INSERT INTO `SkillSet_skills` (`SkillSet_id`, `skills`) VALUES ('11285', 'Maven');
INSERT INTO `SkillSet_skills` (`SkillSet_id`, `skills`) VALUES ('11285', 'Architektur');
INSERT INTO `SkillSet_skills` (`SkillSet_id`, `skills`) VALUES ('11285', 'dotNet');
INSERT INTO `Mission` (`id`, `companyName`, `shortName`, `role`, `skillSet_id`) VALUES ('11285', 'Oolouss', 'Geinneigh', 'SoftwareEngineer', '11285');
INSERT INTO `SkillSet` (`id`) VALUES ('11286');
INSERT INTO `SkillSet_skills` (`SkillSet_id`, `skills`) VALUES ('11286', 'Java');
INSERT INTO `Mission` (`id`, `companyName`, `shortName`, `role`, `skillSet_id`) VALUES ('11286', 'Glaw', 'Est', 'PrincipalConsultant', '11286');
INSERT INTO `SkillSet` (`id`) VALUES ('11287');
INSERT INTO `SkillSet_skills` (`SkillSet_id`, `skills`) VALUES ('11287', 'Maven');
INSERT INTO `SkillSet_skills` (`SkillSet_id`, `skills`) VALUES ('11287', 'Maven');
INSERT INTO `SkillSet_skills` (`SkillSet_id`, `skills`) VALUES ('11287', 'UITesting');
INSERT INTO `SkillSet_skills` (`SkillSet_id`, `skills`) VALUES ('11287', 'UITesting');
INSERT INTO `Mission` (`id`, `companyName`, `shortName`, `role`, `skillSet_id`) VALUES ('11287', 'Goott', 'Kaukail', 'JuniorSoftwareEngineer', '11287');
INSERT INTO `SkillSet` (`id`) VALUES ('11288');
INSERT INTO `SkillSet_skills` (`SkillSet_id`, `skills`) VALUES ('11288', 'dotNet');
INSERT INTO `SkillSet_skills` (`SkillSet_id`, `skills`) VALUES ('11288', 'SQL');
INSERT INTO `Mission` (`id`, `companyName`, `shortName`, `role`, `skillSet_id`) VALUES ('11288', 'Oipf', 'Cep', 'SoftwareEngineer', '11288');
INSERT INTO `SkillSet` (`id`) VALUES ('11289');
INSERT INTO `SkillSet_skills` (`SkillSet_id`, `skills`) VALUES ('11289', 'Java');
INSERT INTO `SkillSet_skills` (`SkillSet_id`, `skills`) VALUES ('11289', 'dotNet');
INSERT INTO `SkillSet_skills` (`SkillSet_id`, `skills`) VALUES ('11289', 'UITesting');
INSERT INTO `Mission` (`id`, `companyName`, `shortName`, `role`, `skillSet_id`) VALUES ('11289', 'Auv', 'Oiw', 'LeadEngineer', '11289');
INSERT INTO `SkillSet` (`id`) VALUES ('11290');
INSERT INTO `SkillSet_skills` (`SkillSet_id`, `skills`) VALUES ('11290', 'Architektur');
INSERT INTO `SkillSet_skills` (`SkillSet_id`, `skills`) VALUES ('11290', 'Architektur');
INSERT INTO `Mission` (`id`, `companyName`, `shortName`, `role`, `skillSet_id`) VALUES ('11290', 'Graud', 'Ol', 'SoftwareEngineer', '11290');
INSERT INTO `SkillSet` (`id`) VALUES ('11291');
INSERT INTO `SkillSet_skills` (`SkillSet_id`, `skills`) VALUES ('11291', 'dotNet');
INSERT INTO `SkillSet_skills` (`SkillSet_id`, `skills`) VALUES ('11291', 'dotNet');
INSERT INTO `Mission` (`id`, `companyName`, `shortName`, `role`, `skillSet_id`) VALUES ('11291', 'Gluchef', 'Oghast', 'PrincipalConsultant', '11291');
INSERT INTO `SkillSet` (`id`) VALUES ('11292');
INSERT INTO `SkillSet_skills` (`SkillSet_id`, `skills`) VALUES ('11292', 'Maven');
INSERT INTO `SkillSet_skills` (`SkillSet_id`, `skills`) VALUES ('11292', 'Java');
INSERT INTO `SkillSet_skills` (`SkillSet_id`, `skills`) VALUES ('11292', 'Architektur');
INSERT INTO `SkillSet_skills` (`SkillSet_id`, `skills`) VALUES ('11292', 'SQL');
INSERT INTO `Mission` (`id`, `companyName`, `shortName`, `role`, `skillSet_id`) VALUES ('11292', 'Flochoont', 'Poum', 'SoftwareEngineer', '11292');
INSERT INTO `SkillSet` (`id`) VALUES ('11293');
INSERT INTO `SkillSet_skills` (`SkillSet_id`, `skills`) VALUES ('11293', 'UnitTesting');
INSERT INTO `SkillSet_skills` (`SkillSet_id`, `skills`) VALUES ('11293', 'UITesting');
INSERT INTO `SkillSet_skills` (`SkillSet_id`, `skills`) VALUES ('11293', 'SQL');
INSERT INTO `SkillSet_skills` (`SkillSet_id`, `skills`) VALUES ('11293', 'UITesting');
INSERT INTO `Mission` (`id`, `companyName`, `shortName`, `role`, `skillSet_id`) VALUES ('11293', 'Priwyw', 'Aunt', 'JuniorSoftwareEngineer', '11293');
INSERT INTO `SkillSet` (`id`) VALUES ('11294');
INSERT INTO `SkillSet_skills` (`SkillSet_id`, `skills`) VALUES ('11294', 'SQL');
INSERT INTO `SkillSet_skills` (`SkillSet_id`, `skills`) VALUES ('11294', 'Java');
INSERT INTO `SkillSet_skills` (`SkillSet_id`, `skills`) VALUES ('11294', 'UITesting');
INSERT INTO `Mission` (`id`, `companyName`, `shortName`, `role`, `skillSet_id`) VALUES ('11294', 'Flepuz', 'Tykuv', 'SeniorSoftwareEngineer', '11294');
INSERT INTO `SkillSet` (`id`) VALUES ('11295');
INSERT INTO `SkillSet_skills` (`SkillSet_id`, `skills`) VALUES ('11295', 'Ant');
INSERT INTO `Mission` (`id`, `companyName`, `shortName`, `role`, `skillSet_id`) VALUES ('11295', 'Osh', 'Id', 'LeadEngineer', '11295');
INSERT INTO `SkillSet` (`id`) VALUES ('11296');
INSERT INTO `SkillSet_skills` (`SkillSet_id`, `skills`) VALUES ('11296', 'Gradle');
INSERT INTO `SkillSet_skills` (`SkillSet_id`, `skills`) VALUES ('11296', 'dotNet');
INSERT INTO `Mission` (`id`, `companyName`, `shortName`, `role`, `skillSet_id`) VALUES ('11296', 'Floiw', 'It', 'PrincipalConsultant', '11296');
INSERT INTO `SkillSet` (`id`) VALUES ('11297');
INSERT INTO `SkillSet_skills` (`SkillSet_id`, `skills`) VALUES ('11297', 'SQL');
INSERT INTO `SkillSet_skills` (`SkillSet_id`, `skills`) VALUES ('11297', 'Architektur');
INSERT INTO `SkillSet_skills` (`SkillSet_id`, `skills`) VALUES ('11297', 'UnitTesting');
INSERT INTO `SkillSet_skills` (`SkillSet_id`, `skills`) VALUES ('11297', 'dotNet');
INSERT INTO `SkillSet_skills` (`SkillSet_id`, `skills`) VALUES ('11297', 'Ant');
INSERT INTO `Mission` (`id`, `companyName`, `shortName`, `role`, `skillSet_id`) VALUES ('11297', 'Esait', 'Qyhyk', 'JuniorSoftwareEngineer', '11297');
INSERT INTO `SkillSet` (`id`) VALUES ('11298');
INSERT INTO `SkillSet_skills` (`SkillSet_id`, `skills`) VALUES ('11298', 'UITesting');
INSERT INTO `SkillSet_skills` (`SkillSet_id`, `skills`) VALUES ('11298', 'Architektur');
INSERT INTO `SkillSet_skills` (`SkillSet_id`, `skills`) VALUES ('11298', 'UITesting');
INSERT INTO `Mission` (`id`, `companyName`, `shortName`, `role`, `skillSet_id`) VALUES ('11298', 'Aleipf', 'Mossook', 'SoftwareEngineer', '11298');
INSERT INTO `SkillSet` (`id`) VALUES ('11299');
INSERT INTO `SkillSet_skills` (`SkillSet_id`, `skills`) VALUES ('11299', 'Architektur');
INSERT INTO `SkillSet_skills` (`SkillSet_id`, `skills`) VALUES ('11299', 'Maven');
INSERT INTO `SkillSet_skills` (`SkillSet_id`, `skills`) VALUES ('11299', 'Architektur');
INSERT INTO `Mission` (`id`, `companyName`, `shortName`, `role`, `skillSet_id`) VALUES ('11299', 'Kysh', 'Thooljch', 'LeadSoftwareArchitect', '11299');
INSERT INTO `SkillSet` (`id`) VALUES ('11300');
INSERT INTO `SkillSet_skills` (`SkillSet_id`, `skills`) VALUES ('11300', 'UITesting');
INSERT INTO `Mission` (`id`, `companyName`, `shortName`, `role`, `skillSet_id`) VALUES ('11300', 'Thoizaud', 'Jbop', 'PrincipalConsultant', '11300');
INSERT INTO `SkillSet` (`id`) VALUES ('11301');
INSERT INTO `SkillSet_skills` (`SkillSet_id`, `skills`) VALUES ('11301', 'dotNet');
INSERT INTO `SkillSet_skills` (`SkillSet_id`, `skills`) VALUES ('11301', 'Maven');
INSERT INTO `SkillSet_skills` (`SkillSet_id`, `skills`) VALUES ('11301', 'dotNet');
INSERT INTO `SkillSet_skills` (`SkillSet_id`, `skills`) VALUES ('11301', 'Architektur');
INSERT INTO `Mission` (`id`, `companyName`, `shortName`, `role`, `skillSet_id`) VALUES ('11301', 'Banaik', 'Shuk', 'LeadSoftwareArchitect', '11301');
INSERT INTO `SkillSet` (`id`) VALUES ('11302');
INSERT INTO `SkillSet_skills` (`SkillSet_id`, `skills`) VALUES ('11302', 'UnitTesting');
INSERT INTO `SkillSet_skills` (`SkillSet_id`, `skills`) VALUES ('11302', 'dotNet');
INSERT INTO `SkillSet_skills` (`SkillSet_id`, `skills`) VALUES ('11302', 'Architektur');
INSERT INTO `SkillSet_skills` (`SkillSet_id`, `skills`) VALUES ('11302', 'UITesting');
INSERT INTO `SkillSet_skills` (`SkillSet_id`, `skills`) VALUES ('11302', 'Maven');
INSERT INTO `Mission` (`id`, `companyName`, `shortName`, `role`, `skillSet_id`) VALUES ('11302', 'Aus', 'Um', 'PrincipalConsultant', '11302');
INSERT INTO `SkillSet` (`id`) VALUES ('11303');
INSERT INTO `SkillSet_skills` (`SkillSet_id`, `skills`) VALUES ('11303', 'Java');
INSERT INTO `SkillSet_skills` (`SkillSet_id`, `skills`) VALUES ('11303', 'Gradle');
INSERT INTO `SkillSet_skills` (`SkillSet_id`, `skills`) VALUES ('11303', 'UITesting');
INSERT INTO `Mission` (`id`, `companyName`, `shortName`, `role`, `skillSet_id`) VALUES ('11303', 'Jiv', 'Wjn', 'SoftwareEngineer', '11303');
INSERT INTO `SkillSet` (`id`) VALUES ('11304');
INSERT INTO `SkillSet_skills` (`SkillSet_id`, `skills`) VALUES ('11304', 'Architektur');
INSERT INTO `SkillSet_skills` (`SkillSet_id`, `skills`) VALUES ('11304', 'Architektur');
INSERT INTO `SkillSet_skills` (`SkillSet_id`, `skills`) VALUES ('11304', 'Gradle');
INSERT INTO `Mission` (`id`, `companyName`, `shortName`, `role`, `skillSet_id`) VALUES ('11304', 'Mjd', 'Ur', 'PrincipalConsultant', '11304');
INSERT INTO `SkillSet` (`id`) VALUES ('11305');
INSERT INTO `SkillSet_skills` (`SkillSet_id`, `skills`) VALUES ('11305', 'dotNet');
INSERT INTO `Mission` (`id`, `companyName`, `shortName`, `role`, `skillSet_id`) VALUES ('11305', 'Jhjiss', 'Wjfaiv', 'PrincipalConsultant', '11305');
INSERT INTO `SkillSet` (`id`) VALUES ('11306');
INSERT INTO `SkillSet_skills` (`SkillSet_id`, `skills`) VALUES ('11306', 'Ant');
INSERT INTO `SkillSet_skills` (`SkillSet_id`, `skills`) VALUES ('11306', 'SQL');
INSERT INTO `SkillSet_skills` (`SkillSet_id`, `skills`) VALUES ('11306', 'SQL');
INSERT INTO `SkillSet_skills` (`SkillSet_id`, `skills`) VALUES ('11306', 'SQL');
INSERT INTO `Mission` (`id`, `companyName`, `shortName`, `role`, `skillSet_id`) VALUES ('11306', 'Stopf', 'Adyw', 'LeadSoftwareArchitect', '11306');
INSERT INTO `SkillSet` (`id`) VALUES ('11307');
INSERT INTO `SkillSet_skills` (`SkillSet_id`, `skills`) VALUES ('11307', 'Gradle');
INSERT INTO `SkillSet_skills` (`SkillSet_id`, `skills`) VALUES ('11307', 'Ant');
INSERT INTO `SkillSet_skills` (`SkillSet_id`, `skills`) VALUES ('11307', 'UnitTesting');
INSERT INTO `Mission` (`id`, `companyName`, `shortName`, `role`, `skillSet_id`) VALUES ('11307', 'Auf', 'Essoig', 'SeniorSoftwareEngineer', '11307');
INSERT INTO `SkillSet` (`id`) VALUES ('11308');
INSERT INTO `SkillSet_skills` (`SkillSet_id`, `skills`) VALUES ('11308', 'UITesting');
INSERT INTO `SkillSet_skills` (`SkillSet_id`, `skills`) VALUES ('11308', 'UnitTesting');
INSERT INTO `SkillSet_skills` (`SkillSet_id`, `skills`) VALUES ('11308', 'SQL');
INSERT INTO `SkillSet_skills` (`SkillSet_id`, `skills`) VALUES ('11308', 'Maven');
INSERT INTO `SkillSet_skills` (`SkillSet_id`, `skills`) VALUES ('11308', 'dotNet');
INSERT INTO `Mission` (`id`, `companyName`, `shortName`, `role`, `skillSet_id`) VALUES ('11308', 'Coittab', 'Eiv', 'JuniorSoftwareEngineer', '11308');
INSERT INTO `SkillSet` (`id`) VALUES ('11309');
INSERT INTO `SkillSet_skills` (`SkillSet_id`, `skills`) VALUES ('11309', 'Architektur');
INSERT INTO `SkillSet_skills` (`SkillSet_id`, `skills`) VALUES ('11309', 'Java');
INSERT INTO `SkillSet_skills` (`SkillSet_id`, `skills`) VALUES ('11309', 'SQL');
INSERT INTO `SkillSet_skills` (`SkillSet_id`, `skills`) VALUES ('11309', 'Gradle');
INSERT INTO `SkillSet_skills` (`SkillSet_id`, `skills`) VALUES ('11309', 'UnitTesting');
INSERT INTO `Mission` (`id`, `companyName`, `shortName`, `role`, `skillSet_id`) VALUES ('11309', 'Oim', 'Railar', 'LeadEngineer', '11309');
INSERT INTO `SkillSet` (`id`) VALUES ('11310');
INSERT INTO `SkillSet_skills` (`SkillSet_id`, `skills`) VALUES ('11310', 'Architektur');
INSERT INTO `Mission` (`id`, `companyName`, `shortName`, `role`, `skillSet_id`) VALUES ('11310', 'Xapf', 'Efout', 'LeadSoftwareArchitect', '11310');
INSERT INTO `SkillSet` (`id`) VALUES ('11311');
INSERT INTO `SkillSet_skills` (`SkillSet_id`, `skills`) VALUES ('11311', 'Maven');
INSERT INTO `SkillSet_skills` (`SkillSet_id`, `skills`) VALUES ('11311', 'Java');
INSERT INTO `SkillSet_skills` (`SkillSet_id`, `skills`) VALUES ('11311', 'SQL');
INSERT INTO `SkillSet_skills` (`SkillSet_id`, `skills`) VALUES ('11311', 'Gradle');
INSERT INTO `SkillSet_skills` (`SkillSet_id`, `skills`) VALUES ('11311', 'Java');
INSERT INTO `Mission` (`id`, `companyName`, `shortName`, `role`, `skillSet_id`) VALUES ('11311', 'Jit', 'Wjid', 'SoftwareEngineer', '11311');
INSERT INTO `SkillSet` (`id`) VALUES ('11312');
INSERT INTO `SkillSet_skills` (`SkillSet_id`, `skills`) VALUES ('11312', 'Architektur');
INSERT INTO `SkillSet_skills` (`SkillSet_id`, `skills`) VALUES ('11312', 'UITesting');
INSERT INTO `SkillSet_skills` (`SkillSet_id`, `skills`) VALUES ('11312', 'Java');
INSERT INTO `SkillSet_skills` (`SkillSet_id`, `skills`) VALUES ('11312', 'dotNet');
INSERT INTO `Mission` (`id`, `companyName`, `shortName`, `role`, `skillSet_id`) VALUES ('11312', 'Ooch', 'Pur', 'JuniorSoftwareEngineer', '11312');
INSERT INTO `SkillSet` (`id`) VALUES ('11313');
INSERT INTO `SkillSet_skills` (`SkillSet_id`, `skills`) VALUES ('11313', 'UnitTesting');
INSERT INTO `SkillSet_skills` (`SkillSet_id`, `skills`) VALUES ('11313', 'UnitTesting');
INSERT INTO `Mission` (`id`, `companyName`, `shortName`, `role`, `skillSet_id`) VALUES ('11313', 'Oun', 'Maup', 'LeadEngineer', '11313');
INSERT INTO `SkillSet` (`id`) VALUES ('11314');
INSERT INTO `SkillSet_skills` (`SkillSet_id`, `skills`) VALUES ('11314', 'SQL');
INSERT INTO `SkillSet_skills` (`SkillSet_id`, `skills`) VALUES ('11314', 'UITesting');
INSERT INTO `Mission` (`id`, `companyName`, `shortName`, `role`, `skillSet_id`) VALUES ('11314', 'Klen', 'Ost', 'PrincipalConsultant', '11314');
INSERT INTO `SkillSet` (`id`) VALUES ('11315');
INSERT INTO `SkillSet_skills` (`SkillSet_id`, `skills`) VALUES ('11315', 'Gradle');
INSERT INTO `SkillSet_skills` (`SkillSet_id`, `skills`) VALUES ('11315', 'Gradle');
INSERT INTO `Mission` (`id`, `companyName`, `shortName`, `role`, `skillSet_id`) VALUES ('11315', 'Ymoid', 'Ouf', 'LeadSoftwareArchitect', '11315');
INSERT INTO `SkillSet` (`id`) VALUES ('11316');
INSERT INTO `SkillSet_skills` (`SkillSet_id`, `skills`) VALUES ('11316', 'Gradle');
INSERT INTO `Mission` (`id`, `companyName`, `shortName`, `role`, `skillSet_id`) VALUES ('11316', 'Fjt', 'Aupith', 'SeniorSoftwareEngineer', '11316');
INSERT INTO `SkillSet` (`id`) VALUES ('11317');
INSERT INTO `SkillSet_skills` (`SkillSet_id`, `skills`) VALUES ('11317', 'Gradle');
INSERT INTO `Mission` (`id`, `companyName`, `shortName`, `role`, `skillSet_id`) VALUES ('11317', 'Paroum', 'Sturoum', 'LeadSoftwareArchitect', '11317');
INSERT INTO `SkillSet` (`id`) VALUES ('11318');
INSERT INTO `SkillSet_skills` (`SkillSet_id`, `skills`) VALUES ('11318', 'Gradle');
INSERT INTO `SkillSet_skills` (`SkillSet_id`, `skills`) VALUES ('11318', 'UnitTesting');
INSERT INTO `Mission` (`id`, `companyName`, `shortName`, `role`, `skillSet_id`) VALUES ('11318', 'Vjgup', 'Xosyth', 'LeadSoftwareArchitect', '11318');
INSERT INTO `SkillSet` (`id`) VALUES ('11319');
INSERT INTO `SkillSet_skills` (`SkillSet_id`, `skills`) VALUES ('11319', 'UITesting');
INSERT INTO `SkillSet_skills` (`SkillSet_id`, `skills`) VALUES ('11319', 'Ant');
INSERT INTO `SkillSet_skills` (`SkillSet_id`, `skills`) VALUES ('11319', 'Maven');
INSERT INTO `SkillSet_skills` (`SkillSet_id`, `skills`) VALUES ('11319', 'Ant');
INSERT INTO `SkillSet_skills` (`SkillSet_id`, `skills`) VALUES ('11319', 'Ant');
INSERT INTO `Mission` (`id`, `companyName`, `shortName`, `role`, `skillSet_id`) VALUES ('11319', 'Faihiss', 'Vaunt', 'LeadSoftwareArchitect', '11319');
INSERT INTO `SkillSet` (`id`) VALUES ('11320');
INSERT INTO `SkillSet_skills` (`SkillSet_id`, `skills`) VALUES ('11320', 'UnitTesting');
INSERT INTO `SkillSet_skills` (`SkillSet_id`, `skills`) VALUES ('11320', 'Architektur');
INSERT INTO `SkillSet_skills` (`SkillSet_id`, `skills`) VALUES ('11320', 'SQL');
INSERT INTO `Mission` (`id`, `companyName`, `shortName`, `role`, `skillSet_id`) VALUES ('11320', 'Cooth', 'Jsteish', 'SoftwareEngineer', '11320');
INSERT INTO `SkillSet` (`id`) VALUES ('11321');
INSERT INTO `SkillSet_skills` (`SkillSet_id`, `skills`) VALUES ('11321', 'SQL');
INSERT INTO `SkillSet_skills` (`SkillSet_id`, `skills`) VALUES ('11321', 'Architektur');
INSERT INTO `SkillSet_skills` (`SkillSet_id`, `skills`) VALUES ('11321', 'Gradle');
INSERT INTO `SkillSet_skills` (`SkillSet_id`, `skills`) VALUES ('11321', 'UnitTesting');
INSERT INTO `Mission` (`id`, `companyName`, `shortName`, `role`, `skillSet_id`) VALUES ('11321', 'Rosh', 'Eljim', 'LeadEngineer', '11321');
INSERT INTO `SkillSet` (`id`) VALUES ('11322');
INSERT INTO `SkillSet_skills` (`SkillSet_id`, `skills`) VALUES ('11322', 'Maven');
INSERT INTO `Mission` (`id`, `companyName`, `shortName`, `role`, `skillSet_id`) VALUES ('11322', 'Fljibud', 'Gest', 'PrincipalConsultant', '11322');
INSERT INTO `SkillSet` (`id`) VALUES ('11323');
INSERT INTO `SkillSet_skills` (`SkillSet_id`, `skills`) VALUES ('11323', 'UITesting');
INSERT INTO `SkillSet_skills` (`SkillSet_id`, `skills`) VALUES ('11323', 'Gradle');
INSERT INTO `SkillSet_skills` (`SkillSet_id`, `skills`) VALUES ('11323', 'Gradle');
INSERT INTO `SkillSet_skills` (`SkillSet_id`, `skills`) VALUES ('11323', 'Gradle');
INSERT INTO `Mission` (`id`, `companyName`, `shortName`, `role`, `skillSet_id`) VALUES ('11323', 'Kyss', 'Chooz', 'SoftwareEngineer', '11323');
INSERT INTO `SkillSet` (`id`) VALUES ('11324');
INSERT INTO `SkillSet_skills` (`SkillSet_id`, `skills`) VALUES ('11324', 'UnitTesting');
INSERT INTO `SkillSet_skills` (`SkillSet_id`, `skills`) VALUES ('11324', 'Java');
INSERT INTO `SkillSet_skills` (`SkillSet_id`, `skills`) VALUES ('11324', 'UITesting');
INSERT INTO `SkillSet_skills` (`SkillSet_id`, `skills`) VALUES ('11324', 'UnitTesting');
INSERT INTO `SkillSet_skills` (`SkillSet_id`, `skills`) VALUES ('11324', 'SQL');
INSERT INTO `Mission` (`id`, `companyName`, `shortName`, `role`, `skillSet_id`) VALUES ('11324', 'Ich', 'Oott', 'JuniorSoftwareEngineer', '11324');
INSERT INTO `SkillSet` (`id`) VALUES ('11325');
INSERT INTO `SkillSet_skills` (`SkillSet_id`, `skills`) VALUES ('11325', 'UnitTesting');
INSERT INTO `SkillSet_skills` (`SkillSet_id`, `skills`) VALUES ('11325', 'dotNet');
INSERT INTO `SkillSet_skills` (`SkillSet_id`, `skills`) VALUES ('11325', 'Java');
INSERT INTO `SkillSet_skills` (`SkillSet_id`, `skills`) VALUES ('11325', 'UnitTesting');
INSERT INTO `Mission` (`id`, `companyName`, `shortName`, `role`, `skillSet_id`) VALUES ('11325', 'Oiz', 'Ytaik', 'PrincipalConsultant', '11325');
INSERT INTO `SkillSet` (`id`) VALUES ('11326');
INSERT INTO `SkillSet_skills` (`SkillSet_id`, `skills`) VALUES ('11326', 'Ant');
INSERT INTO `SkillSet_skills` (`SkillSet_id`, `skills`) VALUES ('11326', 'Maven');
INSERT INTO `Mission` (`id`, `companyName`, `shortName`, `role`, `skillSet_id`) VALUES ('11326', 'Auth', 'Njidist', 'LeadEngineer', '11326');
INSERT INTO `SkillSet` (`id`) VALUES ('11327');
INSERT INTO `SkillSet_skills` (`SkillSet_id`, `skills`) VALUES ('11327', 'UITesting');
INSERT INTO `SkillSet_skills` (`SkillSet_id`, `skills`) VALUES ('11327', 'Architektur');
INSERT INTO `SkillSet_skills` (`SkillSet_id`, `skills`) VALUES ('11327', 'Maven');
INSERT INTO `SkillSet_skills` (`SkillSet_id`, `skills`) VALUES ('11327', 'UnitTesting');
INSERT INTO `SkillSet_skills` (`SkillSet_id`, `skills`) VALUES ('11327', 'Gradle');
INSERT INTO `Mission` (`id`, `companyName`, `shortName`, `role`, `skillSet_id`) VALUES ('11327', 'Glohin', 'Ass', 'PrincipalConsultant', '11327');
INSERT INTO `SkillSet` (`id`) VALUES ('11328');
INSERT INTO `SkillSet_skills` (`SkillSet_id`, `skills`) VALUES ('11328', 'Java');
INSERT INTO `SkillSet_skills` (`SkillSet_id`, `skills`) VALUES ('11328', 'Maven');
INSERT INTO `Mission` (`id`, `companyName`, `shortName`, `role`, `skillSet_id`) VALUES ('11328', 'Vautheim', 'Ooth', 'SeniorSoftwareEngineer', '11328');
INSERT INTO `SkillSet` (`id`) VALUES ('11329');
INSERT INTO `SkillSet_skills` (`SkillSet_id`, `skills`) VALUES ('11329', 'dotNet');
INSERT INTO `SkillSet_skills` (`SkillSet_id`, `skills`) VALUES ('11329', 'SQL');
INSERT INTO `SkillSet_skills` (`SkillSet_id`, `skills`) VALUES ('11329', 'Maven');
INSERT INTO `SkillSet_skills` (`SkillSet_id`, `skills`) VALUES ('11329', 'Architektur');
INSERT INTO `SkillSet_skills` (`SkillSet_id`, `skills`) VALUES ('11329', 'Ant');
INSERT INTO `Mission` (`id`, `companyName`, `shortName`, `role`, `skillSet_id`) VALUES ('11329', 'Jfon', 'Soip', 'PrincipalConsultant', '11329');
INSERT INTO `SkillSet` (`id`) VALUES ('11330');
INSERT INTO `SkillSet_skills` (`SkillSet_id`, `skills`) VALUES ('11330', 'Java');
INSERT INTO `SkillSet_skills` (`SkillSet_id`, `skills`) VALUES ('11330', 'SQL');
INSERT INTO `SkillSet_skills` (`SkillSet_id`, `skills`) VALUES ('11330', 'Architektur');
INSERT INTO `SkillSet_skills` (`SkillSet_id`, `skills`) VALUES ('11330', 'UnitTesting');
INSERT INTO `SkillSet_skills` (`SkillSet_id`, `skills`) VALUES ('11330', 'UnitTesting');
INSERT INTO `Mission` (`id`, `companyName`, `shortName`, `role`, `skillSet_id`) VALUES ('11330', 'Yfem', 'Eilunn', 'LeadEngineer', '11330');
INSERT INTO `SkillSet` (`id`) VALUES ('11331');
INSERT INTO `SkillSet_skills` (`SkillSet_id`, `skills`) VALUES ('11331', 'Java');
INSERT INTO `SkillSet_skills` (`SkillSet_id`, `skills`) VALUES ('11331', 'Architektur');
INSERT INTO `SkillSet_skills` (`SkillSet_id`, `skills`) VALUES ('11331', 'Architektur');
INSERT INTO `Mission` (`id`, `companyName`, `shortName`, `role`, `skillSet_id`) VALUES ('11331', 'Oov', 'Oonnett', 'PrincipalConsultant', '11331');
INSERT INTO `SkillSet` (`id`) VALUES ('11332');
INSERT INTO `SkillSet_skills` (`SkillSet_id`, `skills`) VALUES ('11332', 'dotNet');
INSERT INTO `SkillSet_skills` (`SkillSet_id`, `skills`) VALUES ('11332', 'Architektur');
INSERT INTO `SkillSet_skills` (`SkillSet_id`, `skills`) VALUES ('11332', 'dotNet');
INSERT INTO `SkillSet_skills` (`SkillSet_id`, `skills`) VALUES ('11332', 'Architektur');
INSERT INTO `Mission` (`id`, `companyName`, `shortName`, `role`, `skillSet_id`) VALUES ('11332', 'Vobaust', 'Rip', 'SeniorSoftwareEngineer', '11332');
INSERT INTO `SkillSet` (`id`) VALUES ('11333');
INSERT INTO `SkillSet_skills` (`SkillSet_id`, `skills`) VALUES ('11333', 'Architektur');
INSERT INTO `SkillSet_skills` (`SkillSet_id`, `skills`) VALUES ('11333', 'Architektur');
INSERT INTO `SkillSet_skills` (`SkillSet_id`, `skills`) VALUES ('11333', 'Java');
INSERT INTO `SkillSet_skills` (`SkillSet_id`, `skills`) VALUES ('11333', 'UITesting');
INSERT INTO `SkillSet_skills` (`SkillSet_id`, `skills`) VALUES ('11333', 'Maven');
INSERT INTO `Mission` (`id`, `companyName`, `shortName`, `role`, `skillSet_id`) VALUES ('11333', 'Aum', 'Eg', 'SeniorSoftwareEngineer', '11333');
INSERT INTO `SkillSet` (`id`) VALUES ('11334');
INSERT INTO `SkillSet_skills` (`SkillSet_id`, `skills`) VALUES ('11334', 'Architektur');
INSERT INTO `SkillSet_skills` (`SkillSet_id`, `skills`) VALUES ('11334', 'Architektur');
INSERT INTO `SkillSet_skills` (`SkillSet_id`, `skills`) VALUES ('11334', 'Ant');
INSERT INTO `SkillSet_skills` (`SkillSet_id`, `skills`) VALUES ('11334', 'Java');
INSERT INTO `Mission` (`id`, `companyName`, `shortName`, `role`, `skillSet_id`) VALUES ('11334', 'Ynt', 'Ennoir', 'PrincipalConsultant', '11334');
INSERT INTO `SkillSet` (`id`) VALUES ('11335');
INSERT INTO `SkillSet_skills` (`SkillSet_id`, `skills`) VALUES ('11335', 'Ant');
INSERT INTO `Mission` (`id`, `companyName`, `shortName`, `role`, `skillSet_id`) VALUES ('11335', 'Yroogh', 'Ap', 'SeniorSoftwareEngineer', '11335');
INSERT INTO `SkillSet` (`id`) VALUES ('11336');
INSERT INTO `SkillSet_skills` (`SkillSet_id`, `skills`) VALUES ('11336', 'UnitTesting');
INSERT INTO `SkillSet_skills` (`SkillSet_id`, `skills`) VALUES ('11336', 'UnitTesting');
INSERT INTO `SkillSet_skills` (`SkillSet_id`, `skills`) VALUES ('11336', 'UITesting');
INSERT INTO `SkillSet_skills` (`SkillSet_id`, `skills`) VALUES ('11336', 'dotNet');
INSERT INTO `SkillSet_skills` (`SkillSet_id`, `skills`) VALUES ('11336', 'dotNet');
INSERT INTO `Mission` (`id`, `companyName`, `shortName`, `role`, `skillSet_id`) VALUES ('11336', 'Zoitter', 'Ouf', 'SeniorSoftwareEngineer', '11336');
INSERT INTO `SkillSet` (`id`) VALUES ('11337');
INSERT INTO `SkillSet_skills` (`SkillSet_id`, `skills`) VALUES ('11337', 'Ant');
INSERT INTO `Mission` (`id`, `companyName`, `shortName`, `role`, `skillSet_id`) VALUES ('11337', 'Umjpf', 'Gugh', 'LeadEngineer', '11337');
INSERT INTO `SkillSet` (`id`) VALUES ('11338');
INSERT INTO `SkillSet_skills` (`SkillSet_id`, `skills`) VALUES ('11338', 'Maven');
INSERT INTO `SkillSet_skills` (`SkillSet_id`, `skills`) VALUES ('11338', 'Maven');
INSERT INTO `SkillSet_skills` (`SkillSet_id`, `skills`) VALUES ('11338', 'Maven');
INSERT INTO `SkillSet_skills` (`SkillSet_id`, `skills`) VALUES ('11338', 'UITesting');
INSERT INTO `SkillSet_skills` (`SkillSet_id`, `skills`) VALUES ('11338', 'dotNet');
INSERT INTO `Mission` (`id`, `companyName`, `shortName`, `role`, `skillSet_id`) VALUES ('11338', 'Ais', 'Jv', 'SeniorSoftwareEngineer', '11338');
INSERT INTO `SkillSet` (`id`) VALUES ('11339');
INSERT INTO `SkillSet_skills` (`SkillSet_id`, `skills`) VALUES ('11339', 'dotNet');
INSERT INTO `SkillSet_skills` (`SkillSet_id`, `skills`) VALUES ('11339', 'Gradle');
INSERT INTO `Mission` (`id`, `companyName`, `shortName`, `role`, `skillSet_id`) VALUES ('11339', 'Oimjib', 'Nount', 'PrincipalConsultant', '11339');
INSERT INTO `SkillSet` (`id`) VALUES ('11340');
INSERT INTO `SkillSet_skills` (`SkillSet_id`, `skills`) VALUES ('11340', 'Java');
INSERT INTO `SkillSet_skills` (`SkillSet_id`, `skills`) VALUES ('11340', 'Java');
INSERT INTO `SkillSet_skills` (`SkillSet_id`, `skills`) VALUES ('11340', 'dotNet');
INSERT INTO `Mission` (`id`, `companyName`, `shortName`, `role`, `skillSet_id`) VALUES ('11340', 'Oust', 'Xaunnoutt', 'SoftwareEngineer', '11340');
INSERT INTO `SkillSet` (`id`) VALUES ('11341');
INSERT INTO `SkillSet_skills` (`SkillSet_id`, `skills`) VALUES ('11341', 'Maven');
INSERT INTO `SkillSet_skills` (`SkillSet_id`, `skills`) VALUES ('11341', 'Java');
INSERT INTO `SkillSet_skills` (`SkillSet_id`, `skills`) VALUES ('11341', 'dotNet');
INSERT INTO `SkillSet_skills` (`SkillSet_id`, `skills`) VALUES ('11341', 'Gradle');
INSERT INTO `Mission` (`id`, `companyName`, `shortName`, `role`, `skillSet_id`) VALUES ('11341', 'Bruntis', 'Gljinnoiz', 'SoftwareEngineer', '11341');
INSERT INTO `SkillSet` (`id`) VALUES ('11342');
INSERT INTO `SkillSet_skills` (`SkillSet_id`, `skills`) VALUES ('11342', 'Java');
INSERT INTO `SkillSet_skills` (`SkillSet_id`, `skills`) VALUES ('11342', 'UnitTesting');
INSERT INTO `SkillSet_skills` (`SkillSet_id`, `skills`) VALUES ('11342', 'Architektur');
INSERT INTO `SkillSet_skills` (`SkillSet_id`, `skills`) VALUES ('11342', 'Maven');
INSERT INTO `SkillSet_skills` (`SkillSet_id`, `skills`) VALUES ('11342', 'Java');
INSERT INTO `Mission` (`id`, `companyName`, `shortName`, `role`, `skillSet_id`) VALUES ('11342', 'Sahoiz', 'Ivaur', 'LeadEngineer', '11342');
INSERT INTO `SkillSet` (`id`) VALUES ('11343');
INSERT INTO `SkillSet_skills` (`SkillSet_id`, `skills`) VALUES ('11343', 'Maven');
INSERT INTO `SkillSet_skills` (`SkillSet_id`, `skills`) VALUES ('11343', 'SQL');
INSERT INTO `SkillSet_skills` (`SkillSet_id`, `skills`) VALUES ('11343', 'UnitTesting');
INSERT INTO `SkillSet_skills` (`SkillSet_id`, `skills`) VALUES ('11343', 'UITesting');
INSERT INTO `Mission` (`id`, `companyName`, `shortName`, `role`, `skillSet_id`) VALUES ('11343', 'Ashaigh', 'Lontont', 'JuniorSoftwareEngineer', '11343');
INSERT INTO `SkillSet` (`id`) VALUES ('11344');
INSERT INTO `SkillSet_skills` (`SkillSet_id`, `skills`) VALUES ('11344', 'Architektur');
INSERT INTO `SkillSet_skills` (`SkillSet_id`, `skills`) VALUES ('11344', 'Architektur');
INSERT INTO `Mission` (`id`, `companyName`, `shortName`, `role`, `skillSet_id`) VALUES ('11344', 'Jinn', 'Klaipf', 'LeadSoftwareArchitect', '11344');
INSERT INTO `SkillSet` (`id`) VALUES ('11345');
INSERT INTO `SkillSet_skills` (`SkillSet_id`, `skills`) VALUES ('11345', 'SQL');
INSERT INTO `Mission` (`id`, `companyName`, `shortName`, `role`, `skillSet_id`) VALUES ('11345', 'Ailjth', 'Eimopf', 'PrincipalConsultant', '11345');
INSERT INTO `SkillSet` (`id`) VALUES ('11346');
INSERT INTO `SkillSet_skills` (`SkillSet_id`, `skills`) VALUES ('11346', 'SQL');
INSERT INTO `Mission` (`id`, `companyName`, `shortName`, `role`, `skillSet_id`) VALUES ('11346', 'Eshaih', 'Qoiv', 'PrincipalConsultant', '11346');
INSERT INTO `SkillSet` (`id`) VALUES ('11347');
INSERT INTO `SkillSet_skills` (`SkillSet_id`, `skills`) VALUES ('11347', 'Java');
INSERT INTO `SkillSet_skills` (`SkillSet_id`, `skills`) VALUES ('11347', 'Java');
INSERT INTO `SkillSet_skills` (`SkillSet_id`, `skills`) VALUES ('11347', 'UnitTesting');
INSERT INTO `SkillSet_skills` (`SkillSet_id`, `skills`) VALUES ('11347', 'Maven');
INSERT INTO `SkillSet_skills` (`SkillSet_id`, `skills`) VALUES ('11347', 'UITesting');
INSERT INTO `Mission` (`id`, `companyName`, `shortName`, `role`, `skillSet_id`) VALUES ('11347', 'Fjigh', 'Jipis', 'LeadEngineer', '11347');
INSERT INTO `SkillSet` (`id`) VALUES ('11348');
INSERT INTO `SkillSet_skills` (`SkillSet_id`, `skills`) VALUES ('11348', 'dotNet');
INSERT INTO `SkillSet_skills` (`SkillSet_id`, `skills`) VALUES ('11348', 'UITesting');
INSERT INTO `Mission` (`id`, `companyName`, `shortName`, `role`, `skillSet_id`) VALUES ('11348', 'Njith', 'Intjid', 'LeadSoftwareArchitect', '11348');
INSERT INTO `SkillSet` (`id`) VALUES ('11349');
INSERT INTO `SkillSet_skills` (`SkillSet_id`, `skills`) VALUES ('11349', 'Ant');
INSERT INTO `Mission` (`id`, `companyName`, `shortName`, `role`, `skillSet_id`) VALUES ('11349', 'Flipfip', 'Oiv', 'SeniorSoftwareEngineer', '11349');
INSERT INTO `SkillSet` (`id`) VALUES ('11350');
INSERT INTO `SkillSet_skills` (`SkillSet_id`, `skills`) VALUES ('11350', 'Maven');
INSERT INTO `Mission` (`id`, `companyName`, `shortName`, `role`, `skillSet_id`) VALUES ('11350', 'Gloik', 'Oug', 'SeniorSoftwareEngineer', '11350');
INSERT INTO `SkillSet` (`id`) VALUES ('11351');
INSERT INTO `SkillSet_skills` (`SkillSet_id`, `skills`) VALUES ('11351', 'UnitTesting');
INSERT INTO `Mission` (`id`, `companyName`, `shortName`, `role`, `skillSet_id`) VALUES ('11351', 'Ish', 'Choiw', 'SeniorSoftwareEngineer', '11351');
INSERT INTO `SkillSet` (`id`) VALUES ('11352');
INSERT INTO `SkillSet_skills` (`SkillSet_id`, `skills`) VALUES ('11352', 'Ant');
INSERT INTO `SkillSet_skills` (`SkillSet_id`, `skills`) VALUES ('11352', 'Maven');
INSERT INTO `SkillSet_skills` (`SkillSet_id`, `skills`) VALUES ('11352', 'Ant');
INSERT INTO `SkillSet_skills` (`SkillSet_id`, `skills`) VALUES ('11352', 'UnitTesting');
INSERT INTO `Mission` (`id`, `companyName`, `shortName`, `role`, `skillSet_id`) VALUES ('11352', 'Proiz', 'Aub', 'JuniorSoftwareEngineer', '11352');
INSERT INTO `SkillSet` (`id`) VALUES ('11353');
INSERT INTO `SkillSet_skills` (`SkillSet_id`, `skills`) VALUES ('11353', 'Architektur');
INSERT INTO `SkillSet_skills` (`SkillSet_id`, `skills`) VALUES ('11353', 'UITesting');
INSERT INTO `SkillSet_skills` (`SkillSet_id`, `skills`) VALUES ('11353', 'Architektur');
INSERT INTO `SkillSet_skills` (`SkillSet_id`, `skills`) VALUES ('11353', 'UITesting');
INSERT INTO `SkillSet_skills` (`SkillSet_id`, `skills`) VALUES ('11353', 'UITesting');
INSERT INTO `Mission` (`id`, `companyName`, `shortName`, `role`, `skillSet_id`) VALUES ('11353', 'Chaist', 'Thjint', 'LeadEngineer', '11353');
INSERT INTO `SkillSet` (`id`) VALUES ('11354');
INSERT INTO `SkillSet_skills` (`SkillSet_id`, `skills`) VALUES ('11354', 'Ant');
INSERT INTO `Mission` (`id`, `companyName`, `shortName`, `role`, `skillSet_id`) VALUES ('11354', 'Pyhopf', 'Ef', 'SoftwareEngineer', '11354');
INSERT INTO `SkillSet` (`id`) VALUES ('11355');
INSERT INTO `SkillSet_skills` (`SkillSet_id`, `skills`) VALUES ('11355', 'Architektur');
INSERT INTO `Mission` (`id`, `companyName`, `shortName`, `role`, `skillSet_id`) VALUES ('11355', 'Ok', 'Js', 'JuniorSoftwareEngineer', '11355');
INSERT INTO `SkillSet` (`id`) VALUES ('11356');
INSERT INTO `SkillSet_skills` (`SkillSet_id`, `skills`) VALUES ('11356', 'Architektur');
INSERT INTO `SkillSet_skills` (`SkillSet_id`, `skills`) VALUES ('11356', 'Architektur');
INSERT INTO `SkillSet_skills` (`SkillSet_id`, `skills`) VALUES ('11356', 'UITesting');
INSERT INTO `Mission` (`id`, `companyName`, `shortName`, `role`, `skillSet_id`) VALUES ('11356', 'Eitt', 'Koithaud', 'SeniorSoftwareEngineer', '11356');
INSERT INTO `SkillSet` (`id`) VALUES ('11357');
INSERT INTO `SkillSet_skills` (`SkillSet_id`, `skills`) VALUES ('11357', 'Java');
INSERT INTO `SkillSet_skills` (`SkillSet_id`, `skills`) VALUES ('11357', 'Gradle');
INSERT INTO `Mission` (`id`, `companyName`, `shortName`, `role`, `skillSet_id`) VALUES ('11357', 'Aizyb', 'Eid', 'PrincipalConsultant', '11357');
INSERT INTO `SkillSet` (`id`) VALUES ('11358');
INSERT INTO `SkillSet_skills` (`SkillSet_id`, `skills`) VALUES ('11358', 'Gradle');
INSERT INTO `SkillSet_skills` (`SkillSet_id`, `skills`) VALUES ('11358', 'SQL');
INSERT INTO `SkillSet_skills` (`SkillSet_id`, `skills`) VALUES ('11358', 'Gradle');
INSERT INTO `SkillSet_skills` (`SkillSet_id`, `skills`) VALUES ('11358', 'UnitTesting');
INSERT INTO `SkillSet_skills` (`SkillSet_id`, `skills`) VALUES ('11358', 'Java');
INSERT INTO `Mission` (`id`, `companyName`, `shortName`, `role`, `skillSet_id`) VALUES ('11358', 'Jstaih', 'Outh', 'PrincipalConsultant', '11358');
INSERT INTO `SkillSet` (`id`) VALUES ('11359');
INSERT INTO `SkillSet_skills` (`SkillSet_id`, `skills`) VALUES ('11359', 'Java');
INSERT INTO `SkillSet_skills` (`SkillSet_id`, `skills`) VALUES ('11359', 'Gradle');
INSERT INTO `SkillSet_skills` (`SkillSet_id`, `skills`) VALUES ('11359', 'dotNet');
INSERT INTO `SkillSet_skills` (`SkillSet_id`, `skills`) VALUES ('11359', 'Ant');
INSERT INTO `Mission` (`id`, `companyName`, `shortName`, `role`, `skillSet_id`) VALUES ('11359', 'Fjst', 'Oont', 'JuniorSoftwareEngineer', '11359');
INSERT INTO `SkillSet` (`id`) VALUES ('11360');
INSERT INTO `SkillSet_skills` (`SkillSet_id`, `skills`) VALUES ('11360', 'dotNet');
INSERT INTO `SkillSet_skills` (`SkillSet_id`, `skills`) VALUES ('11360', 'SQL');
INSERT INTO `Mission` (`id`, `companyName`, `shortName`, `role`, `skillSet_id`) VALUES ('11360', 'Og', 'Thoif', 'PrincipalConsultant', '11360');
INSERT INTO `SkillSet` (`id`) VALUES ('11361');
INSERT INTO `SkillSet_skills` (`SkillSet_id`, `skills`) VALUES ('11361', 'Ant');
INSERT INTO `Mission` (`id`, `companyName`, `shortName`, `role`, `skillSet_id`) VALUES ('11361', 'Want', 'Reb', 'LeadSoftwareArchitect', '11361');
INSERT INTO `SkillSet` (`id`) VALUES ('11362');
INSERT INTO `SkillSet_skills` (`SkillSet_id`, `skills`) VALUES ('11362', 'UnitTesting');
INSERT INTO `Mission` (`id`, `companyName`, `shortName`, `role`, `skillSet_id`) VALUES ('11362', 'Itach', 'Brutaif', 'LeadSoftwareArchitect', '11362');
INSERT INTO `SkillSet` (`id`) VALUES ('11363');
INSERT INTO `SkillSet_skills` (`SkillSet_id`, `skills`) VALUES ('11363', 'UnitTesting');
INSERT INTO `SkillSet_skills` (`SkillSet_id`, `skills`) VALUES ('11363', 'SQL');
INSERT INTO `Mission` (`id`, `companyName`, `shortName`, `role`, `skillSet_id`) VALUES ('11363', 'Brein', 'Xauthaiz', 'LeadSoftwareArchitect', '11363');
INSERT INTO `SkillSet` (`id`) VALUES ('11364');
INSERT INTO `SkillSet_skills` (`SkillSet_id`, `skills`) VALUES ('11364', 'Architektur');
INSERT INTO `SkillSet_skills` (`SkillSet_id`, `skills`) VALUES ('11364', 'dotNet');
INSERT INTO `SkillSet_skills` (`SkillSet_id`, `skills`) VALUES ('11364', 'SQL');
INSERT INTO `SkillSet_skills` (`SkillSet_id`, `skills`) VALUES ('11364', 'Ant');
INSERT INTO `Mission` (`id`, `companyName`, `shortName`, `role`, `skillSet_id`) VALUES ('11364', 'Thjp', 'Ubjiss', 'PrincipalConsultant', '11364');
INSERT INTO `SkillSet` (`id`) VALUES ('11365');
INSERT INTO `SkillSet_skills` (`SkillSet_id`, `skills`) VALUES ('11365', 'SQL');
INSERT INTO `Mission` (`id`, `companyName`, `shortName`, `role`, `skillSet_id`) VALUES ('11365', 'Aiz', 'Qugh', 'SoftwareEngineer', '11365');
INSERT INTO `SkillSet` (`id`) VALUES ('11366');
INSERT INTO `SkillSet_skills` (`SkillSet_id`, `skills`) VALUES ('11366', 'dotNet');
INSERT INTO `SkillSet_skills` (`SkillSet_id`, `skills`) VALUES ('11366', 'Gradle');
INSERT INTO `SkillSet_skills` (`SkillSet_id`, `skills`) VALUES ('11366', 'Maven');
INSERT INTO `SkillSet_skills` (`SkillSet_id`, `skills`) VALUES ('11366', 'Gradle');
INSERT INTO `SkillSet_skills` (`SkillSet_id`, `skills`) VALUES ('11366', 'UnitTesting');
INSERT INTO `Mission` (`id`, `companyName`, `shortName`, `role`, `skillSet_id`) VALUES ('11366', 'Xoiv', 'Ebjitt', 'SoftwareEngineer', '11366');
INSERT INTO `SkillSet` (`id`) VALUES ('11367');
INSERT INTO `SkillSet_skills` (`SkillSet_id`, `skills`) VALUES ('11367', 'Gradle');
INSERT INTO `SkillSet_skills` (`SkillSet_id`, `skills`) VALUES ('11367', 'Java');
INSERT INTO `SkillSet_skills` (`SkillSet_id`, `skills`) VALUES ('11367', 'SQL');
INSERT INTO `SkillSet_skills` (`SkillSet_id`, `skills`) VALUES ('11367', 'UnitTesting');
INSERT INTO `Mission` (`id`, `companyName`, `shortName`, `role`, `skillSet_id`) VALUES ('11367', 'Fljiroitt', 'Hass', 'JuniorSoftwareEngineer', '11367');
INSERT INTO `SkillSet` (`id`) VALUES ('11368');
INSERT INTO `SkillSet_skills` (`SkillSet_id`, `skills`) VALUES ('11368', 'Maven');
INSERT INTO `Mission` (`id`, `companyName`, `shortName`, `role`, `skillSet_id`) VALUES ('11368', 'Loosh', 'Famob', 'JuniorSoftwareEngineer', '11368');
INSERT INTO `SkillSet` (`id`) VALUES ('11369');
INSERT INTO `SkillSet_skills` (`SkillSet_id`, `skills`) VALUES ('11369', 'Ant');
INSERT INTO `SkillSet_skills` (`SkillSet_id`, `skills`) VALUES ('11369', 'dotNet');
INSERT INTO `Mission` (`id`, `companyName`, `shortName`, `role`, `skillSet_id`) VALUES ('11369', 'Praupeitt', 'Houwun', 'JuniorSoftwareEngineer', '11369');
INSERT INTO `SkillSet` (`id`) VALUES ('11370');
INSERT INTO `SkillSet_skills` (`SkillSet_id`, `skills`) VALUES ('11370', 'Maven');
INSERT INTO `SkillSet_skills` (`SkillSet_id`, `skills`) VALUES ('11370', 'Maven');
INSERT INTO `SkillSet_skills` (`SkillSet_id`, `skills`) VALUES ('11370', 'Gradle');
INSERT INTO `SkillSet_skills` (`SkillSet_id`, `skills`) VALUES ('11370', 'dotNet');
INSERT INTO `Mission` (`id`, `companyName`, `shortName`, `role`, `skillSet_id`) VALUES ('11370', 'Ystjiv', 'Oibjiz', 'LeadEngineer', '11370');
INSERT INTO `SkillSet` (`id`) VALUES ('11371');
INSERT INTO `SkillSet_skills` (`SkillSet_id`, `skills`) VALUES ('11371', 'Gradle');
INSERT INTO `Mission` (`id`, `companyName`, `shortName`, `role`, `skillSet_id`) VALUES ('11371', 'Ruvoun', 'Kloushough', 'SoftwareEngineer', '11371');
INSERT INTO `SkillSet` (`id`) VALUES ('11372');
INSERT INTO `SkillSet_skills` (`SkillSet_id`, `skills`) VALUES ('11372', 'dotNet');
INSERT INTO `SkillSet_skills` (`SkillSet_id`, `skills`) VALUES ('11372', 'Ant');
INSERT INTO `Mission` (`id`, `companyName`, `shortName`, `role`, `skillSet_id`) VALUES ('11372', 'Figus', 'Goushych', 'JuniorSoftwareEngineer', '11372');
INSERT INTO `SkillSet` (`id`) VALUES ('11373');
INSERT INTO `SkillSet_skills` (`SkillSet_id`, `skills`) VALUES ('11373', 'Java');
INSERT INTO `SkillSet_skills` (`SkillSet_id`, `skills`) VALUES ('11373', 'dotNet');
INSERT INTO `SkillSet_skills` (`SkillSet_id`, `skills`) VALUES ('11373', 'Architektur');
INSERT INTO `SkillSet_skills` (`SkillSet_id`, `skills`) VALUES ('11373', 'Architektur');
INSERT INTO `SkillSet_skills` (`SkillSet_id`, `skills`) VALUES ('11373', 'UITesting');
INSERT INTO `Mission` (`id`, `companyName`, `shortName`, `role`, `skillSet_id`) VALUES ('11373', 'Aust', 'Seighjpf', 'SeniorSoftwareEngineer', '11373');
INSERT INTO `SkillSet` (`id`) VALUES ('11374');
INSERT INTO `SkillSet_skills` (`SkillSet_id`, `skills`) VALUES ('11374', 'SQL');
INSERT INTO `SkillSet_skills` (`SkillSet_id`, `skills`) VALUES ('11374', 'Java');
INSERT INTO `Mission` (`id`, `companyName`, `shortName`, `role`, `skillSet_id`) VALUES ('11374', 'Jt', 'Eihaipf', 'JuniorSoftwareEngineer', '11374');
INSERT INTO `SkillSet` (`id`) VALUES ('11375');
INSERT INTO `SkillSet_skills` (`SkillSet_id`, `skills`) VALUES ('11375', 'Maven');
INSERT INTO `SkillSet_skills` (`SkillSet_id`, `skills`) VALUES ('11375', 'Gradle');
INSERT INTO `SkillSet_skills` (`SkillSet_id`, `skills`) VALUES ('11375', 'Gradle');
INSERT INTO `Mission` (`id`, `companyName`, `shortName`, `role`, `skillSet_id`) VALUES ('11375', 'Jfap', 'Usoopf', 'LeadSoftwareArchitect', '11375');
INSERT INTO `SkillSet` (`id`) VALUES ('11376');
INSERT INTO `SkillSet_skills` (`SkillSet_id`, `skills`) VALUES ('11376', 'Gradle');
INSERT INTO `Mission` (`id`, `companyName`, `shortName`, `role`, `skillSet_id`) VALUES ('11376', 'Ouk', 'Eibeiw', 'SoftwareEngineer', '11376');
INSERT INTO `SkillSet` (`id`) VALUES ('11377');
INSERT INTO `SkillSet_skills` (`SkillSet_id`, `skills`) VALUES ('11377', 'SQL');
INSERT INTO `SkillSet_skills` (`SkillSet_id`, `skills`) VALUES ('11377', 'Gradle');
INSERT INTO `SkillSet_skills` (`SkillSet_id`, `skills`) VALUES ('11377', 'UnitTesting');
INSERT INTO `SkillSet_skills` (`SkillSet_id`, `skills`) VALUES ('11377', 'Ant');
INSERT INTO `SkillSet_skills` (`SkillSet_id`, `skills`) VALUES ('11377', 'UITesting');
INSERT INTO `Mission` (`id`, `companyName`, `shortName`, `role`, `skillSet_id`) VALUES ('11377', 'Udych', 'Zeiz', 'PrincipalConsultant', '11377');
INSERT INTO `SkillSet` (`id`) VALUES ('11378');
INSERT INTO `SkillSet_skills` (`SkillSet_id`, `skills`) VALUES ('11378', 'dotNet');
INSERT INTO `SkillSet_skills` (`SkillSet_id`, `skills`) VALUES ('11378', 'UITesting');
INSERT INTO `SkillSet_skills` (`SkillSet_id`, `skills`) VALUES ('11378', 'SQL');
INSERT INTO `SkillSet_skills` (`SkillSet_id`, `skills`) VALUES ('11378', 'Gradle');
INSERT INTO `Mission` (`id`, `companyName`, `shortName`, `role`, `skillSet_id`) VALUES ('11378', 'Oit', 'Eih', 'PrincipalConsultant', '11378');
INSERT INTO `SkillSet` (`id`) VALUES ('11379');
INSERT INTO `SkillSet_skills` (`SkillSet_id`, `skills`) VALUES ('11379', 'UITesting');
INSERT INTO `SkillSet_skills` (`SkillSet_id`, `skills`) VALUES ('11379', 'SQL');
INSERT INTO `SkillSet_skills` (`SkillSet_id`, `skills`) VALUES ('11379', 'Java');
INSERT INTO `SkillSet_skills` (`SkillSet_id`, `skills`) VALUES ('11379', 'Java');
INSERT INTO `SkillSet_skills` (`SkillSet_id`, `skills`) VALUES ('11379', 'UITesting');
INSERT INTO `Mission` (`id`, `companyName`, `shortName`, `role`, `skillSet_id`) VALUES ('11379', 'Mail', 'Zous', 'PrincipalConsultant', '11379');
INSERT INTO `SkillSet` (`id`) VALUES ('11380');
INSERT INTO `SkillSet_skills` (`SkillSet_id`, `skills`) VALUES ('11380', 'Java');
INSERT INTO `SkillSet_skills` (`SkillSet_id`, `skills`) VALUES ('11380', 'UnitTesting');
INSERT INTO `SkillSet_skills` (`SkillSet_id`, `skills`) VALUES ('11380', 'dotNet');
INSERT INTO `SkillSet_skills` (`SkillSet_id`, `skills`) VALUES ('11380', 'UITesting');
INSERT INTO `Mission` (`id`, `companyName`, `shortName`, `role`, `skillSet_id`) VALUES ('11380', 'Oith', 'Daust', 'LeadEngineer', '11380');
INSERT INTO `SkillSet` (`id`) VALUES ('11381');
INSERT INTO `SkillSet_skills` (`SkillSet_id`, `skills`) VALUES ('11381', 'dotNet');
INSERT INTO `SkillSet_skills` (`SkillSet_id`, `skills`) VALUES ('11381', 'Ant');
INSERT INTO `Mission` (`id`, `companyName`, `shortName`, `role`, `skillSet_id`) VALUES ('11381', 'Jiloopf', 'Os', 'SeniorSoftwareEngineer', '11381');
INSERT INTO `SkillSet` (`id`) VALUES ('11382');
INSERT INTO `SkillSet_skills` (`SkillSet_id`, `skills`) VALUES ('11382', 'Architektur');
INSERT INTO `SkillSet_skills` (`SkillSet_id`, `skills`) VALUES ('11382', 'Maven');
INSERT INTO `SkillSet_skills` (`SkillSet_id`, `skills`) VALUES ('11382', 'Gradle');
INSERT INTO `SkillSet_skills` (`SkillSet_id`, `skills`) VALUES ('11382', 'UnitTesting');
INSERT INTO `Mission` (`id`, `companyName`, `shortName`, `role`, `skillSet_id`) VALUES ('11382', 'Oit', 'Az', 'SoftwareEngineer', '11382');
INSERT INTO `SkillSet` (`id`) VALUES ('11383');
INSERT INTO `SkillSet_skills` (`SkillSet_id`, `skills`) VALUES ('11383', 'UnitTesting');
INSERT INTO `SkillSet_skills` (`SkillSet_id`, `skills`) VALUES ('11383', 'UITesting');
INSERT INTO `SkillSet_skills` (`SkillSet_id`, `skills`) VALUES ('11383', 'Gradle');
INSERT INTO `Mission` (`id`, `companyName`, `shortName`, `role`, `skillSet_id`) VALUES ('11383', 'Shoiss', 'Brjs', 'LeadEngineer', '11383');
INSERT INTO `SkillSet` (`id`) VALUES ('11384');
INSERT INTO `SkillSet_skills` (`SkillSet_id`, `skills`) VALUES ('11384', 'Maven');
INSERT INTO `SkillSet_skills` (`SkillSet_id`, `skills`) VALUES ('11384', 'Java');
INSERT INTO `SkillSet_skills` (`SkillSet_id`, `skills`) VALUES ('11384', 'Gradle');
INSERT INTO `Mission` (`id`, `companyName`, `shortName`, `role`, `skillSet_id`) VALUES ('11384', 'Aunooh', 'Jissich', 'SeniorSoftwareEngineer', '11384');
INSERT INTO `SkillSet` (`id`) VALUES ('11385');
INSERT INTO `SkillSet_skills` (`SkillSet_id`, `skills`) VALUES ('11385', 'Maven');
INSERT INTO `SkillSet_skills` (`SkillSet_id`, `skills`) VALUES ('11385', 'Ant');
INSERT INTO `SkillSet_skills` (`SkillSet_id`, `skills`) VALUES ('11385', 'SQL');
INSERT INTO `Mission` (`id`, `companyName`, `shortName`, `role`, `skillSet_id`) VALUES ('11385', 'Auch', 'Fooz', 'SeniorSoftwareEngineer', '11385');
INSERT INTO `SkillSet` (`id`) VALUES ('11386');
INSERT INTO `SkillSet_skills` (`SkillSet_id`, `skills`) VALUES ('11386', 'dotNet');
INSERT INTO `Mission` (`id`, `companyName`, `shortName`, `role`, `skillSet_id`) VALUES ('11386', 'Oonnav', 'Jir', 'PrincipalConsultant', '11386');
INSERT INTO `SkillSet` (`id`) VALUES ('11387');
INSERT INTO `SkillSet_skills` (`SkillSet_id`, `skills`) VALUES ('11387', 'UITesting');
INSERT INTO `SkillSet_skills` (`SkillSet_id`, `skills`) VALUES ('11387', 'Ant');
INSERT INTO `SkillSet_skills` (`SkillSet_id`, `skills`) VALUES ('11387', 'Maven');
INSERT INTO `SkillSet_skills` (`SkillSet_id`, `skills`) VALUES ('11387', 'UnitTesting');
INSERT INTO `SkillSet_skills` (`SkillSet_id`, `skills`) VALUES ('11387', 'Gradle');
INSERT INTO `Mission` (`id`, `companyName`, `shortName`, `role`, `skillSet_id`) VALUES ('11387', 'Soowon', 'Ef', 'PrincipalConsultant', '11387');
INSERT INTO `SkillSet` (`id`) VALUES ('11388');
INSERT INTO `SkillSet_skills` (`SkillSet_id`, `skills`) VALUES ('11388', 'Maven');
INSERT INTO `Mission` (`id`, `companyName`, `shortName`, `role`, `skillSet_id`) VALUES ('11388', 'Ybegh', 'Zaikaug', 'LeadEngineer', '11388');
INSERT INTO `SkillSet` (`id`) VALUES ('11389');
INSERT INTO `SkillSet_skills` (`SkillSet_id`, `skills`) VALUES ('11389', 'UITesting');
INSERT INTO `SkillSet_skills` (`SkillSet_id`, `skills`) VALUES ('11389', 'dotNet');
INSERT INTO `SkillSet_skills` (`SkillSet_id`, `skills`) VALUES ('11389', 'Gradle');
INSERT INTO `Mission` (`id`, `companyName`, `shortName`, `role`, `skillSet_id`) VALUES ('11389', 'Peinaist', 'Esep', 'SeniorSoftwareEngineer', '11389');
INSERT INTO `SkillSet` (`id`) VALUES ('11390');
INSERT INTO `SkillSet_skills` (`SkillSet_id`, `skills`) VALUES ('11390', 'Ant');
INSERT INTO `SkillSet_skills` (`SkillSet_id`, `skills`) VALUES ('11390', 'SQL');
INSERT INTO `SkillSet_skills` (`SkillSet_id`, `skills`) VALUES ('11390', 'dotNet');
INSERT INTO `SkillSet_skills` (`SkillSet_id`, `skills`) VALUES ('11390', 'SQL');
INSERT INTO `Mission` (`id`, `companyName`, `shortName`, `role`, `skillSet_id`) VALUES ('11390', 'Teich', 'Loun', 'JuniorSoftwareEngineer', '11390');
INSERT INTO `SkillSet` (`id`) VALUES ('11391');
INSERT INTO `SkillSet_skills` (`SkillSet_id`, `skills`) VALUES ('11391', 'Gradle');
INSERT INTO `SkillSet_skills` (`SkillSet_id`, `skills`) VALUES ('11391', 'UITesting');
INSERT INTO `SkillSet_skills` (`SkillSet_id`, `skills`) VALUES ('11391', 'UnitTesting');
INSERT INTO `SkillSet_skills` (`SkillSet_id`, `skills`) VALUES ('11391', 'UITesting');
INSERT INTO `SkillSet_skills` (`SkillSet_id`, `skills`) VALUES ('11391', 'Java');
INSERT INTO `Mission` (`id`, `companyName`, `shortName`, `role`, `skillSet_id`) VALUES ('11391', 'Jinteinn', 'Oukauw', 'JuniorSoftwareEngineer', '11391');
INSERT INTO `SkillSet` (`id`) VALUES ('11392');
INSERT INTO `SkillSet_skills` (`SkillSet_id`, `skills`) VALUES ('11392', 'SQL');
INSERT INTO `SkillSet_skills` (`SkillSet_id`, `skills`) VALUES ('11392', 'Maven');
INSERT INTO `SkillSet_skills` (`SkillSet_id`, `skills`) VALUES ('11392', 'Java');
INSERT INTO `SkillSet_skills` (`SkillSet_id`, `skills`) VALUES ('11392', 'Java');
INSERT INTO `SkillSet_skills` (`SkillSet_id`, `skills`) VALUES ('11392', 'SQL');
INSERT INTO `Mission` (`id`, `companyName`, `shortName`, `role`, `skillSet_id`) VALUES ('11392', 'Oum', 'Yboitt', 'LeadEngineer', '11392');
INSERT INTO `SkillSet` (`id`) VALUES ('11393');
INSERT INTO `SkillSet_skills` (`SkillSet_id`, `skills`) VALUES ('11393', 'Ant');
INSERT INTO `SkillSet_skills` (`SkillSet_id`, `skills`) VALUES ('11393', 'dotNet');
INSERT INTO `Mission` (`id`, `companyName`, `shortName`, `role`, `skillSet_id`) VALUES ('11393', 'Stithenn', 'Inn', 'SeniorSoftwareEngineer', '11393');
INSERT INTO `SkillSet` (`id`) VALUES ('11394');
INSERT INTO `SkillSet_skills` (`SkillSet_id`, `skills`) VALUES ('11394', 'UnitTesting');
INSERT INTO `SkillSet_skills` (`SkillSet_id`, `skills`) VALUES ('11394', 'Java');
INSERT INTO `SkillSet_skills` (`SkillSet_id`, `skills`) VALUES ('11394', 'Java');
INSERT INTO `Mission` (`id`, `companyName`, `shortName`, `role`, `skillSet_id`) VALUES ('11394', 'Itt', 'Out', 'PrincipalConsultant', '11394');
INSERT INTO `SkillSet` (`id`) VALUES ('11395');
INSERT INTO `SkillSet_skills` (`SkillSet_id`, `skills`) VALUES ('11395', 'dotNet');
INSERT INTO `SkillSet_skills` (`SkillSet_id`, `skills`) VALUES ('11395', 'UITesting');
INSERT INTO `SkillSet_skills` (`SkillSet_id`, `skills`) VALUES ('11395', 'UITesting');
INSERT INTO `SkillSet_skills` (`SkillSet_id`, `skills`) VALUES ('11395', 'Ant');
INSERT INTO `Mission` (`id`, `companyName`, `shortName`, `role`, `skillSet_id`) VALUES ('11395', 'Jd', 'Staintoiss', 'PrincipalConsultant', '11395');
INSERT INTO `SkillSet` (`id`) VALUES ('11396');
INSERT INTO `SkillSet_skills` (`SkillSet_id`, `skills`) VALUES ('11396', 'Maven');
INSERT INTO `SkillSet_skills` (`SkillSet_id`, `skills`) VALUES ('11396', 'dotNet');
INSERT INTO `SkillSet_skills` (`SkillSet_id`, `skills`) VALUES ('11396', 'SQL');
INSERT INTO `SkillSet_skills` (`SkillSet_id`, `skills`) VALUES ('11396', 'UITesting');
INSERT INTO `SkillSet_skills` (`SkillSet_id`, `skills`) VALUES ('11396', 'Java');
INSERT INTO `Mission` (`id`, `companyName`, `shortName`, `role`, `skillSet_id`) VALUES ('11396', 'Qjnych', 'Ebeik', 'PrincipalConsultant', '11396');
INSERT INTO `SkillSet` (`id`) VALUES ('11397');
INSERT INTO `SkillSet_skills` (`SkillSet_id`, `skills`) VALUES ('11397', 'UnitTesting');
INSERT INTO `SkillSet_skills` (`SkillSet_id`, `skills`) VALUES ('11397', 'SQL');
INSERT INTO `Mission` (`id`, `companyName`, `shortName`, `role`, `skillSet_id`) VALUES ('11397', 'Bleipfik', 'Oog', 'SoftwareEngineer', '11397');
INSERT INTO `SkillSet` (`id`) VALUES ('11398');
INSERT INTO `SkillSet_skills` (`SkillSet_id`, `skills`) VALUES ('11398', 'Maven');
INSERT INTO `Mission` (`id`, `companyName`, `shortName`, `role`, `skillSet_id`) VALUES ('11398', 'Baib', 'Reitooch', 'LeadEngineer', '11398');
INSERT INTO `SkillSet` (`id`) VALUES ('11399');
INSERT INTO `SkillSet_skills` (`SkillSet_id`, `skills`) VALUES ('11399', 'UnitTesting');
INSERT INTO `SkillSet_skills` (`SkillSet_id`, `skills`) VALUES ('11399', 'Architektur');
INSERT INTO `SkillSet_skills` (`SkillSet_id`, `skills`) VALUES ('11399', 'Ant');
INSERT INTO `SkillSet_skills` (`SkillSet_id`, `skills`) VALUES ('11399', 'dotNet');
INSERT INTO `Mission` (`id`, `companyName`, `shortName`, `role`, `skillSet_id`) VALUES ('11399', 'Ogjigh', 'Dochit', 'JuniorSoftwareEngineer', '11399');
INSERT INTO `SkillSet` (`id`) VALUES ('11400');
INSERT INTO `SkillSet_skills` (`SkillSet_id`, `skills`) VALUES ('11400', 'Java');
INSERT INTO `Mission` (`id`, `companyName`, `shortName`, `role`, `skillSet_id`) VALUES ('11400', 'Daunoil', 'Xonn', 'LeadEngineer', '11400');
INSERT INTO `SkillSet` (`id`) VALUES ('11401');
INSERT INTO `SkillSet_skills` (`SkillSet_id`, `skills`) VALUES ('11401', 'UITesting');
INSERT INTO `SkillSet_skills` (`SkillSet_id`, `skills`) VALUES ('11401', 'SQL');
INSERT INTO `SkillSet_skills` (`SkillSet_id`, `skills`) VALUES ('11401', 'Ant');
INSERT INTO `SkillSet_skills` (`SkillSet_id`, `skills`) VALUES ('11401', 'SQL');
INSERT INTO `SkillSet_skills` (`SkillSet_id`, `skills`) VALUES ('11401', 'Gradle');
INSERT INTO `Mission` (`id`, `companyName`, `shortName`, `role`, `skillSet_id`) VALUES ('11401', 'Oik', 'Ailas', 'LeadEngineer', '11401');
INSERT INTO `SkillSet` (`id`) VALUES ('11402');
INSERT INTO `SkillSet_skills` (`SkillSet_id`, `skills`) VALUES ('11402', 'Ant');
INSERT INTO `SkillSet_skills` (`SkillSet_id`, `skills`) VALUES ('11402', 'dotNet');
INSERT INTO `SkillSet_skills` (`SkillSet_id`, `skills`) VALUES ('11402', 'SQL');
INSERT INTO `SkillSet_skills` (`SkillSet_id`, `skills`) VALUES ('11402', 'Gradle');
INSERT INTO `Mission` (`id`, `companyName`, `shortName`, `role`, `skillSet_id`) VALUES ('11402', 'Qout', 'Leivjsh', 'LeadEngineer', '11402');
INSERT INTO `SkillSet` (`id`) VALUES ('11403');
INSERT INTO `SkillSet_skills` (`SkillSet_id`, `skills`) VALUES ('11403', 'Gradle');
INSERT INTO `SkillSet_skills` (`SkillSet_id`, `skills`) VALUES ('11403', 'SQL');
INSERT INTO `SkillSet_skills` (`SkillSet_id`, `skills`) VALUES ('11403', 'Java');
INSERT INTO `SkillSet_skills` (`SkillSet_id`, `skills`) VALUES ('11403', 'UnitTesting');
INSERT INTO `SkillSet_skills` (`SkillSet_id`, `skills`) VALUES ('11403', 'SQL');
INSERT INTO `Mission` (`id`, `companyName`, `shortName`, `role`, `skillSet_id`) VALUES ('11403', 'Uth', 'Qis', 'LeadEngineer', '11403');
INSERT INTO `SkillSet` (`id`) VALUES ('11404');
INSERT INTO `SkillSet_skills` (`SkillSet_id`, `skills`) VALUES ('11404', 'UnitTesting');
INSERT INTO `SkillSet_skills` (`SkillSet_id`, `skills`) VALUES ('11404', 'Gradle');
INSERT INTO `SkillSet_skills` (`SkillSet_id`, `skills`) VALUES ('11404', 'SQL');
INSERT INTO `SkillSet_skills` (`SkillSet_id`, `skills`) VALUES ('11404', 'Maven');
INSERT INTO `Mission` (`id`, `companyName`, `shortName`, `role`, `skillSet_id`) VALUES ('11404', 'Thoukjt', 'Bloighyb', 'JuniorSoftwareEngineer', '11404');
INSERT INTO `SkillSet` (`id`) VALUES ('11405');
INSERT INTO `SkillSet_skills` (`SkillSet_id`, `skills`) VALUES ('11405', 'dotNet');
INSERT INTO `Mission` (`id`, `companyName`, `shortName`, `role`, `skillSet_id`) VALUES ('11405', 'Udeib', 'Nusoiw', 'LeadSoftwareArchitect', '11405');
INSERT INTO `SkillSet` (`id`) VALUES ('11406');
INSERT INTO `SkillSet_skills` (`SkillSet_id`, `skills`) VALUES ('11406', 'Architektur');
INSERT INTO `SkillSet_skills` (`SkillSet_id`, `skills`) VALUES ('11406', 'UnitTesting');
INSERT INTO `SkillSet_skills` (`SkillSet_id`, `skills`) VALUES ('11406', 'Gradle');
INSERT INTO `SkillSet_skills` (`SkillSet_id`, `skills`) VALUES ('11406', 'dotNet');
INSERT INTO `SkillSet_skills` (`SkillSet_id`, `skills`) VALUES ('11406', 'UnitTesting');
INSERT INTO `Mission` (`id`, `companyName`, `shortName`, `role`, `skillSet_id`) VALUES ('11406', 'Oubjinn', 'Pjik', 'SeniorSoftwareEngineer', '11406');
INSERT INTO `SkillSet` (`id`) VALUES ('11407');
INSERT INTO `SkillSet_skills` (`SkillSet_id`, `skills`) VALUES ('11407', 'Ant');
INSERT INTO `SkillSet_skills` (`SkillSet_id`, `skills`) VALUES ('11407', 'Gradle');
INSERT INTO `SkillSet_skills` (`SkillSet_id`, `skills`) VALUES ('11407', 'Gradle');
INSERT INTO `SkillSet_skills` (`SkillSet_id`, `skills`) VALUES ('11407', 'Ant');
INSERT INTO `SkillSet_skills` (`SkillSet_id`, `skills`) VALUES ('11407', 'Ant');
INSERT INTO `Mission` (`id`, `companyName`, `shortName`, `role`, `skillSet_id`) VALUES ('11407', 'Floun', 'Nishop', 'LeadSoftwareArchitect', '11407');
INSERT INTO `SkillSet` (`id`) VALUES ('11408');
INSERT INTO `SkillSet_skills` (`SkillSet_id`, `skills`) VALUES ('11408', 'SQL');
INSERT INTO `Mission` (`id`, `companyName`, `shortName`, `role`, `skillSet_id`) VALUES ('11408', 'Jithess', 'Iw', 'SeniorSoftwareEngineer', '11408');
INSERT INTO `SkillSet` (`id`) VALUES ('11409');
INSERT INTO `SkillSet_skills` (`SkillSet_id`, `skills`) VALUES ('11409', 'UnitTesting');
INSERT INTO `SkillSet_skills` (`SkillSet_id`, `skills`) VALUES ('11409', 'Ant');
INSERT INTO `SkillSet_skills` (`SkillSet_id`, `skills`) VALUES ('11409', 'Maven');
INSERT INTO `SkillSet_skills` (`SkillSet_id`, `skills`) VALUES ('11409', 'SQL');
INSERT INTO `Mission` (`id`, `companyName`, `shortName`, `role`, `skillSet_id`) VALUES ('11409', 'Qebouv', 'Ydib', 'LeadEngineer', '11409');
INSERT INTO `SkillSet` (`id`) VALUES ('11410');
INSERT INTO `SkillSet_skills` (`SkillSet_id`, `skills`) VALUES ('11410', 'SQL');
INSERT INTO `SkillSet_skills` (`SkillSet_id`, `skills`) VALUES ('11410', 'Ant');
INSERT INTO `SkillSet_skills` (`SkillSet_id`, `skills`) VALUES ('11410', 'Gradle');
INSERT INTO `SkillSet_skills` (`SkillSet_id`, `skills`) VALUES ('11410', 'Gradle');
INSERT INTO `SkillSet_skills` (`SkillSet_id`, `skills`) VALUES ('11410', 'SQL');
INSERT INTO `Mission` (`id`, `companyName`, `shortName`, `role`, `skillSet_id`) VALUES ('11410', 'Dass', 'Bash', 'LeadEngineer', '11410');
INSERT INTO `SkillSet` (`id`) VALUES ('11411');
INSERT INTO `SkillSet_skills` (`SkillSet_id`, `skills`) VALUES ('11411', 'Gradle');
INSERT INTO `SkillSet_skills` (`SkillSet_id`, `skills`) VALUES ('11411', 'dotNet');
INSERT INTO `SkillSet_skills` (`SkillSet_id`, `skills`) VALUES ('11411', 'dotNet');
INSERT INTO `SkillSet_skills` (`SkillSet_id`, `skills`) VALUES ('11411', 'UITesting');
INSERT INTO `Mission` (`id`, `companyName`, `shortName`, `role`, `skillSet_id`) VALUES ('11411', 'Mash', 'Blaun', 'SeniorSoftwareEngineer', '11411');
INSERT INTO `SkillSet` (`id`) VALUES ('11412');
INSERT INTO `SkillSet_skills` (`SkillSet_id`, `skills`) VALUES ('11412', 'Ant');
INSERT INTO `SkillSet_skills` (`SkillSet_id`, `skills`) VALUES ('11412', 'Ant');
INSERT INTO `SkillSet_skills` (`SkillSet_id`, `skills`) VALUES ('11412', 'UITesting');
INSERT INTO `SkillSet_skills` (`SkillSet_id`, `skills`) VALUES ('11412', 'Maven');
INSERT INTO `Mission` (`id`, `companyName`, `shortName`, `role`, `skillSet_id`) VALUES ('11412', 'Ygyd', 'Shem', 'LeadSoftwareArchitect', '11412');
INSERT INTO `SkillSet` (`id`) VALUES ('11413');
INSERT INTO `SkillSet_skills` (`SkillSet_id`, `skills`) VALUES ('11413', 'Architektur');
INSERT INTO `SkillSet_skills` (`SkillSet_id`, `skills`) VALUES ('11413', 'Ant');
INSERT INTO `SkillSet_skills` (`SkillSet_id`, `skills`) VALUES ('11413', 'dotNet');
INSERT INTO `SkillSet_skills` (`SkillSet_id`, `skills`) VALUES ('11413', 'Architektur');
INSERT INTO `Mission` (`id`, `companyName`, `shortName`, `role`, `skillSet_id`) VALUES ('11413', 'Jh', 'Aw', 'SoftwareEngineer', '11413');
INSERT INTO `SkillSet` (`id`) VALUES ('11414');
INSERT INTO `SkillSet_skills` (`SkillSet_id`, `skills`) VALUES ('11414', 'Ant');
INSERT INTO `SkillSet_skills` (`SkillSet_id`, `skills`) VALUES ('11414', 'UITesting');
INSERT INTO `Mission` (`id`, `companyName`, `shortName`, `role`, `skillSet_id`) VALUES ('11414', 'Jg', 'Iw', 'PrincipalConsultant', '11414');
INSERT INTO `SkillSet` (`id`) VALUES ('11415');
INSERT INTO `SkillSet_skills` (`SkillSet_id`, `skills`) VALUES ('11415', 'Ant');
INSERT INTO `SkillSet_skills` (`SkillSet_id`, `skills`) VALUES ('11415', 'Architektur');
INSERT INTO `SkillSet_skills` (`SkillSet_id`, `skills`) VALUES ('11415', 'Maven');
INSERT INTO `SkillSet_skills` (`SkillSet_id`, `skills`) VALUES ('11415', 'Gradle');
INSERT INTO `SkillSet_skills` (`SkillSet_id`, `skills`) VALUES ('11415', 'Maven');
INSERT INTO `Mission` (`id`, `companyName`, `shortName`, `role`, `skillSet_id`) VALUES ('11415', 'Int', 'Tintauv', 'JuniorSoftwareEngineer', '11415');
INSERT INTO `SkillSet` (`id`) VALUES ('11416');
INSERT INTO `SkillSet_skills` (`SkillSet_id`, `skills`) VALUES ('11416', 'dotNet');
INSERT INTO `SkillSet_skills` (`SkillSet_id`, `skills`) VALUES ('11416', 'UnitTesting');
INSERT INTO `SkillSet_skills` (`SkillSet_id`, `skills`) VALUES ('11416', 'UITesting');
INSERT INTO `SkillSet_skills` (`SkillSet_id`, `skills`) VALUES ('11416', 'Ant');
INSERT INTO `Mission` (`id`, `companyName`, `shortName`, `role`, `skillSet_id`) VALUES ('11416', 'Oidas', 'Jig', 'SeniorSoftwareEngineer', '11416');
INSERT INTO `SkillSet` (`id`) VALUES ('11417');
INSERT INTO `SkillSet_skills` (`SkillSet_id`, `skills`) VALUES ('11417', 'Gradle');
INSERT INTO `SkillSet_skills` (`SkillSet_id`, `skills`) VALUES ('11417', 'dotNet');
INSERT INTO `Mission` (`id`, `companyName`, `shortName`, `role`, `skillSet_id`) VALUES ('11417', 'Bloich', 'Oidutt', 'LeadSoftwareArchitect', '11417');
INSERT INTO `SkillSet` (`id`) VALUES ('11418');
INSERT INTO `SkillSet_skills` (`SkillSet_id`, `skills`) VALUES ('11418', 'Java');
INSERT INTO `Mission` (`id`, `companyName`, `shortName`, `role`, `skillSet_id`) VALUES ('11418', 'Jilaust', 'Vethoum', 'SeniorSoftwareEngineer', '11418');
INSERT INTO `SkillSet` (`id`) VALUES ('11419');
INSERT INTO `SkillSet_skills` (`SkillSet_id`, `skills`) VALUES ('11419', 'UnitTesting');
INSERT INTO `Mission` (`id`, `companyName`, `shortName`, `role`, `skillSet_id`) VALUES ('11419', 'Yss', 'Thunn', 'LeadEngineer', '11419');
INSERT INTO `SkillSet` (`id`) VALUES ('11420');
INSERT INTO `SkillSet_skills` (`SkillSet_id`, `skills`) VALUES ('11420', 'UnitTesting');
INSERT INTO `Mission` (`id`, `companyName`, `shortName`, `role`, `skillSet_id`) VALUES ('11420', 'Ushuk', 'Cheif', 'SeniorSoftwareEngineer', '11420');
INSERT INTO `SkillSet` (`id`) VALUES ('11421');
INSERT INTO `SkillSet_skills` (`SkillSet_id`, `skills`) VALUES ('11421', 'UnitTesting');
INSERT INTO `SkillSet_skills` (`SkillSet_id`, `skills`) VALUES ('11421', 'Gradle');
INSERT INTO `SkillSet_skills` (`SkillSet_id`, `skills`) VALUES ('11421', 'Ant');
INSERT INTO `Mission` (`id`, `companyName`, `shortName`, `role`, `skillSet_id`) VALUES ('11421', 'Bazaik', 'Bib', 'JuniorSoftwareEngineer', '11421');
INSERT INTO `SkillSet` (`id`) VALUES ('11422');
INSERT INTO `SkillSet_skills` (`SkillSet_id`, `skills`) VALUES ('11422', 'SQL');
INSERT INTO `SkillSet_skills` (`SkillSet_id`, `skills`) VALUES ('11422', 'UITesting');
INSERT INTO `SkillSet_skills` (`SkillSet_id`, `skills`) VALUES ('11422', 'Architektur');
INSERT INTO `SkillSet_skills` (`SkillSet_id`, `skills`) VALUES ('11422', 'SQL');
INSERT INTO `Mission` (`id`, `companyName`, `shortName`, `role`, `skillSet_id`) VALUES ('11422', 'Zoimjt', 'Eith', 'SoftwareEngineer', '11422');
INSERT INTO `SkillSet` (`id`) VALUES ('11423');
INSERT INTO `SkillSet_skills` (`SkillSet_id`, `skills`) VALUES ('11423', 'Ant');
INSERT INTO `SkillSet_skills` (`SkillSet_id`, `skills`) VALUES ('11423', 'dotNet');
INSERT INTO `SkillSet_skills` (`SkillSet_id`, `skills`) VALUES ('11423', 'Java');
INSERT INTO `SkillSet_skills` (`SkillSet_id`, `skills`) VALUES ('11423', 'dotNet');
INSERT INTO `SkillSet_skills` (`SkillSet_id`, `skills`) VALUES ('11423', 'UITesting');
INSERT INTO `Mission` (`id`, `companyName`, `shortName`, `role`, `skillSet_id`) VALUES ('11423', 'Nyfen', 'Stoig', 'SoftwareEngineer', '11423');
INSERT INTO `SkillSet` (`id`) VALUES ('11424');
INSERT INTO `SkillSet_skills` (`SkillSet_id`, `skills`) VALUES ('11424', 'UITesting');
INSERT INTO `SkillSet_skills` (`SkillSet_id`, `skills`) VALUES ('11424', 'UnitTesting');
INSERT INTO `SkillSet_skills` (`SkillSet_id`, `skills`) VALUES ('11424', 'UITesting');
INSERT INTO `SkillSet_skills` (`SkillSet_id`, `skills`) VALUES ('11424', 'dotNet');
INSERT INTO `Mission` (`id`, `companyName`, `shortName`, `role`, `skillSet_id`) VALUES ('11424', 'Oisteik', 'Stoozaitt', 'LeadEngineer', '11424');
INSERT INTO `SkillSet` (`id`) VALUES ('11425');
INSERT INTO `SkillSet_skills` (`SkillSet_id`, `skills`) VALUES ('11425', 'Maven');
INSERT INTO `SkillSet_skills` (`SkillSet_id`, `skills`) VALUES ('11425', 'Architektur');
INSERT INTO `SkillSet_skills` (`SkillSet_id`, `skills`) VALUES ('11425', 'Gradle');
INSERT INTO `SkillSet_skills` (`SkillSet_id`, `skills`) VALUES ('11425', 'Java');
INSERT INTO `SkillSet_skills` (`SkillSet_id`, `skills`) VALUES ('11425', 'UnitTesting');
INSERT INTO `Mission` (`id`, `companyName`, `shortName`, `role`, `skillSet_id`) VALUES ('11425', 'Aivyk', 'Gljth', 'JuniorSoftwareEngineer', '11425');
INSERT INTO `SkillSet` (`id`) VALUES ('11426');
INSERT INTO `SkillSet_skills` (`SkillSet_id`, `skills`) VALUES ('11426', 'dotNet');
INSERT INTO `SkillSet_skills` (`SkillSet_id`, `skills`) VALUES ('11426', 'Maven');
INSERT INTO `SkillSet_skills` (`SkillSet_id`, `skills`) VALUES ('11426', 'dotNet');
INSERT INTO `Mission` (`id`, `companyName`, `shortName`, `role`, `skillSet_id`) VALUES ('11426', 'Uz', 'Movaitt', 'LeadEngineer', '11426');
INSERT INTO `SkillSet` (`id`) VALUES ('11427');
INSERT INTO `SkillSet_skills` (`SkillSet_id`, `skills`) VALUES ('11427', 'Ant');
INSERT INTO `SkillSet_skills` (`SkillSet_id`, `skills`) VALUES ('11427', 'Architektur');
INSERT INTO `SkillSet_skills` (`SkillSet_id`, `skills`) VALUES ('11427', 'Gradle');
INSERT INTO `SkillSet_skills` (`SkillSet_id`, `skills`) VALUES ('11427', 'dotNet');
INSERT INTO `SkillSet_skills` (`SkillSet_id`, `skills`) VALUES ('11427', 'Ant');
INSERT INTO `Mission` (`id`, `companyName`, `shortName`, `role`, `skillSet_id`) VALUES ('11427', 'Aum', 'Oseh', 'LeadEngineer', '11427');
INSERT INTO `SkillSet` (`id`) VALUES ('11428');
INSERT INTO `SkillSet_skills` (`SkillSet_id`, `skills`) VALUES ('11428', 'Ant');
INSERT INTO `SkillSet_skills` (`SkillSet_id`, `skills`) VALUES ('11428', 'Ant');
INSERT INTO `SkillSet_skills` (`SkillSet_id`, `skills`) VALUES ('11428', 'Ant');
INSERT INTO `SkillSet_skills` (`SkillSet_id`, `skills`) VALUES ('11428', 'Gradle');
INSERT INTO `SkillSet_skills` (`SkillSet_id`, `skills`) VALUES ('11428', 'Java');
INSERT INTO `Mission` (`id`, `companyName`, `shortName`, `role`, `skillSet_id`) VALUES ('11428', 'Zoben', 'Jf', 'PrincipalConsultant', '11428');
INSERT INTO `SkillSet` (`id`) VALUES ('11429');
INSERT INTO `SkillSet_skills` (`SkillSet_id`, `skills`) VALUES ('11429', 'UITesting');
INSERT INTO `SkillSet_skills` (`SkillSet_id`, `skills`) VALUES ('11429', 'Java');
INSERT INTO `Mission` (`id`, `companyName`, `shortName`, `role`, `skillSet_id`) VALUES ('11429', 'Eiz', 'Kjintom', 'JuniorSoftwareEngineer', '11429');
INSERT INTO `SkillSet` (`id`) VALUES ('11430');
INSERT INTO `SkillSet_skills` (`SkillSet_id`, `skills`) VALUES ('11430', 'Java');
INSERT INTO `Mission` (`id`, `companyName`, `shortName`, `role`, `skillSet_id`) VALUES ('11430', 'Jik', 'Gjil', 'LeadSoftwareArchitect', '11430');
INSERT INTO `SkillSet` (`id`) VALUES ('11431');
INSERT INTO `SkillSet_skills` (`SkillSet_id`, `skills`) VALUES ('11431', 'SQL');
INSERT INTO `SkillSet_skills` (`SkillSet_id`, `skills`) VALUES ('11431', 'Ant');
INSERT INTO `SkillSet_skills` (`SkillSet_id`, `skills`) VALUES ('11431', 'Java');
INSERT INTO `SkillSet_skills` (`SkillSet_id`, `skills`) VALUES ('11431', 'dotNet');
INSERT INTO `SkillSet_skills` (`SkillSet_id`, `skills`) VALUES ('11431', 'UnitTesting');
INSERT INTO `Mission` (`id`, `companyName`, `shortName`, `role`, `skillSet_id`) VALUES ('11431', 'Uthouk', 'Oiw', 'SeniorSoftwareEngineer', '11431');
INSERT INTO `SkillSet` (`id`) VALUES ('11432');
INSERT INTO `SkillSet_skills` (`SkillSet_id`, `skills`) VALUES ('11432', 'Gradle');
INSERT INTO `Mission` (`id`, `companyName`, `shortName`, `role`, `skillSet_id`) VALUES ('11432', 'Glaupf', 'Peisuch', 'JuniorSoftwareEngineer', '11432');
INSERT INTO `SkillSet` (`id`) VALUES ('11433');
INSERT INTO `SkillSet_skills` (`SkillSet_id`, `skills`) VALUES ('11433', 'Gradle');
INSERT INTO `SkillSet_skills` (`SkillSet_id`, `skills`) VALUES ('11433', 'Gradle');
INSERT INTO `SkillSet_skills` (`SkillSet_id`, `skills`) VALUES ('11433', 'Ant');
INSERT INTO `SkillSet_skills` (`SkillSet_id`, `skills`) VALUES ('11433', 'UnitTesting');
INSERT INTO `SkillSet_skills` (`SkillSet_id`, `skills`) VALUES ('11433', 'SQL');
INSERT INTO `Mission` (`id`, `companyName`, `shortName`, `role`, `skillSet_id`) VALUES ('11433', 'Iss', 'Veimed', 'LeadEngineer', '11433');
INSERT INTO `SkillSet` (`id`) VALUES ('11434');
INSERT INTO `SkillSet_skills` (`SkillSet_id`, `skills`) VALUES ('11434', 'Architektur');
INSERT INTO `SkillSet_skills` (`SkillSet_id`, `skills`) VALUES ('11434', 'Gradle');
INSERT INTO `SkillSet_skills` (`SkillSet_id`, `skills`) VALUES ('11434', 'dotNet');
INSERT INTO `Mission` (`id`, `companyName`, `shortName`, `role`, `skillSet_id`) VALUES ('11434', 'Prjiv', 'Nuchich', 'JuniorSoftwareEngineer', '11434');
INSERT INTO `SkillSet` (`id`) VALUES ('11435');
INSERT INTO `SkillSet_skills` (`SkillSet_id`, `skills`) VALUES ('11435', 'Maven');
INSERT INTO `Mission` (`id`, `companyName`, `shortName`, `role`, `skillSet_id`) VALUES ('11435', 'Byhel', 'Dachach', 'LeadEngineer', '11435');
INSERT INTO `SkillSet` (`id`) VALUES ('11436');
INSERT INTO `SkillSet_skills` (`SkillSet_id`, `skills`) VALUES ('11436', 'Maven');
INSERT INTO `SkillSet_skills` (`SkillSet_id`, `skills`) VALUES ('11436', 'Architektur');
INSERT INTO `SkillSet_skills` (`SkillSet_id`, `skills`) VALUES ('11436', 'Architektur');
INSERT INTO `SkillSet_skills` (`SkillSet_id`, `skills`) VALUES ('11436', 'UITesting');
INSERT INTO `SkillSet_skills` (`SkillSet_id`, `skills`) VALUES ('11436', 'Gradle');
INSERT INTO `Mission` (`id`, `companyName`, `shortName`, `role`, `skillSet_id`) VALUES ('11436', 'Arew', 'Auntjiw', 'LeadSoftwareArchitect', '11436');
INSERT INTO `SkillSet` (`id`) VALUES ('11437');
INSERT INTO `SkillSet_skills` (`SkillSet_id`, `skills`) VALUES ('11437', 'UITesting');
INSERT INTO `SkillSet_skills` (`SkillSet_id`, `skills`) VALUES ('11437', 'Gradle');
INSERT INTO `Mission` (`id`, `companyName`, `shortName`, `role`, `skillSet_id`) VALUES ('11437', 'Blooseit', 'Ainteip', 'SoftwareEngineer', '11437');
INSERT INTO `SkillSet` (`id`) VALUES ('11438');
INSERT INTO `SkillSet_skills` (`SkillSet_id`, `skills`) VALUES ('11438', 'SQL');
INSERT INTO `Mission` (`id`, `companyName`, `shortName`, `role`, `skillSet_id`) VALUES ('11438', 'Ygouth', 'Ig', 'LeadEngineer', '11438');
INSERT INTO `SkillSet` (`id`) VALUES ('11439');
INSERT INTO `SkillSet_skills` (`SkillSet_id`, `skills`) VALUES ('11439', 'UITesting');
INSERT INTO `SkillSet_skills` (`SkillSet_id`, `skills`) VALUES ('11439', 'Gradle');
INSERT INTO `Mission` (`id`, `companyName`, `shortName`, `role`, `skillSet_id`) VALUES ('11439', 'Yr', 'Oonnis', 'SoftwareEngineer', '11439');
INSERT INTO `SkillSet` (`id`) VALUES ('11440');
INSERT INTO `SkillSet_skills` (`SkillSet_id`, `skills`) VALUES ('11440', 'Maven');
INSERT INTO `SkillSet_skills` (`SkillSet_id`, `skills`) VALUES ('11440', 'Ant');
INSERT INTO `SkillSet_skills` (`SkillSet_id`, `skills`) VALUES ('11440', 'SQL');
INSERT INTO `Mission` (`id`, `companyName`, `shortName`, `role`, `skillSet_id`) VALUES ('11440', 'Resheitt', 'Yneig', 'SoftwareEngineer', '11440');
INSERT INTO `SkillSet` (`id`) VALUES ('11441');
INSERT INTO `SkillSet_skills` (`SkillSet_id`, `skills`) VALUES ('11441', 'Ant');
INSERT INTO `Mission` (`id`, `companyName`, `shortName`, `role`, `skillSet_id`) VALUES ('11441', 'Fjit', 'Xyshaif', 'SoftwareEngineer', '11441');
INSERT INTO `SkillSet` (`id`) VALUES ('11442');
INSERT INTO `SkillSet_skills` (`SkillSet_id`, `skills`) VALUES ('11442', 'Java');
INSERT INTO `SkillSet_skills` (`SkillSet_id`, `skills`) VALUES ('11442', 'Gradle');
INSERT INTO `SkillSet_skills` (`SkillSet_id`, `skills`) VALUES ('11442', 'Gradle');
INSERT INTO `SkillSet_skills` (`SkillSet_id`, `skills`) VALUES ('11442', 'UnitTesting');
INSERT INTO `SkillSet_skills` (`SkillSet_id`, `skills`) VALUES ('11442', 'Architektur');
INSERT INTO `Mission` (`id`, `companyName`, `shortName`, `role`, `skillSet_id`) VALUES ('11442', 'Jid', 'Kinjis', 'JuniorSoftwareEngineer', '11442');
INSERT INTO `SkillSet` (`id`) VALUES ('11443');
INSERT INTO `SkillSet_skills` (`SkillSet_id`, `skills`) VALUES ('11443', 'Java');
INSERT INTO `SkillSet_skills` (`SkillSet_id`, `skills`) VALUES ('11443', 'dotNet');
INSERT INTO `SkillSet_skills` (`SkillSet_id`, `skills`) VALUES ('11443', 'Gradle');
INSERT INTO `SkillSet_skills` (`SkillSet_id`, `skills`) VALUES ('11443', 'UnitTesting');
INSERT INTO `SkillSet_skills` (`SkillSet_id`, `skills`) VALUES ('11443', 'Java');
INSERT INTO `Mission` (`id`, `companyName`, `shortName`, `role`, `skillSet_id`) VALUES ('11443', 'Ud', 'Eizaiz', 'LeadEngineer', '11443');
INSERT INTO `SkillSet` (`id`) VALUES ('11444');
INSERT INTO `SkillSet_skills` (`SkillSet_id`, `skills`) VALUES ('11444', 'UITesting');
INSERT INTO `SkillSet_skills` (`SkillSet_id`, `skills`) VALUES ('11444', 'Maven');
INSERT INTO `Mission` (`id`, `companyName`, `shortName`, `role`, `skillSet_id`) VALUES ('11444', 'Ouch', 'Alooth', 'JuniorSoftwareEngineer', '11444');
INSERT INTO `SkillSet` (`id`) VALUES ('11445');
INSERT INTO `SkillSet_skills` (`SkillSet_id`, `skills`) VALUES ('11445', 'Ant');
INSERT INTO `SkillSet_skills` (`SkillSet_id`, `skills`) VALUES ('11445', 'dotNet');
INSERT INTO `Mission` (`id`, `companyName`, `shortName`, `role`, `skillSet_id`) VALUES ('11445', 'Og', 'Ail', 'PrincipalConsultant', '11445');
INSERT INTO `SkillSet` (`id`) VALUES ('11446');
INSERT INTO `SkillSet_skills` (`SkillSet_id`, `skills`) VALUES ('11446', 'SQL');
INSERT INTO `SkillSet_skills` (`SkillSet_id`, `skills`) VALUES ('11446', 'Architektur');
INSERT INTO `SkillSet_skills` (`SkillSet_id`, `skills`) VALUES ('11446', 'Java');
INSERT INTO `SkillSet_skills` (`SkillSet_id`, `skills`) VALUES ('11446', 'Ant');
INSERT INTO `Mission` (`id`, `companyName`, `shortName`, `role`, `skillSet_id`) VALUES ('11446', 'Dyb', 'Oupf', 'SoftwareEngineer', '11446');
INSERT INTO `SkillSet` (`id`) VALUES ('11447');
INSERT INTO `SkillSet_skills` (`SkillSet_id`, `skills`) VALUES ('11447', 'Java');
INSERT INTO `SkillSet_skills` (`SkillSet_id`, `skills`) VALUES ('11447', 'Java');
INSERT INTO `SkillSet_skills` (`SkillSet_id`, `skills`) VALUES ('11447', 'dotNet');
INSERT INTO `SkillSet_skills` (`SkillSet_id`, `skills`) VALUES ('11447', 'UITesting');
INSERT INTO `Mission` (`id`, `companyName`, `shortName`, `role`, `skillSet_id`) VALUES ('11447', 'Res', 'Tytt', 'LeadSoftwareArchitect', '11447');
INSERT INTO `SkillSet` (`id`) VALUES ('11448');
INSERT INTO `SkillSet_skills` (`SkillSet_id`, `skills`) VALUES ('11448', 'Maven');
INSERT INTO `SkillSet_skills` (`SkillSet_id`, `skills`) VALUES ('11448', 'UnitTesting');
INSERT INTO `SkillSet_skills` (`SkillSet_id`, `skills`) VALUES ('11448', 'Architektur');
INSERT INTO `Mission` (`id`, `companyName`, `shortName`, `role`, `skillSet_id`) VALUES ('11448', 'Qaurais', 'Auhaiw', 'SeniorSoftwareEngineer', '11448');
INSERT INTO `SkillSet` (`id`) VALUES ('11449');
INSERT INTO `SkillSet_skills` (`SkillSet_id`, `skills`) VALUES ('11449', 'SQL');
INSERT INTO `SkillSet_skills` (`SkillSet_id`, `skills`) VALUES ('11449', 'dotNet');
INSERT INTO `SkillSet_skills` (`SkillSet_id`, `skills`) VALUES ('11449', 'Java');
INSERT INTO `SkillSet_skills` (`SkillSet_id`, `skills`) VALUES ('11449', 'Java');
INSERT INTO `SkillSet_skills` (`SkillSet_id`, `skills`) VALUES ('11449', 'SQL');
INSERT INTO `Mission` (`id`, `companyName`, `shortName`, `role`, `skillSet_id`) VALUES ('11449', 'Zeish', 'Vjpf', 'PrincipalConsultant', '11449');
INSERT INTO `SkillSet` (`id`) VALUES ('11450');
INSERT INTO `SkillSet_skills` (`SkillSet_id`, `skills`) VALUES ('11450', 'Architektur');
INSERT INTO `SkillSet_skills` (`SkillSet_id`, `skills`) VALUES ('11450', 'UITesting');
INSERT INTO `SkillSet_skills` (`SkillSet_id`, `skills`) VALUES ('11450', 'Architektur');
INSERT INTO `SkillSet_skills` (`SkillSet_id`, `skills`) VALUES ('11450', 'Architektur');
INSERT INTO `SkillSet_skills` (`SkillSet_id`, `skills`) VALUES ('11450', 'Java');
INSERT INTO `Mission` (`id`, `companyName`, `shortName`, `role`, `skillSet_id`) VALUES ('11450', 'Tass', 'Toum', 'PrincipalConsultant', '11450');
INSERT INTO `SkillSet` (`id`) VALUES ('11451');
INSERT INTO `SkillSet_skills` (`SkillSet_id`, `skills`) VALUES ('11451', 'dotNet');
INSERT INTO `SkillSet_skills` (`SkillSet_id`, `skills`) VALUES ('11451', 'Architektur');
INSERT INTO `SkillSet_skills` (`SkillSet_id`, `skills`) VALUES ('11451', 'Maven');
INSERT INTO `Mission` (`id`, `companyName`, `shortName`, `role`, `skillSet_id`) VALUES ('11451', 'Nood', 'Ufent', 'LeadEngineer', '11451');
INSERT INTO `SkillSet` (`id`) VALUES ('11452');
INSERT INTO `SkillSet_skills` (`SkillSet_id`, `skills`) VALUES ('11452', 'Gradle');
INSERT INTO `SkillSet_skills` (`SkillSet_id`, `skills`) VALUES ('11452', 'Maven');
INSERT INTO `Mission` (`id`, `companyName`, `shortName`, `role`, `skillSet_id`) VALUES ('11452', 'Sip', 'Ereiz', 'LeadEngineer', '11452');
INSERT INTO `SkillSet` (`id`) VALUES ('11453');
INSERT INTO `SkillSet_skills` (`SkillSet_id`, `skills`) VALUES ('11453', 'UITesting');
INSERT INTO `SkillSet_skills` (`SkillSet_id`, `skills`) VALUES ('11453', 'Gradle');
INSERT INTO `SkillSet_skills` (`SkillSet_id`, `skills`) VALUES ('11453', 'UnitTesting');
INSERT INTO `SkillSet_skills` (`SkillSet_id`, `skills`) VALUES ('11453', 'Maven');
INSERT INTO `SkillSet_skills` (`SkillSet_id`, `skills`) VALUES ('11453', 'Architektur');
INSERT INTO `Mission` (`id`, `companyName`, `shortName`, `role`, `skillSet_id`) VALUES ('11453', 'Ainnoop', 'Flaussam', 'SeniorSoftwareEngineer', '11453');
INSERT INTO `SkillSet` (`id`) VALUES ('11454');
INSERT INTO `SkillSet_skills` (`SkillSet_id`, `skills`) VALUES ('11454', 'Maven');
INSERT INTO `Mission` (`id`, `companyName`, `shortName`, `role`, `skillSet_id`) VALUES ('11454', 'Daishinn', 'Eisjsh', 'SoftwareEngineer', '11454');
INSERT INTO `SkillSet` (`id`) VALUES ('11455');
INSERT INTO `SkillSet_skills` (`SkillSet_id`, `skills`) VALUES ('11455', 'UnitTesting');
INSERT INTO `SkillSet_skills` (`SkillSet_id`, `skills`) VALUES ('11455', 'UITesting');
INSERT INTO `Mission` (`id`, `companyName`, `shortName`, `role`, `skillSet_id`) VALUES ('11455', 'Oh', 'Klaustib', 'SoftwareEngineer', '11455');
INSERT INTO `SkillSet` (`id`) VALUES ('11456');
INSERT INTO `SkillSet_skills` (`SkillSet_id`, `skills`) VALUES ('11456', 'Ant');
INSERT INTO `Mission` (`id`, `companyName`, `shortName`, `role`, `skillSet_id`) VALUES ('11456', 'As', 'Airouf', 'JuniorSoftwareEngineer', '11456');
INSERT INTO `SkillSet` (`id`) VALUES ('11457');
INSERT INTO `SkillSet_skills` (`SkillSet_id`, `skills`) VALUES ('11457', 'Java');
INSERT INTO `Mission` (`id`, `companyName`, `shortName`, `role`, `skillSet_id`) VALUES ('11457', 'Prjth', 'Oithout', 'LeadEngineer', '11457');
INSERT INTO `SkillSet` (`id`) VALUES ('11458');
INSERT INTO `SkillSet_skills` (`SkillSet_id`, `skills`) VALUES ('11458', 'dotNet');
INSERT INTO `SkillSet_skills` (`SkillSet_id`, `skills`) VALUES ('11458', 'UnitTesting');
INSERT INTO `SkillSet_skills` (`SkillSet_id`, `skills`) VALUES ('11458', 'Ant');
INSERT INTO `SkillSet_skills` (`SkillSet_id`, `skills`) VALUES ('11458', 'Java');
INSERT INTO `SkillSet_skills` (`SkillSet_id`, `skills`) VALUES ('11458', 'Java');
INSERT INTO `Mission` (`id`, `companyName`, `shortName`, `role`, `skillSet_id`) VALUES ('11458', 'Auttov', 'Myfoiv', 'JuniorSoftwareEngineer', '11458');
INSERT INTO `SkillSet` (`id`) VALUES ('11459');
INSERT INTO `SkillSet_skills` (`SkillSet_id`, `skills`) VALUES ('11459', 'dotNet');
INSERT INTO `Mission` (`id`, `companyName`, `shortName`, `role`, `skillSet_id`) VALUES ('11459', 'Thailjish', 'Shont', 'SeniorSoftwareEngineer', '11459');
INSERT INTO `SkillSet` (`id`) VALUES ('11460');
INSERT INTO `SkillSet_skills` (`SkillSet_id`, `skills`) VALUES ('11460', 'Ant');
INSERT INTO `Mission` (`id`, `companyName`, `shortName`, `role`, `skillSet_id`) VALUES ('11460', 'Vounaub', 'Aupfauth', 'LeadEngineer', '11460');
INSERT INTO `SkillSet` (`id`) VALUES ('11461');
INSERT INTO `SkillSet_skills` (`SkillSet_id`, `skills`) VALUES ('11461', 'Ant');
INSERT INTO `Mission` (`id`, `companyName`, `shortName`, `role`, `skillSet_id`) VALUES ('11461', 'Astiw', 'Jpush', 'PrincipalConsultant', '11461');
INSERT INTO `SkillSet` (`id`) VALUES ('11462');
INSERT INTO `SkillSet_skills` (`SkillSet_id`, `skills`) VALUES ('11462', 'UITesting');
INSERT INTO `SkillSet_skills` (`SkillSet_id`, `skills`) VALUES ('11462', 'Java');
INSERT INTO `SkillSet_skills` (`SkillSet_id`, `skills`) VALUES ('11462', 'Maven');
INSERT INTO `SkillSet_skills` (`SkillSet_id`, `skills`) VALUES ('11462', 'UITesting');
INSERT INTO `SkillSet_skills` (`SkillSet_id`, `skills`) VALUES ('11462', 'Gradle');
INSERT INTO `Mission` (`id`, `companyName`, `shortName`, `role`, `skillSet_id`) VALUES ('11462', 'Lit', 'Ooz', 'PrincipalConsultant', '11462');
INSERT INTO `SkillSet` (`id`) VALUES ('11463');
INSERT INTO `SkillSet_skills` (`SkillSet_id`, `skills`) VALUES ('11463', 'Ant');
INSERT INTO `SkillSet_skills` (`SkillSet_id`, `skills`) VALUES ('11463', 'Gradle');
INSERT INTO `Mission` (`id`, `companyName`, `shortName`, `role`, `skillSet_id`) VALUES ('11463', 'Qidof', 'Pjd', 'LeadEngineer', '11463');
INSERT INTO `SkillSet` (`id`) VALUES ('11464');
INSERT INTO `SkillSet_skills` (`SkillSet_id`, `skills`) VALUES ('11464', 'Ant');
INSERT INTO `SkillSet_skills` (`SkillSet_id`, `skills`) VALUES ('11464', 'Gradle');
INSERT INTO `Mission` (`id`, `companyName`, `shortName`, `role`, `skillSet_id`) VALUES ('11464', 'Unnez', 'Xinn', 'LeadSoftwareArchitect', '11464');
INSERT INTO `SkillSet` (`id`) VALUES ('11465');
INSERT INTO `SkillSet_skills` (`SkillSet_id`, `skills`) VALUES ('11465', 'Maven');
INSERT INTO `SkillSet_skills` (`SkillSet_id`, `skills`) VALUES ('11465', 'Architektur');
INSERT INTO `SkillSet_skills` (`SkillSet_id`, `skills`) VALUES ('11465', 'Gradle');
INSERT INTO `SkillSet_skills` (`SkillSet_id`, `skills`) VALUES ('11465', 'UnitTesting');
INSERT INTO `SkillSet_skills` (`SkillSet_id`, `skills`) VALUES ('11465', 'Ant');
INSERT INTO `Mission` (`id`, `companyName`, `shortName`, `role`, `skillSet_id`) VALUES ('11465', 'Eistoiv', 'Ist', 'LeadEngineer', '11465');
INSERT INTO `SkillSet` (`id`) VALUES ('11466');
INSERT INTO `SkillSet_skills` (`SkillSet_id`, `skills`) VALUES ('11466', 'Ant');
INSERT INTO `SkillSet_skills` (`SkillSet_id`, `skills`) VALUES ('11466', 'dotNet');
INSERT INTO `SkillSet_skills` (`SkillSet_id`, `skills`) VALUES ('11466', 'Gradle');
INSERT INTO `Mission` (`id`, `companyName`, `shortName`, `role`, `skillSet_id`) VALUES ('11466', 'Oint', 'Gleittugh', 'SoftwareEngineer', '11466');
INSERT INTO `SkillSet` (`id`) VALUES ('11467');
INSERT INTO `SkillSet_skills` (`SkillSet_id`, `skills`) VALUES ('11467', 'UnitTesting');
INSERT INTO `SkillSet_skills` (`SkillSet_id`, `skills`) VALUES ('11467', 'UnitTesting');
INSERT INTO `SkillSet_skills` (`SkillSet_id`, `skills`) VALUES ('11467', 'Maven');
INSERT INTO `Mission` (`id`, `companyName`, `shortName`, `role`, `skillSet_id`) VALUES ('11467', 'Ooss', 'Ossok', 'JuniorSoftwareEngineer', '11467');
INSERT INTO `SkillSet` (`id`) VALUES ('11468');
INSERT INTO `SkillSet_skills` (`SkillSet_id`, `skills`) VALUES ('11468', 'Maven');
INSERT INTO `SkillSet_skills` (`SkillSet_id`, `skills`) VALUES ('11468', 'Maven');
INSERT INTO `SkillSet_skills` (`SkillSet_id`, `skills`) VALUES ('11468', 'Architektur');
INSERT INTO `SkillSet_skills` (`SkillSet_id`, `skills`) VALUES ('11468', 'Architektur');
INSERT INTO `SkillSet_skills` (`SkillSet_id`, `skills`) VALUES ('11468', 'Gradle');
INSERT INTO `Mission` (`id`, `companyName`, `shortName`, `role`, `skillSet_id`) VALUES ('11468', 'Osh', 'Bloiseiz', 'LeadEngineer', '11468');
INSERT INTO `SkillSet` (`id`) VALUES ('11469');
INSERT INTO `SkillSet_skills` (`SkillSet_id`, `skills`) VALUES ('11469', 'SQL');
INSERT INTO `SkillSet_skills` (`SkillSet_id`, `skills`) VALUES ('11469', 'Maven');
INSERT INTO `SkillSet_skills` (`SkillSet_id`, `skills`) VALUES ('11469', 'Architektur');
INSERT INTO `Mission` (`id`, `companyName`, `shortName`, `role`, `skillSet_id`) VALUES ('11469', 'Qour', 'El', 'LeadSoftwareArchitect', '11469');
INSERT INTO `SkillSet` (`id`) VALUES ('11470');
INSERT INTO `SkillSet_skills` (`SkillSet_id`, `skills`) VALUES ('11470', 'Maven');
INSERT INTO `SkillSet_skills` (`SkillSet_id`, `skills`) VALUES ('11470', 'Ant');
INSERT INTO `SkillSet_skills` (`SkillSet_id`, `skills`) VALUES ('11470', 'UnitTesting');
INSERT INTO `SkillSet_skills` (`SkillSet_id`, `skills`) VALUES ('11470', 'Architektur');
INSERT INTO `SkillSet_skills` (`SkillSet_id`, `skills`) VALUES ('11470', 'UITesting');
INSERT INTO `Mission` (`id`, `companyName`, `shortName`, `role`, `skillSet_id`) VALUES ('11470', 'Gal', 'Eirais', 'LeadEngineer', '11470');
INSERT INTO `SkillSet` (`id`) VALUES ('11471');
INSERT INTO `SkillSet_skills` (`SkillSet_id`, `skills`) VALUES ('11471', 'UITesting');
INSERT INTO `Mission` (`id`, `companyName`, `shortName`, `role`, `skillSet_id`) VALUES ('11471', 'Thaiweipf', 'Eivautt', 'SeniorSoftwareEngineer', '11471');
INSERT INTO `SkillSet` (`id`) VALUES ('11472');
INSERT INTO `SkillSet_skills` (`SkillSet_id`, `skills`) VALUES ('11472', 'SQL');
INSERT INTO `SkillSet_skills` (`SkillSet_id`, `skills`) VALUES ('11472', 'SQL');
INSERT INTO `SkillSet_skills` (`SkillSet_id`, `skills`) VALUES ('11472', 'SQL');
INSERT INTO `SkillSet_skills` (`SkillSet_id`, `skills`) VALUES ('11472', 'UITesting');
INSERT INTO `SkillSet_skills` (`SkillSet_id`, `skills`) VALUES ('11472', 'Java');
INSERT INTO `Mission` (`id`, `companyName`, `shortName`, `role`, `skillSet_id`) VALUES ('11472', 'Shann', 'Ouh', 'JuniorSoftwareEngineer', '11472');
INSERT INTO `SkillSet` (`id`) VALUES ('11473');
INSERT INTO `SkillSet_skills` (`SkillSet_id`, `skills`) VALUES ('11473', 'Gradle');
INSERT INTO `SkillSet_skills` (`SkillSet_id`, `skills`) VALUES ('11473', 'Java');
INSERT INTO `SkillSet_skills` (`SkillSet_id`, `skills`) VALUES ('11473', 'Java');
INSERT INTO `Mission` (`id`, `companyName`, `shortName`, `role`, `skillSet_id`) VALUES ('11473', 'Aintoogh', 'Tuh', 'PrincipalConsultant', '11473');
INSERT INTO `SkillSet` (`id`) VALUES ('11474');
INSERT INTO `SkillSet_skills` (`SkillSet_id`, `skills`) VALUES ('11474', 'UnitTesting');
INSERT INTO `SkillSet_skills` (`SkillSet_id`, `skills`) VALUES ('11474', 'Ant');
INSERT INTO `SkillSet_skills` (`SkillSet_id`, `skills`) VALUES ('11474', 'Gradle');
INSERT INTO `SkillSet_skills` (`SkillSet_id`, `skills`) VALUES ('11474', 'SQL');
INSERT INTO `Mission` (`id`, `companyName`, `shortName`, `role`, `skillSet_id`) VALUES ('11474', 'Eth', 'Klatt', 'LeadEngineer', '11474');
INSERT INTO `SkillSet` (`id`) VALUES ('11475');
INSERT INTO `SkillSet_skills` (`SkillSet_id`, `skills`) VALUES ('11475', 'SQL');
INSERT INTO `SkillSet_skills` (`SkillSet_id`, `skills`) VALUES ('11475', 'dotNet');
INSERT INTO `SkillSet_skills` (`SkillSet_id`, `skills`) VALUES ('11475', 'Maven');
INSERT INTO `SkillSet_skills` (`SkillSet_id`, `skills`) VALUES ('11475', 'Gradle');
INSERT INTO `Mission` (`id`, `companyName`, `shortName`, `role`, `skillSet_id`) VALUES ('11475', 'Oust', 'Yt', 'PrincipalConsultant', '11475');
INSERT INTO `SkillSet` (`id`) VALUES ('11476');
INSERT INTO `SkillSet_skills` (`SkillSet_id`, `skills`) VALUES ('11476', 'dotNet');
INSERT INTO `SkillSet_skills` (`SkillSet_id`, `skills`) VALUES ('11476', 'Ant');
INSERT INTO `Mission` (`id`, `companyName`, `shortName`, `role`, `skillSet_id`) VALUES ('11476', 'Gljib', 'Kljstoich', 'PrincipalConsultant', '11476');
INSERT INTO `SkillSet` (`id`) VALUES ('11477');
INSERT INTO `SkillSet_skills` (`SkillSet_id`, `skills`) VALUES ('11477', 'UnitTesting');
INSERT INTO `SkillSet_skills` (`SkillSet_id`, `skills`) VALUES ('11477', 'Maven');
INSERT INTO `SkillSet_skills` (`SkillSet_id`, `skills`) VALUES ('11477', 'SQL');
INSERT INTO `SkillSet_skills` (`SkillSet_id`, `skills`) VALUES ('11477', 'Gradle');
INSERT INTO `SkillSet_skills` (`SkillSet_id`, `skills`) VALUES ('11477', 'UITesting');
INSERT INTO `Mission` (`id`, `companyName`, `shortName`, `role`, `skillSet_id`) VALUES ('11477', 'Fjiz', 'Aitheb', 'LeadEngineer', '11477');
INSERT INTO `SkillSet` (`id`) VALUES ('11478');
INSERT INTO `SkillSet_skills` (`SkillSet_id`, `skills`) VALUES ('11478', 'Architektur');
INSERT INTO `Mission` (`id`, `companyName`, `shortName`, `role`, `skillSet_id`) VALUES ('11478', 'Ant', 'Os', 'LeadSoftwareArchitect', '11478');
INSERT INTO `SkillSet` (`id`) VALUES ('11479');
INSERT INTO `SkillSet_skills` (`SkillSet_id`, `skills`) VALUES ('11479', 'UITesting');
INSERT INTO `SkillSet_skills` (`SkillSet_id`, `skills`) VALUES ('11479', 'Java');
INSERT INTO `SkillSet_skills` (`SkillSet_id`, `skills`) VALUES ('11479', 'UITesting');
INSERT INTO `SkillSet_skills` (`SkillSet_id`, `skills`) VALUES ('11479', 'UnitTesting');
INSERT INTO `SkillSet_skills` (`SkillSet_id`, `skills`) VALUES ('11479', 'Architektur');
INSERT INTO `Mission` (`id`, `companyName`, `shortName`, `role`, `skillSet_id`) VALUES ('11479', 'Flois', 'Coutaif', 'SoftwareEngineer', '11479');
INSERT INTO `SkillSet` (`id`) VALUES ('11480');
INSERT INTO `SkillSet_skills` (`SkillSet_id`, `skills`) VALUES ('11480', 'Maven');
INSERT INTO `SkillSet_skills` (`SkillSet_id`, `skills`) VALUES ('11480', 'Ant');
INSERT INTO `Mission` (`id`, `companyName`, `shortName`, `role`, `skillSet_id`) VALUES ('11480', 'Stoimev', 'Oomis', 'PrincipalConsultant', '11480');
INSERT INTO `SkillSet` (`id`) VALUES ('11481');
INSERT INTO `SkillSet_skills` (`SkillSet_id`, `skills`) VALUES ('11481', 'Gradle');
INSERT INTO `SkillSet_skills` (`SkillSet_id`, `skills`) VALUES ('11481', 'Java');
INSERT INTO `SkillSet_skills` (`SkillSet_id`, `skills`) VALUES ('11481', 'Java');
INSERT INTO `Mission` (`id`, `companyName`, `shortName`, `role`, `skillSet_id`) VALUES ('11481', 'Chechuf', 'Fauvoud', 'SeniorSoftwareEngineer', '11481');
INSERT INTO `SkillSet` (`id`) VALUES ('11482');
INSERT INTO `SkillSet_skills` (`SkillSet_id`, `skills`) VALUES ('11482', 'Java');
INSERT INTO `SkillSet_skills` (`SkillSet_id`, `skills`) VALUES ('11482', 'SQL');
INSERT INTO `SkillSet_skills` (`SkillSet_id`, `skills`) VALUES ('11482', 'Java');
INSERT INTO `SkillSet_skills` (`SkillSet_id`, `skills`) VALUES ('11482', 'Ant');
INSERT INTO `Mission` (`id`, `companyName`, `shortName`, `role`, `skillSet_id`) VALUES ('11482', 'Oolainn', 'Iwoor', 'LeadSoftwareArchitect', '11482');
INSERT INTO `SkillSet` (`id`) VALUES ('11483');
INSERT INTO `SkillSet_skills` (`SkillSet_id`, `skills`) VALUES ('11483', 'Maven');
INSERT INTO `SkillSet_skills` (`SkillSet_id`, `skills`) VALUES ('11483', 'UnitTesting');
INSERT INTO `SkillSet_skills` (`SkillSet_id`, `skills`) VALUES ('11483', 'Gradle');
INSERT INTO `SkillSet_skills` (`SkillSet_id`, `skills`) VALUES ('11483', 'Gradle');
INSERT INTO `SkillSet_skills` (`SkillSet_id`, `skills`) VALUES ('11483', 'Gradle');
INSERT INTO `Mission` (`id`, `companyName`, `shortName`, `role`, `skillSet_id`) VALUES ('11483', 'Thychauw', 'Shuk', 'SeniorSoftwareEngineer', '11483');
INSERT INTO `SkillSet` (`id`) VALUES ('11484');
INSERT INTO `SkillSet_skills` (`SkillSet_id`, `skills`) VALUES ('11484', 'Maven');
INSERT INTO `SkillSet_skills` (`SkillSet_id`, `skills`) VALUES ('11484', 'SQL');
INSERT INTO `SkillSet_skills` (`SkillSet_id`, `skills`) VALUES ('11484', 'UITesting');
INSERT INTO `Mission` (`id`, `companyName`, `shortName`, `role`, `skillSet_id`) VALUES ('11484', 'Hapfoov', 'Aich', 'LeadEngineer', '11484');
INSERT INTO `SkillSet` (`id`) VALUES ('11485');
INSERT INTO `SkillSet_skills` (`SkillSet_id`, `skills`) VALUES ('11485', 'SQL');
INSERT INTO `Mission` (`id`, `companyName`, `shortName`, `role`, `skillSet_id`) VALUES ('11485', 'Coiw', 'Rjpouss', 'SeniorSoftwareEngineer', '11485');
INSERT INTO `SkillSet` (`id`) VALUES ('11486');
INSERT INTO `SkillSet_skills` (`SkillSet_id`, `skills`) VALUES ('11486', 'Architektur');
INSERT INTO `SkillSet_skills` (`SkillSet_id`, `skills`) VALUES ('11486', 'Ant');
INSERT INTO `SkillSet_skills` (`SkillSet_id`, `skills`) VALUES ('11486', 'SQL');
INSERT INTO `SkillSet_skills` (`SkillSet_id`, `skills`) VALUES ('11486', 'Architektur');
INSERT INTO `SkillSet_skills` (`SkillSet_id`, `skills`) VALUES ('11486', 'dotNet');
INSERT INTO `Mission` (`id`, `companyName`, `shortName`, `role`, `skillSet_id`) VALUES ('11486', 'Jintagh', 'Stod', 'JuniorSoftwareEngineer', '11486');
INSERT INTO `SkillSet` (`id`) VALUES ('11487');
INSERT INTO `SkillSet_skills` (`SkillSet_id`, `skills`) VALUES ('11487', 'dotNet');
INSERT INTO `SkillSet_skills` (`SkillSet_id`, `skills`) VALUES ('11487', 'Ant');
INSERT INTO `Mission` (`id`, `companyName`, `shortName`, `role`, `skillSet_id`) VALUES ('11487', 'Aw', 'Agh', 'LeadSoftwareArchitect', '11487');
INSERT INTO `SkillSet` (`id`) VALUES ('11488');
INSERT INTO `SkillSet_skills` (`SkillSet_id`, `skills`) VALUES ('11488', 'UnitTesting');
INSERT INTO `SkillSet_skills` (`SkillSet_id`, `skills`) VALUES ('11488', 'UITesting');
INSERT INTO `SkillSet_skills` (`SkillSet_id`, `skills`) VALUES ('11488', 'Gradle');
INSERT INTO `SkillSet_skills` (`SkillSet_id`, `skills`) VALUES ('11488', 'UnitTesting');
INSERT INTO `SkillSet_skills` (`SkillSet_id`, `skills`) VALUES ('11488', 'Ant');
INSERT INTO `Mission` (`id`, `companyName`, `shortName`, `role`, `skillSet_id`) VALUES ('11488', 'Klih', 'Esh', 'LeadEngineer', '11488');
INSERT INTO `SkillSet` (`id`) VALUES ('11489');
INSERT INTO `SkillSet_skills` (`SkillSet_id`, `skills`) VALUES ('11489', 'UITesting');
INSERT INTO `SkillSet_skills` (`SkillSet_id`, `skills`) VALUES ('11489', 'Gradle');
INSERT INTO `Mission` (`id`, `companyName`, `shortName`, `role`, `skillSet_id`) VALUES ('11489', 'Taljip', 'Eidog', 'SeniorSoftwareEngineer', '11489');
INSERT INTO `SkillSet` (`id`) VALUES ('11490');
INSERT INTO `SkillSet_skills` (`SkillSet_id`, `skills`) VALUES ('11490', 'Architektur');
INSERT INTO `Mission` (`id`, `companyName`, `shortName`, `role`, `skillSet_id`) VALUES ('11490', 'Ouchiss', 'Uf', 'LeadEngineer', '11490');
INSERT INTO `SkillSet` (`id`) VALUES ('11491');
INSERT INTO `SkillSet_skills` (`SkillSet_id`, `skills`) VALUES ('11491', 'Maven');
INSERT INTO `Mission` (`id`, `companyName`, `shortName`, `role`, `skillSet_id`) VALUES ('11491', 'Chez', 'Auss', 'LeadSoftwareArchitect', '11491');
INSERT INTO `SkillSet` (`id`) VALUES ('11492');
INSERT INTO `SkillSet_skills` (`SkillSet_id`, `skills`) VALUES ('11492', 'Architektur');
INSERT INTO `Mission` (`id`, `companyName`, `shortName`, `role`, `skillSet_id`) VALUES ('11492', 'Qak', 'Gruv', 'PrincipalConsultant', '11492');
INSERT INTO `SkillSet` (`id`) VALUES ('11493');
INSERT INTO `SkillSet_skills` (`SkillSet_id`, `skills`) VALUES ('11493', 'SQL');
INSERT INTO `SkillSet_skills` (`SkillSet_id`, `skills`) VALUES ('11493', 'SQL');
INSERT INTO `SkillSet_skills` (`SkillSet_id`, `skills`) VALUES ('11493', 'Maven');
INSERT INTO `SkillSet_skills` (`SkillSet_id`, `skills`) VALUES ('11493', 'Gradle');
INSERT INTO `SkillSet_skills` (`SkillSet_id`, `skills`) VALUES ('11493', 'Architektur');
INSERT INTO `Mission` (`id`, `companyName`, `shortName`, `role`, `skillSet_id`) VALUES ('11493', 'Yss', 'Jish', 'LeadEngineer', '11493');
INSERT INTO `SkillSet` (`id`) VALUES ('11494');
INSERT INTO `SkillSet_skills` (`SkillSet_id`, `skills`) VALUES ('11494', 'Architektur');
INSERT INTO `SkillSet_skills` (`SkillSet_id`, `skills`) VALUES ('11494', 'Gradle');
INSERT INTO `SkillSet_skills` (`SkillSet_id`, `skills`) VALUES ('11494', 'Architektur');
INSERT INTO `Mission` (`id`, `companyName`, `shortName`, `role`, `skillSet_id`) VALUES ('11494', 'Bryljv', 'Ipfjin', 'LeadEngineer', '11494');
INSERT INTO `SkillSet` (`id`) VALUES ('11495');
INSERT INTO `SkillSet_skills` (`SkillSet_id`, `skills`) VALUES ('11495', 'UITesting');
INSERT INTO `SkillSet_skills` (`SkillSet_id`, `skills`) VALUES ('11495', 'UnitTesting');
INSERT INTO `Mission` (`id`, `companyName`, `shortName`, `role`, `skillSet_id`) VALUES ('11495', 'Fjmich', 'Ylaub', 'SeniorSoftwareEngineer', '11495');
INSERT INTO `SkillSet` (`id`) VALUES ('11496');
INSERT INTO `SkillSet_skills` (`SkillSet_id`, `skills`) VALUES ('11496', 'UnitTesting');
INSERT INTO `SkillSet_skills` (`SkillSet_id`, `skills`) VALUES ('11496', 'Architektur');
INSERT INTO `SkillSet_skills` (`SkillSet_id`, `skills`) VALUES ('11496', 'Architektur');
INSERT INTO `SkillSet_skills` (`SkillSet_id`, `skills`) VALUES ('11496', 'Ant');
INSERT INTO `SkillSet_skills` (`SkillSet_id`, `skills`) VALUES ('11496', 'Ant');
INSERT INTO `Mission` (`id`, `companyName`, `shortName`, `role`, `skillSet_id`) VALUES ('11496', 'Jgh', 'Lyhop', 'JuniorSoftwareEngineer', '11496');
INSERT INTO `SkillSet` (`id`) VALUES ('11497');
INSERT INTO `SkillSet_skills` (`SkillSet_id`, `skills`) VALUES ('11497', 'Architektur');
INSERT INTO `SkillSet_skills` (`SkillSet_id`, `skills`) VALUES ('11497', 'dotNet');
INSERT INTO `Mission` (`id`, `companyName`, `shortName`, `role`, `skillSet_id`) VALUES ('11497', 'Aush', 'Jib', 'LeadEngineer', '11497');
INSERT INTO `SkillSet` (`id`) VALUES ('11498');
INSERT INTO `SkillSet_skills` (`SkillSet_id`, `skills`) VALUES ('11498', 'SQL');
INSERT INTO `SkillSet_skills` (`SkillSet_id`, `skills`) VALUES ('11498', 'UITesting');
INSERT INTO `SkillSet_skills` (`SkillSet_id`, `skills`) VALUES ('11498', 'UITesting');
INSERT INTO `SkillSet_skills` (`SkillSet_id`, `skills`) VALUES ('11498', 'UnitTesting');
INSERT INTO `SkillSet_skills` (`SkillSet_id`, `skills`) VALUES ('11498', 'SQL');
INSERT INTO `Mission` (`id`, `companyName`, `shortName`, `role`, `skillSet_id`) VALUES ('11498', 'Proun', 'Epf', 'LeadEngineer', '11498');
INSERT INTO `SkillSet` (`id`) VALUES ('11499');
INSERT INTO `SkillSet_skills` (`SkillSet_id`, `skills`) VALUES ('11499', 'SQL');
INSERT INTO `SkillSet_skills` (`SkillSet_id`, `skills`) VALUES ('11499', 'Maven');
INSERT INTO `Mission` (`id`, `companyName`, `shortName`, `role`, `skillSet_id`) VALUES ('11499', 'Echaush', 'Jintet', 'LeadEngineer', '11499');
INSERT INTO `SkillSet` (`id`) VALUES ('11500');
INSERT INTO `SkillSet_skills` (`SkillSet_id`, `skills`) VALUES ('11500', 'Ant');
INSERT INTO `SkillSet_skills` (`SkillSet_id`, `skills`) VALUES ('11500', 'SQL');
INSERT INTO `SkillSet_skills` (`SkillSet_id`, `skills`) VALUES ('11500', 'Gradle');
INSERT INTO `SkillSet_skills` (`SkillSet_id`, `skills`) VALUES ('11500', 'Gradle');
INSERT INTO `SkillSet_skills` (`SkillSet_id`, `skills`) VALUES ('11500', 'SQL');
INSERT INTO `Mission` (`id`, `companyName`, `shortName`, `role`, `skillSet_id`) VALUES ('11500', 'Ottoush', 'Shoovjh', 'JuniorSoftwareEngineer', '11500');
INSERT INTO `SkillSet` (`id`) VALUES ('11501');
INSERT INTO `SkillSet_skills` (`SkillSet_id`, `skills`) VALUES ('11501', 'Gradle');
INSERT INTO `SkillSet_skills` (`SkillSet_id`, `skills`) VALUES ('11501', 'UnitTesting');
INSERT INTO `SkillSet_skills` (`SkillSet_id`, `skills`) VALUES ('11501', 'UITesting');
INSERT INTO `SkillSet_skills` (`SkillSet_id`, `skills`) VALUES ('11501', 'Java');
INSERT INTO `SkillSet_skills` (`SkillSet_id`, `skills`) VALUES ('11501', 'Maven');
INSERT INTO `Mission` (`id`, `companyName`, `shortName`, `role`, `skillSet_id`) VALUES ('11501', 'Auk', 'Caufauh', 'SeniorSoftwareEngineer', '11501');
INSERT INTO `SkillSet` (`id`) VALUES ('11502');
INSERT INTO `SkillSet_skills` (`SkillSet_id`, `skills`) VALUES ('11502', 'Architektur');
INSERT INTO `SkillSet_skills` (`SkillSet_id`, `skills`) VALUES ('11502', 'UITesting');
INSERT INTO `SkillSet_skills` (`SkillSet_id`, `skills`) VALUES ('11502', 'Maven');
INSERT INTO `SkillSet_skills` (`SkillSet_id`, `skills`) VALUES ('11502', 'Maven');
INSERT INTO `SkillSet_skills` (`SkillSet_id`, `skills`) VALUES ('11502', 'Ant');
INSERT INTO `Mission` (`id`, `companyName`, `shortName`, `role`, `skillSet_id`) VALUES ('11502', 'Udooz', 'Pob', 'JuniorSoftwareEngineer', '11502');
INSERT INTO `SkillSet` (`id`) VALUES ('11503');
INSERT INTO `SkillSet_skills` (`SkillSet_id`, `skills`) VALUES ('11503', 'dotNet');
INSERT INTO `SkillSet_skills` (`SkillSet_id`, `skills`) VALUES ('11503', 'SQL');
INSERT INTO `SkillSet_skills` (`SkillSet_id`, `skills`) VALUES ('11503', 'Ant');
INSERT INTO `SkillSet_skills` (`SkillSet_id`, `skills`) VALUES ('11503', 'Ant');
INSERT INTO `SkillSet_skills` (`SkillSet_id`, `skills`) VALUES ('11503', 'SQL');
INSERT INTO `Mission` (`id`, `companyName`, `shortName`, `role`, `skillSet_id`) VALUES ('11503', 'Jirjn', 'Odub', 'PrincipalConsultant', '11503');
INSERT INTO `SkillSet` (`id`) VALUES ('11504');
INSERT INTO `SkillSet_skills` (`SkillSet_id`, `skills`) VALUES ('11504', 'Ant');
INSERT INTO `SkillSet_skills` (`SkillSet_id`, `skills`) VALUES ('11504', 'Architektur');
INSERT INTO `SkillSet_skills` (`SkillSet_id`, `skills`) VALUES ('11504', 'SQL');
INSERT INTO `SkillSet_skills` (`SkillSet_id`, `skills`) VALUES ('11504', 'UITesting');
INSERT INTO `SkillSet_skills` (`SkillSet_id`, `skills`) VALUES ('11504', 'UnitTesting');
INSERT INTO `Mission` (`id`, `companyName`, `shortName`, `role`, `skillSet_id`) VALUES ('11504', 'Oth', 'Aupfiw', 'LeadEngineer', '11504');
INSERT INTO `SkillSet` (`id`) VALUES ('11505');
INSERT INTO `SkillSet_skills` (`SkillSet_id`, `skills`) VALUES ('11505', 'Gradle');
INSERT INTO `Mission` (`id`, `companyName`, `shortName`, `role`, `skillSet_id`) VALUES ('11505', 'Ysaint', 'Onn', 'SoftwareEngineer', '11505');
INSERT INTO `SkillSet` (`id`) VALUES ('11506');
INSERT INTO `SkillSet_skills` (`SkillSet_id`, `skills`) VALUES ('11506', 'Gradle');
INSERT INTO `Mission` (`id`, `companyName`, `shortName`, `role`, `skillSet_id`) VALUES ('11506', 'Enein', 'Ooshost', 'JuniorSoftwareEngineer', '11506');
INSERT INTO `SkillSet` (`id`) VALUES ('11507');
INSERT INTO `SkillSet_skills` (`SkillSet_id`, `skills`) VALUES ('11507', 'Gradle');
INSERT INTO `SkillSet_skills` (`SkillSet_id`, `skills`) VALUES ('11507', 'UnitTesting');
INSERT INTO `Mission` (`id`, `companyName`, `shortName`, `role`, `skillSet_id`) VALUES ('11507', 'Aichoom', 'Ipf', 'PrincipalConsultant', '11507');
INSERT INTO `SkillSet` (`id`) VALUES ('11508');
INSERT INTO `SkillSet_skills` (`SkillSet_id`, `skills`) VALUES ('11508', 'SQL');
INSERT INTO `Mission` (`id`, `companyName`, `shortName`, `role`, `skillSet_id`) VALUES ('11508', 'Qintouk', 'Arypf', 'LeadSoftwareArchitect', '11508');
INSERT INTO `SkillSet` (`id`) VALUES ('11509');
INSERT INTO `SkillSet_skills` (`SkillSet_id`, `skills`) VALUES ('11509', 'Java');
INSERT INTO `SkillSet_skills` (`SkillSet_id`, `skills`) VALUES ('11509', 'Maven');
INSERT INTO `SkillSet_skills` (`SkillSet_id`, `skills`) VALUES ('11509', 'UITesting');
INSERT INTO `Mission` (`id`, `companyName`, `shortName`, `role`, `skillSet_id`) VALUES ('11509', 'Haid', 'Xjt', 'PrincipalConsultant', '11509');
INSERT INTO `SkillSet` (`id`) VALUES ('11510');
INSERT INTO `SkillSet_skills` (`SkillSet_id`, `skills`) VALUES ('11510', 'UITesting');
INSERT INTO `SkillSet_skills` (`SkillSet_id`, `skills`) VALUES ('11510', 'Architektur');
INSERT INTO `SkillSet_skills` (`SkillSet_id`, `skills`) VALUES ('11510', 'Java');
INSERT INTO `Mission` (`id`, `companyName`, `shortName`, `role`, `skillSet_id`) VALUES ('11510', 'Udjv', 'Vjiwouss', 'LeadSoftwareArchitect', '11510');
INSERT INTO `SkillSet` (`id`) VALUES ('11511');
INSERT INTO `SkillSet_skills` (`SkillSet_id`, `skills`) VALUES ('11511', 'Java');
INSERT INTO `SkillSet_skills` (`SkillSet_id`, `skills`) VALUES ('11511', 'dotNet');
INSERT INTO `SkillSet_skills` (`SkillSet_id`, `skills`) VALUES ('11511', 'UnitTesting');
INSERT INTO `Mission` (`id`, `companyName`, `shortName`, `role`, `skillSet_id`) VALUES ('11511', 'Ith', 'Sel', 'LeadEngineer', '11511');
INSERT INTO `SkillSet` (`id`) VALUES ('11512');
INSERT INTO `SkillSet_skills` (`SkillSet_id`, `skills`) VALUES ('11512', 'Ant');
INSERT INTO `SkillSet_skills` (`SkillSet_id`, `skills`) VALUES ('11512', 'Gradle');
INSERT INTO `SkillSet_skills` (`SkillSet_id`, `skills`) VALUES ('11512', 'dotNet');
INSERT INTO `SkillSet_skills` (`SkillSet_id`, `skills`) VALUES ('11512', 'Gradle');
INSERT INTO `SkillSet_skills` (`SkillSet_id`, `skills`) VALUES ('11512', 'Maven');
INSERT INTO `Mission` (`id`, `companyName`, `shortName`, `role`, `skillSet_id`) VALUES ('11512', 'Grouk', 'Aunn', 'PrincipalConsultant', '11512');
INSERT INTO `SkillSet` (`id`) VALUES ('11513');
INSERT INTO `SkillSet_skills` (`SkillSet_id`, `skills`) VALUES ('11513', 'Maven');
INSERT INTO `SkillSet_skills` (`SkillSet_id`, `skills`) VALUES ('11513', 'Maven');
INSERT INTO `SkillSet_skills` (`SkillSet_id`, `skills`) VALUES ('11513', 'dotNet');
INSERT INTO `Mission` (`id`, `companyName`, `shortName`, `role`, `skillSet_id`) VALUES ('11513', 'Oothauf', 'Raipf', 'LeadEngineer', '11513');
INSERT INTO `SkillSet` (`id`) VALUES ('11514');
INSERT INTO `SkillSet_skills` (`SkillSet_id`, `skills`) VALUES ('11514', 'UnitTesting');
INSERT INTO `SkillSet_skills` (`SkillSet_id`, `skills`) VALUES ('11514', 'Ant');
INSERT INTO `SkillSet_skills` (`SkillSet_id`, `skills`) VALUES ('11514', 'Java');
INSERT INTO `Mission` (`id`, `companyName`, `shortName`, `role`, `skillSet_id`) VALUES ('11514', 'Ounnih', 'Fjch', 'LeadEngineer', '11514');
INSERT INTO `SkillSet` (`id`) VALUES ('11515');
INSERT INTO `SkillSet_skills` (`SkillSet_id`, `skills`) VALUES ('11515', 'Architektur');
INSERT INTO `SkillSet_skills` (`SkillSet_id`, `skills`) VALUES ('11515', 'UnitTesting');
INSERT INTO `SkillSet_skills` (`SkillSet_id`, `skills`) VALUES ('11515', 'Gradle');
INSERT INTO `Mission` (`id`, `companyName`, `shortName`, `role`, `skillSet_id`) VALUES ('11515', 'Prim', 'Proivuw', 'SeniorSoftwareEngineer', '11515');
INSERT INTO `SkillSet` (`id`) VALUES ('11516');
INSERT INTO `SkillSet_skills` (`SkillSet_id`, `skills`) VALUES ('11516', 'Architektur');
INSERT INTO `SkillSet_skills` (`SkillSet_id`, `skills`) VALUES ('11516', 'Gradle');
INSERT INTO `Mission` (`id`, `companyName`, `shortName`, `role`, `skillSet_id`) VALUES ('11516', 'Sashov', 'Taissan', 'SoftwareEngineer', '11516');
INSERT INTO `SkillSet` (`id`) VALUES ('11517');
INSERT INTO `SkillSet_skills` (`SkillSet_id`, `skills`) VALUES ('11517', 'Architektur');
INSERT INTO `SkillSet_skills` (`SkillSet_id`, `skills`) VALUES ('11517', 'Architektur');
INSERT INTO `Mission` (`id`, `companyName`, `shortName`, `role`, `skillSet_id`) VALUES ('11517', 'Jinn', 'Fauh', 'SeniorSoftwareEngineer', '11517');
INSERT INTO `SkillSet` (`id`) VALUES ('11518');
INSERT INTO `SkillSet_skills` (`SkillSet_id`, `skills`) VALUES ('11518', 'Java');
INSERT INTO `SkillSet_skills` (`SkillSet_id`, `skills`) VALUES ('11518', 'dotNet');
INSERT INTO `SkillSet_skills` (`SkillSet_id`, `skills`) VALUES ('11518', 'SQL');
INSERT INTO `SkillSet_skills` (`SkillSet_id`, `skills`) VALUES ('11518', 'dotNet');
INSERT INTO `Mission` (`id`, `companyName`, `shortName`, `role`, `skillSet_id`) VALUES ('11518', 'Xjz', 'Nyst', 'LeadSoftwareArchitect', '11518');
INSERT INTO `SkillSet` (`id`) VALUES ('11519');
INSERT INTO `SkillSet_skills` (`SkillSet_id`, `skills`) VALUES ('11519', 'UITesting');
INSERT INTO `SkillSet_skills` (`SkillSet_id`, `skills`) VALUES ('11519', 'UITesting');
INSERT INTO `SkillSet_skills` (`SkillSet_id`, `skills`) VALUES ('11519', 'UnitTesting');
INSERT INTO `SkillSet_skills` (`SkillSet_id`, `skills`) VALUES ('11519', 'Maven');
INSERT INTO `Mission` (`id`, `companyName`, `shortName`, `role`, `skillSet_id`) VALUES ('11519', 'Thughoush', 'Rinn', 'LeadSoftwareArchitect', '11519');
INSERT INTO `SkillSet` (`id`) VALUES ('11520');
INSERT INTO `SkillSet_skills` (`SkillSet_id`, `skills`) VALUES ('11520', 'dotNet');
INSERT INTO `Mission` (`id`, `companyName`, `shortName`, `role`, `skillSet_id`) VALUES ('11520', 'Quz', 'Brautuh', 'SoftwareEngineer', '11520');
INSERT INTO `SkillSet` (`id`) VALUES ('11521');
INSERT INTO `SkillSet_skills` (`SkillSet_id`, `skills`) VALUES ('11521', 'UnitTesting');
INSERT INTO `SkillSet_skills` (`SkillSet_id`, `skills`) VALUES ('11521', 'UnitTesting');
INSERT INTO `SkillSet_skills` (`SkillSet_id`, `skills`) VALUES ('11521', 'Ant');
INSERT INTO `Mission` (`id`, `companyName`, `shortName`, `role`, `skillSet_id`) VALUES ('11521', 'Eitt', 'Ush', 'JuniorSoftwareEngineer', '11521');
INSERT INTO `SkillSet` (`id`) VALUES ('11522');
INSERT INTO `SkillSet_skills` (`SkillSet_id`, `skills`) VALUES ('11522', 'Maven');
INSERT INTO `SkillSet_skills` (`SkillSet_id`, `skills`) VALUES ('11522', 'Architektur');
INSERT INTO `Mission` (`id`, `companyName`, `shortName`, `role`, `skillSet_id`) VALUES ('11522', 'Flitais', 'Bloist', 'JuniorSoftwareEngineer', '11522');
INSERT INTO `SkillSet` (`id`) VALUES ('11523');
INSERT INTO `SkillSet_skills` (`SkillSet_id`, `skills`) VALUES ('11523', 'SQL');
INSERT INTO `SkillSet_skills` (`SkillSet_id`, `skills`) VALUES ('11523', 'Architektur');
INSERT INTO `SkillSet_skills` (`SkillSet_id`, `skills`) VALUES ('11523', 'Gradle');
INSERT INTO `Mission` (`id`, `companyName`, `shortName`, `role`, `skillSet_id`) VALUES ('11523', 'Yp', 'Nush', 'PrincipalConsultant', '11523');
INSERT INTO `SkillSet` (`id`) VALUES ('11524');
INSERT INTO `SkillSet_skills` (`SkillSet_id`, `skills`) VALUES ('11524', 'Gradle');
INSERT INTO `SkillSet_skills` (`SkillSet_id`, `skills`) VALUES ('11524', 'Gradle');
INSERT INTO `SkillSet_skills` (`SkillSet_id`, `skills`) VALUES ('11524', 'Ant');
INSERT INTO `SkillSet_skills` (`SkillSet_id`, `skills`) VALUES ('11524', 'Ant');
INSERT INTO `Mission` (`id`, `companyName`, `shortName`, `role`, `skillSet_id`) VALUES ('11524', 'Naug', 'Ureitt', 'LeadSoftwareArchitect', '11524');
INSERT INTO `SkillSet` (`id`) VALUES ('11525');
INSERT INTO `SkillSet_skills` (`SkillSet_id`, `skills`) VALUES ('11525', 'Gradle');
INSERT INTO `SkillSet_skills` (`SkillSet_id`, `skills`) VALUES ('11525', 'Java');
INSERT INTO `SkillSet_skills` (`SkillSet_id`, `skills`) VALUES ('11525', 'Gradle');
INSERT INTO `SkillSet_skills` (`SkillSet_id`, `skills`) VALUES ('11525', 'Ant');
INSERT INTO `Mission` (`id`, `companyName`, `shortName`, `role`, `skillSet_id`) VALUES ('11525', 'Moos', 'Deshysh', 'PrincipalConsultant', '11525');
INSERT INTO `SkillSet` (`id`) VALUES ('11526');
INSERT INTO `SkillSet_skills` (`SkillSet_id`, `skills`) VALUES ('11526', 'Ant');
INSERT INTO `SkillSet_skills` (`SkillSet_id`, `skills`) VALUES ('11526', 'Gradle');
INSERT INTO `SkillSet_skills` (`SkillSet_id`, `skills`) VALUES ('11526', 'dotNet');
INSERT INTO `Mission` (`id`, `companyName`, `shortName`, `role`, `skillSet_id`) VALUES ('11526', 'Prjbutt', 'Kluzugh', 'LeadSoftwareArchitect', '11526');
INSERT INTO `SkillSet` (`id`) VALUES ('11527');
INSERT INTO `SkillSet_skills` (`SkillSet_id`, `skills`) VALUES ('11527', 'Maven');
INSERT INTO `SkillSet_skills` (`SkillSet_id`, `skills`) VALUES ('11527', 'dotNet');
INSERT INTO `Mission` (`id`, `companyName`, `shortName`, `role`, `skillSet_id`) VALUES ('11527', 'Zoraur', 'Udoiz', 'JuniorSoftwareEngineer', '11527');
INSERT INTO `SkillSet` (`id`) VALUES ('11528');
INSERT INTO `SkillSet_skills` (`SkillSet_id`, `skills`) VALUES ('11528', 'Architektur');
INSERT INTO `SkillSet_skills` (`SkillSet_id`, `skills`) VALUES ('11528', 'Maven');
INSERT INTO `Mission` (`id`, `companyName`, `shortName`, `role`, `skillSet_id`) VALUES ('11528', 'Goiwjz', 'Xussoot', 'SeniorSoftwareEngineer', '11528');
INSERT INTO `SkillSet` (`id`) VALUES ('11529');
INSERT INTO `SkillSet_skills` (`SkillSet_id`, `skills`) VALUES ('11529', 'UnitTesting');
INSERT INTO `SkillSet_skills` (`SkillSet_id`, `skills`) VALUES ('11529', 'Ant');
INSERT INTO `SkillSet_skills` (`SkillSet_id`, `skills`) VALUES ('11529', 'UITesting');
INSERT INTO `SkillSet_skills` (`SkillSet_id`, `skills`) VALUES ('11529', 'Maven');
INSERT INTO `SkillSet_skills` (`SkillSet_id`, `skills`) VALUES ('11529', 'UnitTesting');
INSERT INTO `Mission` (`id`, `companyName`, `shortName`, `role`, `skillSet_id`) VALUES ('11529', 'Ryzas', 'Jishail', 'SoftwareEngineer', '11529');
INSERT INTO `SkillSet` (`id`) VALUES ('11530');
INSERT INTO `SkillSet_skills` (`SkillSet_id`, `skills`) VALUES ('11530', 'Java');
INSERT INTO `SkillSet_skills` (`SkillSet_id`, `skills`) VALUES ('11530', 'UnitTesting');
INSERT INTO `SkillSet_skills` (`SkillSet_id`, `skills`) VALUES ('11530', 'Gradle');
INSERT INTO `SkillSet_skills` (`SkillSet_id`, `skills`) VALUES ('11530', 'Java');
INSERT INTO `SkillSet_skills` (`SkillSet_id`, `skills`) VALUES ('11530', 'UITesting');
INSERT INTO `Mission` (`id`, `companyName`, `shortName`, `role`, `skillSet_id`) VALUES ('11530', 'Sjint', 'Nachoir', 'SoftwareEngineer', '11530');
INSERT INTO `SkillSet` (`id`) VALUES ('11531');
INSERT INTO `SkillSet_skills` (`SkillSet_id`, `skills`) VALUES ('11531', 'SQL');
INSERT INTO `SkillSet_skills` (`SkillSet_id`, `skills`) VALUES ('11531', 'Maven');
INSERT INTO `Mission` (`id`, `companyName`, `shortName`, `role`, `skillSet_id`) VALUES ('11531', 'Aikew', 'Opf', 'PrincipalConsultant', '11531');
INSERT INTO `SkillSet` (`id`) VALUES ('11532');
INSERT INTO `SkillSet_skills` (`SkillSet_id`, `skills`) VALUES ('11532', 'Gradle');
INSERT INTO `SkillSet_skills` (`SkillSet_id`, `skills`) VALUES ('11532', 'dotNet');
INSERT INTO `SkillSet_skills` (`SkillSet_id`, `skills`) VALUES ('11532', 'dotNet');
INSERT INTO `SkillSet_skills` (`SkillSet_id`, `skills`) VALUES ('11532', 'Architektur');
INSERT INTO `SkillSet_skills` (`SkillSet_id`, `skills`) VALUES ('11532', 'Ant');
INSERT INTO `Mission` (`id`, `companyName`, `shortName`, `role`, `skillSet_id`) VALUES ('11532', 'Lott', 'Nysh', 'JuniorSoftwareEngineer', '11532');
INSERT INTO `SkillSet` (`id`) VALUES ('11533');
INSERT INTO `SkillSet_skills` (`SkillSet_id`, `skills`) VALUES ('11533', 'SQL');
INSERT INTO `SkillSet_skills` (`SkillSet_id`, `skills`) VALUES ('11533', 'Architektur');
INSERT INTO `SkillSet_skills` (`SkillSet_id`, `skills`) VALUES ('11533', 'Java');
INSERT INTO `SkillSet_skills` (`SkillSet_id`, `skills`) VALUES ('11533', 'dotNet');
INSERT INTO `Mission` (`id`, `companyName`, `shortName`, `role`, `skillSet_id`) VALUES ('11533', 'Isigh', 'Shyss', 'SoftwareEngineer', '11533');
INSERT INTO `SkillSet` (`id`) VALUES ('11534');
INSERT INTO `SkillSet_skills` (`SkillSet_id`, `skills`) VALUES ('11534', 'Java');
INSERT INTO `SkillSet_skills` (`SkillSet_id`, `skills`) VALUES ('11534', 'UITesting');
INSERT INTO `SkillSet_skills` (`SkillSet_id`, `skills`) VALUES ('11534', 'UnitTesting');
INSERT INTO `Mission` (`id`, `companyName`, `shortName`, `role`, `skillSet_id`) VALUES ('11534', 'Taukunn', 'Ool', 'SeniorSoftwareEngineer', '11534');
INSERT INTO `SkillSet` (`id`) VALUES ('11535');
INSERT INTO `SkillSet_skills` (`SkillSet_id`, `skills`) VALUES ('11535', 'SQL');
INSERT INTO `Mission` (`id`, `companyName`, `shortName`, `role`, `skillSet_id`) VALUES ('11535', 'Flauv', 'Auv', 'SeniorSoftwareEngineer', '11535');
INSERT INTO `SkillSet` (`id`) VALUES ('11536');
INSERT INTO `SkillSet_skills` (`SkillSet_id`, `skills`) VALUES ('11536', 'dotNet');
INSERT INTO `SkillSet_skills` (`SkillSet_id`, `skills`) VALUES ('11536', 'Gradle');
INSERT INTO `SkillSet_skills` (`SkillSet_id`, `skills`) VALUES ('11536', 'UITesting');
INSERT INTO `SkillSet_skills` (`SkillSet_id`, `skills`) VALUES ('11536', 'Gradle');
INSERT INTO `SkillSet_skills` (`SkillSet_id`, `skills`) VALUES ('11536', 'SQL');
INSERT INTO `Mission` (`id`, `companyName`, `shortName`, `role`, `skillSet_id`) VALUES ('11536', 'Wail', 'Thaiv', 'LeadSoftwareArchitect', '11536');
INSERT INTO `SkillSet` (`id`) VALUES ('11537');
INSERT INTO `SkillSet_skills` (`SkillSet_id`, `skills`) VALUES ('11537', 'UnitTesting');
INSERT INTO `Mission` (`id`, `companyName`, `shortName`, `role`, `skillSet_id`) VALUES ('11537', 'Braid', 'Ainteit', 'LeadSoftwareArchitect', '11537');
INSERT INTO `SkillSet` (`id`) VALUES ('11538');
INSERT INTO `SkillSet_skills` (`SkillSet_id`, `skills`) VALUES ('11538', 'UnitTesting');
INSERT INTO `SkillSet_skills` (`SkillSet_id`, `skills`) VALUES ('11538', 'Gradle');
INSERT INTO `SkillSet_skills` (`SkillSet_id`, `skills`) VALUES ('11538', 'Java');
INSERT INTO `SkillSet_skills` (`SkillSet_id`, `skills`) VALUES ('11538', 'Maven');
INSERT INTO `Mission` (`id`, `companyName`, `shortName`, `role`, `skillSet_id`) VALUES ('11538', 'Boush', 'Lauth', 'SoftwareEngineer', '11538');
INSERT INTO `SkillSet` (`id`) VALUES ('11539');
INSERT INTO `SkillSet_skills` (`SkillSet_id`, `skills`) VALUES ('11539', 'Gradle');
INSERT INTO `SkillSet_skills` (`SkillSet_id`, `skills`) VALUES ('11539', 'SQL');
INSERT INTO `SkillSet_skills` (`SkillSet_id`, `skills`) VALUES ('11539', 'SQL');
INSERT INTO `SkillSet_skills` (`SkillSet_id`, `skills`) VALUES ('11539', 'UITesting');
INSERT INTO `Mission` (`id`, `companyName`, `shortName`, `role`, `skillSet_id`) VALUES ('11539', 'Dois', 'Gler', 'JuniorSoftwareEngineer', '11539');
INSERT INTO `SkillSet` (`id`) VALUES ('11540');
INSERT INTO `SkillSet_skills` (`SkillSet_id`, `skills`) VALUES ('11540', 'Gradle');
INSERT INTO `Mission` (`id`, `companyName`, `shortName`, `role`, `skillSet_id`) VALUES ('11540', 'Gleziv', 'Tew', 'LeadEngineer', '11540');
INSERT INTO `SkillSet` (`id`) VALUES ('11541');
INSERT INTO `SkillSet_skills` (`SkillSet_id`, `skills`) VALUES ('11541', 'dotNet');
INSERT INTO `SkillSet_skills` (`SkillSet_id`, `skills`) VALUES ('11541', 'Maven');
INSERT INTO `SkillSet_skills` (`SkillSet_id`, `skills`) VALUES ('11541', 'Architektur');
INSERT INTO `SkillSet_skills` (`SkillSet_id`, `skills`) VALUES ('11541', 'Gradle');
INSERT INTO `Mission` (`id`, `companyName`, `shortName`, `role`, `skillSet_id`) VALUES ('11541', 'Blaintep', 'Wyf', 'JuniorSoftwareEngineer', '11541');
INSERT INTO `SkillSet` (`id`) VALUES ('11542');
INSERT INTO `SkillSet_skills` (`SkillSet_id`, `skills`) VALUES ('11542', 'Architektur');
INSERT INTO `SkillSet_skills` (`SkillSet_id`, `skills`) VALUES ('11542', 'Gradle');
INSERT INTO `SkillSet_skills` (`SkillSet_id`, `skills`) VALUES ('11542', 'Maven');
INSERT INTO `Mission` (`id`, `companyName`, `shortName`, `role`, `skillSet_id`) VALUES ('11542', 'Att', 'Brupf', 'LeadSoftwareArchitect', '11542');
INSERT INTO `SkillSet` (`id`) VALUES ('11543');
INSERT INTO `SkillSet_skills` (`SkillSet_id`, `skills`) VALUES ('11543', 'UITesting');
INSERT INTO `SkillSet_skills` (`SkillSet_id`, `skills`) VALUES ('11543', 'SQL');
INSERT INTO `Mission` (`id`, `companyName`, `shortName`, `role`, `skillSet_id`) VALUES ('11543', 'Eigef', 'Ubuw', 'LeadEngineer', '11543');
INSERT INTO `SkillSet` (`id`) VALUES ('11544');
INSERT INTO `SkillSet_skills` (`SkillSet_id`, `skills`) VALUES ('11544', 'Architektur');
INSERT INTO `SkillSet_skills` (`SkillSet_id`, `skills`) VALUES ('11544', 'UITesting');
INSERT INTO `Mission` (`id`, `companyName`, `shortName`, `role`, `skillSet_id`) VALUES ('11544', 'Gist', 'Jin', 'SeniorSoftwareEngineer', '11544');
INSERT INTO `SkillSet` (`id`) VALUES ('11545');
INSERT INTO `SkillSet_skills` (`SkillSet_id`, `skills`) VALUES ('11545', 'Java');
INSERT INTO `SkillSet_skills` (`SkillSet_id`, `skills`) VALUES ('11545', 'SQL');
INSERT INTO `SkillSet_skills` (`SkillSet_id`, `skills`) VALUES ('11545', 'SQL');
INSERT INTO `SkillSet_skills` (`SkillSet_id`, `skills`) VALUES ('11545', 'Architektur');
INSERT INTO `Mission` (`id`, `companyName`, `shortName`, `role`, `skillSet_id`) VALUES ('11545', 'Moistainn', 'Ast', 'JuniorSoftwareEngineer', '11545');
INSERT INTO `SkillSet` (`id`) VALUES ('11546');
INSERT INTO `SkillSet_skills` (`SkillSet_id`, `skills`) VALUES ('11546', 'Architektur');
INSERT INTO `SkillSet_skills` (`SkillSet_id`, `skills`) VALUES ('11546', 'Gradle');
INSERT INTO `SkillSet_skills` (`SkillSet_id`, `skills`) VALUES ('11546', 'UITesting');
INSERT INTO `SkillSet_skills` (`SkillSet_id`, `skills`) VALUES ('11546', 'Architektur');
INSERT INTO `Mission` (`id`, `companyName`, `shortName`, `role`, `skillSet_id`) VALUES ('11546', 'Paunnok', 'Blupf', 'LeadEngineer', '11546');
INSERT INTO `SkillSet` (`id`) VALUES ('11547');
INSERT INTO `SkillSet_skills` (`SkillSet_id`, `skills`) VALUES ('11547', 'Ant');
INSERT INTO `SkillSet_skills` (`SkillSet_id`, `skills`) VALUES ('11547', 'SQL');
INSERT INTO `SkillSet_skills` (`SkillSet_id`, `skills`) VALUES ('11547', 'Architektur');
INSERT INTO `Mission` (`id`, `companyName`, `shortName`, `role`, `skillSet_id`) VALUES ('11547', 'Qouw', 'Noint', 'LeadSoftwareArchitect', '11547');
INSERT INTO `SkillSet` (`id`) VALUES ('11548');
INSERT INTO `SkillSet_skills` (`SkillSet_id`, `skills`) VALUES ('11548', 'Maven');
INSERT INTO `SkillSet_skills` (`SkillSet_id`, `skills`) VALUES ('11548', 'Ant');
INSERT INTO `SkillSet_skills` (`SkillSet_id`, `skills`) VALUES ('11548', 'SQL');
INSERT INTO `SkillSet_skills` (`SkillSet_id`, `skills`) VALUES ('11548', 'UnitTesting');
INSERT INTO `SkillSet_skills` (`SkillSet_id`, `skills`) VALUES ('11548', 'Java');
INSERT INTO `Mission` (`id`, `companyName`, `shortName`, `role`, `skillSet_id`) VALUES ('11548', 'Glain', 'Ouch', 'SoftwareEngineer', '11548');
INSERT INTO `SkillSet` (`id`) VALUES ('11549');
INSERT INTO `SkillSet_skills` (`SkillSet_id`, `skills`) VALUES ('11549', 'dotNet');
INSERT INTO `SkillSet_skills` (`SkillSet_id`, `skills`) VALUES ('11549', 'Architektur');
INSERT INTO `Mission` (`id`, `companyName`, `shortName`, `role`, `skillSet_id`) VALUES ('11549', 'Oloott', 'Xik', 'SeniorSoftwareEngineer', '11549');
INSERT INTO `SkillSet` (`id`) VALUES ('11550');
INSERT INTO `SkillSet_skills` (`SkillSet_id`, `skills`) VALUES ('11550', 'Ant');
INSERT INTO `SkillSet_skills` (`SkillSet_id`, `skills`) VALUES ('11550', 'UITesting');
INSERT INTO `SkillSet_skills` (`SkillSet_id`, `skills`) VALUES ('11550', 'Gradle');
INSERT INTO `Mission` (`id`, `companyName`, `shortName`, `role`, `skillSet_id`) VALUES ('11550', 'Theit', 'Car', 'PrincipalConsultant', '11550');
INSERT INTO `SkillSet` (`id`) VALUES ('11551');
INSERT INTO `SkillSet_skills` (`SkillSet_id`, `skills`) VALUES ('11551', 'Maven');
INSERT INTO `SkillSet_skills` (`SkillSet_id`, `skills`) VALUES ('11551', 'Gradle');
INSERT INTO `SkillSet_skills` (`SkillSet_id`, `skills`) VALUES ('11551', 'SQL');
INSERT INTO `SkillSet_skills` (`SkillSet_id`, `skills`) VALUES ('11551', 'Architektur');
INSERT INTO `Mission` (`id`, `companyName`, `shortName`, `role`, `skillSet_id`) VALUES ('11551', 'Faik', 'Toih', 'PrincipalConsultant', '11551');
INSERT INTO `SkillSet` (`id`) VALUES ('11552');
INSERT INTO `SkillSet_skills` (`SkillSet_id`, `skills`) VALUES ('11552', 'Gradle');
INSERT INTO `SkillSet_skills` (`SkillSet_id`, `skills`) VALUES ('11552', 'Gradle');
INSERT INTO `SkillSet_skills` (`SkillSet_id`, `skills`) VALUES ('11552', 'Java');
INSERT INTO `Mission` (`id`, `companyName`, `shortName`, `role`, `skillSet_id`) VALUES ('11552', 'Unyst', 'Nyl', 'JuniorSoftwareEngineer', '11552');
INSERT INTO `SkillSet` (`id`) VALUES ('11553');
INSERT INTO `SkillSet_skills` (`SkillSet_id`, `skills`) VALUES ('11553', 'Java');
INSERT INTO `Mission` (`id`, `companyName`, `shortName`, `role`, `skillSet_id`) VALUES ('11553', 'Bagup', 'Wol', 'JuniorSoftwareEngineer', '11553');
INSERT INTO `SkillSet` (`id`) VALUES ('11554');
INSERT INTO `SkillSet_skills` (`SkillSet_id`, `skills`) VALUES ('11554', 'Maven');
INSERT INTO `SkillSet_skills` (`SkillSet_id`, `skills`) VALUES ('11554', 'UnitTesting');
INSERT INTO `SkillSet_skills` (`SkillSet_id`, `skills`) VALUES ('11554', 'Gradle');
INSERT INTO `Mission` (`id`, `companyName`, `shortName`, `role`, `skillSet_id`) VALUES ('11554', 'Aughuch', 'Nugh', 'PrincipalConsultant', '11554');
INSERT INTO `SkillSet` (`id`) VALUES ('11555');
INSERT INTO `SkillSet_skills` (`SkillSet_id`, `skills`) VALUES ('11555', 'UITesting');
INSERT INTO `Mission` (`id`, `companyName`, `shortName`, `role`, `skillSet_id`) VALUES ('11555', 'Aissjz', 'Graup', 'SeniorSoftwareEngineer', '11555');
INSERT INTO `SkillSet` (`id`) VALUES ('11556');
INSERT INTO `SkillSet_skills` (`SkillSet_id`, `skills`) VALUES ('11556', 'Gradle');
INSERT INTO `SkillSet_skills` (`SkillSet_id`, `skills`) VALUES ('11556', 'Architektur');
INSERT INTO `SkillSet_skills` (`SkillSet_id`, `skills`) VALUES ('11556', 'Java');
INSERT INTO `SkillSet_skills` (`SkillSet_id`, `skills`) VALUES ('11556', 'UnitTesting');
INSERT INTO `SkillSet_skills` (`SkillSet_id`, `skills`) VALUES ('11556', 'Architektur');
INSERT INTO `Mission` (`id`, `companyName`, `shortName`, `role`, `skillSet_id`) VALUES ('11556', 'Blor', 'Eiv', 'LeadSoftwareArchitect', '11556');
INSERT INTO `SkillSet` (`id`) VALUES ('11557');
INSERT INTO `SkillSet_skills` (`SkillSet_id`, `skills`) VALUES ('11557', 'Java');
INSERT INTO `SkillSet_skills` (`SkillSet_id`, `skills`) VALUES ('11557', 'Maven');
INSERT INTO `SkillSet_skills` (`SkillSet_id`, `skills`) VALUES ('11557', 'Ant');
INSERT INTO `Mission` (`id`, `companyName`, `shortName`, `role`, `skillSet_id`) VALUES ('11557', 'Xounauf', 'Chazaint', 'LeadSoftwareArchitect', '11557');
INSERT INTO `SkillSet` (`id`) VALUES ('11558');
INSERT INTO `SkillSet_skills` (`SkillSet_id`, `skills`) VALUES ('11558', 'Gradle');
INSERT INTO `SkillSet_skills` (`SkillSet_id`, `skills`) VALUES ('11558', 'UITesting');
INSERT INTO `SkillSet_skills` (`SkillSet_id`, `skills`) VALUES ('11558', 'UITesting');
INSERT INTO `Mission` (`id`, `companyName`, `shortName`, `role`, `skillSet_id`) VALUES ('11558', 'Oit', 'Gryz', 'SoftwareEngineer', '11558');
INSERT INTO `SkillSet` (`id`) VALUES ('11559');
INSERT INTO `SkillSet_skills` (`SkillSet_id`, `skills`) VALUES ('11559', 'UITesting');
INSERT INTO `Mission` (`id`, `companyName`, `shortName`, `role`, `skillSet_id`) VALUES ('11559', 'Ais', 'Brop', 'SeniorSoftwareEngineer', '11559');
INSERT INTO `SkillSet` (`id`) VALUES ('11560');
INSERT INTO `SkillSet_skills` (`SkillSet_id`, `skills`) VALUES ('11560', 'SQL');
INSERT INTO `SkillSet_skills` (`SkillSet_id`, `skills`) VALUES ('11560', 'dotNet');
INSERT INTO `Mission` (`id`, `companyName`, `shortName`, `role`, `skillSet_id`) VALUES ('11560', 'Jd', 'Hjrautt', 'SoftwareEngineer', '11560');
INSERT INTO `SkillSet` (`id`) VALUES ('11561');
INSERT INTO `SkillSet_skills` (`SkillSet_id`, `skills`) VALUES ('11561', 'UnitTesting');
INSERT INTO `SkillSet_skills` (`SkillSet_id`, `skills`) VALUES ('11561', 'SQL');
INSERT INTO `Mission` (`id`, `companyName`, `shortName`, `role`, `skillSet_id`) VALUES ('11561', 'Poitet', 'Eip', 'PrincipalConsultant', '11561');
INSERT INTO `SkillSet` (`id`) VALUES ('11562');
INSERT INTO `SkillSet_skills` (`SkillSet_id`, `skills`) VALUES ('11562', 'Maven');
INSERT INTO `Mission` (`id`, `companyName`, `shortName`, `role`, `skillSet_id`) VALUES ('11562', 'Eisaz', 'Groum', 'SeniorSoftwareEngineer', '11562');
INSERT INTO `SkillSet` (`id`) VALUES ('11563');
INSERT INTO `SkillSet_skills` (`SkillSet_id`, `skills`) VALUES ('11563', 'UITesting');
INSERT INTO `SkillSet_skills` (`SkillSet_id`, `skills`) VALUES ('11563', 'Java');
INSERT INTO `SkillSet_skills` (`SkillSet_id`, `skills`) VALUES ('11563', 'Ant');
INSERT INTO `SkillSet_skills` (`SkillSet_id`, `skills`) VALUES ('11563', 'SQL');
INSERT INTO `Mission` (`id`, `companyName`, `shortName`, `role`, `skillSet_id`) VALUES ('11563', 'Aub', 'Yk', 'SeniorSoftwareEngineer', '11563');
INSERT INTO `SkillSet` (`id`) VALUES ('11564');
INSERT INTO `SkillSet_skills` (`SkillSet_id`, `skills`) VALUES ('11564', 'dotNet');
INSERT INTO `SkillSet_skills` (`SkillSet_id`, `skills`) VALUES ('11564', 'SQL');
INSERT INTO `SkillSet_skills` (`SkillSet_id`, `skills`) VALUES ('11564', 'Java');
INSERT INTO `SkillSet_skills` (`SkillSet_id`, `skills`) VALUES ('11564', 'Java');
INSERT INTO `SkillSet_skills` (`SkillSet_id`, `skills`) VALUES ('11564', 'UnitTesting');
INSERT INTO `Mission` (`id`, `companyName`, `shortName`, `role`, `skillSet_id`) VALUES ('11564', 'Oid', 'Glaud', 'SeniorSoftwareEngineer', '11564');
INSERT INTO `SkillSet` (`id`) VALUES ('11565');
INSERT INTO `SkillSet_skills` (`SkillSet_id`, `skills`) VALUES ('11565', 'UITesting');
INSERT INTO `SkillSet_skills` (`SkillSet_id`, `skills`) VALUES ('11565', 'UnitTesting');
INSERT INTO `SkillSet_skills` (`SkillSet_id`, `skills`) VALUES ('11565', 'SQL');
INSERT INTO `SkillSet_skills` (`SkillSet_id`, `skills`) VALUES ('11565', 'UITesting');
INSERT INTO `SkillSet_skills` (`SkillSet_id`, `skills`) VALUES ('11565', 'Gradle');
INSERT INTO `Mission` (`id`, `companyName`, `shortName`, `role`, `skillSet_id`) VALUES ('11565', 'Outh', 'Foomoid', 'PrincipalConsultant', '11565');
INSERT INTO `SkillSet` (`id`) VALUES ('11566');
INSERT INTO `SkillSet_skills` (`SkillSet_id`, `skills`) VALUES ('11566', 'Gradle');
INSERT INTO `SkillSet_skills` (`SkillSet_id`, `skills`) VALUES ('11566', 'dotNet');
INSERT INTO `SkillSet_skills` (`SkillSet_id`, `skills`) VALUES ('11566', 'Java');
INSERT INTO `Mission` (`id`, `companyName`, `shortName`, `role`, `skillSet_id`) VALUES ('11566', 'Noidaus', 'Yss', 'LeadSoftwareArchitect', '11566');
INSERT INTO `SkillSet` (`id`) VALUES ('11567');
INSERT INTO `SkillSet_skills` (`SkillSet_id`, `skills`) VALUES ('11567', 'Java');
INSERT INTO `Mission` (`id`, `companyName`, `shortName`, `role`, `skillSet_id`) VALUES ('11567', 'Oor', 'Dennauz', 'SeniorSoftwareEngineer', '11567');
INSERT INTO `SkillSet` (`id`) VALUES ('11568');
INSERT INTO `SkillSet_skills` (`SkillSet_id`, `skills`) VALUES ('11568', 'Ant');
INSERT INTO `SkillSet_skills` (`SkillSet_id`, `skills`) VALUES ('11568', 'Java');
INSERT INTO `SkillSet_skills` (`SkillSet_id`, `skills`) VALUES ('11568', 'UnitTesting');
INSERT INTO `SkillSet_skills` (`SkillSet_id`, `skills`) VALUES ('11568', 'UITesting');
INSERT INTO `Mission` (`id`, `companyName`, `shortName`, `role`, `skillSet_id`) VALUES ('11568', 'Up', 'Wah', 'LeadSoftwareArchitect', '11568');
INSERT INTO `SkillSet` (`id`) VALUES ('11569');
INSERT INTO `SkillSet_skills` (`SkillSet_id`, `skills`) VALUES ('11569', 'SQL');
INSERT INTO `SkillSet_skills` (`SkillSet_id`, `skills`) VALUES ('11569', 'Maven');
INSERT INTO `SkillSet_skills` (`SkillSet_id`, `skills`) VALUES ('11569', 'Gradle');
INSERT INTO `Mission` (`id`, `companyName`, `shortName`, `role`, `skillSet_id`) VALUES ('11569', 'Thjth', 'Waughyth', 'SoftwareEngineer', '11569');
INSERT INTO `SkillSet` (`id`) VALUES ('11570');
INSERT INTO `SkillSet_skills` (`SkillSet_id`, `skills`) VALUES ('11570', 'Architektur');
INSERT INTO `Mission` (`id`, `companyName`, `shortName`, `role`, `skillSet_id`) VALUES ('11570', 'Oop', 'Jthoust', 'SoftwareEngineer', '11570');
INSERT INTO `SkillSet` (`id`) VALUES ('11571');
INSERT INTO `SkillSet_skills` (`SkillSet_id`, `skills`) VALUES ('11571', 'dotNet');
INSERT INTO `Mission` (`id`, `companyName`, `shortName`, `role`, `skillSet_id`) VALUES ('11571', 'Iz', 'Gljst', 'LeadSoftwareArchitect', '11571');
INSERT INTO `SkillSet` (`id`) VALUES ('11572');
INSERT INTO `SkillSet_skills` (`SkillSet_id`, `skills`) VALUES ('11572', 'UITesting');
INSERT INTO `SkillSet_skills` (`SkillSet_id`, `skills`) VALUES ('11572', 'UITesting');
INSERT INTO `SkillSet_skills` (`SkillSet_id`, `skills`) VALUES ('11572', 'UnitTesting');
INSERT INTO `SkillSet_skills` (`SkillSet_id`, `skills`) VALUES ('11572', 'Maven');
INSERT INTO `Mission` (`id`, `companyName`, `shortName`, `role`, `skillSet_id`) VALUES ('11572', 'Cheiloov', 'Yst', 'SoftwareEngineer', '11572');
INSERT INTO `SkillSet` (`id`) VALUES ('11573');
INSERT INTO `SkillSet_skills` (`SkillSet_id`, `skills`) VALUES ('11573', 'UITesting');
INSERT INTO `SkillSet_skills` (`SkillSet_id`, `skills`) VALUES ('11573', 'Maven');
INSERT INTO `SkillSet_skills` (`SkillSet_id`, `skills`) VALUES ('11573', 'Architektur');
INSERT INTO `SkillSet_skills` (`SkillSet_id`, `skills`) VALUES ('11573', 'Maven');
INSERT INTO `Mission` (`id`, `companyName`, `shortName`, `role`, `skillSet_id`) VALUES ('11573', 'Rjh', 'Pjistoiz', 'PrincipalConsultant', '11573');
INSERT INTO `SkillSet` (`id`) VALUES ('11574');
INSERT INTO `SkillSet_skills` (`SkillSet_id`, `skills`) VALUES ('11574', 'UnitTesting');
INSERT INTO `SkillSet_skills` (`SkillSet_id`, `skills`) VALUES ('11574', 'UITesting');
INSERT INTO `Mission` (`id`, `companyName`, `shortName`, `role`, `skillSet_id`) VALUES ('11574', 'Glouh', 'Ook', 'LeadEngineer', '11574');
INSERT INTO `SkillSet` (`id`) VALUES ('11575');
INSERT INTO `SkillSet_skills` (`SkillSet_id`, `skills`) VALUES ('11575', 'Maven');
INSERT INTO `Mission` (`id`, `companyName`, `shortName`, `role`, `skillSet_id`) VALUES ('11575', 'Pinnjl', 'Jir', 'LeadSoftwareArchitect', '11575');
INSERT INTO `SkillSet` (`id`) VALUES ('11576');
INSERT INTO `SkillSet_skills` (`SkillSet_id`, `skills`) VALUES ('11576', 'Architektur');
INSERT INTO `SkillSet_skills` (`SkillSet_id`, `skills`) VALUES ('11576', 'Architektur');
INSERT INTO `Mission` (`id`, `companyName`, `shortName`, `role`, `skillSet_id`) VALUES ('11576', 'Pjip', 'Dorjih', 'PrincipalConsultant', '11576');
INSERT INTO `SkillSet` (`id`) VALUES ('11577');
INSERT INTO `SkillSet_skills` (`SkillSet_id`, `skills`) VALUES ('11577', 'UITesting');
INSERT INTO `SkillSet_skills` (`SkillSet_id`, `skills`) VALUES ('11577', 'Maven');
INSERT INTO `SkillSet_skills` (`SkillSet_id`, `skills`) VALUES ('11577', 'Maven');
INSERT INTO `Mission` (`id`, `companyName`, `shortName`, `role`, `skillSet_id`) VALUES ('11577', 'Lestoib', 'It', 'JuniorSoftwareEngineer', '11577');
INSERT INTO `SkillSet` (`id`) VALUES ('11578');
INSERT INTO `SkillSet_skills` (`SkillSet_id`, `skills`) VALUES ('11578', 'Gradle');
INSERT INTO `SkillSet_skills` (`SkillSet_id`, `skills`) VALUES ('11578', 'UnitTesting');
INSERT INTO `Mission` (`id`, `companyName`, `shortName`, `role`, `skillSet_id`) VALUES ('11578', 'Voughouch', 'Oljitt', 'JuniorSoftwareEngineer', '11578');
INSERT INTO `SkillSet` (`id`) VALUES ('11579');
INSERT INTO `SkillSet_skills` (`SkillSet_id`, `skills`) VALUES ('11579', 'UnitTesting');
INSERT INTO `SkillSet_skills` (`SkillSet_id`, `skills`) VALUES ('11579', 'Ant');
INSERT INTO `SkillSet_skills` (`SkillSet_id`, `skills`) VALUES ('11579', 'UITesting');
INSERT INTO `SkillSet_skills` (`SkillSet_id`, `skills`) VALUES ('11579', 'Architektur');
INSERT INTO `SkillSet_skills` (`SkillSet_id`, `skills`) VALUES ('11579', 'Maven');
INSERT INTO `Mission` (`id`, `companyName`, `shortName`, `role`, `skillSet_id`) VALUES ('11579', 'Las', 'Bloof', 'JuniorSoftwareEngineer', '11579');
INSERT INTO `SkillSet` (`id`) VALUES ('11580');
INSERT INTO `SkillSet_skills` (`SkillSet_id`, `skills`) VALUES ('11580', 'Maven');
INSERT INTO `SkillSet_skills` (`SkillSet_id`, `skills`) VALUES ('11580', 'Ant');
INSERT INTO `SkillSet_skills` (`SkillSet_id`, `skills`) VALUES ('11580', 'Maven');
INSERT INTO `SkillSet_skills` (`SkillSet_id`, `skills`) VALUES ('11580', 'Ant');
INSERT INTO `Mission` (`id`, `companyName`, `shortName`, `role`, `skillSet_id`) VALUES ('11580', 'Et', 'Ich', 'SeniorSoftwareEngineer', '11580');
INSERT INTO `SkillSet` (`id`) VALUES ('11581');
INSERT INTO `SkillSet_skills` (`SkillSet_id`, `skills`) VALUES ('11581', 'Maven');
INSERT INTO `SkillSet_skills` (`SkillSet_id`, `skills`) VALUES ('11581', 'dotNet');
INSERT INTO `SkillSet_skills` (`SkillSet_id`, `skills`) VALUES ('11581', 'SQL');
INSERT INTO `SkillSet_skills` (`SkillSet_id`, `skills`) VALUES ('11581', 'Ant');
INSERT INTO `Mission` (`id`, `companyName`, `shortName`, `role`, `skillSet_id`) VALUES ('11581', 'Oun', 'Oiz', 'PrincipalConsultant', '11581');
INSERT INTO `SkillSet` (`id`) VALUES ('11582');
INSERT INTO `SkillSet_skills` (`SkillSet_id`, `skills`) VALUES ('11582', 'Gradle');
INSERT INTO `SkillSet_skills` (`SkillSet_id`, `skills`) VALUES ('11582', 'UITesting');
INSERT INTO `SkillSet_skills` (`SkillSet_id`, `skills`) VALUES ('11582', 'Java');
INSERT INTO `Mission` (`id`, `companyName`, `shortName`, `role`, `skillSet_id`) VALUES ('11582', 'Aigeiz', 'Zoifash', 'LeadEngineer', '11582');
INSERT INTO `SkillSet` (`id`) VALUES ('11583');
INSERT INTO `SkillSet_skills` (`SkillSet_id`, `skills`) VALUES ('11583', 'SQL');
INSERT INTO `SkillSet_skills` (`SkillSet_id`, `skills`) VALUES ('11583', 'dotNet');
INSERT INTO `SkillSet_skills` (`SkillSet_id`, `skills`) VALUES ('11583', 'SQL');
INSERT INTO `SkillSet_skills` (`SkillSet_id`, `skills`) VALUES ('11583', 'Maven');
INSERT INTO `SkillSet_skills` (`SkillSet_id`, `skills`) VALUES ('11583', 'Architektur');
INSERT INTO `Mission` (`id`, `companyName`, `shortName`, `role`, `skillSet_id`) VALUES ('11583', 'Greg', 'Oogouv', 'SoftwareEngineer', '11583');
INSERT INTO `SkillSet` (`id`) VALUES ('11584');
INSERT INTO `SkillSet_skills` (`SkillSet_id`, `skills`) VALUES ('11584', 'dotNet');
INSERT INTO `Mission` (`id`, `companyName`, `shortName`, `role`, `skillSet_id`) VALUES ('11584', 'Shos', 'Waloik', 'PrincipalConsultant', '11584');
INSERT INTO `SkillSet` (`id`) VALUES ('11585');
INSERT INTO `SkillSet_skills` (`SkillSet_id`, `skills`) VALUES ('11585', 'Maven');
INSERT INTO `Mission` (`id`, `companyName`, `shortName`, `role`, `skillSet_id`) VALUES ('11585', 'Goozug', 'Er', 'SoftwareEngineer', '11585');
INSERT INTO `SkillSet` (`id`) VALUES ('11586');
INSERT INTO `SkillSet_skills` (`SkillSet_id`, `skills`) VALUES ('11586', 'Gradle');
INSERT INTO `SkillSet_skills` (`SkillSet_id`, `skills`) VALUES ('11586', 'UnitTesting');
INSERT INTO `SkillSet_skills` (`SkillSet_id`, `skills`) VALUES ('11586', 'Architektur');
INSERT INTO `SkillSet_skills` (`SkillSet_id`, `skills`) VALUES ('11586', 'Java');
INSERT INTO `Mission` (`id`, `companyName`, `shortName`, `role`, `skillSet_id`) VALUES ('11586', 'Chairaupf', 'Oryg', 'JuniorSoftwareEngineer', '11586');
INSERT INTO `SkillSet` (`id`) VALUES ('11587');
INSERT INTO `SkillSet_skills` (`SkillSet_id`, `skills`) VALUES ('11587', 'dotNet');
INSERT INTO `Mission` (`id`, `companyName`, `shortName`, `role`, `skillSet_id`) VALUES ('11587', 'It', 'Ag', 'SeniorSoftwareEngineer', '11587');
INSERT INTO `SkillSet` (`id`) VALUES ('11588');
INSERT INTO `SkillSet_skills` (`SkillSet_id`, `skills`) VALUES ('11588', 'UITesting');
INSERT INTO `SkillSet_skills` (`SkillSet_id`, `skills`) VALUES ('11588', 'Ant');
INSERT INTO `SkillSet_skills` (`SkillSet_id`, `skills`) VALUES ('11588', 'SQL');
INSERT INTO `SkillSet_skills` (`SkillSet_id`, `skills`) VALUES ('11588', 'Maven');
INSERT INTO `SkillSet_skills` (`SkillSet_id`, `skills`) VALUES ('11588', 'Maven');
INSERT INTO `Mission` (`id`, `companyName`, `shortName`, `role`, `skillSet_id`) VALUES ('11588', 'Yf', 'Vaunn', 'JuniorSoftwareEngineer', '11588');
INSERT INTO `SkillSet` (`id`) VALUES ('11589');
INSERT INTO `SkillSet_skills` (`SkillSet_id`, `skills`) VALUES ('11589', 'Java');
INSERT INTO `SkillSet_skills` (`SkillSet_id`, `skills`) VALUES ('11589', 'Java');
INSERT INTO `SkillSet_skills` (`SkillSet_id`, `skills`) VALUES ('11589', 'UnitTesting');
INSERT INTO `SkillSet_skills` (`SkillSet_id`, `skills`) VALUES ('11589', 'Java');
INSERT INTO `Mission` (`id`, `companyName`, `shortName`, `role`, `skillSet_id`) VALUES ('11589', 'Yth', 'Xooviw', 'JuniorSoftwareEngineer', '11589');
INSERT INTO `SkillSet` (`id`) VALUES ('11590');
INSERT INTO `SkillSet_skills` (`SkillSet_id`, `skills`) VALUES ('11590', 'Architektur');
INSERT INTO `SkillSet_skills` (`SkillSet_id`, `skills`) VALUES ('11590', 'UITesting');
INSERT INTO `SkillSet_skills` (`SkillSet_id`, `skills`) VALUES ('11590', 'Ant');
INSERT INTO `SkillSet_skills` (`SkillSet_id`, `skills`) VALUES ('11590', 'dotNet');
INSERT INTO `Mission` (`id`, `companyName`, `shortName`, `role`, `skillSet_id`) VALUES ('11590', 'Teittunt', 'Cjvjb', 'SoftwareEngineer', '11590');
INSERT INTO `SkillSet` (`id`) VALUES ('11591');
INSERT INTO `SkillSet_skills` (`SkillSet_id`, `skills`) VALUES ('11591', 'UnitTesting');
INSERT INTO `Mission` (`id`, `companyName`, `shortName`, `role`, `skillSet_id`) VALUES ('11591', 'Haustjs', 'Blissoof', 'PrincipalConsultant', '11591');
INSERT INTO `SkillSet` (`id`) VALUES ('11592');
INSERT INTO `SkillSet_skills` (`SkillSet_id`, `skills`) VALUES ('11592', 'Architektur');
INSERT INTO `SkillSet_skills` (`SkillSet_id`, `skills`) VALUES ('11592', 'Gradle');
INSERT INTO `Mission` (`id`, `companyName`, `shortName`, `role`, `skillSet_id`) VALUES ('11592', 'Wjimosh', 'Jk', 'SoftwareEngineer', '11592');
INSERT INTO `SkillSet` (`id`) VALUES ('11593');
INSERT INTO `SkillSet_skills` (`SkillSet_id`, `skills`) VALUES ('11593', 'UITesting');
INSERT INTO `SkillSet_skills` (`SkillSet_id`, `skills`) VALUES ('11593', 'Java');
INSERT INTO `SkillSet_skills` (`SkillSet_id`, `skills`) VALUES ('11593', 'UnitTesting');
INSERT INTO `SkillSet_skills` (`SkillSet_id`, `skills`) VALUES ('11593', 'Java');
INSERT INTO `SkillSet_skills` (`SkillSet_id`, `skills`) VALUES ('11593', 'Java');
INSERT INTO `Mission` (`id`, `companyName`, `shortName`, `role`, `skillSet_id`) VALUES ('11593', 'Unt', 'Ybaz', 'SeniorSoftwareEngineer', '11593');
INSERT INTO `SkillSet` (`id`) VALUES ('11594');
INSERT INTO `SkillSet_skills` (`SkillSet_id`, `skills`) VALUES ('11594', 'UITesting');
INSERT INTO `Mission` (`id`, `companyName`, `shortName`, `role`, `skillSet_id`) VALUES ('11594', 'Xoth', 'Choulyl', 'JuniorSoftwareEngineer', '11594');
INSERT INTO `SkillSet` (`id`) VALUES ('11595');
INSERT INTO `SkillSet_skills` (`SkillSet_id`, `skills`) VALUES ('11595', 'SQL');
INSERT INTO `SkillSet_skills` (`SkillSet_id`, `skills`) VALUES ('11595', 'UITesting');
INSERT INTO `SkillSet_skills` (`SkillSet_id`, `skills`) VALUES ('11595', 'UITesting');
INSERT INTO `SkillSet_skills` (`SkillSet_id`, `skills`) VALUES ('11595', 'dotNet');
INSERT INTO `Mission` (`id`, `companyName`, `shortName`, `role`, `skillSet_id`) VALUES ('11595', 'Oib', 'Ef', 'JuniorSoftwareEngineer', '11595');
INSERT INTO `SkillSet` (`id`) VALUES ('11596');
INSERT INTO `SkillSet_skills` (`SkillSet_id`, `skills`) VALUES ('11596', 'dotNet');
INSERT INTO `SkillSet_skills` (`SkillSet_id`, `skills`) VALUES ('11596', 'Maven');
INSERT INTO `SkillSet_skills` (`SkillSet_id`, `skills`) VALUES ('11596', 'UnitTesting');
INSERT INTO `SkillSet_skills` (`SkillSet_id`, `skills`) VALUES ('11596', 'Gradle');
INSERT INTO `Mission` (`id`, `companyName`, `shortName`, `role`, `skillSet_id`) VALUES ('11596', 'Ipfoint', 'Quntyf', 'SeniorSoftwareEngineer', '11596');
INSERT INTO `SkillSet` (`id`) VALUES ('11597');
INSERT INTO `SkillSet_skills` (`SkillSet_id`, `skills`) VALUES ('11597', 'SQL');
INSERT INTO `SkillSet_skills` (`SkillSet_id`, `skills`) VALUES ('11597', 'SQL');
INSERT INTO `SkillSet_skills` (`SkillSet_id`, `skills`) VALUES ('11597', 'dotNet');
INSERT INTO `Mission` (`id`, `companyName`, `shortName`, `role`, `skillSet_id`) VALUES ('11597', 'Oof', 'Ebjitt', 'PrincipalConsultant', '11597');
INSERT INTO `SkillSet` (`id`) VALUES ('11598');
INSERT INTO `SkillSet_skills` (`SkillSet_id`, `skills`) VALUES ('11598', 'Maven');
INSERT INTO `SkillSet_skills` (`SkillSet_id`, `skills`) VALUES ('11598', 'dotNet');
INSERT INTO `SkillSet_skills` (`SkillSet_id`, `skills`) VALUES ('11598', 'Gradle');
INSERT INTO `Mission` (`id`, `companyName`, `shortName`, `role`, `skillSet_id`) VALUES ('11598', 'Aiss', 'Jp', 'LeadEngineer', '11598');
INSERT INTO `SkillSet` (`id`) VALUES ('11599');
INSERT INTO `SkillSet_skills` (`SkillSet_id`, `skills`) VALUES ('11599', 'Java');
INSERT INTO `SkillSet_skills` (`SkillSet_id`, `skills`) VALUES ('11599', 'Maven');
INSERT INTO `SkillSet_skills` (`SkillSet_id`, `skills`) VALUES ('11599', 'Architektur');
INSERT INTO `SkillSet_skills` (`SkillSet_id`, `skills`) VALUES ('11599', 'UITesting');
INSERT INTO `Mission` (`id`, `companyName`, `shortName`, `role`, `skillSet_id`) VALUES ('11599', 'Fleinoon', 'Loinapf', 'SoftwareEngineer', '11599');
INSERT INTO `SkillSet` (`id`) VALUES ('11600');
INSERT INTO `SkillSet_skills` (`SkillSet_id`, `skills`) VALUES ('11600', 'Architektur');
INSERT INTO `SkillSet_skills` (`SkillSet_id`, `skills`) VALUES ('11600', 'SQL');
INSERT INTO `SkillSet_skills` (`SkillSet_id`, `skills`) VALUES ('11600', 'UITesting');
INSERT INTO `Mission` (`id`, `companyName`, `shortName`, `role`, `skillSet_id`) VALUES ('11600', 'Xjgoih', 'Glafav', 'PrincipalConsultant', '11600');
INSERT INTO `SkillSet` (`id`) VALUES ('11601');
INSERT INTO `SkillSet_skills` (`SkillSet_id`, `skills`) VALUES ('11601', 'Maven');
INSERT INTO `Mission` (`id`, `companyName`, `shortName`, `role`, `skillSet_id`) VALUES ('11601', 'Stouljiv', 'Wur', 'LeadEngineer', '11601');
INSERT INTO `SkillSet` (`id`) VALUES ('11602');
INSERT INTO `SkillSet_skills` (`SkillSet_id`, `skills`) VALUES ('11602', 'UnitTesting');
INSERT INTO `SkillSet_skills` (`SkillSet_id`, `skills`) VALUES ('11602', 'Architektur');
INSERT INTO `SkillSet_skills` (`SkillSet_id`, `skills`) VALUES ('11602', 'UnitTesting');
INSERT INTO `SkillSet_skills` (`SkillSet_id`, `skills`) VALUES ('11602', 'UnitTesting');
INSERT INTO `Mission` (`id`, `companyName`, `shortName`, `role`, `skillSet_id`) VALUES ('11602', 'Ot', 'Gljssouch', 'PrincipalConsultant', '11602');
INSERT INTO `SkillSet` (`id`) VALUES ('11603');
INSERT INTO `SkillSet_skills` (`SkillSet_id`, `skills`) VALUES ('11603', 'SQL');
INSERT INTO `Mission` (`id`, `companyName`, `shortName`, `role`, `skillSet_id`) VALUES ('11603', 'Dis', 'Oontjch', 'SoftwareEngineer', '11603');
INSERT INTO `SkillSet` (`id`) VALUES ('11604');
INSERT INTO `SkillSet_skills` (`SkillSet_id`, `skills`) VALUES ('11604', 'Maven');
INSERT INTO `SkillSet_skills` (`SkillSet_id`, `skills`) VALUES ('11604', 'SQL');
INSERT INTO `SkillSet_skills` (`SkillSet_id`, `skills`) VALUES ('11604', 'UnitTesting');
INSERT INTO `Mission` (`id`, `companyName`, `shortName`, `role`, `skillSet_id`) VALUES ('11604', 'Klavjist', 'Staisheish', 'SeniorSoftwareEngineer', '11604');
INSERT INTO `SkillSet` (`id`) VALUES ('11605');
INSERT INTO `SkillSet_skills` (`SkillSet_id`, `skills`) VALUES ('11605', 'Gradle');
INSERT INTO `Mission` (`id`, `companyName`, `shortName`, `role`, `skillSet_id`) VALUES ('11605', 'Iwysh', 'Poosh', 'LeadEngineer', '11605');
INSERT INTO `SkillSet` (`id`) VALUES ('11606');
INSERT INTO `SkillSet_skills` (`SkillSet_id`, `skills`) VALUES ('11606', 'Gradle');
INSERT INTO `SkillSet_skills` (`SkillSet_id`, `skills`) VALUES ('11606', 'Maven');
INSERT INTO `SkillSet_skills` (`SkillSet_id`, `skills`) VALUES ('11606', 'Java');
INSERT INTO `Mission` (`id`, `companyName`, `shortName`, `role`, `skillSet_id`) VALUES ('11606', 'Surool', 'Ass', 'SeniorSoftwareEngineer', '11606');
INSERT INTO `SkillSet` (`id`) VALUES ('11607');
INSERT INTO `SkillSet_skills` (`SkillSet_id`, `skills`) VALUES ('11607', 'Java');
INSERT INTO `SkillSet_skills` (`SkillSet_id`, `skills`) VALUES ('11607', 'UITesting');
INSERT INTO `SkillSet_skills` (`SkillSet_id`, `skills`) VALUES ('11607', 'UnitTesting');
INSERT INTO `SkillSet_skills` (`SkillSet_id`, `skills`) VALUES ('11607', 'Ant');
INSERT INTO `Mission` (`id`, `companyName`, `shortName`, `role`, `skillSet_id`) VALUES ('11607', 'Umep', 'Is', 'LeadEngineer', '11607');
INSERT INTO `SkillSet` (`id`) VALUES ('11608');
INSERT INTO `SkillSet_skills` (`SkillSet_id`, `skills`) VALUES ('11608', 'Ant');
INSERT INTO `SkillSet_skills` (`SkillSet_id`, `skills`) VALUES ('11608', 'Java');
INSERT INTO `SkillSet_skills` (`SkillSet_id`, `skills`) VALUES ('11608', 'Java');
INSERT INTO `SkillSet_skills` (`SkillSet_id`, `skills`) VALUES ('11608', 'Java');
INSERT INTO `SkillSet_skills` (`SkillSet_id`, `skills`) VALUES ('11608', 'UITesting');
INSERT INTO `Mission` (`id`, `companyName`, `shortName`, `role`, `skillSet_id`) VALUES ('11608', 'Jithov', 'Jis', 'LeadEngineer', '11608');
INSERT INTO `SkillSet` (`id`) VALUES ('11609');
INSERT INTO `SkillSet_skills` (`SkillSet_id`, `skills`) VALUES ('11609', 'UnitTesting');
INSERT INTO `SkillSet_skills` (`SkillSet_id`, `skills`) VALUES ('11609', 'UITesting');
INSERT INTO `SkillSet_skills` (`SkillSet_id`, `skills`) VALUES ('11609', 'Architektur');
INSERT INTO `Mission` (`id`, `companyName`, `shortName`, `role`, `skillSet_id`) VALUES ('11609', 'Zoof', 'Xab', 'SoftwareEngineer', '11609');
INSERT INTO `SkillSet` (`id`) VALUES ('11610');
INSERT INTO `SkillSet_skills` (`SkillSet_id`, `skills`) VALUES ('11610', 'Architektur');
INSERT INTO `SkillSet_skills` (`SkillSet_id`, `skills`) VALUES ('11610', 'Gradle');
INSERT INTO `Mission` (`id`, `companyName`, `shortName`, `role`, `skillSet_id`) VALUES ('11610', 'Op', 'Filytt', 'LeadEngineer', '11610');
INSERT INTO `SkillSet` (`id`) VALUES ('11611');
INSERT INTO `SkillSet_skills` (`SkillSet_id`, `skills`) VALUES ('11611', 'Maven');
INSERT INTO `SkillSet_skills` (`SkillSet_id`, `skills`) VALUES ('11611', 'dotNet');
INSERT INTO `Mission` (`id`, `companyName`, `shortName`, `role`, `skillSet_id`) VALUES ('11611', 'Gjipeir', 'Bruw', 'SeniorSoftwareEngineer', '11611');
INSERT INTO `SkillSet` (`id`) VALUES ('11612');
INSERT INTO `SkillSet_skills` (`SkillSet_id`, `skills`) VALUES ('11612', 'UITesting');
INSERT INTO `Mission` (`id`, `companyName`, `shortName`, `role`, `skillSet_id`) VALUES ('11612', 'Ougait', 'Ith', 'PrincipalConsultant', '11612');
INSERT INTO `SkillSet` (`id`) VALUES ('11613');
INSERT INTO `SkillSet_skills` (`SkillSet_id`, `skills`) VALUES ('11613', 'Architektur');
INSERT INTO `SkillSet_skills` (`SkillSet_id`, `skills`) VALUES ('11613', 'Architektur');
INSERT INTO `Mission` (`id`, `companyName`, `shortName`, `role`, `skillSet_id`) VALUES ('11613', 'Zainn', 'Aih', 'SeniorSoftwareEngineer', '11613');
INSERT INTO `SkillSet` (`id`) VALUES ('11614');
INSERT INTO `SkillSet_skills` (`SkillSet_id`, `skills`) VALUES ('11614', 'UnitTesting');
INSERT INTO `SkillSet_skills` (`SkillSet_id`, `skills`) VALUES ('11614', 'UITesting');
INSERT INTO `Mission` (`id`, `companyName`, `shortName`, `role`, `skillSet_id`) VALUES ('11614', 'Odist', 'Mein', 'SoftwareEngineer', '11614');
INSERT INTO `SkillSet` (`id`) VALUES ('11615');
INSERT INTO `SkillSet_skills` (`SkillSet_id`, `skills`) VALUES ('11615', 'Gradle');
INSERT INTO `SkillSet_skills` (`SkillSet_id`, `skills`) VALUES ('11615', 'Gradle');
INSERT INTO `Mission` (`id`, `companyName`, `shortName`, `role`, `skillSet_id`) VALUES ('11615', 'Doss', 'Brepf', 'SeniorSoftwareEngineer', '11615');
INSERT INTO `SkillSet` (`id`) VALUES ('11616');
INSERT INTO `SkillSet_skills` (`SkillSet_id`, `skills`) VALUES ('11616', 'Java');
INSERT INTO `SkillSet_skills` (`SkillSet_id`, `skills`) VALUES ('11616', 'SQL');
INSERT INTO `Mission` (`id`, `companyName`, `shortName`, `role`, `skillSet_id`) VALUES ('11616', 'Chop', 'Onn', 'LeadEngineer', '11616');
INSERT INTO `SkillSet` (`id`) VALUES ('11617');
INSERT INTO `SkillSet_skills` (`SkillSet_id`, `skills`) VALUES ('11617', 'UnitTesting');
INSERT INTO `Mission` (`id`, `companyName`, `shortName`, `role`, `skillSet_id`) VALUES ('11617', 'Kib', 'Proolost', 'JuniorSoftwareEngineer', '11617');
INSERT INTO `SkillSet` (`id`) VALUES ('11618');
INSERT INTO `SkillSet_skills` (`SkillSet_id`, `skills`) VALUES ('11618', 'UnitTesting');
INSERT INTO `Mission` (`id`, `companyName`, `shortName`, `role`, `skillSet_id`) VALUES ('11618', 'Ud', 'Oost', 'JuniorSoftwareEngineer', '11618');
INSERT INTO `SkillSet` (`id`) VALUES ('11619');
INSERT INTO `SkillSet_skills` (`SkillSet_id`, `skills`) VALUES ('11619', 'Gradle');
INSERT INTO `SkillSet_skills` (`SkillSet_id`, `skills`) VALUES ('11619', 'Architektur');
INSERT INTO `SkillSet_skills` (`SkillSet_id`, `skills`) VALUES ('11619', 'Gradle');
INSERT INTO `SkillSet_skills` (`SkillSet_id`, `skills`) VALUES ('11619', 'UITesting');
INSERT INTO `SkillSet_skills` (`SkillSet_id`, `skills`) VALUES ('11619', 'Maven');
INSERT INTO `Mission` (`id`, `companyName`, `shortName`, `role`, `skillSet_id`) VALUES ('11619', 'Oovainn', 'Kob', 'SoftwareEngineer', '11619');
INSERT INTO `SkillSet` (`id`) VALUES ('11620');
INSERT INTO `SkillSet_skills` (`SkillSet_id`, `skills`) VALUES ('11620', 'Maven');
INSERT INTO `SkillSet_skills` (`SkillSet_id`, `skills`) VALUES ('11620', 'UITesting');
INSERT INTO `SkillSet_skills` (`SkillSet_id`, `skills`) VALUES ('11620', 'Ant');
INSERT INTO `Mission` (`id`, `companyName`, `shortName`, `role`, `skillSet_id`) VALUES ('11620', 'Steikant', 'Wez', 'PrincipalConsultant', '11620');
INSERT INTO `SkillSet` (`id`) VALUES ('11621');
INSERT INTO `SkillSet_skills` (`SkillSet_id`, `skills`) VALUES ('11621', 'SQL');
INSERT INTO `Mission` (`id`, `companyName`, `shortName`, `role`, `skillSet_id`) VALUES ('11621', 'Oudauth', 'Oopf', 'SoftwareEngineer', '11621');
INSERT INTO `SkillSet` (`id`) VALUES ('11622');
INSERT INTO `SkillSet_skills` (`SkillSet_id`, `skills`) VALUES ('11622', 'dotNet');
INSERT INTO `Mission` (`id`, `companyName`, `shortName`, `role`, `skillSet_id`) VALUES ('11622', 'Qootir', 'Wouch', 'SoftwareEngineer', '11622');
INSERT INTO `SkillSet` (`id`) VALUES ('11623');
INSERT INTO `SkillSet_skills` (`SkillSet_id`, `skills`) VALUES ('11623', 'Gradle');
INSERT INTO `SkillSet_skills` (`SkillSet_id`, `skills`) VALUES ('11623', 'Ant');
INSERT INTO `SkillSet_skills` (`SkillSet_id`, `skills`) VALUES ('11623', 'Architektur');
INSERT INTO `SkillSet_skills` (`SkillSet_id`, `skills`) VALUES ('11623', 'Maven');
INSERT INTO `SkillSet_skills` (`SkillSet_id`, `skills`) VALUES ('11623', 'Java');
INSERT INTO `Mission` (`id`, `companyName`, `shortName`, `role`, `skillSet_id`) VALUES ('11623', 'Ed', 'Sjint', 'JuniorSoftwareEngineer', '11623');
INSERT INTO `SkillSet` (`id`) VALUES ('11624');
INSERT INTO `SkillSet_skills` (`SkillSet_id`, `skills`) VALUES ('11624', 'UITesting');
INSERT INTO `Mission` (`id`, `companyName`, `shortName`, `role`, `skillSet_id`) VALUES ('11624', 'Ygh', 'Uwoov', 'LeadEngineer', '11624');
INSERT INTO `SkillSet` (`id`) VALUES ('11625');
INSERT INTO `SkillSet_skills` (`SkillSet_id`, `skills`) VALUES ('11625', 'Gradle');
INSERT INTO `Mission` (`id`, `companyName`, `shortName`, `role`, `skillSet_id`) VALUES ('11625', 'Prot', 'Mol', 'LeadSoftwareArchitect', '11625');
INSERT INTO `SkillSet` (`id`) VALUES ('11626');
INSERT INTO `SkillSet_skills` (`SkillSet_id`, `skills`) VALUES ('11626', 'Gradle');
INSERT INTO `SkillSet_skills` (`SkillSet_id`, `skills`) VALUES ('11626', 'Architektur');
INSERT INTO `SkillSet_skills` (`SkillSet_id`, `skills`) VALUES ('11626', 'Maven');
INSERT INTO `Mission` (`id`, `companyName`, `shortName`, `role`, `skillSet_id`) VALUES ('11626', 'Jssouch', 'Teiss', 'LeadEngineer', '11626');
INSERT INTO `SkillSet` (`id`) VALUES ('11627');
INSERT INTO `SkillSet_skills` (`SkillSet_id`, `skills`) VALUES ('11627', 'Maven');
INSERT INTO `SkillSet_skills` (`SkillSet_id`, `skills`) VALUES ('11627', 'Maven');
INSERT INTO `SkillSet_skills` (`SkillSet_id`, `skills`) VALUES ('11627', 'Maven');
INSERT INTO `SkillSet_skills` (`SkillSet_id`, `skills`) VALUES ('11627', 'Ant');
INSERT INTO `Mission` (`id`, `companyName`, `shortName`, `role`, `skillSet_id`) VALUES ('11627', 'Airouk', 'Prem', 'JuniorSoftwareEngineer', '11627');
INSERT INTO `SkillSet` (`id`) VALUES ('11628');
INSERT INTO `SkillSet_skills` (`SkillSet_id`, `skills`) VALUES ('11628', 'Gradle');
INSERT INTO `SkillSet_skills` (`SkillSet_id`, `skills`) VALUES ('11628', 'UITesting');
INSERT INTO `SkillSet_skills` (`SkillSet_id`, `skills`) VALUES ('11628', 'Gradle');
INSERT INTO `SkillSet_skills` (`SkillSet_id`, `skills`) VALUES ('11628', 'Maven');
INSERT INTO `Mission` (`id`, `companyName`, `shortName`, `role`, `skillSet_id`) VALUES ('11628', 'Gruw', 'Jh', 'LeadSoftwareArchitect', '11628');
INSERT INTO `SkillSet` (`id`) VALUES ('11629');
INSERT INTO `SkillSet_skills` (`SkillSet_id`, `skills`) VALUES ('11629', 'Ant');
INSERT INTO `SkillSet_skills` (`SkillSet_id`, `skills`) VALUES ('11629', 'UnitTesting');
INSERT INTO `SkillSet_skills` (`SkillSet_id`, `skills`) VALUES ('11629', 'Gradle');
INSERT INTO `SkillSet_skills` (`SkillSet_id`, `skills`) VALUES ('11629', 'Java');
INSERT INTO `SkillSet_skills` (`SkillSet_id`, `skills`) VALUES ('11629', 'dotNet');
INSERT INTO `Mission` (`id`, `companyName`, `shortName`, `role`, `skillSet_id`) VALUES ('11629', 'Xoisev', 'Uchjst', 'PrincipalConsultant', '11629');
INSERT INTO `SkillSet` (`id`) VALUES ('11630');
INSERT INTO `SkillSet_skills` (`SkillSet_id`, `skills`) VALUES ('11630', 'Ant');
INSERT INTO `SkillSet_skills` (`SkillSet_id`, `skills`) VALUES ('11630', 'dotNet');
INSERT INTO `SkillSet_skills` (`SkillSet_id`, `skills`) VALUES ('11630', 'Ant');
INSERT INTO `SkillSet_skills` (`SkillSet_id`, `skills`) VALUES ('11630', 'Gradle');
INSERT INTO `SkillSet_skills` (`SkillSet_id`, `skills`) VALUES ('11630', 'Gradle');
INSERT INTO `Mission` (`id`, `companyName`, `shortName`, `role`, `skillSet_id`) VALUES ('11630', 'Ooghouch', 'Shyb', 'LeadSoftwareArchitect', '11630');
INSERT INTO `SkillSet` (`id`) VALUES ('11631');
INSERT INTO `SkillSet_skills` (`SkillSet_id`, `skills`) VALUES ('11631', 'Gradle');
INSERT INTO `SkillSet_skills` (`SkillSet_id`, `skills`) VALUES ('11631', 'Java');
INSERT INTO `SkillSet_skills` (`SkillSet_id`, `skills`) VALUES ('11631', 'Ant');
INSERT INTO `SkillSet_skills` (`SkillSet_id`, `skills`) VALUES ('11631', 'Java');
INSERT INTO `Mission` (`id`, `companyName`, `shortName`, `role`, `skillSet_id`) VALUES ('11631', 'Leistyh', 'Pett', 'PrincipalConsultant', '11631');
INSERT INTO `SkillSet` (`id`) VALUES ('11632');
INSERT INTO `SkillSet_skills` (`SkillSet_id`, `skills`) VALUES ('11632', 'Gradle');
INSERT INTO `SkillSet_skills` (`SkillSet_id`, `skills`) VALUES ('11632', 'Gradle');
INSERT INTO `SkillSet_skills` (`SkillSet_id`, `skills`) VALUES ('11632', 'Maven');
INSERT INTO `SkillSet_skills` (`SkillSet_id`, `skills`) VALUES ('11632', 'Architektur');
INSERT INTO `SkillSet_skills` (`SkillSet_id`, `skills`) VALUES ('11632', 'SQL');
INSERT INTO `Mission` (`id`, `companyName`, `shortName`, `role`, `skillSet_id`) VALUES ('11632', 'Glott', 'Qoiryb', 'SoftwareEngineer', '11632');
INSERT INTO `SkillSet` (`id`) VALUES ('11633');
INSERT INTO `SkillSet_skills` (`SkillSet_id`, `skills`) VALUES ('11633', 'SQL');
INSERT INTO `SkillSet_skills` (`SkillSet_id`, `skills`) VALUES ('11633', 'Architektur');
INSERT INTO `SkillSet_skills` (`SkillSet_id`, `skills`) VALUES ('11633', 'UITesting');
INSERT INTO `SkillSet_skills` (`SkillSet_id`, `skills`) VALUES ('11633', 'SQL');
INSERT INTO `SkillSet_skills` (`SkillSet_id`, `skills`) VALUES ('11633', 'SQL');
INSERT INTO `Mission` (`id`, `companyName`, `shortName`, `role`, `skillSet_id`) VALUES ('11633', 'Saighjist', 'Unneiv', 'JuniorSoftwareEngineer', '11633');
INSERT INTO `SkillSet` (`id`) VALUES ('11634');
INSERT INTO `SkillSet_skills` (`SkillSet_id`, `skills`) VALUES ('11634', 'SQL');
INSERT INTO `SkillSet_skills` (`SkillSet_id`, `skills`) VALUES ('11634', 'Gradle');
INSERT INTO `SkillSet_skills` (`SkillSet_id`, `skills`) VALUES ('11634', 'Ant');
INSERT INTO `SkillSet_skills` (`SkillSet_id`, `skills`) VALUES ('11634', 'Maven');
INSERT INTO `Mission` (`id`, `companyName`, `shortName`, `role`, `skillSet_id`) VALUES ('11634', 'Or', 'Brjt', 'JuniorSoftwareEngineer', '11634');
INSERT INTO `SkillSet` (`id`) VALUES ('11635');
INSERT INTO `SkillSet_skills` (`SkillSet_id`, `skills`) VALUES ('11635', 'UITesting');
INSERT INTO `Mission` (`id`, `companyName`, `shortName`, `role`, `skillSet_id`) VALUES ('11635', 'Doittoopf', 'Vjtip', 'SeniorSoftwareEngineer', '11635');
INSERT INTO `SkillSet` (`id`) VALUES ('11636');
INSERT INTO `SkillSet_skills` (`SkillSet_id`, `skills`) VALUES ('11636', 'Java');
INSERT INTO `SkillSet_skills` (`SkillSet_id`, `skills`) VALUES ('11636', 'dotNet');
INSERT INTO `SkillSet_skills` (`SkillSet_id`, `skills`) VALUES ('11636', 'Ant');
INSERT INTO `SkillSet_skills` (`SkillSet_id`, `skills`) VALUES ('11636', 'Java');
INSERT INTO `Mission` (`id`, `companyName`, `shortName`, `role`, `skillSet_id`) VALUES ('11636', 'Igoh', 'Ourik', 'JuniorSoftwareEngineer', '11636');
INSERT INTO `SkillSet` (`id`) VALUES ('11637');
INSERT INTO `SkillSet_skills` (`SkillSet_id`, `skills`) VALUES ('11637', 'dotNet');
INSERT INTO `SkillSet_skills` (`SkillSet_id`, `skills`) VALUES ('11637', 'UnitTesting');
INSERT INTO `SkillSet_skills` (`SkillSet_id`, `skills`) VALUES ('11637', 'Ant');
INSERT INTO `Mission` (`id`, `companyName`, `shortName`, `role`, `skillSet_id`) VALUES ('11637', 'Jipfouz', 'Eibaum', 'PrincipalConsultant', '11637');
INSERT INTO `SkillSet` (`id`) VALUES ('11638');
INSERT INTO `SkillSet_skills` (`SkillSet_id`, `skills`) VALUES ('11638', 'SQL');
INSERT INTO `SkillSet_skills` (`SkillSet_id`, `skills`) VALUES ('11638', 'SQL');
INSERT INTO `SkillSet_skills` (`SkillSet_id`, `skills`) VALUES ('11638', 'SQL');
INSERT INTO `SkillSet_skills` (`SkillSet_id`, `skills`) VALUES ('11638', 'Java');
INSERT INTO `Mission` (`id`, `companyName`, `shortName`, `role`, `skillSet_id`) VALUES ('11638', 'Qatip', 'Inout', 'PrincipalConsultant', '11638');
INSERT INTO `SkillSet` (`id`) VALUES ('11639');
INSERT INTO `SkillSet_skills` (`SkillSet_id`, `skills`) VALUES ('11639', 'Gradle');
INSERT INTO `SkillSet_skills` (`SkillSet_id`, `skills`) VALUES ('11639', 'dotNet');
INSERT INTO `Mission` (`id`, `companyName`, `shortName`, `role`, `skillSet_id`) VALUES ('11639', 'Zavyz', 'Olaiss', 'LeadSoftwareArchitect', '11639');
INSERT INTO `SkillSet` (`id`) VALUES ('11640');
INSERT INTO `SkillSet_skills` (`SkillSet_id`, `skills`) VALUES ('11640', 'SQL');
INSERT INTO `SkillSet_skills` (`SkillSet_id`, `skills`) VALUES ('11640', 'UnitTesting');
INSERT INTO `SkillSet_skills` (`SkillSet_id`, `skills`) VALUES ('11640', 'dotNet');
INSERT INTO `Mission` (`id`, `companyName`, `shortName`, `role`, `skillSet_id`) VALUES ('11640', 'Glaug', 'Tail', 'SeniorSoftwareEngineer', '11640');
INSERT INTO `SkillSet` (`id`) VALUES ('11641');
INSERT INTO `SkillSet_skills` (`SkillSet_id`, `skills`) VALUES ('11641', 'Ant');
INSERT INTO `SkillSet_skills` (`SkillSet_id`, `skills`) VALUES ('11641', 'Architektur');
INSERT INTO `Mission` (`id`, `companyName`, `shortName`, `role`, `skillSet_id`) VALUES ('11641', 'Ish', 'Keit', 'LeadSoftwareArchitect', '11641');
INSERT INTO `SkillSet` (`id`) VALUES ('11642');
INSERT INTO `SkillSet_skills` (`SkillSet_id`, `skills`) VALUES ('11642', 'Ant');
INSERT INTO `Mission` (`id`, `companyName`, `shortName`, `role`, `skillSet_id`) VALUES ('11642', 'Dooh', 'Roig', 'LeadEngineer', '11642');
INSERT INTO `SkillSet` (`id`) VALUES ('11643');
INSERT INTO `SkillSet_skills` (`SkillSet_id`, `skills`) VALUES ('11643', 'Architektur');
INSERT INTO `SkillSet_skills` (`SkillSet_id`, `skills`) VALUES ('11643', 'Java');
INSERT INTO `SkillSet_skills` (`SkillSet_id`, `skills`) VALUES ('11643', 'SQL');
INSERT INTO `Mission` (`id`, `companyName`, `shortName`, `role`, `skillSet_id`) VALUES ('11643', 'Fiz', 'Jiz', 'JuniorSoftwareEngineer', '11643');
INSERT INTO `SkillSet` (`id`) VALUES ('11644');
INSERT INTO `SkillSet_skills` (`SkillSet_id`, `skills`) VALUES ('11644', 'UnitTesting');
INSERT INTO `Mission` (`id`, `companyName`, `shortName`, `role`, `skillSet_id`) VALUES ('11644', 'Daljsh', 'Oun', 'LeadSoftwareArchitect', '11644');
INSERT INTO `SkillSet` (`id`) VALUES ('11645');
INSERT INTO `SkillSet_skills` (`SkillSet_id`, `skills`) VALUES ('11645', 'Ant');
INSERT INTO `SkillSet_skills` (`SkillSet_id`, `skills`) VALUES ('11645', 'Architektur');
INSERT INTO `SkillSet_skills` (`SkillSet_id`, `skills`) VALUES ('11645', 'dotNet');
INSERT INTO `SkillSet_skills` (`SkillSet_id`, `skills`) VALUES ('11645', 'UITesting');
INSERT INTO `Mission` (`id`, `companyName`, `shortName`, `role`, `skillSet_id`) VALUES ('11645', 'Ish', 'Jf', 'SeniorSoftwareEngineer', '11645');
INSERT INTO `SkillSet` (`id`) VALUES ('11646');
INSERT INTO `SkillSet_skills` (`SkillSet_id`, `skills`) VALUES ('11646', 'UITesting');
INSERT INTO `Mission` (`id`, `companyName`, `shortName`, `role`, `skillSet_id`) VALUES ('11646', 'Eil', 'Oithaush', 'SoftwareEngineer', '11646');
INSERT INTO `SkillSet` (`id`) VALUES ('11647');
INSERT INTO `SkillSet_skills` (`SkillSet_id`, `skills`) VALUES ('11647', 'UnitTesting');
INSERT INTO `Mission` (`id`, `companyName`, `shortName`, `role`, `skillSet_id`) VALUES ('11647', 'Prjtteib', 'Jritt', 'JuniorSoftwareEngineer', '11647');
INSERT INTO `SkillSet` (`id`) VALUES ('11648');
INSERT INTO `SkillSet_skills` (`SkillSet_id`, `skills`) VALUES ('11648', 'Ant');
INSERT INTO `SkillSet_skills` (`SkillSet_id`, `skills`) VALUES ('11648', 'Ant');
INSERT INTO `Mission` (`id`, `companyName`, `shortName`, `role`, `skillSet_id`) VALUES ('11648', 'Oor', 'Zoizjg', 'LeadEngineer', '11648');
INSERT INTO `SkillSet` (`id`) VALUES ('11649');
INSERT INTO `SkillSet_skills` (`SkillSet_id`, `skills`) VALUES ('11649', 'Gradle');
INSERT INTO `Mission` (`id`, `companyName`, `shortName`, `role`, `skillSet_id`) VALUES ('11649', 'Teig', 'Tiweinn', 'JuniorSoftwareEngineer', '11649');
INSERT INTO `SkillSet` (`id`) VALUES ('11650');
INSERT INTO `SkillSet_skills` (`SkillSet_id`, `skills`) VALUES ('11650', 'Java');
INSERT INTO `SkillSet_skills` (`SkillSet_id`, `skills`) VALUES ('11650', 'SQL');
INSERT INTO `SkillSet_skills` (`SkillSet_id`, `skills`) VALUES ('11650', 'UITesting');
INSERT INTO `SkillSet_skills` (`SkillSet_id`, `skills`) VALUES ('11650', 'Architektur');
INSERT INTO `Mission` (`id`, `companyName`, `shortName`, `role`, `skillSet_id`) VALUES ('11650', 'Eikaupf', 'Ich', 'LeadEngineer', '11650');
INSERT INTO `SkillSet` (`id`) VALUES ('11651');
INSERT INTO `SkillSet_skills` (`SkillSet_id`, `skills`) VALUES ('11651', 'UITesting');
INSERT INTO `SkillSet_skills` (`SkillSet_id`, `skills`) VALUES ('11651', 'dotNet');
INSERT INTO `SkillSet_skills` (`SkillSet_id`, `skills`) VALUES ('11651', 'UITesting');
INSERT INTO `SkillSet_skills` (`SkillSet_id`, `skills`) VALUES ('11651', 'SQL');
INSERT INTO `Mission` (`id`, `companyName`, `shortName`, `role`, `skillSet_id`) VALUES ('11651', 'Ot', 'Floossynt', 'PrincipalConsultant', '11651');
INSERT INTO `SkillSet` (`id`) VALUES ('11652');
INSERT INTO `SkillSet_skills` (`SkillSet_id`, `skills`) VALUES ('11652', 'UnitTesting');
INSERT INTO `SkillSet_skills` (`SkillSet_id`, `skills`) VALUES ('11652', 'Ant');
INSERT INTO `Mission` (`id`, `companyName`, `shortName`, `role`, `skillSet_id`) VALUES ('11652', 'Tushed', 'Ath', 'SeniorSoftwareEngineer', '11652');
INSERT INTO `SkillSet` (`id`) VALUES ('11653');
INSERT INTO `SkillSet_skills` (`SkillSet_id`, `skills`) VALUES ('11653', 'dotNet');
INSERT INTO `SkillSet_skills` (`SkillSet_id`, `skills`) VALUES ('11653', 'Maven');
INSERT INTO `SkillSet_skills` (`SkillSet_id`, `skills`) VALUES ('11653', 'Architektur');
INSERT INTO `Mission` (`id`, `companyName`, `shortName`, `role`, `skillSet_id`) VALUES ('11653', 'Glauvaiz', 'Klichount', 'JuniorSoftwareEngineer', '11653');
INSERT INTO `SkillSet` (`id`) VALUES ('11654');
INSERT INTO `SkillSet_skills` (`SkillSet_id`, `skills`) VALUES ('11654', 'Architektur');
INSERT INTO `Mission` (`id`, `companyName`, `shortName`, `role`, `skillSet_id`) VALUES ('11654', 'Noiwip', 'Shjint', 'SoftwareEngineer', '11654');
INSERT INTO `SkillSet` (`id`) VALUES ('11655');
INSERT INTO `SkillSet_skills` (`SkillSet_id`, `skills`) VALUES ('11655', 'UITesting');
INSERT INTO `Mission` (`id`, `companyName`, `shortName`, `role`, `skillSet_id`) VALUES ('11655', 'Mygh', 'Klainnjif', 'PrincipalConsultant', '11655');
INSERT INTO `SkillSet` (`id`) VALUES ('11656');
INSERT INTO `SkillSet_skills` (`SkillSet_id`, `skills`) VALUES ('11656', 'Java');
INSERT INTO `SkillSet_skills` (`SkillSet_id`, `skills`) VALUES ('11656', 'dotNet');
INSERT INTO `Mission` (`id`, `companyName`, `shortName`, `role`, `skillSet_id`) VALUES ('11656', 'Iss', 'Jiz', 'LeadSoftwareArchitect', '11656');
INSERT INTO `SkillSet` (`id`) VALUES ('11657');
INSERT INTO `SkillSet_skills` (`SkillSet_id`, `skills`) VALUES ('11657', 'UnitTesting');
INSERT INTO `SkillSet_skills` (`SkillSet_id`, `skills`) VALUES ('11657', 'dotNet');
INSERT INTO `Mission` (`id`, `companyName`, `shortName`, `role`, `skillSet_id`) VALUES ('11657', 'Aish', 'Ihom', 'JuniorSoftwareEngineer', '11657');
INSERT INTO `SkillSet` (`id`) VALUES ('11658');
INSERT INTO `SkillSet_skills` (`SkillSet_id`, `skills`) VALUES ('11658', 'Gradle');
INSERT INTO `SkillSet_skills` (`SkillSet_id`, `skills`) VALUES ('11658', 'dotNet');
INSERT INTO `SkillSet_skills` (`SkillSet_id`, `skills`) VALUES ('11658', 'Gradle');
INSERT INTO `Mission` (`id`, `companyName`, `shortName`, `role`, `skillSet_id`) VALUES ('11658', 'Stoopyss', 'Xys', 'LeadEngineer', '11658');
INSERT INTO `SkillSet` (`id`) VALUES ('11659');
INSERT INTO `SkillSet_skills` (`SkillSet_id`, `skills`) VALUES ('11659', 'Architektur');
INSERT INTO `SkillSet_skills` (`SkillSet_id`, `skills`) VALUES ('11659', 'Java');
INSERT INTO `SkillSet_skills` (`SkillSet_id`, `skills`) VALUES ('11659', 'SQL');
INSERT INTO `Mission` (`id`, `companyName`, `shortName`, `role`, `skillSet_id`) VALUES ('11659', 'Yp', 'Ainnupf', 'JuniorSoftwareEngineer', '11659');
INSERT INTO `SkillSet` (`id`) VALUES ('11660');
INSERT INTO `SkillSet_skills` (`SkillSet_id`, `skills`) VALUES ('11660', 'UITesting');
INSERT INTO `Mission` (`id`, `companyName`, `shortName`, `role`, `skillSet_id`) VALUES ('11660', 'Floush', 'Zaib', 'PrincipalConsultant', '11660');
INSERT INTO `SkillSet` (`id`) VALUES ('11661');
INSERT INTO `SkillSet_skills` (`SkillSet_id`, `skills`) VALUES ('11661', 'Java');
INSERT INTO `Mission` (`id`, `companyName`, `shortName`, `role`, `skillSet_id`) VALUES ('11661', 'Ufenn', 'Prjw', 'LeadEngineer', '11661');
INSERT INTO `SkillSet` (`id`) VALUES ('11662');
INSERT INTO `SkillSet_skills` (`SkillSet_id`, `skills`) VALUES ('11662', 'Java');
INSERT INTO `Mission` (`id`, `companyName`, `shortName`, `role`, `skillSet_id`) VALUES ('11662', 'Jfoith', 'Kaigith', 'SoftwareEngineer', '11662');
INSERT INTO `SkillSet` (`id`) VALUES ('11663');
INSERT INTO `SkillSet_skills` (`SkillSet_id`, `skills`) VALUES ('11663', 'Gradle');
INSERT INTO `Mission` (`id`, `companyName`, `shortName`, `role`, `skillSet_id`) VALUES ('11663', 'Az', 'Oim', 'JuniorSoftwareEngineer', '11663');
INSERT INTO `SkillSet` (`id`) VALUES ('11664');
INSERT INTO `SkillSet_skills` (`SkillSet_id`, `skills`) VALUES ('11664', 'SQL');
INSERT INTO `SkillSet_skills` (`SkillSet_id`, `skills`) VALUES ('11664', 'Java');
INSERT INTO `SkillSet_skills` (`SkillSet_id`, `skills`) VALUES ('11664', 'Architektur');
INSERT INTO `SkillSet_skills` (`SkillSet_id`, `skills`) VALUES ('11664', 'Architektur');
INSERT INTO `SkillSet_skills` (`SkillSet_id`, `skills`) VALUES ('11664', 'dotNet');
INSERT INTO `Mission` (`id`, `companyName`, `shortName`, `role`, `skillSet_id`) VALUES ('11664', 'Ethul', 'Quw', 'SoftwareEngineer', '11664');
INSERT INTO `SkillSet` (`id`) VALUES ('11665');
INSERT INTO `SkillSet_skills` (`SkillSet_id`, `skills`) VALUES ('11665', 'Java');
INSERT INTO `SkillSet_skills` (`SkillSet_id`, `skills`) VALUES ('11665', 'UnitTesting');
INSERT INTO `SkillSet_skills` (`SkillSet_id`, `skills`) VALUES ('11665', 'UITesting');
INSERT INTO `SkillSet_skills` (`SkillSet_id`, `skills`) VALUES ('11665', 'Java');
INSERT INTO `Mission` (`id`, `companyName`, `shortName`, `role`, `skillSet_id`) VALUES ('11665', 'Stjsh', 'Oinnoom', 'LeadEngineer', '11665');
INSERT INTO `SkillSet` (`id`) VALUES ('11666');
INSERT INTO `SkillSet_skills` (`SkillSet_id`, `skills`) VALUES ('11666', 'UITesting');
INSERT INTO `Mission` (`id`, `companyName`, `shortName`, `role`, `skillSet_id`) VALUES ('11666', 'Unoor', 'Ethoogh', 'SeniorSoftwareEngineer', '11666');
INSERT INTO `SkillSet` (`id`) VALUES ('11667');
INSERT INTO `SkillSet_skills` (`SkillSet_id`, `skills`) VALUES ('11667', 'Gradle');
INSERT INTO `SkillSet_skills` (`SkillSet_id`, `skills`) VALUES ('11667', 'Gradle');
INSERT INTO `Mission` (`id`, `companyName`, `shortName`, `role`, `skillSet_id`) VALUES ('11667', 'Aith', 'Dyw', 'JuniorSoftwareEngineer', '11667');
INSERT INTO `SkillSet` (`id`) VALUES ('11668');
INSERT INTO `SkillSet_skills` (`SkillSet_id`, `skills`) VALUES ('11668', 'UITesting');
INSERT INTO `Mission` (`id`, `companyName`, `shortName`, `role`, `skillSet_id`) VALUES ('11668', 'Eikaup', 'Egh', 'LeadEngineer', '11668');
INSERT INTO `SkillSet` (`id`) VALUES ('11669');
INSERT INTO `SkillSet_skills` (`SkillSet_id`, `skills`) VALUES ('11669', 'Ant');
INSERT INTO `SkillSet_skills` (`SkillSet_id`, `skills`) VALUES ('11669', 'Maven');
INSERT INTO `Mission` (`id`, `companyName`, `shortName`, `role`, `skillSet_id`) VALUES ('11669', 'Aud', 'Lough', 'JuniorSoftwareEngineer', '11669');
INSERT INTO `SkillSet` (`id`) VALUES ('11670');
INSERT INTO `SkillSet_skills` (`SkillSet_id`, `skills`) VALUES ('11670', 'UnitTesting');
INSERT INTO `SkillSet_skills` (`SkillSet_id`, `skills`) VALUES ('11670', 'dotNet');
INSERT INTO `SkillSet_skills` (`SkillSet_id`, `skills`) VALUES ('11670', 'Java');
INSERT INTO `Mission` (`id`, `companyName`, `shortName`, `role`, `skillSet_id`) VALUES ('11670', 'On', 'Bein', 'PrincipalConsultant', '11670');
INSERT INTO `SkillSet` (`id`) VALUES ('11671');
INSERT INTO `SkillSet_skills` (`SkillSet_id`, `skills`) VALUES ('11671', 'Gradle');
INSERT INTO `SkillSet_skills` (`SkillSet_id`, `skills`) VALUES ('11671', 'UITesting');
INSERT INTO `Mission` (`id`, `companyName`, `shortName`, `role`, `skillSet_id`) VALUES ('11671', 'Klakaush', 'Fljfyl', 'SeniorSoftwareEngineer', '11671');
INSERT INTO `SkillSet` (`id`) VALUES ('11672');
INSERT INTO `SkillSet_skills` (`SkillSet_id`, `skills`) VALUES ('11672', 'Architektur');
INSERT INTO `SkillSet_skills` (`SkillSet_id`, `skills`) VALUES ('11672', 'dotNet');
INSERT INTO `SkillSet_skills` (`SkillSet_id`, `skills`) VALUES ('11672', 'UITesting');
INSERT INTO `SkillSet_skills` (`SkillSet_id`, `skills`) VALUES ('11672', 'Maven');
INSERT INTO `SkillSet_skills` (`SkillSet_id`, `skills`) VALUES ('11672', 'Java');
INSERT INTO `Mission` (`id`, `companyName`, `shortName`, `role`, `skillSet_id`) VALUES ('11672', 'Aist', 'Oud', 'LeadEngineer', '11672');
INSERT INTO `SkillSet` (`id`) VALUES ('11673');
INSERT INTO `SkillSet_skills` (`SkillSet_id`, `skills`) VALUES ('11673', 'Java');
INSERT INTO `SkillSet_skills` (`SkillSet_id`, `skills`) VALUES ('11673', 'UnitTesting');
INSERT INTO `SkillSet_skills` (`SkillSet_id`, `skills`) VALUES ('11673', 'UITesting');
INSERT INTO `SkillSet_skills` (`SkillSet_id`, `skills`) VALUES ('11673', 'Java');
INSERT INTO `Mission` (`id`, `companyName`, `shortName`, `role`, `skillSet_id`) VALUES ('11673', 'Oid', 'Egh', 'JuniorSoftwareEngineer', '11673');
INSERT INTO `SkillSet` (`id`) VALUES ('11674');
INSERT INTO `SkillSet_skills` (`SkillSet_id`, `skills`) VALUES ('11674', 'dotNet');
INSERT INTO `SkillSet_skills` (`SkillSet_id`, `skills`) VALUES ('11674', 'UnitTesting');
INSERT INTO `Mission` (`id`, `companyName`, `shortName`, `role`, `skillSet_id`) VALUES ('11674', 'Klutt', 'Ust', 'SeniorSoftwareEngineer', '11674');
INSERT INTO `SkillSet` (`id`) VALUES ('11675');
INSERT INTO `SkillSet_skills` (`SkillSet_id`, `skills`) VALUES ('11675', 'Ant');
INSERT INTO `Mission` (`id`, `companyName`, `shortName`, `role`, `skillSet_id`) VALUES ('11675', 'Luttaul', 'Flypfoint', 'JuniorSoftwareEngineer', '11675');
INSERT INTO `SkillSet` (`id`) VALUES ('11676');
INSERT INTO `SkillSet_skills` (`SkillSet_id`, `skills`) VALUES ('11676', 'UnitTesting');
INSERT INTO `SkillSet_skills` (`SkillSet_id`, `skills`) VALUES ('11676', 'Maven');
INSERT INTO `SkillSet_skills` (`SkillSet_id`, `skills`) VALUES ('11676', 'Java');
INSERT INTO `Mission` (`id`, `companyName`, `shortName`, `role`, `skillSet_id`) VALUES ('11676', 'Jiz', 'Jttaith', 'LeadSoftwareArchitect', '11676');
INSERT INTO `SkillSet` (`id`) VALUES ('11677');
INSERT INTO `SkillSet_skills` (`SkillSet_id`, `skills`) VALUES ('11677', 'Ant');
INSERT INTO `SkillSet_skills` (`SkillSet_id`, `skills`) VALUES ('11677', 'Maven');
INSERT INTO `SkillSet_skills` (`SkillSet_id`, `skills`) VALUES ('11677', 'Maven');
INSERT INTO `SkillSet_skills` (`SkillSet_id`, `skills`) VALUES ('11677', 'dotNet');
INSERT INTO `SkillSet_skills` (`SkillSet_id`, `skills`) VALUES ('11677', 'dotNet');
INSERT INTO `Mission` (`id`, `companyName`, `shortName`, `role`, `skillSet_id`) VALUES ('11677', 'Ithauch', 'Ub', 'LeadEngineer', '11677');
INSERT INTO `SkillSet` (`id`) VALUES ('11678');
INSERT INTO `SkillSet_skills` (`SkillSet_id`, `skills`) VALUES ('11678', 'SQL');
INSERT INTO `SkillSet_skills` (`SkillSet_id`, `skills`) VALUES ('11678', 'UnitTesting');
INSERT INTO `SkillSet_skills` (`SkillSet_id`, `skills`) VALUES ('11678', 'Ant');
INSERT INTO `Mission` (`id`, `companyName`, `shortName`, `role`, `skillSet_id`) VALUES ('11678', 'Yghjip', 'Wjpfas', 'SoftwareEngineer', '11678');
INSERT INTO `SkillSet` (`id`) VALUES ('11679');
INSERT INTO `SkillSet_skills` (`SkillSet_id`, `skills`) VALUES ('11679', 'UnitTesting');
INSERT INTO `SkillSet_skills` (`SkillSet_id`, `skills`) VALUES ('11679', 'UITesting');
INSERT INTO `SkillSet_skills` (`SkillSet_id`, `skills`) VALUES ('11679', 'UITesting');
INSERT INTO `Mission` (`id`, `companyName`, `shortName`, `role`, `skillSet_id`) VALUES ('11679', 'Chainaul', 'Ouh', 'LeadEngineer', '11679');
INSERT INTO `SkillSet` (`id`) VALUES ('11680');
INSERT INTO `SkillSet_skills` (`SkillSet_id`, `skills`) VALUES ('11680', 'dotNet');
INSERT INTO `SkillSet_skills` (`SkillSet_id`, `skills`) VALUES ('11680', 'SQL');
INSERT INTO `SkillSet_skills` (`SkillSet_id`, `skills`) VALUES ('11680', 'dotNet');
INSERT INTO `SkillSet_skills` (`SkillSet_id`, `skills`) VALUES ('11680', 'UITesting');
INSERT INTO `SkillSet_skills` (`SkillSet_id`, `skills`) VALUES ('11680', 'Maven');
INSERT INTO `Mission` (`id`, `companyName`, `shortName`, `role`, `skillSet_id`) VALUES ('11680', 'Graik', 'Chaupfook', 'JuniorSoftwareEngineer', '11680');
INSERT INTO `SkillSet` (`id`) VALUES ('11681');
INSERT INTO `SkillSet_skills` (`SkillSet_id`, `skills`) VALUES ('11681', 'Gradle');
INSERT INTO `Mission` (`id`, `companyName`, `shortName`, `role`, `skillSet_id`) VALUES ('11681', 'Ustoob', 'Jn', 'JuniorSoftwareEngineer', '11681');
INSERT INTO `SkillSet` (`id`) VALUES ('11682');
INSERT INTO `SkillSet_skills` (`SkillSet_id`, `skills`) VALUES ('11682', 'UITesting');
INSERT INTO `SkillSet_skills` (`SkillSet_id`, `skills`) VALUES ('11682', 'Maven');
INSERT INTO `Mission` (`id`, `companyName`, `shortName`, `role`, `skillSet_id`) VALUES ('11682', 'Ouzas', 'Einn', 'JuniorSoftwareEngineer', '11682');
INSERT INTO `SkillSet` (`id`) VALUES ('11683');
INSERT INTO `SkillSet_skills` (`SkillSet_id`, `skills`) VALUES ('11683', 'Ant');
INSERT INTO `SkillSet_skills` (`SkillSet_id`, `skills`) VALUES ('11683', 'Architektur');
INSERT INTO `SkillSet_skills` (`SkillSet_id`, `skills`) VALUES ('11683', 'SQL');
INSERT INTO `SkillSet_skills` (`SkillSet_id`, `skills`) VALUES ('11683', 'UITesting');
INSERT INTO `Mission` (`id`, `companyName`, `shortName`, `role`, `skillSet_id`) VALUES ('11683', 'Xud', 'Gljighuth', 'LeadSoftwareArchitect', '11683');
INSERT INTO `SkillSet` (`id`) VALUES ('11684');
INSERT INTO `SkillSet_skills` (`SkillSet_id`, `skills`) VALUES ('11684', 'SQL');
INSERT INTO `SkillSet_skills` (`SkillSet_id`, `skills`) VALUES ('11684', 'UnitTesting');
INSERT INTO `SkillSet_skills` (`SkillSet_id`, `skills`) VALUES ('11684', 'SQL');
INSERT INTO `Mission` (`id`, `companyName`, `shortName`, `role`, `skillSet_id`) VALUES ('11684', 'Auvoiz', 'Shjirouh', 'JuniorSoftwareEngineer', '11684');
INSERT INTO `SkillSet` (`id`) VALUES ('11685');
INSERT INTO `SkillSet_skills` (`SkillSet_id`, `skills`) VALUES ('11685', 'Architektur');
INSERT INTO `SkillSet_skills` (`SkillSet_id`, `skills`) VALUES ('11685', 'Ant');
INSERT INTO `SkillSet_skills` (`SkillSet_id`, `skills`) VALUES ('11685', 'Maven');
INSERT INTO `SkillSet_skills` (`SkillSet_id`, `skills`) VALUES ('11685', 'Ant');
INSERT INTO `SkillSet_skills` (`SkillSet_id`, `skills`) VALUES ('11685', 'SQL');
INSERT INTO `Mission` (`id`, `companyName`, `shortName`, `role`, `skillSet_id`) VALUES ('11685', 'Eil', 'Chouch', 'SeniorSoftwareEngineer', '11685');
INSERT INTO `SkillSet` (`id`) VALUES ('11686');
INSERT INTO `SkillSet_skills` (`SkillSet_id`, `skills`) VALUES ('11686', 'UITesting');
INSERT INTO `SkillSet_skills` (`SkillSet_id`, `skills`) VALUES ('11686', 'SQL');
INSERT INTO `SkillSet_skills` (`SkillSet_id`, `skills`) VALUES ('11686', 'Maven');
INSERT INTO `SkillSet_skills` (`SkillSet_id`, `skills`) VALUES ('11686', 'UITesting');
INSERT INTO `SkillSet_skills` (`SkillSet_id`, `skills`) VALUES ('11686', 'SQL');
INSERT INTO `Mission` (`id`, `companyName`, `shortName`, `role`, `skillSet_id`) VALUES ('11686', 'Upf', 'Ydoss', 'SeniorSoftwareEngineer', '11686');
INSERT INTO `SkillSet` (`id`) VALUES ('11687');
INSERT INTO `SkillSet_skills` (`SkillSet_id`, `skills`) VALUES ('11687', 'UnitTesting');
INSERT INTO `Mission` (`id`, `companyName`, `shortName`, `role`, `skillSet_id`) VALUES ('11687', 'Ah', 'Boshoin', 'PrincipalConsultant', '11687');
INSERT INTO `SkillSet` (`id`) VALUES ('11688');
INSERT INTO `SkillSet_skills` (`SkillSet_id`, `skills`) VALUES ('11688', 'SQL');
INSERT INTO `Mission` (`id`, `companyName`, `shortName`, `role`, `skillSet_id`) VALUES ('11688', 'Aikoin', 'Vabaug', 'JuniorSoftwareEngineer', '11688');
INSERT INTO `SkillSet` (`id`) VALUES ('11689');
INSERT INTO `SkillSet_skills` (`SkillSet_id`, `skills`) VALUES ('11689', 'Ant');
INSERT INTO `SkillSet_skills` (`SkillSet_id`, `skills`) VALUES ('11689', 'Maven');
INSERT INTO `SkillSet_skills` (`SkillSet_id`, `skills`) VALUES ('11689', 'UnitTesting');
INSERT INTO `Mission` (`id`, `companyName`, `shortName`, `role`, `skillSet_id`) VALUES ('11689', 'Vystont', 'Byr', 'SoftwareEngineer', '11689');
INSERT INTO `SkillSet` (`id`) VALUES ('11690');
INSERT INTO `SkillSet_skills` (`SkillSet_id`, `skills`) VALUES ('11690', 'Java');
INSERT INTO `SkillSet_skills` (`SkillSet_id`, `skills`) VALUES ('11690', 'Gradle');
INSERT INTO `SkillSet_skills` (`SkillSet_id`, `skills`) VALUES ('11690', 'Maven');
INSERT INTO `Mission` (`id`, `companyName`, `shortName`, `role`, `skillSet_id`) VALUES ('11690', 'Auch', 'Avjm', 'SeniorSoftwareEngineer', '11690');
INSERT INTO `SkillSet` (`id`) VALUES ('11691');
INSERT INTO `SkillSet_skills` (`SkillSet_id`, `skills`) VALUES ('11691', 'dotNet');
INSERT INTO `SkillSet_skills` (`SkillSet_id`, `skills`) VALUES ('11691', 'Ant');
INSERT INTO `Mission` (`id`, `companyName`, `shortName`, `role`, `skillSet_id`) VALUES ('11691', 'Xjirautt', 'Ushol', 'SoftwareEngineer', '11691');
INSERT INTO `SkillSet` (`id`) VALUES ('11692');
INSERT INTO `SkillSet_skills` (`SkillSet_id`, `skills`) VALUES ('11692', 'Maven');
INSERT INTO `SkillSet_skills` (`SkillSet_id`, `skills`) VALUES ('11692', 'Java');
INSERT INTO `SkillSet_skills` (`SkillSet_id`, `skills`) VALUES ('11692', 'dotNet');
INSERT INTO `SkillSet_skills` (`SkillSet_id`, `skills`) VALUES ('11692', 'SQL');
INSERT INTO `Mission` (`id`, `companyName`, `shortName`, `role`, `skillSet_id`) VALUES ('11692', 'Somynt', 'Gljip', 'SoftwareEngineer', '11692');
INSERT INTO `SkillSet` (`id`) VALUES ('11693');
INSERT INTO `SkillSet_skills` (`SkillSet_id`, `skills`) VALUES ('11693', 'dotNet');
INSERT INTO `SkillSet_skills` (`SkillSet_id`, `skills`) VALUES ('11693', 'SQL');
INSERT INTO `SkillSet_skills` (`SkillSet_id`, `skills`) VALUES ('11693', 'Gradle');
INSERT INTO `SkillSet_skills` (`SkillSet_id`, `skills`) VALUES ('11693', 'Ant');
INSERT INTO `SkillSet_skills` (`SkillSet_id`, `skills`) VALUES ('11693', 'UITesting');
INSERT INTO `Mission` (`id`, `companyName`, `shortName`, `role`, `skillSet_id`) VALUES ('11693', 'Bessupf', 'Qoosseit', 'JuniorSoftwareEngineer', '11693');
INSERT INTO `SkillSet` (`id`) VALUES ('11694');
INSERT INTO `SkillSet_skills` (`SkillSet_id`, `skills`) VALUES ('11694', 'Maven');
INSERT INTO `SkillSet_skills` (`SkillSet_id`, `skills`) VALUES ('11694', 'Architektur');
INSERT INTO `SkillSet_skills` (`SkillSet_id`, `skills`) VALUES ('11694', 'Maven');
INSERT INTO `SkillSet_skills` (`SkillSet_id`, `skills`) VALUES ('11694', 'Architektur');
INSERT INTO `SkillSet_skills` (`SkillSet_id`, `skills`) VALUES ('11694', 'Gradle');
INSERT INTO `Mission` (`id`, `companyName`, `shortName`, `role`, `skillSet_id`) VALUES ('11694', 'Id', 'Aupfash', 'JuniorSoftwareEngineer', '11694');
INSERT INTO `SkillSet` (`id`) VALUES ('11695');
INSERT INTO `SkillSet_skills` (`SkillSet_id`, `skills`) VALUES ('11695', 'Gradle');
INSERT INTO `SkillSet_skills` (`SkillSet_id`, `skills`) VALUES ('11695', 'Gradle');
INSERT INTO `SkillSet_skills` (`SkillSet_id`, `skills`) VALUES ('11695', 'Ant');
INSERT INTO `SkillSet_skills` (`SkillSet_id`, `skills`) VALUES ('11695', 'Architektur');
INSERT INTO `Mission` (`id`, `companyName`, `shortName`, `role`, `skillSet_id`) VALUES ('11695', 'Brouljgh', 'Sountych', 'LeadEngineer', '11695');
INSERT INTO `SkillSet` (`id`) VALUES ('11696');
INSERT INTO `SkillSet_skills` (`SkillSet_id`, `skills`) VALUES ('11696', 'Gradle');
INSERT INTO `SkillSet_skills` (`SkillSet_id`, `skills`) VALUES ('11696', 'Maven');
INSERT INTO `SkillSet_skills` (`SkillSet_id`, `skills`) VALUES ('11696', 'UITesting');
INSERT INTO `SkillSet_skills` (`SkillSet_id`, `skills`) VALUES ('11696', 'UnitTesting');
INSERT INTO `Mission` (`id`, `companyName`, `shortName`, `role`, `skillSet_id`) VALUES ('11696', 'Av', 'Gjigh', 'SeniorSoftwareEngineer', '11696');
INSERT INTO `SkillSet` (`id`) VALUES ('11697');
INSERT INTO `SkillSet_skills` (`SkillSet_id`, `skills`) VALUES ('11697', 'Maven');
INSERT INTO `SkillSet_skills` (`SkillSet_id`, `skills`) VALUES ('11697', 'SQL');
INSERT INTO `SkillSet_skills` (`SkillSet_id`, `skills`) VALUES ('11697', 'Architektur');
INSERT INTO `SkillSet_skills` (`SkillSet_id`, `skills`) VALUES ('11697', 'Ant');
INSERT INTO `Mission` (`id`, `companyName`, `shortName`, `role`, `skillSet_id`) VALUES ('11697', 'Auch', 'Nypf', 'JuniorSoftwareEngineer', '11697');
INSERT INTO `SkillSet` (`id`) VALUES ('11698');
INSERT INTO `SkillSet_skills` (`SkillSet_id`, `skills`) VALUES ('11698', 'Architektur');
INSERT INTO `Mission` (`id`, `companyName`, `shortName`, `role`, `skillSet_id`) VALUES ('11698', 'Oochiv', 'Yshosh', 'SeniorSoftwareEngineer', '11698');
INSERT INTO `SkillSet` (`id`) VALUES ('11699');
INSERT INTO `SkillSet_skills` (`SkillSet_id`, `skills`) VALUES ('11699', 'SQL');
INSERT INTO `SkillSet_skills` (`SkillSet_id`, `skills`) VALUES ('11699', 'SQL');
INSERT INTO `SkillSet_skills` (`SkillSet_id`, `skills`) VALUES ('11699', 'Maven');
INSERT INTO `SkillSet_skills` (`SkillSet_id`, `skills`) VALUES ('11699', 'dotNet');
INSERT INTO `Mission` (`id`, `companyName`, `shortName`, `role`, `skillSet_id`) VALUES ('11699', 'Aifjib', 'Ivoip', 'PrincipalConsultant', '11699');
INSERT INTO `SkillSet` (`id`) VALUES ('11700');
INSERT INTO `SkillSet_skills` (`SkillSet_id`, `skills`) VALUES ('11700', 'SQL');
INSERT INTO `SkillSet_skills` (`SkillSet_id`, `skills`) VALUES ('11700', 'Maven');
INSERT INTO `Mission` (`id`, `companyName`, `shortName`, `role`, `skillSet_id`) VALUES ('11700', 'Assout', 'Gjish', 'PrincipalConsultant', '11700');
INSERT INTO `SkillSet` (`id`) VALUES ('11701');
INSERT INTO `SkillSet_skills` (`SkillSet_id`, `skills`) VALUES ('11701', 'SQL');
INSERT INTO `SkillSet_skills` (`SkillSet_id`, `skills`) VALUES ('11701', 'Java');
INSERT INTO `Mission` (`id`, `companyName`, `shortName`, `role`, `skillSet_id`) VALUES ('11701', 'Fythjs', 'Rifouch', 'SeniorSoftwareEngineer', '11701');
INSERT INTO `SkillSet` (`id`) VALUES ('11702');
INSERT INTO `SkillSet_skills` (`SkillSet_id`, `skills`) VALUES ('11702', 'UITesting');
INSERT INTO `Mission` (`id`, `companyName`, `shortName`, `role`, `skillSet_id`) VALUES ('11702', 'Apfeich', 'Fain', 'SeniorSoftwareEngineer', '11702');
INSERT INTO `SkillSet` (`id`) VALUES ('11703');
INSERT INTO `SkillSet_skills` (`SkillSet_id`, `skills`) VALUES ('11703', 'UnitTesting');
INSERT INTO `Mission` (`id`, `companyName`, `shortName`, `role`, `skillSet_id`) VALUES ('11703', 'Xeishoh', 'Nant', 'LeadEngineer', '11703');
INSERT INTO `SkillSet` (`id`) VALUES ('11704');
INSERT INTO `SkillSet_skills` (`SkillSet_id`, `skills`) VALUES ('11704', 'Gradle');
INSERT INTO `SkillSet_skills` (`SkillSet_id`, `skills`) VALUES ('11704', 'SQL');
INSERT INTO `SkillSet_skills` (`SkillSet_id`, `skills`) VALUES ('11704', 'Java');
INSERT INTO `Mission` (`id`, `companyName`, `shortName`, `role`, `skillSet_id`) VALUES ('11704', 'Pouzouz', 'Pak', 'PrincipalConsultant', '11704');
INSERT INTO `SkillSet` (`id`) VALUES ('11705');
INSERT INTO `SkillSet_skills` (`SkillSet_id`, `skills`) VALUES ('11705', 'Architektur');
INSERT INTO `SkillSet_skills` (`SkillSet_id`, `skills`) VALUES ('11705', 'SQL');
INSERT INTO `Mission` (`id`, `companyName`, `shortName`, `role`, `skillSet_id`) VALUES ('11705', 'Opfjiz', 'Iteist', 'SoftwareEngineer', '11705');
INSERT INTO `SkillSet` (`id`) VALUES ('11706');
INSERT INTO `SkillSet_skills` (`SkillSet_id`, `skills`) VALUES ('11706', 'UITesting');
INSERT INTO `SkillSet_skills` (`SkillSet_id`, `skills`) VALUES ('11706', 'dotNet');
INSERT INTO `SkillSet_skills` (`SkillSet_id`, `skills`) VALUES ('11706', 'Maven');
INSERT INTO `Mission` (`id`, `companyName`, `shortName`, `role`, `skillSet_id`) VALUES ('11706', 'Shaustooz', 'Jish', 'LeadSoftwareArchitect', '11706');
INSERT INTO `SkillSet` (`id`) VALUES ('11707');
INSERT INTO `SkillSet_skills` (`SkillSet_id`, `skills`) VALUES ('11707', 'Gradle');
INSERT INTO `SkillSet_skills` (`SkillSet_id`, `skills`) VALUES ('11707', 'Java');
INSERT INTO `SkillSet_skills` (`SkillSet_id`, `skills`) VALUES ('11707', 'Gradle');
INSERT INTO `Mission` (`id`, `companyName`, `shortName`, `role`, `skillSet_id`) VALUES ('11707', 'Oik', 'Yth', 'LeadEngineer', '11707');
INSERT INTO `SkillSet` (`id`) VALUES ('11708');
INSERT INTO `SkillSet_skills` (`SkillSet_id`, `skills`) VALUES ('11708', 'UITesting');
INSERT INTO `Mission` (`id`, `companyName`, `shortName`, `role`, `skillSet_id`) VALUES ('11708', 'Ash', 'Ooroiw', 'JuniorSoftwareEngineer', '11708');
INSERT INTO `SkillSet` (`id`) VALUES ('11709');
INSERT INTO `SkillSet_skills` (`SkillSet_id`, `skills`) VALUES ('11709', 'Gradle');
INSERT INTO `SkillSet_skills` (`SkillSet_id`, `skills`) VALUES ('11709', 'Java');
INSERT INTO `SkillSet_skills` (`SkillSet_id`, `skills`) VALUES ('11709', 'Architektur');
INSERT INTO `Mission` (`id`, `companyName`, `shortName`, `role`, `skillSet_id`) VALUES ('11709', 'Jsteth', 'Ulair', 'JuniorSoftwareEngineer', '11709');
INSERT INTO `SkillSet` (`id`) VALUES ('11710');
INSERT INTO `SkillSet_skills` (`SkillSet_id`, `skills`) VALUES ('11710', 'Java');
INSERT INTO `SkillSet_skills` (`SkillSet_id`, `skills`) VALUES ('11710', 'Gradle');
INSERT INTO `SkillSet_skills` (`SkillSet_id`, `skills`) VALUES ('11710', 'Gradle');
INSERT INTO `SkillSet_skills` (`SkillSet_id`, `skills`) VALUES ('11710', 'Ant');
INSERT INTO `SkillSet_skills` (`SkillSet_id`, `skills`) VALUES ('11710', 'SQL');
INSERT INTO `Mission` (`id`, `companyName`, `shortName`, `role`, `skillSet_id`) VALUES ('11710', 'Legh', 'Oih', 'JuniorSoftwareEngineer', '11710');
INSERT INTO `SkillSet` (`id`) VALUES ('11711');
INSERT INTO `SkillSet_skills` (`SkillSet_id`, `skills`) VALUES ('11711', 'Gradle');
INSERT INTO `SkillSet_skills` (`SkillSet_id`, `skills`) VALUES ('11711', 'Ant');
INSERT INTO `SkillSet_skills` (`SkillSet_id`, `skills`) VALUES ('11711', 'Architektur');
INSERT INTO `SkillSet_skills` (`SkillSet_id`, `skills`) VALUES ('11711', 'Architektur');
INSERT INTO `Mission` (`id`, `companyName`, `shortName`, `role`, `skillSet_id`) VALUES ('11711', 'Cjb', 'Oiw', 'LeadEngineer', '11711');
INSERT INTO `SkillSet` (`id`) VALUES ('11712');
INSERT INTO `SkillSet_skills` (`SkillSet_id`, `skills`) VALUES ('11712', 'Gradle');
INSERT INTO `Mission` (`id`, `companyName`, `shortName`, `role`, `skillSet_id`) VALUES ('11712', 'Cepf', 'Deith', 'LeadSoftwareArchitect', '11712');
INSERT INTO `SkillSet` (`id`) VALUES ('11713');
INSERT INTO `SkillSet_skills` (`SkillSet_id`, `skills`) VALUES ('11713', 'UnitTesting');
INSERT INTO `SkillSet_skills` (`SkillSet_id`, `skills`) VALUES ('11713', 'Gradle');
INSERT INTO `Mission` (`id`, `companyName`, `shortName`, `role`, `skillSet_id`) VALUES ('11713', 'Oozeish', 'Vjil', 'PrincipalConsultant', '11713');
INSERT INTO `SkillSet` (`id`) VALUES ('11714');
INSERT INTO `SkillSet_skills` (`SkillSet_id`, `skills`) VALUES ('11714', 'SQL');
INSERT INTO `SkillSet_skills` (`SkillSet_id`, `skills`) VALUES ('11714', 'Architektur');
INSERT INTO `SkillSet_skills` (`SkillSet_id`, `skills`) VALUES ('11714', 'Ant');
INSERT INTO `SkillSet_skills` (`SkillSet_id`, `skills`) VALUES ('11714', 'dotNet');
INSERT INTO `SkillSet_skills` (`SkillSet_id`, `skills`) VALUES ('11714', 'Ant');
INSERT INTO `Mission` (`id`, `companyName`, `shortName`, `role`, `skillSet_id`) VALUES ('11714', 'Up', 'Goub', 'SoftwareEngineer', '11714');
INSERT INTO `SkillSet` (`id`) VALUES ('11715');
INSERT INTO `SkillSet_skills` (`SkillSet_id`, `skills`) VALUES ('11715', 'Gradle');
INSERT INTO `Mission` (`id`, `companyName`, `shortName`, `role`, `skillSet_id`) VALUES ('11715', 'Oishaz', 'Deit', 'SeniorSoftwareEngineer', '11715');
INSERT INTO `SkillSet` (`id`) VALUES ('11716');
INSERT INTO `SkillSet_skills` (`SkillSet_id`, `skills`) VALUES ('11716', 'SQL');
INSERT INTO `SkillSet_skills` (`SkillSet_id`, `skills`) VALUES ('11716', 'SQL');
INSERT INTO `SkillSet_skills` (`SkillSet_id`, `skills`) VALUES ('11716', 'Maven');
INSERT INTO `SkillSet_skills` (`SkillSet_id`, `skills`) VALUES ('11716', 'Java');
INSERT INTO `SkillSet_skills` (`SkillSet_id`, `skills`) VALUES ('11716', 'UITesting');
INSERT INTO `Mission` (`id`, `companyName`, `shortName`, `role`, `skillSet_id`) VALUES ('11716', 'Airaiw', 'Inteib', 'SeniorSoftwareEngineer', '11716');
INSERT INTO `SkillSet` (`id`) VALUES ('11717');
INSERT INTO `SkillSet_skills` (`SkillSet_id`, `skills`) VALUES ('11717', 'SQL');
INSERT INTO `SkillSet_skills` (`SkillSet_id`, `skills`) VALUES ('11717', 'SQL');
INSERT INTO `SkillSet_skills` (`SkillSet_id`, `skills`) VALUES ('11717', 'Gradle');
INSERT INTO `Mission` (`id`, `companyName`, `shortName`, `role`, `skillSet_id`) VALUES ('11717', 'Jf', 'Oint', 'LeadEngineer', '11717');
INSERT INTO `SkillSet` (`id`) VALUES ('11718');
INSERT INTO `SkillSet_skills` (`SkillSet_id`, `skills`) VALUES ('11718', 'Maven');
INSERT INTO `Mission` (`id`, `companyName`, `shortName`, `role`, `skillSet_id`) VALUES ('11718', 'Amous', 'Oitaiw', 'PrincipalConsultant', '11718');
INSERT INTO `SkillSet` (`id`) VALUES ('11719');
INSERT INTO `SkillSet_skills` (`SkillSet_id`, `skills`) VALUES ('11719', 'UnitTesting');
INSERT INTO `SkillSet_skills` (`SkillSet_id`, `skills`) VALUES ('11719', 'SQL');
INSERT INTO `SkillSet_skills` (`SkillSet_id`, `skills`) VALUES ('11719', 'SQL');
INSERT INTO `SkillSet_skills` (`SkillSet_id`, `skills`) VALUES ('11719', 'Architektur');
INSERT INTO `SkillSet_skills` (`SkillSet_id`, `skills`) VALUES ('11719', 'SQL');
INSERT INTO `Mission` (`id`, `companyName`, `shortName`, `role`, `skillSet_id`) VALUES ('11719', 'Bifeir', 'Esett', 'LeadEngineer', '11719');
INSERT INTO `SkillSet` (`id`) VALUES ('11720');
INSERT INTO `SkillSet_skills` (`SkillSet_id`, `skills`) VALUES ('11720', 'dotNet');
INSERT INTO `SkillSet_skills` (`SkillSet_id`, `skills`) VALUES ('11720', 'SQL');
INSERT INTO `SkillSet_skills` (`SkillSet_id`, `skills`) VALUES ('11720', 'Maven');
INSERT INTO `SkillSet_skills` (`SkillSet_id`, `skills`) VALUES ('11720', 'Gradle');
INSERT INTO `SkillSet_skills` (`SkillSet_id`, `skills`) VALUES ('11720', 'Maven');
INSERT INTO `Mission` (`id`, `companyName`, `shortName`, `role`, `skillSet_id`) VALUES ('11720', 'Nag', 'Weh', 'LeadSoftwareArchitect', '11720');
INSERT INTO `SkillSet` (`id`) VALUES ('11721');
INSERT INTO `SkillSet_skills` (`SkillSet_id`, `skills`) VALUES ('11721', 'Gradle');
INSERT INTO `SkillSet_skills` (`SkillSet_id`, `skills`) VALUES ('11721', 'Java');
INSERT INTO `SkillSet_skills` (`SkillSet_id`, `skills`) VALUES ('11721', 'Architektur');
INSERT INTO `SkillSet_skills` (`SkillSet_id`, `skills`) VALUES ('11721', 'Gradle');
INSERT INTO `Mission` (`id`, `companyName`, `shortName`, `role`, `skillSet_id`) VALUES ('11721', 'Ikaib', 'Yf', 'SoftwareEngineer', '11721');
INSERT INTO `SkillSet` (`id`) VALUES ('11722');
INSERT INTO `SkillSet_skills` (`SkillSet_id`, `skills`) VALUES ('11722', 'dotNet');
INSERT INTO `SkillSet_skills` (`SkillSet_id`, `skills`) VALUES ('11722', 'Maven');
INSERT INTO `SkillSet_skills` (`SkillSet_id`, `skills`) VALUES ('11722', 'UnitTesting');
INSERT INTO `Mission` (`id`, `companyName`, `shortName`, `role`, `skillSet_id`) VALUES ('11722', 'Aishjh', 'Aivaist', 'JuniorSoftwareEngineer', '11722');
INSERT INTO `SkillSet` (`id`) VALUES ('11723');
INSERT INTO `SkillSet_skills` (`SkillSet_id`, `skills`) VALUES ('11723', 'Ant');
INSERT INTO `SkillSet_skills` (`SkillSet_id`, `skills`) VALUES ('11723', 'UITesting');
INSERT INTO `SkillSet_skills` (`SkillSet_id`, `skills`) VALUES ('11723', 'Java');
INSERT INTO `SkillSet_skills` (`SkillSet_id`, `skills`) VALUES ('11723', 'dotNet');
INSERT INTO `Mission` (`id`, `companyName`, `shortName`, `role`, `skillSet_id`) VALUES ('11723', 'Kljchaigh', 'Apah', 'LeadSoftwareArchitect', '11723');
INSERT INTO `SkillSet` (`id`) VALUES ('11724');
INSERT INTO `SkillSet_skills` (`SkillSet_id`, `skills`) VALUES ('11724', 'Maven');
INSERT INTO `SkillSet_skills` (`SkillSet_id`, `skills`) VALUES ('11724', 'Ant');
INSERT INTO `SkillSet_skills` (`SkillSet_id`, `skills`) VALUES ('11724', 'Maven');
INSERT INTO `SkillSet_skills` (`SkillSet_id`, `skills`) VALUES ('11724', 'Architektur');
INSERT INTO `Mission` (`id`, `companyName`, `shortName`, `role`, `skillSet_id`) VALUES ('11724', 'Eip', 'Oog', 'PrincipalConsultant', '11724');
INSERT INTO `SkillSet` (`id`) VALUES ('11725');
INSERT INTO `SkillSet_skills` (`SkillSet_id`, `skills`) VALUES ('11725', 'Gradle');
INSERT INTO `SkillSet_skills` (`SkillSet_id`, `skills`) VALUES ('11725', 'dotNet');
INSERT INTO `SkillSet_skills` (`SkillSet_id`, `skills`) VALUES ('11725', 'dotNet');
INSERT INTO `SkillSet_skills` (`SkillSet_id`, `skills`) VALUES ('11725', 'UITesting');
INSERT INTO `Mission` (`id`, `companyName`, `shortName`, `role`, `skillSet_id`) VALUES ('11725', 'Glip', 'Oint', 'LeadSoftwareArchitect', '11725');
INSERT INTO `SkillSet` (`id`) VALUES ('11726');
INSERT INTO `SkillSet_skills` (`SkillSet_id`, `skills`) VALUES ('11726', 'dotNet');
INSERT INTO `SkillSet_skills` (`SkillSet_id`, `skills`) VALUES ('11726', 'dotNet');
INSERT INTO `SkillSet_skills` (`SkillSet_id`, `skills`) VALUES ('11726', 'SQL');
INSERT INTO `SkillSet_skills` (`SkillSet_id`, `skills`) VALUES ('11726', 'UnitTesting');
INSERT INTO `Mission` (`id`, `companyName`, `shortName`, `role`, `skillSet_id`) VALUES ('11726', 'Naih', 'Oissuss', 'LeadEngineer', '11726');
INSERT INTO `SkillSet` (`id`) VALUES ('11727');
INSERT INTO `SkillSet_skills` (`SkillSet_id`, `skills`) VALUES ('11727', 'Java');
INSERT INTO `SkillSet_skills` (`SkillSet_id`, `skills`) VALUES ('11727', 'Ant');
INSERT INTO `Mission` (`id`, `companyName`, `shortName`, `role`, `skillSet_id`) VALUES ('11727', 'Aichost', 'Shuch', 'JuniorSoftwareEngineer', '11727');
INSERT INTO `SkillSet` (`id`) VALUES ('11728');
INSERT INTO `SkillSet_skills` (`SkillSet_id`, `skills`) VALUES ('11728', 'Architektur');
INSERT INTO `SkillSet_skills` (`SkillSet_id`, `skills`) VALUES ('11728', 'Gradle');
INSERT INTO `SkillSet_skills` (`SkillSet_id`, `skills`) VALUES ('11728', 'Maven');
INSERT INTO `SkillSet_skills` (`SkillSet_id`, `skills`) VALUES ('11728', 'Maven');
INSERT INTO `Mission` (`id`, `companyName`, `shortName`, `role`, `skillSet_id`) VALUES ('11728', 'Wettann', 'Gostopf', 'SoftwareEngineer', '11728');
INSERT INTO `SkillSet` (`id`) VALUES ('11729');
INSERT INTO `SkillSet_skills` (`SkillSet_id`, `skills`) VALUES ('11729', 'Architektur');
INSERT INTO `SkillSet_skills` (`SkillSet_id`, `skills`) VALUES ('11729', 'dotNet');
INSERT INTO `SkillSet_skills` (`SkillSet_id`, `skills`) VALUES ('11729', 'UnitTesting');
INSERT INTO `Mission` (`id`, `companyName`, `shortName`, `role`, `skillSet_id`) VALUES ('11729', 'Eivegh', 'Soodjiz', 'SoftwareEngineer', '11729');
INSERT INTO `SkillSet` (`id`) VALUES ('11730');
INSERT INTO `SkillSet_skills` (`SkillSet_id`, `skills`) VALUES ('11730', 'dotNet');
INSERT INTO `SkillSet_skills` (`SkillSet_id`, `skills`) VALUES ('11730', 'UITesting');
INSERT INTO `SkillSet_skills` (`SkillSet_id`, `skills`) VALUES ('11730', 'Ant');
INSERT INTO `Mission` (`id`, `companyName`, `shortName`, `role`, `skillSet_id`) VALUES ('11730', 'Eil', 'Toowaich', 'SeniorSoftwareEngineer', '11730');
INSERT INTO `SkillSet` (`id`) VALUES ('11731');
INSERT INTO `SkillSet_skills` (`SkillSet_id`, `skills`) VALUES ('11731', 'Gradle');
INSERT INTO `SkillSet_skills` (`SkillSet_id`, `skills`) VALUES ('11731', 'Maven');
INSERT INTO `SkillSet_skills` (`SkillSet_id`, `skills`) VALUES ('11731', 'Ant');
INSERT INTO `SkillSet_skills` (`SkillSet_id`, `skills`) VALUES ('11731', 'Ant');
INSERT INTO `SkillSet_skills` (`SkillSet_id`, `skills`) VALUES ('11731', 'SQL');
INSERT INTO `Mission` (`id`, `companyName`, `shortName`, `role`, `skillSet_id`) VALUES ('11731', 'Oug', 'Ooghous', 'SeniorSoftwareEngineer', '11731');
INSERT INTO `SkillSet` (`id`) VALUES ('11732');
INSERT INTO `SkillSet_skills` (`SkillSet_id`, `skills`) VALUES ('11732', 'UnitTesting');
INSERT INTO `Mission` (`id`, `companyName`, `shortName`, `role`, `skillSet_id`) VALUES ('11732', 'Aiv', 'Ootooz', 'LeadEngineer', '11732');
INSERT INTO `SkillSet` (`id`) VALUES ('11733');
INSERT INTO `SkillSet_skills` (`SkillSet_id`, `skills`) VALUES ('11733', 'Java');
INSERT INTO `SkillSet_skills` (`SkillSet_id`, `skills`) VALUES ('11733', 'Java');
INSERT INTO `SkillSet_skills` (`SkillSet_id`, `skills`) VALUES ('11733', 'Maven');
INSERT INTO `Mission` (`id`, `companyName`, `shortName`, `role`, `skillSet_id`) VALUES ('11733', 'Zoit', 'Aud', 'JuniorSoftwareEngineer', '11733');
INSERT INTO `SkillSet` (`id`) VALUES ('11734');
INSERT INTO `SkillSet_skills` (`SkillSet_id`, `skills`) VALUES ('11734', 'Gradle');
INSERT INTO `SkillSet_skills` (`SkillSet_id`, `skills`) VALUES ('11734', 'Gradle');
INSERT INTO `SkillSet_skills` (`SkillSet_id`, `skills`) VALUES ('11734', 'dotNet');
INSERT INTO `SkillSet_skills` (`SkillSet_id`, `skills`) VALUES ('11734', 'UITesting');
INSERT INTO `SkillSet_skills` (`SkillSet_id`, `skills`) VALUES ('11734', 'Maven');
INSERT INTO `Mission` (`id`, `companyName`, `shortName`, `role`, `skillSet_id`) VALUES ('11734', 'Puch', 'Bronaiz', 'LeadEngineer', '11734');
INSERT INTO `SkillSet` (`id`) VALUES ('11735');
INSERT INTO `SkillSet_skills` (`SkillSet_id`, `skills`) VALUES ('11735', 'Gradle');
INSERT INTO `SkillSet_skills` (`SkillSet_id`, `skills`) VALUES ('11735', 'UnitTesting');
INSERT INTO `Mission` (`id`, `companyName`, `shortName`, `role`, `skillSet_id`) VALUES ('11735', 'Eiress', 'Pygoh', 'PrincipalConsultant', '11735');
INSERT INTO `SkillSet` (`id`) VALUES ('11736');
INSERT INTO `SkillSet_skills` (`SkillSet_id`, `skills`) VALUES ('11736', 'UnitTesting');
INSERT INTO `SkillSet_skills` (`SkillSet_id`, `skills`) VALUES ('11736', 'Gradle');
INSERT INTO `SkillSet_skills` (`SkillSet_id`, `skills`) VALUES ('11736', 'UITesting');
INSERT INTO `Mission` (`id`, `companyName`, `shortName`, `role`, `skillSet_id`) VALUES ('11736', 'Eissypf', 'Gotteist', 'LeadEngineer', '11736');
INSERT INTO `SkillSet` (`id`) VALUES ('11737');
INSERT INTO `SkillSet_skills` (`SkillSet_id`, `skills`) VALUES ('11737', 'SQL');
INSERT INTO `SkillSet_skills` (`SkillSet_id`, `skills`) VALUES ('11737', 'SQL');
INSERT INTO `SkillSet_skills` (`SkillSet_id`, `skills`) VALUES ('11737', 'UnitTesting');
INSERT INTO `SkillSet_skills` (`SkillSet_id`, `skills`) VALUES ('11737', 'Architektur');
INSERT INTO `SkillSet_skills` (`SkillSet_id`, `skills`) VALUES ('11737', 'UnitTesting');
INSERT INTO `Mission` (`id`, `companyName`, `shortName`, `role`, `skillSet_id`) VALUES ('11737', 'Aiw', 'Zeitt', 'SoftwareEngineer', '11737');
INSERT INTO `SkillSet` (`id`) VALUES ('11738');
INSERT INTO `SkillSet_skills` (`SkillSet_id`, `skills`) VALUES ('11738', 'UnitTesting');
INSERT INTO `SkillSet_skills` (`SkillSet_id`, `skills`) VALUES ('11738', 'dotNet');
INSERT INTO `SkillSet_skills` (`SkillSet_id`, `skills`) VALUES ('11738', 'Maven');
INSERT INTO `SkillSet_skills` (`SkillSet_id`, `skills`) VALUES ('11738', 'Maven');
INSERT INTO `Mission` (`id`, `companyName`, `shortName`, `role`, `skillSet_id`) VALUES ('11738', 'Floor', 'Aih', 'JuniorSoftwareEngineer', '11738');
INSERT INTO `SkillSet` (`id`) VALUES ('11739');
INSERT INTO `SkillSet_skills` (`SkillSet_id`, `skills`) VALUES ('11739', 'Java');
INSERT INTO `SkillSet_skills` (`SkillSet_id`, `skills`) VALUES ('11739', 'Java');
INSERT INTO `SkillSet_skills` (`SkillSet_id`, `skills`) VALUES ('11739', 'dotNet');
INSERT INTO `Mission` (`id`, `companyName`, `shortName`, `role`, `skillSet_id`) VALUES ('11739', 'Cauzaul', 'Breim', 'SeniorSoftwareEngineer', '11739');
INSERT INTO `SkillSet` (`id`) VALUES ('11740');
INSERT INTO `SkillSet_skills` (`SkillSet_id`, `skills`) VALUES ('11740', 'SQL');
INSERT INTO `SkillSet_skills` (`SkillSet_id`, `skills`) VALUES ('11740', 'UnitTesting');
INSERT INTO `SkillSet_skills` (`SkillSet_id`, `skills`) VALUES ('11740', 'Maven');
INSERT INTO `SkillSet_skills` (`SkillSet_id`, `skills`) VALUES ('11740', 'Gradle');
INSERT INTO `Mission` (`id`, `companyName`, `shortName`, `role`, `skillSet_id`) VALUES ('11740', 'Mop', 'Ointoub', 'JuniorSoftwareEngineer', '11740');
INSERT INTO `SkillSet` (`id`) VALUES ('11741');
INSERT INTO `SkillSet_skills` (`SkillSet_id`, `skills`) VALUES ('11741', 'SQL');
INSERT INTO `SkillSet_skills` (`SkillSet_id`, `skills`) VALUES ('11741', 'UnitTesting');
INSERT INTO `SkillSet_skills` (`SkillSet_id`, `skills`) VALUES ('11741', 'UnitTesting');
INSERT INTO `SkillSet_skills` (`SkillSet_id`, `skills`) VALUES ('11741', 'dotNet');
INSERT INTO `SkillSet_skills` (`SkillSet_id`, `skills`) VALUES ('11741', 'Ant');
INSERT INTO `Mission` (`id`, `companyName`, `shortName`, `role`, `skillSet_id`) VALUES ('11741', 'Klawjw', 'Oustout', 'LeadSoftwareArchitect', '11741');
INSERT INTO `SkillSet` (`id`) VALUES ('11742');
INSERT INTO `SkillSet_skills` (`SkillSet_id`, `skills`) VALUES ('11742', 'Java');
INSERT INTO `SkillSet_skills` (`SkillSet_id`, `skills`) VALUES ('11742', 'UITesting');
INSERT INTO `SkillSet_skills` (`SkillSet_id`, `skills`) VALUES ('11742', 'Gradle');
INSERT INTO `SkillSet_skills` (`SkillSet_id`, `skills`) VALUES ('11742', 'dotNet');
INSERT INTO `SkillSet_skills` (`SkillSet_id`, `skills`) VALUES ('11742', 'Java');
INSERT INTO `Mission` (`id`, `companyName`, `shortName`, `role`, `skillSet_id`) VALUES ('11742', 'Oz', 'Broostapf', 'PrincipalConsultant', '11742');
INSERT INTO `SkillSet` (`id`) VALUES ('11743');
INSERT INTO `SkillSet_skills` (`SkillSet_id`, `skills`) VALUES ('11743', 'Gradle');
INSERT INTO `SkillSet_skills` (`SkillSet_id`, `skills`) VALUES ('11743', 'Java');
INSERT INTO `Mission` (`id`, `companyName`, `shortName`, `role`, `skillSet_id`) VALUES ('11743', 'Fljinnol', 'Klaguch', 'JuniorSoftwareEngineer', '11743');
INSERT INTO `SkillSet` (`id`) VALUES ('11744');
INSERT INTO `SkillSet_skills` (`SkillSet_id`, `skills`) VALUES ('11744', 'Gradle');
INSERT INTO `SkillSet_skills` (`SkillSet_id`, `skills`) VALUES ('11744', 'UnitTesting');
INSERT INTO `SkillSet_skills` (`SkillSet_id`, `skills`) VALUES ('11744', 'SQL');
INSERT INTO `Mission` (`id`, `companyName`, `shortName`, `role`, `skillSet_id`) VALUES ('11744', 'Fusof', 'Mysait', 'LeadEngineer', '11744');
INSERT INTO `SkillSet` (`id`) VALUES ('11745');
INSERT INTO `SkillSet_skills` (`SkillSet_id`, `skills`) VALUES ('11745', 'SQL');
INSERT INTO `SkillSet_skills` (`SkillSet_id`, `skills`) VALUES ('11745', 'SQL');
INSERT INTO `SkillSet_skills` (`SkillSet_id`, `skills`) VALUES ('11745', 'Maven');
INSERT INTO `Mission` (`id`, `companyName`, `shortName`, `role`, `skillSet_id`) VALUES ('11745', 'Aig', 'Umoust', 'SoftwareEngineer', '11745');
INSERT INTO `SkillSet` (`id`) VALUES ('11746');
INSERT INTO `SkillSet_skills` (`SkillSet_id`, `skills`) VALUES ('11746', 'UITesting');
INSERT INTO `SkillSet_skills` (`SkillSet_id`, `skills`) VALUES ('11746', 'Java');
INSERT INTO `SkillSet_skills` (`SkillSet_id`, `skills`) VALUES ('11746', 'UITesting');
INSERT INTO `SkillSet_skills` (`SkillSet_id`, `skills`) VALUES ('11746', 'SQL');
INSERT INTO `Mission` (`id`, `companyName`, `shortName`, `role`, `skillSet_id`) VALUES ('11746', 'Oitt', 'Kaik', 'PrincipalConsultant', '11746');
INSERT INTO `SkillSet` (`id`) VALUES ('11747');
INSERT INTO `SkillSet_skills` (`SkillSet_id`, `skills`) VALUES ('11747', 'Maven');
INSERT INTO `SkillSet_skills` (`SkillSet_id`, `skills`) VALUES ('11747', 'SQL');
INSERT INTO `Mission` (`id`, `companyName`, `shortName`, `role`, `skillSet_id`) VALUES ('11747', 'Koon', 'Agh', 'LeadEngineer', '11747');
INSERT INTO `SkillSet` (`id`) VALUES ('11748');
INSERT INTO `SkillSet_skills` (`SkillSet_id`, `skills`) VALUES ('11748', 'SQL');
INSERT INTO `SkillSet_skills` (`SkillSet_id`, `skills`) VALUES ('11748', 'Architektur');
INSERT INTO `SkillSet_skills` (`SkillSet_id`, `skills`) VALUES ('11748', 'Gradle');
INSERT INTO `SkillSet_skills` (`SkillSet_id`, `skills`) VALUES ('11748', 'Maven');
INSERT INTO `SkillSet_skills` (`SkillSet_id`, `skills`) VALUES ('11748', 'Java');
INSERT INTO `Mission` (`id`, `companyName`, `shortName`, `role`, `skillSet_id`) VALUES ('11748', 'Fooh', 'Jnnyss', 'PrincipalConsultant', '11748');
INSERT INTO `SkillSet` (`id`) VALUES ('11749');
INSERT INTO `SkillSet_skills` (`SkillSet_id`, `skills`) VALUES ('11749', 'Java');
INSERT INTO `SkillSet_skills` (`SkillSet_id`, `skills`) VALUES ('11749', 'SQL');
INSERT INTO `SkillSet_skills` (`SkillSet_id`, `skills`) VALUES ('11749', 'Ant');
INSERT INTO `Mission` (`id`, `companyName`, `shortName`, `role`, `skillSet_id`) VALUES ('11749', 'Qooth', 'Aivitt', 'JuniorSoftwareEngineer', '11749');
INSERT INTO `SkillSet` (`id`) VALUES ('11750');
INSERT INTO `SkillSet_skills` (`SkillSet_id`, `skills`) VALUES ('11750', 'UnitTesting');
INSERT INTO `SkillSet_skills` (`SkillSet_id`, `skills`) VALUES ('11750', 'UITesting');
INSERT INTO `SkillSet_skills` (`SkillSet_id`, `skills`) VALUES ('11750', 'Maven');
INSERT INTO `SkillSet_skills` (`SkillSet_id`, `skills`) VALUES ('11750', 'Java');
INSERT INTO `SkillSet_skills` (`SkillSet_id`, `skills`) VALUES ('11750', 'UITesting');
INSERT INTO `Mission` (`id`, `companyName`, `shortName`, `role`, `skillSet_id`) VALUES ('11750', 'Laifait', 'Blointaus', 'SoftwareEngineer', '11750');
INSERT INTO `SkillSet` (`id`) VALUES ('11751');
INSERT INTO `SkillSet_skills` (`SkillSet_id`, `skills`) VALUES ('11751', 'Maven');
INSERT INTO `SkillSet_skills` (`SkillSet_id`, `skills`) VALUES ('11751', 'UnitTesting');
INSERT INTO `SkillSet_skills` (`SkillSet_id`, `skills`) VALUES ('11751', 'Gradle');
INSERT INTO `SkillSet_skills` (`SkillSet_id`, `skills`) VALUES ('11751', 'Gradle');
INSERT INTO `Mission` (`id`, `companyName`, `shortName`, `role`, `skillSet_id`) VALUES ('11751', 'Lauchil', 'Einteiss', 'LeadSoftwareArchitect', '11751');
INSERT INTO `SkillSet` (`id`) VALUES ('11752');
INSERT INTO `SkillSet_skills` (`SkillSet_id`, `skills`) VALUES ('11752', 'dotNet');
INSERT INTO `SkillSet_skills` (`SkillSet_id`, `skills`) VALUES ('11752', 'dotNet');
INSERT INTO `SkillSet_skills` (`SkillSet_id`, `skills`) VALUES ('11752', 'SQL');
INSERT INTO `SkillSet_skills` (`SkillSet_id`, `skills`) VALUES ('11752', 'Ant');
INSERT INTO `SkillSet_skills` (`SkillSet_id`, `skills`) VALUES ('11752', 'dotNet');
INSERT INTO `Mission` (`id`, `companyName`, `shortName`, `role`, `skillSet_id`) VALUES ('11752', 'Kontyl', 'Tauchof', 'JuniorSoftwareEngineer', '11752');
INSERT INTO `SkillSet` (`id`) VALUES ('11753');
INSERT INTO `SkillSet_skills` (`SkillSet_id`, `skills`) VALUES ('11753', 'SQL');
INSERT INTO `Mission` (`id`, `companyName`, `shortName`, `role`, `skillSet_id`) VALUES ('11753', 'Gouttjgh', 'Vyroip', 'PrincipalConsultant', '11753');
INSERT INTO `SkillSet` (`id`) VALUES ('11754');
INSERT INTO `SkillSet_skills` (`SkillSet_id`, `skills`) VALUES ('11754', 'UnitTesting');
INSERT INTO `SkillSet_skills` (`SkillSet_id`, `skills`) VALUES ('11754', 'dotNet');
INSERT INTO `SkillSet_skills` (`SkillSet_id`, `skills`) VALUES ('11754', 'dotNet');
INSERT INTO `SkillSet_skills` (`SkillSet_id`, `skills`) VALUES ('11754', 'UnitTesting');
INSERT INTO `Mission` (`id`, `companyName`, `shortName`, `role`, `skillSet_id`) VALUES ('11754', 'Eiss', 'Theiz', 'JuniorSoftwareEngineer', '11754');
INSERT INTO `SkillSet` (`id`) VALUES ('11755');
INSERT INTO `SkillSet_skills` (`SkillSet_id`, `skills`) VALUES ('11755', 'Ant');
INSERT INTO `SkillSet_skills` (`SkillSet_id`, `skills`) VALUES ('11755', 'UnitTesting');
INSERT INTO `Mission` (`id`, `companyName`, `shortName`, `role`, `skillSet_id`) VALUES ('11755', 'Thyw', 'Auh', 'PrincipalConsultant', '11755');
INSERT INTO `SkillSet` (`id`) VALUES ('11756');
INSERT INTO `SkillSet_skills` (`SkillSet_id`, `skills`) VALUES ('11756', 'Architektur');
INSERT INTO `SkillSet_skills` (`SkillSet_id`, `skills`) VALUES ('11756', 'UnitTesting');
INSERT INTO `SkillSet_skills` (`SkillSet_id`, `skills`) VALUES ('11756', 'UnitTesting');
INSERT INTO `SkillSet_skills` (`SkillSet_id`, `skills`) VALUES ('11756', 'dotNet');
INSERT INTO `Mission` (`id`, `companyName`, `shortName`, `role`, `skillSet_id`) VALUES ('11756', 'Zub', 'Huraut', 'PrincipalConsultant', '11756');
INSERT INTO `SkillSet` (`id`) VALUES ('11757');
INSERT INTO `SkillSet_skills` (`SkillSet_id`, `skills`) VALUES ('11757', 'Java');
INSERT INTO `SkillSet_skills` (`SkillSet_id`, `skills`) VALUES ('11757', 'dotNet');
INSERT INTO `Mission` (`id`, `companyName`, `shortName`, `role`, `skillSet_id`) VALUES ('11757', 'Graif', 'Gront', 'PrincipalConsultant', '11757');
INSERT INTO `SkillSet` (`id`) VALUES ('11758');
INSERT INTO `SkillSet_skills` (`SkillSet_id`, `skills`) VALUES ('11758', 'dotNet');
INSERT INTO `SkillSet_skills` (`SkillSet_id`, `skills`) VALUES ('11758', 'Architektur');
INSERT INTO `Mission` (`id`, `companyName`, `shortName`, `role`, `skillSet_id`) VALUES ('11758', 'Kljifauw', 'Ooboun', 'SeniorSoftwareEngineer', '11758');
INSERT INTO `SkillSet` (`id`) VALUES ('11759');
INSERT INTO `SkillSet_skills` (`SkillSet_id`, `skills`) VALUES ('11759', 'UITesting');
INSERT INTO `SkillSet_skills` (`SkillSet_id`, `skills`) VALUES ('11759', 'Gradle');
INSERT INTO `Mission` (`id`, `companyName`, `shortName`, `role`, `skillSet_id`) VALUES ('11759', 'Oizyv', 'Ooss', 'SeniorSoftwareEngineer', '11759');
INSERT INTO `SkillSet` (`id`) VALUES ('11760');
INSERT INTO `SkillSet_skills` (`SkillSet_id`, `skills`) VALUES ('11760', 'Java');
INSERT INTO `Mission` (`id`, `companyName`, `shortName`, `role`, `skillSet_id`) VALUES ('11760', 'Aufoun', 'Bliw', 'SoftwareEngineer', '11760');
INSERT INTO `SkillSet` (`id`) VALUES ('11761');
INSERT INTO `SkillSet_skills` (`SkillSet_id`, `skills`) VALUES ('11761', 'Architektur');
INSERT INTO `SkillSet_skills` (`SkillSet_id`, `skills`) VALUES ('11761', 'UnitTesting');
INSERT INTO `SkillSet_skills` (`SkillSet_id`, `skills`) VALUES ('11761', 'Maven');
INSERT INTO `SkillSet_skills` (`SkillSet_id`, `skills`) VALUES ('11761', 'dotNet');
INSERT INTO `SkillSet_skills` (`SkillSet_id`, `skills`) VALUES ('11761', 'dotNet');
INSERT INTO `Mission` (`id`, `companyName`, `shortName`, `role`, `skillSet_id`) VALUES ('11761', 'Aufoip', 'Yh', 'PrincipalConsultant', '11761');
INSERT INTO `SkillSet` (`id`) VALUES ('11762');
INSERT INTO `SkillSet_skills` (`SkillSet_id`, `skills`) VALUES ('11762', 'Java');
INSERT INTO `Mission` (`id`, `companyName`, `shortName`, `role`, `skillSet_id`) VALUES ('11762', 'Ust', 'Mjih', 'JuniorSoftwareEngineer', '11762');
INSERT INTO `SkillSet` (`id`) VALUES ('11763');
INSERT INTO `SkillSet_skills` (`SkillSet_id`, `skills`) VALUES ('11763', 'Gradle');
INSERT INTO `SkillSet_skills` (`SkillSet_id`, `skills`) VALUES ('11763', 'SQL');
INSERT INTO `SkillSet_skills` (`SkillSet_id`, `skills`) VALUES ('11763', 'Ant');
INSERT INTO `SkillSet_skills` (`SkillSet_id`, `skills`) VALUES ('11763', 'dotNet');
INSERT INTO `Mission` (`id`, `companyName`, `shortName`, `role`, `skillSet_id`) VALUES ('11763', 'Chaif', 'Bimaub', 'SeniorSoftwareEngineer', '11763');
INSERT INTO `SkillSet` (`id`) VALUES ('11764');
INSERT INTO `SkillSet_skills` (`SkillSet_id`, `skills`) VALUES ('11764', 'Architektur');
INSERT INTO `SkillSet_skills` (`SkillSet_id`, `skills`) VALUES ('11764', 'Gradle');
INSERT INTO `Mission` (`id`, `companyName`, `shortName`, `role`, `skillSet_id`) VALUES ('11764', 'Aif', 'Voogaw', 'LeadEngineer', '11764');
INSERT INTO `SkillSet` (`id`) VALUES ('11765');
INSERT INTO `SkillSet_skills` (`SkillSet_id`, `skills`) VALUES ('11765', 'Architektur');
INSERT INTO `SkillSet_skills` (`SkillSet_id`, `skills`) VALUES ('11765', 'Ant');
INSERT INTO `SkillSet_skills` (`SkillSet_id`, `skills`) VALUES ('11765', 'UnitTesting');
INSERT INTO `SkillSet_skills` (`SkillSet_id`, `skills`) VALUES ('11765', 'UITesting');
INSERT INTO `SkillSet_skills` (`SkillSet_id`, `skills`) VALUES ('11765', 'Maven');
INSERT INTO `Mission` (`id`, `companyName`, `shortName`, `role`, `skillSet_id`) VALUES ('11765', 'Cjipoil', 'Oish', 'SeniorSoftwareEngineer', '11765');
INSERT INTO `SkillSet` (`id`) VALUES ('11766');
INSERT INTO `SkillSet_skills` (`SkillSet_id`, `skills`) VALUES ('11766', 'Gradle');
INSERT INTO `SkillSet_skills` (`SkillSet_id`, `skills`) VALUES ('11766', 'UnitTesting');
INSERT INTO `SkillSet_skills` (`SkillSet_id`, `skills`) VALUES ('11766', 'SQL');
INSERT INTO `SkillSet_skills` (`SkillSet_id`, `skills`) VALUES ('11766', 'Ant');
INSERT INTO `SkillSet_skills` (`SkillSet_id`, `skills`) VALUES ('11766', 'UITesting');
INSERT INTO `Mission` (`id`, `companyName`, `shortName`, `role`, `skillSet_id`) VALUES ('11766', 'Vauchoow', 'Xjinn', 'SoftwareEngineer', '11766');
INSERT INTO `SkillSet` (`id`) VALUES ('11767');
INSERT INTO `SkillSet_skills` (`SkillSet_id`, `skills`) VALUES ('11767', 'Gradle');
INSERT INTO `SkillSet_skills` (`SkillSet_id`, `skills`) VALUES ('11767', 'UITesting');
INSERT INTO `SkillSet_skills` (`SkillSet_id`, `skills`) VALUES ('11767', 'dotNet');
INSERT INTO `SkillSet_skills` (`SkillSet_id`, `skills`) VALUES ('11767', 'Ant');
INSERT INTO `Mission` (`id`, `companyName`, `shortName`, `role`, `skillSet_id`) VALUES ('11767', 'Innif', 'Flouchep', 'LeadEngineer', '11767');
INSERT INTO `SkillSet` (`id`) VALUES ('11768');
INSERT INTO `SkillSet_skills` (`SkillSet_id`, `skills`) VALUES ('11768', 'Maven');
INSERT INTO `Mission` (`id`, `companyName`, `shortName`, `role`, `skillSet_id`) VALUES ('11768', 'Bljtt', 'Ool', 'LeadSoftwareArchitect', '11768');
INSERT INTO `SkillSet` (`id`) VALUES ('11769');
INSERT INTO `SkillSet_skills` (`SkillSet_id`, `skills`) VALUES ('11769', 'SQL');
INSERT INTO `SkillSet_skills` (`SkillSet_id`, `skills`) VALUES ('11769', 'dotNet');
INSERT INTO `SkillSet_skills` (`SkillSet_id`, `skills`) VALUES ('11769', 'Maven');
INSERT INTO `SkillSet_skills` (`SkillSet_id`, `skills`) VALUES ('11769', 'UnitTesting');
INSERT INTO `SkillSet_skills` (`SkillSet_id`, `skills`) VALUES ('11769', 'Maven');
INSERT INTO `Mission` (`id`, `companyName`, `shortName`, `role`, `skillSet_id`) VALUES ('11769', 'Aistaiss', 'Toogjigh', 'JuniorSoftwareEngineer', '11769');
INSERT INTO `SkillSet` (`id`) VALUES ('11770');
INSERT INTO `SkillSet_skills` (`SkillSet_id`, `skills`) VALUES ('11770', 'Ant');
INSERT INTO `SkillSet_skills` (`SkillSet_id`, `skills`) VALUES ('11770', 'Architektur');
INSERT INTO `SkillSet_skills` (`SkillSet_id`, `skills`) VALUES ('11770', 'UnitTesting');
INSERT INTO `SkillSet_skills` (`SkillSet_id`, `skills`) VALUES ('11770', 'Gradle');
INSERT INTO `Mission` (`id`, `companyName`, `shortName`, `role`, `skillSet_id`) VALUES ('11770', 'Jv', 'Ouk', 'JuniorSoftwareEngineer', '11770');
INSERT INTO `SkillSet` (`id`) VALUES ('11771');
INSERT INTO `SkillSet_skills` (`SkillSet_id`, `skills`) VALUES ('11771', 'SQL');
INSERT INTO `SkillSet_skills` (`SkillSet_id`, `skills`) VALUES ('11771', 'UnitTesting');
INSERT INTO `Mission` (`id`, `companyName`, `shortName`, `role`, `skillSet_id`) VALUES ('11771', 'Nauntoik', 'Mipfunn', 'SoftwareEngineer', '11771');
INSERT INTO `SkillSet` (`id`) VALUES ('11772');
INSERT INTO `SkillSet_skills` (`SkillSet_id`, `skills`) VALUES ('11772', 'Maven');
INSERT INTO `SkillSet_skills` (`SkillSet_id`, `skills`) VALUES ('11772', 'UITesting');
INSERT INTO `SkillSet_skills` (`SkillSet_id`, `skills`) VALUES ('11772', 'Gradle');
INSERT INTO `SkillSet_skills` (`SkillSet_id`, `skills`) VALUES ('11772', 'Ant');
INSERT INTO `SkillSet_skills` (`SkillSet_id`, `skills`) VALUES ('11772', 'SQL');
INSERT INTO `Mission` (`id`, `companyName`, `shortName`, `role`, `skillSet_id`) VALUES ('11772', 'Xool', 'Ljiwjiv', 'SoftwareEngineer', '11772');
INSERT INTO `SkillSet` (`id`) VALUES ('11773');
INSERT INTO `SkillSet_skills` (`SkillSet_id`, `skills`) VALUES ('11773', 'Architektur');
INSERT INTO `SkillSet_skills` (`SkillSet_id`, `skills`) VALUES ('11773', 'Java');
INSERT INTO `Mission` (`id`, `companyName`, `shortName`, `role`, `skillSet_id`) VALUES ('11773', 'Yfaip', 'Opf', 'JuniorSoftwareEngineer', '11773');
INSERT INTO `SkillSet` (`id`) VALUES ('11774');
INSERT INTO `SkillSet_skills` (`SkillSet_id`, `skills`) VALUES ('11774', 'SQL');
INSERT INTO `SkillSet_skills` (`SkillSet_id`, `skills`) VALUES ('11774', 'UnitTesting');
INSERT INTO `SkillSet_skills` (`SkillSet_id`, `skills`) VALUES ('11774', 'Architektur');
INSERT INTO `SkillSet_skills` (`SkillSet_id`, `skills`) VALUES ('11774', 'Architektur');
INSERT INTO `Mission` (`id`, `companyName`, `shortName`, `role`, `skillSet_id`) VALUES ('11774', 'Jitiv', 'Jnn', 'SoftwareEngineer', '11774');
INSERT INTO `SkillSet` (`id`) VALUES ('11775');
INSERT INTO `SkillSet_skills` (`SkillSet_id`, `skills`) VALUES ('11775', 'SQL');
INSERT INTO `SkillSet_skills` (`SkillSet_id`, `skills`) VALUES ('11775', 'Gradle');
INSERT INTO `SkillSet_skills` (`SkillSet_id`, `skills`) VALUES ('11775', 'Java');
INSERT INTO `SkillSet_skills` (`SkillSet_id`, `skills`) VALUES ('11775', 'Maven');
INSERT INTO `Mission` (`id`, `companyName`, `shortName`, `role`, `skillSet_id`) VALUES ('11775', 'Voss', 'Nifann', 'SoftwareEngineer', '11775');
INSERT INTO `SkillSet` (`id`) VALUES ('11776');
INSERT INTO `SkillSet_skills` (`SkillSet_id`, `skills`) VALUES ('11776', 'UITesting');
INSERT INTO `SkillSet_skills` (`SkillSet_id`, `skills`) VALUES ('11776', 'Architektur');
INSERT INTO `Mission` (`id`, `companyName`, `shortName`, `role`, `skillSet_id`) VALUES ('11776', 'Epjim', 'Aufoz', 'LeadEngineer', '11776');
INSERT INTO `SkillSet` (`id`) VALUES ('11777');
INSERT INTO `SkillSet_skills` (`SkillSet_id`, `skills`) VALUES ('11777', 'Maven');
INSERT INTO `SkillSet_skills` (`SkillSet_id`, `skills`) VALUES ('11777', 'Gradle');
INSERT INTO `Mission` (`id`, `companyName`, `shortName`, `role`, `skillSet_id`) VALUES ('11777', 'Bjgoont', 'Ashyth', 'SoftwareEngineer', '11777');
INSERT INTO `SkillSet` (`id`) VALUES ('11778');
INSERT INTO `SkillSet_skills` (`SkillSet_id`, `skills`) VALUES ('11778', 'UITesting');
INSERT INTO `SkillSet_skills` (`SkillSet_id`, `skills`) VALUES ('11778', 'UITesting');
INSERT INTO `SkillSet_skills` (`SkillSet_id`, `skills`) VALUES ('11778', 'Gradle');
INSERT INTO `Mission` (`id`, `companyName`, `shortName`, `role`, `skillSet_id`) VALUES ('11778', 'Pjttepf', 'Shouthaud', 'SeniorSoftwareEngineer', '11778');
INSERT INTO `SkillSet` (`id`) VALUES ('11779');
INSERT INTO `SkillSet_skills` (`SkillSet_id`, `skills`) VALUES ('11779', 'UnitTesting');
INSERT INTO `Mission` (`id`, `companyName`, `shortName`, `role`, `skillSet_id`) VALUES ('11779', 'Kouz', 'Is', 'SoftwareEngineer', '11779');
INSERT INTO `SkillSet` (`id`) VALUES ('11780');
INSERT INTO `SkillSet_skills` (`SkillSet_id`, `skills`) VALUES ('11780', 'UnitTesting');
INSERT INTO `Mission` (`id`, `companyName`, `shortName`, `role`, `skillSet_id`) VALUES ('11780', 'Souf', 'Aib', 'SeniorSoftwareEngineer', '11780');
INSERT INTO `SkillSet` (`id`) VALUES ('11781');
INSERT INTO `SkillSet_skills` (`SkillSet_id`, `skills`) VALUES ('11781', 'UITesting');
INSERT INTO `SkillSet_skills` (`SkillSet_id`, `skills`) VALUES ('11781', 'UnitTesting');
INSERT INTO `Mission` (`id`, `companyName`, `shortName`, `role`, `skillSet_id`) VALUES ('11781', 'Edoush', 'Jinap', 'JuniorSoftwareEngineer', '11781');
INSERT INTO `SkillSet` (`id`) VALUES ('11782');
INSERT INTO `SkillSet_skills` (`SkillSet_id`, `skills`) VALUES ('11782', 'Architektur');
INSERT INTO `SkillSet_skills` (`SkillSet_id`, `skills`) VALUES ('11782', 'Ant');
INSERT INTO `Mission` (`id`, `companyName`, `shortName`, `role`, `skillSet_id`) VALUES ('11782', 'Ann', 'Brjz', 'SeniorSoftwareEngineer', '11782');
INSERT INTO `SkillSet` (`id`) VALUES ('11783');
INSERT INTO `SkillSet_skills` (`SkillSet_id`, `skills`) VALUES ('11783', 'UnitTesting');
INSERT INTO `SkillSet_skills` (`SkillSet_id`, `skills`) VALUES ('11783', 'dotNet');
INSERT INTO `SkillSet_skills` (`SkillSet_id`, `skills`) VALUES ('11783', 'UITesting');
INSERT INTO `Mission` (`id`, `companyName`, `shortName`, `role`, `skillSet_id`) VALUES ('11783', 'Thjmov', 'Jshuh', 'LeadSoftwareArchitect', '11783');
INSERT INTO `SkillSet` (`id`) VALUES ('11784');
INSERT INTO `SkillSet_skills` (`SkillSet_id`, `skills`) VALUES ('11784', 'Ant');
INSERT INTO `SkillSet_skills` (`SkillSet_id`, `skills`) VALUES ('11784', 'UnitTesting');
INSERT INTO `Mission` (`id`, `companyName`, `shortName`, `role`, `skillSet_id`) VALUES ('11784', 'Hystib', 'Woif', 'SoftwareEngineer', '11784');
INSERT INTO `SkillSet` (`id`) VALUES ('11785');
INSERT INTO `SkillSet_skills` (`SkillSet_id`, `skills`) VALUES ('11785', 'Ant');
INSERT INTO `SkillSet_skills` (`SkillSet_id`, `skills`) VALUES ('11785', 'SQL');
INSERT INTO `SkillSet_skills` (`SkillSet_id`, `skills`) VALUES ('11785', 'Java');
INSERT INTO `SkillSet_skills` (`SkillSet_id`, `skills`) VALUES ('11785', 'Java');
INSERT INTO `Mission` (`id`, `companyName`, `shortName`, `role`, `skillSet_id`) VALUES ('11785', 'Aup', 'Eg', 'PrincipalConsultant', '11785');
INSERT INTO `SkillSet` (`id`) VALUES ('11786');
INSERT INTO `SkillSet_skills` (`SkillSet_id`, `skills`) VALUES ('11786', 'Gradle');
INSERT INTO `SkillSet_skills` (`SkillSet_id`, `skills`) VALUES ('11786', 'Ant');
INSERT INTO `SkillSet_skills` (`SkillSet_id`, `skills`) VALUES ('11786', 'UITesting');
INSERT INTO `SkillSet_skills` (`SkillSet_id`, `skills`) VALUES ('11786', 'UnitTesting');
INSERT INTO `SkillSet_skills` (`SkillSet_id`, `skills`) VALUES ('11786', 'SQL');
INSERT INTO `Mission` (`id`, `companyName`, `shortName`, `role`, `skillSet_id`) VALUES ('11786', 'Grad', 'Oiv', 'JuniorSoftwareEngineer', '11786');
INSERT INTO `SkillSet` (`id`) VALUES ('11787');
INSERT INTO `SkillSet_skills` (`SkillSet_id`, `skills`) VALUES ('11787', 'dotNet');
INSERT INTO `SkillSet_skills` (`SkillSet_id`, `skills`) VALUES ('11787', 'Architektur');
INSERT INTO `SkillSet_skills` (`SkillSet_id`, `skills`) VALUES ('11787', 'Java');
INSERT INTO `Mission` (`id`, `companyName`, `shortName`, `role`, `skillSet_id`) VALUES ('11787', 'Waukaip', 'Cyz', 'SeniorSoftwareEngineer', '11787');
INSERT INTO `SkillSet` (`id`) VALUES ('11788');
INSERT INTO `SkillSet_skills` (`SkillSet_id`, `skills`) VALUES ('11788', 'Ant');
INSERT INTO `SkillSet_skills` (`SkillSet_id`, `skills`) VALUES ('11788', 'Gradle');
INSERT INTO `SkillSet_skills` (`SkillSet_id`, `skills`) VALUES ('11788', 'dotNet');
INSERT INTO `SkillSet_skills` (`SkillSet_id`, `skills`) VALUES ('11788', 'Gradle');
INSERT INTO `SkillSet_skills` (`SkillSet_id`, `skills`) VALUES ('11788', 'SQL');
INSERT INTO `Mission` (`id`, `companyName`, `shortName`, `role`, `skillSet_id`) VALUES ('11788', 'Gevjiss', 'Aif', 'JuniorSoftwareEngineer', '11788');
INSERT INTO `SkillSet` (`id`) VALUES ('11789');
INSERT INTO `SkillSet_skills` (`SkillSet_id`, `skills`) VALUES ('11789', 'Ant');
INSERT INTO `SkillSet_skills` (`SkillSet_id`, `skills`) VALUES ('11789', 'Ant');
INSERT INTO `SkillSet_skills` (`SkillSet_id`, `skills`) VALUES ('11789', 'Maven');
INSERT INTO `SkillSet_skills` (`SkillSet_id`, `skills`) VALUES ('11789', 'Maven');
INSERT INTO `Mission` (`id`, `companyName`, `shortName`, `role`, `skillSet_id`) VALUES ('11789', 'Ook', 'Ypf', 'JuniorSoftwareEngineer', '11789');
INSERT INTO `SkillSet` (`id`) VALUES ('11790');
INSERT INTO `SkillSet_skills` (`SkillSet_id`, `skills`) VALUES ('11790', 'Ant');
INSERT INTO `SkillSet_skills` (`SkillSet_id`, `skills`) VALUES ('11790', 'Ant');
INSERT INTO `SkillSet_skills` (`SkillSet_id`, `skills`) VALUES ('11790', 'Architektur');
INSERT INTO `SkillSet_skills` (`SkillSet_id`, `skills`) VALUES ('11790', 'Ant');
INSERT INTO `Mission` (`id`, `companyName`, `shortName`, `role`, `skillSet_id`) VALUES ('11790', 'Eig', 'Foch', 'SeniorSoftwareEngineer', '11790');
INSERT INTO `SkillSet` (`id`) VALUES ('11791');
INSERT INTO `SkillSet_skills` (`SkillSet_id`, `skills`) VALUES ('11791', 'Ant');
INSERT INTO `SkillSet_skills` (`SkillSet_id`, `skills`) VALUES ('11791', 'Gradle');
INSERT INTO `Mission` (`id`, `companyName`, `shortName`, `role`, `skillSet_id`) VALUES ('11791', 'Shal', 'Jl', 'LeadSoftwareArchitect', '11791');
INSERT INTO `SkillSet` (`id`) VALUES ('11792');
INSERT INTO `SkillSet_skills` (`SkillSet_id`, `skills`) VALUES ('11792', 'Java');
INSERT INTO `SkillSet_skills` (`SkillSet_id`, `skills`) VALUES ('11792', 'UnitTesting');
INSERT INTO `Mission` (`id`, `companyName`, `shortName`, `role`, `skillSet_id`) VALUES ('11792', 'Outt', 'Grehyg', 'LeadEngineer', '11792');
INSERT INTO `SkillSet` (`id`) VALUES ('11793');
INSERT INTO `SkillSet_skills` (`SkillSet_id`, `skills`) VALUES ('11793', 'SQL');
INSERT INTO `SkillSet_skills` (`SkillSet_id`, `skills`) VALUES ('11793', 'SQL');
INSERT INTO `Mission` (`id`, `companyName`, `shortName`, `role`, `skillSet_id`) VALUES ('11793', 'Googhjih', 'Mail', 'SeniorSoftwareEngineer', '11793');
INSERT INTO `SkillSet` (`id`) VALUES ('11794');
INSERT INTO `SkillSet_skills` (`SkillSet_id`, `skills`) VALUES ('11794', 'Gradle');
INSERT INTO `SkillSet_skills` (`SkillSet_id`, `skills`) VALUES ('11794', 'Maven');
INSERT INTO `SkillSet_skills` (`SkillSet_id`, `skills`) VALUES ('11794', 'UnitTesting');
INSERT INTO `SkillSet_skills` (`SkillSet_id`, `skills`) VALUES ('11794', 'Gradle');
INSERT INTO `SkillSet_skills` (`SkillSet_id`, `skills`) VALUES ('11794', 'Architektur');
INSERT INTO `Mission` (`id`, `companyName`, `shortName`, `role`, `skillSet_id`) VALUES ('11794', 'Haut', 'Ough', 'JuniorSoftwareEngineer', '11794');
INSERT INTO `SkillSet` (`id`) VALUES ('11795');
INSERT INTO `SkillSet_skills` (`SkillSet_id`, `skills`) VALUES ('11795', 'dotNet');
INSERT INTO `Mission` (`id`, `companyName`, `shortName`, `role`, `skillSet_id`) VALUES ('11795', 'Oneid', 'Ashaif', 'SeniorSoftwareEngineer', '11795');
INSERT INTO `SkillSet` (`id`) VALUES ('11796');
INSERT INTO `SkillSet_skills` (`SkillSet_id`, `skills`) VALUES ('11796', 'Java');
INSERT INTO `Mission` (`id`, `companyName`, `shortName`, `role`, `skillSet_id`) VALUES ('11796', 'Xeintounn', 'Oosoogh', 'SoftwareEngineer', '11796');
INSERT INTO `SkillSet` (`id`) VALUES ('11797');
INSERT INTO `SkillSet_skills` (`SkillSet_id`, `skills`) VALUES ('11797', 'SQL');
INSERT INTO `SkillSet_skills` (`SkillSet_id`, `skills`) VALUES ('11797', 'Maven');
INSERT INTO `SkillSet_skills` (`SkillSet_id`, `skills`) VALUES ('11797', 'Architektur');
INSERT INTO `Mission` (`id`, `companyName`, `shortName`, `role`, `skillSet_id`) VALUES ('11797', 'Oowel', 'Erjgh', 'LeadEngineer', '11797');
INSERT INTO `SkillSet` (`id`) VALUES ('11798');
INSERT INTO `SkillSet_skills` (`SkillSet_id`, `skills`) VALUES ('11798', 'Java');
INSERT INTO `SkillSet_skills` (`SkillSet_id`, `skills`) VALUES ('11798', 'Java');
INSERT INTO `SkillSet_skills` (`SkillSet_id`, `skills`) VALUES ('11798', 'UnitTesting');
INSERT INTO `SkillSet_skills` (`SkillSet_id`, `skills`) VALUES ('11798', 'Architektur');
INSERT INTO `SkillSet_skills` (`SkillSet_id`, `skills`) VALUES ('11798', 'SQL');
INSERT INTO `Mission` (`id`, `companyName`, `shortName`, `role`, `skillSet_id`) VALUES ('11798', 'Peneig', 'Qeichev', 'SoftwareEngineer', '11798');
INSERT INTO `SkillSet` (`id`) VALUES ('11799');
INSERT INTO `SkillSet_skills` (`SkillSet_id`, `skills`) VALUES ('11799', 'SQL');
INSERT INTO `SkillSet_skills` (`SkillSet_id`, `skills`) VALUES ('11799', 'Java');
INSERT INTO `SkillSet_skills` (`SkillSet_id`, `skills`) VALUES ('11799', 'Ant');
INSERT INTO `SkillSet_skills` (`SkillSet_id`, `skills`) VALUES ('11799', 'UITesting');
INSERT INTO `Mission` (`id`, `companyName`, `shortName`, `role`, `skillSet_id`) VALUES ('11799', 'Par', 'Fljinnjipf', 'SeniorSoftwareEngineer', '11799');
INSERT INTO `SkillSet` (`id`) VALUES ('11800');
INSERT INTO `SkillSet_skills` (`SkillSet_id`, `skills`) VALUES ('11800', 'Ant');
INSERT INTO `SkillSet_skills` (`SkillSet_id`, `skills`) VALUES ('11800', 'UITesting');
INSERT INTO `SkillSet_skills` (`SkillSet_id`, `skills`) VALUES ('11800', 'UITesting');
INSERT INTO `SkillSet_skills` (`SkillSet_id`, `skills`) VALUES ('11800', 'dotNet');
INSERT INTO `Mission` (`id`, `companyName`, `shortName`, `role`, `skillSet_id`) VALUES ('11800', 'Jssepf', 'Imigh', 'LeadEngineer', '11800');
INSERT INTO `SkillSet` (`id`) VALUES ('11801');
INSERT INTO `SkillSet_skills` (`SkillSet_id`, `skills`) VALUES ('11801', 'Maven');
INSERT INTO `SkillSet_skills` (`SkillSet_id`, `skills`) VALUES ('11801', 'Ant');
INSERT INTO `SkillSet_skills` (`SkillSet_id`, `skills`) VALUES ('11801', 'Ant');
INSERT INTO `Mission` (`id`, `companyName`, `shortName`, `role`, `skillSet_id`) VALUES ('11801', 'Cjpoit', 'Ynn', 'SeniorSoftwareEngineer', '11801');
INSERT INTO `SkillSet` (`id`) VALUES ('11802');
INSERT INTO `SkillSet_skills` (`SkillSet_id`, `skills`) VALUES ('11802', 'UITesting');
INSERT INTO `SkillSet_skills` (`SkillSet_id`, `skills`) VALUES ('11802', 'Maven');
INSERT INTO `SkillSet_skills` (`SkillSet_id`, `skills`) VALUES ('11802', 'Java');
INSERT INTO `Mission` (`id`, `companyName`, `shortName`, `role`, `skillSet_id`) VALUES ('11802', 'Aufjiz', 'Thouth', 'LeadEngineer', '11802');
INSERT INTO `SkillSet` (`id`) VALUES ('11803');
INSERT INTO `SkillSet_skills` (`SkillSet_id`, `skills`) VALUES ('11803', 'UnitTesting');
INSERT INTO `SkillSet_skills` (`SkillSet_id`, `skills`) VALUES ('11803', 'SQL');
INSERT INTO `SkillSet_skills` (`SkillSet_id`, `skills`) VALUES ('11803', 'UnitTesting');
INSERT INTO `Mission` (`id`, `companyName`, `shortName`, `role`, `skillSet_id`) VALUES ('11803', 'Eh', 'Oothoiv', 'SoftwareEngineer', '11803');
INSERT INTO `SkillSet` (`id`) VALUES ('11804');
INSERT INTO `SkillSet_skills` (`SkillSet_id`, `skills`) VALUES ('11804', 'dotNet');
INSERT INTO `SkillSet_skills` (`SkillSet_id`, `skills`) VALUES ('11804', 'Maven');
INSERT INTO `Mission` (`id`, `companyName`, `shortName`, `role`, `skillSet_id`) VALUES ('11804', 'Wif', 'Jk', 'PrincipalConsultant', '11804');
INSERT INTO `SkillSet` (`id`) VALUES ('11805');
INSERT INTO `SkillSet_skills` (`SkillSet_id`, `skills`) VALUES ('11805', 'SQL');
INSERT INTO `SkillSet_skills` (`SkillSet_id`, `skills`) VALUES ('11805', 'Maven');
INSERT INTO `SkillSet_skills` (`SkillSet_id`, `skills`) VALUES ('11805', 'SQL');
INSERT INTO `SkillSet_skills` (`SkillSet_id`, `skills`) VALUES ('11805', 'Architektur');
INSERT INTO `SkillSet_skills` (`SkillSet_id`, `skills`) VALUES ('11805', 'dotNet');
INSERT INTO `Mission` (`id`, `companyName`, `shortName`, `role`, `skillSet_id`) VALUES ('11805', 'Ool', 'Attjz', 'SoftwareEngineer', '11805');
INSERT INTO `SkillSet` (`id`) VALUES ('11806');
INSERT INTO `SkillSet_skills` (`SkillSet_id`, `skills`) VALUES ('11806', 'Maven');
INSERT INTO `SkillSet_skills` (`SkillSet_id`, `skills`) VALUES ('11806', 'Gradle');
INSERT INTO `Mission` (`id`, `companyName`, `shortName`, `role`, `skillSet_id`) VALUES ('11806', 'Jiz', 'Wechaik', 'SoftwareEngineer', '11806');
INSERT INTO `SkillSet` (`id`) VALUES ('11807');
INSERT INTO `SkillSet_skills` (`SkillSet_id`, `skills`) VALUES ('11807', 'Architektur');
INSERT INTO `SkillSet_skills` (`SkillSet_id`, `skills`) VALUES ('11807', 'dotNet');
INSERT INTO `SkillSet_skills` (`SkillSet_id`, `skills`) VALUES ('11807', 'Java');
INSERT INTO `Mission` (`id`, `companyName`, `shortName`, `role`, `skillSet_id`) VALUES ('11807', 'Oumjt', 'Glukoub', 'JuniorSoftwareEngineer', '11807');
INSERT INTO `SkillSet` (`id`) VALUES ('11808');
INSERT INTO `SkillSet_skills` (`SkillSet_id`, `skills`) VALUES ('11808', 'dotNet');
INSERT INTO `SkillSet_skills` (`SkillSet_id`, `skills`) VALUES ('11808', 'Architektur');
INSERT INTO `SkillSet_skills` (`SkillSet_id`, `skills`) VALUES ('11808', 'Gradle');
INSERT INTO `SkillSet_skills` (`SkillSet_id`, `skills`) VALUES ('11808', 'Java');
INSERT INTO `SkillSet_skills` (`SkillSet_id`, `skills`) VALUES ('11808', 'Maven');
INSERT INTO `Mission` (`id`, `companyName`, `shortName`, `role`, `skillSet_id`) VALUES ('11808', 'Klonoup', 'Aikeis', 'SoftwareEngineer', '11808');
INSERT INTO `SkillSet` (`id`) VALUES ('11809');
INSERT INTO `SkillSet_skills` (`SkillSet_id`, `skills`) VALUES ('11809', 'dotNet');
INSERT INTO `Mission` (`id`, `companyName`, `shortName`, `role`, `skillSet_id`) VALUES ('11809', 'Jsh', 'Flot', 'PrincipalConsultant', '11809');
INSERT INTO `SkillSet` (`id`) VALUES ('11810');
INSERT INTO `SkillSet_skills` (`SkillSet_id`, `skills`) VALUES ('11810', 'Ant');
INSERT INTO `SkillSet_skills` (`SkillSet_id`, `skills`) VALUES ('11810', 'dotNet');
INSERT INTO `Mission` (`id`, `companyName`, `shortName`, `role`, `skillSet_id`) VALUES ('11810', 'Weil', 'Fljigoom', 'SoftwareEngineer', '11810');
INSERT INTO `SkillSet` (`id`) VALUES ('11811');
INSERT INTO `SkillSet_skills` (`SkillSet_id`, `skills`) VALUES ('11811', 'SQL');
INSERT INTO `SkillSet_skills` (`SkillSet_id`, `skills`) VALUES ('11811', 'UITesting');
INSERT INTO `SkillSet_skills` (`SkillSet_id`, `skills`) VALUES ('11811', 'Java');
INSERT INTO `Mission` (`id`, `companyName`, `shortName`, `role`, `skillSet_id`) VALUES ('11811', 'Ob', 'Aum', 'LeadSoftwareArchitect', '11811');
INSERT INTO `SkillSet` (`id`) VALUES ('11812');
INSERT INTO `SkillSet_skills` (`SkillSet_id`, `skills`) VALUES ('11812', 'Maven');
INSERT INTO `SkillSet_skills` (`SkillSet_id`, `skills`) VALUES ('11812', 'UITesting');
INSERT INTO `SkillSet_skills` (`SkillSet_id`, `skills`) VALUES ('11812', 'UnitTesting');
INSERT INTO `SkillSet_skills` (`SkillSet_id`, `skills`) VALUES ('11812', 'UnitTesting');
INSERT INTO `Mission` (`id`, `companyName`, `shortName`, `role`, `skillSet_id`) VALUES ('11812', 'Uleid', 'Obast', 'PrincipalConsultant', '11812');
INSERT INTO `SkillSet` (`id`) VALUES ('11813');
INSERT INTO `SkillSet_skills` (`SkillSet_id`, `skills`) VALUES ('11813', 'Architektur');
INSERT INTO `SkillSet_skills` (`SkillSet_id`, `skills`) VALUES ('11813', 'Gradle');
INSERT INTO `SkillSet_skills` (`SkillSet_id`, `skills`) VALUES ('11813', 'Gradle');
INSERT INTO `SkillSet_skills` (`SkillSet_id`, `skills`) VALUES ('11813', 'Java');
INSERT INTO `Mission` (`id`, `companyName`, `shortName`, `role`, `skillSet_id`) VALUES ('11813', 'Dapfoug', 'Uzaupf', 'LeadSoftwareArchitect', '11813');
INSERT INTO `SkillSet` (`id`) VALUES ('11814');
INSERT INTO `SkillSet_skills` (`SkillSet_id`, `skills`) VALUES ('11814', 'Maven');
INSERT INTO `SkillSet_skills` (`SkillSet_id`, `skills`) VALUES ('11814', 'UITesting');
INSERT INTO `SkillSet_skills` (`SkillSet_id`, `skills`) VALUES ('11814', 'Java');
INSERT INTO `SkillSet_skills` (`SkillSet_id`, `skills`) VALUES ('11814', 'Ant');
INSERT INTO `Mission` (`id`, `companyName`, `shortName`, `role`, `skillSet_id`) VALUES ('11814', 'Jiss', 'Kljiner', 'SoftwareEngineer', '11814');
INSERT INTO `SkillSet` (`id`) VALUES ('11815');
INSERT INTO `SkillSet_skills` (`SkillSet_id`, `skills`) VALUES ('11815', 'dotNet');
INSERT INTO `Mission` (`id`, `companyName`, `shortName`, `role`, `skillSet_id`) VALUES ('11815', 'Jir', 'Oih', 'LeadEngineer', '11815');
INSERT INTO `SkillSet` (`id`) VALUES ('11816');
INSERT INTO `SkillSet_skills` (`SkillSet_id`, `skills`) VALUES ('11816', 'SQL');
INSERT INTO `SkillSet_skills` (`SkillSet_id`, `skills`) VALUES ('11816', 'UITesting');
INSERT INTO `SkillSet_skills` (`SkillSet_id`, `skills`) VALUES ('11816', 'UnitTesting');
INSERT INTO `Mission` (`id`, `companyName`, `shortName`, `role`, `skillSet_id`) VALUES ('11816', 'Vypfub', 'Jighouv', 'SeniorSoftwareEngineer', '11816');
INSERT INTO `SkillSet` (`id`) VALUES ('11817');
INSERT INTO `SkillSet_skills` (`SkillSet_id`, `skills`) VALUES ('11817', 'Ant');
INSERT INTO `SkillSet_skills` (`SkillSet_id`, `skills`) VALUES ('11817', 'UITesting');
INSERT INTO `SkillSet_skills` (`SkillSet_id`, `skills`) VALUES ('11817', 'Ant');
INSERT INTO `SkillSet_skills` (`SkillSet_id`, `skills`) VALUES ('11817', 'UITesting');
INSERT INTO `SkillSet_skills` (`SkillSet_id`, `skills`) VALUES ('11817', 'Gradle');
INSERT INTO `Mission` (`id`, `companyName`, `shortName`, `role`, `skillSet_id`) VALUES ('11817', 'Prarent', 'Kepoh', 'JuniorSoftwareEngineer', '11817');
INSERT INTO `SkillSet` (`id`) VALUES ('11818');
INSERT INTO `SkillSet_skills` (`SkillSet_id`, `skills`) VALUES ('11818', 'Ant');
INSERT INTO `SkillSet_skills` (`SkillSet_id`, `skills`) VALUES ('11818', 'UnitTesting');
INSERT INTO `SkillSet_skills` (`SkillSet_id`, `skills`) VALUES ('11818', 'UITesting');
INSERT INTO `SkillSet_skills` (`SkillSet_id`, `skills`) VALUES ('11818', 'UITesting');
INSERT INTO `Mission` (`id`, `companyName`, `shortName`, `role`, `skillSet_id`) VALUES ('11818', 'Flyh', 'Aiwok', 'LeadEngineer', '11818');
INSERT INTO `SkillSet` (`id`) VALUES ('11819');
INSERT INTO `SkillSet_skills` (`SkillSet_id`, `skills`) VALUES ('11819', 'Java');
INSERT INTO `Mission` (`id`, `companyName`, `shortName`, `role`, `skillSet_id`) VALUES ('11819', 'Ok', 'Poist', 'JuniorSoftwareEngineer', '11819');
INSERT INTO `SkillSet` (`id`) VALUES ('11820');
INSERT INTO `SkillSet_skills` (`SkillSet_id`, `skills`) VALUES ('11820', 'Maven');
INSERT INTO `SkillSet_skills` (`SkillSet_id`, `skills`) VALUES ('11820', 'SQL');
INSERT INTO `SkillSet_skills` (`SkillSet_id`, `skills`) VALUES ('11820', 'Gradle');
INSERT INTO `Mission` (`id`, `companyName`, `shortName`, `role`, `skillSet_id`) VALUES ('11820', 'Isis', 'Zos', 'LeadEngineer', '11820');
INSERT INTO `SkillSet` (`id`) VALUES ('11821');
INSERT INTO `SkillSet_skills` (`SkillSet_id`, `skills`) VALUES ('11821', 'SQL');
INSERT INTO `Mission` (`id`, `companyName`, `shortName`, `role`, `skillSet_id`) VALUES ('11821', 'Oigh', 'Oot', 'LeadEngineer', '11821');
INSERT INTO `SkillSet` (`id`) VALUES ('11822');
INSERT INTO `SkillSet_skills` (`SkillSet_id`, `skills`) VALUES ('11822', 'UnitTesting');
INSERT INTO `SkillSet_skills` (`SkillSet_id`, `skills`) VALUES ('11822', 'SQL');
INSERT INTO `Mission` (`id`, `companyName`, `shortName`, `role`, `skillSet_id`) VALUES ('11822', 'Reitupf', 'Statheiss', 'SeniorSoftwareEngineer', '11822');
INSERT INTO `SkillSet` (`id`) VALUES ('11823');
INSERT INTO `SkillSet_skills` (`SkillSet_id`, `skills`) VALUES ('11823', 'Gradle');
INSERT INTO `SkillSet_skills` (`SkillSet_id`, `skills`) VALUES ('11823', 'Maven');
INSERT INTO `SkillSet_skills` (`SkillSet_id`, `skills`) VALUES ('11823', 'UnitTesting');
INSERT INTO `Mission` (`id`, `companyName`, `shortName`, `role`, `skillSet_id`) VALUES ('11823', 'Xishott', 'Cheig', 'JuniorSoftwareEngineer', '11823');
INSERT INTO `SkillSet` (`id`) VALUES ('11824');
INSERT INTO `SkillSet_skills` (`SkillSet_id`, `skills`) VALUES ('11824', 'Gradle');
INSERT INTO `SkillSet_skills` (`SkillSet_id`, `skills`) VALUES ('11824', 'dotNet');
INSERT INTO `Mission` (`id`, `companyName`, `shortName`, `role`, `skillSet_id`) VALUES ('11824', 'Eint', 'Houd', 'PrincipalConsultant', '11824');
INSERT INTO `SkillSet` (`id`) VALUES ('11825');
INSERT INTO `SkillSet_skills` (`SkillSet_id`, `skills`) VALUES ('11825', 'UnitTesting');
INSERT INTO `SkillSet_skills` (`SkillSet_id`, `skills`) VALUES ('11825', 'Architektur');
INSERT INTO `Mission` (`id`, `companyName`, `shortName`, `role`, `skillSet_id`) VALUES ('11825', 'Stush', 'Jip', 'LeadEngineer', '11825');
INSERT INTO `SkillSet` (`id`) VALUES ('11826');
INSERT INTO `SkillSet_skills` (`SkillSet_id`, `skills`) VALUES ('11826', 'UnitTesting');
INSERT INTO `SkillSet_skills` (`SkillSet_id`, `skills`) VALUES ('11826', 'Architektur');
INSERT INTO `SkillSet_skills` (`SkillSet_id`, `skills`) VALUES ('11826', 'SQL');
INSERT INTO `SkillSet_skills` (`SkillSet_id`, `skills`) VALUES ('11826', 'Ant');
INSERT INTO `Mission` (`id`, `companyName`, `shortName`, `role`, `skillSet_id`) VALUES ('11826', 'Dav', 'Yz', 'PrincipalConsultant', '11826');
INSERT INTO `SkillSet` (`id`) VALUES ('11827');
INSERT INTO `SkillSet_skills` (`SkillSet_id`, `skills`) VALUES ('11827', 'UnitTesting');
INSERT INTO `SkillSet_skills` (`SkillSet_id`, `skills`) VALUES ('11827', 'UITesting');
INSERT INTO `Mission` (`id`, `companyName`, `shortName`, `role`, `skillSet_id`) VALUES ('11827', 'Outis', 'Bjistuv', 'PrincipalConsultant', '11827');
INSERT INTO `SkillSet` (`id`) VALUES ('11828');
INSERT INTO `SkillSet_skills` (`SkillSet_id`, `skills`) VALUES ('11828', 'Java');
INSERT INTO `SkillSet_skills` (`SkillSet_id`, `skills`) VALUES ('11828', 'SQL');
INSERT INTO `Mission` (`id`, `companyName`, `shortName`, `role`, `skillSet_id`) VALUES ('11828', 'Ages', 'Aiv', 'PrincipalConsultant', '11828');
INSERT INTO `SkillSet` (`id`) VALUES ('11829');
INSERT INTO `SkillSet_skills` (`SkillSet_id`, `skills`) VALUES ('11829', 'Ant');
INSERT INTO `SkillSet_skills` (`SkillSet_id`, `skills`) VALUES ('11829', 'dotNet');
INSERT INTO `SkillSet_skills` (`SkillSet_id`, `skills`) VALUES ('11829', 'Gradle');
INSERT INTO `Mission` (`id`, `companyName`, `shortName`, `role`, `skillSet_id`) VALUES ('11829', 'Ryr', 'Prigjish', 'SoftwareEngineer', '11829');
INSERT INTO `SkillSet` (`id`) VALUES ('11830');
INSERT INTO `SkillSet_skills` (`SkillSet_id`, `skills`) VALUES ('11830', 'UnitTesting');
INSERT INTO `SkillSet_skills` (`SkillSet_id`, `skills`) VALUES ('11830', 'Gradle');
INSERT INTO `SkillSet_skills` (`SkillSet_id`, `skills`) VALUES ('11830', 'Java');
INSERT INTO `SkillSet_skills` (`SkillSet_id`, `skills`) VALUES ('11830', 'Java');
INSERT INTO `Mission` (`id`, `companyName`, `shortName`, `role`, `skillSet_id`) VALUES ('11830', 'Ouss', 'Xjd', 'PrincipalConsultant', '11830');
INSERT INTO `SkillSet` (`id`) VALUES ('11831');
INSERT INTO `SkillSet_skills` (`SkillSet_id`, `skills`) VALUES ('11831', 'Ant');
INSERT INTO `SkillSet_skills` (`SkillSet_id`, `skills`) VALUES ('11831', 'Gradle');
INSERT INTO `SkillSet_skills` (`SkillSet_id`, `skills`) VALUES ('11831', 'Gradle');
INSERT INTO `SkillSet_skills` (`SkillSet_id`, `skills`) VALUES ('11831', 'Architektur');
INSERT INTO `SkillSet_skills` (`SkillSet_id`, `skills`) VALUES ('11831', 'Gradle');
INSERT INTO `Mission` (`id`, `companyName`, `shortName`, `role`, `skillSet_id`) VALUES ('11831', 'Zaughaut', 'Gor', 'PrincipalConsultant', '11831');
INSERT INTO `SkillSet` (`id`) VALUES ('11832');
INSERT INTO `SkillSet_skills` (`SkillSet_id`, `skills`) VALUES ('11832', 'Gradle');
INSERT INTO `Mission` (`id`, `companyName`, `shortName`, `role`, `skillSet_id`) VALUES ('11832', 'Gjst', 'Jidap', 'LeadSoftwareArchitect', '11832');
INSERT INTO `SkillSet` (`id`) VALUES ('11833');
INSERT INTO `SkillSet_skills` (`SkillSet_id`, `skills`) VALUES ('11833', 'dotNet');
INSERT INTO `SkillSet_skills` (`SkillSet_id`, `skills`) VALUES ('11833', 'Java');
INSERT INTO `SkillSet_skills` (`SkillSet_id`, `skills`) VALUES ('11833', 'Maven');
INSERT INTO `SkillSet_skills` (`SkillSet_id`, `skills`) VALUES ('11833', 'Ant');
INSERT INTO `SkillSet_skills` (`SkillSet_id`, `skills`) VALUES ('11833', 'Ant');
INSERT INTO `Mission` (`id`, `companyName`, `shortName`, `role`, `skillSet_id`) VALUES ('11833', 'Broug', 'Rest', 'JuniorSoftwareEngineer', '11833');
INSERT INTO `SkillSet` (`id`) VALUES ('11834');
INSERT INTO `SkillSet_skills` (`SkillSet_id`, `skills`) VALUES ('11834', 'Java');
INSERT INTO `SkillSet_skills` (`SkillSet_id`, `skills`) VALUES ('11834', 'SQL');
INSERT INTO `SkillSet_skills` (`SkillSet_id`, `skills`) VALUES ('11834', 'SQL');
INSERT INTO `SkillSet_skills` (`SkillSet_id`, `skills`) VALUES ('11834', 'dotNet');
INSERT INTO `SkillSet_skills` (`SkillSet_id`, `skills`) VALUES ('11834', 'Gradle');
INSERT INTO `Mission` (`id`, `companyName`, `shortName`, `role`, `skillSet_id`) VALUES ('11834', 'Ood', 'Ouss', 'SoftwareEngineer', '11834');
INSERT INTO `SkillSet` (`id`) VALUES ('11835');
INSERT INTO `SkillSet_skills` (`SkillSet_id`, `skills`) VALUES ('11835', 'UITesting');
INSERT INTO `SkillSet_skills` (`SkillSet_id`, `skills`) VALUES ('11835', 'SQL');
INSERT INTO `SkillSet_skills` (`SkillSet_id`, `skills`) VALUES ('11835', 'Java');
INSERT INTO `Mission` (`id`, `companyName`, `shortName`, `role`, `skillSet_id`) VALUES ('11835', 'Choob', 'But', 'SoftwareEngineer', '11835');
INSERT INTO `SkillSet` (`id`) VALUES ('11836');
INSERT INTO `SkillSet_skills` (`SkillSet_id`, `skills`) VALUES ('11836', 'Gradle');
INSERT INTO `SkillSet_skills` (`SkillSet_id`, `skills`) VALUES ('11836', 'dotNet');
INSERT INTO `Mission` (`id`, `companyName`, `shortName`, `role`, `skillSet_id`) VALUES ('11836', 'Pjimib', 'Jchys', 'SeniorSoftwareEngineer', '11836');
INSERT INTO `SkillSet` (`id`) VALUES ('11837');
INSERT INTO `SkillSet_skills` (`SkillSet_id`, `skills`) VALUES ('11837', 'Architektur');
INSERT INTO `SkillSet_skills` (`SkillSet_id`, `skills`) VALUES ('11837', 'SQL');
INSERT INTO `SkillSet_skills` (`SkillSet_id`, `skills`) VALUES ('11837', 'Gradle');
INSERT INTO `SkillSet_skills` (`SkillSet_id`, `skills`) VALUES ('11837', 'UnitTesting');
INSERT INTO `SkillSet_skills` (`SkillSet_id`, `skills`) VALUES ('11837', 'UITesting');
INSERT INTO `Mission` (`id`, `companyName`, `shortName`, `role`, `skillSet_id`) VALUES ('11837', 'Apf', 'Oig', 'LeadEngineer', '11837');
INSERT INTO `SkillSet` (`id`) VALUES ('11838');
INSERT INTO `SkillSet_skills` (`SkillSet_id`, `skills`) VALUES ('11838', 'Architektur');
INSERT INTO `SkillSet_skills` (`SkillSet_id`, `skills`) VALUES ('11838', 'Architektur');
INSERT INTO `Mission` (`id`, `companyName`, `shortName`, `role`, `skillSet_id`) VALUES ('11838', 'Oum', 'Dowyw', 'LeadSoftwareArchitect', '11838');
INSERT INTO `SkillSet` (`id`) VALUES ('11839');
INSERT INTO `SkillSet_skills` (`SkillSet_id`, `skills`) VALUES ('11839', 'Gradle');
INSERT INTO `SkillSet_skills` (`SkillSet_id`, `skills`) VALUES ('11839', 'Java');
INSERT INTO `SkillSet_skills` (`SkillSet_id`, `skills`) VALUES ('11839', 'Java');
INSERT INTO `Mission` (`id`, `companyName`, `shortName`, `role`, `skillSet_id`) VALUES ('11839', 'Eip', 'Gjirjw', 'LeadEngineer', '11839');
INSERT INTO `SkillSet` (`id`) VALUES ('11840');
INSERT INTO `SkillSet_skills` (`SkillSet_id`, `skills`) VALUES ('11840', 'Java');
INSERT INTO `SkillSet_skills` (`SkillSet_id`, `skills`) VALUES ('11840', 'Ant');
INSERT INTO `SkillSet_skills` (`SkillSet_id`, `skills`) VALUES ('11840', 'SQL');
INSERT INTO `Mission` (`id`, `companyName`, `shortName`, `role`, `skillSet_id`) VALUES ('11840', 'Otow', 'Kliduh', 'JuniorSoftwareEngineer', '11840');
INSERT INTO `SkillSet` (`id`) VALUES ('11841');
INSERT INTO `SkillSet_skills` (`SkillSet_id`, `skills`) VALUES ('11841', 'UITesting');
INSERT INTO `SkillSet_skills` (`SkillSet_id`, `skills`) VALUES ('11841', 'Ant');
INSERT INTO `SkillSet_skills` (`SkillSet_id`, `skills`) VALUES ('11841', 'Ant');
INSERT INTO `SkillSet_skills` (`SkillSet_id`, `skills`) VALUES ('11841', 'dotNet');
INSERT INTO `Mission` (`id`, `companyName`, `shortName`, `role`, `skillSet_id`) VALUES ('11841', 'Qjv', 'Mepfjw', 'SeniorSoftwareEngineer', '11841');
INSERT INTO `SkillSet` (`id`) VALUES ('11842');
INSERT INTO `SkillSet_skills` (`SkillSet_id`, `skills`) VALUES ('11842', 'Ant');
INSERT INTO `SkillSet_skills` (`SkillSet_id`, `skills`) VALUES ('11842', 'Maven');
INSERT INTO `SkillSet_skills` (`SkillSet_id`, `skills`) VALUES ('11842', 'dotNet');
INSERT INTO `SkillSet_skills` (`SkillSet_id`, `skills`) VALUES ('11842', 'Ant');
INSERT INTO `SkillSet_skills` (`SkillSet_id`, `skills`) VALUES ('11842', 'Maven');
INSERT INTO `Mission` (`id`, `companyName`, `shortName`, `role`, `skillSet_id`) VALUES ('11842', 'Oogh', 'Outh', 'JuniorSoftwareEngineer', '11842');
INSERT INTO `SkillSet` (`id`) VALUES ('11843');
INSERT INTO `SkillSet_skills` (`SkillSet_id`, `skills`) VALUES ('11843', 'Architektur');
INSERT INTO `Mission` (`id`, `companyName`, `shortName`, `role`, `skillSet_id`) VALUES ('11843', 'Ytjnt', 'Fustepf', 'LeadEngineer', '11843');
INSERT INTO `SkillSet` (`id`) VALUES ('11844');
INSERT INTO `SkillSet_skills` (`SkillSet_id`, `skills`) VALUES ('11844', 'dotNet');
INSERT INTO `SkillSet_skills` (`SkillSet_id`, `skills`) VALUES ('11844', 'Java');
INSERT INTO `Mission` (`id`, `companyName`, `shortName`, `role`, `skillSet_id`) VALUES ('11844', 'Ottoud', 'Jigjt', 'JuniorSoftwareEngineer', '11844');
INSERT INTO `SkillSet` (`id`) VALUES ('11845');
INSERT INTO `SkillSet_skills` (`SkillSet_id`, `skills`) VALUES ('11845', 'Maven');
INSERT INTO `SkillSet_skills` (`SkillSet_id`, `skills`) VALUES ('11845', 'Architektur');
INSERT INTO `SkillSet_skills` (`SkillSet_id`, `skills`) VALUES ('11845', 'Java');
INSERT INTO `SkillSet_skills` (`SkillSet_id`, `skills`) VALUES ('11845', 'Maven');
INSERT INTO `Mission` (`id`, `companyName`, `shortName`, `role`, `skillSet_id`) VALUES ('11845', 'Flistaupf', 'Laib', 'SoftwareEngineer', '11845');
INSERT INTO `SkillSet` (`id`) VALUES ('11846');
INSERT INTO `SkillSet_skills` (`SkillSet_id`, `skills`) VALUES ('11846', 'dotNet');
INSERT INTO `SkillSet_skills` (`SkillSet_id`, `skills`) VALUES ('11846', 'Java');
INSERT INTO `SkillSet_skills` (`SkillSet_id`, `skills`) VALUES ('11846', 'dotNet');
INSERT INTO `SkillSet_skills` (`SkillSet_id`, `skills`) VALUES ('11846', 'Architektur');
INSERT INTO `SkillSet_skills` (`SkillSet_id`, `skills`) VALUES ('11846', 'Java');
INSERT INTO `Mission` (`id`, `companyName`, `shortName`, `role`, `skillSet_id`) VALUES ('11846', 'Sum', 'Ef', 'JuniorSoftwareEngineer', '11846');
INSERT INTO `SkillSet` (`id`) VALUES ('11847');
INSERT INTO `SkillSet_skills` (`SkillSet_id`, `skills`) VALUES ('11847', 'Maven');
INSERT INTO `SkillSet_skills` (`SkillSet_id`, `skills`) VALUES ('11847', 'UITesting');
INSERT INTO `Mission` (`id`, `companyName`, `shortName`, `role`, `skillSet_id`) VALUES ('11847', 'Jipjir', 'Naus', 'JuniorSoftwareEngineer', '11847');
INSERT INTO `SkillSet` (`id`) VALUES ('11848');
INSERT INTO `SkillSet_skills` (`SkillSet_id`, `skills`) VALUES ('11848', 'Ant');
INSERT INTO `SkillSet_skills` (`SkillSet_id`, `skills`) VALUES ('11848', 'UnitTesting');
INSERT INTO `SkillSet_skills` (`SkillSet_id`, `skills`) VALUES ('11848', 'Architektur');
INSERT INTO `SkillSet_skills` (`SkillSet_id`, `skills`) VALUES ('11848', 'SQL');
INSERT INTO `Mission` (`id`, `companyName`, `shortName`, `role`, `skillSet_id`) VALUES ('11848', 'Aitt', 'Emjch', 'LeadSoftwareArchitect', '11848');
INSERT INTO `SkillSet` (`id`) VALUES ('11849');
INSERT INTO `SkillSet_skills` (`SkillSet_id`, `skills`) VALUES ('11849', 'Ant');
INSERT INTO `SkillSet_skills` (`SkillSet_id`, `skills`) VALUES ('11849', 'Ant');
INSERT INTO `SkillSet_skills` (`SkillSet_id`, `skills`) VALUES ('11849', 'Architektur');
INSERT INTO `SkillSet_skills` (`SkillSet_id`, `skills`) VALUES ('11849', 'UITesting');
INSERT INTO `Mission` (`id`, `companyName`, `shortName`, `role`, `skillSet_id`) VALUES ('11849', 'Ein', 'Prut', 'SoftwareEngineer', '11849');
INSERT INTO `SkillSet` (`id`) VALUES ('11850');
INSERT INTO `SkillSet_skills` (`SkillSet_id`, `skills`) VALUES ('11850', 'Gradle');
INSERT INTO `SkillSet_skills` (`SkillSet_id`, `skills`) VALUES ('11850', 'SQL');
INSERT INTO `SkillSet_skills` (`SkillSet_id`, `skills`) VALUES ('11850', 'Maven');
INSERT INTO `SkillSet_skills` (`SkillSet_id`, `skills`) VALUES ('11850', 'Maven');
INSERT INTO `SkillSet_skills` (`SkillSet_id`, `skills`) VALUES ('11850', 'Architektur');
INSERT INTO `Mission` (`id`, `companyName`, `shortName`, `role`, `skillSet_id`) VALUES ('11850', 'Ah', 'Ott', 'PrincipalConsultant', '11850');
INSERT INTO `SkillSet` (`id`) VALUES ('11851');
INSERT INTO `SkillSet_skills` (`SkillSet_id`, `skills`) VALUES ('11851', 'SQL');
INSERT INTO `SkillSet_skills` (`SkillSet_id`, `skills`) VALUES ('11851', 'Ant');
INSERT INTO `Mission` (`id`, `companyName`, `shortName`, `role`, `skillSet_id`) VALUES ('11851', 'Ootaum', 'Qaloont', 'LeadEngineer', '11851');
INSERT INTO `SkillSet` (`id`) VALUES ('11852');
INSERT INTO `SkillSet_skills` (`SkillSet_id`, `skills`) VALUES ('11852', 'UITesting');
INSERT INTO `SkillSet_skills` (`SkillSet_id`, `skills`) VALUES ('11852', 'UnitTesting');
INSERT INTO `Mission` (`id`, `companyName`, `shortName`, `role`, `skillSet_id`) VALUES ('11852', 'Jvjint', 'Air', 'JuniorSoftwareEngineer', '11852');
INSERT INTO `SkillSet` (`id`) VALUES ('11853');
INSERT INTO `SkillSet_skills` (`SkillSet_id`, `skills`) VALUES ('11853', 'UnitTesting');
INSERT INTO `SkillSet_skills` (`SkillSet_id`, `skills`) VALUES ('11853', 'Java');
INSERT INTO `SkillSet_skills` (`SkillSet_id`, `skills`) VALUES ('11853', 'UITesting');
INSERT INTO `Mission` (`id`, `companyName`, `shortName`, `role`, `skillSet_id`) VALUES ('11853', 'Aimaunn', 'Itt', 'LeadSoftwareArchitect', '11853');
INSERT INTO `SkillSet` (`id`) VALUES ('11854');
INSERT INTO `SkillSet_skills` (`SkillSet_id`, `skills`) VALUES ('11854', 'Java');
INSERT INTO `SkillSet_skills` (`SkillSet_id`, `skills`) VALUES ('11854', 'dotNet');
INSERT INTO `SkillSet_skills` (`SkillSet_id`, `skills`) VALUES ('11854', 'Ant');
INSERT INTO `SkillSet_skills` (`SkillSet_id`, `skills`) VALUES ('11854', 'Java');
INSERT INTO `Mission` (`id`, `companyName`, `shortName`, `role`, `skillSet_id`) VALUES ('11854', 'Aimogh', 'Oor', 'JuniorSoftwareEngineer', '11854');
INSERT INTO `SkillSet` (`id`) VALUES ('11855');
INSERT INTO `SkillSet_skills` (`SkillSet_id`, `skills`) VALUES ('11855', 'Java');
INSERT INTO `SkillSet_skills` (`SkillSet_id`, `skills`) VALUES ('11855', 'dotNet');
INSERT INTO `Mission` (`id`, `companyName`, `shortName`, `role`, `skillSet_id`) VALUES ('11855', 'Eich', 'Thaiseth', 'LeadSoftwareArchitect', '11855');
INSERT INTO `SkillSet` (`id`) VALUES ('11856');
INSERT INTO `SkillSet_skills` (`SkillSet_id`, `skills`) VALUES ('11856', 'Ant');
INSERT INTO `SkillSet_skills` (`SkillSet_id`, `skills`) VALUES ('11856', 'UnitTesting');
INSERT INTO `SkillSet_skills` (`SkillSet_id`, `skills`) VALUES ('11856', 'Gradle');
INSERT INTO `SkillSet_skills` (`SkillSet_id`, `skills`) VALUES ('11856', 'Ant');
INSERT INTO `Mission` (`id`, `companyName`, `shortName`, `role`, `skillSet_id`) VALUES ('11856', 'Graittad', 'Sheibjir', 'LeadSoftwareArchitect', '11856');
INSERT INTO `SkillSet` (`id`) VALUES ('11857');
INSERT INTO `SkillSet_skills` (`SkillSet_id`, `skills`) VALUES ('11857', 'Maven');
INSERT INTO `SkillSet_skills` (`SkillSet_id`, `skills`) VALUES ('11857', 'Maven');
INSERT INTO `SkillSet_skills` (`SkillSet_id`, `skills`) VALUES ('11857', 'dotNet');
INSERT INTO `SkillSet_skills` (`SkillSet_id`, `skills`) VALUES ('11857', 'Maven');
INSERT INTO `Mission` (`id`, `companyName`, `shortName`, `role`, `skillSet_id`) VALUES ('11857', 'Klikjist', 'Shynt', 'SeniorSoftwareEngineer', '11857');
INSERT INTO `SkillSet` (`id`) VALUES ('11858');
INSERT INTO `SkillSet_skills` (`SkillSet_id`, `skills`) VALUES ('11858', 'Ant');
INSERT INTO `SkillSet_skills` (`SkillSet_id`, `skills`) VALUES ('11858', 'UITesting');
INSERT INTO `SkillSet_skills` (`SkillSet_id`, `skills`) VALUES ('11858', 'Architektur');
INSERT INTO `SkillSet_skills` (`SkillSet_id`, `skills`) VALUES ('11858', 'UITesting');
INSERT INTO `SkillSet_skills` (`SkillSet_id`, `skills`) VALUES ('11858', 'UnitTesting');
INSERT INTO `Mission` (`id`, `companyName`, `shortName`, `role`, `skillSet_id`) VALUES ('11858', 'Elyv', 'Suvjtt', 'SoftwareEngineer', '11858');
INSERT INTO `SkillSet` (`id`) VALUES ('11859');
INSERT INTO `SkillSet_skills` (`SkillSet_id`, `skills`) VALUES ('11859', 'Ant');
INSERT INTO `SkillSet_skills` (`SkillSet_id`, `skills`) VALUES ('11859', 'Java');
INSERT INTO `SkillSet_skills` (`SkillSet_id`, `skills`) VALUES ('11859', 'UITesting');
INSERT INTO `SkillSet_skills` (`SkillSet_id`, `skills`) VALUES ('11859', 'SQL');
INSERT INTO `Mission` (`id`, `companyName`, `shortName`, `role`, `skillSet_id`) VALUES ('11859', 'Kjf', 'Sapog', 'JuniorSoftwareEngineer', '11859');
INSERT INTO `SkillSet` (`id`) VALUES ('11860');
INSERT INTO `SkillSet_skills` (`SkillSet_id`, `skills`) VALUES ('11860', 'Maven');
INSERT INTO `SkillSet_skills` (`SkillSet_id`, `skills`) VALUES ('11860', 'Java');
INSERT INTO `SkillSet_skills` (`SkillSet_id`, `skills`) VALUES ('11860', 'Gradle');
INSERT INTO `Mission` (`id`, `companyName`, `shortName`, `role`, `skillSet_id`) VALUES ('11860', 'Chog', 'Enn', 'LeadEngineer', '11860');
INSERT INTO `SkillSet` (`id`) VALUES ('11861');
INSERT INTO `SkillSet_skills` (`SkillSet_id`, `skills`) VALUES ('11861', 'Java');
INSERT INTO `SkillSet_skills` (`SkillSet_id`, `skills`) VALUES ('11861', 'Gradle');
INSERT INTO `Mission` (`id`, `companyName`, `shortName`, `role`, `skillSet_id`) VALUES ('11861', 'Aihjk', 'Aimjid', 'SeniorSoftwareEngineer', '11861');
INSERT INTO `SkillSet` (`id`) VALUES ('11862');
INSERT INTO `SkillSet_skills` (`SkillSet_id`, `skills`) VALUES ('11862', 'SQL');
INSERT INTO `SkillSet_skills` (`SkillSet_id`, `skills`) VALUES ('11862', 'Architektur');
INSERT INTO `Mission` (`id`, `companyName`, `shortName`, `role`, `skillSet_id`) VALUES ('11862', 'Vozoun', 'Ulyw', 'PrincipalConsultant', '11862');
INSERT INTO `SkillSet` (`id`) VALUES ('11863');
INSERT INTO `SkillSet_skills` (`SkillSet_id`, `skills`) VALUES ('11863', 'Maven');
INSERT INTO `SkillSet_skills` (`SkillSet_id`, `skills`) VALUES ('11863', 'UnitTesting');
INSERT INTO `SkillSet_skills` (`SkillSet_id`, `skills`) VALUES ('11863', 'Architektur');
INSERT INTO `SkillSet_skills` (`SkillSet_id`, `skills`) VALUES ('11863', 'Gradle');
INSERT INTO `Mission` (`id`, `companyName`, `shortName`, `role`, `skillSet_id`) VALUES ('11863', 'Boitt', 'Yn', 'JuniorSoftwareEngineer', '11863');
INSERT INTO `SkillSet` (`id`) VALUES ('11864');
INSERT INTO `SkillSet_skills` (`SkillSet_id`, `skills`) VALUES ('11864', 'UITesting');
INSERT INTO `SkillSet_skills` (`SkillSet_id`, `skills`) VALUES ('11864', 'Java');
INSERT INTO `SkillSet_skills` (`SkillSet_id`, `skills`) VALUES ('11864', 'SQL');
INSERT INTO `SkillSet_skills` (`SkillSet_id`, `skills`) VALUES ('11864', 'UnitTesting');
INSERT INTO `Mission` (`id`, `companyName`, `shortName`, `role`, `skillSet_id`) VALUES ('11864', 'Arob', 'Jitoinn', 'PrincipalConsultant', '11864');
INSERT INTO `SkillSet` (`id`) VALUES ('11865');
INSERT INTO `SkillSet_skills` (`SkillSet_id`, `skills`) VALUES ('11865', 'dotNet');
INSERT INTO `SkillSet_skills` (`SkillSet_id`, `skills`) VALUES ('11865', 'SQL');
INSERT INTO `Mission` (`id`, `companyName`, `shortName`, `role`, `skillSet_id`) VALUES ('11865', 'Cjipfjiss', 'Ain', 'LeadEngineer', '11865');
INSERT INTO `SkillSet` (`id`) VALUES ('11866');
INSERT INTO `SkillSet_skills` (`SkillSet_id`, `skills`) VALUES ('11866', 'dotNet');
INSERT INTO `SkillSet_skills` (`SkillSet_id`, `skills`) VALUES ('11866', 'Gradle');
INSERT INTO `SkillSet_skills` (`SkillSet_id`, `skills`) VALUES ('11866', 'UnitTesting');
INSERT INTO `SkillSet_skills` (`SkillSet_id`, `skills`) VALUES ('11866', 'Java');
INSERT INTO `SkillSet_skills` (`SkillSet_id`, `skills`) VALUES ('11866', 'SQL');
INSERT INTO `Mission` (`id`, `companyName`, `shortName`, `role`, `skillSet_id`) VALUES ('11866', 'Jzouh', 'Houn', 'JuniorSoftwareEngineer', '11866');
INSERT INTO `SkillSet` (`id`) VALUES ('11867');
INSERT INTO `SkillSet_skills` (`SkillSet_id`, `skills`) VALUES ('11867', 'UITesting');
INSERT INTO `SkillSet_skills` (`SkillSet_id`, `skills`) VALUES ('11867', 'Architektur');
INSERT INTO `SkillSet_skills` (`SkillSet_id`, `skills`) VALUES ('11867', 'Architektur');
INSERT INTO `SkillSet_skills` (`SkillSet_id`, `skills`) VALUES ('11867', 'Architektur');
INSERT INTO `SkillSet_skills` (`SkillSet_id`, `skills`) VALUES ('11867', 'Architektur');
INSERT INTO `Mission` (`id`, `companyName`, `shortName`, `role`, `skillSet_id`) VALUES ('11867', 'Ougoutt', 'Stapah', 'LeadEngineer', '11867');
INSERT INTO `SkillSet` (`id`) VALUES ('11868');
INSERT INTO `SkillSet_skills` (`SkillSet_id`, `skills`) VALUES ('11868', 'Maven');
INSERT INTO `Mission` (`id`, `companyName`, `shortName`, `role`, `skillSet_id`) VALUES ('11868', 'Dyn', 'Atteb', 'LeadSoftwareArchitect', '11868');
INSERT INTO `SkillSet` (`id`) VALUES ('11869');
INSERT INTO `SkillSet_skills` (`SkillSet_id`, `skills`) VALUES ('11869', 'UITesting');
INSERT INTO `SkillSet_skills` (`SkillSet_id`, `skills`) VALUES ('11869', 'UITesting');
INSERT INTO `SkillSet_skills` (`SkillSet_id`, `skills`) VALUES ('11869', 'dotNet');
INSERT INTO `Mission` (`id`, `companyName`, `shortName`, `role`, `skillSet_id`) VALUES ('11869', 'Oun', 'Thooz', 'SoftwareEngineer', '11869');
INSERT INTO `SkillSet` (`id`) VALUES ('11870');
INSERT INTO `SkillSet_skills` (`SkillSet_id`, `skills`) VALUES ('11870', 'Gradle');
INSERT INTO `SkillSet_skills` (`SkillSet_id`, `skills`) VALUES ('11870', 'Java');
INSERT INTO `SkillSet_skills` (`SkillSet_id`, `skills`) VALUES ('11870', 'Maven');
INSERT INTO `Mission` (`id`, `companyName`, `shortName`, `role`, `skillSet_id`) VALUES ('11870', 'Stjifoir', 'Ytjih', 'SoftwareEngineer', '11870');
INSERT INTO `SkillSet` (`id`) VALUES ('11871');
INSERT INTO `SkillSet_skills` (`SkillSet_id`, `skills`) VALUES ('11871', 'dotNet');
INSERT INTO `SkillSet_skills` (`SkillSet_id`, `skills`) VALUES ('11871', 'UITesting');
INSERT INTO `SkillSet_skills` (`SkillSet_id`, `skills`) VALUES ('11871', 'Java');
INSERT INTO `SkillSet_skills` (`SkillSet_id`, `skills`) VALUES ('11871', 'UnitTesting');
INSERT INTO `SkillSet_skills` (`SkillSet_id`, `skills`) VALUES ('11871', 'Maven');
INSERT INTO `Mission` (`id`, `companyName`, `shortName`, `role`, `skillSet_id`) VALUES ('11871', 'Aithjn', 'Ennjiv', 'LeadSoftwareArchitect', '11871');
INSERT INTO `SkillSet` (`id`) VALUES ('11872');
INSERT INTO `SkillSet_skills` (`SkillSet_id`, `skills`) VALUES ('11872', 'Ant');
INSERT INTO `SkillSet_skills` (`SkillSet_id`, `skills`) VALUES ('11872', 'Java');
INSERT INTO `SkillSet_skills` (`SkillSet_id`, `skills`) VALUES ('11872', 'Ant');
INSERT INTO `SkillSet_skills` (`SkillSet_id`, `skills`) VALUES ('11872', 'UnitTesting');
INSERT INTO `SkillSet_skills` (`SkillSet_id`, `skills`) VALUES ('11872', 'UITesting');
INSERT INTO `Mission` (`id`, `companyName`, `shortName`, `role`, `skillSet_id`) VALUES ('11872', 'Stjiwouw', 'Wjif', 'SeniorSoftwareEngineer', '11872');
INSERT INTO `SkillSet` (`id`) VALUES ('11873');
INSERT INTO `SkillSet_skills` (`SkillSet_id`, `skills`) VALUES ('11873', 'Architektur');
INSERT INTO `SkillSet_skills` (`SkillSet_id`, `skills`) VALUES ('11873', 'SQL');
INSERT INTO `SkillSet_skills` (`SkillSet_id`, `skills`) VALUES ('11873', 'UITesting');
INSERT INTO `SkillSet_skills` (`SkillSet_id`, `skills`) VALUES ('11873', 'UnitTesting');
INSERT INTO `SkillSet_skills` (`SkillSet_id`, `skills`) VALUES ('11873', 'Maven');
INSERT INTO `Mission` (`id`, `companyName`, `shortName`, `role`, `skillSet_id`) VALUES ('11873', 'Jifjif', 'Goinn', 'PrincipalConsultant', '11873');
INSERT INTO `SkillSet` (`id`) VALUES ('11874');
INSERT INTO `SkillSet_skills` (`SkillSet_id`, `skills`) VALUES ('11874', 'Gradle');
INSERT INTO `SkillSet_skills` (`SkillSet_id`, `skills`) VALUES ('11874', 'UITesting');
INSERT INTO `SkillSet_skills` (`SkillSet_id`, `skills`) VALUES ('11874', 'Java');
INSERT INTO `SkillSet_skills` (`SkillSet_id`, `skills`) VALUES ('11874', 'UnitTesting');
INSERT INTO `Mission` (`id`, `companyName`, `shortName`, `role`, `skillSet_id`) VALUES ('11874', 'Jit', 'Flenn', 'SoftwareEngineer', '11874');
INSERT INTO `SkillSet` (`id`) VALUES ('11875');
INSERT INTO `SkillSet_skills` (`SkillSet_id`, `skills`) VALUES ('11875', 'Java');
INSERT INTO `Mission` (`id`, `companyName`, `shortName`, `role`, `skillSet_id`) VALUES ('11875', 'Thaupf', 'Ush', 'LeadEngineer', '11875');
INSERT INTO `SkillSet` (`id`) VALUES ('11876');
INSERT INTO `SkillSet_skills` (`SkillSet_id`, `skills`) VALUES ('11876', 'Gradle');
INSERT INTO `SkillSet_skills` (`SkillSet_id`, `skills`) VALUES ('11876', 'Maven');
INSERT INTO `SkillSet_skills` (`SkillSet_id`, `skills`) VALUES ('11876', 'Gradle');
INSERT INTO `SkillSet_skills` (`SkillSet_id`, `skills`) VALUES ('11876', 'Maven');
INSERT INTO `Mission` (`id`, `companyName`, `shortName`, `role`, `skillSet_id`) VALUES ('11876', 'Im', 'Prail', 'JuniorSoftwareEngineer', '11876');
INSERT INTO `SkillSet` (`id`) VALUES ('11877');
INSERT INTO `SkillSet_skills` (`SkillSet_id`, `skills`) VALUES ('11877', 'Java');
INSERT INTO `SkillSet_skills` (`SkillSet_id`, `skills`) VALUES ('11877', 'Java');
INSERT INTO `SkillSet_skills` (`SkillSet_id`, `skills`) VALUES ('11877', 'dotNet');
INSERT INTO `Mission` (`id`, `companyName`, `shortName`, `role`, `skillSet_id`) VALUES ('11877', 'Gohaich', 'Bryshjf', 'LeadEngineer', '11877');
INSERT INTO `SkillSet` (`id`) VALUES ('11878');
INSERT INTO `SkillSet_skills` (`SkillSet_id`, `skills`) VALUES ('11878', 'Gradle');
INSERT INTO `SkillSet_skills` (`SkillSet_id`, `skills`) VALUES ('11878', 'dotNet');
INSERT INTO `SkillSet_skills` (`SkillSet_id`, `skills`) VALUES ('11878', 'SQL');
INSERT INTO `SkillSet_skills` (`SkillSet_id`, `skills`) VALUES ('11878', 'Java');
INSERT INTO `Mission` (`id`, `companyName`, `shortName`, `role`, `skillSet_id`) VALUES ('11878', 'Ith', 'Gryropf', 'PrincipalConsultant', '11878');
INSERT INTO `SkillSet` (`id`) VALUES ('11879');
INSERT INTO `SkillSet_skills` (`SkillSet_id`, `skills`) VALUES ('11879', 'Ant');
INSERT INTO `SkillSet_skills` (`SkillSet_id`, `skills`) VALUES ('11879', 'Architektur');
INSERT INTO `SkillSet_skills` (`SkillSet_id`, `skills`) VALUES ('11879', 'Java');
INSERT INTO `SkillSet_skills` (`SkillSet_id`, `skills`) VALUES ('11879', 'Ant');
INSERT INTO `Mission` (`id`, `companyName`, `shortName`, `role`, `skillSet_id`) VALUES ('11879', 'Douliz', 'Jinneint', 'LeadSoftwareArchitect', '11879');
INSERT INTO `SkillSet` (`id`) VALUES ('11880');
INSERT INTO `SkillSet_skills` (`SkillSet_id`, `skills`) VALUES ('11880', 'Ant');
INSERT INTO `Mission` (`id`, `companyName`, `shortName`, `role`, `skillSet_id`) VALUES ('11880', 'Glew', 'Qupf', 'SeniorSoftwareEngineer', '11880');
INSERT INTO `SkillSet` (`id`) VALUES ('11881');
INSERT INTO `SkillSet_skills` (`SkillSet_id`, `skills`) VALUES ('11881', 'dotNet');
INSERT INTO `SkillSet_skills` (`SkillSet_id`, `skills`) VALUES ('11881', 'Architektur');
INSERT INTO `SkillSet_skills` (`SkillSet_id`, `skills`) VALUES ('11881', 'Maven');
INSERT INTO `SkillSet_skills` (`SkillSet_id`, `skills`) VALUES ('11881', 'dotNet');
INSERT INTO `Mission` (`id`, `companyName`, `shortName`, `role`, `skillSet_id`) VALUES ('11881', 'Wann', 'Ytt', 'LeadSoftwareArchitect', '11881');
INSERT INTO `SkillSet` (`id`) VALUES ('11882');
INSERT INTO `SkillSet_skills` (`SkillSet_id`, `skills`) VALUES ('11882', 'Maven');
INSERT INTO `SkillSet_skills` (`SkillSet_id`, `skills`) VALUES ('11882', 'Java');
INSERT INTO `SkillSet_skills` (`SkillSet_id`, `skills`) VALUES ('11882', 'Maven');
INSERT INTO `Mission` (`id`, `companyName`, `shortName`, `role`, `skillSet_id`) VALUES ('11882', 'Jiw', 'Glyth', 'SoftwareEngineer', '11882');
INSERT INTO `SkillSet` (`id`) VALUES ('11883');
INSERT INTO `SkillSet_skills` (`SkillSet_id`, `skills`) VALUES ('11883', 'dotNet');
INSERT INTO `SkillSet_skills` (`SkillSet_id`, `skills`) VALUES ('11883', 'UnitTesting');
INSERT INTO `SkillSet_skills` (`SkillSet_id`, `skills`) VALUES ('11883', 'UITesting');
INSERT INTO `Mission` (`id`, `companyName`, `shortName`, `role`, `skillSet_id`) VALUES ('11883', 'Ylauw', 'Rest', 'SoftwareEngineer', '11883');
INSERT INTO `SkillSet` (`id`) VALUES ('11884');
INSERT INTO `SkillSet_skills` (`SkillSet_id`, `skills`) VALUES ('11884', 'Java');
INSERT INTO `SkillSet_skills` (`SkillSet_id`, `skills`) VALUES ('11884', 'SQL');
INSERT INTO `Mission` (`id`, `companyName`, `shortName`, `role`, `skillSet_id`) VALUES ('11884', 'Dynn', 'Syh', 'LeadEngineer', '11884');
INSERT INTO `SkillSet` (`id`) VALUES ('11885');
INSERT INTO `SkillSet_skills` (`SkillSet_id`, `skills`) VALUES ('11885', 'Ant');
INSERT INTO `SkillSet_skills` (`SkillSet_id`, `skills`) VALUES ('11885', 'dotNet');
INSERT INTO `SkillSet_skills` (`SkillSet_id`, `skills`) VALUES ('11885', 'UITesting');
INSERT INTO `Mission` (`id`, `companyName`, `shortName`, `role`, `skillSet_id`) VALUES ('11885', 'Goumigh', 'Jintun', 'LeadEngineer', '11885');
INSERT INTO `SkillSet` (`id`) VALUES ('11886');
INSERT INTO `SkillSet_skills` (`SkillSet_id`, `skills`) VALUES ('11886', 'Ant');
INSERT INTO `SkillSet_skills` (`SkillSet_id`, `skills`) VALUES ('11886', 'UITesting');
INSERT INTO `SkillSet_skills` (`SkillSet_id`, `skills`) VALUES ('11886', 'UnitTesting');
INSERT INTO `Mission` (`id`, `companyName`, `shortName`, `role`, `skillSet_id`) VALUES ('11886', 'Bed', 'Gum', 'PrincipalConsultant', '11886');
INSERT INTO `SkillSet` (`id`) VALUES ('11887');
INSERT INTO `SkillSet_skills` (`SkillSet_id`, `skills`) VALUES ('11887', 'Ant');
INSERT INTO `Mission` (`id`, `companyName`, `shortName`, `role`, `skillSet_id`) VALUES ('11887', 'Koih', 'Shjidyg', 'SeniorSoftwareEngineer', '11887');
INSERT INTO `SkillSet` (`id`) VALUES ('11888');
INSERT INTO `SkillSet_skills` (`SkillSet_id`, `skills`) VALUES ('11888', 'UITesting');
INSERT INTO `SkillSet_skills` (`SkillSet_id`, `skills`) VALUES ('11888', 'Ant');
INSERT INTO `SkillSet_skills` (`SkillSet_id`, `skills`) VALUES ('11888', 'Gradle');
INSERT INTO `SkillSet_skills` (`SkillSet_id`, `skills`) VALUES ('11888', 'Ant');
INSERT INTO `Mission` (`id`, `companyName`, `shortName`, `role`, `skillSet_id`) VALUES ('11888', 'Aiheist', 'Saukeiss', 'SoftwareEngineer', '11888');
INSERT INTO `SkillSet` (`id`) VALUES ('11889');
INSERT INTO `SkillSet_skills` (`SkillSet_id`, `skills`) VALUES ('11889', 'Architektur');
INSERT INTO `SkillSet_skills` (`SkillSet_id`, `skills`) VALUES ('11889', 'UnitTesting');
INSERT INTO `Mission` (`id`, `companyName`, `shortName`, `role`, `skillSet_id`) VALUES ('11889', 'Kjh', 'Ounn', 'SoftwareEngineer', '11889');
INSERT INTO `SkillSet` (`id`) VALUES ('11890');
INSERT INTO `SkillSet_skills` (`SkillSet_id`, `skills`) VALUES ('11890', 'Ant');
INSERT INTO `Mission` (`id`, `companyName`, `shortName`, `role`, `skillSet_id`) VALUES ('11890', 'Choozaunt', 'Oh', 'SeniorSoftwareEngineer', '11890');
INSERT INTO `SkillSet` (`id`) VALUES ('11891');
INSERT INTO `SkillSet_skills` (`SkillSet_id`, `skills`) VALUES ('11891', 'Java');
INSERT INTO `SkillSet_skills` (`SkillSet_id`, `skills`) VALUES ('11891', 'Maven');
INSERT INTO `Mission` (`id`, `companyName`, `shortName`, `role`, `skillSet_id`) VALUES ('11891', 'Aub', 'Blof', 'SoftwareEngineer', '11891');
INSERT INTO `SkillSet` (`id`) VALUES ('11892');
INSERT INTO `SkillSet_skills` (`SkillSet_id`, `skills`) VALUES ('11892', 'Architektur');
INSERT INTO `SkillSet_skills` (`SkillSet_id`, `skills`) VALUES ('11892', 'Java');
INSERT INTO `SkillSet_skills` (`SkillSet_id`, `skills`) VALUES ('11892', 'Architektur');
INSERT INTO `SkillSet_skills` (`SkillSet_id`, `skills`) VALUES ('11892', 'Architektur');
INSERT INTO `SkillSet_skills` (`SkillSet_id`, `skills`) VALUES ('11892', 'Architektur');
INSERT INTO `Mission` (`id`, `companyName`, `shortName`, `role`, `skillSet_id`) VALUES ('11892', 'Poittytt', 'Auw', 'JuniorSoftwareEngineer', '11892');
INSERT INTO `SkillSet` (`id`) VALUES ('11893');
INSERT INTO `SkillSet_skills` (`SkillSet_id`, `skills`) VALUES ('11893', 'Ant');
INSERT INTO `Mission` (`id`, `companyName`, `shortName`, `role`, `skillSet_id`) VALUES ('11893', 'Ighum', 'Graz', 'JuniorSoftwareEngineer', '11893');
INSERT INTO `SkillSet` (`id`) VALUES ('11894');
INSERT INTO `SkillSet_skills` (`SkillSet_id`, `skills`) VALUES ('11894', 'Java');
INSERT INTO `SkillSet_skills` (`SkillSet_id`, `skills`) VALUES ('11894', 'dotNet');
INSERT INTO `Mission` (`id`, `companyName`, `shortName`, `role`, `skillSet_id`) VALUES ('11894', 'Grjihoth', 'Daugh', 'SoftwareEngineer', '11894');
INSERT INTO `SkillSet` (`id`) VALUES ('11895');
INSERT INTO `SkillSet_skills` (`SkillSet_id`, `skills`) VALUES ('11895', 'Java');
INSERT INTO `SkillSet_skills` (`SkillSet_id`, `skills`) VALUES ('11895', 'Java');
INSERT INTO `Mission` (`id`, `companyName`, `shortName`, `role`, `skillSet_id`) VALUES ('11895', 'Soigh', 'Ir', 'SoftwareEngineer', '11895');
INSERT INTO `SkillSet` (`id`) VALUES ('11896');
INSERT INTO `SkillSet_skills` (`SkillSet_id`, `skills`) VALUES ('11896', 'dotNet');
INSERT INTO `SkillSet_skills` (`SkillSet_id`, `skills`) VALUES ('11896', 'SQL');
INSERT INTO `SkillSet_skills` (`SkillSet_id`, `skills`) VALUES ('11896', 'Ant');
INSERT INTO `Mission` (`id`, `companyName`, `shortName`, `role`, `skillSet_id`) VALUES ('11896', 'Auth', 'Gruvynt', 'LeadEngineer', '11896');
INSERT INTO `SkillSet` (`id`) VALUES ('11897');
INSERT INTO `SkillSet_skills` (`SkillSet_id`, `skills`) VALUES ('11897', 'Gradle');
INSERT INTO `SkillSet_skills` (`SkillSet_id`, `skills`) VALUES ('11897', 'Java');
INSERT INTO `Mission` (`id`, `companyName`, `shortName`, `role`, `skillSet_id`) VALUES ('11897', 'Auwapf', 'Authaut', 'SoftwareEngineer', '11897');
INSERT INTO `SkillSet` (`id`) VALUES ('11898');
INSERT INTO `SkillSet_skills` (`SkillSet_id`, `skills`) VALUES ('11898', 'dotNet');
INSERT INTO `SkillSet_skills` (`SkillSet_id`, `skills`) VALUES ('11898', 'Gradle');
INSERT INTO `SkillSet_skills` (`SkillSet_id`, `skills`) VALUES ('11898', 'Maven');
INSERT INTO `SkillSet_skills` (`SkillSet_id`, `skills`) VALUES ('11898', 'Maven');
INSERT INTO `SkillSet_skills` (`SkillSet_id`, `skills`) VALUES ('11898', 'UnitTesting');
INSERT INTO `Mission` (`id`, `companyName`, `shortName`, `role`, `skillSet_id`) VALUES ('11898', 'Jilaiw', 'Issoinn', 'JuniorSoftwareEngineer', '11898');
INSERT INTO `SkillSet` (`id`) VALUES ('11899');
INSERT INTO `SkillSet_skills` (`SkillSet_id`, `skills`) VALUES ('11899', 'Maven');
INSERT INTO `Mission` (`id`, `companyName`, `shortName`, `role`, `skillSet_id`) VALUES ('11899', 'Bryn', 'Og', 'LeadSoftwareArchitect', '11899');
INSERT INTO `SkillSet` (`id`) VALUES ('11900');
INSERT INTO `SkillSet_skills` (`SkillSet_id`, `skills`) VALUES ('11900', 'SQL');
INSERT INTO `Mission` (`id`, `companyName`, `shortName`, `role`, `skillSet_id`) VALUES ('11900', 'Gauvjn', 'Njb', 'SoftwareEngineer', '11900');
INSERT INTO `SkillSet` (`id`) VALUES ('11901');
INSERT INTO `SkillSet_skills` (`SkillSet_id`, `skills`) VALUES ('11901', 'Gradle');
INSERT INTO `Mission` (`id`, `companyName`, `shortName`, `role`, `skillSet_id`) VALUES ('11901', 'Gryvaich', 'Jiw', 'SoftwareEngineer', '11901');
INSERT INTO `SkillSet` (`id`) VALUES ('11902');
INSERT INTO `SkillSet_skills` (`SkillSet_id`, `skills`) VALUES ('11902', 'UITesting');
INSERT INTO `Mission` (`id`, `companyName`, `shortName`, `role`, `skillSet_id`) VALUES ('11902', 'Djistaut', 'Eig', 'PrincipalConsultant', '11902');
INSERT INTO `SkillSet` (`id`) VALUES ('11903');
INSERT INTO `SkillSet_skills` (`SkillSet_id`, `skills`) VALUES ('11903', 'Gradle');
INSERT INTO `SkillSet_skills` (`SkillSet_id`, `skills`) VALUES ('11903', 'Maven');
INSERT INTO `Mission` (`id`, `companyName`, `shortName`, `role`, `skillSet_id`) VALUES ('11903', 'Jdoonn', 'Uttoif', 'LeadSoftwareArchitect', '11903');
INSERT INTO `SkillSet` (`id`) VALUES ('11904');
INSERT INTO `SkillSet_skills` (`SkillSet_id`, `skills`) VALUES ('11904', 'UnitTesting');
INSERT INTO `SkillSet_skills` (`SkillSet_id`, `skills`) VALUES ('11904', 'Java');
INSERT INTO `Mission` (`id`, `companyName`, `shortName`, `role`, `skillSet_id`) VALUES ('11904', 'Blyttauk', 'Sushair', 'SeniorSoftwareEngineer', '11904');
INSERT INTO `SkillSet` (`id`) VALUES ('11905');
INSERT INTO `SkillSet_skills` (`SkillSet_id`, `skills`) VALUES ('11905', 'Architektur');
INSERT INTO `SkillSet_skills` (`SkillSet_id`, `skills`) VALUES ('11905', 'Architektur');
INSERT INTO `SkillSet_skills` (`SkillSet_id`, `skills`) VALUES ('11905', 'Architektur');
INSERT INTO `Mission` (`id`, `companyName`, `shortName`, `role`, `skillSet_id`) VALUES ('11905', 'Ous', 'Ib', 'SoftwareEngineer', '11905');
INSERT INTO `SkillSet` (`id`) VALUES ('11906');
INSERT INTO `SkillSet_skills` (`SkillSet_id`, `skills`) VALUES ('11906', 'Maven');
INSERT INTO `SkillSet_skills` (`SkillSet_id`, `skills`) VALUES ('11906', 'Gradle');
INSERT INTO `SkillSet_skills` (`SkillSet_id`, `skills`) VALUES ('11906', 'UITesting');
INSERT INTO `SkillSet_skills` (`SkillSet_id`, `skills`) VALUES ('11906', 'UITesting');
INSERT INTO `Mission` (`id`, `companyName`, `shortName`, `role`, `skillSet_id`) VALUES ('11906', 'Djiss', 'Wufeist', 'JuniorSoftwareEngineer', '11906');
INSERT INTO `SkillSet` (`id`) VALUES ('11907');
INSERT INTO `SkillSet_skills` (`SkillSet_id`, `skills`) VALUES ('11907', 'Maven');
INSERT INTO `Mission` (`id`, `companyName`, `shortName`, `role`, `skillSet_id`) VALUES ('11907', 'Colooch', 'Pynn', 'LeadEngineer', '11907');
INSERT INTO `SkillSet` (`id`) VALUES ('11908');
INSERT INTO `SkillSet_skills` (`SkillSet_id`, `skills`) VALUES ('11908', 'SQL');
INSERT INTO `SkillSet_skills` (`SkillSet_id`, `skills`) VALUES ('11908', 'Maven');
INSERT INTO `SkillSet_skills` (`SkillSet_id`, `skills`) VALUES ('11908', 'SQL');
INSERT INTO `SkillSet_skills` (`SkillSet_id`, `skills`) VALUES ('11908', 'Architektur');
INSERT INTO `Mission` (`id`, `companyName`, `shortName`, `role`, `skillSet_id`) VALUES ('11908', 'Thauw', 'Ahoig', 'LeadSoftwareArchitect', '11908');
INSERT INTO `SkillSet` (`id`) VALUES ('11909');
INSERT INTO `SkillSet_skills` (`SkillSet_id`, `skills`) VALUES ('11909', 'Gradle');
INSERT INTO `SkillSet_skills` (`SkillSet_id`, `skills`) VALUES ('11909', 'Ant');
INSERT INTO `SkillSet_skills` (`SkillSet_id`, `skills`) VALUES ('11909', 'Java');
INSERT INTO `SkillSet_skills` (`SkillSet_id`, `skills`) VALUES ('11909', 'Java');
INSERT INTO `Mission` (`id`, `companyName`, `shortName`, `role`, `skillSet_id`) VALUES ('11909', 'Untant', 'Thet', 'JuniorSoftwareEngineer', '11909');
INSERT INTO `SkillSet` (`id`) VALUES ('11910');
INSERT INTO `SkillSet_skills` (`SkillSet_id`, `skills`) VALUES ('11910', 'Ant');
INSERT INTO `SkillSet_skills` (`SkillSet_id`, `skills`) VALUES ('11910', 'Ant');
INSERT INTO `SkillSet_skills` (`SkillSet_id`, `skills`) VALUES ('11910', 'SQL');
INSERT INTO `Mission` (`id`, `companyName`, `shortName`, `role`, `skillSet_id`) VALUES ('11910', 'Eish', 'Klounn', 'SeniorSoftwareEngineer', '11910');
INSERT INTO `SkillSet` (`id`) VALUES ('11911');
INSERT INTO `SkillSet_skills` (`SkillSet_id`, `skills`) VALUES ('11911', 'Gradle');
INSERT INTO `SkillSet_skills` (`SkillSet_id`, `skills`) VALUES ('11911', 'UITesting');
INSERT INTO `SkillSet_skills` (`SkillSet_id`, `skills`) VALUES ('11911', 'UITesting');
INSERT INTO `Mission` (`id`, `companyName`, `shortName`, `role`, `skillSet_id`) VALUES ('11911', 'Loimytt', 'Ruchenn', 'JuniorSoftwareEngineer', '11911');
INSERT INTO `SkillSet` (`id`) VALUES ('11912');
INSERT INTO `SkillSet_skills` (`SkillSet_id`, `skills`) VALUES ('11912', 'dotNet');
INSERT INTO `SkillSet_skills` (`SkillSet_id`, `skills`) VALUES ('11912', 'Ant');
INSERT INTO `SkillSet_skills` (`SkillSet_id`, `skills`) VALUES ('11912', 'SQL');
INSERT INTO `SkillSet_skills` (`SkillSet_id`, `skills`) VALUES ('11912', 'Gradle');
INSERT INTO `SkillSet_skills` (`SkillSet_id`, `skills`) VALUES ('11912', 'SQL');
INSERT INTO `Mission` (`id`, `companyName`, `shortName`, `role`, `skillSet_id`) VALUES ('11912', 'Amopf', 'Igh', 'JuniorSoftwareEngineer', '11912');
INSERT INTO `SkillSet` (`id`) VALUES ('11913');
INSERT INTO `SkillSet_skills` (`SkillSet_id`, `skills`) VALUES ('11913', 'UnitTesting');
INSERT INTO `Mission` (`id`, `companyName`, `shortName`, `role`, `skillSet_id`) VALUES ('11913', 'Kuljid', 'Zaugh', 'SeniorSoftwareEngineer', '11913');
INSERT INTO `SkillSet` (`id`) VALUES ('11914');
INSERT INTO `SkillSet_skills` (`SkillSet_id`, `skills`) VALUES ('11914', 'UITesting');
INSERT INTO `Mission` (`id`, `companyName`, `shortName`, `role`, `skillSet_id`) VALUES ('11914', 'Oufutt', 'Ous', 'SeniorSoftwareEngineer', '11914');
INSERT INTO `SkillSet` (`id`) VALUES ('11915');
INSERT INTO `SkillSet_skills` (`SkillSet_id`, `skills`) VALUES ('11915', 'Maven');
INSERT INTO `SkillSet_skills` (`SkillSet_id`, `skills`) VALUES ('11915', 'Architektur');
INSERT INTO `Mission` (`id`, `companyName`, `shortName`, `role`, `skillSet_id`) VALUES ('11915', 'Rych', 'Er', 'PrincipalConsultant', '11915');
INSERT INTO `SkillSet` (`id`) VALUES ('11916');
INSERT INTO `SkillSet_skills` (`SkillSet_id`, `skills`) VALUES ('11916', 'Maven');
INSERT INTO `SkillSet_skills` (`SkillSet_id`, `skills`) VALUES ('11916', 'Maven');
INSERT INTO `SkillSet_skills` (`SkillSet_id`, `skills`) VALUES ('11916', 'Maven');
INSERT INTO `Mission` (`id`, `companyName`, `shortName`, `role`, `skillSet_id`) VALUES ('11916', 'Aib', 'Thaih', 'LeadSoftwareArchitect', '11916');
INSERT INTO `SkillSet` (`id`) VALUES ('11917');
INSERT INTO `SkillSet_skills` (`SkillSet_id`, `skills`) VALUES ('11917', 'Ant');
INSERT INTO `SkillSet_skills` (`SkillSet_id`, `skills`) VALUES ('11917', 'Architektur');
INSERT INTO `SkillSet_skills` (`SkillSet_id`, `skills`) VALUES ('11917', 'Gradle');
INSERT INTO `Mission` (`id`, `companyName`, `shortName`, `role`, `skillSet_id`) VALUES ('11917', 'Zyroint', 'Oit', 'SeniorSoftwareEngineer', '11917');
INSERT INTO `SkillSet` (`id`) VALUES ('11918');
INSERT INTO `SkillSet_skills` (`SkillSet_id`, `skills`) VALUES ('11918', 'Architektur');
INSERT INTO `SkillSet_skills` (`SkillSet_id`, `skills`) VALUES ('11918', 'Java');
INSERT INTO `SkillSet_skills` (`SkillSet_id`, `skills`) VALUES ('11918', 'Maven');
INSERT INTO `SkillSet_skills` (`SkillSet_id`, `skills`) VALUES ('11918', 'Gradle');
INSERT INTO `Mission` (`id`, `companyName`, `shortName`, `role`, `skillSet_id`) VALUES ('11918', 'Ounul', 'Brev', 'SeniorSoftwareEngineer', '11918');
INSERT INTO `SkillSet` (`id`) VALUES ('11919');
INSERT INTO `SkillSet_skills` (`SkillSet_id`, `skills`) VALUES ('11919', 'Architektur');
INSERT INTO `SkillSet_skills` (`SkillSet_id`, `skills`) VALUES ('11919', 'Maven');
INSERT INTO `SkillSet_skills` (`SkillSet_id`, `skills`) VALUES ('11919', 'Java');
INSERT INTO `SkillSet_skills` (`SkillSet_id`, `skills`) VALUES ('11919', 'Maven');
INSERT INTO `Mission` (`id`, `companyName`, `shortName`, `role`, `skillSet_id`) VALUES ('11919', 'Oigoik', 'Hootych', 'SeniorSoftwareEngineer', '11919');
INSERT INTO `SkillSet` (`id`) VALUES ('11920');
INSERT INTO `SkillSet_skills` (`SkillSet_id`, `skills`) VALUES ('11920', 'Maven');
INSERT INTO `SkillSet_skills` (`SkillSet_id`, `skills`) VALUES ('11920', 'SQL');
INSERT INTO `SkillSet_skills` (`SkillSet_id`, `skills`) VALUES ('11920', 'Maven');
INSERT INTO `Mission` (`id`, `companyName`, `shortName`, `role`, `skillSet_id`) VALUES ('11920', 'Kiw', 'Toih', 'LeadEngineer', '11920');
INSERT INTO `SkillSet` (`id`) VALUES ('11921');
INSERT INTO `SkillSet_skills` (`SkillSet_id`, `skills`) VALUES ('11921', 'SQL');
INSERT INTO `Mission` (`id`, `companyName`, `shortName`, `role`, `skillSet_id`) VALUES ('11921', 'Oov', 'Chefeit', 'PrincipalConsultant', '11921');
INSERT INTO `SkillSet` (`id`) VALUES ('11922');
INSERT INTO `SkillSet_skills` (`SkillSet_id`, `skills`) VALUES ('11922', 'UnitTesting');
INSERT INTO `SkillSet_skills` (`SkillSet_id`, `skills`) VALUES ('11922', 'SQL');
INSERT INTO `SkillSet_skills` (`SkillSet_id`, `skills`) VALUES ('11922', 'Gradle');
INSERT INTO `SkillSet_skills` (`SkillSet_id`, `skills`) VALUES ('11922', 'Java');
INSERT INTO `SkillSet_skills` (`SkillSet_id`, `skills`) VALUES ('11922', 'Ant');
INSERT INTO `Mission` (`id`, `companyName`, `shortName`, `role`, `skillSet_id`) VALUES ('11922', 'Naughoutt', 'Jigh', 'LeadEngineer', '11922');
INSERT INTO `SkillSet` (`id`) VALUES ('11923');
INSERT INTO `SkillSet_skills` (`SkillSet_id`, `skills`) VALUES ('11923', 'SQL');
INSERT INTO `SkillSet_skills` (`SkillSet_id`, `skills`) VALUES ('11923', 'dotNet');
INSERT INTO `Mission` (`id`, `companyName`, `shortName`, `role`, `skillSet_id`) VALUES ('11923', 'Faunt', 'Um', 'SeniorSoftwareEngineer', '11923');
INSERT INTO `SkillSet` (`id`) VALUES ('11924');
INSERT INTO `SkillSet_skills` (`SkillSet_id`, `skills`) VALUES ('11924', 'Java');
INSERT INTO `SkillSet_skills` (`SkillSet_id`, `skills`) VALUES ('11924', 'Architektur');
INSERT INTO `SkillSet_skills` (`SkillSet_id`, `skills`) VALUES ('11924', 'Ant');
INSERT INTO `Mission` (`id`, `companyName`, `shortName`, `role`, `skillSet_id`) VALUES ('11924', 'Naihoh', 'Nott', 'LeadSoftwareArchitect', '11924');
INSERT INTO `SkillSet` (`id`) VALUES ('11925');
INSERT INTO `SkillSet_skills` (`SkillSet_id`, `skills`) VALUES ('11925', 'Maven');
INSERT INTO `SkillSet_skills` (`SkillSet_id`, `skills`) VALUES ('11925', 'dotNet');
INSERT INTO `SkillSet_skills` (`SkillSet_id`, `skills`) VALUES ('11925', 'dotNet');
INSERT INTO `SkillSet_skills` (`SkillSet_id`, `skills`) VALUES ('11925', 'Ant');
INSERT INTO `Mission` (`id`, `companyName`, `shortName`, `role`, `skillSet_id`) VALUES ('11925', 'Flaugih', 'Fluw', 'JuniorSoftwareEngineer', '11925');
INSERT INTO `SkillSet` (`id`) VALUES ('11926');
INSERT INTO `SkillSet_skills` (`SkillSet_id`, `skills`) VALUES ('11926', 'Maven');
INSERT INTO `SkillSet_skills` (`SkillSet_id`, `skills`) VALUES ('11926', 'Java');
INSERT INTO `SkillSet_skills` (`SkillSet_id`, `skills`) VALUES ('11926', 'Java');
INSERT INTO `SkillSet_skills` (`SkillSet_id`, `skills`) VALUES ('11926', 'Ant');
INSERT INTO `Mission` (`id`, `companyName`, `shortName`, `role`, `skillSet_id`) VALUES ('11926', 'Mysjil', 'Jd', 'SoftwareEngineer', '11926');
INSERT INTO `SkillSet` (`id`) VALUES ('11927');
INSERT INTO `SkillSet_skills` (`SkillSet_id`, `skills`) VALUES ('11927', 'UITesting');
INSERT INTO `Mission` (`id`, `companyName`, `shortName`, `role`, `skillSet_id`) VALUES ('11927', 'Nafount', 'Aibyb', 'SeniorSoftwareEngineer', '11927');
INSERT INTO `SkillSet` (`id`) VALUES ('11928');
INSERT INTO `SkillSet_skills` (`SkillSet_id`, `skills`) VALUES ('11928', 'Ant');
INSERT INTO `SkillSet_skills` (`SkillSet_id`, `skills`) VALUES ('11928', 'UITesting');
INSERT INTO `SkillSet_skills` (`SkillSet_id`, `skills`) VALUES ('11928', 'dotNet');
INSERT INTO `SkillSet_skills` (`SkillSet_id`, `skills`) VALUES ('11928', 'Ant');
INSERT INTO `Mission` (`id`, `companyName`, `shortName`, `role`, `skillSet_id`) VALUES ('11928', 'Hjihef', 'Ouv', 'LeadSoftwareArchitect', '11928');
INSERT INTO `SkillSet` (`id`) VALUES ('11929');
INSERT INTO `SkillSet_skills` (`SkillSet_id`, `skills`) VALUES ('11929', 'Java');
INSERT INTO `SkillSet_skills` (`SkillSet_id`, `skills`) VALUES ('11929', 'UITesting');
INSERT INTO `SkillSet_skills` (`SkillSet_id`, `skills`) VALUES ('11929', 'UITesting');
INSERT INTO `SkillSet_skills` (`SkillSet_id`, `skills`) VALUES ('11929', 'Java');
INSERT INTO `Mission` (`id`, `companyName`, `shortName`, `role`, `skillSet_id`) VALUES ('11929', 'Cik', 'Aunn', 'LeadSoftwareArchitect', '11929');
INSERT INTO `SkillSet` (`id`) VALUES ('11930');
INSERT INTO `SkillSet_skills` (`SkillSet_id`, `skills`) VALUES ('11930', 'Ant');
INSERT INTO `SkillSet_skills` (`SkillSet_id`, `skills`) VALUES ('11930', 'Gradle');
INSERT INTO `SkillSet_skills` (`SkillSet_id`, `skills`) VALUES ('11930', 'Java');
INSERT INTO `Mission` (`id`, `companyName`, `shortName`, `role`, `skillSet_id`) VALUES ('11930', 'Xepfool', 'Ouw', 'SoftwareEngineer', '11930');
INSERT INTO `SkillSet` (`id`) VALUES ('11931');
INSERT INTO `SkillSet_skills` (`SkillSet_id`, `skills`) VALUES ('11931', 'Gradle');
INSERT INTO `SkillSet_skills` (`SkillSet_id`, `skills`) VALUES ('11931', 'Ant');
INSERT INTO `SkillSet_skills` (`SkillSet_id`, `skills`) VALUES ('11931', 'SQL');
INSERT INTO `SkillSet_skills` (`SkillSet_id`, `skills`) VALUES ('11931', 'Ant');
INSERT INTO `Mission` (`id`, `companyName`, `shortName`, `role`, `skillSet_id`) VALUES ('11931', 'Jim', 'Qys', 'SeniorSoftwareEngineer', '11931');
INSERT INTO `SkillSet` (`id`) VALUES ('11932');
INSERT INTO `SkillSet_skills` (`SkillSet_id`, `skills`) VALUES ('11932', 'dotNet');
INSERT INTO `SkillSet_skills` (`SkillSet_id`, `skills`) VALUES ('11932', 'Maven');
INSERT INTO `SkillSet_skills` (`SkillSet_id`, `skills`) VALUES ('11932', 'Ant');
INSERT INTO `SkillSet_skills` (`SkillSet_id`, `skills`) VALUES ('11932', 'Java');
INSERT INTO `SkillSet_skills` (`SkillSet_id`, `skills`) VALUES ('11932', 'Ant');
INSERT INTO `Mission` (`id`, `companyName`, `shortName`, `role`, `skillSet_id`) VALUES ('11932', 'Praugyb', 'Proinunt', 'PrincipalConsultant', '11932');
INSERT INTO `SkillSet` (`id`) VALUES ('11933');
INSERT INTO `SkillSet_skills` (`SkillSet_id`, `skills`) VALUES ('11933', 'Architektur');
INSERT INTO `SkillSet_skills` (`SkillSet_id`, `skills`) VALUES ('11933', 'Ant');
INSERT INTO `SkillSet_skills` (`SkillSet_id`, `skills`) VALUES ('11933', 'Ant');
INSERT INTO `Mission` (`id`, `companyName`, `shortName`, `role`, `skillSet_id`) VALUES ('11933', 'Jdam', 'Cipfjtt', 'PrincipalConsultant', '11933');
INSERT INTO `SkillSet` (`id`) VALUES ('11934');
INSERT INTO `SkillSet_skills` (`SkillSet_id`, `skills`) VALUES ('11934', 'Java');
INSERT INTO `SkillSet_skills` (`SkillSet_id`, `skills`) VALUES ('11934', 'SQL');
INSERT INTO `Mission` (`id`, `companyName`, `shortName`, `role`, `skillSet_id`) VALUES ('11934', 'Kef', 'Jp', 'SeniorSoftwareEngineer', '11934');
INSERT INTO `SkillSet` (`id`) VALUES ('11935');
INSERT INTO `SkillSet_skills` (`SkillSet_id`, `skills`) VALUES ('11935', 'Gradle');
INSERT INTO `SkillSet_skills` (`SkillSet_id`, `skills`) VALUES ('11935', 'Ant');
INSERT INTO `SkillSet_skills` (`SkillSet_id`, `skills`) VALUES ('11935', 'SQL');
INSERT INTO `SkillSet_skills` (`SkillSet_id`, `skills`) VALUES ('11935', 'Gradle');
INSERT INTO `SkillSet_skills` (`SkillSet_id`, `skills`) VALUES ('11935', 'dotNet');
INSERT INTO `Mission` (`id`, `companyName`, `shortName`, `role`, `skillSet_id`) VALUES ('11935', 'Oottapf', 'Ounnjish', 'SoftwareEngineer', '11935');
INSERT INTO `SkillSet` (`id`) VALUES ('11936');
INSERT INTO `SkillSet_skills` (`SkillSet_id`, `skills`) VALUES ('11936', 'dotNet');
INSERT INTO `SkillSet_skills` (`SkillSet_id`, `skills`) VALUES ('11936', 'dotNet');
INSERT INTO `SkillSet_skills` (`SkillSet_id`, `skills`) VALUES ('11936', 'Ant');
INSERT INTO `SkillSet_skills` (`SkillSet_id`, `skills`) VALUES ('11936', 'Gradle');
INSERT INTO `Mission` (`id`, `companyName`, `shortName`, `role`, `skillSet_id`) VALUES ('11936', 'Grjn', 'Ypon', 'LeadEngineer', '11936');
INSERT INTO `SkillSet` (`id`) VALUES ('11937');
INSERT INTO `SkillSet_skills` (`SkillSet_id`, `skills`) VALUES ('11937', 'Architektur');
INSERT INTO `SkillSet_skills` (`SkillSet_id`, `skills`) VALUES ('11937', 'UITesting');
INSERT INTO `SkillSet_skills` (`SkillSet_id`, `skills`) VALUES ('11937', 'UITesting');
INSERT INTO `Mission` (`id`, `companyName`, `shortName`, `role`, `skillSet_id`) VALUES ('11937', 'Ett', 'Auk', 'LeadEngineer', '11937');
INSERT INTO `SkillSet` (`id`) VALUES ('11938');
INSERT INTO `SkillSet_skills` (`SkillSet_id`, `skills`) VALUES ('11938', 'Ant');
INSERT INTO `SkillSet_skills` (`SkillSet_id`, `skills`) VALUES ('11938', 'Gradle');
INSERT INTO `SkillSet_skills` (`SkillSet_id`, `skills`) VALUES ('11938', 'Java');
INSERT INTO `SkillSet_skills` (`SkillSet_id`, `skills`) VALUES ('11938', 'UITesting');
INSERT INTO `Mission` (`id`, `companyName`, `shortName`, `role`, `skillSet_id`) VALUES ('11938', 'Thogoopf', 'Oow', 'SeniorSoftwareEngineer', '11938');
INSERT INTO `SkillSet` (`id`) VALUES ('11939');
INSERT INTO `SkillSet_skills` (`SkillSet_id`, `skills`) VALUES ('11939', 'Gradle');
INSERT INTO `SkillSet_skills` (`SkillSet_id`, `skills`) VALUES ('11939', 'Ant');
INSERT INTO `SkillSet_skills` (`SkillSet_id`, `skills`) VALUES ('11939', 'Maven');
INSERT INTO `SkillSet_skills` (`SkillSet_id`, `skills`) VALUES ('11939', 'Gradle');
INSERT INTO `SkillSet_skills` (`SkillSet_id`, `skills`) VALUES ('11939', 'Architektur');
INSERT INTO `Mission` (`id`, `companyName`, `shortName`, `role`, `skillSet_id`) VALUES ('11939', 'Oumos', 'Fyr', 'LeadSoftwareArchitect', '11939');
INSERT INTO `SkillSet` (`id`) VALUES ('11940');
INSERT INTO `SkillSet_skills` (`SkillSet_id`, `skills`) VALUES ('11940', 'dotNet');
INSERT INTO `SkillSet_skills` (`SkillSet_id`, `skills`) VALUES ('11940', 'Java');
INSERT INTO `SkillSet_skills` (`SkillSet_id`, `skills`) VALUES ('11940', 'Maven');
INSERT INTO `SkillSet_skills` (`SkillSet_id`, `skills`) VALUES ('11940', 'Ant');
INSERT INTO `Mission` (`id`, `companyName`, `shortName`, `role`, `skillSet_id`) VALUES ('11940', 'Jthouth', 'Oghap', 'LeadEngineer', '11940');
INSERT INTO `SkillSet` (`id`) VALUES ('11941');
INSERT INTO `SkillSet_skills` (`SkillSet_id`, `skills`) VALUES ('11941', 'Maven');
INSERT INTO `SkillSet_skills` (`SkillSet_id`, `skills`) VALUES ('11941', 'SQL');
INSERT INTO `Mission` (`id`, `companyName`, `shortName`, `role`, `skillSet_id`) VALUES ('11941', 'Eil', 'Jiluk', 'LeadEngineer', '11941');
INSERT INTO `SkillSet` (`id`) VALUES ('11942');
INSERT INTO `SkillSet_skills` (`SkillSet_id`, `skills`) VALUES ('11942', 'Gradle');
INSERT INTO `SkillSet_skills` (`SkillSet_id`, `skills`) VALUES ('11942', 'Ant');
INSERT INTO `SkillSet_skills` (`SkillSet_id`, `skills`) VALUES ('11942', 'dotNet');
INSERT INTO `SkillSet_skills` (`SkillSet_id`, `skills`) VALUES ('11942', 'SQL');
INSERT INTO `Mission` (`id`, `companyName`, `shortName`, `role`, `skillSet_id`) VALUES ('11942', 'Toinnoom', 'Aud', 'PrincipalConsultant', '11942');
INSERT INTO `SkillSet` (`id`) VALUES ('11943');
INSERT INTO `SkillSet_skills` (`SkillSet_id`, `skills`) VALUES ('11943', 'dotNet');
INSERT INTO `Mission` (`id`, `companyName`, `shortName`, `role`, `skillSet_id`) VALUES ('11943', 'Ust', 'Fleifoit', 'JuniorSoftwareEngineer', '11943');
INSERT INTO `SkillSet` (`id`) VALUES ('11944');
INSERT INTO `SkillSet_skills` (`SkillSet_id`, `skills`) VALUES ('11944', 'dotNet');
INSERT INTO `Mission` (`id`, `companyName`, `shortName`, `role`, `skillSet_id`) VALUES ('11944', 'Praich', 'Grik', 'SeniorSoftwareEngineer', '11944');
INSERT INTO `SkillSet` (`id`) VALUES ('11945');
INSERT INTO `SkillSet_skills` (`SkillSet_id`, `skills`) VALUES ('11945', 'dotNet');
INSERT INTO `SkillSet_skills` (`SkillSet_id`, `skills`) VALUES ('11945', 'SQL');
INSERT INTO `SkillSet_skills` (`SkillSet_id`, `skills`) VALUES ('11945', 'Architektur');
INSERT INTO `SkillSet_skills` (`SkillSet_id`, `skills`) VALUES ('11945', 'Maven');
INSERT INTO `SkillSet_skills` (`SkillSet_id`, `skills`) VALUES ('11945', 'SQL');
INSERT INTO `Mission` (`id`, `companyName`, `shortName`, `role`, `skillSet_id`) VALUES ('11945', 'Didass', 'Ish', 'LeadSoftwareArchitect', '11945');
INSERT INTO `SkillSet` (`id`) VALUES ('11946');
INSERT INTO `SkillSet_skills` (`SkillSet_id`, `skills`) VALUES ('11946', 'UnitTesting');
INSERT INTO `Mission` (`id`, `companyName`, `shortName`, `role`, `skillSet_id`) VALUES ('11946', 'Aipfjith', 'Oir', 'SeniorSoftwareEngineer', '11946');
INSERT INTO `SkillSet` (`id`) VALUES ('11947');
INSERT INTO `SkillSet_skills` (`SkillSet_id`, `skills`) VALUES ('11947', 'Architektur');
INSERT INTO `SkillSet_skills` (`SkillSet_id`, `skills`) VALUES ('11947', 'UnitTesting');
INSERT INTO `SkillSet_skills` (`SkillSet_id`, `skills`) VALUES ('11947', 'Architektur');
INSERT INTO `SkillSet_skills` (`SkillSet_id`, `skills`) VALUES ('11947', 'UITesting');
INSERT INTO `SkillSet_skills` (`SkillSet_id`, `skills`) VALUES ('11947', 'Ant');
INSERT INTO `Mission` (`id`, `companyName`, `shortName`, `role`, `skillSet_id`) VALUES ('11947', 'Kor', 'Yw', 'PrincipalConsultant', '11947');
INSERT INTO `SkillSet` (`id`) VALUES ('11948');
INSERT INTO `SkillSet_skills` (`SkillSet_id`, `skills`) VALUES ('11948', 'dotNet');
INSERT INTO `SkillSet_skills` (`SkillSet_id`, `skills`) VALUES ('11948', 'UnitTesting');
INSERT INTO `SkillSet_skills` (`SkillSet_id`, `skills`) VALUES ('11948', 'Ant');
INSERT INTO `SkillSet_skills` (`SkillSet_id`, `skills`) VALUES ('11948', 'dotNet');
INSERT INTO `SkillSet_skills` (`SkillSet_id`, `skills`) VALUES ('11948', 'UITesting');
INSERT INTO `Mission` (`id`, `companyName`, `shortName`, `role`, `skillSet_id`) VALUES ('11948', 'Gljipuss', 'Puz', 'SeniorSoftwareEngineer', '11948');
INSERT INTO `SkillSet` (`id`) VALUES ('11949');
INSERT INTO `SkillSet_skills` (`SkillSet_id`, `skills`) VALUES ('11949', 'UITesting');
INSERT INTO `SkillSet_skills` (`SkillSet_id`, `skills`) VALUES ('11949', 'dotNet');
INSERT INTO `SkillSet_skills` (`SkillSet_id`, `skills`) VALUES ('11949', 'Java');
INSERT INTO `SkillSet_skills` (`SkillSet_id`, `skills`) VALUES ('11949', 'dotNet');
INSERT INTO `SkillSet_skills` (`SkillSet_id`, `skills`) VALUES ('11949', 'UnitTesting');
INSERT INTO `Mission` (`id`, `companyName`, `shortName`, `role`, `skillSet_id`) VALUES ('11949', 'Teikjik', 'Aipaiz', 'LeadSoftwareArchitect', '11949');
INSERT INTO `SkillSet` (`id`) VALUES ('11950');
INSERT INTO `SkillSet_skills` (`SkillSet_id`, `skills`) VALUES ('11950', 'UITesting');
INSERT INTO `SkillSet_skills` (`SkillSet_id`, `skills`) VALUES ('11950', 'Maven');
INSERT INTO `SkillSet_skills` (`SkillSet_id`, `skills`) VALUES ('11950', 'Java');
INSERT INTO `Mission` (`id`, `companyName`, `shortName`, `role`, `skillSet_id`) VALUES ('11950', 'Opow', 'Oish', 'LeadSoftwareArchitect', '11950');
INSERT INTO `SkillSet` (`id`) VALUES ('11951');
INSERT INTO `SkillSet_skills` (`SkillSet_id`, `skills`) VALUES ('11951', 'Architektur');
INSERT INTO `SkillSet_skills` (`SkillSet_id`, `skills`) VALUES ('11951', 'Gradle');
INSERT INTO `SkillSet_skills` (`SkillSet_id`, `skills`) VALUES ('11951', 'Java');
INSERT INTO `SkillSet_skills` (`SkillSet_id`, `skills`) VALUES ('11951', 'Ant');
INSERT INTO `Mission` (`id`, `companyName`, `shortName`, `role`, `skillSet_id`) VALUES ('11951', 'Yw', 'Rjl', 'PrincipalConsultant', '11951');
INSERT INTO `SkillSet` (`id`) VALUES ('11952');
INSERT INTO `SkillSet_skills` (`SkillSet_id`, `skills`) VALUES ('11952', 'Architektur');
INSERT INTO `SkillSet_skills` (`SkillSet_id`, `skills`) VALUES ('11952', 'Maven');
INSERT INTO `Mission` (`id`, `companyName`, `shortName`, `role`, `skillSet_id`) VALUES ('11952', 'Ipfinn', 'Uz', 'PrincipalConsultant', '11952');
INSERT INTO `SkillSet` (`id`) VALUES ('11953');
INSERT INTO `SkillSet_skills` (`SkillSet_id`, `skills`) VALUES ('11953', 'dotNet');
INSERT INTO `SkillSet_skills` (`SkillSet_id`, `skills`) VALUES ('11953', 'Maven');
INSERT INTO `SkillSet_skills` (`SkillSet_id`, `skills`) VALUES ('11953', 'Architektur');
INSERT INTO `SkillSet_skills` (`SkillSet_id`, `skills`) VALUES ('11953', 'Gradle');
INSERT INTO `SkillSet_skills` (`SkillSet_id`, `skills`) VALUES ('11953', 'Ant');
INSERT INTO `Mission` (`id`, `companyName`, `shortName`, `role`, `skillSet_id`) VALUES ('11953', 'Ozett', 'Aw', 'LeadEngineer', '11953');
INSERT INTO `SkillSet` (`id`) VALUES ('11954');
INSERT INTO `SkillSet_skills` (`SkillSet_id`, `skills`) VALUES ('11954', 'Maven');
INSERT INTO `SkillSet_skills` (`SkillSet_id`, `skills`) VALUES ('11954', 'UnitTesting');
INSERT INTO `SkillSet_skills` (`SkillSet_id`, `skills`) VALUES ('11954', 'Ant');
INSERT INTO `SkillSet_skills` (`SkillSet_id`, `skills`) VALUES ('11954', 'UnitTesting');
INSERT INTO `Mission` (`id`, `companyName`, `shortName`, `role`, `skillSet_id`) VALUES ('11954', 'Stebon', 'Yz', 'SeniorSoftwareEngineer', '11954');
INSERT INTO `SkillSet` (`id`) VALUES ('11955');
INSERT INTO `SkillSet_skills` (`SkillSet_id`, `skills`) VALUES ('11955', 'UnitTesting');
INSERT INTO `SkillSet_skills` (`SkillSet_id`, `skills`) VALUES ('11955', 'Java');
INSERT INTO `Mission` (`id`, `companyName`, `shortName`, `role`, `skillSet_id`) VALUES ('11955', 'Auz', 'Ynnapf', 'JuniorSoftwareEngineer', '11955');
INSERT INTO `SkillSet` (`id`) VALUES ('11956');
INSERT INTO `SkillSet_skills` (`SkillSet_id`, `skills`) VALUES ('11956', 'dotNet');
INSERT INTO `SkillSet_skills` (`SkillSet_id`, `skills`) VALUES ('11956', 'UITesting');
INSERT INTO `Mission` (`id`, `companyName`, `shortName`, `role`, `skillSet_id`) VALUES ('11956', 'Bleissyth', 'Jw', 'SoftwareEngineer', '11956');
INSERT INTO `SkillSet` (`id`) VALUES ('11957');
INSERT INTO `SkillSet_skills` (`SkillSet_id`, `skills`) VALUES ('11957', 'Maven');
INSERT INTO `Mission` (`id`, `companyName`, `shortName`, `role`, `skillSet_id`) VALUES ('11957', 'Tyvif', 'Ez', 'JuniorSoftwareEngineer', '11957');
INSERT INTO `SkillSet` (`id`) VALUES ('11958');
INSERT INTO `SkillSet_skills` (`SkillSet_id`, `skills`) VALUES ('11958', 'Gradle');
INSERT INTO `SkillSet_skills` (`SkillSet_id`, `skills`) VALUES ('11958', 'Java');
INSERT INTO `Mission` (`id`, `companyName`, `shortName`, `role`, `skillSet_id`) VALUES ('11958', 'Tjirjw', 'Osh', 'PrincipalConsultant', '11958');
INSERT INTO `SkillSet` (`id`) VALUES ('11959');
INSERT INTO `SkillSet_skills` (`SkillSet_id`, `skills`) VALUES ('11959', 'Gradle');
INSERT INTO `Mission` (`id`, `companyName`, `shortName`, `role`, `skillSet_id`) VALUES ('11959', 'Oikaif', 'Thag', 'SeniorSoftwareEngineer', '11959');
INSERT INTO `SkillSet` (`id`) VALUES ('11960');
INSERT INTO `SkillSet_skills` (`SkillSet_id`, `skills`) VALUES ('11960', 'Maven');
INSERT INTO `SkillSet_skills` (`SkillSet_id`, `skills`) VALUES ('11960', 'dotNet');
INSERT INTO `Mission` (`id`, `companyName`, `shortName`, `role`, `skillSet_id`) VALUES ('11960', 'Jlaugh', 'Jnn', 'SoftwareEngineer', '11960');
INSERT INTO `SkillSet` (`id`) VALUES ('11961');
INSERT INTO `SkillSet_skills` (`SkillSet_id`, `skills`) VALUES ('11961', 'Ant');
INSERT INTO `SkillSet_skills` (`SkillSet_id`, `skills`) VALUES ('11961', 'UnitTesting');
INSERT INTO `SkillSet_skills` (`SkillSet_id`, `skills`) VALUES ('11961', 'Ant');
INSERT INTO `SkillSet_skills` (`SkillSet_id`, `skills`) VALUES ('11961', 'Gradle');
INSERT INTO `SkillSet_skills` (`SkillSet_id`, `skills`) VALUES ('11961', 'SQL');
INSERT INTO `Mission` (`id`, `companyName`, `shortName`, `role`, `skillSet_id`) VALUES ('11961', 'Cooshyp', 'Jinnjis', 'SeniorSoftwareEngineer', '11961');
INSERT INTO `SkillSet` (`id`) VALUES ('11962');
INSERT INTO `SkillSet_skills` (`SkillSet_id`, `skills`) VALUES ('11962', 'Java');
INSERT INTO `SkillSet_skills` (`SkillSet_id`, `skills`) VALUES ('11962', 'Gradle');
INSERT INTO `SkillSet_skills` (`SkillSet_id`, `skills`) VALUES ('11962', 'Architektur');
INSERT INTO `SkillSet_skills` (`SkillSet_id`, `skills`) VALUES ('11962', 'Architektur');
INSERT INTO `Mission` (`id`, `companyName`, `shortName`, `role`, `skillSet_id`) VALUES ('11962', 'Stoik', 'Xoumot', 'JuniorSoftwareEngineer', '11962');
INSERT INTO `SkillSet` (`id`) VALUES ('11963');
INSERT INTO `SkillSet_skills` (`SkillSet_id`, `skills`) VALUES ('11963', 'dotNet');
INSERT INTO `SkillSet_skills` (`SkillSet_id`, `skills`) VALUES ('11963', 'Gradle');
INSERT INTO `Mission` (`id`, `companyName`, `shortName`, `role`, `skillSet_id`) VALUES ('11963', 'Floovood', 'Klopfyth', 'LeadSoftwareArchitect', '11963');
INSERT INTO `SkillSet` (`id`) VALUES ('11964');
INSERT INTO `SkillSet_skills` (`SkillSet_id`, `skills`) VALUES ('11964', 'Ant');
INSERT INTO `SkillSet_skills` (`SkillSet_id`, `skills`) VALUES ('11964', 'UITesting');
INSERT INTO `SkillSet_skills` (`SkillSet_id`, `skills`) VALUES ('11964', 'UITesting');
INSERT INTO `Mission` (`id`, `companyName`, `shortName`, `role`, `skillSet_id`) VALUES ('11964', 'Yd', 'Moist', 'LeadSoftwareArchitect', '11964');
INSERT INTO `SkillSet` (`id`) VALUES ('11965');
INSERT INTO `SkillSet_skills` (`SkillSet_id`, `skills`) VALUES ('11965', 'UITesting');
INSERT INTO `SkillSet_skills` (`SkillSet_id`, `skills`) VALUES ('11965', 'SQL');
INSERT INTO `SkillSet_skills` (`SkillSet_id`, `skills`) VALUES ('11965', 'UITesting');
INSERT INTO `SkillSet_skills` (`SkillSet_id`, `skills`) VALUES ('11965', 'SQL');
INSERT INTO `Mission` (`id`, `companyName`, `shortName`, `role`, `skillSet_id`) VALUES ('11965', 'Glupfoon', 'Aiv', 'SoftwareEngineer', '11965');
INSERT INTO `SkillSet` (`id`) VALUES ('11966');
INSERT INTO `SkillSet_skills` (`SkillSet_id`, `skills`) VALUES ('11966', 'dotNet');
INSERT INTO `Mission` (`id`, `companyName`, `shortName`, `role`, `skillSet_id`) VALUES ('11966', 'Gautauss', 'Tithagh', 'JuniorSoftwareEngineer', '11966');
INSERT INTO `SkillSet` (`id`) VALUES ('11967');
INSERT INTO `SkillSet_skills` (`SkillSet_id`, `skills`) VALUES ('11967', 'Gradle');
INSERT INTO `SkillSet_skills` (`SkillSet_id`, `skills`) VALUES ('11967', 'Java');
INSERT INTO `SkillSet_skills` (`SkillSet_id`, `skills`) VALUES ('11967', 'dotNet');
INSERT INTO `SkillSet_skills` (`SkillSet_id`, `skills`) VALUES ('11967', 'Ant');
INSERT INTO `SkillSet_skills` (`SkillSet_id`, `skills`) VALUES ('11967', 'Ant');
INSERT INTO `Mission` (`id`, `companyName`, `shortName`, `role`, `skillSet_id`) VALUES ('11967', 'Qaugh', 'Prjinoif', 'SeniorSoftwareEngineer', '11967');
INSERT INTO `SkillSet` (`id`) VALUES ('11968');
INSERT INTO `SkillSet_skills` (`SkillSet_id`, `skills`) VALUES ('11968', 'Ant');
INSERT INTO `SkillSet_skills` (`SkillSet_id`, `skills`) VALUES ('11968', 'Maven');
INSERT INTO `SkillSet_skills` (`SkillSet_id`, `skills`) VALUES ('11968', 'Architektur');
INSERT INTO `SkillSet_skills` (`SkillSet_id`, `skills`) VALUES ('11968', 'UITesting');
INSERT INTO `SkillSet_skills` (`SkillSet_id`, `skills`) VALUES ('11968', 'UITesting');
INSERT INTO `Mission` (`id`, `companyName`, `shortName`, `role`, `skillSet_id`) VALUES ('11968', 'Oof', 'Loiv', 'SoftwareEngineer', '11968');
INSERT INTO `SkillSet` (`id`) VALUES ('11969');
INSERT INTO `SkillSet_skills` (`SkillSet_id`, `skills`) VALUES ('11969', 'Ant');
INSERT INTO `SkillSet_skills` (`SkillSet_id`, `skills`) VALUES ('11969', 'Java');
INSERT INTO `Mission` (`id`, `companyName`, `shortName`, `role`, `skillSet_id`) VALUES ('11969', 'Ootoogh', 'Vjnt', 'LeadEngineer', '11969');
INSERT INTO `SkillSet` (`id`) VALUES ('11970');
INSERT INTO `SkillSet_skills` (`SkillSet_id`, `skills`) VALUES ('11970', 'Maven');
INSERT INTO `SkillSet_skills` (`SkillSet_id`, `skills`) VALUES ('11970', 'Maven');
INSERT INTO `SkillSet_skills` (`SkillSet_id`, `skills`) VALUES ('11970', 'Ant');
INSERT INTO `Mission` (`id`, `companyName`, `shortName`, `role`, `skillSet_id`) VALUES ('11970', 'Ofyn', 'Wjinoon', 'SoftwareEngineer', '11970');
INSERT INTO `SkillSet` (`id`) VALUES ('11971');
INSERT INTO `SkillSet_skills` (`SkillSet_id`, `skills`) VALUES ('11971', 'Maven');
INSERT INTO `SkillSet_skills` (`SkillSet_id`, `skills`) VALUES ('11971', 'dotNet');
INSERT INTO `SkillSet_skills` (`SkillSet_id`, `skills`) VALUES ('11971', 'Java');
INSERT INTO `SkillSet_skills` (`SkillSet_id`, `skills`) VALUES ('11971', 'UITesting');
INSERT INTO `SkillSet_skills` (`SkillSet_id`, `skills`) VALUES ('11971', 'Java');
INSERT INTO `Mission` (`id`, `companyName`, `shortName`, `role`, `skillSet_id`) VALUES ('11971', 'Auch', 'On', 'PrincipalConsultant', '11971');
INSERT INTO `SkillSet` (`id`) VALUES ('11972');
INSERT INTO `SkillSet_skills` (`SkillSet_id`, `skills`) VALUES ('11972', 'Ant');
INSERT INTO `SkillSet_skills` (`SkillSet_id`, `skills`) VALUES ('11972', 'Architektur');
INSERT INTO `SkillSet_skills` (`SkillSet_id`, `skills`) VALUES ('11972', 'Java');
INSERT INTO `SkillSet_skills` (`SkillSet_id`, `skills`) VALUES ('11972', 'dotNet');
INSERT INTO `SkillSet_skills` (`SkillSet_id`, `skills`) VALUES ('11972', 'Ant');
INSERT INTO `Mission` (`id`, `companyName`, `shortName`, `role`, `skillSet_id`) VALUES ('11972', 'Zaush', 'Oovoih', 'SoftwareEngineer', '11972');
INSERT INTO `SkillSet` (`id`) VALUES ('11973');
INSERT INTO `SkillSet_skills` (`SkillSet_id`, `skills`) VALUES ('11973', 'Java');
INSERT INTO `Mission` (`id`, `companyName`, `shortName`, `role`, `skillSet_id`) VALUES ('11973', 'Uloonn', 'Kloifoub', 'JuniorSoftwareEngineer', '11973');
INSERT INTO `SkillSet` (`id`) VALUES ('11974');
INSERT INTO `SkillSet_skills` (`SkillSet_id`, `skills`) VALUES ('11974', 'Ant');
INSERT INTO `SkillSet_skills` (`SkillSet_id`, `skills`) VALUES ('11974', 'Architektur');
INSERT INTO `SkillSet_skills` (`SkillSet_id`, `skills`) VALUES ('11974', 'Gradle');
INSERT INTO `Mission` (`id`, `companyName`, `shortName`, `role`, `skillSet_id`) VALUES ('11974', 'Doodeigh', 'Umout', 'LeadSoftwareArchitect', '11974');
INSERT INTO `SkillSet` (`id`) VALUES ('11975');
INSERT INTO `SkillSet_skills` (`SkillSet_id`, `skills`) VALUES ('11975', 'Java');
INSERT INTO `SkillSet_skills` (`SkillSet_id`, `skills`) VALUES ('11975', 'dotNet');
INSERT INTO `SkillSet_skills` (`SkillSet_id`, `skills`) VALUES ('11975', 'dotNet');
INSERT INTO `SkillSet_skills` (`SkillSet_id`, `skills`) VALUES ('11975', 'Architektur');
INSERT INTO `SkillSet_skills` (`SkillSet_id`, `skills`) VALUES ('11975', 'Java');
INSERT INTO `Mission` (`id`, `companyName`, `shortName`, `role`, `skillSet_id`) VALUES ('11975', 'Ythjg', 'Ath', 'SoftwareEngineer', '11975');
INSERT INTO `SkillSet` (`id`) VALUES ('11976');
INSERT INTO `SkillSet_skills` (`SkillSet_id`, `skills`) VALUES ('11976', 'dotNet');
INSERT INTO `Mission` (`id`, `companyName`, `shortName`, `role`, `skillSet_id`) VALUES ('11976', 'Eich', 'Eisaur', 'SeniorSoftwareEngineer', '11976');
INSERT INTO `SkillSet` (`id`) VALUES ('11977');
INSERT INTO `SkillSet_skills` (`SkillSet_id`, `skills`) VALUES ('11977', 'Maven');
INSERT INTO `SkillSet_skills` (`SkillSet_id`, `skills`) VALUES ('11977', 'Gradle');
INSERT INTO `SkillSet_skills` (`SkillSet_id`, `skills`) VALUES ('11977', 'SQL');
INSERT INTO `SkillSet_skills` (`SkillSet_id`, `skills`) VALUES ('11977', 'dotNet');
INSERT INTO `Mission` (`id`, `companyName`, `shortName`, `role`, `skillSet_id`) VALUES ('11977', 'Vakauf', 'Ig', 'PrincipalConsultant', '11977');
INSERT INTO `SkillSet` (`id`) VALUES ('11978');
INSERT INTO `SkillSet_skills` (`SkillSet_id`, `skills`) VALUES ('11978', 'dotNet');
INSERT INTO `SkillSet_skills` (`SkillSet_id`, `skills`) VALUES ('11978', 'dotNet');
INSERT INTO `SkillSet_skills` (`SkillSet_id`, `skills`) VALUES ('11978', 'Gradle');
INSERT INTO `SkillSet_skills` (`SkillSet_id`, `skills`) VALUES ('11978', 'SQL');
INSERT INTO `Mission` (`id`, `companyName`, `shortName`, `role`, `skillSet_id`) VALUES ('11978', 'Naichym', 'Esheid', 'SoftwareEngineer', '11978');
INSERT INTO `SkillSet` (`id`) VALUES ('11979');
INSERT INTO `SkillSet_skills` (`SkillSet_id`, `skills`) VALUES ('11979', 'Gradle');
INSERT INTO `SkillSet_skills` (`SkillSet_id`, `skills`) VALUES ('11979', 'Ant');
INSERT INTO `SkillSet_skills` (`SkillSet_id`, `skills`) VALUES ('11979', 'Architektur');
INSERT INTO `SkillSet_skills` (`SkillSet_id`, `skills`) VALUES ('11979', 'Architektur');
INSERT INTO `Mission` (`id`, `companyName`, `shortName`, `role`, `skillSet_id`) VALUES ('11979', 'Eith', 'Yfen', 'JuniorSoftwareEngineer', '11979');
INSERT INTO `SkillSet` (`id`) VALUES ('11980');
INSERT INTO `SkillSet_skills` (`SkillSet_id`, `skills`) VALUES ('11980', 'Gradle');
INSERT INTO `SkillSet_skills` (`SkillSet_id`, `skills`) VALUES ('11980', 'UnitTesting');
INSERT INTO `SkillSet_skills` (`SkillSet_id`, `skills`) VALUES ('11980', 'SQL');
INSERT INTO `SkillSet_skills` (`SkillSet_id`, `skills`) VALUES ('11980', 'Gradle');
INSERT INTO `Mission` (`id`, `companyName`, `shortName`, `role`, `skillSet_id`) VALUES ('11980', 'Uf', 'Ount', 'SoftwareEngineer', '11980');
INSERT INTO `SkillSet` (`id`) VALUES ('11981');
INSERT INTO `SkillSet_skills` (`SkillSet_id`, `skills`) VALUES ('11981', 'dotNet');
INSERT INTO `Mission` (`id`, `companyName`, `shortName`, `role`, `skillSet_id`) VALUES ('11981', 'Aur', 'Od', 'LeadSoftwareArchitect', '11981');
INSERT INTO `SkillSet` (`id`) VALUES ('11982');
INSERT INTO `SkillSet_skills` (`SkillSet_id`, `skills`) VALUES ('11982', 'UnitTesting');
INSERT INTO `SkillSet_skills` (`SkillSet_id`, `skills`) VALUES ('11982', 'Maven');
INSERT INTO `SkillSet_skills` (`SkillSet_id`, `skills`) VALUES ('11982', 'Java');
INSERT INTO `SkillSet_skills` (`SkillSet_id`, `skills`) VALUES ('11982', 'Gradle');
INSERT INTO `SkillSet_skills` (`SkillSet_id`, `skills`) VALUES ('11982', 'Ant');
INSERT INTO `Mission` (`id`, `companyName`, `shortName`, `role`, `skillSet_id`) VALUES ('11982', 'Vil', 'Loosjm', 'JuniorSoftwareEngineer', '11982');
INSERT INTO `SkillSet` (`id`) VALUES ('11983');
INSERT INTO `SkillSet_skills` (`SkillSet_id`, `skills`) VALUES ('11983', 'UITesting');
INSERT INTO `SkillSet_skills` (`SkillSet_id`, `skills`) VALUES ('11983', 'SQL');
INSERT INTO `SkillSet_skills` (`SkillSet_id`, `skills`) VALUES ('11983', 'Maven');
INSERT INTO `SkillSet_skills` (`SkillSet_id`, `skills`) VALUES ('11983', 'Java');
INSERT INTO `SkillSet_skills` (`SkillSet_id`, `skills`) VALUES ('11983', 'Gradle');
INSERT INTO `Mission` (`id`, `companyName`, `shortName`, `role`, `skillSet_id`) VALUES ('11983', 'Ytt', 'If', 'LeadEngineer', '11983');
INSERT INTO `SkillSet` (`id`) VALUES ('11984');
INSERT INTO `SkillSet_skills` (`SkillSet_id`, `skills`) VALUES ('11984', 'Architektur');
INSERT INTO `SkillSet_skills` (`SkillSet_id`, `skills`) VALUES ('11984', 'UITesting');
INSERT INTO `SkillSet_skills` (`SkillSet_id`, `skills`) VALUES ('11984', 'Architektur');
INSERT INTO `Mission` (`id`, `companyName`, `shortName`, `role`, `skillSet_id`) VALUES ('11984', 'Wed', 'Stapfouss', 'JuniorSoftwareEngineer', '11984');
INSERT INTO `SkillSet` (`id`) VALUES ('11985');
INSERT INTO `SkillSet_skills` (`SkillSet_id`, `skills`) VALUES ('11985', 'Ant');
INSERT INTO `SkillSet_skills` (`SkillSet_id`, `skills`) VALUES ('11985', 'Java');
INSERT INTO `Mission` (`id`, `companyName`, `shortName`, `role`, `skillSet_id`) VALUES ('11985', 'Foufynt', 'Cikaus', 'LeadSoftwareArchitect', '11985');
INSERT INTO `SkillSet` (`id`) VALUES ('11986');
INSERT INTO `SkillSet_skills` (`SkillSet_id`, `skills`) VALUES ('11986', 'Ant');
INSERT INTO `SkillSet_skills` (`SkillSet_id`, `skills`) VALUES ('11986', 'UITesting');
INSERT INTO `SkillSet_skills` (`SkillSet_id`, `skills`) VALUES ('11986', 'UITesting');
INSERT INTO `SkillSet_skills` (`SkillSet_id`, `skills`) VALUES ('11986', 'UITesting');
INSERT INTO `SkillSet_skills` (`SkillSet_id`, `skills`) VALUES ('11986', 'Gradle');
INSERT INTO `Mission` (`id`, `companyName`, `shortName`, `role`, `skillSet_id`) VALUES ('11986', 'Oiz', 'Eth', 'LeadSoftwareArchitect', '11986');
INSERT INTO `SkillSet` (`id`) VALUES ('11987');
INSERT INTO `SkillSet_skills` (`SkillSet_id`, `skills`) VALUES ('11987', 'Ant');
INSERT INTO `SkillSet_skills` (`SkillSet_id`, `skills`) VALUES ('11987', 'Architektur');
INSERT INTO `Mission` (`id`, `companyName`, `shortName`, `role`, `skillSet_id`) VALUES ('11987', 'Oib', 'Auhoith', 'SoftwareEngineer', '11987');
INSERT INTO `SkillSet` (`id`) VALUES ('11988');
INSERT INTO `SkillSet_skills` (`SkillSet_id`, `skills`) VALUES ('11988', 'Java');
INSERT INTO `SkillSet_skills` (`SkillSet_id`, `skills`) VALUES ('11988', 'UnitTesting');
INSERT INTO `SkillSet_skills` (`SkillSet_id`, `skills`) VALUES ('11988', 'dotNet');
INSERT INTO `SkillSet_skills` (`SkillSet_id`, `skills`) VALUES ('11988', 'SQL');
INSERT INTO `SkillSet_skills` (`SkillSet_id`, `skills`) VALUES ('11988', 'Ant');
INSERT INTO `Mission` (`id`, `companyName`, `shortName`, `role`, `skillSet_id`) VALUES ('11988', 'Urauw', 'Aukoug', 'JuniorSoftwareEngineer', '11988');
INSERT INTO `SkillSet` (`id`) VALUES ('11989');
INSERT INTO `SkillSet_skills` (`SkillSet_id`, `skills`) VALUES ('11989', 'Ant');
INSERT INTO `SkillSet_skills` (`SkillSet_id`, `skills`) VALUES ('11989', 'Ant');
INSERT INTO `SkillSet_skills` (`SkillSet_id`, `skills`) VALUES ('11989', 'dotNet');
INSERT INTO `SkillSet_skills` (`SkillSet_id`, `skills`) VALUES ('11989', 'UnitTesting');
INSERT INTO `SkillSet_skills` (`SkillSet_id`, `skills`) VALUES ('11989', 'Architektur');
INSERT INTO `Mission` (`id`, `companyName`, `shortName`, `role`, `skillSet_id`) VALUES ('11989', 'Kuss', 'Shoupf', 'JuniorSoftwareEngineer', '11989');
INSERT INTO `SkillSet` (`id`) VALUES ('11990');
INSERT INTO `SkillSet_skills` (`SkillSet_id`, `skills`) VALUES ('11990', 'Maven');
INSERT INTO `SkillSet_skills` (`SkillSet_id`, `skills`) VALUES ('11990', 'Gradle');
INSERT INTO `SkillSet_skills` (`SkillSet_id`, `skills`) VALUES ('11990', 'Ant');
INSERT INTO `SkillSet_skills` (`SkillSet_id`, `skills`) VALUES ('11990', 'Gradle');
INSERT INTO `Mission` (`id`, `companyName`, `shortName`, `role`, `skillSet_id`) VALUES ('11990', 'Oigogh', 'Baifooh', 'LeadSoftwareArchitect', '11990');
INSERT INTO `SkillSet` (`id`) VALUES ('11991');
INSERT INTO `SkillSet_skills` (`SkillSet_id`, `skills`) VALUES ('11991', 'dotNet');
INSERT INTO `SkillSet_skills` (`SkillSet_id`, `skills`) VALUES ('11991', 'dotNet');
INSERT INTO `SkillSet_skills` (`SkillSet_id`, `skills`) VALUES ('11991', 'dotNet');
INSERT INTO `SkillSet_skills` (`SkillSet_id`, `skills`) VALUES ('11991', 'Java');
INSERT INTO `SkillSet_skills` (`SkillSet_id`, `skills`) VALUES ('11991', 'Java');
INSERT INTO `Mission` (`id`, `companyName`, `shortName`, `role`, `skillSet_id`) VALUES ('11991', 'Glount', 'Gjstur', 'SoftwareEngineer', '11991');
INSERT INTO `SkillSet` (`id`) VALUES ('11992');
INSERT INTO `SkillSet_skills` (`SkillSet_id`, `skills`) VALUES ('11992', 'Java');
INSERT INTO `SkillSet_skills` (`SkillSet_id`, `skills`) VALUES ('11992', 'SQL');
INSERT INTO `SkillSet_skills` (`SkillSet_id`, `skills`) VALUES ('11992', 'dotNet');
INSERT INTO `SkillSet_skills` (`SkillSet_id`, `skills`) VALUES ('11992', 'UnitTesting');
INSERT INTO `SkillSet_skills` (`SkillSet_id`, `skills`) VALUES ('11992', 'dotNet');
INSERT INTO `Mission` (`id`, `companyName`, `shortName`, `role`, `skillSet_id`) VALUES ('11992', 'Entas', 'Auz', 'SeniorSoftwareEngineer', '11992');
INSERT INTO `SkillSet` (`id`) VALUES ('11993');
INSERT INTO `SkillSet_skills` (`SkillSet_id`, `skills`) VALUES ('11993', 'SQL');
INSERT INTO `SkillSet_skills` (`SkillSet_id`, `skills`) VALUES ('11993', 'UITesting');
INSERT INTO `SkillSet_skills` (`SkillSet_id`, `skills`) VALUES ('11993', 'UITesting');
INSERT INTO `SkillSet_skills` (`SkillSet_id`, `skills`) VALUES ('11993', 'dotNet');
INSERT INTO `Mission` (`id`, `companyName`, `shortName`, `role`, `skillSet_id`) VALUES ('11993', 'Jth', 'Eg', 'JuniorSoftwareEngineer', '11993');
INSERT INTO `SkillSet` (`id`) VALUES ('11994');
INSERT INTO `SkillSet_skills` (`SkillSet_id`, `skills`) VALUES ('11994', 'dotNet');
INSERT INTO `Mission` (`id`, `companyName`, `shortName`, `role`, `skillSet_id`) VALUES ('11994', 'Lipfaust', 'Eis', 'LeadEngineer', '11994');
INSERT INTO `SkillSet` (`id`) VALUES ('11995');
INSERT INTO `SkillSet_skills` (`SkillSet_id`, `skills`) VALUES ('11995', 'UITesting');
INSERT INTO `Mission` (`id`, `companyName`, `shortName`, `role`, `skillSet_id`) VALUES ('11995', 'Eil', 'Eil', 'LeadEngineer', '11995');
INSERT INTO `SkillSet` (`id`) VALUES ('11996');
INSERT INTO `SkillSet_skills` (`SkillSet_id`, `skills`) VALUES ('11996', 'Java');
INSERT INTO `SkillSet_skills` (`SkillSet_id`, `skills`) VALUES ('11996', 'dotNet');
INSERT INTO `SkillSet_skills` (`SkillSet_id`, `skills`) VALUES ('11996', 'Gradle');
INSERT INTO `SkillSet_skills` (`SkillSet_id`, `skills`) VALUES ('11996', 'Java');
INSERT INTO `SkillSet_skills` (`SkillSet_id`, `skills`) VALUES ('11996', 'dotNet');
INSERT INTO `Mission` (`id`, `companyName`, `shortName`, `role`, `skillSet_id`) VALUES ('11996', 'Ljdoof', 'Ost', 'LeadEngineer', '11996');
INSERT INTO `SkillSet` (`id`) VALUES ('11997');
INSERT INTO `SkillSet_skills` (`SkillSet_id`, `skills`) VALUES ('11997', 'Ant');
INSERT INTO `SkillSet_skills` (`SkillSet_id`, `skills`) VALUES ('11997', 'SQL');
INSERT INTO `SkillSet_skills` (`SkillSet_id`, `skills`) VALUES ('11997', 'Java');
INSERT INTO `SkillSet_skills` (`SkillSet_id`, `skills`) VALUES ('11997', 'Gradle');
INSERT INTO `SkillSet_skills` (`SkillSet_id`, `skills`) VALUES ('11997', 'Ant');
INSERT INTO `Mission` (`id`, `companyName`, `shortName`, `role`, `skillSet_id`) VALUES ('11997', 'Qost', 'Saushupf', 'LeadSoftwareArchitect', '11997');
INSERT INTO `SkillSet` (`id`) VALUES ('11998');
INSERT INTO `SkillSet_skills` (`SkillSet_id`, `skills`) VALUES ('11998', 'UnitTesting');
INSERT INTO `SkillSet_skills` (`SkillSet_id`, `skills`) VALUES ('11998', 'UITesting');
INSERT INTO `SkillSet_skills` (`SkillSet_id`, `skills`) VALUES ('11998', 'Ant');
INSERT INTO `Mission` (`id`, `companyName`, `shortName`, `role`, `skillSet_id`) VALUES ('11998', 'Ezoss', 'Zyz', 'SeniorSoftwareEngineer', '11998');
INSERT INTO `SkillSet` (`id`) VALUES ('11999');
INSERT INTO `SkillSet_skills` (`SkillSet_id`, `skills`) VALUES ('11999', 'Ant');
INSERT INTO `SkillSet_skills` (`SkillSet_id`, `skills`) VALUES ('11999', 'UITesting');
INSERT INTO `SkillSet_skills` (`SkillSet_id`, `skills`) VALUES ('11999', 'UnitTesting');
INSERT INTO `SkillSet_skills` (`SkillSet_id`, `skills`) VALUES ('11999', 'Gradle');
INSERT INTO `Mission` (`id`, `companyName`, `shortName`, `role`, `skillSet_id`) VALUES ('11999', 'Flipf', 'Grjiroh', 'LeadEngineer', '11999');