// Hero Frank
INSERT INTO `SkillSet` (`id`) VALUES ('931');
INSERT INTO `SkillSet_skills` (`SkillSet_id`, `skills`) VALUES ('931', 'Java');
INSERT INTO `SkillSet_skills` (`SkillSet_id`, `skills`) VALUES ('931', 'Ant');
INSERT INTO `SkillSet_skills` (`SkillSet_id`, `skills`) VALUES ('931', 'Architektur');
INSERT INTO `SkillSet_skills` (`SkillSet_id`, `skills`) VALUES ('931', 'UnitTesting');
INSERT INTO `SkillSet_skills` (`SkillSet_id`, `skills`) VALUES ('931', 'UITesting');
INSERT INTO `Hero` (`id`, `firstName`, `lastName`, `picturePath`, `role`, `skillSet_id`, `educationTarget`) VALUES ('931', 'Frank', 'Beeh', 'img/Head6.png', 'PrincipalConsultant', '931', 'SQL');

// Hero Florian
INSERT INTO `SkillSet` (`id`) VALUES ('100');
INSERT INTO `SkillSet_skills` (`SkillSet_id`, `skills`) VALUES ('100', 'Java');
INSERT INTO `SkillSet_skills` (`SkillSet_id`, `skills`) VALUES ('100', 'Gradle');
INSERT INTO `SkillSet_skills` (`SkillSet_id`, `skills`) VALUES ('100', 'Ant');
INSERT INTO `SkillSet_skills` (`SkillSet_id`, `skills`) VALUES ('100', 'UnitTesting');
INSERT INTO `SkillSet_skills` (`SkillSet_id`, `skills`) VALUES ('100', 'SQL');
INSERT INTO `Hero` (`id`, `firstName`, `lastName`, `picturePath`, `role`, `skillSet_id`, `educationTarget`) VALUES ('100', 'Florian', 'Besser', 'img/Head1.png', 'JuniorSoftwareEngineer', '100', 'Architektur');

// Hero Matthias Bader
INSERT INTO `SkillSet` (`id`) VALUES ('101');
INSERT INTO `SkillSet_skills` (`SkillSet_id`, `skills`) VALUES ('101', 'DotNet');
INSERT INTO `SkillSet_skills` (`SkillSet_id`, `skills`) VALUES ('101', 'UnitTesting');
INSERT INTO `SkillSet_skills` (`SkillSet_id`, `skills`) VALUES ('101', 'Architektur');
INSERT INTO `SkillSet_skills` (`SkillSet_id`, `skills`) VALUES ('101', 'SQL');
INSERT INTO `Hero` (`id`, `firstName`, `lastName`, `picturePath`, `role`, `skillSet_id`, `educationTarget`) VALUES ('101', 'Matthias', 'Baader', 'img/Head7.png', 'LeadSoftwareArchitect', '101', 'UITesting');

//LCUs
INSERT INTO `LCU` (`id`, `firstName`, `lastName`) VALUES ('1', 'Wolfgang', 'Giersche');
INSERT INTO `LCU` (`id`, `firstName`, `lastName`) VALUES ('2', 'Cornel', 'Studacher');
INSERT INTO `LCU` (`id`, `firstName`, `lastName`) VALUES ('3', 'Hans', 'Meyer');

//Missions
INSERT INTO `SkillSet` (`id`) VALUES ('10001');
INSERT INTO `SkillSet_skills` (`SkillSet_id`, `skills`) VALUES ('10001', 'Java');
INSERT INTO `SkillSet_skills` (`SkillSet_id`, `skills`) VALUES ('10001', 'Ant');
INSERT INTO `SkillSet_skills` (`SkillSet_id`, `skills`) VALUES ('10001', 'UnitTesting');
INSERT INTO `SkillSet_skills` (`SkillSet_id`, `skills`) VALUES ('10001', 'SQL');
INSERT INTO `Mission` (`id`, `companyName`, `shortName`, `description`, `role`, `lcu_id`, `skillSet_id`) VALUES ('10001', 'Swisscom', 'Junior Java Developer', 'Einfache Java-Entwicklung im SAM-Team.', 'JuniorSoftwareEngineer', '1', '10001');

INSERT INTO `SkillSet` (`id`) VALUES ('10002');
INSERT INTO `SkillSet_skills` (`SkillSet_id`, `skills`) VALUES ('10002', 'Java');
INSERT INTO `SkillSet_skills` (`SkillSet_id`, `skills`) VALUES ('10002', 'Ant');
INSERT INTO `SkillSet_skills` (`SkillSet_id`, `skills`) VALUES ('10002', 'Architektur');
INSERT INTO `SkillSet_skills` (`SkillSet_id`, `skills`) VALUES ('10002', 'UnitTesting');
INSERT INTO `SkillSet_skills` (`SkillSet_id`, `skills`) VALUES ('10002', 'UITesting');
INSERT INTO `SkillSet_skills` (`SkillSet_id`, `skills`) VALUES ('10002', 'SQL');
INSERT INTO `Mission` (`id`, `companyName`, `shortName`, `description`, `role`, `lcu_id`, `skillSet_id`) VALUES ('10002', 'Swisscom', 'Java Architect', 'Architekt für SAM-Team.', 'LeadSoftwareArchitect', '1', '10002');
INSERT INTO `LCU_Mission` (`LCU_id`, `missions_id`) VALUES ('1', '10002');

INSERT INTO `SkillSet` (`id`) VALUES ('1000');
INSERT INTO `SkillSet_skills` (`SkillSet_id`, `skills`) VALUES ('1000', 'Gradle');
INSERT INTO `SkillSet_skills` (`SkillSet_id`, `skills`) VALUES ('1000', 'UITesting');
INSERT INTO `SkillSet_skills` (`SkillSet_id`, `skills`) VALUES ('1000', 'DotNet');
INSERT INTO `SkillSet_skills` (`SkillSet_id`, `skills`) VALUES ('1000', 'SQL');
INSERT INTO `SkillSet_skills` (`SkillSet_id`, `skills`) VALUES ('1000', 'UITesting');
INSERT INTO `Hero` (`id`, `firstName`, `lastName`, `picturePath`, `role`, `skillSet_id`) VALUES ('1000', 'Kloshjist', 'Mykih', 'img/Head3.png', 'JuniorSoftwareEngineer', '1000');
INSERT INTO `SkillSet` (`id`) VALUES ('1001');
INSERT INTO `SkillSet_skills` (`SkillSet_id`, `skills`) VALUES ('1001', 'SQL');
INSERT INTO `Hero` (`id`, `firstName`, `lastName`, `picturePath`, `role`, `skillSet_id`) VALUES ('1001', 'Enn', 'Jghjpf', 'img/Head7.png', 'LeadEngineer', '1001');
INSERT INTO `SkillSet` (`id`) VALUES ('1002');
INSERT INTO `SkillSet_skills` (`SkillSet_id`, `skills`) VALUES ('1002', 'UITesting');
INSERT INTO `Hero` (`id`, `firstName`, `lastName`, `picturePath`, `role`, `skillSet_id`) VALUES ('1002', 'Blekjf', 'Ut', 'img/Head7.png', 'SeniorSoftwareEngineer', '1002');
INSERT INTO `SkillSet` (`id`) VALUES ('1003');
INSERT INTO `SkillSet_skills` (`SkillSet_id`, `skills`) VALUES ('1003', 'DotNet');
INSERT INTO `SkillSet_skills` (`SkillSet_id`, `skills`) VALUES ('1003', 'Ant');
INSERT INTO `SkillSet_skills` (`SkillSet_id`, `skills`) VALUES ('1003', 'Maven');
INSERT INTO `SkillSet_skills` (`SkillSet_id`, `skills`) VALUES ('1003', 'Gradle');
INSERT INTO `SkillSet_skills` (`SkillSet_id`, `skills`) VALUES ('1003', 'DotNet');
INSERT INTO `Hero` (`id`, `firstName`, `lastName`, `picturePath`, `role`, `skillSet_id`) VALUES ('1003', 'Mjithaith', 'Mouheim', 'img/Head1.png', 'LeadSoftwareArchitect', '1003');
INSERT INTO `SkillSet` (`id`) VALUES ('1004');
INSERT INTO `SkillSet_skills` (`SkillSet_id`, `skills`) VALUES ('1004', 'UnitTesting');
INSERT INTO `Hero` (`id`, `firstName`, `lastName`, `picturePath`, `role`, `skillSet_id`) VALUES ('1004', 'Qais', 'Uv', 'img/Head5.png', 'PrincipalConsultant', '1004');
INSERT INTO `SkillSet` (`id`) VALUES ('1005');
INSERT INTO `SkillSet_skills` (`SkillSet_id`, `skills`) VALUES ('1005', 'Ant');
INSERT INTO `Hero` (`id`, `firstName`, `lastName`, `picturePath`, `role`, `skillSet_id`) VALUES ('1005', 'Ap', 'Floottaur', 'img/Head5.png', 'SoftwareEngineer', '1005');
INSERT INTO `SkillSet` (`id`) VALUES ('1006');
INSERT INTO `SkillSet_skills` (`SkillSet_id`, `skills`) VALUES ('1006', 'DotNet');
INSERT INTO `Hero` (`id`, `firstName`, `lastName`, `picturePath`, `role`, `skillSet_id`) VALUES ('1006', 'Graghjit', 'Nuz', 'img/Head8.png', 'JuniorSoftwareEngineer', '1006');
INSERT INTO `SkillSet` (`id`) VALUES ('1007');
INSERT INTO `SkillSet_skills` (`SkillSet_id`, `skills`) VALUES ('1007', 'Java');
INSERT INTO `SkillSet_skills` (`SkillSet_id`, `skills`) VALUES ('1007', 'DotNet');
INSERT INTO `SkillSet_skills` (`SkillSet_id`, `skills`) VALUES ('1007', 'UnitTesting');
INSERT INTO `Hero` (`id`, `firstName`, `lastName`, `picturePath`, `role`, `skillSet_id`) VALUES ('1007', 'Gunteiz', 'Jigenn', 'img/Head8.png', 'SeniorSoftwareEngineer', '1007');
INSERT INTO `SkillSet` (`id`) VALUES ('1008');
INSERT INTO `SkillSet_skills` (`SkillSet_id`, `skills`) VALUES ('1008', 'Gradle');
INSERT INTO `SkillSet_skills` (`SkillSet_id`, `skills`) VALUES ('1008', 'SQL');
INSERT INTO `SkillSet_skills` (`SkillSet_id`, `skills`) VALUES ('1008', 'Maven');
INSERT INTO `Hero` (`id`, `firstName`, `lastName`, `picturePath`, `role`, `skillSet_id`) VALUES ('1008', 'Doutt', 'Athoust', 'img/Head1.png', 'PrincipalConsultant', '1008');
INSERT INTO `SkillSet` (`id`) VALUES ('1009');
INSERT INTO `SkillSet_skills` (`SkillSet_id`, `skills`) VALUES ('1009', 'UnitTesting');
INSERT INTO `SkillSet_skills` (`SkillSet_id`, `skills`) VALUES ('1009', 'UnitTesting');
INSERT INTO `SkillSet_skills` (`SkillSet_id`, `skills`) VALUES ('1009', 'UnitTesting');
INSERT INTO `SkillSet_skills` (`SkillSet_id`, `skills`) VALUES ('1009', 'Gradle');
INSERT INTO `SkillSet_skills` (`SkillSet_id`, `skills`) VALUES ('1009', 'Architektur');
INSERT INTO `Hero` (`id`, `firstName`, `lastName`, `picturePath`, `role`, `skillSet_id`) VALUES ('1009', 'Ughautt', 'Jidyt', 'img/Head6.png', 'SoftwareEngineer', '1009');
INSERT INTO `SkillSet` (`id`) VALUES ('1010');
INSERT INTO `SkillSet_skills` (`SkillSet_id`, `skills`) VALUES ('1010', 'Ant');
INSERT INTO `SkillSet_skills` (`SkillSet_id`, `skills`) VALUES ('1010', 'UITesting');
INSERT INTO `SkillSet_skills` (`SkillSet_id`, `skills`) VALUES ('1010', 'UITesting');
INSERT INTO `SkillSet_skills` (`SkillSet_id`, `skills`) VALUES ('1010', 'SQL');
INSERT INTO `Hero` (`id`, `firstName`, `lastName`, `picturePath`, `role`, `skillSet_id`) VALUES ('1010', 'Hjit', 'Xag', 'img/Head2.png', 'PrincipalConsultant', '1010');
INSERT INTO `SkillSet` (`id`) VALUES ('1011');
INSERT INTO `SkillSet_skills` (`SkillSet_id`, `skills`) VALUES ('1011', 'Ant');
INSERT INTO `SkillSet_skills` (`SkillSet_id`, `skills`) VALUES ('1011', 'DotNet');
INSERT INTO `Hero` (`id`, `firstName`, `lastName`, `picturePath`, `role`, `skillSet_id`) VALUES ('1011', 'Oott', 'Ihoint', 'img/Head3.png', 'LeadSoftwareArchitect', '1011');
INSERT INTO `SkillSet` (`id`) VALUES ('1012');
INSERT INTO `SkillSet_skills` (`SkillSet_id`, `skills`) VALUES ('1012', 'Ant');
INSERT INTO `SkillSet_skills` (`SkillSet_id`, `skills`) VALUES ('1012', 'Ant');
INSERT INTO `Hero` (`id`, `firstName`, `lastName`, `picturePath`, `role`, `skillSet_id`) VALUES ('1012', 'Oosh', 'Viss', 'img/Head5.png', 'LeadEngineer', '1012');
INSERT INTO `SkillSet` (`id`) VALUES ('1013');
INSERT INTO `SkillSet_skills` (`SkillSet_id`, `skills`) VALUES ('1013', 'DotNet');
INSERT INTO `SkillSet_skills` (`SkillSet_id`, `skills`) VALUES ('1013', 'UnitTesting');
INSERT INTO `Hero` (`id`, `firstName`, `lastName`, `picturePath`, `role`, `skillSet_id`) VALUES ('1013', 'Choumaip', 'Praup', 'img/Head1.png', 'SeniorSoftwareEngineer', '1013');
INSERT INTO `SkillSet` (`id`) VALUES ('1014');
INSERT INTO `SkillSet_skills` (`SkillSet_id`, `skills`) VALUES ('1014', 'SQL');
INSERT INTO `SkillSet_skills` (`SkillSet_id`, `skills`) VALUES ('1014', 'UnitTesting');
INSERT INTO `SkillSet_skills` (`SkillSet_id`, `skills`) VALUES ('1014', 'Architektur');
INSERT INTO `SkillSet_skills` (`SkillSet_id`, `skills`) VALUES ('1014', 'UITesting');
INSERT INTO `Hero` (`id`, `firstName`, `lastName`, `picturePath`, `role`, `skillSet_id`) VALUES ('1014', 'Eittough', 'Xjs', 'img/Head2.png', 'LeadEngineer', '1014');
INSERT INTO `SkillSet` (`id`) VALUES ('1015');
INSERT INTO `SkillSet_skills` (`SkillSet_id`, `skills`) VALUES ('1015', 'Java');
INSERT INTO `SkillSet_skills` (`SkillSet_id`, `skills`) VALUES ('1015', 'DotNet');
INSERT INTO `Hero` (`id`, `firstName`, `lastName`, `picturePath`, `role`, `skillSet_id`) VALUES ('1015', 'Al', 'Amaub', 'img/Head3.png', 'SeniorSoftwareEngineer', '1015');
INSERT INTO `SkillSet` (`id`) VALUES ('1016');
INSERT INTO `SkillSet_skills` (`SkillSet_id`, `skills`) VALUES ('1016', 'UITesting');
INSERT INTO `SkillSet_skills` (`SkillSet_id`, `skills`) VALUES ('1016', 'Gradle');
INSERT INTO `Hero` (`id`, `firstName`, `lastName`, `picturePath`, `role`, `skillSet_id`) VALUES ('1016', 'Syss', 'Yssoof', 'img/Head1.png', 'JuniorSoftwareEngineer', '1016');
INSERT INTO `SkillSet` (`id`) VALUES ('1017');
INSERT INTO `SkillSet_skills` (`SkillSet_id`, `skills`) VALUES ('1017', 'Architektur');
INSERT INTO `SkillSet_skills` (`SkillSet_id`, `skills`) VALUES ('1017', 'SQL');
INSERT INTO `SkillSet_skills` (`SkillSet_id`, `skills`) VALUES ('1017', 'SQL');
INSERT INTO `SkillSet_skills` (`SkillSet_id`, `skills`) VALUES ('1017', 'Ant');
INSERT INTO `SkillSet_skills` (`SkillSet_id`, `skills`) VALUES ('1017', 'UITesting');
INSERT INTO `Hero` (`id`, `firstName`, `lastName`, `picturePath`, `role`, `skillSet_id`) VALUES ('1017', 'Upfjish', 'Thoonjch', 'img/Head7.png', 'LeadSoftwareArchitect', '1017');
INSERT INTO `SkillSet` (`id`) VALUES ('1018');
INSERT INTO `SkillSet_skills` (`SkillSet_id`, `skills`) VALUES ('1018', 'UITesting');
INSERT INTO `Hero` (`id`, `firstName`, `lastName`, `picturePath`, `role`, `skillSet_id`) VALUES ('1018', 'Oithait', 'Loochith', 'img/Head6.png', 'JuniorSoftwareEngineer', '1018');
INSERT INTO `SkillSet` (`id`) VALUES ('1019');
INSERT INTO `SkillSet_skills` (`SkillSet_id`, `skills`) VALUES ('1019', 'SQL');
INSERT INTO `SkillSet_skills` (`SkillSet_id`, `skills`) VALUES ('1019', 'SQL');
INSERT INTO `SkillSet_skills` (`SkillSet_id`, `skills`) VALUES ('1019', 'UnitTesting');
INSERT INTO `Hero` (`id`, `firstName`, `lastName`, `picturePath`, `role`, `skillSet_id`) VALUES ('1019', 'Zoip', 'Zykaus', 'img/Head7.png', 'PrincipalConsultant', '1019');
INSERT INTO `SkillSet` (`id`) VALUES ('1020');
INSERT INTO `SkillSet_skills` (`SkillSet_id`, `skills`) VALUES ('1020', 'DotNet');
INSERT INTO `SkillSet_skills` (`SkillSet_id`, `skills`) VALUES ('1020', 'DotNet');
INSERT INTO `SkillSet_skills` (`SkillSet_id`, `skills`) VALUES ('1020', 'UnitTesting');
INSERT INTO `Hero` (`id`, `firstName`, `lastName`, `picturePath`, `role`, `skillSet_id`) VALUES ('1020', 'Oiloul', 'Jlish', 'img/Head8.png', 'JuniorSoftwareEngineer', '1020');
INSERT INTO `SkillSet` (`id`) VALUES ('1021');
INSERT INTO `SkillSet_skills` (`SkillSet_id`, `skills`) VALUES ('1021', 'Maven');
INSERT INTO `SkillSet_skills` (`SkillSet_id`, `skills`) VALUES ('1021', 'Gradle');
INSERT INTO `SkillSet_skills` (`SkillSet_id`, `skills`) VALUES ('1021', 'Maven');
INSERT INTO `SkillSet_skills` (`SkillSet_id`, `skills`) VALUES ('1021', 'UITesting');
INSERT INTO `SkillSet_skills` (`SkillSet_id`, `skills`) VALUES ('1021', 'Maven');
INSERT INTO `Hero` (`id`, `firstName`, `lastName`, `picturePath`, `role`, `skillSet_id`) VALUES ('1021', 'Soiw', 'Auwjich', 'img/Head8.png', 'LeadSoftwareArchitect', '1021');
INSERT INTO `SkillSet` (`id`) VALUES ('1022');
INSERT INTO `SkillSet_skills` (`SkillSet_id`, `skills`) VALUES ('1022', 'Ant');
INSERT INTO `SkillSet_skills` (`SkillSet_id`, `skills`) VALUES ('1022', 'DotNet');
INSERT INTO `Hero` (`id`, `firstName`, `lastName`, `picturePath`, `role`, `skillSet_id`) VALUES ('1022', 'Big', 'Thapfoitt', 'img/Head1.png', 'JuniorSoftwareEngineer', '1022');
INSERT INTO `SkillSet` (`id`) VALUES ('1023');
INSERT INTO `SkillSet_skills` (`SkillSet_id`, `skills`) VALUES ('1023', 'Ant');
INSERT INTO `SkillSet_skills` (`SkillSet_id`, `skills`) VALUES ('1023', 'Architektur');
INSERT INTO `SkillSet_skills` (`SkillSet_id`, `skills`) VALUES ('1023', 'SQL');
INSERT INTO `SkillSet_skills` (`SkillSet_id`, `skills`) VALUES ('1023', 'Ant');
INSERT INTO `Hero` (`id`, `firstName`, `lastName`, `picturePath`, `role`, `skillSet_id`) VALUES ('1023', 'Zakait', 'En', 'img/Head4.png', 'SeniorSoftwareEngineer', '1023');
INSERT INTO `SkillSet` (`id`) VALUES ('1024');
INSERT INTO `SkillSet_skills` (`SkillSet_id`, `skills`) VALUES ('1024', 'UITesting');
INSERT INTO `SkillSet_skills` (`SkillSet_id`, `skills`) VALUES ('1024', 'UITesting');
INSERT INTO `SkillSet_skills` (`SkillSet_id`, `skills`) VALUES ('1024', 'Architektur');
INSERT INTO `SkillSet_skills` (`SkillSet_id`, `skills`) VALUES ('1024', 'Ant');
INSERT INTO `SkillSet_skills` (`SkillSet_id`, `skills`) VALUES ('1024', 'UnitTesting');
INSERT INTO `Hero` (`id`, `firstName`, `lastName`, `picturePath`, `role`, `skillSet_id`) VALUES ('1024', 'Ur', 'Aipf', 'img/Head6.png', 'JuniorSoftwareEngineer', '1024');
INSERT INTO `SkillSet` (`id`) VALUES ('1025');
INSERT INTO `SkillSet_skills` (`SkillSet_id`, `skills`) VALUES ('1025', 'DotNet');
INSERT INTO `SkillSet_skills` (`SkillSet_id`, `skills`) VALUES ('1025', 'UITesting');
INSERT INTO `SkillSet_skills` (`SkillSet_id`, `skills`) VALUES ('1025', 'Java');
INSERT INTO `SkillSet_skills` (`SkillSet_id`, `skills`) VALUES ('1025', 'Gradle');
INSERT INTO `Hero` (`id`, `firstName`, `lastName`, `picturePath`, `role`, `skillSet_id`) VALUES ('1025', 'Opfoiss', 'Bljwjt', 'img/Head6.png', 'PrincipalConsultant', '1025');
INSERT INTO `SkillSet` (`id`) VALUES ('1026');
INSERT INTO `SkillSet_skills` (`SkillSet_id`, `skills`) VALUES ('1026', 'Maven');
INSERT INTO `SkillSet_skills` (`SkillSet_id`, `skills`) VALUES ('1026', 'UnitTesting');
INSERT INTO `SkillSet_skills` (`SkillSet_id`, `skills`) VALUES ('1026', 'Ant');
INSERT INTO `Hero` (`id`, `firstName`, `lastName`, `picturePath`, `role`, `skillSet_id`) VALUES ('1026', 'Foos', 'Gljss', 'img/Head3.png', 'LeadEngineer', '1026');
INSERT INTO `SkillSet` (`id`) VALUES ('1027');
INSERT INTO `SkillSet_skills` (`SkillSet_id`, `skills`) VALUES ('1027', 'Gradle');
INSERT INTO `SkillSet_skills` (`SkillSet_id`, `skills`) VALUES ('1027', 'Maven');
INSERT INTO `SkillSet_skills` (`SkillSet_id`, `skills`) VALUES ('1027', 'SQL');
INSERT INTO `Hero` (`id`, `firstName`, `lastName`, `picturePath`, `role`, `skillSet_id`) VALUES ('1027', 'Aiv', 'Aiw', 'img/Head7.png', 'JuniorSoftwareEngineer', '1027');
INSERT INTO `SkillSet` (`id`) VALUES ('1028');
INSERT INTO `SkillSet_skills` (`SkillSet_id`, `skills`) VALUES ('1028', 'DotNet');
INSERT INTO `SkillSet_skills` (`SkillSet_id`, `skills`) VALUES ('1028', 'Maven');
INSERT INTO `SkillSet_skills` (`SkillSet_id`, `skills`) VALUES ('1028', 'Maven');
INSERT INTO `SkillSet_skills` (`SkillSet_id`, `skills`) VALUES ('1028', 'Ant');
INSERT INTO `SkillSet_skills` (`SkillSet_id`, `skills`) VALUES ('1028', 'UITesting');
INSERT INTO `Hero` (`id`, `firstName`, `lastName`, `picturePath`, `role`, `skillSet_id`) VALUES ('1028', 'Ushoost', 'Unnam', 'img/Head5.png', 'SoftwareEngineer', '1028');
INSERT INTO `SkillSet` (`id`) VALUES ('1029');
INSERT INTO `SkillSet_skills` (`SkillSet_id`, `skills`) VALUES ('1029', 'SQL');
INSERT INTO `SkillSet_skills` (`SkillSet_id`, `skills`) VALUES ('1029', 'Maven');
INSERT INTO `SkillSet_skills` (`SkillSet_id`, `skills`) VALUES ('1029', 'Architektur');
INSERT INTO `SkillSet_skills` (`SkillSet_id`, `skills`) VALUES ('1029', 'UnitTesting');
INSERT INTO `Hero` (`id`, `firstName`, `lastName`, `picturePath`, `role`, `skillSet_id`) VALUES ('1029', 'Eish', 'Apf', 'img/Head6.png', 'SeniorSoftwareEngineer', '1029');
INSERT INTO `SkillSet` (`id`) VALUES ('1030');
INSERT INTO `SkillSet_skills` (`SkillSet_id`, `skills`) VALUES ('1030', 'Maven');
INSERT INTO `Hero` (`id`, `firstName`, `lastName`, `picturePath`, `role`, `skillSet_id`) VALUES ('1030', 'Cyvug', 'Aupfaiz', 'img/Head3.png', 'SoftwareEngineer', '1030');
INSERT INTO `SkillSet` (`id`) VALUES ('1031');
INSERT INTO `SkillSet_skills` (`SkillSet_id`, `skills`) VALUES ('1031', 'Java');
INSERT INTO `SkillSet_skills` (`SkillSet_id`, `skills`) VALUES ('1031', 'Gradle');
INSERT INTO `Hero` (`id`, `firstName`, `lastName`, `picturePath`, `role`, `skillSet_id`) VALUES ('1031', 'Leshan', 'Aupoiss', 'img/Head6.png', 'SoftwareEngineer', '1031');
INSERT INTO `SkillSet` (`id`) VALUES ('1032');
INSERT INTO `SkillSet_skills` (`SkillSet_id`, `skills`) VALUES ('1032', 'Gradle');
INSERT INTO `SkillSet_skills` (`SkillSet_id`, `skills`) VALUES ('1032', 'Ant');
INSERT INTO `SkillSet_skills` (`SkillSet_id`, `skills`) VALUES ('1032', 'DotNet');
INSERT INTO `Hero` (`id`, `firstName`, `lastName`, `picturePath`, `role`, `skillSet_id`) VALUES ('1032', 'Onul', 'Etenn', 'img/Head3.png', 'PrincipalConsultant', '1032');
INSERT INTO `SkillSet` (`id`) VALUES ('1033');
INSERT INTO `SkillSet_skills` (`SkillSet_id`, `skills`) VALUES ('1033', 'UITesting');
INSERT INTO `SkillSet_skills` (`SkillSet_id`, `skills`) VALUES ('1033', 'UnitTesting');
INSERT INTO `SkillSet_skills` (`SkillSet_id`, `skills`) VALUES ('1033', 'UITesting');
INSERT INTO `SkillSet_skills` (`SkillSet_id`, `skills`) VALUES ('1033', 'SQL');
INSERT INTO `SkillSet_skills` (`SkillSet_id`, `skills`) VALUES ('1033', 'Ant');
INSERT INTO `Hero` (`id`, `firstName`, `lastName`, `picturePath`, `role`, `skillSet_id`) VALUES ('1033', 'Cauvon', 'Airyh', 'img/Head6.png', 'SeniorSoftwareEngineer', '1033');
INSERT INTO `SkillSet` (`id`) VALUES ('1034');
INSERT INTO `SkillSet_skills` (`SkillSet_id`, `skills`) VALUES ('1034', 'Java');
INSERT INTO `SkillSet_skills` (`SkillSet_id`, `skills`) VALUES ('1034', 'UITesting');
INSERT INTO `Hero` (`id`, `firstName`, `lastName`, `picturePath`, `role`, `skillSet_id`) VALUES ('1034', 'Cough', 'Ail', 'img/Head2.png', 'LeadEngineer', '1034');
INSERT INTO `SkillSet` (`id`) VALUES ('1035');
INSERT INTO `SkillSet_skills` (`SkillSet_id`, `skills`) VALUES ('1035', 'UITesting');
INSERT INTO `SkillSet_skills` (`SkillSet_id`, `skills`) VALUES ('1035', 'SQL');
INSERT INTO `SkillSet_skills` (`SkillSet_id`, `skills`) VALUES ('1035', 'Java');
INSERT INTO `Hero` (`id`, `firstName`, `lastName`, `picturePath`, `role`, `skillSet_id`) VALUES ('1035', 'Boott', 'Heis', 'img/Head4.png', 'JuniorSoftwareEngineer', '1035');
INSERT INTO `SkillSet` (`id`) VALUES ('1036');
INSERT INTO `SkillSet_skills` (`SkillSet_id`, `skills`) VALUES ('1036', 'Architektur');
INSERT INTO `SkillSet_skills` (`SkillSet_id`, `skills`) VALUES ('1036', 'Gradle');
INSERT INTO `SkillSet_skills` (`SkillSet_id`, `skills`) VALUES ('1036', 'SQL');
INSERT INTO `Hero` (`id`, `firstName`, `lastName`, `picturePath`, `role`, `skillSet_id`) VALUES ('1036', 'Ul', 'Aut', 'img/Head3.png', 'LeadSoftwareArchitect', '1036');
INSERT INTO `SkillSet` (`id`) VALUES ('1037');
INSERT INTO `SkillSet_skills` (`SkillSet_id`, `skills`) VALUES ('1037', 'Gradle');
INSERT INTO `SkillSet_skills` (`SkillSet_id`, `skills`) VALUES ('1037', 'DotNet');
INSERT INTO `SkillSet_skills` (`SkillSet_id`, `skills`) VALUES ('1037', 'Gradle');
INSERT INTO `Hero` (`id`, `firstName`, `lastName`, `picturePath`, `role`, `skillSet_id`) VALUES ('1037', 'Eighaub', 'Aipf', 'img/Head2.png', 'PrincipalConsultant', '1037');
INSERT INTO `SkillSet` (`id`) VALUES ('1038');
INSERT INTO `SkillSet_skills` (`SkillSet_id`, `skills`) VALUES ('1038', 'UnitTesting');
INSERT INTO `Hero` (`id`, `firstName`, `lastName`, `picturePath`, `role`, `skillSet_id`) VALUES ('1038', 'Aipfob', 'Ettjich', 'img/Head3.png', 'SeniorSoftwareEngineer', '1038');
INSERT INTO `SkillSet` (`id`) VALUES ('1039');
INSERT INTO `SkillSet_skills` (`SkillSet_id`, `skills`) VALUES ('1039', 'UnitTesting');
INSERT INTO `SkillSet_skills` (`SkillSet_id`, `skills`) VALUES ('1039', 'Ant');
INSERT INTO `SkillSet_skills` (`SkillSet_id`, `skills`) VALUES ('1039', 'Maven');
INSERT INTO `Hero` (`id`, `firstName`, `lastName`, `picturePath`, `role`, `skillSet_id`) VALUES ('1039', 'Onnypf', 'Yntoim', 'img/Head6.png', 'SeniorSoftwareEngineer', '1039');
INSERT INTO `SkillSet` (`id`) VALUES ('1040');
INSERT INTO `SkillSet_skills` (`SkillSet_id`, `skills`) VALUES ('1040', 'DotNet');
INSERT INTO `Hero` (`id`, `firstName`, `lastName`, `picturePath`, `role`, `skillSet_id`) VALUES ('1040', 'Eittoogh', 'Wash', 'img/Head5.png', 'PrincipalConsultant', '1040');
INSERT INTO `SkillSet` (`id`) VALUES ('1041');
INSERT INTO `SkillSet_skills` (`SkillSet_id`, `skills`) VALUES ('1041', 'Ant');
INSERT INTO `SkillSet_skills` (`SkillSet_id`, `skills`) VALUES ('1041', 'DotNet');
INSERT INTO `SkillSet_skills` (`SkillSet_id`, `skills`) VALUES ('1041', 'Architektur');
INSERT INTO `SkillSet_skills` (`SkillSet_id`, `skills`) VALUES ('1041', 'Gradle');
INSERT INTO `Hero` (`id`, `firstName`, `lastName`, `picturePath`, `role`, `skillSet_id`) VALUES ('1041', 'Oissof', 'Efauw', 'img/Head5.png', 'SoftwareEngineer', '1041');
INSERT INTO `SkillSet` (`id`) VALUES ('1042');
INSERT INTO `SkillSet_skills` (`SkillSet_id`, `skills`) VALUES ('1042', 'Ant');
INSERT INTO `SkillSet_skills` (`SkillSet_id`, `skills`) VALUES ('1042', 'Java');
INSERT INTO `SkillSet_skills` (`SkillSet_id`, `skills`) VALUES ('1042', 'Gradle');
INSERT INTO `SkillSet_skills` (`SkillSet_id`, `skills`) VALUES ('1042', 'Gradle');
INSERT INTO `Hero` (`id`, `firstName`, `lastName`, `picturePath`, `role`, `skillSet_id`) VALUES ('1042', 'Oivoust', 'Dusjg', 'img/Head7.png', 'LeadEngineer', '1042');
INSERT INTO `SkillSet` (`id`) VALUES ('1043');
INSERT INTO `SkillSet_skills` (`SkillSet_id`, `skills`) VALUES ('1043', 'Gradle');
INSERT INTO `SkillSet_skills` (`SkillSet_id`, `skills`) VALUES ('1043', 'UITesting');
INSERT INTO `SkillSet_skills` (`SkillSet_id`, `skills`) VALUES ('1043', 'Java');
INSERT INTO `SkillSet_skills` (`SkillSet_id`, `skills`) VALUES ('1043', 'UITesting');
INSERT INTO `SkillSet_skills` (`SkillSet_id`, `skills`) VALUES ('1043', 'Java');
INSERT INTO `Hero` (`id`, `firstName`, `lastName`, `picturePath`, `role`, `skillSet_id`) VALUES ('1043', 'Asoiss', 'Doust', 'img/Head1.png', 'PrincipalConsultant', '1043');
INSERT INTO `SkillSet` (`id`) VALUES ('1044');
INSERT INTO `SkillSet_skills` (`SkillSet_id`, `skills`) VALUES ('1044', 'Architektur');
INSERT INTO `Hero` (`id`, `firstName`, `lastName`, `picturePath`, `role`, `skillSet_id`) VALUES ('1044', 'Unneb', 'Ounn', 'img/Head2.png', 'LeadSoftwareArchitect', '1044');
INSERT INTO `SkillSet` (`id`) VALUES ('1045');
INSERT INTO `SkillSet_skills` (`SkillSet_id`, `skills`) VALUES ('1045', 'UITesting');
INSERT INTO `Hero` (`id`, `firstName`, `lastName`, `picturePath`, `role`, `skillSet_id`) VALUES ('1045', 'Bloowow', 'Auz', 'img/Head3.png', 'SeniorSoftwareEngineer', '1045');
INSERT INTO `SkillSet` (`id`) VALUES ('1046');
INSERT INTO `SkillSet_skills` (`SkillSet_id`, `skills`) VALUES ('1046', 'Ant');
INSERT INTO `Hero` (`id`, `firstName`, `lastName`, `picturePath`, `role`, `skillSet_id`) VALUES ('1046', 'Ym', 'Gasseich', 'img/Head3.png', 'SeniorSoftwareEngineer', '1046');
INSERT INTO `SkillSet` (`id`) VALUES ('1047');
INSERT INTO `SkillSet_skills` (`SkillSet_id`, `skills`) VALUES ('1047', 'DotNet');
INSERT INTO `SkillSet_skills` (`SkillSet_id`, `skills`) VALUES ('1047', 'Maven');
INSERT INTO `SkillSet_skills` (`SkillSet_id`, `skills`) VALUES ('1047', 'Gradle');
INSERT INTO `Hero` (`id`, `firstName`, `lastName`, `picturePath`, `role`, `skillSet_id`) VALUES ('1047', 'Glynniv', 'Nint', 'img/Head2.png', 'LeadEngineer', '1047');
INSERT INTO `SkillSet` (`id`) VALUES ('1048');
INSERT INTO `SkillSet_skills` (`SkillSet_id`, `skills`) VALUES ('1048', 'DotNet');
INSERT INTO `Hero` (`id`, `firstName`, `lastName`, `picturePath`, `role`, `skillSet_id`) VALUES ('1048', 'Auk', 'Soidoipf', 'img/Head5.png', 'SoftwareEngineer', '1048');
INSERT INTO `SkillSet` (`id`) VALUES ('1049');
INSERT INTO `SkillSet_skills` (`SkillSet_id`, `skills`) VALUES ('1049', 'Architektur');
INSERT INTO `Hero` (`id`, `firstName`, `lastName`, `picturePath`, `role`, `skillSet_id`) VALUES ('1049', 'Qoumyk', 'Jivyh', 'img/Head4.png', 'SoftwareEngineer', '1049');
INSERT INTO `SkillSet` (`id`) VALUES ('1050');
INSERT INTO `SkillSet_skills` (`SkillSet_id`, `skills`) VALUES ('1050', 'Ant');
INSERT INTO `SkillSet_skills` (`SkillSet_id`, `skills`) VALUES ('1050', 'UITesting');
INSERT INTO `SkillSet_skills` (`SkillSet_id`, `skills`) VALUES ('1050', 'Ant');
INSERT INTO `SkillSet_skills` (`SkillSet_id`, `skills`) VALUES ('1050', 'UITesting');
INSERT INTO `Hero` (`id`, `firstName`, `lastName`, `picturePath`, `role`, `skillSet_id`) VALUES ('1050', 'Bleit', 'Oogh', 'img/Head8.png', 'SoftwareEngineer', '1050');
INSERT INTO `SkillSet` (`id`) VALUES ('1051');
INSERT INTO `SkillSet_skills` (`SkillSet_id`, `skills`) VALUES ('1051', 'UnitTesting');
INSERT INTO `SkillSet_skills` (`SkillSet_id`, `skills`) VALUES ('1051', 'Architektur');
INSERT INTO `SkillSet_skills` (`SkillSet_id`, `skills`) VALUES ('1051', 'UITesting');
INSERT INTO `Hero` (`id`, `firstName`, `lastName`, `picturePath`, `role`, `skillSet_id`) VALUES ('1051', 'Stysh', 'Prouteth', 'img/Head4.png', 'LeadSoftwareArchitect', '1051');
INSERT INTO `SkillSet` (`id`) VALUES ('1052');
INSERT INTO `SkillSet_skills` (`SkillSet_id`, `skills`) VALUES ('1052', 'DotNet');
INSERT INTO `Hero` (`id`, `firstName`, `lastName`, `picturePath`, `role`, `skillSet_id`) VALUES ('1052', 'Klaipf', 'Myp', 'img/Head1.png', 'JuniorSoftwareEngineer', '1052');
INSERT INTO `SkillSet` (`id`) VALUES ('1053');
INSERT INTO `SkillSet_skills` (`SkillSet_id`, `skills`) VALUES ('1053', 'DotNet');
INSERT INTO `SkillSet_skills` (`SkillSet_id`, `skills`) VALUES ('1053', 'DotNet');
INSERT INTO `SkillSet_skills` (`SkillSet_id`, `skills`) VALUES ('1053', 'Maven');
INSERT INTO `Hero` (`id`, `firstName`, `lastName`, `picturePath`, `role`, `skillSet_id`) VALUES ('1053', 'Yhul', 'Rjr', 'img/Head7.png', 'JuniorSoftwareEngineer', '1053');
INSERT INTO `SkillSet` (`id`) VALUES ('1054');
INSERT INTO `SkillSet_skills` (`SkillSet_id`, `skills`) VALUES ('1054', 'Architektur');
INSERT INTO `SkillSet_skills` (`SkillSet_id`, `skills`) VALUES ('1054', 'Java');
INSERT INTO `SkillSet_skills` (`SkillSet_id`, `skills`) VALUES ('1054', 'Gradle');
INSERT INTO `Hero` (`id`, `firstName`, `lastName`, `picturePath`, `role`, `skillSet_id`) VALUES ('1054', 'Obaib', 'Jigaif', 'img/Head5.png', 'JuniorSoftwareEngineer', '1054');
INSERT INTO `SkillSet` (`id`) VALUES ('1055');
INSERT INTO `SkillSet_skills` (`SkillSet_id`, `skills`) VALUES ('1055', 'Gradle');
INSERT INTO `SkillSet_skills` (`SkillSet_id`, `skills`) VALUES ('1055', 'Architektur');
INSERT INTO `SkillSet_skills` (`SkillSet_id`, `skills`) VALUES ('1055', 'Java');
INSERT INTO `SkillSet_skills` (`SkillSet_id`, `skills`) VALUES ('1055', 'Gradle');
INSERT INTO `SkillSet_skills` (`SkillSet_id`, `skills`) VALUES ('1055', 'UITesting');
INSERT INTO `Hero` (`id`, `firstName`, `lastName`, `picturePath`, `role`, `skillSet_id`) VALUES ('1055', 'Jthjith', 'Ainnoosh', 'img/Head8.png', 'LeadEngineer', '1055');
INSERT INTO `SkillSet` (`id`) VALUES ('1056');
INSERT INTO `SkillSet_skills` (`SkillSet_id`, `skills`) VALUES ('1056', 'SQL');
INSERT INTO `SkillSet_skills` (`SkillSet_id`, `skills`) VALUES ('1056', 'UITesting');
INSERT INTO `Hero` (`id`, `firstName`, `lastName`, `picturePath`, `role`, `skillSet_id`) VALUES ('1056', 'Oomoih', 'Oifjk', 'img/Head3.png', 'JuniorSoftwareEngineer', '1056');
INSERT INTO `SkillSet` (`id`) VALUES ('1057');
INSERT INTO `SkillSet_skills` (`SkillSet_id`, `skills`) VALUES ('1057', 'DotNet');
INSERT INTO `SkillSet_skills` (`SkillSet_id`, `skills`) VALUES ('1057', 'DotNet');
INSERT INTO `SkillSet_skills` (`SkillSet_id`, `skills`) VALUES ('1057', 'Maven');
INSERT INTO `SkillSet_skills` (`SkillSet_id`, `skills`) VALUES ('1057', 'Java');
INSERT INTO `Hero` (`id`, `firstName`, `lastName`, `picturePath`, `role`, `skillSet_id`) VALUES ('1057', 'Jib', 'Teittjst', 'img/Head4.png', 'JuniorSoftwareEngineer', '1057');
INSERT INTO `SkillSet` (`id`) VALUES ('1058');
INSERT INTO `SkillSet_skills` (`SkillSet_id`, `skills`) VALUES ('1058', 'UnitTesting');
INSERT INTO `SkillSet_skills` (`SkillSet_id`, `skills`) VALUES ('1058', 'Ant');
INSERT INTO `Hero` (`id`, `firstName`, `lastName`, `picturePath`, `role`, `skillSet_id`) VALUES ('1058', 'Ouw', 'Nuk', 'img/Head5.png', 'PrincipalConsultant', '1058');
INSERT INTO `SkillSet` (`id`) VALUES ('1059');
INSERT INTO `SkillSet_skills` (`SkillSet_id`, `skills`) VALUES ('1059', 'UITesting');
INSERT INTO `SkillSet_skills` (`SkillSet_id`, `skills`) VALUES ('1059', 'DotNet');
INSERT INTO `SkillSet_skills` (`SkillSet_id`, `skills`) VALUES ('1059', 'Ant');
INSERT INTO `SkillSet_skills` (`SkillSet_id`, `skills`) VALUES ('1059', 'UnitTesting');
INSERT INTO `Hero` (`id`, `firstName`, `lastName`, `picturePath`, `role`, `skillSet_id`) VALUES ('1059', 'Aizoitt', 'Upfaif', 'img/Head3.png', 'PrincipalConsultant', '1059');
INSERT INTO `SkillSet` (`id`) VALUES ('1060');
INSERT INTO `SkillSet_skills` (`SkillSet_id`, `skills`) VALUES ('1060', 'Ant');
INSERT INTO `SkillSet_skills` (`SkillSet_id`, `skills`) VALUES ('1060', 'SQL');
INSERT INTO `SkillSet_skills` (`SkillSet_id`, `skills`) VALUES ('1060', 'UITesting');
INSERT INTO `SkillSet_skills` (`SkillSet_id`, `skills`) VALUES ('1060', 'Java');
INSERT INTO `Hero` (`id`, `firstName`, `lastName`, `picturePath`, `role`, `skillSet_id`) VALUES ('1060', 'Zouh', 'Eif', 'img/Head8.png', 'SeniorSoftwareEngineer', '1060');
INSERT INTO `SkillSet` (`id`) VALUES ('1061');
INSERT INTO `SkillSet_skills` (`SkillSet_id`, `skills`) VALUES ('1061', 'SQL');
INSERT INTO `Hero` (`id`, `firstName`, `lastName`, `picturePath`, `role`, `skillSet_id`) VALUES ('1061', 'Zoogjiv', 'Uchjp', 'img/Head3.png', 'JuniorSoftwareEngineer', '1061');
INSERT INTO `SkillSet` (`id`) VALUES ('1062');
INSERT INTO `SkillSet_skills` (`SkillSet_id`, `skills`) VALUES ('1062', 'Architektur');
INSERT INTO `Hero` (`id`, `firstName`, `lastName`, `picturePath`, `role`, `skillSet_id`) VALUES ('1062', 'Rik', 'Vooz', 'img/Head3.png', 'SeniorSoftwareEngineer', '1062');
INSERT INTO `SkillSet` (`id`) VALUES ('1063');
INSERT INTO `SkillSet_skills` (`SkillSet_id`, `skills`) VALUES ('1063', 'Gradle');
INSERT INTO `SkillSet_skills` (`SkillSet_id`, `skills`) VALUES ('1063', 'DotNet');
INSERT INTO `Hero` (`id`, `firstName`, `lastName`, `picturePath`, `role`, `skillSet_id`) VALUES ('1063', 'Aishjith', 'Osseir', 'img/Head8.png', 'JuniorSoftwareEngineer', '1063');
INSERT INTO `SkillSet` (`id`) VALUES ('1064');
INSERT INTO `SkillSet_skills` (`SkillSet_id`, `skills`) VALUES ('1064', 'Java');
INSERT INTO `Hero` (`id`, `firstName`, `lastName`, `picturePath`, `role`, `skillSet_id`) VALUES ('1064', 'Ontoim', 'Gloleiz', 'img/Head7.png', 'JuniorSoftwareEngineer', '1064');
INSERT INTO `SkillSet` (`id`) VALUES ('1065');
INSERT INTO `SkillSet_skills` (`SkillSet_id`, `skills`) VALUES ('1065', 'Maven');
INSERT INTO `SkillSet_skills` (`SkillSet_id`, `skills`) VALUES ('1065', 'DotNet');
INSERT INTO `SkillSet_skills` (`SkillSet_id`, `skills`) VALUES ('1065', 'Architektur');
INSERT INTO `SkillSet_skills` (`SkillSet_id`, `skills`) VALUES ('1065', 'Gradle');
INSERT INTO `SkillSet_skills` (`SkillSet_id`, `skills`) VALUES ('1065', 'Java');
INSERT INTO `Hero` (`id`, `firstName`, `lastName`, `picturePath`, `role`, `skillSet_id`) VALUES ('1065', 'Elott', 'Kloogaint', 'img/Head3.png', 'JuniorSoftwareEngineer', '1065');
INSERT INTO `SkillSet` (`id`) VALUES ('1066');
INSERT INTO `SkillSet_skills` (`SkillSet_id`, `skills`) VALUES ('1066', 'Java');
INSERT INTO `SkillSet_skills` (`SkillSet_id`, `skills`) VALUES ('1066', 'UnitTesting');
INSERT INTO `SkillSet_skills` (`SkillSet_id`, `skills`) VALUES ('1066', 'UnitTesting');
INSERT INTO `Hero` (`id`, `firstName`, `lastName`, `picturePath`, `role`, `skillSet_id`) VALUES ('1066', 'Jshouk', 'Yk', 'img/Head6.png', 'PrincipalConsultant', '1066');
INSERT INTO `SkillSet` (`id`) VALUES ('1067');
INSERT INTO `SkillSet_skills` (`SkillSet_id`, `skills`) VALUES ('1067', 'Maven');
INSERT INTO `SkillSet_skills` (`SkillSet_id`, `skills`) VALUES ('1067', 'Java');
INSERT INTO `SkillSet_skills` (`SkillSet_id`, `skills`) VALUES ('1067', 'UITesting');
INSERT INTO `Hero` (`id`, `firstName`, `lastName`, `picturePath`, `role`, `skillSet_id`) VALUES ('1067', 'Zit', 'Jitouch', 'img/Head3.png', 'LeadSoftwareArchitect', '1067');
INSERT INTO `SkillSet` (`id`) VALUES ('1068');
INSERT INTO `SkillSet_skills` (`SkillSet_id`, `skills`) VALUES ('1068', 'Maven');
INSERT INTO `SkillSet_skills` (`SkillSet_id`, `skills`) VALUES ('1068', 'Maven');
INSERT INTO `SkillSet_skills` (`SkillSet_id`, `skills`) VALUES ('1068', 'Ant');
INSERT INTO `Hero` (`id`, `firstName`, `lastName`, `picturePath`, `role`, `skillSet_id`) VALUES ('1068', 'Dash', 'Jistogh', 'img/Head6.png', 'LeadSoftwareArchitect', '1068');
INSERT INTO `SkillSet` (`id`) VALUES ('1069');
INSERT INTO `SkillSet_skills` (`SkillSet_id`, `skills`) VALUES ('1069', 'Gradle');
INSERT INTO `SkillSet_skills` (`SkillSet_id`, `skills`) VALUES ('1069', 'UnitTesting');
INSERT INTO `SkillSet_skills` (`SkillSet_id`, `skills`) VALUES ('1069', 'Java');
INSERT INTO `SkillSet_skills` (`SkillSet_id`, `skills`) VALUES ('1069', 'DotNet');
INSERT INTO `Hero` (`id`, `firstName`, `lastName`, `picturePath`, `role`, `skillSet_id`) VALUES ('1069', 'Oitt', 'Noikyr', 'img/Head8.png', 'LeadEngineer', '1069');
INSERT INTO `SkillSet` (`id`) VALUES ('1070');
INSERT INTO `SkillSet_skills` (`SkillSet_id`, `skills`) VALUES ('1070', 'Ant');
INSERT INTO `SkillSet_skills` (`SkillSet_id`, `skills`) VALUES ('1070', 'Ant');
INSERT INTO `SkillSet_skills` (`SkillSet_id`, `skills`) VALUES ('1070', 'Java');
INSERT INTO `SkillSet_skills` (`SkillSet_id`, `skills`) VALUES ('1070', 'Architektur');
INSERT INTO `Hero` (`id`, `firstName`, `lastName`, `picturePath`, `role`, `skillSet_id`) VALUES ('1070', 'Flynjtt', 'Kumyz', 'img/Head8.png', 'LeadEngineer', '1070');
INSERT INTO `SkillSet` (`id`) VALUES ('1071');
INSERT INTO `SkillSet_skills` (`SkillSet_id`, `skills`) VALUES ('1071', 'DotNet');
INSERT INTO `SkillSet_skills` (`SkillSet_id`, `skills`) VALUES ('1071', 'SQL');
INSERT INTO `SkillSet_skills` (`SkillSet_id`, `skills`) VALUES ('1071', 'Java');
INSERT INTO `SkillSet_skills` (`SkillSet_id`, `skills`) VALUES ('1071', 'Java');
INSERT INTO `SkillSet_skills` (`SkillSet_id`, `skills`) VALUES ('1071', 'UITesting');
INSERT INTO `Hero` (`id`, `firstName`, `lastName`, `picturePath`, `role`, `skillSet_id`) VALUES ('1071', 'Brodoz', 'Yrjb', 'img/Head2.png', 'LeadEngineer', '1071');
INSERT INTO `SkillSet` (`id`) VALUES ('1072');
INSERT INTO `SkillSet_skills` (`SkillSet_id`, `skills`) VALUES ('1072', 'Java');
INSERT INTO `SkillSet_skills` (`SkillSet_id`, `skills`) VALUES ('1072', 'Architektur');
INSERT INTO `SkillSet_skills` (`SkillSet_id`, `skills`) VALUES ('1072', 'DotNet');
INSERT INTO `Hero` (`id`, `firstName`, `lastName`, `picturePath`, `role`, `skillSet_id`) VALUES ('1072', 'Bloshoopf', 'Ithoiw', 'img/Head7.png', 'JuniorSoftwareEngineer', '1072');
INSERT INTO `SkillSet` (`id`) VALUES ('1073');
INSERT INTO `SkillSet_skills` (`SkillSet_id`, `skills`) VALUES ('1073', 'Gradle');
INSERT INTO `SkillSet_skills` (`SkillSet_id`, `skills`) VALUES ('1073', 'Gradle');
INSERT INTO `SkillSet_skills` (`SkillSet_id`, `skills`) VALUES ('1073', 'SQL');
INSERT INTO `SkillSet_skills` (`SkillSet_id`, `skills`) VALUES ('1073', 'Gradle');
INSERT INTO `Hero` (`id`, `firstName`, `lastName`, `picturePath`, `role`, `skillSet_id`) VALUES ('1073', 'Blant', 'Seichyw', 'img/Head6.png', 'LeadEngineer', '1073');
INSERT INTO `SkillSet` (`id`) VALUES ('1074');
INSERT INTO `SkillSet_skills` (`SkillSet_id`, `skills`) VALUES ('1074', 'Gradle');
INSERT INTO `SkillSet_skills` (`SkillSet_id`, `skills`) VALUES ('1074', 'UnitTesting');
INSERT INTO `SkillSet_skills` (`SkillSet_id`, `skills`) VALUES ('1074', 'Ant');
INSERT INTO `Hero` (`id`, `firstName`, `lastName`, `picturePath`, `role`, `skillSet_id`) VALUES ('1074', 'Az', 'Air', 'img/Head8.png', 'SoftwareEngineer', '1074');
INSERT INTO `SkillSet` (`id`) VALUES ('1075');
INSERT INTO `SkillSet_skills` (`SkillSet_id`, `skills`) VALUES ('1075', 'Architektur');
INSERT INTO `SkillSet_skills` (`SkillSet_id`, `skills`) VALUES ('1075', 'DotNet');
INSERT INTO `SkillSet_skills` (`SkillSet_id`, `skills`) VALUES ('1075', 'Architektur');
INSERT INTO `Hero` (`id`, `firstName`, `lastName`, `picturePath`, `role`, `skillSet_id`) VALUES ('1075', 'Ip', 'Uchyl', 'img/Head2.png', 'LeadEngineer', '1075');
INSERT INTO `SkillSet` (`id`) VALUES ('1076');
INSERT INTO `SkillSet_skills` (`SkillSet_id`, `skills`) VALUES ('1076', 'Java');
INSERT INTO `SkillSet_skills` (`SkillSet_id`, `skills`) VALUES ('1076', 'SQL');
INSERT INTO `Hero` (`id`, `firstName`, `lastName`, `picturePath`, `role`, `skillSet_id`) VALUES ('1076', 'Vaghaig', 'Ad', 'img/Head3.png', 'PrincipalConsultant', '1076');
INSERT INTO `SkillSet` (`id`) VALUES ('1077');
INSERT INTO `SkillSet_skills` (`SkillSet_id`, `skills`) VALUES ('1077', 'UITesting');
INSERT INTO `SkillSet_skills` (`SkillSet_id`, `skills`) VALUES ('1077', 'Maven');
INSERT INTO `SkillSet_skills` (`SkillSet_id`, `skills`) VALUES ('1077', 'Ant');
INSERT INTO `SkillSet_skills` (`SkillSet_id`, `skills`) VALUES ('1077', 'UITesting');
INSERT INTO `SkillSet_skills` (`SkillSet_id`, `skills`) VALUES ('1077', 'UITesting');
INSERT INTO `Hero` (`id`, `firstName`, `lastName`, `picturePath`, `role`, `skillSet_id`) VALUES ('1077', 'Floozaif', 'Jl', 'img/Head2.png', 'PrincipalConsultant', '1077');
INSERT INTO `SkillSet` (`id`) VALUES ('1078');
INSERT INTO `SkillSet_skills` (`SkillSet_id`, `skills`) VALUES ('1078', 'Architektur');
INSERT INTO `Hero` (`id`, `firstName`, `lastName`, `picturePath`, `role`, `skillSet_id`) VALUES ('1078', 'Fljist', 'Jilipf', 'img/Head3.png', 'PrincipalConsultant', '1078');
INSERT INTO `SkillSet` (`id`) VALUES ('1079');
INSERT INTO `SkillSet_skills` (`SkillSet_id`, `skills`) VALUES ('1079', 'Ant');
INSERT INTO `SkillSet_skills` (`SkillSet_id`, `skills`) VALUES ('1079', 'DotNet');
INSERT INTO `SkillSet_skills` (`SkillSet_id`, `skills`) VALUES ('1079', 'Java');
INSERT INTO `SkillSet_skills` (`SkillSet_id`, `skills`) VALUES ('1079', 'Ant');
INSERT INTO `Hero` (`id`, `firstName`, `lastName`, `picturePath`, `role`, `skillSet_id`) VALUES ('1079', 'Ott', 'Oott', 'img/Head1.png', 'LeadEngineer', '1079');
INSERT INTO `SkillSet` (`id`) VALUES ('1080');
INSERT INTO `SkillSet_skills` (`SkillSet_id`, `skills`) VALUES ('1080', 'Maven');
INSERT INTO `SkillSet_skills` (`SkillSet_id`, `skills`) VALUES ('1080', 'SQL');
INSERT INTO `SkillSet_skills` (`SkillSet_id`, `skills`) VALUES ('1080', 'Ant');
INSERT INTO `SkillSet_skills` (`SkillSet_id`, `skills`) VALUES ('1080', 'Java');
INSERT INTO `SkillSet_skills` (`SkillSet_id`, `skills`) VALUES ('1080', 'Java');
INSERT INTO `Hero` (`id`, `firstName`, `lastName`, `picturePath`, `role`, `skillSet_id`) VALUES ('1080', 'Jl', 'Jihih', 'img/Head8.png', 'JuniorSoftwareEngineer', '1080');
INSERT INTO `SkillSet` (`id`) VALUES ('1081');
INSERT INTO `SkillSet_skills` (`SkillSet_id`, `skills`) VALUES ('1081', 'UnitTesting');
INSERT INTO `Hero` (`id`, `firstName`, `lastName`, `picturePath`, `role`, `skillSet_id`) VALUES ('1081', 'Pred', 'Cymjm', 'img/Head5.png', 'PrincipalConsultant', '1081');
INSERT INTO `SkillSet` (`id`) VALUES ('1082');
INSERT INTO `SkillSet_skills` (`SkillSet_id`, `skills`) VALUES ('1082', 'Architektur');
INSERT INTO `SkillSet_skills` (`SkillSet_id`, `skills`) VALUES ('1082', 'DotNet');
INSERT INTO `SkillSet_skills` (`SkillSet_id`, `skills`) VALUES ('1082', 'SQL');
INSERT INTO `SkillSet_skills` (`SkillSet_id`, `skills`) VALUES ('1082', 'Maven');
INSERT INTO `Hero` (`id`, `firstName`, `lastName`, `picturePath`, `role`, `skillSet_id`) VALUES ('1082', 'Preit', 'Al', 'img/Head2.png', 'LeadEngineer', '1082');
INSERT INTO `SkillSet` (`id`) VALUES ('1083');
INSERT INTO `SkillSet_skills` (`SkillSet_id`, `skills`) VALUES ('1083', 'UITesting');
INSERT INTO `SkillSet_skills` (`SkillSet_id`, `skills`) VALUES ('1083', 'Maven');
INSERT INTO `SkillSet_skills` (`SkillSet_id`, `skills`) VALUES ('1083', 'UnitTesting');
INSERT INTO `SkillSet_skills` (`SkillSet_id`, `skills`) VALUES ('1083', 'DotNet');
INSERT INTO `Hero` (`id`, `firstName`, `lastName`, `picturePath`, `role`, `skillSet_id`) VALUES ('1083', 'Nich', 'Oipyb', 'img/Head5.png', 'LeadSoftwareArchitect', '1083');
INSERT INTO `SkillSet` (`id`) VALUES ('1084');
INSERT INTO `SkillSet_skills` (`SkillSet_id`, `skills`) VALUES ('1084', 'DotNet');
INSERT INTO `SkillSet_skills` (`SkillSet_id`, `skills`) VALUES ('1084', 'SQL');
INSERT INTO `Hero` (`id`, `firstName`, `lastName`, `picturePath`, `role`, `skillSet_id`) VALUES ('1084', 'Aish', 'Vomoim', 'img/Head1.png', 'JuniorSoftwareEngineer', '1084');
INSERT INTO `SkillSet` (`id`) VALUES ('1085');
INSERT INTO `SkillSet_skills` (`SkillSet_id`, `skills`) VALUES ('1085', 'Gradle');
INSERT INTO `SkillSet_skills` (`SkillSet_id`, `skills`) VALUES ('1085', 'Ant');
INSERT INTO `Hero` (`id`, `firstName`, `lastName`, `picturePath`, `role`, `skillSet_id`) VALUES ('1085', 'Aih', 'Xjir', 'img/Head7.png', 'PrincipalConsultant', '1085');
INSERT INTO `SkillSet` (`id`) VALUES ('1086');
INSERT INTO `SkillSet_skills` (`SkillSet_id`, `skills`) VALUES ('1086', 'SQL');
INSERT INTO `SkillSet_skills` (`SkillSet_id`, `skills`) VALUES ('1086', 'UnitTesting');
INSERT INTO `SkillSet_skills` (`SkillSet_id`, `skills`) VALUES ('1086', 'Ant');
INSERT INTO `SkillSet_skills` (`SkillSet_id`, `skills`) VALUES ('1086', 'UnitTesting');
INSERT INTO `Hero` (`id`, `firstName`, `lastName`, `picturePath`, `role`, `skillSet_id`) VALUES ('1086', 'Vaur', 'Kjintoif', 'img/Head3.png', 'SeniorSoftwareEngineer', '1086');
INSERT INTO `SkillSet` (`id`) VALUES ('1087');
INSERT INTO `SkillSet_skills` (`SkillSet_id`, `skills`) VALUES ('1087', 'DotNet');
INSERT INTO `SkillSet_skills` (`SkillSet_id`, `skills`) VALUES ('1087', 'SQL');
INSERT INTO `SkillSet_skills` (`SkillSet_id`, `skills`) VALUES ('1087', 'Maven');
INSERT INTO `Hero` (`id`, `firstName`, `lastName`, `picturePath`, `role`, `skillSet_id`) VALUES ('1087', 'Auf', 'Oukyt', 'img/Head1.png', 'SeniorSoftwareEngineer', '1087');
INSERT INTO `SkillSet` (`id`) VALUES ('1088');
INSERT INTO `SkillSet_skills` (`SkillSet_id`, `skills`) VALUES ('1088', 'Architektur');
INSERT INTO `SkillSet_skills` (`SkillSet_id`, `skills`) VALUES ('1088', 'UITesting');
INSERT INTO `SkillSet_skills` (`SkillSet_id`, `skills`) VALUES ('1088', 'DotNet');
INSERT INTO `SkillSet_skills` (`SkillSet_id`, `skills`) VALUES ('1088', 'DotNet');
INSERT INTO `SkillSet_skills` (`SkillSet_id`, `skills`) VALUES ('1088', 'DotNet');
INSERT INTO `Hero` (`id`, `firstName`, `lastName`, `picturePath`, `role`, `skillSet_id`) VALUES ('1088', 'Glivyz', 'Thutt', 'img/Head4.png', 'JuniorSoftwareEngineer', '1088');
INSERT INTO `SkillSet` (`id`) VALUES ('1089');
INSERT INTO `SkillSet_skills` (`SkillSet_id`, `skills`) VALUES ('1089', 'UITesting');
INSERT INTO `SkillSet_skills` (`SkillSet_id`, `skills`) VALUES ('1089', 'Java');
INSERT INTO `SkillSet_skills` (`SkillSet_id`, `skills`) VALUES ('1089', 'Ant');
INSERT INTO `SkillSet_skills` (`SkillSet_id`, `skills`) VALUES ('1089', 'Maven');
INSERT INTO `Hero` (`id`, `firstName`, `lastName`, `picturePath`, `role`, `skillSet_id`) VALUES ('1089', 'Ot', 'Toint', 'img/Head1.png', 'LeadSoftwareArchitect', '1089');
INSERT INTO `SkillSet` (`id`) VALUES ('1090');
INSERT INTO `SkillSet_skills` (`SkillSet_id`, `skills`) VALUES ('1090', 'Ant');
INSERT INTO `SkillSet_skills` (`SkillSet_id`, `skills`) VALUES ('1090', 'UITesting');
INSERT INTO `SkillSet_skills` (`SkillSet_id`, `skills`) VALUES ('1090', 'Architektur');
INSERT INTO `Hero` (`id`, `firstName`, `lastName`, `picturePath`, `role`, `skillSet_id`) VALUES ('1090', 'Roid', 'Glos', 'img/Head4.png', 'LeadSoftwareArchitect', '1090');
INSERT INTO `SkillSet` (`id`) VALUES ('1091');
INSERT INTO `SkillSet_skills` (`SkillSet_id`, `skills`) VALUES ('1091', 'SQL');
INSERT INTO `Hero` (`id`, `firstName`, `lastName`, `picturePath`, `role`, `skillSet_id`) VALUES ('1091', 'Upf', 'Keidjin', 'img/Head4.png', 'SoftwareEngineer', '1091');
INSERT INTO `SkillSet` (`id`) VALUES ('1092');
INSERT INTO `SkillSet_skills` (`SkillSet_id`, `skills`) VALUES ('1092', 'UnitTesting');
INSERT INTO `SkillSet_skills` (`SkillSet_id`, `skills`) VALUES ('1092', 'UITesting');
INSERT INTO `SkillSet_skills` (`SkillSet_id`, `skills`) VALUES ('1092', 'Gradle');
INSERT INTO `SkillSet_skills` (`SkillSet_id`, `skills`) VALUES ('1092', 'Architektur');
INSERT INTO `Hero` (`id`, `firstName`, `lastName`, `picturePath`, `role`, `skillSet_id`) VALUES ('1092', 'Boud', 'Eihiw', 'img/Head3.png', 'LeadEngineer', '1092');
INSERT INTO `SkillSet` (`id`) VALUES ('1093');
INSERT INTO `SkillSet_skills` (`SkillSet_id`, `skills`) VALUES ('1093', 'UITesting');
INSERT INTO `Hero` (`id`, `firstName`, `lastName`, `picturePath`, `role`, `skillSet_id`) VALUES ('1093', 'Oineist', 'Oonn', 'img/Head8.png', 'JuniorSoftwareEngineer', '1093');
INSERT INTO `SkillSet` (`id`) VALUES ('1094');
INSERT INTO `SkillSet_skills` (`SkillSet_id`, `skills`) VALUES ('1094', 'Java');
INSERT INTO `SkillSet_skills` (`SkillSet_id`, `skills`) VALUES ('1094', 'Java');
INSERT INTO `SkillSet_skills` (`SkillSet_id`, `skills`) VALUES ('1094', 'SQL');
INSERT INTO `SkillSet_skills` (`SkillSet_id`, `skills`) VALUES ('1094', 'UITesting');
INSERT INTO `Hero` (`id`, `firstName`, `lastName`, `picturePath`, `role`, `skillSet_id`) VALUES ('1094', 'Ozount', 'Blouboint', 'img/Head8.png', 'SeniorSoftwareEngineer', '1094');
INSERT INTO `SkillSet` (`id`) VALUES ('1095');
INSERT INTO `SkillSet_skills` (`SkillSet_id`, `skills`) VALUES ('1095', 'SQL');
INSERT INTO `SkillSet_skills` (`SkillSet_id`, `skills`) VALUES ('1095', 'Gradle');
INSERT INTO `SkillSet_skills` (`SkillSet_id`, `skills`) VALUES ('1095', 'Maven');
INSERT INTO `SkillSet_skills` (`SkillSet_id`, `skills`) VALUES ('1095', 'Ant');
INSERT INTO `Hero` (`id`, `firstName`, `lastName`, `picturePath`, `role`, `skillSet_id`) VALUES ('1095', 'Bliboiss', 'Oiw', 'img/Head3.png', 'JuniorSoftwareEngineer', '1095');
INSERT INTO `SkillSet` (`id`) VALUES ('1096');
INSERT INTO `SkillSet_skills` (`SkillSet_id`, `skills`) VALUES ('1096', 'UITesting');
INSERT INTO `SkillSet_skills` (`SkillSet_id`, `skills`) VALUES ('1096', 'UnitTesting');
INSERT INTO `Hero` (`id`, `firstName`, `lastName`, `picturePath`, `role`, `skillSet_id`) VALUES ('1096', 'Gaiten', 'Un', 'img/Head3.png', 'JuniorSoftwareEngineer', '1096');
INSERT INTO `SkillSet` (`id`) VALUES ('1097');
INSERT INTO `SkillSet_skills` (`SkillSet_id`, `skills`) VALUES ('1097', 'Java');
INSERT INTO `SkillSet_skills` (`SkillSet_id`, `skills`) VALUES ('1097', 'DotNet');
INSERT INTO `SkillSet_skills` (`SkillSet_id`, `skills`) VALUES ('1097', 'Maven');
INSERT INTO `SkillSet_skills` (`SkillSet_id`, `skills`) VALUES ('1097', 'Java');
INSERT INTO `SkillSet_skills` (`SkillSet_id`, `skills`) VALUES ('1097', 'DotNet');
INSERT INTO `Hero` (`id`, `firstName`, `lastName`, `picturePath`, `role`, `skillSet_id`) VALUES ('1097', 'Yp', 'Ipupf', 'img/Head3.png', 'SeniorSoftwareEngineer', '1097');
INSERT INTO `SkillSet` (`id`) VALUES ('1098');
INSERT INTO `SkillSet_skills` (`SkillSet_id`, `skills`) VALUES ('1098', 'DotNet');
INSERT INTO `SkillSet_skills` (`SkillSet_id`, `skills`) VALUES ('1098', 'SQL');
INSERT INTO `SkillSet_skills` (`SkillSet_id`, `skills`) VALUES ('1098', 'UITesting');
INSERT INTO `Hero` (`id`, `firstName`, `lastName`, `picturePath`, `role`, `skillSet_id`) VALUES ('1098', 'Jv', 'Wagipf', 'img/Head4.png', 'JuniorSoftwareEngineer', '1098');
INSERT INTO `SkillSet` (`id`) VALUES ('1099');
INSERT INTO `SkillSet_skills` (`SkillSet_id`, `skills`) VALUES ('1099', 'Ant');
INSERT INTO `Hero` (`id`, `firstName`, `lastName`, `picturePath`, `role`, `skillSet_id`) VALUES ('1099', 'Eh', 'Outjd', 'img/Head5.png', 'PrincipalConsultant', '1099');
INSERT INTO `SkillSet` (`id`) VALUES ('11000');
INSERT INTO `SkillSet_skills` (`SkillSet_id`, `skills`) VALUES ('11000', 'UnitTesting');
INSERT INTO `SkillSet_skills` (`SkillSet_id`, `skills`) VALUES ('11000', 'Java');
INSERT INTO `Mission` (`id`, `companyName`, `shortName`, `description`, `role`, `lcu_id`, `skillSet_id`) VALUES ('11000', 'Unn', 'Jinnib', 'cc521a2f-5660-4c03-9d72-f329d6cacf2d', 'LeadSoftwareArchitect', '3', '11000');
INSERT INTO `SkillSet` (`id`) VALUES ('11001');
INSERT INTO `SkillSet_skills` (`SkillSet_id`, `skills`) VALUES ('11001', 'Ant');
INSERT INTO `SkillSet_skills` (`SkillSet_id`, `skills`) VALUES ('11001', 'Ant');
INSERT INTO `Mission` (`id`, `companyName`, `shortName`, `description`, `role`, `lcu_id`, `skillSet_id`) VALUES ('11001', 'Onatt', 'Vjsouz', 'b64218be-50c0-4edc-95a7-c8cd73890247', 'JuniorSoftwareEngineer', '3', '11001');
INSERT INTO `SkillSet` (`id`) VALUES ('11002');
INSERT INTO `SkillSet_skills` (`SkillSet_id`, `skills`) VALUES ('11002', 'Java');
INSERT INTO `Mission` (`id`, `companyName`, `shortName`, `description`, `role`, `lcu_id`, `skillSet_id`) VALUES ('11002', 'Kauf', 'Tjr', 'f790ddf7-b6aa-431c-ad33-1fc233d8697f', 'LeadEngineer', '3', '11002');
INSERT INTO `SkillSet` (`id`) VALUES ('11003');
INSERT INTO `SkillSet_skills` (`SkillSet_id`, `skills`) VALUES ('11003', 'UnitTesting');
INSERT INTO `SkillSet_skills` (`SkillSet_id`, `skills`) VALUES ('11003', 'Java');
INSERT INTO `Mission` (`id`, `companyName`, `shortName`, `description`, `role`, `lcu_id`, `skillSet_id`) VALUES ('11003', 'Chjih', 'Gaf', 'ba9d3039-7505-403d-91e9-efd69fdb7a87', 'LeadSoftwareArchitect', '3', '11003');
INSERT INTO `SkillSet` (`id`) VALUES ('11004');
INSERT INTO `SkillSet_skills` (`SkillSet_id`, `skills`) VALUES ('11004', 'UITesting');
INSERT INTO `SkillSet_skills` (`SkillSet_id`, `skills`) VALUES ('11004', 'UITesting');
INSERT INTO `SkillSet_skills` (`SkillSet_id`, `skills`) VALUES ('11004', 'Ant');
INSERT INTO `Mission` (`id`, `companyName`, `shortName`, `description`, `role`, `lcu_id`, `skillSet_id`) VALUES ('11004', 'Eg', 'Stjnt', 'd6e657f7-7a66-48a2-b564-061fa0ed4a2a', 'LeadEngineer', '3', '11004');
INSERT INTO `SkillSet` (`id`) VALUES ('11005');
INSERT INTO `SkillSet_skills` (`SkillSet_id`, `skills`) VALUES ('11005', 'Architektur');
INSERT INTO `SkillSet_skills` (`SkillSet_id`, `skills`) VALUES ('11005', 'Maven');
INSERT INTO `SkillSet_skills` (`SkillSet_id`, `skills`) VALUES ('11005', 'Ant');
INSERT INTO `Mission` (`id`, `companyName`, `shortName`, `description`, `role`, `lcu_id`, `skillSet_id`) VALUES ('11005', 'Yhyf', 'Ad', '2400e987-be98-4d61-b211-b23b148d50d1', 'JuniorSoftwareEngineer', '3', '11005');
INSERT INTO `SkillSet` (`id`) VALUES ('11006');
INSERT INTO `SkillSet_skills` (`SkillSet_id`, `skills`) VALUES ('11006', 'Gradle');
INSERT INTO `SkillSet_skills` (`SkillSet_id`, `skills`) VALUES ('11006', 'DotNet');
INSERT INTO `SkillSet_skills` (`SkillSet_id`, `skills`) VALUES ('11006', 'SQL');
INSERT INTO `SkillSet_skills` (`SkillSet_id`, `skills`) VALUES ('11006', 'Maven');
INSERT INTO `SkillSet_skills` (`SkillSet_id`, `skills`) VALUES ('11006', 'UITesting');
INSERT INTO `Mission` (`id`, `companyName`, `shortName`, `description`, `role`, `lcu_id`, `skillSet_id`) VALUES ('11006', 'Ysouf', 'Grad', '0128d34e-c30d-47fc-983c-6bb122cbd49d', 'LeadEngineer', '3', '11006');
INSERT INTO `SkillSet` (`id`) VALUES ('11007');
INSERT INTO `SkillSet_skills` (`SkillSet_id`, `skills`) VALUES ('11007', 'SQL');
INSERT INTO `SkillSet_skills` (`SkillSet_id`, `skills`) VALUES ('11007', 'Gradle');
INSERT INTO `Mission` (`id`, `companyName`, `shortName`, `description`, `role`, `lcu_id`, `skillSet_id`) VALUES ('11007', 'Houchein', 'Doissoupf', '9aa04bad-4f7f-40c1-b7e8-063a93c6cb4f', 'PrincipalConsultant', '3', '11007');
INSERT INTO `SkillSet` (`id`) VALUES ('11008');
INSERT INTO `SkillSet_skills` (`SkillSet_id`, `skills`) VALUES ('11008', 'DotNet');
INSERT INTO `SkillSet_skills` (`SkillSet_id`, `skills`) VALUES ('11008', 'DotNet');
INSERT INTO `SkillSet_skills` (`SkillSet_id`, `skills`) VALUES ('11008', 'Maven');
INSERT INTO `Mission` (`id`, `companyName`, `shortName`, `description`, `role`, `lcu_id`, `skillSet_id`) VALUES ('11008', 'Oittjinn', 'Tynn', '2ed33934-d7b7-44fb-9649-3b3036978e7a', 'JuniorSoftwareEngineer', '3', '11008');
INSERT INTO `SkillSet` (`id`) VALUES ('11009');
INSERT INTO `SkillSet_skills` (`SkillSet_id`, `skills`) VALUES ('11009', 'UITesting');
INSERT INTO `SkillSet_skills` (`SkillSet_id`, `skills`) VALUES ('11009', 'Architektur');
INSERT INTO `SkillSet_skills` (`SkillSet_id`, `skills`) VALUES ('11009', 'Ant');
INSERT INTO `SkillSet_skills` (`SkillSet_id`, `skills`) VALUES ('11009', 'Architektur');
INSERT INTO `Mission` (`id`, `companyName`, `shortName`, `description`, `role`, `lcu_id`, `skillSet_id`) VALUES ('11009', 'Oith', 'Aiv', 'a955d9df-3659-4ae5-bffe-9aa3b7fc86b8', 'PrincipalConsultant', '3', '11009');
INSERT INTO `SkillSet` (`id`) VALUES ('11010');
INSERT INTO `SkillSet_skills` (`SkillSet_id`, `skills`) VALUES ('11010', 'Ant');
INSERT INTO `SkillSet_skills` (`SkillSet_id`, `skills`) VALUES ('11010', 'UnitTesting');
INSERT INTO `SkillSet_skills` (`SkillSet_id`, `skills`) VALUES ('11010', 'UnitTesting');
INSERT INTO `SkillSet_skills` (`SkillSet_id`, `skills`) VALUES ('11010', 'Architektur');
INSERT INTO `Mission` (`id`, `companyName`, `shortName`, `description`, `role`, `lcu_id`, `skillSet_id`) VALUES ('11010', 'Yz', 'Outhjim', '89c1df7f-7b2e-4139-8109-99b0048861d6', 'SoftwareEngineer', '3', '11010');
INSERT INTO `SkillSet` (`id`) VALUES ('11011');
INSERT INTO `SkillSet_skills` (`SkillSet_id`, `skills`) VALUES ('11011', 'Architektur');
INSERT INTO `SkillSet_skills` (`SkillSet_id`, `skills`) VALUES ('11011', 'UITesting');
INSERT INTO `SkillSet_skills` (`SkillSet_id`, `skills`) VALUES ('11011', 'DotNet');
INSERT INTO `Mission` (`id`, `companyName`, `shortName`, `description`, `role`, `lcu_id`, `skillSet_id`) VALUES ('11011', 'Bljttyss', 'Stoust', '84b7ef14-72dc-44e3-8adf-7b1bbbf4e51b', 'LeadEngineer', '3', '11011');
INSERT INTO `SkillSet` (`id`) VALUES ('11012');
INSERT INTO `SkillSet_skills` (`SkillSet_id`, `skills`) VALUES ('11012', 'Java');
INSERT INTO `SkillSet_skills` (`SkillSet_id`, `skills`) VALUES ('11012', 'Java');
INSERT INTO `SkillSet_skills` (`SkillSet_id`, `skills`) VALUES ('11012', 'Gradle');
INSERT INTO `SkillSet_skills` (`SkillSet_id`, `skills`) VALUES ('11012', 'Architektur');
INSERT INTO `SkillSet_skills` (`SkillSet_id`, `skills`) VALUES ('11012', 'UnitTesting');
INSERT INTO `Mission` (`id`, `companyName`, `shortName`, `description`, `role`, `lcu_id`, `skillSet_id`) VALUES ('11012', 'Cheiss', 'Kannegh', 'bff519f0-77f0-43f9-947f-48cd27112aa4', 'PrincipalConsultant', '3', '11012');
INSERT INTO `SkillSet` (`id`) VALUES ('11013');
INSERT INTO `SkillSet_skills` (`SkillSet_id`, `skills`) VALUES ('11013', 'Java');
INSERT INTO `SkillSet_skills` (`SkillSet_id`, `skills`) VALUES ('11013', 'SQL');
INSERT INTO `SkillSet_skills` (`SkillSet_id`, `skills`) VALUES ('11013', 'Gradle');
INSERT INTO `SkillSet_skills` (`SkillSet_id`, `skills`) VALUES ('11013', 'Architektur');
INSERT INTO `SkillSet_skills` (`SkillSet_id`, `skills`) VALUES ('11013', 'Architektur');
INSERT INTO `Mission` (`id`, `companyName`, `shortName`, `description`, `role`, `lcu_id`, `skillSet_id`) VALUES ('11013', 'Soott', 'Cenn', '120fbb77-416a-4aee-bf78-24fc65d7cccb', 'SoftwareEngineer', '3', '11013');
INSERT INTO `SkillSet` (`id`) VALUES ('11014');
INSERT INTO `SkillSet_skills` (`SkillSet_id`, `skills`) VALUES ('11014', 'Gradle');
INSERT INTO `SkillSet_skills` (`SkillSet_id`, `skills`) VALUES ('11014', 'Ant');
INSERT INTO `SkillSet_skills` (`SkillSet_id`, `skills`) VALUES ('11014', 'DotNet');
INSERT INTO `SkillSet_skills` (`SkillSet_id`, `skills`) VALUES ('11014', 'Java');
INSERT INTO `SkillSet_skills` (`SkillSet_id`, `skills`) VALUES ('11014', 'DotNet');
INSERT INTO `Mission` (`id`, `companyName`, `shortName`, `description`, `role`, `lcu_id`, `skillSet_id`) VALUES ('11014', 'Paf', 'Eintjin', 'ddf3675a-1d56-4710-96e2-8f49a715d329', 'SeniorSoftwareEngineer', '3', '11014');
INSERT INTO `SkillSet` (`id`) VALUES ('11015');
INSERT INTO `SkillSet_skills` (`SkillSet_id`, `skills`) VALUES ('11015', 'Architektur');
INSERT INTO `SkillSet_skills` (`SkillSet_id`, `skills`) VALUES ('11015', 'Gradle');
INSERT INTO `SkillSet_skills` (`SkillSet_id`, `skills`) VALUES ('11015', 'SQL');
INSERT INTO `Mission` (`id`, `companyName`, `shortName`, `description`, `role`, `lcu_id`, `skillSet_id`) VALUES ('11015', 'Aust', 'Zounos', '292e6682-74c7-4aed-b4c1-dfe6e32b062d', 'JuniorSoftwareEngineer', '3', '11015');
INSERT INTO `SkillSet` (`id`) VALUES ('11016');
INSERT INTO `SkillSet_skills` (`SkillSet_id`, `skills`) VALUES ('11016', 'Architektur');
INSERT INTO `Mission` (`id`, `companyName`, `shortName`, `description`, `role`, `lcu_id`, `skillSet_id`) VALUES ('11016', 'Baut', 'Jnt', '268b0842-18c5-4378-acf4-38c77e9d327d', 'LeadEngineer', '3', '11016');
INSERT INTO `SkillSet` (`id`) VALUES ('11017');
INSERT INTO `SkillSet_skills` (`SkillSet_id`, `skills`) VALUES ('11017', 'SQL');
INSERT INTO `SkillSet_skills` (`SkillSet_id`, `skills`) VALUES ('11017', 'UITesting');
INSERT INTO `SkillSet_skills` (`SkillSet_id`, `skills`) VALUES ('11017', 'Architektur');
INSERT INTO `Mission` (`id`, `companyName`, `shortName`, `description`, `role`, `lcu_id`, `skillSet_id`) VALUES ('11017', 'Ot', 'Ov', 'c5cacae9-e603-4a95-9a61-47a3c8dc3f86', 'LeadEngineer', '3', '11017');
INSERT INTO `SkillSet` (`id`) VALUES ('11018');
INSERT INTO `SkillSet_skills` (`SkillSet_id`, `skills`) VALUES ('11018', 'UnitTesting');
INSERT INTO `SkillSet_skills` (`SkillSet_id`, `skills`) VALUES ('11018', 'Gradle');
INSERT INTO `SkillSet_skills` (`SkillSet_id`, `skills`) VALUES ('11018', 'Architektur');
INSERT INTO `SkillSet_skills` (`SkillSet_id`, `skills`) VALUES ('11018', 'Java');
INSERT INTO `Mission` (`id`, `companyName`, `shortName`, `description`, `role`, `lcu_id`, `skillSet_id`) VALUES ('11018', 'Oupf', 'Xoos', '9176e1c8-8552-4b73-bc39-741b7063d97f', 'LeadSoftwareArchitect', '3', '11018');
INSERT INTO `SkillSet` (`id`) VALUES ('11019');
INSERT INTO `SkillSet_skills` (`SkillSet_id`, `skills`) VALUES ('11019', 'UITesting');
INSERT INTO `SkillSet_skills` (`SkillSet_id`, `skills`) VALUES ('11019', 'Architektur');
INSERT INTO `SkillSet_skills` (`SkillSet_id`, `skills`) VALUES ('11019', 'Architektur');
INSERT INTO `Mission` (`id`, `companyName`, `shortName`, `description`, `role`, `lcu_id`, `skillSet_id`) VALUES ('11019', 'Jiz', 'Xott', 'd9365a1d-fc46-43be-ac68-8e36c51ddd6b', 'JuniorSoftwareEngineer', '3', '11019');
INSERT INTO `SkillSet` (`id`) VALUES ('11020');
INSERT INTO `SkillSet_skills` (`SkillSet_id`, `skills`) VALUES ('11020', 'UITesting');
INSERT INTO `SkillSet_skills` (`SkillSet_id`, `skills`) VALUES ('11020', 'Architektur');
INSERT INTO `SkillSet_skills` (`SkillSet_id`, `skills`) VALUES ('11020', 'Java');
INSERT INTO `SkillSet_skills` (`SkillSet_id`, `skills`) VALUES ('11020', 'SQL');
INSERT INTO `Mission` (`id`, `companyName`, `shortName`, `description`, `role`, `lcu_id`, `skillSet_id`) VALUES ('11020', 'Naitjnt', 'Yraub', 'cb4ec3ba-5a1c-4df8-ac66-2864c2084be3', 'LeadSoftwareArchitect', '3', '11020');
INSERT INTO `SkillSet` (`id`) VALUES ('11021');
INSERT INTO `SkillSet_skills` (`SkillSet_id`, `skills`) VALUES ('11021', 'DotNet');
INSERT INTO `SkillSet_skills` (`SkillSet_id`, `skills`) VALUES ('11021', 'Ant');
INSERT INTO `Mission` (`id`, `companyName`, `shortName`, `description`, `role`, `lcu_id`, `skillSet_id`) VALUES ('11021', 'Fikyz', 'Djf', 'd2b0c1c9-36a7-475f-8927-df21e54ba5d4', 'JuniorSoftwareEngineer', '3', '11021');
INSERT INTO `SkillSet` (`id`) VALUES ('11022');
INSERT INTO `SkillSet_skills` (`SkillSet_id`, `skills`) VALUES ('11022', 'Maven');
INSERT INTO `SkillSet_skills` (`SkillSet_id`, `skills`) VALUES ('11022', 'DotNet');
INSERT INTO `SkillSet_skills` (`SkillSet_id`, `skills`) VALUES ('11022', 'Maven');
INSERT INTO `Mission` (`id`, `companyName`, `shortName`, `description`, `role`, `lcu_id`, `skillSet_id`) VALUES ('11022', 'Of', 'Zjlag', '2f8e8eba-c61c-4765-bfab-220b78ee6be5', 'SeniorSoftwareEngineer', '3', '11022');
INSERT INTO `SkillSet` (`id`) VALUES ('11023');
INSERT INTO `SkillSet_skills` (`SkillSet_id`, `skills`) VALUES ('11023', 'Java');
INSERT INTO `SkillSet_skills` (`SkillSet_id`, `skills`) VALUES ('11023', 'DotNet');
INSERT INTO `SkillSet_skills` (`SkillSet_id`, `skills`) VALUES ('11023', 'Ant');
INSERT INTO `SkillSet_skills` (`SkillSet_id`, `skills`) VALUES ('11023', 'Maven');
INSERT INTO `Mission` (`id`, `companyName`, `shortName`, `description`, `role`, `lcu_id`, `skillSet_id`) VALUES ('11023', 'Xaiss', 'Ushaig', '0fb47305-40d8-4832-85fb-3e3cc1223f54', 'LeadEngineer', '3', '11023');
INSERT INTO `SkillSet` (`id`) VALUES ('11024');
INSERT INTO `SkillSet_skills` (`SkillSet_id`, `skills`) VALUES ('11024', 'Gradle');
INSERT INTO `SkillSet_skills` (`SkillSet_id`, `skills`) VALUES ('11024', 'UnitTesting');
INSERT INTO `Mission` (`id`, `companyName`, `shortName`, `description`, `role`, `lcu_id`, `skillSet_id`) VALUES ('11024', 'Jsh', 'Zaupf', 'b17c61b0-9af0-41df-b808-1c44cd7978af', 'JuniorSoftwareEngineer', '3', '11024');
INSERT INTO `SkillSet` (`id`) VALUES ('11025');
INSERT INTO `SkillSet_skills` (`SkillSet_id`, `skills`) VALUES ('11025', 'SQL');
INSERT INTO `SkillSet_skills` (`SkillSet_id`, `skills`) VALUES ('11025', 'SQL');
INSERT INTO `SkillSet_skills` (`SkillSet_id`, `skills`) VALUES ('11025', 'Gradle');
INSERT INTO `SkillSet_skills` (`SkillSet_id`, `skills`) VALUES ('11025', 'Architektur');
INSERT INTO `Mission` (`id`, `companyName`, `shortName`, `description`, `role`, `lcu_id`, `skillSet_id`) VALUES ('11025', 'Our', 'Seip', '22b7bc9a-ba46-49bf-af0d-b00cd82b510a', 'SeniorSoftwareEngineer', '3', '11025');
INSERT INTO `SkillSet` (`id`) VALUES ('11026');
INSERT INTO `SkillSet_skills` (`SkillSet_id`, `skills`) VALUES ('11026', 'UnitTesting');
INSERT INTO `SkillSet_skills` (`SkillSet_id`, `skills`) VALUES ('11026', 'Ant');
INSERT INTO `SkillSet_skills` (`SkillSet_id`, `skills`) VALUES ('11026', 'Ant');
INSERT INTO `SkillSet_skills` (`SkillSet_id`, `skills`) VALUES ('11026', 'Gradle');
INSERT INTO `SkillSet_skills` (`SkillSet_id`, `skills`) VALUES ('11026', 'UITesting');
INSERT INTO `Mission` (`id`, `companyName`, `shortName`, `description`, `role`, `lcu_id`, `skillSet_id`) VALUES ('11026', 'Chochynn', 'Staiz', '716c80ca-c805-4f84-8c0c-41aab8ae7e88', 'LeadSoftwareArchitect', '3', '11026');
INSERT INTO `SkillSet` (`id`) VALUES ('11027');
INSERT INTO `SkillSet_skills` (`SkillSet_id`, `skills`) VALUES ('11027', 'Architektur');
INSERT INTO `SkillSet_skills` (`SkillSet_id`, `skills`) VALUES ('11027', 'Gradle');
INSERT INTO `SkillSet_skills` (`SkillSet_id`, `skills`) VALUES ('11027', 'UITesting');
INSERT INTO `SkillSet_skills` (`SkillSet_id`, `skills`) VALUES ('11027', 'Architektur');
INSERT INTO `SkillSet_skills` (`SkillSet_id`, `skills`) VALUES ('11027', 'Java');
INSERT INTO `Mission` (`id`, `companyName`, `shortName`, `description`, `role`, `lcu_id`, `skillSet_id`) VALUES ('11027', 'Ouk', 'Oupooch', 'ba902c35-6292-47c7-a026-74af33f80040', 'JuniorSoftwareEngineer', '3', '11027');
INSERT INTO `SkillSet` (`id`) VALUES ('11028');
INSERT INTO `SkillSet_skills` (`SkillSet_id`, `skills`) VALUES ('11028', 'SQL');
INSERT INTO `SkillSet_skills` (`SkillSet_id`, `skills`) VALUES ('11028', 'Ant');
INSERT INTO `SkillSet_skills` (`SkillSet_id`, `skills`) VALUES ('11028', 'Ant');
INSERT INTO `Mission` (`id`, `companyName`, `shortName`, `description`, `role`, `lcu_id`, `skillSet_id`) VALUES ('11028', 'Gljibeiss', 'Naush', '6a3d11a5-ef7c-4752-a682-b0ac13d088f1', 'LeadSoftwareArchitect', '3', '11028');
INSERT INTO `SkillSet` (`id`) VALUES ('11029');
INSERT INTO `SkillSet_skills` (`SkillSet_id`, `skills`) VALUES ('11029', 'Java');
INSERT INTO `SkillSet_skills` (`SkillSet_id`, `skills`) VALUES ('11029', 'Java');
INSERT INTO `SkillSet_skills` (`SkillSet_id`, `skills`) VALUES ('11029', 'UITesting');
INSERT INTO `SkillSet_skills` (`SkillSet_id`, `skills`) VALUES ('11029', 'UITesting');
INSERT INTO `Mission` (`id`, `companyName`, `shortName`, `description`, `role`, `lcu_id`, `skillSet_id`) VALUES ('11029', 'Jigouk', 'Prew', '2cf77443-35fb-4981-90b4-70f041bc74a4', 'LeadEngineer', '3', '11029');
INSERT INTO `SkillSet` (`id`) VALUES ('11030');
INSERT INTO `SkillSet_skills` (`SkillSet_id`, `skills`) VALUES ('11030', 'Architektur');
INSERT INTO `SkillSet_skills` (`SkillSet_id`, `skills`) VALUES ('11030', 'Maven');
INSERT INTO `SkillSet_skills` (`SkillSet_id`, `skills`) VALUES ('11030', 'DotNet');
INSERT INTO `SkillSet_skills` (`SkillSet_id`, `skills`) VALUES ('11030', 'Ant');
INSERT INTO `Mission` (`id`, `companyName`, `shortName`, `description`, `role`, `lcu_id`, `skillSet_id`) VALUES ('11030', 'Ennjid', 'Jzjr', '7def1d94-d517-4114-bf10-4db9ed0cd474', 'PrincipalConsultant', '3', '11030');
INSERT INTO `SkillSet` (`id`) VALUES ('11031');
INSERT INTO `SkillSet_skills` (`SkillSet_id`, `skills`) VALUES ('11031', 'Gradle');
INSERT INTO `SkillSet_skills` (`SkillSet_id`, `skills`) VALUES ('11031', 'Architektur');
INSERT INTO `SkillSet_skills` (`SkillSet_id`, `skills`) VALUES ('11031', 'Architektur');
INSERT INTO `SkillSet_skills` (`SkillSet_id`, `skills`) VALUES ('11031', 'Architektur');
INSERT INTO `SkillSet_skills` (`SkillSet_id`, `skills`) VALUES ('11031', 'UITesting');
INSERT INTO `Mission` (`id`, `companyName`, `shortName`, `description`, `role`, `lcu_id`, `skillSet_id`) VALUES ('11031', 'Yg', 'Jist', '9e58b37e-6d9f-4b35-b402-3644a00f110a', 'PrincipalConsultant', '3', '11031');
INSERT INTO `SkillSet` (`id`) VALUES ('11032');
INSERT INTO `SkillSet_skills` (`SkillSet_id`, `skills`) VALUES ('11032', 'Ant');
INSERT INTO `SkillSet_skills` (`SkillSet_id`, `skills`) VALUES ('11032', 'UnitTesting');
INSERT INTO `SkillSet_skills` (`SkillSet_id`, `skills`) VALUES ('11032', 'Gradle');
INSERT INTO `Mission` (`id`, `companyName`, `shortName`, `description`, `role`, `lcu_id`, `skillSet_id`) VALUES ('11032', 'Jizoh', 'Itt', 'e31fb4ad-0a94-4384-bf9f-4322f709bdd1', 'LeadEngineer', '3', '11032');
INSERT INTO `SkillSet` (`id`) VALUES ('11033');
INSERT INTO `SkillSet_skills` (`SkillSet_id`, `skills`) VALUES ('11033', 'UnitTesting');
INSERT INTO `SkillSet_skills` (`SkillSet_id`, `skills`) VALUES ('11033', 'UITesting');
INSERT INTO `SkillSet_skills` (`SkillSet_id`, `skills`) VALUES ('11033', 'Gradle');
INSERT INTO `SkillSet_skills` (`SkillSet_id`, `skills`) VALUES ('11033', 'Java');
INSERT INTO `SkillSet_skills` (`SkillSet_id`, `skills`) VALUES ('11033', 'Ant');
INSERT INTO `Mission` (`id`, `companyName`, `shortName`, `description`, `role`, `lcu_id`, `skillSet_id`) VALUES ('11033', 'Oifeh', 'Ez', '134f8044-0c29-4bef-bdf4-63b3772f81e0', 'JuniorSoftwareEngineer', '3', '11033');
INSERT INTO `SkillSet` (`id`) VALUES ('11034');
INSERT INTO `SkillSet_skills` (`SkillSet_id`, `skills`) VALUES ('11034', 'Gradle');
INSERT INTO `SkillSet_skills` (`SkillSet_id`, `skills`) VALUES ('11034', 'DotNet');
INSERT INTO `SkillSet_skills` (`SkillSet_id`, `skills`) VALUES ('11034', 'Maven');
INSERT INTO `SkillSet_skills` (`SkillSet_id`, `skills`) VALUES ('11034', 'Maven');
INSERT INTO `Mission` (`id`, `companyName`, `shortName`, `description`, `role`, `lcu_id`, `skillSet_id`) VALUES ('11034', 'Shaibjss', 'Jishjiss', '9d79f1fd-a55a-44f9-98ba-7b5698a85f96', 'LeadSoftwareArchitect', '3', '11034');
INSERT INTO `SkillSet` (`id`) VALUES ('11035');
INSERT INTO `SkillSet_skills` (`SkillSet_id`, `skills`) VALUES ('11035', 'DotNet');
INSERT INTO `SkillSet_skills` (`SkillSet_id`, `skills`) VALUES ('11035', 'UITesting');
INSERT INTO `SkillSet_skills` (`SkillSet_id`, `skills`) VALUES ('11035', 'DotNet');
INSERT INTO `SkillSet_skills` (`SkillSet_id`, `skills`) VALUES ('11035', 'Java');
INSERT INTO `SkillSet_skills` (`SkillSet_id`, `skills`) VALUES ('11035', 'Maven');
INSERT INTO `Mission` (`id`, `companyName`, `shortName`, `description`, `role`, `lcu_id`, `skillSet_id`) VALUES ('11035', 'Ipauz', 'Gunneib', '5af3cacf-86a6-4346-8330-04fd03ac424b', 'SeniorSoftwareEngineer', '3', '11035');
INSERT INTO `SkillSet` (`id`) VALUES ('11036');
INSERT INTO `SkillSet_skills` (`SkillSet_id`, `skills`) VALUES ('11036', 'Ant');
INSERT INTO `SkillSet_skills` (`SkillSet_id`, `skills`) VALUES ('11036', 'Ant');
INSERT INTO `SkillSet_skills` (`SkillSet_id`, `skills`) VALUES ('11036', 'Gradle');
INSERT INTO `SkillSet_skills` (`SkillSet_id`, `skills`) VALUES ('11036', 'Ant');
INSERT INTO `SkillSet_skills` (`SkillSet_id`, `skills`) VALUES ('11036', 'Ant');
INSERT INTO `Mission` (`id`, `companyName`, `shortName`, `description`, `role`, `lcu_id`, `skillSet_id`) VALUES ('11036', 'Ooshach', 'Jh', '67102cab-435d-4ce5-931f-74dd6ce45751', 'LeadEngineer', '3', '11036');
INSERT INTO `SkillSet` (`id`) VALUES ('11037');
INSERT INTO `SkillSet_skills` (`SkillSet_id`, `skills`) VALUES ('11037', 'SQL');
INSERT INTO `Mission` (`id`, `companyName`, `shortName`, `description`, `role`, `lcu_id`, `skillSet_id`) VALUES ('11037', 'Blauf', 'Ossigh', '7ff18ad1-0db2-4a60-a32c-106dcc335592', 'LeadSoftwareArchitect', '3', '11037');
INSERT INTO `SkillSet` (`id`) VALUES ('11038');
INSERT INTO `SkillSet_skills` (`SkillSet_id`, `skills`) VALUES ('11038', 'Maven');
INSERT INTO `SkillSet_skills` (`SkillSet_id`, `skills`) VALUES ('11038', 'Architektur');
INSERT INTO `SkillSet_skills` (`SkillSet_id`, `skills`) VALUES ('11038', 'SQL');
INSERT INTO `SkillSet_skills` (`SkillSet_id`, `skills`) VALUES ('11038', 'SQL');
INSERT INTO `SkillSet_skills` (`SkillSet_id`, `skills`) VALUES ('11038', 'UnitTesting');
INSERT INTO `Mission` (`id`, `companyName`, `shortName`, `description`, `role`, `lcu_id`, `skillSet_id`) VALUES ('11038', 'Coustat', 'Pryst', '03725867-8b40-483b-b9e2-9d2ae98a4d3e', 'SoftwareEngineer', '3', '11038');
INSERT INTO `SkillSet` (`id`) VALUES ('11039');
INSERT INTO `SkillSet_skills` (`SkillSet_id`, `skills`) VALUES ('11039', 'Gradle');
INSERT INTO `SkillSet_skills` (`SkillSet_id`, `skills`) VALUES ('11039', 'SQL');
INSERT INTO `SkillSet_skills` (`SkillSet_id`, `skills`) VALUES ('11039', 'UnitTesting');
INSERT INTO `Mission` (`id`, `companyName`, `shortName`, `description`, `role`, `lcu_id`, `skillSet_id`) VALUES ('11039', 'Outtoud', 'Laip', 'a2ecf356-3cbc-4319-87e9-2c7fd0b971e4', 'SoftwareEngineer', '3', '11039');
INSERT INTO `SkillSet` (`id`) VALUES ('11040');
INSERT INTO `SkillSet_skills` (`SkillSet_id`, `skills`) VALUES ('11040', 'UnitTesting');
INSERT INTO `SkillSet_skills` (`SkillSet_id`, `skills`) VALUES ('11040', 'DotNet');
INSERT INTO `SkillSet_skills` (`SkillSet_id`, `skills`) VALUES ('11040', 'Ant');
INSERT INTO `SkillSet_skills` (`SkillSet_id`, `skills`) VALUES ('11040', 'Java');
INSERT INTO `SkillSet_skills` (`SkillSet_id`, `skills`) VALUES ('11040', 'Ant');
INSERT INTO `Mission` (`id`, `companyName`, `shortName`, `description`, `role`, `lcu_id`, `skillSet_id`) VALUES ('11040', 'Qezyz', 'Oumih', 'b40455de-c0a7-47b2-bf58-554ce6065774', 'LeadEngineer', '3', '11040');
INSERT INTO `SkillSet` (`id`) VALUES ('11041');
INSERT INTO `SkillSet_skills` (`SkillSet_id`, `skills`) VALUES ('11041', 'Java');
INSERT INTO `SkillSet_skills` (`SkillSet_id`, `skills`) VALUES ('11041', 'SQL');
INSERT INTO `Mission` (`id`, `companyName`, `shortName`, `description`, `role`, `lcu_id`, `skillSet_id`) VALUES ('11041', 'Qjinnaiv', 'Sydaitt', '33715006-3db6-46f0-b236-b18fb3e62486', 'LeadSoftwareArchitect', '3', '11041');
INSERT INTO `SkillSet` (`id`) VALUES ('11042');
INSERT INTO `SkillSet_skills` (`SkillSet_id`, `skills`) VALUES ('11042', 'UnitTesting');
INSERT INTO `SkillSet_skills` (`SkillSet_id`, `skills`) VALUES ('11042', 'DotNet');
INSERT INTO `SkillSet_skills` (`SkillSet_id`, `skills`) VALUES ('11042', 'Java');
INSERT INTO `SkillSet_skills` (`SkillSet_id`, `skills`) VALUES ('11042', 'Gradle');
INSERT INTO `Mission` (`id`, `companyName`, `shortName`, `description`, `role`, `lcu_id`, `skillSet_id`) VALUES ('11042', 'Uz', 'Oofos', '63050686-7a0e-4edb-aa2a-6fb286f9613a', 'LeadSoftwareArchitect', '3', '11042');
INSERT INTO `SkillSet` (`id`) VALUES ('11043');
INSERT INTO `SkillSet_skills` (`SkillSet_id`, `skills`) VALUES ('11043', 'Java');
INSERT INTO `SkillSet_skills` (`SkillSet_id`, `skills`) VALUES ('11043', 'UITesting');
INSERT INTO `SkillSet_skills` (`SkillSet_id`, `skills`) VALUES ('11043', 'Java');
INSERT INTO `SkillSet_skills` (`SkillSet_id`, `skills`) VALUES ('11043', 'UnitTesting');
INSERT INTO `Mission` (`id`, `companyName`, `shortName`, `description`, `role`, `lcu_id`, `skillSet_id`) VALUES ('11043', 'Zeibjnt', 'Naintig', 'da8a7b15-079d-42bc-9a78-a0d71d3371b6', 'SoftwareEngineer', '3', '11043');
INSERT INTO `SkillSet` (`id`) VALUES ('11044');
INSERT INTO `SkillSet_skills` (`SkillSet_id`, `skills`) VALUES ('11044', 'Ant');
INSERT INTO `SkillSet_skills` (`SkillSet_id`, `skills`) VALUES ('11044', 'DotNet');
INSERT INTO `SkillSet_skills` (`SkillSet_id`, `skills`) VALUES ('11044', 'Architektur');
INSERT INTO `SkillSet_skills` (`SkillSet_id`, `skills`) VALUES ('11044', 'SQL');
INSERT INTO `SkillSet_skills` (`SkillSet_id`, `skills`) VALUES ('11044', 'UnitTesting');
INSERT INTO `Mission` (`id`, `companyName`, `shortName`, `description`, `role`, `lcu_id`, `skillSet_id`) VALUES ('11044', 'Oth', 'Eil', '0331b1e4-f43a-4801-a438-93a7d2117492', 'SoftwareEngineer', '3', '11044');
INSERT INTO `SkillSet` (`id`) VALUES ('11045');
INSERT INTO `SkillSet_skills` (`SkillSet_id`, `skills`) VALUES ('11045', 'SQL');
INSERT INTO `SkillSet_skills` (`SkillSet_id`, `skills`) VALUES ('11045', 'UITesting');
INSERT INTO `SkillSet_skills` (`SkillSet_id`, `skills`) VALUES ('11045', 'Gradle');
INSERT INTO `Mission` (`id`, `companyName`, `shortName`, `description`, `role`, `lcu_id`, `skillSet_id`) VALUES ('11045', 'Klesh', 'Ais', 'ad3b1399-3c06-4ede-a2a4-59aa517b8ad8', 'JuniorSoftwareEngineer', '3', '11045');
INSERT INTO `SkillSet` (`id`) VALUES ('11046');
INSERT INTO `SkillSet_skills` (`SkillSet_id`, `skills`) VALUES ('11046', 'Maven');
INSERT INTO `SkillSet_skills` (`SkillSet_id`, `skills`) VALUES ('11046', 'Gradle');
INSERT INTO `SkillSet_skills` (`SkillSet_id`, `skills`) VALUES ('11046', 'Ant');
INSERT INTO `SkillSet_skills` (`SkillSet_id`, `skills`) VALUES ('11046', 'Maven');
INSERT INTO `SkillSet_skills` (`SkillSet_id`, `skills`) VALUES ('11046', 'Architektur');
INSERT INTO `Mission` (`id`, `companyName`, `shortName`, `description`, `role`, `lcu_id`, `skillSet_id`) VALUES ('11046', 'Estoutt', 'Eisoup', '32b926db-a58c-4d62-9dfa-cf76b5838666', 'LeadEngineer', '3', '11046');
INSERT INTO `SkillSet` (`id`) VALUES ('11047');
INSERT INTO `SkillSet_skills` (`SkillSet_id`, `skills`) VALUES ('11047', 'UnitTesting');
INSERT INTO `SkillSet_skills` (`SkillSet_id`, `skills`) VALUES ('11047', 'Architektur');
INSERT INTO `SkillSet_skills` (`SkillSet_id`, `skills`) VALUES ('11047', 'Java');
INSERT INTO `SkillSet_skills` (`SkillSet_id`, `skills`) VALUES ('11047', 'Ant');
INSERT INTO `SkillSet_skills` (`SkillSet_id`, `skills`) VALUES ('11047', 'Ant');
INSERT INTO `Mission` (`id`, `companyName`, `shortName`, `description`, `role`, `lcu_id`, `skillSet_id`) VALUES ('11047', 'Duntop', 'Jhut', '7fd7570c-7e1e-485c-bfd7-b473aa84f41f', 'LeadEngineer', '3', '11047');
INSERT INTO `SkillSet` (`id`) VALUES ('11048');
INSERT INTO `SkillSet_skills` (`SkillSet_id`, `skills`) VALUES ('11048', 'SQL');
INSERT INTO `Mission` (`id`, `companyName`, `shortName`, `description`, `role`, `lcu_id`, `skillSet_id`) VALUES ('11048', 'Eipfash', 'Tjfjith', 'ef6c4844-7841-458a-bcee-8e3b27b1857a', 'PrincipalConsultant', '3', '11048');
INSERT INTO `SkillSet` (`id`) VALUES ('11049');
INSERT INTO `SkillSet_skills` (`SkillSet_id`, `skills`) VALUES ('11049', 'Ant');
INSERT INTO `SkillSet_skills` (`SkillSet_id`, `skills`) VALUES ('11049', 'Java');
INSERT INTO `SkillSet_skills` (`SkillSet_id`, `skills`) VALUES ('11049', 'Ant');
INSERT INTO `SkillSet_skills` (`SkillSet_id`, `skills`) VALUES ('11049', 'UITesting');
INSERT INTO `SkillSet_skills` (`SkillSet_id`, `skills`) VALUES ('11049', 'Java');
INSERT INTO `Mission` (`id`, `companyName`, `shortName`, `description`, `role`, `lcu_id`, `skillSet_id`) VALUES ('11049', 'Pypfjpf', 'Yd', 'ce6ea526-985b-4e5b-99ee-6265522afaea', 'SeniorSoftwareEngineer', '3', '11049');
INSERT INTO `SkillSet` (`id`) VALUES ('11050');
INSERT INTO `SkillSet_skills` (`SkillSet_id`, `skills`) VALUES ('11050', 'UITesting');
INSERT INTO `Mission` (`id`, `companyName`, `shortName`, `description`, `role`, `lcu_id`, `skillSet_id`) VALUES ('11050', 'Ythepf', 'Pok', 'c4fbbd5c-c65e-45bd-a2ff-96114914c337', 'SoftwareEngineer', '3', '11050');
INSERT INTO `SkillSet` (`id`) VALUES ('11051');
INSERT INTO `SkillSet_skills` (`SkillSet_id`, `skills`) VALUES ('11051', 'UnitTesting');
INSERT INTO `SkillSet_skills` (`SkillSet_id`, `skills`) VALUES ('11051', 'Java');
INSERT INTO `SkillSet_skills` (`SkillSet_id`, `skills`) VALUES ('11051', 'Architektur');
INSERT INTO `Mission` (`id`, `companyName`, `shortName`, `description`, `role`, `lcu_id`, `skillSet_id`) VALUES ('11051', 'Jig', 'Auvjss', '05493bed-e140-4a3e-b6ee-436ed47e3b9b', 'SoftwareEngineer', '3', '11051');
INSERT INTO `SkillSet` (`id`) VALUES ('11052');
INSERT INTO `SkillSet_skills` (`SkillSet_id`, `skills`) VALUES ('11052', 'SQL');
INSERT INTO `SkillSet_skills` (`SkillSet_id`, `skills`) VALUES ('11052', 'Ant');
INSERT INTO `SkillSet_skills` (`SkillSet_id`, `skills`) VALUES ('11052', 'Architektur');
INSERT INTO `SkillSet_skills` (`SkillSet_id`, `skills`) VALUES ('11052', 'Java');
INSERT INTO `Mission` (`id`, `companyName`, `shortName`, `description`, `role`, `lcu_id`, `skillSet_id`) VALUES ('11052', 'Prainnust', 'Roul', '12b48e1a-335d-49d1-a499-b0eb4ff3503d', 'JuniorSoftwareEngineer', '3', '11052');
INSERT INTO `SkillSet` (`id`) VALUES ('11053');
INSERT INTO `SkillSet_skills` (`SkillSet_id`, `skills`) VALUES ('11053', 'Architektur');
INSERT INTO `SkillSet_skills` (`SkillSet_id`, `skills`) VALUES ('11053', 'Gradle');
INSERT INTO `SkillSet_skills` (`SkillSet_id`, `skills`) VALUES ('11053', 'DotNet');
INSERT INTO `SkillSet_skills` (`SkillSet_id`, `skills`) VALUES ('11053', 'Ant');
INSERT INTO `SkillSet_skills` (`SkillSet_id`, `skills`) VALUES ('11053', 'Maven');
INSERT INTO `Mission` (`id`, `companyName`, `shortName`, `description`, `role`, `lcu_id`, `skillSet_id`) VALUES ('11053', 'Oozjir', 'Udoigh', '9c5c5646-7c37-4415-ab9e-9181fe435501', 'SoftwareEngineer', '3', '11053');
INSERT INTO `SkillSet` (`id`) VALUES ('11054');
INSERT INTO `SkillSet_skills` (`SkillSet_id`, `skills`) VALUES ('11054', 'Maven');
INSERT INTO `SkillSet_skills` (`SkillSet_id`, `skills`) VALUES ('11054', 'Architektur');
INSERT INTO `SkillSet_skills` (`SkillSet_id`, `skills`) VALUES ('11054', 'Java');
INSERT INTO `Mission` (`id`, `companyName`, `shortName`, `description`, `role`, `lcu_id`, `skillSet_id`) VALUES ('11054', 'Gryshjig', 'Oud', 'cb52e98a-bce3-43c9-a83a-4da6681f6cea', 'LeadSoftwareArchitect', '3', '11054');
INSERT INTO `SkillSet` (`id`) VALUES ('11055');
INSERT INTO `SkillSet_skills` (`SkillSet_id`, `skills`) VALUES ('11055', 'Maven');
INSERT INTO `SkillSet_skills` (`SkillSet_id`, `skills`) VALUES ('11055', 'Java');
INSERT INTO `Mission` (`id`, `companyName`, `shortName`, `description`, `role`, `lcu_id`, `skillSet_id`) VALUES ('11055', 'Guw', 'Athych', '7056a2dd-1980-4404-9782-5b76dd818f84', 'LeadSoftwareArchitect', '3', '11055');
INSERT INTO `SkillSet` (`id`) VALUES ('11056');
INSERT INTO `SkillSet_skills` (`SkillSet_id`, `skills`) VALUES ('11056', 'SQL');
INSERT INTO `SkillSet_skills` (`SkillSet_id`, `skills`) VALUES ('11056', 'SQL');
INSERT INTO `SkillSet_skills` (`SkillSet_id`, `skills`) VALUES ('11056', 'UnitTesting');
INSERT INTO `SkillSet_skills` (`SkillSet_id`, `skills`) VALUES ('11056', 'SQL');
INSERT INTO `Mission` (`id`, `companyName`, `shortName`, `description`, `role`, `lcu_id`, `skillSet_id`) VALUES ('11056', 'Thaur', 'Glook', '5760319a-0b9a-446c-92ec-afdda43425e1', 'PrincipalConsultant', '3', '11056');
INSERT INTO `SkillSet` (`id`) VALUES ('11057');
INSERT INTO `SkillSet_skills` (`SkillSet_id`, `skills`) VALUES ('11057', 'Ant');
INSERT INTO `SkillSet_skills` (`SkillSet_id`, `skills`) VALUES ('11057', 'Java');
INSERT INTO `SkillSet_skills` (`SkillSet_id`, `skills`) VALUES ('11057', 'Maven');
INSERT INTO `SkillSet_skills` (`SkillSet_id`, `skills`) VALUES ('11057', 'UITesting');
INSERT INTO `SkillSet_skills` (`SkillSet_id`, `skills`) VALUES ('11057', 'Gradle');
INSERT INTO `Mission` (`id`, `companyName`, `shortName`, `description`, `role`, `lcu_id`, `skillSet_id`) VALUES ('11057', 'Qaid', 'Ooh', '9dc13c40-fcc0-49a2-b096-2b93372cd09f', 'SoftwareEngineer', '3', '11057');
INSERT INTO `SkillSet` (`id`) VALUES ('11058');
INSERT INTO `SkillSet_skills` (`SkillSet_id`, `skills`) VALUES ('11058', 'DotNet');
INSERT INTO `SkillSet_skills` (`SkillSet_id`, `skills`) VALUES ('11058', 'UITesting');
INSERT INTO `SkillSet_skills` (`SkillSet_id`, `skills`) VALUES ('11058', 'Java');
INSERT INTO `Mission` (`id`, `companyName`, `shortName`, `description`, `role`, `lcu_id`, `skillSet_id`) VALUES ('11058', 'Stoghyth', 'Aunn', '427fef35-1858-486d-9247-096288f0e7cd', 'SeniorSoftwareEngineer', '3', '11058');
INSERT INTO `SkillSet` (`id`) VALUES ('11059');
INSERT INTO `SkillSet_skills` (`SkillSet_id`, `skills`) VALUES ('11059', 'Java');
INSERT INTO `SkillSet_skills` (`SkillSet_id`, `skills`) VALUES ('11059', 'Ant');
INSERT INTO `SkillSet_skills` (`SkillSet_id`, `skills`) VALUES ('11059', 'DotNet');
INSERT INTO `Mission` (`id`, `companyName`, `shortName`, `description`, `role`, `lcu_id`, `skillSet_id`) VALUES ('11059', 'Oint', 'Steb', 'beccb5e6-910b-425b-b6e4-b9279c02ec64', 'SoftwareEngineer', '3', '11059');
INSERT INTO `SkillSet` (`id`) VALUES ('11060');
INSERT INTO `SkillSet_skills` (`SkillSet_id`, `skills`) VALUES ('11060', 'DotNet');
INSERT INTO `Mission` (`id`, `companyName`, `shortName`, `description`, `role`, `lcu_id`, `skillSet_id`) VALUES ('11060', 'Jihaist', 'Jissud', 'dcf52dc5-0b71-4e7c-ad41-1f5f06ab52a3', 'LeadSoftwareArchitect', '3', '11060');
INSERT INTO `SkillSet` (`id`) VALUES ('11061');
INSERT INTO `SkillSet_skills` (`SkillSet_id`, `skills`) VALUES ('11061', 'DotNet');
INSERT INTO `SkillSet_skills` (`SkillSet_id`, `skills`) VALUES ('11061', 'UnitTesting');
INSERT INTO `SkillSet_skills` (`SkillSet_id`, `skills`) VALUES ('11061', 'DotNet');
INSERT INTO `Mission` (`id`, `companyName`, `shortName`, `description`, `role`, `lcu_id`, `skillSet_id`) VALUES ('11061', 'Zeipf', 'Noost', 'd0710e18-205e-4328-9bf9-d05b2bea3abe', 'LeadEngineer', '3', '11061');
INSERT INTO `SkillSet` (`id`) VALUES ('11062');
INSERT INTO `SkillSet_skills` (`SkillSet_id`, `skills`) VALUES ('11062', 'DotNet');
INSERT INTO `Mission` (`id`, `companyName`, `shortName`, `description`, `role`, `lcu_id`, `skillSet_id`) VALUES ('11062', 'Vaib', 'Loosoupf', 'e2aa6482-0eec-44d5-98a7-d401f8ef1ece', 'SoftwareEngineer', '3', '11062');
INSERT INTO `SkillSet` (`id`) VALUES ('11063');
INSERT INTO `SkillSet_skills` (`SkillSet_id`, `skills`) VALUES ('11063', 'UITesting');
INSERT INTO `SkillSet_skills` (`SkillSet_id`, `skills`) VALUES ('11063', 'Ant');
INSERT INTO `Mission` (`id`, `companyName`, `shortName`, `description`, `role`, `lcu_id`, `skillSet_id`) VALUES ('11063', 'Oigeif', 'Onnaust', '7358a93f-a2bb-4064-bf43-52f1a11e74c5', 'SeniorSoftwareEngineer', '3', '11063');
INSERT INTO `SkillSet` (`id`) VALUES ('11064');
INSERT INTO `SkillSet_skills` (`SkillSet_id`, `skills`) VALUES ('11064', 'Gradle');
INSERT INTO `SkillSet_skills` (`SkillSet_id`, `skills`) VALUES ('11064', 'Ant');
INSERT INTO `Mission` (`id`, `companyName`, `shortName`, `description`, `role`, `lcu_id`, `skillSet_id`) VALUES ('11064', 'Tjssaur', 'Eikech', '53558eb2-2bd0-4f5c-b025-ae3afb65f480', 'SeniorSoftwareEngineer', '3', '11064');
INSERT INTO `SkillSet` (`id`) VALUES ('11065');
INSERT INTO `SkillSet_skills` (`SkillSet_id`, `skills`) VALUES ('11065', 'SQL');
INSERT INTO `SkillSet_skills` (`SkillSet_id`, `skills`) VALUES ('11065', 'SQL');
INSERT INTO `SkillSet_skills` (`SkillSet_id`, `skills`) VALUES ('11065', 'Ant');
INSERT INTO `SkillSet_skills` (`SkillSet_id`, `skills`) VALUES ('11065', 'Ant');
INSERT INTO `SkillSet_skills` (`SkillSet_id`, `skills`) VALUES ('11065', 'Maven');
INSERT INTO `Mission` (`id`, `companyName`, `shortName`, `description`, `role`, `lcu_id`, `skillSet_id`) VALUES ('11065', 'Qiss', 'Eiragh', '93aa94c9-570c-4372-98a4-37eeb1c1afbd', 'SoftwareEngineer', '3', '11065');
INSERT INTO `SkillSet` (`id`) VALUES ('11066');
INSERT INTO `SkillSet_skills` (`SkillSet_id`, `skills`) VALUES ('11066', 'DotNet');
INSERT INTO `SkillSet_skills` (`SkillSet_id`, `skills`) VALUES ('11066', 'UnitTesting');
INSERT INTO `Mission` (`id`, `companyName`, `shortName`, `description`, `role`, `lcu_id`, `skillSet_id`) VALUES ('11066', 'Eideb', 'Cjichym', '325a519b-0220-433e-9a90-cbe86c533688', 'SeniorSoftwareEngineer', '3', '11066');
INSERT INTO `SkillSet` (`id`) VALUES ('11067');
INSERT INTO `SkillSet_skills` (`SkillSet_id`, `skills`) VALUES ('11067', 'Gradle');
INSERT INTO `SkillSet_skills` (`SkillSet_id`, `skills`) VALUES ('11067', 'UITesting');
INSERT INTO `SkillSet_skills` (`SkillSet_id`, `skills`) VALUES ('11067', 'SQL');
INSERT INTO `SkillSet_skills` (`SkillSet_id`, `skills`) VALUES ('11067', 'Java');
INSERT INTO `SkillSet_skills` (`SkillSet_id`, `skills`) VALUES ('11067', 'Maven');
INSERT INTO `Mission` (`id`, `companyName`, `shortName`, `description`, `role`, `lcu_id`, `skillSet_id`) VALUES ('11067', 'Ykah', 'Us', '422915e2-b56a-45b7-9c92-29b5b9d00f25', 'LeadEngineer', '3', '11067');
INSERT INTO `SkillSet` (`id`) VALUES ('11068');
INSERT INTO `SkillSet_skills` (`SkillSet_id`, `skills`) VALUES ('11068', 'UITesting');
INSERT INTO `SkillSet_skills` (`SkillSet_id`, `skills`) VALUES ('11068', 'SQL');
INSERT INTO `Mission` (`id`, `companyName`, `shortName`, `description`, `role`, `lcu_id`, `skillSet_id`) VALUES ('11068', 'Aittjn', 'Eipfap', '4cf99ef0-a18f-42f0-98cf-8d42c0b76ac8', 'PrincipalConsultant', '3', '11068');
INSERT INTO `SkillSet` (`id`) VALUES ('11069');
INSERT INTO `SkillSet_skills` (`SkillSet_id`, `skills`) VALUES ('11069', 'UnitTesting');
INSERT INTO `SkillSet_skills` (`SkillSet_id`, `skills`) VALUES ('11069', 'Java');
INSERT INTO `SkillSet_skills` (`SkillSet_id`, `skills`) VALUES ('11069', 'Java');
INSERT INTO `Mission` (`id`, `companyName`, `shortName`, `description`, `role`, `lcu_id`, `skillSet_id`) VALUES ('11069', 'Stoodyn', 'Auwal', '346aeab3-38f9-475b-a8fe-51a6d7f80df9', 'JuniorSoftwareEngineer', '3', '11069');
INSERT INTO `SkillSet` (`id`) VALUES ('11070');
INSERT INTO `SkillSet_skills` (`SkillSet_id`, `skills`) VALUES ('11070', 'Ant');
INSERT INTO `Mission` (`id`, `companyName`, `shortName`, `description`, `role`, `lcu_id`, `skillSet_id`) VALUES ('11070', 'Jissoon', 'Upeint', '1828d04a-573a-439a-928b-0bae20ffdef6', 'LeadEngineer', '3', '11070');
INSERT INTO `SkillSet` (`id`) VALUES ('11071');
INSERT INTO `SkillSet_skills` (`SkillSet_id`, `skills`) VALUES ('11071', 'Java');
INSERT INTO `SkillSet_skills` (`SkillSet_id`, `skills`) VALUES ('11071', 'Architektur');
INSERT INTO `SkillSet_skills` (`SkillSet_id`, `skills`) VALUES ('11071', 'Java');
INSERT INTO `SkillSet_skills` (`SkillSet_id`, `skills`) VALUES ('11071', 'Gradle');
INSERT INTO `Mission` (`id`, `companyName`, `shortName`, `description`, `role`, `lcu_id`, `skillSet_id`) VALUES ('11071', 'Mep', 'Kjch', '3d5dc6fd-92cf-4085-a52e-7c3139a144fd', 'LeadSoftwareArchitect', '3', '11071');
INSERT INTO `SkillSet` (`id`) VALUES ('11072');
INSERT INTO `SkillSet_skills` (`SkillSet_id`, `skills`) VALUES ('11072', 'SQL');
INSERT INTO `SkillSet_skills` (`SkillSet_id`, `skills`) VALUES ('11072', 'Architektur');
INSERT INTO `SkillSet_skills` (`SkillSet_id`, `skills`) VALUES ('11072', 'Java');
INSERT INTO `SkillSet_skills` (`SkillSet_id`, `skills`) VALUES ('11072', 'Java');
INSERT INTO `SkillSet_skills` (`SkillSet_id`, `skills`) VALUES ('11072', 'Ant');
INSERT INTO `Mission` (`id`, `companyName`, `shortName`, `description`, `role`, `lcu_id`, `skillSet_id`) VALUES ('11072', 'Og', 'Outoif', '5101e5ee-719f-435a-92a1-b554f51507d1', 'LeadSoftwareArchitect', '3', '11072');
INSERT INTO `SkillSet` (`id`) VALUES ('11073');
INSERT INTO `SkillSet_skills` (`SkillSet_id`, `skills`) VALUES ('11073', 'DotNet');
INSERT INTO `SkillSet_skills` (`SkillSet_id`, `skills`) VALUES ('11073', 'Java');
INSERT INTO `SkillSet_skills` (`SkillSet_id`, `skills`) VALUES ('11073', 'Ant');
INSERT INTO `SkillSet_skills` (`SkillSet_id`, `skills`) VALUES ('11073', 'Architektur');
INSERT INTO `SkillSet_skills` (`SkillSet_id`, `skills`) VALUES ('11073', 'UITesting');
INSERT INTO `Mission` (`id`, `companyName`, `shortName`, `description`, `role`, `lcu_id`, `skillSet_id`) VALUES ('11073', 'Jz', 'Byth', 'b9e8de7b-4d15-4511-85ca-c23bfcf9db71', 'SeniorSoftwareEngineer', '3', '11073');
INSERT INTO `SkillSet` (`id`) VALUES ('11074');
INSERT INTO `SkillSet_skills` (`SkillSet_id`, `skills`) VALUES ('11074', 'Ant');
INSERT INTO `SkillSet_skills` (`SkillSet_id`, `skills`) VALUES ('11074', 'UnitTesting');
INSERT INTO `SkillSet_skills` (`SkillSet_id`, `skills`) VALUES ('11074', 'SQL');
INSERT INTO `Mission` (`id`, `companyName`, `shortName`, `description`, `role`, `lcu_id`, `skillSet_id`) VALUES ('11074', 'Ugout', 'Hout', '31a1d0b7-a526-4f4f-bd58-f12758365046', 'SeniorSoftwareEngineer', '3', '11074');
INSERT INTO `SkillSet` (`id`) VALUES ('11075');
INSERT INTO `SkillSet_skills` (`SkillSet_id`, `skills`) VALUES ('11075', 'Gradle');
INSERT INTO `SkillSet_skills` (`SkillSet_id`, `skills`) VALUES ('11075', 'Ant');
INSERT INTO `SkillSet_skills` (`SkillSet_id`, `skills`) VALUES ('11075', 'Gradle');
INSERT INTO `Mission` (`id`, `companyName`, `shortName`, `description`, `role`, `lcu_id`, `skillSet_id`) VALUES ('11075', 'Yfed', 'Stoigh', '12fcd130-8bfa-43ee-aa19-6872e1f9f9c1', 'PrincipalConsultant', '3', '11075');
INSERT INTO `SkillSet` (`id`) VALUES ('11076');
INSERT INTO `SkillSet_skills` (`SkillSet_id`, `skills`) VALUES ('11076', 'UnitTesting');
INSERT INTO `SkillSet_skills` (`SkillSet_id`, `skills`) VALUES ('11076', 'SQL');
INSERT INTO `SkillSet_skills` (`SkillSet_id`, `skills`) VALUES ('11076', 'Gradle');
INSERT INTO `SkillSet_skills` (`SkillSet_id`, `skills`) VALUES ('11076', 'Maven');
INSERT INTO `Mission` (`id`, `companyName`, `shortName`, `description`, `role`, `lcu_id`, `skillSet_id`) VALUES ('11076', 'Ynn', 'Ufal', '22fa1065-a8a0-4dd0-8ff2-0395750e9065', 'LeadSoftwareArchitect', '3', '11076');
INSERT INTO `SkillSet` (`id`) VALUES ('11077');
INSERT INTO `SkillSet_skills` (`SkillSet_id`, `skills`) VALUES ('11077', 'SQL');
INSERT INTO `Mission` (`id`, `companyName`, `shortName`, `description`, `role`, `lcu_id`, `skillSet_id`) VALUES ('11077', 'Uss', 'Is', '7fed28de-852a-440d-823e-19352ad3dc08', 'PrincipalConsultant', '3', '11077');
INSERT INTO `SkillSet` (`id`) VALUES ('11078');
INSERT INTO `SkillSet_skills` (`SkillSet_id`, `skills`) VALUES ('11078', 'Maven');
INSERT INTO `SkillSet_skills` (`SkillSet_id`, `skills`) VALUES ('11078', 'DotNet');
INSERT INTO `SkillSet_skills` (`SkillSet_id`, `skills`) VALUES ('11078', 'DotNet');
INSERT INTO `SkillSet_skills` (`SkillSet_id`, `skills`) VALUES ('11078', 'Java');
INSERT INTO `Mission` (`id`, `companyName`, `shortName`, `description`, `role`, `lcu_id`, `skillSet_id`) VALUES ('11078', 'Oub', 'Anaif', 'dac509ae-3d17-49bb-bbfd-e5f6438f54b3', 'SoftwareEngineer', '3', '11078');
INSERT INTO `SkillSet` (`id`) VALUES ('11079');
INSERT INTO `SkillSet_skills` (`SkillSet_id`, `skills`) VALUES ('11079', 'SQL');
INSERT INTO `Mission` (`id`, `companyName`, `shortName`, `description`, `role`, `lcu_id`, `skillSet_id`) VALUES ('11079', 'Rairef', 'Aip', 'bb6fd5e0-0758-4287-9644-e39488c34817', 'LeadSoftwareArchitect', '3', '11079');
INSERT INTO `SkillSet` (`id`) VALUES ('11080');
INSERT INTO `SkillSet_skills` (`SkillSet_id`, `skills`) VALUES ('11080', 'DotNet');
INSERT INTO `SkillSet_skills` (`SkillSet_id`, `skills`) VALUES ('11080', 'UnitTesting');
INSERT INTO `SkillSet_skills` (`SkillSet_id`, `skills`) VALUES ('11080', 'Ant');
INSERT INTO `Mission` (`id`, `companyName`, `shortName`, `description`, `role`, `lcu_id`, `skillSet_id`) VALUES ('11080', 'Njpf', 'Uz', '6cab4fe1-b450-4bf8-b85e-e6b8bf3991fd', 'PrincipalConsultant', '3', '11080');
INSERT INTO `SkillSet` (`id`) VALUES ('11081');
INSERT INTO `SkillSet_skills` (`SkillSet_id`, `skills`) VALUES ('11081', 'SQL');
INSERT INTO `Mission` (`id`, `companyName`, `shortName`, `description`, `role`, `lcu_id`, `skillSet_id`) VALUES ('11081', 'Chetaim', 'Attib', '37d5614c-8ae9-49ab-8489-3e7a1fe25a65', 'LeadEngineer', '3', '11081');
INSERT INTO `SkillSet` (`id`) VALUES ('11082');
INSERT INTO `SkillSet_skills` (`SkillSet_id`, `skills`) VALUES ('11082', 'UITesting');
INSERT INTO `SkillSet_skills` (`SkillSet_id`, `skills`) VALUES ('11082', 'Ant');
INSERT INTO `SkillSet_skills` (`SkillSet_id`, `skills`) VALUES ('11082', 'SQL');
INSERT INTO `Mission` (`id`, `companyName`, `shortName`, `description`, `role`, `lcu_id`, `skillSet_id`) VALUES ('11082', 'Ent', 'Bjiss', 'aeed30ce-56f8-4b4c-b0d9-5c223ee72105', 'SeniorSoftwareEngineer', '3', '11082');
INSERT INTO `SkillSet` (`id`) VALUES ('11083');
INSERT INTO `SkillSet_skills` (`SkillSet_id`, `skills`) VALUES ('11083', 'Java');
INSERT INTO `SkillSet_skills` (`SkillSet_id`, `skills`) VALUES ('11083', 'Maven');
INSERT INTO `Mission` (`id`, `companyName`, `shortName`, `description`, `role`, `lcu_id`, `skillSet_id`) VALUES ('11083', 'Ynnainn', 'Jhaiz', 'be5be972-41dd-4489-bc07-fef9dd23a9f6', 'SoftwareEngineer', '3', '11083');
INSERT INTO `SkillSet` (`id`) VALUES ('11084');
INSERT INTO `SkillSet_skills` (`SkillSet_id`, `skills`) VALUES ('11084', 'Architektur');
INSERT INTO `SkillSet_skills` (`SkillSet_id`, `skills`) VALUES ('11084', 'Ant');
INSERT INTO `SkillSet_skills` (`SkillSet_id`, `skills`) VALUES ('11084', 'Java');
INSERT INTO `SkillSet_skills` (`SkillSet_id`, `skills`) VALUES ('11084', 'UITesting');
INSERT INTO `Mission` (`id`, `companyName`, `shortName`, `description`, `role`, `lcu_id`, `skillSet_id`) VALUES ('11084', 'Ouduss', 'Koidoin', 'b448da9c-18c7-42d5-ae3c-545e9f5878a0', 'LeadEngineer', '3', '11084');
INSERT INTO `SkillSet` (`id`) VALUES ('11085');
INSERT INTO `SkillSet_skills` (`SkillSet_id`, `skills`) VALUES ('11085', 'Maven');
INSERT INTO `SkillSet_skills` (`SkillSet_id`, `skills`) VALUES ('11085', 'Architektur');
INSERT INTO `Mission` (`id`, `companyName`, `shortName`, `description`, `role`, `lcu_id`, `skillSet_id`) VALUES ('11085', 'Nupf', 'Cytaich', 'cfd5ffda-8c0f-44f1-af8d-eb762bcbd1f8', 'SeniorSoftwareEngineer', '3', '11085');
INSERT INTO `SkillSet` (`id`) VALUES ('11086');
INSERT INTO `SkillSet_skills` (`SkillSet_id`, `skills`) VALUES ('11086', 'Maven');
INSERT INTO `SkillSet_skills` (`SkillSet_id`, `skills`) VALUES ('11086', 'Architektur');
INSERT INTO `SkillSet_skills` (`SkillSet_id`, `skills`) VALUES ('11086', 'SQL');
INSERT INTO `SkillSet_skills` (`SkillSet_id`, `skills`) VALUES ('11086', 'Gradle');
INSERT INTO `Mission` (`id`, `companyName`, `shortName`, `description`, `role`, `lcu_id`, `skillSet_id`) VALUES ('11086', 'Aidip', 'Keik', '09b3026d-3e36-45a5-ac27-980da7d804e6', 'LeadEngineer', '3', '11086');
INSERT INTO `SkillSet` (`id`) VALUES ('11087');
INSERT INTO `SkillSet_skills` (`SkillSet_id`, `skills`) VALUES ('11087', 'Java');
INSERT INTO `SkillSet_skills` (`SkillSet_id`, `skills`) VALUES ('11087', 'Architektur');
INSERT INTO `SkillSet_skills` (`SkillSet_id`, `skills`) VALUES ('11087', 'UnitTesting');
INSERT INTO `SkillSet_skills` (`SkillSet_id`, `skills`) VALUES ('11087', 'UITesting');
INSERT INTO `Mission` (`id`, `companyName`, `shortName`, `description`, `role`, `lcu_id`, `skillSet_id`) VALUES ('11087', 'Seip', 'Am', 'd82004c8-1bd8-4b52-a997-ed15f6985a5c', 'SoftwareEngineer', '3', '11087');
INSERT INTO `SkillSet` (`id`) VALUES ('11088');
INSERT INTO `SkillSet_skills` (`SkillSet_id`, `skills`) VALUES ('11088', 'UnitTesting');
INSERT INTO `Mission` (`id`, `companyName`, `shortName`, `description`, `role`, `lcu_id`, `skillSet_id`) VALUES ('11088', 'Thoitjig', 'Lughoop', 'b1177075-ab4e-40de-8323-ecb60f5f8a4f', 'SeniorSoftwareEngineer', '3', '11088');
INSERT INTO `SkillSet` (`id`) VALUES ('11089');
INSERT INTO `SkillSet_skills` (`SkillSet_id`, `skills`) VALUES ('11089', 'DotNet');
INSERT INTO `SkillSet_skills` (`SkillSet_id`, `skills`) VALUES ('11089', 'SQL');
INSERT INTO `Mission` (`id`, `companyName`, `shortName`, `description`, `role`, `lcu_id`, `skillSet_id`) VALUES ('11089', 'Uth', 'Thoch', 'aa4c5e16-82ea-4595-b3a0-b92090634dd3', 'JuniorSoftwareEngineer', '3', '11089');
INSERT INTO `SkillSet` (`id`) VALUES ('11090');
INSERT INTO `SkillSet_skills` (`SkillSet_id`, `skills`) VALUES ('11090', 'DotNet');
INSERT INTO `SkillSet_skills` (`SkillSet_id`, `skills`) VALUES ('11090', 'Architektur');
INSERT INTO `SkillSet_skills` (`SkillSet_id`, `skills`) VALUES ('11090', 'SQL');
INSERT INTO `SkillSet_skills` (`SkillSet_id`, `skills`) VALUES ('11090', 'Architektur');
INSERT INTO `SkillSet_skills` (`SkillSet_id`, `skills`) VALUES ('11090', 'UITesting');
INSERT INTO `Mission` (`id`, `companyName`, `shortName`, `description`, `role`, `lcu_id`, `skillSet_id`) VALUES ('11090', 'Coochaid', 'Auv', '9d8c081a-d17f-4c18-842e-1844a5071c6f', 'PrincipalConsultant', '3', '11090');
INSERT INTO `SkillSet` (`id`) VALUES ('11091');
INSERT INTO `SkillSet_skills` (`SkillSet_id`, `skills`) VALUES ('11091', 'Maven');
INSERT INTO `SkillSet_skills` (`SkillSet_id`, `skills`) VALUES ('11091', 'UnitTesting');
INSERT INTO `SkillSet_skills` (`SkillSet_id`, `skills`) VALUES ('11091', 'UnitTesting');
INSERT INTO `SkillSet_skills` (`SkillSet_id`, `skills`) VALUES ('11091', 'Java');
INSERT INTO `Mission` (`id`, `companyName`, `shortName`, `description`, `role`, `lcu_id`, `skillSet_id`) VALUES ('11091', 'Vysauf', 'Hym', '55967317-f405-458b-aba0-3af10335e76e', 'SeniorSoftwareEngineer', '3', '11091');
INSERT INTO `SkillSet` (`id`) VALUES ('11092');
INSERT INTO `SkillSet_skills` (`SkillSet_id`, `skills`) VALUES ('11092', 'Ant');
INSERT INTO `SkillSet_skills` (`SkillSet_id`, `skills`) VALUES ('11092', 'Architektur');
INSERT INTO `Mission` (`id`, `companyName`, `shortName`, `description`, `role`, `lcu_id`, `skillSet_id`) VALUES ('11092', 'Ooth', 'Zjm', '9487fc61-9023-4605-a111-e9bf17ea264c', 'SoftwareEngineer', '3', '11092');
INSERT INTO `SkillSet` (`id`) VALUES ('11093');
INSERT INTO `SkillSet_skills` (`SkillSet_id`, `skills`) VALUES ('11093', 'UITesting');
INSERT INTO `SkillSet_skills` (`SkillSet_id`, `skills`) VALUES ('11093', 'Maven');
INSERT INTO `SkillSet_skills` (`SkillSet_id`, `skills`) VALUES ('11093', 'Ant');
INSERT INTO `SkillSet_skills` (`SkillSet_id`, `skills`) VALUES ('11093', 'Java');
INSERT INTO `SkillSet_skills` (`SkillSet_id`, `skills`) VALUES ('11093', 'Ant');
INSERT INTO `Mission` (`id`, `companyName`, `shortName`, `description`, `role`, `lcu_id`, `skillSet_id`) VALUES ('11093', 'Auchjist', 'Oikjk', '2f659405-60d5-4b9a-8ae1-8c90e527241b', 'LeadSoftwareArchitect', '3', '11093');
INSERT INTO `SkillSet` (`id`) VALUES ('11094');
INSERT INTO `SkillSet_skills` (`SkillSet_id`, `skills`) VALUES ('11094', 'Ant');
INSERT INTO `SkillSet_skills` (`SkillSet_id`, `skills`) VALUES ('11094', 'UnitTesting');
INSERT INTO `SkillSet_skills` (`SkillSet_id`, `skills`) VALUES ('11094', 'Ant');
INSERT INTO `Mission` (`id`, `companyName`, `shortName`, `description`, `role`, `lcu_id`, `skillSet_id`) VALUES ('11094', 'Flein', 'Jid', '6e0e24e9-b8cb-439f-9874-0dd070ff1385', 'LeadEngineer', '3', '11094');
INSERT INTO `SkillSet` (`id`) VALUES ('11095');
INSERT INTO `SkillSet_skills` (`SkillSet_id`, `skills`) VALUES ('11095', 'SQL');
INSERT INTO `SkillSet_skills` (`SkillSet_id`, `skills`) VALUES ('11095', 'Ant');
INSERT INTO `Mission` (`id`, `companyName`, `shortName`, `description`, `role`, `lcu_id`, `skillSet_id`) VALUES ('11095', 'Jneid', 'Oofytt', 'db0645e7-ef87-415d-9b11-3d0759842850', 'SeniorSoftwareEngineer', '3', '11095');
INSERT INTO `SkillSet` (`id`) VALUES ('11096');
INSERT INTO `SkillSet_skills` (`SkillSet_id`, `skills`) VALUES ('11096', 'Java');
INSERT INTO `SkillSet_skills` (`SkillSet_id`, `skills`) VALUES ('11096', 'Java');
INSERT INTO `SkillSet_skills` (`SkillSet_id`, `skills`) VALUES ('11096', 'SQL');
INSERT INTO `SkillSet_skills` (`SkillSet_id`, `skills`) VALUES ('11096', 'DotNet');
INSERT INTO `SkillSet_skills` (`SkillSet_id`, `skills`) VALUES ('11096', 'SQL');
INSERT INTO `Mission` (`id`, `companyName`, `shortName`, `description`, `role`, `lcu_id`, `skillSet_id`) VALUES ('11096', 'Wjp', 'Aizouf', 'f8e8b64a-8f7c-46c9-b9a8-dccf835892b6', 'PrincipalConsultant', '3', '11096');
INSERT INTO `SkillSet` (`id`) VALUES ('11097');
INSERT INTO `SkillSet_skills` (`SkillSet_id`, `skills`) VALUES ('11097', 'SQL');
INSERT INTO `SkillSet_skills` (`SkillSet_id`, `skills`) VALUES ('11097', 'Ant');
INSERT INTO `SkillSet_skills` (`SkillSet_id`, `skills`) VALUES ('11097', 'Ant');
INSERT INTO `SkillSet_skills` (`SkillSet_id`, `skills`) VALUES ('11097', 'Maven');
INSERT INTO `SkillSet_skills` (`SkillSet_id`, `skills`) VALUES ('11097', 'UnitTesting');
INSERT INTO `Mission` (`id`, `companyName`, `shortName`, `description`, `role`, `lcu_id`, `skillSet_id`) VALUES ('11097', 'Bleist', 'Wuss', '54fed492-a667-401b-a2d1-53b0cafc8339', 'PrincipalConsultant', '3', '11097');
INSERT INTO `SkillSet` (`id`) VALUES ('11098');
INSERT INTO `SkillSet_skills` (`SkillSet_id`, `skills`) VALUES ('11098', 'Maven');
INSERT INTO `SkillSet_skills` (`SkillSet_id`, `skills`) VALUES ('11098', 'Maven');
INSERT INTO `Mission` (`id`, `companyName`, `shortName`, `description`, `role`, `lcu_id`, `skillSet_id`) VALUES ('11098', 'Oim', 'Oodiw', 'cc0857da-14bf-40c9-82a2-db87829ebcd6', 'JuniorSoftwareEngineer', '3', '11098');
INSERT INTO `SkillSet` (`id`) VALUES ('11099');
INSERT INTO `SkillSet_skills` (`SkillSet_id`, `skills`) VALUES ('11099', 'Ant');
INSERT INTO `SkillSet_skills` (`SkillSet_id`, `skills`) VALUES ('11099', 'DotNet');
INSERT INTO `Mission` (`id`, `companyName`, `shortName`, `description`, `role`, `lcu_id`, `skillSet_id`) VALUES ('11099', 'Ootyt', 'Ithaush', '7a9f7182-b6f0-405b-9cd8-d94aa694634f', 'LeadEngineer', '3', '11099');
