// Hero Frank
INSERT INTO `SkillSet` (`id`) VALUES ('931');
INSERT INTO `SkillSet_skills` (`SkillSet_id`, `skills`) VALUES ('931', 'Java');
INSERT INTO `SkillSet_skills` (`SkillSet_id`, `skills`) VALUES ('931', 'Ant');
INSERT INTO `SkillSet_skills` (`SkillSet_id`, `skills`) VALUES ('931', 'Architektur');
INSERT INTO `SkillSet_skills` (`SkillSet_id`, `skills`) VALUES ('931', 'UnitTesting');
INSERT INTO `SkillSet_skills` (`SkillSet_id`, `skills`) VALUES ('931', 'UITesting');
INSERT INTO `Hero` (`id`, `firstName`, `lastName`, `role`, `skillSet_id`) VALUES ('931', 'Frank', 'Beeh', 'PrincipalConsultant', '931');

// Hero Florian
INSERT INTO `SkillSet` (`id`) VALUES ('100');
INSERT INTO `SkillSet_skills` (`SkillSet_id`, `skills`) VALUES ('100', 'Java');
INSERT INTO `SkillSet_skills` (`SkillSet_id`, `skills`) VALUES ('100', 'Gradle');
INSERT INTO `SkillSet_skills` (`SkillSet_id`, `skills`) VALUES ('100', 'Ant');
INSERT INTO `SkillSet_skills` (`SkillSet_id`, `skills`) VALUES ('100', 'UnitTesting');
INSERT INTO `SkillSet_skills` (`SkillSet_id`, `skills`) VALUES ('100', 'SQL');
INSERT INTO `Hero` (`id`, `firstName`, `lastName`, `role`, `skillSet_id`) VALUES ('100', 'Florian', 'Besser', 'JuniorSoftwareEngineer', '100');

//Missions
INSERT INTO `SkillSet` (`id`) VALUES ('10001');
INSERT INTO `SkillSet_skills` (`SkillSet_id`, `skills`) VALUES ('10001', 'Java');
INSERT INTO `SkillSet_skills` (`SkillSet_id`, `skills`) VALUES ('10001', 'Ant');
INSERT INTO `SkillSet_skills` (`SkillSet_id`, `skills`) VALUES ('10001', 'UnitTesting');
INSERT INTO `SkillSet_skills` (`SkillSet_id`, `skills`) VALUES ('10001', 'SQL');
INSERT INTO `Mission` (`id`, `companyName`, `name`, `role`, `skillSet_id`) VALUES ('10001', 'Swisscom', 'Junior Java Developer', 'JuniorSoftwareEngineer', '10001');

INSERT INTO `SkillSet` (`id`) VALUES ('10002');
INSERT INTO `SkillSet_skills` (`SkillSet_id`, `skills`) VALUES ('10002', 'Java');
INSERT INTO `SkillSet_skills` (`SkillSet_id`, `skills`) VALUES ('10002', 'Ant');
INSERT INTO `SkillSet_skills` (`SkillSet_id`, `skills`) VALUES ('10002', 'Architektur');
INSERT INTO `SkillSet_skills` (`SkillSet_id`, `skills`) VALUES ('10002', 'UnitTesting');
INSERT INTO `SkillSet_skills` (`SkillSet_id`, `skills`) VALUES ('10002', 'UITesting');
INSERT INTO `SkillSet_skills` (`SkillSet_id`, `skills`) VALUES ('10002', 'SQL');
INSERT INTO `Mission` (`id`, `companyName`, `name`, `role`, `skillSet_id`) VALUES ('10002', 'Swisscom', 'Java Architect', 'LeadSoftwareArchitect', '10002');

INSERT INTO `SkillSet` (`id`) VALUES ('1000');
INSERT INTO `SkillSet_skills` (`SkillSet_id`, `skills`) VALUES ('1000', 'UnitTesting');
INSERT INTO `SkillSet_skills` (`SkillSet_id`, `skills`) VALUES ('1000', 'UnitTesting');
INSERT INTO `SkillSet_skills` (`SkillSet_id`, `skills`) VALUES ('1000', 'Maven');
INSERT INTO `SkillSet_skills` (`SkillSet_id`, `skills`) VALUES ('1000', 'UITesting');
INSERT INTO `SkillSet_skills` (`SkillSet_id`, `skills`) VALUES ('1000', 'Ant');
INSERT INTO `Hero` (`id`, `firstName`, `lastName`, `role`, `skillSet_id`) VALUES ('1000', '0e092a92-725a-4ff3-be9d-b57f3730f275', '8f94e692-e328-4ff4-acc3-cfa90126cef5', 'LeadSoftwareArchitect', '1000');
INSERT INTO `SkillSet` (`id`) VALUES ('1001');
INSERT INTO `SkillSet_skills` (`SkillSet_id`, `skills`) VALUES ('1001', 'Java');
INSERT INTO `SkillSet_skills` (`SkillSet_id`, `skills`) VALUES ('1001', 'Ant');
INSERT INTO `SkillSet_skills` (`SkillSet_id`, `skills`) VALUES ('1001', 'dotNet');
INSERT INTO `SkillSet_skills` (`SkillSet_id`, `skills`) VALUES ('1001', 'UITesting');
INSERT INTO `SkillSet_skills` (`SkillSet_id`, `skills`) VALUES ('1001', 'SQL');
INSERT INTO `Hero` (`id`, `firstName`, `lastName`, `role`, `skillSet_id`) VALUES ('1001', '492eef89-d36a-47f3-8b12-35b07be23ef9', '3ed50ba9-1166-48be-9d56-3fbb988d76f9', 'SoftwareEngineer', '1001');
INSERT INTO `SkillSet` (`id`) VALUES ('1002');
INSERT INTO `SkillSet_skills` (`SkillSet_id`, `skills`) VALUES ('1002', 'UITesting');
INSERT INTO `SkillSet_skills` (`SkillSet_id`, `skills`) VALUES ('1002', 'Gradle');
INSERT INTO `SkillSet_skills` (`SkillSet_id`, `skills`) VALUES ('1002', 'UnitTesting');
INSERT INTO `SkillSet_skills` (`SkillSet_id`, `skills`) VALUES ('1002', 'Gradle');
INSERT INTO `Hero` (`id`, `firstName`, `lastName`, `role`, `skillSet_id`) VALUES ('1002', 'e337a022-79a6-4d0b-ae17-27814cd637ff', '75991dda-1017-43a1-a765-608a4dd2d825', 'LeadSoftwareArchitect', '1002');
INSERT INTO `SkillSet` (`id`) VALUES ('1003');
INSERT INTO `SkillSet_skills` (`SkillSet_id`, `skills`) VALUES ('1003', 'Gradle');
INSERT INTO `SkillSet_skills` (`SkillSet_id`, `skills`) VALUES ('1003', 'UITesting');
INSERT INTO `SkillSet_skills` (`SkillSet_id`, `skills`) VALUES ('1003', 'UITesting');
INSERT INTO `Hero` (`id`, `firstName`, `lastName`, `role`, `skillSet_id`) VALUES ('1003', '26af2549-98bb-43a2-97a9-eee050213384', 'bc41d7dc-b3e4-4bf1-a7fb-51acd028652f', 'LeadEngineer', '1003');
INSERT INTO `SkillSet` (`id`) VALUES ('1004');
INSERT INTO `SkillSet_skills` (`SkillSet_id`, `skills`) VALUES ('1004', 'Maven');
INSERT INTO `SkillSet_skills` (`SkillSet_id`, `skills`) VALUES ('1004', 'UnitTesting');
INSERT INTO `Hero` (`id`, `firstName`, `lastName`, `role`, `skillSet_id`) VALUES ('1004', 'e336ded0-7047-4b13-b0de-da59a2f9b9dd', '46d84ce9-0cd6-489f-9585-65b0d24015af', 'LeadSoftwareArchitect', '1004');
INSERT INTO `SkillSet` (`id`) VALUES ('1005');
INSERT INTO `SkillSet_skills` (`SkillSet_id`, `skills`) VALUES ('1005', 'Java');
INSERT INTO `Hero` (`id`, `firstName`, `lastName`, `role`, `skillSet_id`) VALUES ('1005', '0ab3c596-7f56-44af-821f-d7d769e7354d', 'ee7daa24-e7da-4e0e-a47c-65858c48d08d', 'LeadSoftwareArchitect', '1005');
INSERT INTO `SkillSet` (`id`) VALUES ('1006');
INSERT INTO `SkillSet_skills` (`SkillSet_id`, `skills`) VALUES ('1006', 'Maven');
INSERT INTO `SkillSet_skills` (`SkillSet_id`, `skills`) VALUES ('1006', 'UnitTesting');
INSERT INTO `Hero` (`id`, `firstName`, `lastName`, `role`, `skillSet_id`) VALUES ('1006', '1e12dda2-5c93-42b8-b06e-ec4655024d52', '4186473b-5483-4126-8867-c5fef9d535f1', 'SoftwareEngineer', '1006');
INSERT INTO `SkillSet` (`id`) VALUES ('1007');
INSERT INTO `SkillSet_skills` (`SkillSet_id`, `skills`) VALUES ('1007', 'Architektur');
INSERT INTO `SkillSet_skills` (`SkillSet_id`, `skills`) VALUES ('1007', 'dotNet');
INSERT INTO `SkillSet_skills` (`SkillSet_id`, `skills`) VALUES ('1007', 'UnitTesting');
INSERT INTO `SkillSet_skills` (`SkillSet_id`, `skills`) VALUES ('1007', 'dotNet');
INSERT INTO `Hero` (`id`, `firstName`, `lastName`, `role`, `skillSet_id`) VALUES ('1007', '4ad8043f-de92-4692-9899-f3de8263a844', 'a8179a26-0aa5-46a9-9349-87d29d05ac82', 'PrincipalConsultant', '1007');
INSERT INTO `SkillSet` (`id`) VALUES ('1008');
INSERT INTO `SkillSet_skills` (`SkillSet_id`, `skills`) VALUES ('1008', 'UITesting');
INSERT INTO `SkillSet_skills` (`SkillSet_id`, `skills`) VALUES ('1008', 'Architektur');
INSERT INTO `SkillSet_skills` (`SkillSet_id`, `skills`) VALUES ('1008', 'Maven');
INSERT INTO `Hero` (`id`, `firstName`, `lastName`, `role`, `skillSet_id`) VALUES ('1008', '934f6403-10cb-452f-80c7-8c78fbf6f5b1', '01fe5e0d-d35e-40fe-af2a-243ca5e4446a', 'SoftwareEngineer', '1008');
INSERT INTO `SkillSet` (`id`) VALUES ('1009');
INSERT INTO `SkillSet_skills` (`SkillSet_id`, `skills`) VALUES ('1009', 'Gradle');
INSERT INTO `Hero` (`id`, `firstName`, `lastName`, `role`, `skillSet_id`) VALUES ('1009', 'caa900ae-0478-4a95-ae1e-efe3da01699a', 'bd559759-5608-42dd-a7f7-ef2b20e321c8', 'SeniorSoftwareEngineer', '1009');
INSERT INTO `SkillSet` (`id`) VALUES ('1010');
INSERT INTO `SkillSet_skills` (`SkillSet_id`, `skills`) VALUES ('1010', 'UnitTesting');
INSERT INTO `SkillSet_skills` (`SkillSet_id`, `skills`) VALUES ('1010', 'Ant');
INSERT INTO `Hero` (`id`, `firstName`, `lastName`, `role`, `skillSet_id`) VALUES ('1010', '227cf012-278e-4667-9c9e-63057d1a8be6', '214355e5-1cfc-455e-8aa3-37504b67781a', 'SeniorSoftwareEngineer', '1010');
INSERT INTO `SkillSet` (`id`) VALUES ('1011');
INSERT INTO `SkillSet_skills` (`SkillSet_id`, `skills`) VALUES ('1011', 'UITesting');
INSERT INTO `SkillSet_skills` (`SkillSet_id`, `skills`) VALUES ('1011', 'UnitTesting');
INSERT INTO `SkillSet_skills` (`SkillSet_id`, `skills`) VALUES ('1011', 'Gradle');
INSERT INTO `SkillSet_skills` (`SkillSet_id`, `skills`) VALUES ('1011', 'Gradle');
INSERT INTO `Hero` (`id`, `firstName`, `lastName`, `role`, `skillSet_id`) VALUES ('1011', '1ec0008a-d4ec-40d3-8e46-7fd89f4197d4', '3b142b27-9be5-4d5f-88ee-f668fe071eb6', 'SoftwareEngineer', '1011');
INSERT INTO `SkillSet` (`id`) VALUES ('1012');
INSERT INTO `SkillSet_skills` (`SkillSet_id`, `skills`) VALUES ('1012', 'Gradle');
INSERT INTO `SkillSet_skills` (`SkillSet_id`, `skills`) VALUES ('1012', 'Ant');
INSERT INTO `Hero` (`id`, `firstName`, `lastName`, `role`, `skillSet_id`) VALUES ('1012', '01961aad-2df8-4c1e-9f9e-d78a1d2ed4a4', '26ff842b-fc79-482e-8ffb-e91a1a9c6999', 'JuniorSoftwareEngineer', '1012');
INSERT INTO `SkillSet` (`id`) VALUES ('1013');
INSERT INTO `SkillSet_skills` (`SkillSet_id`, `skills`) VALUES ('1013', 'Maven');
INSERT INTO `SkillSet_skills` (`SkillSet_id`, `skills`) VALUES ('1013', 'UITesting');
INSERT INTO `SkillSet_skills` (`SkillSet_id`, `skills`) VALUES ('1013', 'Architektur');
INSERT INTO `SkillSet_skills` (`SkillSet_id`, `skills`) VALUES ('1013', 'Ant');
INSERT INTO `Hero` (`id`, `firstName`, `lastName`, `role`, `skillSet_id`) VALUES ('1013', '29882966-84fc-4a51-a023-f1e66ff1a3e3', '6bdc721d-a949-4e81-82bc-87c417937713', 'SoftwareEngineer', '1013');
INSERT INTO `SkillSet` (`id`) VALUES ('1014');
INSERT INTO `SkillSet_skills` (`SkillSet_id`, `skills`) VALUES ('1014', 'Architektur');
INSERT INTO `SkillSet_skills` (`SkillSet_id`, `skills`) VALUES ('1014', 'Gradle');
INSERT INTO `SkillSet_skills` (`SkillSet_id`, `skills`) VALUES ('1014', 'UnitTesting');
INSERT INTO `SkillSet_skills` (`SkillSet_id`, `skills`) VALUES ('1014', 'Ant');
INSERT INTO `SkillSet_skills` (`SkillSet_id`, `skills`) VALUES ('1014', 'Architektur');
INSERT INTO `Hero` (`id`, `firstName`, `lastName`, `role`, `skillSet_id`) VALUES ('1014', 'ab1286af-def4-4352-9d24-54fca15ab9a7', '938de81f-9462-4e6c-a941-46d59306142b', 'PrincipalConsultant', '1014');
INSERT INTO `SkillSet` (`id`) VALUES ('1015');
INSERT INTO `SkillSet_skills` (`SkillSet_id`, `skills`) VALUES ('1015', 'Architektur');
INSERT INTO `SkillSet_skills` (`SkillSet_id`, `skills`) VALUES ('1015', 'Java');
INSERT INTO `SkillSet_skills` (`SkillSet_id`, `skills`) VALUES ('1015', 'Architektur');
INSERT INTO `Hero` (`id`, `firstName`, `lastName`, `role`, `skillSet_id`) VALUES ('1015', 'c81cdeb0-d282-441e-922d-79fdca0a83ff', '193e4545-23b0-4474-a109-c40a28fda1b4', 'SoftwareEngineer', '1015');
INSERT INTO `SkillSet` (`id`) VALUES ('1016');
INSERT INTO `SkillSet_skills` (`SkillSet_id`, `skills`) VALUES ('1016', 'SQL');
INSERT INTO `Hero` (`id`, `firstName`, `lastName`, `role`, `skillSet_id`) VALUES ('1016', 'aa3cd3a6-0652-4ef6-a023-508f55c38c61', '2f0ed28d-cc9b-43d8-8760-6a2de1fbb988', 'JuniorSoftwareEngineer', '1016');
INSERT INTO `SkillSet` (`id`) VALUES ('1017');
INSERT INTO `SkillSet_skills` (`SkillSet_id`, `skills`) VALUES ('1017', 'Maven');
INSERT INTO `SkillSet_skills` (`SkillSet_id`, `skills`) VALUES ('1017', 'dotNet');
INSERT INTO `SkillSet_skills` (`SkillSet_id`, `skills`) VALUES ('1017', 'dotNet');
INSERT INTO `SkillSet_skills` (`SkillSet_id`, `skills`) VALUES ('1017', 'Gradle');
INSERT INTO `Hero` (`id`, `firstName`, `lastName`, `role`, `skillSet_id`) VALUES ('1017', '2dd9cce5-bd7f-4fa9-8345-0f684d554155', '5256c1be-fad5-42fb-a177-5c2aec471964', 'SeniorSoftwareEngineer', '1017');
INSERT INTO `SkillSet` (`id`) VALUES ('1018');
INSERT INTO `SkillSet_skills` (`SkillSet_id`, `skills`) VALUES ('1018', 'SQL');
INSERT INTO `SkillSet_skills` (`SkillSet_id`, `skills`) VALUES ('1018', 'Ant');
INSERT INTO `Hero` (`id`, `firstName`, `lastName`, `role`, `skillSet_id`) VALUES ('1018', 'e3bbb814-909d-499d-884e-cac968ce9e3c', '846619a4-85b1-4d15-8aa2-71cd22975f9c', 'SeniorSoftwareEngineer', '1018');
INSERT INTO `SkillSet` (`id`) VALUES ('1019');
INSERT INTO `SkillSet_skills` (`SkillSet_id`, `skills`) VALUES ('1019', 'Ant');
INSERT INTO `SkillSet_skills` (`SkillSet_id`, `skills`) VALUES ('1019', 'SQL');
INSERT INTO `Hero` (`id`, `firstName`, `lastName`, `role`, `skillSet_id`) VALUES ('1019', '9023c7b7-1153-460c-a767-3b0b4572dfc0', '1e8b10ef-c0a4-4b08-88f0-2c1d7df31589', 'LeadEngineer', '1019');
INSERT INTO `SkillSet` (`id`) VALUES ('1020');
INSERT INTO `SkillSet_skills` (`SkillSet_id`, `skills`) VALUES ('1020', 'Architektur');
INSERT INTO `SkillSet_skills` (`SkillSet_id`, `skills`) VALUES ('1020', 'SQL');
INSERT INTO `SkillSet_skills` (`SkillSet_id`, `skills`) VALUES ('1020', 'Gradle');
INSERT INTO `SkillSet_skills` (`SkillSet_id`, `skills`) VALUES ('1020', 'Maven');
INSERT INTO `SkillSet_skills` (`SkillSet_id`, `skills`) VALUES ('1020', 'UnitTesting');
INSERT INTO `Hero` (`id`, `firstName`, `lastName`, `role`, `skillSet_id`) VALUES ('1020', '6e16eb8e-555b-47eb-8634-561853bc8c54', '5147a3b2-d2dd-4748-8c06-201c3066d5a3', 'LeadSoftwareArchitect', '1020');
INSERT INTO `SkillSet` (`id`) VALUES ('1021');
INSERT INTO `SkillSet_skills` (`SkillSet_id`, `skills`) VALUES ('1021', 'Maven');
INSERT INTO `SkillSet_skills` (`SkillSet_id`, `skills`) VALUES ('1021', 'Architektur');
INSERT INTO `Hero` (`id`, `firstName`, `lastName`, `role`, `skillSet_id`) VALUES ('1021', '265ce0cc-f3d1-4268-b421-523c8bac1835', 'c21d75b1-21dd-474c-ab9b-712c1638499d', 'LeadEngineer', '1021');
INSERT INTO `SkillSet` (`id`) VALUES ('1022');
INSERT INTO `SkillSet_skills` (`SkillSet_id`, `skills`) VALUES ('1022', 'dotNet');
INSERT INTO `SkillSet_skills` (`SkillSet_id`, `skills`) VALUES ('1022', 'Ant');
INSERT INTO `SkillSet_skills` (`SkillSet_id`, `skills`) VALUES ('1022', 'dotNet');
INSERT INTO `SkillSet_skills` (`SkillSet_id`, `skills`) VALUES ('1022', 'Ant');
INSERT INTO `SkillSet_skills` (`SkillSet_id`, `skills`) VALUES ('1022', 'dotNet');
INSERT INTO `Hero` (`id`, `firstName`, `lastName`, `role`, `skillSet_id`) VALUES ('1022', 'c80f84b5-1a02-46e5-b832-2eb1bb5b7145', 'd1261a37-c840-4d87-aa53-1b527ba9b78c', 'LeadSoftwareArchitect', '1022');
INSERT INTO `SkillSet` (`id`) VALUES ('1023');
INSERT INTO `SkillSet_skills` (`SkillSet_id`, `skills`) VALUES ('1023', 'Java');
INSERT INTO `SkillSet_skills` (`SkillSet_id`, `skills`) VALUES ('1023', 'UnitTesting');
INSERT INTO `SkillSet_skills` (`SkillSet_id`, `skills`) VALUES ('1023', 'UITesting');
INSERT INTO `Hero` (`id`, `firstName`, `lastName`, `role`, `skillSet_id`) VALUES ('1023', 'bf02f437-49a9-4cde-bb7c-03ad9c43255b', 'be60371c-3b02-414e-92aa-f61ce39e46ed', 'PrincipalConsultant', '1023');
INSERT INTO `SkillSet` (`id`) VALUES ('1024');
INSERT INTO `SkillSet_skills` (`SkillSet_id`, `skills`) VALUES ('1024', 'UITesting');
INSERT INTO `SkillSet_skills` (`SkillSet_id`, `skills`) VALUES ('1024', 'Ant');
INSERT INTO `SkillSet_skills` (`SkillSet_id`, `skills`) VALUES ('1024', 'Java');
INSERT INTO `SkillSet_skills` (`SkillSet_id`, `skills`) VALUES ('1024', 'Ant');
INSERT INTO `Hero` (`id`, `firstName`, `lastName`, `role`, `skillSet_id`) VALUES ('1024', '45a0f4d4-530e-4843-950c-9e807776ca8f', '5d1f7c22-5514-4ed1-ad24-6b63a124f9ad', 'PrincipalConsultant', '1024');
INSERT INTO `SkillSet` (`id`) VALUES ('1025');
INSERT INTO `SkillSet_skills` (`SkillSet_id`, `skills`) VALUES ('1025', 'UnitTesting');
INSERT INTO `SkillSet_skills` (`SkillSet_id`, `skills`) VALUES ('1025', 'dotNet');
INSERT INTO `SkillSet_skills` (`SkillSet_id`, `skills`) VALUES ('1025', 'UITesting');
INSERT INTO `SkillSet_skills` (`SkillSet_id`, `skills`) VALUES ('1025', 'Maven');
INSERT INTO `SkillSet_skills` (`SkillSet_id`, `skills`) VALUES ('1025', 'Architektur');
INSERT INTO `Hero` (`id`, `firstName`, `lastName`, `role`, `skillSet_id`) VALUES ('1025', '2596c5b2-25db-47e6-b7a0-b96b157a876c', '39fa6027-2ee5-4334-8747-714ec8475bb8', 'LeadSoftwareArchitect', '1025');
INSERT INTO `SkillSet` (`id`) VALUES ('1026');
INSERT INTO `SkillSet_skills` (`SkillSet_id`, `skills`) VALUES ('1026', 'Gradle');
INSERT INTO `SkillSet_skills` (`SkillSet_id`, `skills`) VALUES ('1026', 'Java');
INSERT INTO `SkillSet_skills` (`SkillSet_id`, `skills`) VALUES ('1026', 'Maven');
INSERT INTO `SkillSet_skills` (`SkillSet_id`, `skills`) VALUES ('1026', 'SQL');
INSERT INTO `Hero` (`id`, `firstName`, `lastName`, `role`, `skillSet_id`) VALUES ('1026', '93790439-7880-4971-bc23-2f2638a93fb0', 'e36f8eee-c1f0-433e-847c-7d565d771491', 'LeadEngineer', '1026');
INSERT INTO `SkillSet` (`id`) VALUES ('1027');
INSERT INTO `SkillSet_skills` (`SkillSet_id`, `skills`) VALUES ('1027', 'Architektur');
INSERT INTO `Hero` (`id`, `firstName`, `lastName`, `role`, `skillSet_id`) VALUES ('1027', 'd22c36c2-a3ef-4289-a768-a59ebe400915', 'fe94e5fd-bf78-4810-99da-6d55f13f4c59', 'LeadEngineer', '1027');
INSERT INTO `SkillSet` (`id`) VALUES ('1028');
INSERT INTO `SkillSet_skills` (`SkillSet_id`, `skills`) VALUES ('1028', 'dotNet');
INSERT INTO `SkillSet_skills` (`SkillSet_id`, `skills`) VALUES ('1028', 'Maven');
INSERT INTO `Hero` (`id`, `firstName`, `lastName`, `role`, `skillSet_id`) VALUES ('1028', '69d29234-1a71-4873-a75b-6534aaf33437', 'a5ba9296-3688-46f1-bb3c-40dbe2c05225', 'SeniorSoftwareEngineer', '1028');
INSERT INTO `SkillSet` (`id`) VALUES ('1029');
INSERT INTO `SkillSet_skills` (`SkillSet_id`, `skills`) VALUES ('1029', 'Java');
INSERT INTO `SkillSet_skills` (`SkillSet_id`, `skills`) VALUES ('1029', 'Java');
INSERT INTO `SkillSet_skills` (`SkillSet_id`, `skills`) VALUES ('1029', 'Maven');
INSERT INTO `SkillSet_skills` (`SkillSet_id`, `skills`) VALUES ('1029', 'Architektur');
INSERT INTO `Hero` (`id`, `firstName`, `lastName`, `role`, `skillSet_id`) VALUES ('1029', 'e772d306-1c83-471b-aa62-da93ac3c5afb', 'd4706380-b04d-409f-b618-f6dcac23b9cd', 'PrincipalConsultant', '1029');
INSERT INTO `SkillSet` (`id`) VALUES ('1030');
INSERT INTO `SkillSet_skills` (`SkillSet_id`, `skills`) VALUES ('1030', 'SQL');
INSERT INTO `Hero` (`id`, `firstName`, `lastName`, `role`, `skillSet_id`) VALUES ('1030', 'ae42d9bd-ea2d-4011-ae3e-1fbdfa117b1c', '73507326-22f5-4103-9269-bb95ec367c01', 'PrincipalConsultant', '1030');
INSERT INTO `SkillSet` (`id`) VALUES ('1031');
INSERT INTO `SkillSet_skills` (`SkillSet_id`, `skills`) VALUES ('1031', 'UnitTesting');
INSERT INTO `SkillSet_skills` (`SkillSet_id`, `skills`) VALUES ('1031', 'Architektur');
INSERT INTO `SkillSet_skills` (`SkillSet_id`, `skills`) VALUES ('1031', 'Maven');
INSERT INTO `SkillSet_skills` (`SkillSet_id`, `skills`) VALUES ('1031', 'Ant');
INSERT INTO `Hero` (`id`, `firstName`, `lastName`, `role`, `skillSet_id`) VALUES ('1031', '0b5bbac0-12dc-4d56-bd7f-004dba592091', 'ec077f8b-cbca-44bd-ae21-4c3e22fba1de', 'LeadSoftwareArchitect', '1031');
INSERT INTO `SkillSet` (`id`) VALUES ('1032');
INSERT INTO `SkillSet_skills` (`SkillSet_id`, `skills`) VALUES ('1032', 'Java');
INSERT INTO `SkillSet_skills` (`SkillSet_id`, `skills`) VALUES ('1032', 'UnitTesting');
INSERT INTO `SkillSet_skills` (`SkillSet_id`, `skills`) VALUES ('1032', 'SQL');
INSERT INTO `SkillSet_skills` (`SkillSet_id`, `skills`) VALUES ('1032', 'Maven');
INSERT INTO `SkillSet_skills` (`SkillSet_id`, `skills`) VALUES ('1032', 'Architektur');
INSERT INTO `Hero` (`id`, `firstName`, `lastName`, `role`, `skillSet_id`) VALUES ('1032', '693c6287-a874-479e-8a40-c8e248d78ec7', 'ca7fa2b6-93c7-4e63-8fcb-291dd5fc4536', 'LeadEngineer', '1032');
INSERT INTO `SkillSet` (`id`) VALUES ('1033');
INSERT INTO `SkillSet_skills` (`SkillSet_id`, `skills`) VALUES ('1033', 'Java');
INSERT INTO `Hero` (`id`, `firstName`, `lastName`, `role`, `skillSet_id`) VALUES ('1033', 'f4a52e33-ab36-4d6b-94d9-79d97c48806a', 'c989bfad-62f1-41c9-8f6e-e24ff079de69', 'SoftwareEngineer', '1033');
INSERT INTO `SkillSet` (`id`) VALUES ('1034');
INSERT INTO `SkillSet_skills` (`SkillSet_id`, `skills`) VALUES ('1034', 'SQL');
INSERT INTO `SkillSet_skills` (`SkillSet_id`, `skills`) VALUES ('1034', 'Architektur');
INSERT INTO `SkillSet_skills` (`SkillSet_id`, `skills`) VALUES ('1034', 'Architektur');
INSERT INTO `Hero` (`id`, `firstName`, `lastName`, `role`, `skillSet_id`) VALUES ('1034', '624ad983-061d-4329-b410-cb351afdbcd0', '8c01e465-da75-4fee-ac74-ba12815c1e7d', 'LeadEngineer', '1034');
INSERT INTO `SkillSet` (`id`) VALUES ('1035');
INSERT INTO `SkillSet_skills` (`SkillSet_id`, `skills`) VALUES ('1035', 'Java');
INSERT INTO `SkillSet_skills` (`SkillSet_id`, `skills`) VALUES ('1035', 'Gradle');
INSERT INTO `SkillSet_skills` (`SkillSet_id`, `skills`) VALUES ('1035', 'Java');
INSERT INTO `SkillSet_skills` (`SkillSet_id`, `skills`) VALUES ('1035', 'UnitTesting');
INSERT INTO `Hero` (`id`, `firstName`, `lastName`, `role`, `skillSet_id`) VALUES ('1035', 'dda080c4-6c27-4b0a-a741-02049569daa7', 'e840bcdd-e90d-4dd1-be6e-d0bc540ee53f', 'JuniorSoftwareEngineer', '1035');
INSERT INTO `SkillSet` (`id`) VALUES ('1036');
INSERT INTO `SkillSet_skills` (`SkillSet_id`, `skills`) VALUES ('1036', 'UnitTesting');
INSERT INTO `SkillSet_skills` (`SkillSet_id`, `skills`) VALUES ('1036', 'dotNet');
INSERT INTO `SkillSet_skills` (`SkillSet_id`, `skills`) VALUES ('1036', 'UnitTesting');
INSERT INTO `SkillSet_skills` (`SkillSet_id`, `skills`) VALUES ('1036', 'dotNet');
INSERT INTO `SkillSet_skills` (`SkillSet_id`, `skills`) VALUES ('1036', 'UnitTesting');
INSERT INTO `Hero` (`id`, `firstName`, `lastName`, `role`, `skillSet_id`) VALUES ('1036', 'f1fa7875-e70c-4278-8056-048afeecd895', 'bcacb9bb-93e5-4acb-94c0-3edb5ffc84a8', 'PrincipalConsultant', '1036');
INSERT INTO `SkillSet` (`id`) VALUES ('1037');
INSERT INTO `SkillSet_skills` (`SkillSet_id`, `skills`) VALUES ('1037', 'Ant');
INSERT INTO `SkillSet_skills` (`SkillSet_id`, `skills`) VALUES ('1037', 'SQL');
INSERT INTO `Hero` (`id`, `firstName`, `lastName`, `role`, `skillSet_id`) VALUES ('1037', 'd761b448-0ea0-45d6-aad6-c994e22c451b', 'b2a246ea-81da-48ba-b3d5-a54fb80db8fd', 'SeniorSoftwareEngineer', '1037');
INSERT INTO `SkillSet` (`id`) VALUES ('1038');
INSERT INTO `SkillSet_skills` (`SkillSet_id`, `skills`) VALUES ('1038', 'Architektur');
INSERT INTO `SkillSet_skills` (`SkillSet_id`, `skills`) VALUES ('1038', 'Architektur');
INSERT INTO `SkillSet_skills` (`SkillSet_id`, `skills`) VALUES ('1038', 'Java');
INSERT INTO `SkillSet_skills` (`SkillSet_id`, `skills`) VALUES ('1038', 'SQL');
INSERT INTO `Hero` (`id`, `firstName`, `lastName`, `role`, `skillSet_id`) VALUES ('1038', '10837952-3bce-4004-bf2b-25ad6794e4ec', '7654524d-c92d-4c6e-a753-d3e93e985dc2', 'JuniorSoftwareEngineer', '1038');
INSERT INTO `SkillSet` (`id`) VALUES ('1039');
INSERT INTO `SkillSet_skills` (`SkillSet_id`, `skills`) VALUES ('1039', 'Java');
INSERT INTO `SkillSet_skills` (`SkillSet_id`, `skills`) VALUES ('1039', 'Gradle');
INSERT INTO `SkillSet_skills` (`SkillSet_id`, `skills`) VALUES ('1039', 'UnitTesting');
INSERT INTO `SkillSet_skills` (`SkillSet_id`, `skills`) VALUES ('1039', 'UnitTesting');
INSERT INTO `SkillSet_skills` (`SkillSet_id`, `skills`) VALUES ('1039', 'dotNet');
INSERT INTO `Hero` (`id`, `firstName`, `lastName`, `role`, `skillSet_id`) VALUES ('1039', '9e18dcde-dae9-48fd-99c8-91e7c18d5d59', 'ad7bdde8-14d8-4c49-af92-56f245648a19', 'SoftwareEngineer', '1039');
INSERT INTO `SkillSet` (`id`) VALUES ('1040');
INSERT INTO `SkillSet_skills` (`SkillSet_id`, `skills`) VALUES ('1040', 'Java');
INSERT INTO `SkillSet_skills` (`SkillSet_id`, `skills`) VALUES ('1040', 'Ant');
INSERT INTO `SkillSet_skills` (`SkillSet_id`, `skills`) VALUES ('1040', 'dotNet');
INSERT INTO `Hero` (`id`, `firstName`, `lastName`, `role`, `skillSet_id`) VALUES ('1040', 'd7150a0e-b982-44ab-88c2-6df28c826d5e', '5eaec126-01bf-4a2c-bbaf-0610de85fdb9', 'JuniorSoftwareEngineer', '1040');
INSERT INTO `SkillSet` (`id`) VALUES ('1041');
INSERT INTO `SkillSet_skills` (`SkillSet_id`, `skills`) VALUES ('1041', 'Architektur');
INSERT INTO `SkillSet_skills` (`SkillSet_id`, `skills`) VALUES ('1041', 'Gradle');
INSERT INTO `SkillSet_skills` (`SkillSet_id`, `skills`) VALUES ('1041', 'Gradle');
INSERT INTO `SkillSet_skills` (`SkillSet_id`, `skills`) VALUES ('1041', 'UnitTesting');
INSERT INTO `SkillSet_skills` (`SkillSet_id`, `skills`) VALUES ('1041', 'Ant');
INSERT INTO `Hero` (`id`, `firstName`, `lastName`, `role`, `skillSet_id`) VALUES ('1041', '4bb66e1f-b4bb-4fbe-8d87-a0ac0e2d0ca1', '2662641d-34fb-4aaa-94d5-a3bf849694bc', 'JuniorSoftwareEngineer', '1041');
INSERT INTO `SkillSet` (`id`) VALUES ('1042');
INSERT INTO `SkillSet_skills` (`SkillSet_id`, `skills`) VALUES ('1042', 'Ant');
INSERT INTO `SkillSet_skills` (`SkillSet_id`, `skills`) VALUES ('1042', 'SQL');
INSERT INTO `SkillSet_skills` (`SkillSet_id`, `skills`) VALUES ('1042', 'dotNet');
INSERT INTO `SkillSet_skills` (`SkillSet_id`, `skills`) VALUES ('1042', 'dotNet');
INSERT INTO `SkillSet_skills` (`SkillSet_id`, `skills`) VALUES ('1042', 'dotNet');
INSERT INTO `Hero` (`id`, `firstName`, `lastName`, `role`, `skillSet_id`) VALUES ('1042', '8283ea35-7f27-4269-82a5-1bd4fc2514f8', 'a708dd03-1e8c-45fe-88eb-821327148318', 'SoftwareEngineer', '1042');
INSERT INTO `SkillSet` (`id`) VALUES ('1043');
INSERT INTO `SkillSet_skills` (`SkillSet_id`, `skills`) VALUES ('1043', 'dotNet');
INSERT INTO `Hero` (`id`, `firstName`, `lastName`, `role`, `skillSet_id`) VALUES ('1043', 'c175264a-cac9-4904-ac5f-a55816a4011b', '43453d35-6a22-42f5-ae2e-9dff174dc978', 'LeadEngineer', '1043');
INSERT INTO `SkillSet` (`id`) VALUES ('1044');
INSERT INTO `SkillSet_skills` (`SkillSet_id`, `skills`) VALUES ('1044', 'UnitTesting');
INSERT INTO `SkillSet_skills` (`SkillSet_id`, `skills`) VALUES ('1044', 'Architektur');
INSERT INTO `SkillSet_skills` (`SkillSet_id`, `skills`) VALUES ('1044', 'Architektur');
INSERT INTO `Hero` (`id`, `firstName`, `lastName`, `role`, `skillSet_id`) VALUES ('1044', 'c4b17e6d-3c2d-44cc-aa81-d8361a2981a6', 'a88a4ac6-bbd1-42ec-b2aa-d1a8c323eabc', 'LeadSoftwareArchitect', '1044');
INSERT INTO `SkillSet` (`id`) VALUES ('1045');
INSERT INTO `SkillSet_skills` (`SkillSet_id`, `skills`) VALUES ('1045', 'SQL');
INSERT INTO `SkillSet_skills` (`SkillSet_id`, `skills`) VALUES ('1045', 'Maven');
INSERT INTO `SkillSet_skills` (`SkillSet_id`, `skills`) VALUES ('1045', 'UITesting');
INSERT INTO `Hero` (`id`, `firstName`, `lastName`, `role`, `skillSet_id`) VALUES ('1045', '55d5e662-1be7-4acd-9ed4-b76675bd9df8', '4db15b97-d3a9-48b2-9bb8-d62fe2fbe180', 'LeadEngineer', '1045');
INSERT INTO `SkillSet` (`id`) VALUES ('1046');
INSERT INTO `SkillSet_skills` (`SkillSet_id`, `skills`) VALUES ('1046', 'Ant');
INSERT INTO `SkillSet_skills` (`SkillSet_id`, `skills`) VALUES ('1046', 'SQL');
INSERT INTO `SkillSet_skills` (`SkillSet_id`, `skills`) VALUES ('1046', 'UnitTesting');
INSERT INTO `SkillSet_skills` (`SkillSet_id`, `skills`) VALUES ('1046', 'UITesting');
INSERT INTO `SkillSet_skills` (`SkillSet_id`, `skills`) VALUES ('1046', 'UnitTesting');
INSERT INTO `Hero` (`id`, `firstName`, `lastName`, `role`, `skillSet_id`) VALUES ('1046', '3ecec1c5-d5d3-45d8-b541-6b68ff5eaee5', 'df249ee9-a334-46ae-bc1f-ecc693e7db00', 'JuniorSoftwareEngineer', '1046');
INSERT INTO `SkillSet` (`id`) VALUES ('1047');
INSERT INTO `SkillSet_skills` (`SkillSet_id`, `skills`) VALUES ('1047', 'Java');
INSERT INTO `SkillSet_skills` (`SkillSet_id`, `skills`) VALUES ('1047', 'UnitTesting');
INSERT INTO `SkillSet_skills` (`SkillSet_id`, `skills`) VALUES ('1047', 'Architektur');
INSERT INTO `SkillSet_skills` (`SkillSet_id`, `skills`) VALUES ('1047', 'UnitTesting');
INSERT INTO `SkillSet_skills` (`SkillSet_id`, `skills`) VALUES ('1047', 'Java');
INSERT INTO `Hero` (`id`, `firstName`, `lastName`, `role`, `skillSet_id`) VALUES ('1047', '762f01ec-183d-4eaf-9b53-d7089545c294', 'd4f67e61-519c-4e21-bf09-a97ba0f328c7', 'SeniorSoftwareEngineer', '1047');
INSERT INTO `SkillSet` (`id`) VALUES ('1048');
INSERT INTO `SkillSet_skills` (`SkillSet_id`, `skills`) VALUES ('1048', 'Architektur');
INSERT INTO `Hero` (`id`, `firstName`, `lastName`, `role`, `skillSet_id`) VALUES ('1048', '6724adfa-a73b-46d3-ad49-06ba385d0487', '16baa13c-7d76-4c6e-858d-894100beded7', 'SeniorSoftwareEngineer', '1048');
INSERT INTO `SkillSet` (`id`) VALUES ('1049');
INSERT INTO `SkillSet_skills` (`SkillSet_id`, `skills`) VALUES ('1049', 'Ant');
INSERT INTO `SkillSet_skills` (`SkillSet_id`, `skills`) VALUES ('1049', 'Gradle');
INSERT INTO `SkillSet_skills` (`SkillSet_id`, `skills`) VALUES ('1049', 'UnitTesting');
INSERT INTO `SkillSet_skills` (`SkillSet_id`, `skills`) VALUES ('1049', 'SQL');
INSERT INTO `SkillSet_skills` (`SkillSet_id`, `skills`) VALUES ('1049', 'UnitTesting');
INSERT INTO `Hero` (`id`, `firstName`, `lastName`, `role`, `skillSet_id`) VALUES ('1049', 'c0b98dff-df43-4dbe-b348-abaf4ab62e87', '48a8d232-1cf9-43a8-8477-6c302e8c3536', 'SoftwareEngineer', '1049');
INSERT INTO `SkillSet` (`id`) VALUES ('1050');
INSERT INTO `SkillSet_skills` (`SkillSet_id`, `skills`) VALUES ('1050', 'UITesting');
INSERT INTO `SkillSet_skills` (`SkillSet_id`, `skills`) VALUES ('1050', 'Ant');
INSERT INTO `SkillSet_skills` (`SkillSet_id`, `skills`) VALUES ('1050', 'UnitTesting');
INSERT INTO `Hero` (`id`, `firstName`, `lastName`, `role`, `skillSet_id`) VALUES ('1050', '567a483c-6f8f-4ef7-ae14-aa83c1f54453', '4c3e880d-a8eb-4dc4-8785-8066270e0f6e', 'SoftwareEngineer', '1050');
INSERT INTO `SkillSet` (`id`) VALUES ('1051');
INSERT INTO `SkillSet_skills` (`SkillSet_id`, `skills`) VALUES ('1051', 'Java');
INSERT INTO `SkillSet_skills` (`SkillSet_id`, `skills`) VALUES ('1051', 'UITesting');
INSERT INTO `Hero` (`id`, `firstName`, `lastName`, `role`, `skillSet_id`) VALUES ('1051', '2bf0a933-d709-4f0c-8dd6-26ec60d44b25', 'c93309f9-bebf-4fc1-87fd-0d2269feb836', 'SeniorSoftwareEngineer', '1051');
INSERT INTO `SkillSet` (`id`) VALUES ('1052');
INSERT INTO `SkillSet_skills` (`SkillSet_id`, `skills`) VALUES ('1052', 'Maven');
INSERT INTO `SkillSet_skills` (`SkillSet_id`, `skills`) VALUES ('1052', 'Java');
INSERT INTO `SkillSet_skills` (`SkillSet_id`, `skills`) VALUES ('1052', 'UnitTesting');
INSERT INTO `SkillSet_skills` (`SkillSet_id`, `skills`) VALUES ('1052', 'UITesting');
INSERT INTO `Hero` (`id`, `firstName`, `lastName`, `role`, `skillSet_id`) VALUES ('1052', '7b6e0834-e171-470f-8f2c-de5905d589e4', '5d824935-5bd5-49df-b6d9-0a6083bcc724', 'SoftwareEngineer', '1052');
INSERT INTO `SkillSet` (`id`) VALUES ('1053');
INSERT INTO `SkillSet_skills` (`SkillSet_id`, `skills`) VALUES ('1053', 'Maven');
INSERT INTO `SkillSet_skills` (`SkillSet_id`, `skills`) VALUES ('1053', 'Java');
INSERT INTO `Hero` (`id`, `firstName`, `lastName`, `role`, `skillSet_id`) VALUES ('1053', '7c478cea-e64a-4160-a8ef-af7385378e46', '9758b938-8c5d-4d17-baab-ce039ae7e696', 'LeadSoftwareArchitect', '1053');
INSERT INTO `SkillSet` (`id`) VALUES ('1054');
INSERT INTO `SkillSet_skills` (`SkillSet_id`, `skills`) VALUES ('1054', 'Ant');
INSERT INTO `Hero` (`id`, `firstName`, `lastName`, `role`, `skillSet_id`) VALUES ('1054', 'cd5efef0-3d8b-4f21-814a-69fb149548b2', 'bda08844-e3c1-407d-a85b-81512a44e93c', 'LeadEngineer', '1054');
INSERT INTO `SkillSet` (`id`) VALUES ('1055');
INSERT INTO `SkillSet_skills` (`SkillSet_id`, `skills`) VALUES ('1055', 'Java');
INSERT INTO `SkillSet_skills` (`SkillSet_id`, `skills`) VALUES ('1055', 'Maven');
INSERT INTO `SkillSet_skills` (`SkillSet_id`, `skills`) VALUES ('1055', 'Ant');
INSERT INTO `Hero` (`id`, `firstName`, `lastName`, `role`, `skillSet_id`) VALUES ('1055', '3bbf2f5e-05e0-40c6-b8e3-050a22b23210', '218e7d4a-53e8-421c-b75a-4cac66a1385b', 'SeniorSoftwareEngineer', '1055');
INSERT INTO `SkillSet` (`id`) VALUES ('1056');
INSERT INTO `SkillSet_skills` (`SkillSet_id`, `skills`) VALUES ('1056', 'UITesting');
INSERT INTO `SkillSet_skills` (`SkillSet_id`, `skills`) VALUES ('1056', 'Gradle');
INSERT INTO `SkillSet_skills` (`SkillSet_id`, `skills`) VALUES ('1056', 'UnitTesting');
INSERT INTO `SkillSet_skills` (`SkillSet_id`, `skills`) VALUES ('1056', 'Java');
INSERT INTO `SkillSet_skills` (`SkillSet_id`, `skills`) VALUES ('1056', 'Ant');
INSERT INTO `Hero` (`id`, `firstName`, `lastName`, `role`, `skillSet_id`) VALUES ('1056', '724bd478-c383-4006-890f-723c9a7b5bd6', 'a383d40c-2a50-4d02-a913-dc78d824b331', 'JuniorSoftwareEngineer', '1056');
INSERT INTO `SkillSet` (`id`) VALUES ('1057');
INSERT INTO `SkillSet_skills` (`SkillSet_id`, `skills`) VALUES ('1057', 'Java');
INSERT INTO `SkillSet_skills` (`SkillSet_id`, `skills`) VALUES ('1057', 'SQL');
INSERT INTO `SkillSet_skills` (`SkillSet_id`, `skills`) VALUES ('1057', 'Java');
INSERT INTO `SkillSet_skills` (`SkillSet_id`, `skills`) VALUES ('1057', 'UnitTesting');
INSERT INTO `SkillSet_skills` (`SkillSet_id`, `skills`) VALUES ('1057', 'UnitTesting');
INSERT INTO `Hero` (`id`, `firstName`, `lastName`, `role`, `skillSet_id`) VALUES ('1057', '4c1b3248-e992-49aa-a08d-f59005551bb4', 'dfe8abc5-01e0-4fb2-84fe-6f88d51309ac', 'PrincipalConsultant', '1057');
INSERT INTO `SkillSet` (`id`) VALUES ('1058');
INSERT INTO `SkillSet_skills` (`SkillSet_id`, `skills`) VALUES ('1058', 'SQL');
INSERT INTO `SkillSet_skills` (`SkillSet_id`, `skills`) VALUES ('1058', 'Architektur');
INSERT INTO `SkillSet_skills` (`SkillSet_id`, `skills`) VALUES ('1058', 'Architektur');
INSERT INTO `SkillSet_skills` (`SkillSet_id`, `skills`) VALUES ('1058', 'Ant');
INSERT INTO `SkillSet_skills` (`SkillSet_id`, `skills`) VALUES ('1058', 'UnitTesting');
INSERT INTO `Hero` (`id`, `firstName`, `lastName`, `role`, `skillSet_id`) VALUES ('1058', '661d0b71-d986-4beb-9733-96dc803ac413', '9b67f354-8515-4338-b11a-071cade8ff8d', 'LeadEngineer', '1058');
INSERT INTO `SkillSet` (`id`) VALUES ('1059');
INSERT INTO `SkillSet_skills` (`SkillSet_id`, `skills`) VALUES ('1059', 'Java');
INSERT INTO `SkillSet_skills` (`SkillSet_id`, `skills`) VALUES ('1059', 'UITesting');
INSERT INTO `Hero` (`id`, `firstName`, `lastName`, `role`, `skillSet_id`) VALUES ('1059', '80ed8755-ea5f-423b-9e22-f9c37018ff7b', '5f105feb-24cd-4f09-a052-a8b38bc62023', 'LeadEngineer', '1059');
INSERT INTO `SkillSet` (`id`) VALUES ('1060');
INSERT INTO `SkillSet_skills` (`SkillSet_id`, `skills`) VALUES ('1060', 'Architektur');
INSERT INTO `Hero` (`id`, `firstName`, `lastName`, `role`, `skillSet_id`) VALUES ('1060', '353ab18e-b2ee-45c8-ae21-05aebc342ddd', '66c93011-3af9-42a0-8817-19fdf59a7704', 'PrincipalConsultant', '1060');
INSERT INTO `SkillSet` (`id`) VALUES ('1061');
INSERT INTO `SkillSet_skills` (`SkillSet_id`, `skills`) VALUES ('1061', 'UnitTesting');
INSERT INTO `SkillSet_skills` (`SkillSet_id`, `skills`) VALUES ('1061', 'Java');
INSERT INTO `SkillSet_skills` (`SkillSet_id`, `skills`) VALUES ('1061', 'dotNet');
INSERT INTO `SkillSet_skills` (`SkillSet_id`, `skills`) VALUES ('1061', 'Ant');
INSERT INTO `Hero` (`id`, `firstName`, `lastName`, `role`, `skillSet_id`) VALUES ('1061', '0964025f-b873-4305-a2c0-502810152797', 'c60f26ed-936c-4eee-a362-3b394733be4f', 'SoftwareEngineer', '1061');
INSERT INTO `SkillSet` (`id`) VALUES ('1062');
INSERT INTO `SkillSet_skills` (`SkillSet_id`, `skills`) VALUES ('1062', 'Maven');
INSERT INTO `Hero` (`id`, `firstName`, `lastName`, `role`, `skillSet_id`) VALUES ('1062', 'df45c0fc-1535-4ea1-9d19-ff93e35f8be0', 'd9c3cfa5-cfe8-4f7a-8763-ee9fc135af67', 'PrincipalConsultant', '1062');
INSERT INTO `SkillSet` (`id`) VALUES ('1063');
INSERT INTO `SkillSet_skills` (`SkillSet_id`, `skills`) VALUES ('1063', 'UnitTesting');
INSERT INTO `SkillSet_skills` (`SkillSet_id`, `skills`) VALUES ('1063', 'Java');
INSERT INTO `SkillSet_skills` (`SkillSet_id`, `skills`) VALUES ('1063', 'Ant');
INSERT INTO `Hero` (`id`, `firstName`, `lastName`, `role`, `skillSet_id`) VALUES ('1063', 'd8f690f5-415e-4e59-9ebb-0faf9bac5fc8', '99adc985-b81a-4665-bb4a-cbc90319bff8', 'LeadSoftwareArchitect', '1063');
INSERT INTO `SkillSet` (`id`) VALUES ('1064');
INSERT INTO `SkillSet_skills` (`SkillSet_id`, `skills`) VALUES ('1064', 'UnitTesting');
INSERT INTO `SkillSet_skills` (`SkillSet_id`, `skills`) VALUES ('1064', 'Maven');
INSERT INTO `SkillSet_skills` (`SkillSet_id`, `skills`) VALUES ('1064', 'Maven');
INSERT INTO `SkillSet_skills` (`SkillSet_id`, `skills`) VALUES ('1064', 'Maven');
INSERT INTO `Hero` (`id`, `firstName`, `lastName`, `role`, `skillSet_id`) VALUES ('1064', '61c55023-0958-4936-9651-b26a7bf49923', 'fd83ce19-1e5b-4dba-a081-39b8fe716de4', 'LeadSoftwareArchitect', '1064');
INSERT INTO `SkillSet` (`id`) VALUES ('1065');
INSERT INTO `SkillSet_skills` (`SkillSet_id`, `skills`) VALUES ('1065', 'Gradle');
INSERT INTO `Hero` (`id`, `firstName`, `lastName`, `role`, `skillSet_id`) VALUES ('1065', '848031b3-1537-46a1-b871-6e1a824262ed', '5890a86d-2942-4345-999b-22ccab46dae9', 'SeniorSoftwareEngineer', '1065');
INSERT INTO `SkillSet` (`id`) VALUES ('1066');
INSERT INTO `SkillSet_skills` (`SkillSet_id`, `skills`) VALUES ('1066', 'Gradle');
INSERT INTO `SkillSet_skills` (`SkillSet_id`, `skills`) VALUES ('1066', 'Architektur');
INSERT INTO `SkillSet_skills` (`SkillSet_id`, `skills`) VALUES ('1066', 'Java');
INSERT INTO `SkillSet_skills` (`SkillSet_id`, `skills`) VALUES ('1066', 'Ant');
INSERT INTO `SkillSet_skills` (`SkillSet_id`, `skills`) VALUES ('1066', 'Maven');
INSERT INTO `Hero` (`id`, `firstName`, `lastName`, `role`, `skillSet_id`) VALUES ('1066', '97624786-2a37-4548-a7f7-f8559c9a323b', 'ebb9b802-686c-4644-9e2b-82df4d78fdbe', 'PrincipalConsultant', '1066');
INSERT INTO `SkillSet` (`id`) VALUES ('1067');
INSERT INTO `SkillSet_skills` (`SkillSet_id`, `skills`) VALUES ('1067', 'Architektur');
INSERT INTO `SkillSet_skills` (`SkillSet_id`, `skills`) VALUES ('1067', 'UITesting');
INSERT INTO `Hero` (`id`, `firstName`, `lastName`, `role`, `skillSet_id`) VALUES ('1067', '9cbc36ec-b955-4291-93b3-6abbc71e0cb2', '6ae1f3d2-42fb-43dc-ad3a-69d867b12393', 'LeadSoftwareArchitect', '1067');
INSERT INTO `SkillSet` (`id`) VALUES ('1068');
INSERT INTO `SkillSet_skills` (`SkillSet_id`, `skills`) VALUES ('1068', 'Maven');
INSERT INTO `SkillSet_skills` (`SkillSet_id`, `skills`) VALUES ('1068', 'Ant');
INSERT INTO `SkillSet_skills` (`SkillSet_id`, `skills`) VALUES ('1068', 'Architektur');
INSERT INTO `SkillSet_skills` (`SkillSet_id`, `skills`) VALUES ('1068', 'Java');
INSERT INTO `SkillSet_skills` (`SkillSet_id`, `skills`) VALUES ('1068', 'Java');
INSERT INTO `Hero` (`id`, `firstName`, `lastName`, `role`, `skillSet_id`) VALUES ('1068', '3420419d-2875-4223-9766-5f18c905a0a4', '24e7849d-3c8b-40e5-b09d-46e49c5f9ebe', 'SeniorSoftwareEngineer', '1068');
INSERT INTO `SkillSet` (`id`) VALUES ('1069');
INSERT INTO `SkillSet_skills` (`SkillSet_id`, `skills`) VALUES ('1069', 'UnitTesting');
INSERT INTO `SkillSet_skills` (`SkillSet_id`, `skills`) VALUES ('1069', 'Architektur');
INSERT INTO `SkillSet_skills` (`SkillSet_id`, `skills`) VALUES ('1069', 'UITesting');
INSERT INTO `Hero` (`id`, `firstName`, `lastName`, `role`, `skillSet_id`) VALUES ('1069', 'c92a7868-5846-4512-8221-e8a40749b2f7', 'b4ac190c-5fb3-42a1-81ea-7732cc9ff578', 'SeniorSoftwareEngineer', '1069');
INSERT INTO `SkillSet` (`id`) VALUES ('1070');
INSERT INTO `SkillSet_skills` (`SkillSet_id`, `skills`) VALUES ('1070', 'dotNet');
INSERT INTO `SkillSet_skills` (`SkillSet_id`, `skills`) VALUES ('1070', 'dotNet');
INSERT INTO `SkillSet_skills` (`SkillSet_id`, `skills`) VALUES ('1070', 'dotNet');
INSERT INTO `SkillSet_skills` (`SkillSet_id`, `skills`) VALUES ('1070', 'Maven');
INSERT INTO `Hero` (`id`, `firstName`, `lastName`, `role`, `skillSet_id`) VALUES ('1070', 'a846cdee-e4bf-4c35-b0c2-bb1308881c9c', 'e1066589-fe51-4005-aa1c-8ceec962214d', 'SeniorSoftwareEngineer', '1070');
INSERT INTO `SkillSet` (`id`) VALUES ('1071');
INSERT INTO `SkillSet_skills` (`SkillSet_id`, `skills`) VALUES ('1071', 'UnitTesting');
INSERT INTO `SkillSet_skills` (`SkillSet_id`, `skills`) VALUES ('1071', 'Architektur');
INSERT INTO `SkillSet_skills` (`SkillSet_id`, `skills`) VALUES ('1071', 'dotNet');
INSERT INTO `SkillSet_skills` (`SkillSet_id`, `skills`) VALUES ('1071', 'Architektur');
INSERT INTO `SkillSet_skills` (`SkillSet_id`, `skills`) VALUES ('1071', 'Architektur');
INSERT INTO `Hero` (`id`, `firstName`, `lastName`, `role`, `skillSet_id`) VALUES ('1071', '3604c26b-014d-4cb1-98ad-e53f1be8b7b3', 'f3dbbeb2-a067-487e-8645-b22b888fb4cd', 'SoftwareEngineer', '1071');
INSERT INTO `SkillSet` (`id`) VALUES ('1072');
INSERT INTO `SkillSet_skills` (`SkillSet_id`, `skills`) VALUES ('1072', 'Architektur');
INSERT INTO `SkillSet_skills` (`SkillSet_id`, `skills`) VALUES ('1072', 'UITesting');
INSERT INTO `SkillSet_skills` (`SkillSet_id`, `skills`) VALUES ('1072', 'UITesting');
INSERT INTO `SkillSet_skills` (`SkillSet_id`, `skills`) VALUES ('1072', 'dotNet');
INSERT INTO `SkillSet_skills` (`SkillSet_id`, `skills`) VALUES ('1072', 'Maven');
INSERT INTO `Hero` (`id`, `firstName`, `lastName`, `role`, `skillSet_id`) VALUES ('1072', '7f393e09-2c8c-4f46-af81-9d72575ff1ef', 'e7757795-ca26-4551-8e70-7220e3cd2994', 'PrincipalConsultant', '1072');
INSERT INTO `SkillSet` (`id`) VALUES ('1073');
INSERT INTO `SkillSet_skills` (`SkillSet_id`, `skills`) VALUES ('1073', 'Maven');
INSERT INTO `SkillSet_skills` (`SkillSet_id`, `skills`) VALUES ('1073', 'Gradle');
INSERT INTO `SkillSet_skills` (`SkillSet_id`, `skills`) VALUES ('1073', 'Ant');
INSERT INTO `Hero` (`id`, `firstName`, `lastName`, `role`, `skillSet_id`) VALUES ('1073', '6b2960c5-6b3d-44d9-85cf-9d3f2188bfd8', '8d64f75a-7b31-4f94-b704-955fd938841f', 'LeadSoftwareArchitect', '1073');
INSERT INTO `SkillSet` (`id`) VALUES ('1074');
INSERT INTO `SkillSet_skills` (`SkillSet_id`, `skills`) VALUES ('1074', 'Java');
INSERT INTO `SkillSet_skills` (`SkillSet_id`, `skills`) VALUES ('1074', 'UnitTesting');
INSERT INTO `Hero` (`id`, `firstName`, `lastName`, `role`, `skillSet_id`) VALUES ('1074', '93d3d009-2411-47cb-8310-4276b37579a6', 'fec58f40-cf12-4034-8efb-b02fb7807d21', 'JuniorSoftwareEngineer', '1074');
INSERT INTO `SkillSet` (`id`) VALUES ('1075');
INSERT INTO `SkillSet_skills` (`SkillSet_id`, `skills`) VALUES ('1075', 'Gradle');
INSERT INTO `SkillSet_skills` (`SkillSet_id`, `skills`) VALUES ('1075', 'SQL');
INSERT INTO `SkillSet_skills` (`SkillSet_id`, `skills`) VALUES ('1075', 'Architektur');
INSERT INTO `SkillSet_skills` (`SkillSet_id`, `skills`) VALUES ('1075', 'SQL');
INSERT INTO `SkillSet_skills` (`SkillSet_id`, `skills`) VALUES ('1075', 'Architektur');
INSERT INTO `Hero` (`id`, `firstName`, `lastName`, `role`, `skillSet_id`) VALUES ('1075', '10a35d76-f432-4be0-9606-df89afb7c05f', '8957166a-46f9-4035-8807-23561ea5bdfa', 'LeadEngineer', '1075');
INSERT INTO `SkillSet` (`id`) VALUES ('1076');
INSERT INTO `SkillSet_skills` (`SkillSet_id`, `skills`) VALUES ('1076', 'Ant');
INSERT INTO `SkillSet_skills` (`SkillSet_id`, `skills`) VALUES ('1076', 'Java');
INSERT INTO `SkillSet_skills` (`SkillSet_id`, `skills`) VALUES ('1076', 'dotNet');
INSERT INTO `Hero` (`id`, `firstName`, `lastName`, `role`, `skillSet_id`) VALUES ('1076', 'd2f1e875-464e-46ee-a769-bfd53a2e7b41', '13ee59cb-15b7-4f73-80f5-9cd492964234', 'LeadSoftwareArchitect', '1076');
INSERT INTO `SkillSet` (`id`) VALUES ('1077');
INSERT INTO `SkillSet_skills` (`SkillSet_id`, `skills`) VALUES ('1077', 'SQL');
INSERT INTO `Hero` (`id`, `firstName`, `lastName`, `role`, `skillSet_id`) VALUES ('1077', 'a6f207af-4a1c-4ada-b6e9-a591fd4d199d', 'f761d985-af89-4854-b2fe-bc2aaa8fc4f2', 'SeniorSoftwareEngineer', '1077');
INSERT INTO `SkillSet` (`id`) VALUES ('1078');
INSERT INTO `SkillSet_skills` (`SkillSet_id`, `skills`) VALUES ('1078', 'UITesting');
INSERT INTO `SkillSet_skills` (`SkillSet_id`, `skills`) VALUES ('1078', 'Maven');
INSERT INTO `Hero` (`id`, `firstName`, `lastName`, `role`, `skillSet_id`) VALUES ('1078', '97a1c7f4-1e3d-46f3-84ba-19cae0613775', 'ecaaed22-022b-4b7f-b867-44bb96a17335', 'SeniorSoftwareEngineer', '1078');
INSERT INTO `SkillSet` (`id`) VALUES ('1079');
INSERT INTO `SkillSet_skills` (`SkillSet_id`, `skills`) VALUES ('1079', 'dotNet');
INSERT INTO `Hero` (`id`, `firstName`, `lastName`, `role`, `skillSet_id`) VALUES ('1079', '51c9132d-94e9-42ba-825d-a3a0e1606abc', 'a104e249-ee0f-41a0-8bf7-0bf7f775c1a8', 'JuniorSoftwareEngineer', '1079');
INSERT INTO `SkillSet` (`id`) VALUES ('1080');
INSERT INTO `SkillSet_skills` (`SkillSet_id`, `skills`) VALUES ('1080', 'Ant');
INSERT INTO `SkillSet_skills` (`SkillSet_id`, `skills`) VALUES ('1080', 'dotNet');
INSERT INTO `Hero` (`id`, `firstName`, `lastName`, `role`, `skillSet_id`) VALUES ('1080', '3ffa07d4-85cc-4fa6-9d6b-04ce94507190', '2265fcdc-f912-493d-bbfd-c5a88a062be2', 'LeadSoftwareArchitect', '1080');
INSERT INTO `SkillSet` (`id`) VALUES ('1081');
INSERT INTO `SkillSet_skills` (`SkillSet_id`, `skills`) VALUES ('1081', 'SQL');
INSERT INTO `SkillSet_skills` (`SkillSet_id`, `skills`) VALUES ('1081', 'Maven');
INSERT INTO `SkillSet_skills` (`SkillSet_id`, `skills`) VALUES ('1081', 'Maven');
INSERT INTO `SkillSet_skills` (`SkillSet_id`, `skills`) VALUES ('1081', 'Ant');
INSERT INTO `SkillSet_skills` (`SkillSet_id`, `skills`) VALUES ('1081', 'Java');
INSERT INTO `Hero` (`id`, `firstName`, `lastName`, `role`, `skillSet_id`) VALUES ('1081', '104e48ce-58a6-4327-b173-fe935c7ea461', 'e8a9df52-890c-4bec-9c71-4916a0a7e2b1', 'SeniorSoftwareEngineer', '1081');
INSERT INTO `SkillSet` (`id`) VALUES ('1082');
INSERT INTO `SkillSet_skills` (`SkillSet_id`, `skills`) VALUES ('1082', 'UnitTesting');
INSERT INTO `SkillSet_skills` (`SkillSet_id`, `skills`) VALUES ('1082', 'Ant');
INSERT INTO `SkillSet_skills` (`SkillSet_id`, `skills`) VALUES ('1082', 'Ant');
INSERT INTO `SkillSet_skills` (`SkillSet_id`, `skills`) VALUES ('1082', 'Ant');
INSERT INTO `SkillSet_skills` (`SkillSet_id`, `skills`) VALUES ('1082', 'Gradle');
INSERT INTO `Hero` (`id`, `firstName`, `lastName`, `role`, `skillSet_id`) VALUES ('1082', '45811795-9774-4f84-a6a9-3758704cbae9', '2a48a059-4472-40e4-bc22-8b1b3b5f0d03', 'SeniorSoftwareEngineer', '1082');
INSERT INTO `SkillSet` (`id`) VALUES ('1083');
INSERT INTO `SkillSet_skills` (`SkillSet_id`, `skills`) VALUES ('1083', 'Maven');
INSERT INTO `Hero` (`id`, `firstName`, `lastName`, `role`, `skillSet_id`) VALUES ('1083', '05b2976c-6bcc-4775-a828-db857a0d183d', '5dc3e54c-0357-43b6-beb3-5d3813f18fe2', 'LeadEngineer', '1083');
INSERT INTO `SkillSet` (`id`) VALUES ('1084');
INSERT INTO `SkillSet_skills` (`SkillSet_id`, `skills`) VALUES ('1084', 'Architektur');
INSERT INTO `SkillSet_skills` (`SkillSet_id`, `skills`) VALUES ('1084', 'Maven');
INSERT INTO `SkillSet_skills` (`SkillSet_id`, `skills`) VALUES ('1084', 'Architektur');
INSERT INTO `SkillSet_skills` (`SkillSet_id`, `skills`) VALUES ('1084', 'UnitTesting');
INSERT INTO `SkillSet_skills` (`SkillSet_id`, `skills`) VALUES ('1084', 'Maven');
INSERT INTO `Hero` (`id`, `firstName`, `lastName`, `role`, `skillSet_id`) VALUES ('1084', '5432a2c3-3f40-4bef-a673-2f62cb5fe67d', 'b622677b-a04f-4244-a198-d27c081deaa6', 'LeadEngineer', '1084');
INSERT INTO `SkillSet` (`id`) VALUES ('1085');
INSERT INTO `SkillSet_skills` (`SkillSet_id`, `skills`) VALUES ('1085', 'Ant');
INSERT INTO `SkillSet_skills` (`SkillSet_id`, `skills`) VALUES ('1085', 'UITesting');
INSERT INTO `SkillSet_skills` (`SkillSet_id`, `skills`) VALUES ('1085', 'dotNet');
INSERT INTO `SkillSet_skills` (`SkillSet_id`, `skills`) VALUES ('1085', 'UITesting');
INSERT INTO `SkillSet_skills` (`SkillSet_id`, `skills`) VALUES ('1085', 'dotNet');
INSERT INTO `Hero` (`id`, `firstName`, `lastName`, `role`, `skillSet_id`) VALUES ('1085', '579bb999-067b-4629-99cf-1ec23254a0b6', '02cca10b-51bc-4634-93fe-87a24f6869c6', 'JuniorSoftwareEngineer', '1085');
INSERT INTO `SkillSet` (`id`) VALUES ('1086');
INSERT INTO `SkillSet_skills` (`SkillSet_id`, `skills`) VALUES ('1086', 'dotNet');
INSERT INTO `SkillSet_skills` (`SkillSet_id`, `skills`) VALUES ('1086', 'Java');
INSERT INTO `Hero` (`id`, `firstName`, `lastName`, `role`, `skillSet_id`) VALUES ('1086', '1e7eac22-1a31-4830-8407-966f8bf88149', 'f8531e5e-584c-42c8-9910-9ed57f350e66', 'LeadEngineer', '1086');
INSERT INTO `SkillSet` (`id`) VALUES ('1087');
INSERT INTO `SkillSet_skills` (`SkillSet_id`, `skills`) VALUES ('1087', 'UnitTesting');
INSERT INTO `SkillSet_skills` (`SkillSet_id`, `skills`) VALUES ('1087', 'SQL');
INSERT INTO `SkillSet_skills` (`SkillSet_id`, `skills`) VALUES ('1087', 'Java');
INSERT INTO `Hero` (`id`, `firstName`, `lastName`, `role`, `skillSet_id`) VALUES ('1087', 'b62e93e2-0d17-4609-8a6b-31c59e19d174', 'ac606172-ddd5-4cfc-bca0-740befda1467', 'SeniorSoftwareEngineer', '1087');
INSERT INTO `SkillSet` (`id`) VALUES ('1088');
INSERT INTO `SkillSet_skills` (`SkillSet_id`, `skills`) VALUES ('1088', 'Gradle');
INSERT INTO `SkillSet_skills` (`SkillSet_id`, `skills`) VALUES ('1088', 'Maven');
INSERT INTO `SkillSet_skills` (`SkillSet_id`, `skills`) VALUES ('1088', 'UnitTesting');
INSERT INTO `SkillSet_skills` (`SkillSet_id`, `skills`) VALUES ('1088', 'dotNet');
INSERT INTO `Hero` (`id`, `firstName`, `lastName`, `role`, `skillSet_id`) VALUES ('1088', '1128f611-ff93-4a84-a2b5-b2d682aca439', '36ccb4a2-dbfc-42e7-b0f0-c0a825bb87c0', 'PrincipalConsultant', '1088');
INSERT INTO `SkillSet` (`id`) VALUES ('1089');
INSERT INTO `SkillSet_skills` (`SkillSet_id`, `skills`) VALUES ('1089', 'Architektur');
INSERT INTO `SkillSet_skills` (`SkillSet_id`, `skills`) VALUES ('1089', 'SQL');
INSERT INTO `SkillSet_skills` (`SkillSet_id`, `skills`) VALUES ('1089', 'UnitTesting');
INSERT INTO `SkillSet_skills` (`SkillSet_id`, `skills`) VALUES ('1089', 'Java');
INSERT INTO `SkillSet_skills` (`SkillSet_id`, `skills`) VALUES ('1089', 'Gradle');
INSERT INTO `Hero` (`id`, `firstName`, `lastName`, `role`, `skillSet_id`) VALUES ('1089', '7c9a093c-c951-469f-9edc-07bc4fbcfb9f', '108611c9-908a-430b-958c-e252e3d6c3e9', 'PrincipalConsultant', '1089');
INSERT INTO `SkillSet` (`id`) VALUES ('1090');
INSERT INTO `SkillSet_skills` (`SkillSet_id`, `skills`) VALUES ('1090', 'dotNet');
INSERT INTO `SkillSet_skills` (`SkillSet_id`, `skills`) VALUES ('1090', 'SQL');
INSERT INTO `Hero` (`id`, `firstName`, `lastName`, `role`, `skillSet_id`) VALUES ('1090', 'fcd5f5d8-9722-427f-bf16-4ae2bfe876bc', '4e3f283d-23da-4ca4-8224-2a479371ffa3', 'LeadSoftwareArchitect', '1090');
INSERT INTO `SkillSet` (`id`) VALUES ('1091');
INSERT INTO `SkillSet_skills` (`SkillSet_id`, `skills`) VALUES ('1091', 'Gradle');
INSERT INTO `Hero` (`id`, `firstName`, `lastName`, `role`, `skillSet_id`) VALUES ('1091', '9202cb34-3af6-4457-8b99-2ca7ef89ec8e', 'be902642-254a-4f50-844d-d1e070f40374', 'JuniorSoftwareEngineer', '1091');
INSERT INTO `SkillSet` (`id`) VALUES ('1092');
INSERT INTO `SkillSet_skills` (`SkillSet_id`, `skills`) VALUES ('1092', 'Ant');
INSERT INTO `SkillSet_skills` (`SkillSet_id`, `skills`) VALUES ('1092', 'SQL');
INSERT INTO `SkillSet_skills` (`SkillSet_id`, `skills`) VALUES ('1092', 'UnitTesting');
INSERT INTO `SkillSet_skills` (`SkillSet_id`, `skills`) VALUES ('1092', 'Ant');
INSERT INTO `Hero` (`id`, `firstName`, `lastName`, `role`, `skillSet_id`) VALUES ('1092', 'bf43e79a-bfb5-42b6-8b07-798c674ed395', '969d2eab-7d2e-4a36-b830-ab33d84655f9', 'PrincipalConsultant', '1092');
INSERT INTO `SkillSet` (`id`) VALUES ('1093');
INSERT INTO `SkillSet_skills` (`SkillSet_id`, `skills`) VALUES ('1093', 'Ant');
INSERT INTO `SkillSet_skills` (`SkillSet_id`, `skills`) VALUES ('1093', 'Architektur');
INSERT INTO `SkillSet_skills` (`SkillSet_id`, `skills`) VALUES ('1093', 'SQL');
INSERT INTO `SkillSet_skills` (`SkillSet_id`, `skills`) VALUES ('1093', 'SQL');
INSERT INTO `Hero` (`id`, `firstName`, `lastName`, `role`, `skillSet_id`) VALUES ('1093', 'b771d02c-83fc-4065-883d-49dc57b6e774', '68f91da6-9809-4896-bc48-4de09e035b73', 'LeadSoftwareArchitect', '1093');
INSERT INTO `SkillSet` (`id`) VALUES ('1094');
INSERT INTO `SkillSet_skills` (`SkillSet_id`, `skills`) VALUES ('1094', 'UITesting');
INSERT INTO `Hero` (`id`, `firstName`, `lastName`, `role`, `skillSet_id`) VALUES ('1094', '21231b37-e49e-466f-a668-b507f8603668', '44603dba-502e-4472-a4d4-1546d44e3743', 'SeniorSoftwareEngineer', '1094');
INSERT INTO `SkillSet` (`id`) VALUES ('1095');
INSERT INTO `SkillSet_skills` (`SkillSet_id`, `skills`) VALUES ('1095', 'UnitTesting');
INSERT INTO `SkillSet_skills` (`SkillSet_id`, `skills`) VALUES ('1095', 'UITesting');
INSERT INTO `SkillSet_skills` (`SkillSet_id`, `skills`) VALUES ('1095', 'UITesting');
INSERT INTO `SkillSet_skills` (`SkillSet_id`, `skills`) VALUES ('1095', 'UnitTesting');
INSERT INTO `Hero` (`id`, `firstName`, `lastName`, `role`, `skillSet_id`) VALUES ('1095', '769c1516-b56e-4748-bfdc-23453e7e52ad', '0071b371-08e8-4b85-a6d9-5456751b70f2', 'LeadEngineer', '1095');
INSERT INTO `SkillSet` (`id`) VALUES ('1096');
INSERT INTO `SkillSet_skills` (`SkillSet_id`, `skills`) VALUES ('1096', 'Gradle');
INSERT INTO `Hero` (`id`, `firstName`, `lastName`, `role`, `skillSet_id`) VALUES ('1096', 'cfb0d655-d889-427b-98b6-100882411412', 'a4007a21-7f3c-463d-a183-67314b02dd82', 'JuniorSoftwareEngineer', '1096');
INSERT INTO `SkillSet` (`id`) VALUES ('1097');
INSERT INTO `SkillSet_skills` (`SkillSet_id`, `skills`) VALUES ('1097', 'dotNet');
INSERT INTO `SkillSet_skills` (`SkillSet_id`, `skills`) VALUES ('1097', 'Maven');
INSERT INTO `SkillSet_skills` (`SkillSet_id`, `skills`) VALUES ('1097', 'UITesting');
INSERT INTO `Hero` (`id`, `firstName`, `lastName`, `role`, `skillSet_id`) VALUES ('1097', '1d968c8c-2202-4798-9737-ff4afd174f47', '1f6295d8-e6bb-4fe8-9011-1957d64d5b9a', 'SoftwareEngineer', '1097');
INSERT INTO `SkillSet` (`id`) VALUES ('1098');
INSERT INTO `SkillSet_skills` (`SkillSet_id`, `skills`) VALUES ('1098', 'Maven');
INSERT INTO `SkillSet_skills` (`SkillSet_id`, `skills`) VALUES ('1098', 'Ant');
INSERT INTO `SkillSet_skills` (`SkillSet_id`, `skills`) VALUES ('1098', 'UITesting');
INSERT INTO `Hero` (`id`, `firstName`, `lastName`, `role`, `skillSet_id`) VALUES ('1098', 'c4e1ccb3-5900-4ca0-9fe3-3830612a34ea', '659b3d53-e6fa-468c-be79-52c86346f877', 'JuniorSoftwareEngineer', '1098');
INSERT INTO `SkillSet` (`id`) VALUES ('1099');
INSERT INTO `SkillSet_skills` (`SkillSet_id`, `skills`) VALUES ('1099', 'dotNet');
INSERT INTO `SkillSet_skills` (`SkillSet_id`, `skills`) VALUES ('1099', 'UITesting');
INSERT INTO `SkillSet_skills` (`SkillSet_id`, `skills`) VALUES ('1099', 'UnitTesting');
INSERT INTO `SkillSet_skills` (`SkillSet_id`, `skills`) VALUES ('1099', 'Java');
INSERT INTO `Hero` (`id`, `firstName`, `lastName`, `role`, `skillSet_id`) VALUES ('1099', '0efbfb70-586e-4d29-97d3-fd96880985c5', 'eabc365e-28a0-4a57-8072-1e2cf3dcc0e8', 'PrincipalConsultant', '1099');
INSERT INTO `SkillSet` (`id`) VALUES ('1100');
INSERT INTO `SkillSet_skills` (`SkillSet_id`, `skills`) VALUES ('1100', 'UnitTesting');
INSERT INTO `SkillSet_skills` (`SkillSet_id`, `skills`) VALUES ('1100', 'Maven');
INSERT INTO `SkillSet_skills` (`SkillSet_id`, `skills`) VALUES ('1100', 'Ant');
INSERT INTO `SkillSet_skills` (`SkillSet_id`, `skills`) VALUES ('1100', 'dotNet');
INSERT INTO `Hero` (`id`, `firstName`, `lastName`, `role`, `skillSet_id`) VALUES ('1100', '55ca84b8-8912-40c7-b39b-5bc36d392241', '7804933a-f013-40b3-aab6-2718f9308941', 'JuniorSoftwareEngineer', '1100');
INSERT INTO `SkillSet` (`id`) VALUES ('1101');
INSERT INTO `SkillSet_skills` (`SkillSet_id`, `skills`) VALUES ('1101', 'UITesting');
INSERT INTO `SkillSet_skills` (`SkillSet_id`, `skills`) VALUES ('1101', 'Maven');
INSERT INTO `SkillSet_skills` (`SkillSet_id`, `skills`) VALUES ('1101', 'SQL');
INSERT INTO `Hero` (`id`, `firstName`, `lastName`, `role`, `skillSet_id`) VALUES ('1101', 'f0df189e-ed4e-4007-b11e-ae66da031435', '8f7c8e61-04ca-42dc-b6af-4da3e4cdd87d', 'SeniorSoftwareEngineer', '1101');
INSERT INTO `SkillSet` (`id`) VALUES ('1102');
INSERT INTO `SkillSet_skills` (`SkillSet_id`, `skills`) VALUES ('1102', 'Java');
INSERT INTO `Hero` (`id`, `firstName`, `lastName`, `role`, `skillSet_id`) VALUES ('1102', '863ea603-6810-413d-9e81-0104dcc00ec9', 'c34a2e09-07f0-48b5-9ae2-eb0f0b38d1c6', 'SoftwareEngineer', '1102');
INSERT INTO `SkillSet` (`id`) VALUES ('1103');
INSERT INTO `SkillSet_skills` (`SkillSet_id`, `skills`) VALUES ('1103', 'Maven');
INSERT INTO `Hero` (`id`, `firstName`, `lastName`, `role`, `skillSet_id`) VALUES ('1103', '42e8c34c-34d6-4df0-834c-655ce0abb121', '42517f87-cfed-4f99-938c-508ceb162398', 'LeadEngineer', '1103');
INSERT INTO `SkillSet` (`id`) VALUES ('1104');
INSERT INTO `SkillSet_skills` (`SkillSet_id`, `skills`) VALUES ('1104', 'UnitTesting');
INSERT INTO `SkillSet_skills` (`SkillSet_id`, `skills`) VALUES ('1104', 'Maven');
INSERT INTO `SkillSet_skills` (`SkillSet_id`, `skills`) VALUES ('1104', 'Architektur');
INSERT INTO `SkillSet_skills` (`SkillSet_id`, `skills`) VALUES ('1104', 'Gradle');
INSERT INTO `SkillSet_skills` (`SkillSet_id`, `skills`) VALUES ('1104', 'dotNet');
INSERT INTO `Hero` (`id`, `firstName`, `lastName`, `role`, `skillSet_id`) VALUES ('1104', '67556359-7ce1-4971-b8cf-7cdbf2f81883', '7e168c41-ac4c-4c4c-993b-1da6dda17b36', 'SoftwareEngineer', '1104');
INSERT INTO `SkillSet` (`id`) VALUES ('1105');
INSERT INTO `SkillSet_skills` (`SkillSet_id`, `skills`) VALUES ('1105', 'Java');
INSERT INTO `SkillSet_skills` (`SkillSet_id`, `skills`) VALUES ('1105', 'Architektur');
INSERT INTO `SkillSet_skills` (`SkillSet_id`, `skills`) VALUES ('1105', 'Architektur');
INSERT INTO `SkillSet_skills` (`SkillSet_id`, `skills`) VALUES ('1105', 'Java');
INSERT INTO `SkillSet_skills` (`SkillSet_id`, `skills`) VALUES ('1105', 'UITesting');
INSERT INTO `Hero` (`id`, `firstName`, `lastName`, `role`, `skillSet_id`) VALUES ('1105', '6a09275f-176e-4cb7-bc61-c0cf0b28ae43', '8ebce634-65d7-4820-b6e0-d7f7f53f85de', 'JuniorSoftwareEngineer', '1105');
INSERT INTO `SkillSet` (`id`) VALUES ('1106');
INSERT INTO `SkillSet_skills` (`SkillSet_id`, `skills`) VALUES ('1106', 'Gradle');
INSERT INTO `Hero` (`id`, `firstName`, `lastName`, `role`, `skillSet_id`) VALUES ('1106', 'ef63e987-0051-41e7-bc87-26aa5ccfd480', 'd6beba04-a819-4da0-89d2-da3f3c8370bb', 'JuniorSoftwareEngineer', '1106');
INSERT INTO `SkillSet` (`id`) VALUES ('1107');
INSERT INTO `SkillSet_skills` (`SkillSet_id`, `skills`) VALUES ('1107', 'Ant');
INSERT INTO `SkillSet_skills` (`SkillSet_id`, `skills`) VALUES ('1107', 'UITesting');
INSERT INTO `SkillSet_skills` (`SkillSet_id`, `skills`) VALUES ('1107', 'dotNet');
INSERT INTO `SkillSet_skills` (`SkillSet_id`, `skills`) VALUES ('1107', 'dotNet');
INSERT INTO `SkillSet_skills` (`SkillSet_id`, `skills`) VALUES ('1107', 'Maven');
INSERT INTO `Hero` (`id`, `firstName`, `lastName`, `role`, `skillSet_id`) VALUES ('1107', '5e331c9e-d3b8-4073-89cf-0e53d9089d93', '5e8f63cb-9d3e-4baf-9120-a0c324780d93', 'SeniorSoftwareEngineer', '1107');
INSERT INTO `SkillSet` (`id`) VALUES ('1108');
INSERT INTO `SkillSet_skills` (`SkillSet_id`, `skills`) VALUES ('1108', 'Ant');
INSERT INTO `Hero` (`id`, `firstName`, `lastName`, `role`, `skillSet_id`) VALUES ('1108', 'a8a0b7f4-4646-47c9-869f-ce5478f10fd4', 'f20b1a66-1cfa-4d68-8783-21ce28fa5f79', 'SoftwareEngineer', '1108');
INSERT INTO `SkillSet` (`id`) VALUES ('1109');
INSERT INTO `SkillSet_skills` (`SkillSet_id`, `skills`) VALUES ('1109', 'dotNet');
INSERT INTO `SkillSet_skills` (`SkillSet_id`, `skills`) VALUES ('1109', 'Gradle');
INSERT INTO `Hero` (`id`, `firstName`, `lastName`, `role`, `skillSet_id`) VALUES ('1109', 'b0d26ee6-b644-439a-a5dd-959d95b25968', '0fa5c27c-797a-48b7-9877-84a3116cf195', 'LeadSoftwareArchitect', '1109');
INSERT INTO `SkillSet` (`id`) VALUES ('1110');
INSERT INTO `SkillSet_skills` (`SkillSet_id`, `skills`) VALUES ('1110', 'Java');
INSERT INTO `SkillSet_skills` (`SkillSet_id`, `skills`) VALUES ('1110', 'Java');
INSERT INTO `SkillSet_skills` (`SkillSet_id`, `skills`) VALUES ('1110', 'SQL');
INSERT INTO `SkillSet_skills` (`SkillSet_id`, `skills`) VALUES ('1110', 'Java');
INSERT INTO `Hero` (`id`, `firstName`, `lastName`, `role`, `skillSet_id`) VALUES ('1110', '78ead818-6481-4fdd-b8db-7fef7c031cc2', 'e559f102-b6c4-4a4a-ac5a-bbf06a0d5a2b', 'LeadEngineer', '1110');
INSERT INTO `SkillSet` (`id`) VALUES ('1111');
INSERT INTO `SkillSet_skills` (`SkillSet_id`, `skills`) VALUES ('1111', 'Architektur');
INSERT INTO `SkillSet_skills` (`SkillSet_id`, `skills`) VALUES ('1111', 'SQL');
INSERT INTO `SkillSet_skills` (`SkillSet_id`, `skills`) VALUES ('1111', 'Java');
INSERT INTO `SkillSet_skills` (`SkillSet_id`, `skills`) VALUES ('1111', 'Java');
INSERT INTO `SkillSet_skills` (`SkillSet_id`, `skills`) VALUES ('1111', 'UITesting');
INSERT INTO `Hero` (`id`, `firstName`, `lastName`, `role`, `skillSet_id`) VALUES ('1111', 'f7348562-fdf0-4b9c-a593-485023179e13', 'e7cb6506-6a89-448a-9603-bd09aa311d80', 'JuniorSoftwareEngineer', '1111');
INSERT INTO `SkillSet` (`id`) VALUES ('1112');
INSERT INTO `SkillSet_skills` (`SkillSet_id`, `skills`) VALUES ('1112', 'dotNet');
INSERT INTO `Hero` (`id`, `firstName`, `lastName`, `role`, `skillSet_id`) VALUES ('1112', '6a647ebd-ca5e-407c-9d55-1beb17220ee4', '4d8a2c2b-e16b-45b4-995f-974440d4101f', 'LeadSoftwareArchitect', '1112');
INSERT INTO `SkillSet` (`id`) VALUES ('1113');
INSERT INTO `SkillSet_skills` (`SkillSet_id`, `skills`) VALUES ('1113', 'Gradle');
INSERT INTO `SkillSet_skills` (`SkillSet_id`, `skills`) VALUES ('1113', 'UITesting');
INSERT INTO `SkillSet_skills` (`SkillSet_id`, `skills`) VALUES ('1113', 'Ant');
INSERT INTO `SkillSet_skills` (`SkillSet_id`, `skills`) VALUES ('1113', 'Ant');
INSERT INTO `SkillSet_skills` (`SkillSet_id`, `skills`) VALUES ('1113', 'Gradle');
INSERT INTO `Hero` (`id`, `firstName`, `lastName`, `role`, `skillSet_id`) VALUES ('1113', 'f81e0f75-0e17-41e9-a4ac-73def7c9b271', '4cb8eed4-4846-438f-b600-48c6ff42a813', 'PrincipalConsultant', '1113');
INSERT INTO `SkillSet` (`id`) VALUES ('1114');
INSERT INTO `SkillSet_skills` (`SkillSet_id`, `skills`) VALUES ('1114', 'Architektur');
INSERT INTO `SkillSet_skills` (`SkillSet_id`, `skills`) VALUES ('1114', 'dotNet');
INSERT INTO `Hero` (`id`, `firstName`, `lastName`, `role`, `skillSet_id`) VALUES ('1114', 'f820e406-2993-4ddf-9e3f-87c3668c5bf1', '84883ad2-fea9-40c0-aaa5-1f94947219a9', 'SeniorSoftwareEngineer', '1114');
INSERT INTO `SkillSet` (`id`) VALUES ('1115');
INSERT INTO `SkillSet_skills` (`SkillSet_id`, `skills`) VALUES ('1115', 'UITesting');
INSERT INTO `SkillSet_skills` (`SkillSet_id`, `skills`) VALUES ('1115', 'UnitTesting');
INSERT INTO `SkillSet_skills` (`SkillSet_id`, `skills`) VALUES ('1115', 'Ant');
INSERT INTO `Hero` (`id`, `firstName`, `lastName`, `role`, `skillSet_id`) VALUES ('1115', '0303bcd5-32e8-4699-ac83-abb88f14339d', 'fc834668-e0eb-41ca-9d2f-77b05f553acb', 'PrincipalConsultant', '1115');
INSERT INTO `SkillSet` (`id`) VALUES ('1116');
INSERT INTO `SkillSet_skills` (`SkillSet_id`, `skills`) VALUES ('1116', 'SQL');
INSERT INTO `Hero` (`id`, `firstName`, `lastName`, `role`, `skillSet_id`) VALUES ('1116', '89e18632-0569-459d-b4b1-547b86436b71', '01f7610b-2c84-4ea3-bf03-7f8826e805e2', 'LeadSoftwareArchitect', '1116');
INSERT INTO `SkillSet` (`id`) VALUES ('1117');
INSERT INTO `SkillSet_skills` (`SkillSet_id`, `skills`) VALUES ('1117', 'UITesting');
INSERT INTO `SkillSet_skills` (`SkillSet_id`, `skills`) VALUES ('1117', 'SQL');
INSERT INTO `Hero` (`id`, `firstName`, `lastName`, `role`, `skillSet_id`) VALUES ('1117', '4ed4ef24-a55b-4267-b1b9-13338cf60c36', 'd0336dee-0343-49c6-b9df-88665e2f2797', 'JuniorSoftwareEngineer', '1117');
INSERT INTO `SkillSet` (`id`) VALUES ('1118');
INSERT INTO `SkillSet_skills` (`SkillSet_id`, `skills`) VALUES ('1118', 'Architektur');
INSERT INTO `SkillSet_skills` (`SkillSet_id`, `skills`) VALUES ('1118', 'UnitTesting');
INSERT INTO `SkillSet_skills` (`SkillSet_id`, `skills`) VALUES ('1118', 'Maven');
INSERT INTO `SkillSet_skills` (`SkillSet_id`, `skills`) VALUES ('1118', 'Gradle');
INSERT INTO `Hero` (`id`, `firstName`, `lastName`, `role`, `skillSet_id`) VALUES ('1118', '5331cb9c-891b-4043-ace0-d508fcb2a444', '8dcbf060-ff19-4700-97c4-42e8a8f5ecac', 'SoftwareEngineer', '1118');
INSERT INTO `SkillSet` (`id`) VALUES ('1119');
INSERT INTO `SkillSet_skills` (`SkillSet_id`, `skills`) VALUES ('1119', 'Maven');
INSERT INTO `SkillSet_skills` (`SkillSet_id`, `skills`) VALUES ('1119', 'Architektur');
INSERT INTO `Hero` (`id`, `firstName`, `lastName`, `role`, `skillSet_id`) VALUES ('1119', '52b69bb1-dcb5-42c1-a88b-6de1e78b952a', '4e84fcc4-a7b0-4196-afd7-42bcd2b0ccfc', 'PrincipalConsultant', '1119');
INSERT INTO `SkillSet` (`id`) VALUES ('1120');
INSERT INTO `SkillSet_skills` (`SkillSet_id`, `skills`) VALUES ('1120', 'Ant');
INSERT INTO `SkillSet_skills` (`SkillSet_id`, `skills`) VALUES ('1120', 'Architektur');
INSERT INTO `SkillSet_skills` (`SkillSet_id`, `skills`) VALUES ('1120', 'dotNet');
INSERT INTO `SkillSet_skills` (`SkillSet_id`, `skills`) VALUES ('1120', 'UITesting');
INSERT INTO `Hero` (`id`, `firstName`, `lastName`, `role`, `skillSet_id`) VALUES ('1120', '51887335-9d59-449f-9987-1ab753aae09f', 'b54faf3b-909b-4e04-90cf-92ae274fbff7', 'LeadEngineer', '1120');
INSERT INTO `SkillSet` (`id`) VALUES ('1121');
INSERT INTO `SkillSet_skills` (`SkillSet_id`, `skills`) VALUES ('1121', 'UnitTesting');
INSERT INTO `SkillSet_skills` (`SkillSet_id`, `skills`) VALUES ('1121', 'SQL');
INSERT INTO `SkillSet_skills` (`SkillSet_id`, `skills`) VALUES ('1121', 'UITesting');
INSERT INTO `SkillSet_skills` (`SkillSet_id`, `skills`) VALUES ('1121', 'dotNet');
INSERT INTO `Hero` (`id`, `firstName`, `lastName`, `role`, `skillSet_id`) VALUES ('1121', '8539f12d-4d15-44cc-b3b5-0bc33b57b7f6', 'dc9a85ac-ed92-4748-9d3b-6e39206a2a90', 'LeadEngineer', '1121');
INSERT INTO `SkillSet` (`id`) VALUES ('1122');
INSERT INTO `SkillSet_skills` (`SkillSet_id`, `skills`) VALUES ('1122', 'Gradle');
INSERT INTO `Hero` (`id`, `firstName`, `lastName`, `role`, `skillSet_id`) VALUES ('1122', '44f4f3ee-50a5-4c47-a856-50cd21bcb58f', '2d39d54d-7f04-45c8-9048-27f2483ff54f', 'LeadSoftwareArchitect', '1122');
INSERT INTO `SkillSet` (`id`) VALUES ('1123');
INSERT INTO `SkillSet_skills` (`SkillSet_id`, `skills`) VALUES ('1123', 'UnitTesting');
INSERT INTO `SkillSet_skills` (`SkillSet_id`, `skills`) VALUES ('1123', 'SQL');
INSERT INTO `SkillSet_skills` (`SkillSet_id`, `skills`) VALUES ('1123', 'Ant');
INSERT INTO `SkillSet_skills` (`SkillSet_id`, `skills`) VALUES ('1123', 'dotNet');
INSERT INTO `SkillSet_skills` (`SkillSet_id`, `skills`) VALUES ('1123', 'Java');
INSERT INTO `Hero` (`id`, `firstName`, `lastName`, `role`, `skillSet_id`) VALUES ('1123', 'a6061fb4-fd9a-434b-b0cd-a970c4089d1d', '0de60c37-071c-4572-a5e4-0c8817f740ac', 'LeadEngineer', '1123');
INSERT INTO `SkillSet` (`id`) VALUES ('1124');
INSERT INTO `SkillSet_skills` (`SkillSet_id`, `skills`) VALUES ('1124', 'UnitTesting');
INSERT INTO `Hero` (`id`, `firstName`, `lastName`, `role`, `skillSet_id`) VALUES ('1124', '3999ead9-d861-4006-8989-4b1667a5c178', 'eb049df1-3a47-4ec7-a329-411327d9c03f', 'PrincipalConsultant', '1124');
INSERT INTO `SkillSet` (`id`) VALUES ('1125');
INSERT INTO `SkillSet_skills` (`SkillSet_id`, `skills`) VALUES ('1125', 'UITesting');
INSERT INTO `SkillSet_skills` (`SkillSet_id`, `skills`) VALUES ('1125', 'UITesting');
INSERT INTO `SkillSet_skills` (`SkillSet_id`, `skills`) VALUES ('1125', 'Architektur');
INSERT INTO `Hero` (`id`, `firstName`, `lastName`, `role`, `skillSet_id`) VALUES ('1125', 'd510c1ad-806a-4fc7-b73c-4f859cdc641b', 'd17e81a0-f948-4d44-a411-2577d6cc7fcf', 'LeadSoftwareArchitect', '1125');
INSERT INTO `SkillSet` (`id`) VALUES ('1126');
INSERT INTO `SkillSet_skills` (`SkillSet_id`, `skills`) VALUES ('1126', 'Ant');
INSERT INTO `SkillSet_skills` (`SkillSet_id`, `skills`) VALUES ('1126', 'dotNet');
INSERT INTO `Hero` (`id`, `firstName`, `lastName`, `role`, `skillSet_id`) VALUES ('1126', '38bf52ab-9b40-4889-af19-f6e34af4273a', '82f330e6-1fc2-43b9-97d0-957a9c4fde2e', 'SoftwareEngineer', '1126');
INSERT INTO `SkillSet` (`id`) VALUES ('1127');
INSERT INTO `SkillSet_skills` (`SkillSet_id`, `skills`) VALUES ('1127', 'Architektur');
INSERT INTO `SkillSet_skills` (`SkillSet_id`, `skills`) VALUES ('1127', 'Gradle');
INSERT INTO `Hero` (`id`, `firstName`, `lastName`, `role`, `skillSet_id`) VALUES ('1127', '0b41c27a-e2cf-4305-94b0-44e510dd8bb1', 'ceb7b10a-9152-4199-880b-74eaa2b7415a', 'JuniorSoftwareEngineer', '1127');
INSERT INTO `SkillSet` (`id`) VALUES ('1128');
INSERT INTO `SkillSet_skills` (`SkillSet_id`, `skills`) VALUES ('1128', 'SQL');
INSERT INTO `SkillSet_skills` (`SkillSet_id`, `skills`) VALUES ('1128', 'SQL');
INSERT INTO `SkillSet_skills` (`SkillSet_id`, `skills`) VALUES ('1128', 'Maven');
INSERT INTO `SkillSet_skills` (`SkillSet_id`, `skills`) VALUES ('1128', 'Java');
INSERT INTO `SkillSet_skills` (`SkillSet_id`, `skills`) VALUES ('1128', 'Architektur');
INSERT INTO `Hero` (`id`, `firstName`, `lastName`, `role`, `skillSet_id`) VALUES ('1128', 'a892253f-d491-4306-b545-0d3369f87424', 'b8b8e6a9-1cdf-413a-b1c4-5e2b645e6cbd', 'LeadSoftwareArchitect', '1128');
INSERT INTO `SkillSet` (`id`) VALUES ('1129');
INSERT INTO `SkillSet_skills` (`SkillSet_id`, `skills`) VALUES ('1129', 'SQL');
INSERT INTO `SkillSet_skills` (`SkillSet_id`, `skills`) VALUES ('1129', 'Java');
INSERT INTO `Hero` (`id`, `firstName`, `lastName`, `role`, `skillSet_id`) VALUES ('1129', 'e6e9e6ee-f22c-4459-9221-b55661101a5c', 'd4ade14d-3712-4122-afac-2ee86572d200', 'JuniorSoftwareEngineer', '1129');
INSERT INTO `SkillSet` (`id`) VALUES ('1130');
INSERT INTO `SkillSet_skills` (`SkillSet_id`, `skills`) VALUES ('1130', 'Java');
INSERT INTO `SkillSet_skills` (`SkillSet_id`, `skills`) VALUES ('1130', 'dotNet');
INSERT INTO `SkillSet_skills` (`SkillSet_id`, `skills`) VALUES ('1130', 'SQL');
INSERT INTO `SkillSet_skills` (`SkillSet_id`, `skills`) VALUES ('1130', 'UITesting');
INSERT INTO `SkillSet_skills` (`SkillSet_id`, `skills`) VALUES ('1130', 'Maven');
INSERT INTO `Hero` (`id`, `firstName`, `lastName`, `role`, `skillSet_id`) VALUES ('1130', '9f217a89-6ecc-4ce8-b11f-945f06658d32', '85c87f03-1287-4913-a2b9-6fb91c930769', 'LeadEngineer', '1130');
INSERT INTO `SkillSet` (`id`) VALUES ('1131');
INSERT INTO `SkillSet_skills` (`SkillSet_id`, `skills`) VALUES ('1131', 'Architektur');
INSERT INTO `Hero` (`id`, `firstName`, `lastName`, `role`, `skillSet_id`) VALUES ('1131', 'af869dcd-40db-4e7a-8dcd-317492239436', 'a20a3df1-4e7c-44fe-a6eb-d170cb5a02db', 'SeniorSoftwareEngineer', '1131');
INSERT INTO `SkillSet` (`id`) VALUES ('1132');
INSERT INTO `SkillSet_skills` (`SkillSet_id`, `skills`) VALUES ('1132', 'Maven');
INSERT INTO `SkillSet_skills` (`SkillSet_id`, `skills`) VALUES ('1132', 'Gradle');
INSERT INTO `Hero` (`id`, `firstName`, `lastName`, `role`, `skillSet_id`) VALUES ('1132', '2feb8175-c02f-4da5-94d0-b374246fa469', 'bdf0102d-d28c-4e0d-b573-7fd832373bd1', 'LeadSoftwareArchitect', '1132');
INSERT INTO `SkillSet` (`id`) VALUES ('1133');
INSERT INTO `SkillSet_skills` (`SkillSet_id`, `skills`) VALUES ('1133', 'UnitTesting');
INSERT INTO `SkillSet_skills` (`SkillSet_id`, `skills`) VALUES ('1133', 'UITesting');
INSERT INTO `Hero` (`id`, `firstName`, `lastName`, `role`, `skillSet_id`) VALUES ('1133', 'cb9ca712-dbc3-4fe8-9b5d-9cb0db5e7c8a', '5d5f08f7-0d0c-4902-b1ce-eee7f73650c1', 'SeniorSoftwareEngineer', '1133');
INSERT INTO `SkillSet` (`id`) VALUES ('1134');
INSERT INTO `SkillSet_skills` (`SkillSet_id`, `skills`) VALUES ('1134', 'UnitTesting');
INSERT INTO `SkillSet_skills` (`SkillSet_id`, `skills`) VALUES ('1134', 'Ant');
INSERT INTO `SkillSet_skills` (`SkillSet_id`, `skills`) VALUES ('1134', 'dotNet');
INSERT INTO `SkillSet_skills` (`SkillSet_id`, `skills`) VALUES ('1134', 'UITesting');
INSERT INTO `Hero` (`id`, `firstName`, `lastName`, `role`, `skillSet_id`) VALUES ('1134', '8d161e77-909e-4657-8227-48f1c07356e4', 'a145daec-3557-497a-84ea-81345db687ee', 'JuniorSoftwareEngineer', '1134');
INSERT INTO `SkillSet` (`id`) VALUES ('1135');
INSERT INTO `SkillSet_skills` (`SkillSet_id`, `skills`) VALUES ('1135', 'Gradle');
INSERT INTO `SkillSet_skills` (`SkillSet_id`, `skills`) VALUES ('1135', 'SQL');
INSERT INTO `SkillSet_skills` (`SkillSet_id`, `skills`) VALUES ('1135', 'dotNet');
INSERT INTO `Hero` (`id`, `firstName`, `lastName`, `role`, `skillSet_id`) VALUES ('1135', 'bf90bdea-9b3d-47fd-8316-1599f0c1e1a1', '4e210560-561f-4694-b4dd-fc062811d4c2', 'LeadSoftwareArchitect', '1135');
INSERT INTO `SkillSet` (`id`) VALUES ('1136');
INSERT INTO `SkillSet_skills` (`SkillSet_id`, `skills`) VALUES ('1136', 'Architektur');
INSERT INTO `SkillSet_skills` (`SkillSet_id`, `skills`) VALUES ('1136', 'Java');
INSERT INTO `SkillSet_skills` (`SkillSet_id`, `skills`) VALUES ('1136', 'Java');
INSERT INTO `SkillSet_skills` (`SkillSet_id`, `skills`) VALUES ('1136', 'Architektur');
INSERT INTO `Hero` (`id`, `firstName`, `lastName`, `role`, `skillSet_id`) VALUES ('1136', '6cce2173-309c-4980-adb1-9a925acbb128', '43e74e42-375a-418f-a09e-0bb14685aa50', 'SeniorSoftwareEngineer', '1136');
INSERT INTO `SkillSet` (`id`) VALUES ('1137');
INSERT INTO `SkillSet_skills` (`SkillSet_id`, `skills`) VALUES ('1137', 'Gradle');
INSERT INTO `SkillSet_skills` (`SkillSet_id`, `skills`) VALUES ('1137', 'UnitTesting');
INSERT INTO `Hero` (`id`, `firstName`, `lastName`, `role`, `skillSet_id`) VALUES ('1137', '76f24986-cf14-4339-acf3-f411e656bc64', '600f39b1-28a7-4de9-93d2-677a6d6b9471', 'SeniorSoftwareEngineer', '1137');
INSERT INTO `SkillSet` (`id`) VALUES ('1138');
INSERT INTO `SkillSet_skills` (`SkillSet_id`, `skills`) VALUES ('1138', 'UITesting');
INSERT INTO `SkillSet_skills` (`SkillSet_id`, `skills`) VALUES ('1138', 'UITesting');
INSERT INTO `SkillSet_skills` (`SkillSet_id`, `skills`) VALUES ('1138', 'Gradle');
INSERT INTO `SkillSet_skills` (`SkillSet_id`, `skills`) VALUES ('1138', 'SQL');
INSERT INTO `Hero` (`id`, `firstName`, `lastName`, `role`, `skillSet_id`) VALUES ('1138', '5abb51c0-5ed2-412a-94fe-6354cc0cda31', 'c228a4a2-19bf-4ca1-baef-0e450d5ff575', 'JuniorSoftwareEngineer', '1138');
INSERT INTO `SkillSet` (`id`) VALUES ('1139');
INSERT INTO `SkillSet_skills` (`SkillSet_id`, `skills`) VALUES ('1139', 'UnitTesting');
INSERT INTO `SkillSet_skills` (`SkillSet_id`, `skills`) VALUES ('1139', 'dotNet');
INSERT INTO `SkillSet_skills` (`SkillSet_id`, `skills`) VALUES ('1139', 'Maven');
INSERT INTO `SkillSet_skills` (`SkillSet_id`, `skills`) VALUES ('1139', 'Gradle');
INSERT INTO `Hero` (`id`, `firstName`, `lastName`, `role`, `skillSet_id`) VALUES ('1139', '9bc98010-176d-4c70-bf47-d70b56a1c52f', '44e34aad-c5f4-412e-a460-d68821755e81', 'JuniorSoftwareEngineer', '1139');
INSERT INTO `SkillSet` (`id`) VALUES ('1140');
INSERT INTO `SkillSet_skills` (`SkillSet_id`, `skills`) VALUES ('1140', 'Ant');
INSERT INTO `SkillSet_skills` (`SkillSet_id`, `skills`) VALUES ('1140', 'Gradle');
INSERT INTO `SkillSet_skills` (`SkillSet_id`, `skills`) VALUES ('1140', 'Maven');
INSERT INTO `SkillSet_skills` (`SkillSet_id`, `skills`) VALUES ('1140', 'Maven');
INSERT INTO `Hero` (`id`, `firstName`, `lastName`, `role`, `skillSet_id`) VALUES ('1140', '4eac56fb-d736-4f02-803f-5e7229f70f26', 'a8ad6eff-cbd0-40d8-bb22-21068eb02322', 'JuniorSoftwareEngineer', '1140');
INSERT INTO `SkillSet` (`id`) VALUES ('1141');
INSERT INTO `SkillSet_skills` (`SkillSet_id`, `skills`) VALUES ('1141', 'Gradle');
INSERT INTO `Hero` (`id`, `firstName`, `lastName`, `role`, `skillSet_id`) VALUES ('1141', '632b0694-fb00-4fb0-8b4b-c037ff34f693', 'e61b39a4-7f61-4ff5-ba03-0334c967ba80', 'LeadSoftwareArchitect', '1141');
INSERT INTO `SkillSet` (`id`) VALUES ('1142');
INSERT INTO `SkillSet_skills` (`SkillSet_id`, `skills`) VALUES ('1142', 'UITesting');
INSERT INTO `SkillSet_skills` (`SkillSet_id`, `skills`) VALUES ('1142', 'SQL');
INSERT INTO `SkillSet_skills` (`SkillSet_id`, `skills`) VALUES ('1142', 'UITesting');
INSERT INTO `Hero` (`id`, `firstName`, `lastName`, `role`, `skillSet_id`) VALUES ('1142', '137e667e-575e-4a66-af57-6032abc423a0', 'dba8cb74-2ee1-4007-b17c-e7a4faf9d7e8', 'LeadSoftwareArchitect', '1142');
INSERT INTO `SkillSet` (`id`) VALUES ('1143');
INSERT INTO `SkillSet_skills` (`SkillSet_id`, `skills`) VALUES ('1143', 'UITesting');
INSERT INTO `SkillSet_skills` (`SkillSet_id`, `skills`) VALUES ('1143', 'Architektur');
INSERT INTO `SkillSet_skills` (`SkillSet_id`, `skills`) VALUES ('1143', 'Java');
INSERT INTO `Hero` (`id`, `firstName`, `lastName`, `role`, `skillSet_id`) VALUES ('1143', '85459031-d57a-45a4-b877-60a62db3fa6e', 'f157f9f2-fcbb-4d95-a465-62fb7a369c93', 'LeadSoftwareArchitect', '1143');
INSERT INTO `SkillSet` (`id`) VALUES ('1144');
INSERT INTO `SkillSet_skills` (`SkillSet_id`, `skills`) VALUES ('1144', 'Gradle');
INSERT INTO `SkillSet_skills` (`SkillSet_id`, `skills`) VALUES ('1144', 'dotNet');
INSERT INTO `SkillSet_skills` (`SkillSet_id`, `skills`) VALUES ('1144', 'Maven');
INSERT INTO `Hero` (`id`, `firstName`, `lastName`, `role`, `skillSet_id`) VALUES ('1144', '1500605e-e28c-43a9-942c-7e631dd4d9c8', '35b5a3ca-9f3a-4f15-8d7a-1c481f36ecf0', 'JuniorSoftwareEngineer', '1144');
INSERT INTO `SkillSet` (`id`) VALUES ('1145');
INSERT INTO `SkillSet_skills` (`SkillSet_id`, `skills`) VALUES ('1145', 'SQL');
INSERT INTO `SkillSet_skills` (`SkillSet_id`, `skills`) VALUES ('1145', 'Architektur');
INSERT INTO `Hero` (`id`, `firstName`, `lastName`, `role`, `skillSet_id`) VALUES ('1145', '2e463462-ffef-48cc-b053-3ac382325444', '67ef092a-f7ad-4e00-b21c-95d82a0e9363', 'LeadEngineer', '1145');
INSERT INTO `SkillSet` (`id`) VALUES ('1146');
INSERT INTO `SkillSet_skills` (`SkillSet_id`, `skills`) VALUES ('1146', 'SQL');
INSERT INTO `Hero` (`id`, `firstName`, `lastName`, `role`, `skillSet_id`) VALUES ('1146', '42cf939f-15e2-4916-aeae-214d5ad4097e', '457c036c-2b28-4f86-abd6-4e1bd27e7bce', 'SeniorSoftwareEngineer', '1146');
INSERT INTO `SkillSet` (`id`) VALUES ('1147');
INSERT INTO `SkillSet_skills` (`SkillSet_id`, `skills`) VALUES ('1147', 'Gradle');
INSERT INTO `SkillSet_skills` (`SkillSet_id`, `skills`) VALUES ('1147', 'Ant');
INSERT INTO `SkillSet_skills` (`SkillSet_id`, `skills`) VALUES ('1147', 'Gradle');
INSERT INTO `SkillSet_skills` (`SkillSet_id`, `skills`) VALUES ('1147', 'Java');
INSERT INTO `SkillSet_skills` (`SkillSet_id`, `skills`) VALUES ('1147', 'UITesting');
INSERT INTO `Hero` (`id`, `firstName`, `lastName`, `role`, `skillSet_id`) VALUES ('1147', '16ca40b9-e73e-4755-a878-5c0557156b31', 'eb5b188f-9c75-4dc3-b125-383aa93ad78b', 'LeadSoftwareArchitect', '1147');
INSERT INTO `SkillSet` (`id`) VALUES ('1148');
INSERT INTO `SkillSet_skills` (`SkillSet_id`, `skills`) VALUES ('1148', 'Ant');
INSERT INTO `SkillSet_skills` (`SkillSet_id`, `skills`) VALUES ('1148', 'Architektur');
INSERT INTO `SkillSet_skills` (`SkillSet_id`, `skills`) VALUES ('1148', 'Architektur');
INSERT INTO `SkillSet_skills` (`SkillSet_id`, `skills`) VALUES ('1148', 'Ant');
INSERT INTO `SkillSet_skills` (`SkillSet_id`, `skills`) VALUES ('1148', 'Ant');
INSERT INTO `Hero` (`id`, `firstName`, `lastName`, `role`, `skillSet_id`) VALUES ('1148', '6317f257-83db-4b83-b591-af1eb2563dd8', 'd00fed9b-2c29-4248-9615-342afdab459d', 'LeadSoftwareArchitect', '1148');
INSERT INTO `SkillSet` (`id`) VALUES ('1149');
INSERT INTO `SkillSet_skills` (`SkillSet_id`, `skills`) VALUES ('1149', 'Gradle');
INSERT INTO `Hero` (`id`, `firstName`, `lastName`, `role`, `skillSet_id`) VALUES ('1149', '60934d8e-3826-4666-baa8-812dbb7a5aa1', 'ffbf35d5-f51e-4d74-af63-2f9c6ddbd2a1', 'SoftwareEngineer', '1149');
INSERT INTO `SkillSet` (`id`) VALUES ('1150');
INSERT INTO `SkillSet_skills` (`SkillSet_id`, `skills`) VALUES ('1150', 'Java');
INSERT INTO `SkillSet_skills` (`SkillSet_id`, `skills`) VALUES ('1150', 'Maven');
INSERT INTO `Hero` (`id`, `firstName`, `lastName`, `role`, `skillSet_id`) VALUES ('1150', '8715b504-89ab-4cae-8146-94cee710d3ef', '1c2cdd6a-c8f3-425f-a008-af8db72ecfea', 'PrincipalConsultant', '1150');
INSERT INTO `SkillSet` (`id`) VALUES ('1151');
INSERT INTO `SkillSet_skills` (`SkillSet_id`, `skills`) VALUES ('1151', 'UnitTesting');
INSERT INTO `SkillSet_skills` (`SkillSet_id`, `skills`) VALUES ('1151', 'UnitTesting');
INSERT INTO `SkillSet_skills` (`SkillSet_id`, `skills`) VALUES ('1151', 'Gradle');
INSERT INTO `SkillSet_skills` (`SkillSet_id`, `skills`) VALUES ('1151', 'Ant');
INSERT INTO `SkillSet_skills` (`SkillSet_id`, `skills`) VALUES ('1151', 'Java');
INSERT INTO `Hero` (`id`, `firstName`, `lastName`, `role`, `skillSet_id`) VALUES ('1151', '1a5d5b8f-3d78-4343-9448-507aaddc4d55', 'f61bd20e-ea5b-440d-ba35-dc823c956786', 'JuniorSoftwareEngineer', '1151');
INSERT INTO `SkillSet` (`id`) VALUES ('1152');
INSERT INTO `SkillSet_skills` (`SkillSet_id`, `skills`) VALUES ('1152', 'Maven');
INSERT INTO `SkillSet_skills` (`SkillSet_id`, `skills`) VALUES ('1152', 'Maven');
INSERT INTO `SkillSet_skills` (`SkillSet_id`, `skills`) VALUES ('1152', 'dotNet');
INSERT INTO `SkillSet_skills` (`SkillSet_id`, `skills`) VALUES ('1152', 'UnitTesting');
INSERT INTO `SkillSet_skills` (`SkillSet_id`, `skills`) VALUES ('1152', 'Ant');
INSERT INTO `Hero` (`id`, `firstName`, `lastName`, `role`, `skillSet_id`) VALUES ('1152', '3cf075ca-cf98-4e16-8e87-e57997633fc8', '0393c967-a3a3-4de2-87b4-b5fc780cdd85', 'PrincipalConsultant', '1152');
INSERT INTO `SkillSet` (`id`) VALUES ('1153');
INSERT INTO `SkillSet_skills` (`SkillSet_id`, `skills`) VALUES ('1153', 'SQL');
INSERT INTO `SkillSet_skills` (`SkillSet_id`, `skills`) VALUES ('1153', 'Ant');
INSERT INTO `Hero` (`id`, `firstName`, `lastName`, `role`, `skillSet_id`) VALUES ('1153', '2148696e-44c7-49f0-acfe-937b46c1da92', 'c2b11f0c-55f4-4829-8c36-e62c6bfb2f6f', 'JuniorSoftwareEngineer', '1153');
INSERT INTO `SkillSet` (`id`) VALUES ('1154');
INSERT INTO `SkillSet_skills` (`SkillSet_id`, `skills`) VALUES ('1154', 'SQL');
INSERT INTO `Hero` (`id`, `firstName`, `lastName`, `role`, `skillSet_id`) VALUES ('1154', 'ef842f79-cd4f-414a-bb14-ebd041cebb4f', '83b16f4e-d0c9-47a5-a516-ec021081565a', 'JuniorSoftwareEngineer', '1154');
INSERT INTO `SkillSet` (`id`) VALUES ('1155');
INSERT INTO `SkillSet_skills` (`SkillSet_id`, `skills`) VALUES ('1155', 'dotNet');
INSERT INTO `SkillSet_skills` (`SkillSet_id`, `skills`) VALUES ('1155', 'Architektur');
INSERT INTO `SkillSet_skills` (`SkillSet_id`, `skills`) VALUES ('1155', 'Java');
INSERT INTO `SkillSet_skills` (`SkillSet_id`, `skills`) VALUES ('1155', 'Java');
INSERT INTO `Hero` (`id`, `firstName`, `lastName`, `role`, `skillSet_id`) VALUES ('1155', '49f115ea-7f5e-493b-b617-13d82edecad5', '9ed50391-8be4-4eda-85e5-8a828a052b75', 'LeadEngineer', '1155');
INSERT INTO `SkillSet` (`id`) VALUES ('1156');
INSERT INTO `SkillSet_skills` (`SkillSet_id`, `skills`) VALUES ('1156', 'Ant');
INSERT INTO `SkillSet_skills` (`SkillSet_id`, `skills`) VALUES ('1156', 'Maven');
INSERT INTO `SkillSet_skills` (`SkillSet_id`, `skills`) VALUES ('1156', 'Gradle');
INSERT INTO `SkillSet_skills` (`SkillSet_id`, `skills`) VALUES ('1156', 'Java');
INSERT INTO `SkillSet_skills` (`SkillSet_id`, `skills`) VALUES ('1156', 'Architektur');
INSERT INTO `Hero` (`id`, `firstName`, `lastName`, `role`, `skillSet_id`) VALUES ('1156', '6d07f493-373d-4d99-9baa-350e74299cbd', 'f5c4b8e4-b5ae-49b0-85e0-5f5d6e344059', 'JuniorSoftwareEngineer', '1156');
INSERT INTO `SkillSet` (`id`) VALUES ('1157');
INSERT INTO `SkillSet_skills` (`SkillSet_id`, `skills`) VALUES ('1157', 'SQL');
INSERT INTO `SkillSet_skills` (`SkillSet_id`, `skills`) VALUES ('1157', 'Gradle');
INSERT INTO `SkillSet_skills` (`SkillSet_id`, `skills`) VALUES ('1157', 'Maven');
INSERT INTO `Hero` (`id`, `firstName`, `lastName`, `role`, `skillSet_id`) VALUES ('1157', '424ba26e-1b4a-4084-9272-919efd6ba2aa', '7bcd2138-553d-4521-a973-203fee406c69', 'LeadEngineer', '1157');
INSERT INTO `SkillSet` (`id`) VALUES ('1158');
INSERT INTO `SkillSet_skills` (`SkillSet_id`, `skills`) VALUES ('1158', 'Ant');
INSERT INTO `SkillSet_skills` (`SkillSet_id`, `skills`) VALUES ('1158', 'SQL');
INSERT INTO `Hero` (`id`, `firstName`, `lastName`, `role`, `skillSet_id`) VALUES ('1158', '7baf49c1-f29c-4123-b60e-afb3f2f32e22', 'd910f1e0-421f-4b37-8e38-0f5e0c66ca63', 'JuniorSoftwareEngineer', '1158');
INSERT INTO `SkillSet` (`id`) VALUES ('1159');
INSERT INTO `SkillSet_skills` (`SkillSet_id`, `skills`) VALUES ('1159', 'UITesting');
INSERT INTO `SkillSet_skills` (`SkillSet_id`, `skills`) VALUES ('1159', 'Ant');
INSERT INTO `Hero` (`id`, `firstName`, `lastName`, `role`, `skillSet_id`) VALUES ('1159', '684d9d12-d0d7-448a-aed9-358673d101b7', 'c178b073-4531-4aaf-b10c-5bfb51f69292', 'LeadEngineer', '1159');
INSERT INTO `SkillSet` (`id`) VALUES ('1160');
INSERT INTO `SkillSet_skills` (`SkillSet_id`, `skills`) VALUES ('1160', 'Architektur');
INSERT INTO `SkillSet_skills` (`SkillSet_id`, `skills`) VALUES ('1160', 'UnitTesting');
INSERT INTO `SkillSet_skills` (`SkillSet_id`, `skills`) VALUES ('1160', 'UnitTesting');
INSERT INTO `SkillSet_skills` (`SkillSet_id`, `skills`) VALUES ('1160', 'UnitTesting');
INSERT INTO `SkillSet_skills` (`SkillSet_id`, `skills`) VALUES ('1160', 'Maven');
INSERT INTO `Hero` (`id`, `firstName`, `lastName`, `role`, `skillSet_id`) VALUES ('1160', '561d8efa-258b-42b4-97ff-b57e3fcebc28', 'ebf9aaf9-ca37-4eb3-9e23-dcea3f774726', 'LeadEngineer', '1160');
INSERT INTO `SkillSet` (`id`) VALUES ('1161');
INSERT INTO `SkillSet_skills` (`SkillSet_id`, `skills`) VALUES ('1161', 'Java');
INSERT INTO `SkillSet_skills` (`SkillSet_id`, `skills`) VALUES ('1161', 'SQL');
INSERT INTO `SkillSet_skills` (`SkillSet_id`, `skills`) VALUES ('1161', 'Gradle');
INSERT INTO `Hero` (`id`, `firstName`, `lastName`, `role`, `skillSet_id`) VALUES ('1161', 'a7213ba8-a9e5-489f-b799-f2f5c12b4f2e', 'df9c330d-a098-4bb5-a9c0-a574d0804bfd', 'PrincipalConsultant', '1161');
INSERT INTO `SkillSet` (`id`) VALUES ('1162');
INSERT INTO `SkillSet_skills` (`SkillSet_id`, `skills`) VALUES ('1162', 'dotNet');
INSERT INTO `Hero` (`id`, `firstName`, `lastName`, `role`, `skillSet_id`) VALUES ('1162', '6292e9f4-294d-449d-b638-aa3a978b85a5', '86b341c9-cc40-44b2-a33d-3daeb7eeec45', 'SoftwareEngineer', '1162');
INSERT INTO `SkillSet` (`id`) VALUES ('1163');
INSERT INTO `SkillSet_skills` (`SkillSet_id`, `skills`) VALUES ('1163', 'Gradle');
INSERT INTO `SkillSet_skills` (`SkillSet_id`, `skills`) VALUES ('1163', 'UITesting');
INSERT INTO `SkillSet_skills` (`SkillSet_id`, `skills`) VALUES ('1163', 'UITesting');
INSERT INTO `SkillSet_skills` (`SkillSet_id`, `skills`) VALUES ('1163', 'UITesting');
INSERT INTO `Hero` (`id`, `firstName`, `lastName`, `role`, `skillSet_id`) VALUES ('1163', 'f14c963c-56af-429c-9eed-36055e508809', '7a6464f4-72dd-4839-8f9d-8fca012f4f01', 'PrincipalConsultant', '1163');
INSERT INTO `SkillSet` (`id`) VALUES ('1164');
INSERT INTO `SkillSet_skills` (`SkillSet_id`, `skills`) VALUES ('1164', 'Architektur');
INSERT INTO `SkillSet_skills` (`SkillSet_id`, `skills`) VALUES ('1164', 'Architektur');
INSERT INTO `SkillSet_skills` (`SkillSet_id`, `skills`) VALUES ('1164', 'UnitTesting');
INSERT INTO `Hero` (`id`, `firstName`, `lastName`, `role`, `skillSet_id`) VALUES ('1164', 'cbd22e17-8877-42f0-bfb7-411b26f19684', '6e2d100f-2363-48d0-b81c-38d29d9eea55', 'PrincipalConsultant', '1164');
INSERT INTO `SkillSet` (`id`) VALUES ('1165');
INSERT INTO `SkillSet_skills` (`SkillSet_id`, `skills`) VALUES ('1165', 'Java');
INSERT INTO `SkillSet_skills` (`SkillSet_id`, `skills`) VALUES ('1165', 'SQL');
INSERT INTO `SkillSet_skills` (`SkillSet_id`, `skills`) VALUES ('1165', 'Maven');
INSERT INTO `SkillSet_skills` (`SkillSet_id`, `skills`) VALUES ('1165', 'UnitTesting');
INSERT INTO `Hero` (`id`, `firstName`, `lastName`, `role`, `skillSet_id`) VALUES ('1165', '0400e6dc-4e70-41e2-95f1-2b74234a63b1', '932f96bb-008d-46d0-ab9d-d591638b3d61', 'PrincipalConsultant', '1165');
INSERT INTO `SkillSet` (`id`) VALUES ('1166');
INSERT INTO `SkillSet_skills` (`SkillSet_id`, `skills`) VALUES ('1166', 'Maven');
INSERT INTO `SkillSet_skills` (`SkillSet_id`, `skills`) VALUES ('1166', 'SQL');
INSERT INTO `SkillSet_skills` (`SkillSet_id`, `skills`) VALUES ('1166', 'SQL');
INSERT INTO `SkillSet_skills` (`SkillSet_id`, `skills`) VALUES ('1166', 'Ant');
INSERT INTO `Hero` (`id`, `firstName`, `lastName`, `role`, `skillSet_id`) VALUES ('1166', '84b2427f-0dac-4efe-96ef-299c00e709a0', '76ec8e80-b544-40fe-b0b6-20a78c1f40f1', 'LeadEngineer', '1166');
INSERT INTO `SkillSet` (`id`) VALUES ('1167');
INSERT INTO `SkillSet_skills` (`SkillSet_id`, `skills`) VALUES ('1167', 'UnitTesting');
INSERT INTO `SkillSet_skills` (`SkillSet_id`, `skills`) VALUES ('1167', 'UITesting');
INSERT INTO `SkillSet_skills` (`SkillSet_id`, `skills`) VALUES ('1167', 'dotNet');
INSERT INTO `SkillSet_skills` (`SkillSet_id`, `skills`) VALUES ('1167', 'Architektur');
INSERT INTO `Hero` (`id`, `firstName`, `lastName`, `role`, `skillSet_id`) VALUES ('1167', '7ece5c27-2e1d-4e08-a45a-26c497625a78', 'c3adfcee-e0e8-4ae3-8774-128e61c59f2c', 'PrincipalConsultant', '1167');
INSERT INTO `SkillSet` (`id`) VALUES ('1168');
INSERT INTO `SkillSet_skills` (`SkillSet_id`, `skills`) VALUES ('1168', 'Maven');
INSERT INTO `SkillSet_skills` (`SkillSet_id`, `skills`) VALUES ('1168', 'SQL');
INSERT INTO `Hero` (`id`, `firstName`, `lastName`, `role`, `skillSet_id`) VALUES ('1168', '4f5a7335-0128-4cea-9a1f-34955a5cc9fe', '623ea4ad-7dff-4262-8728-c78edebc133f', 'JuniorSoftwareEngineer', '1168');
INSERT INTO `SkillSet` (`id`) VALUES ('1169');
INSERT INTO `SkillSet_skills` (`SkillSet_id`, `skills`) VALUES ('1169', 'Gradle');
INSERT INTO `Hero` (`id`, `firstName`, `lastName`, `role`, `skillSet_id`) VALUES ('1169', 'd382f2d3-7e0b-4210-89bf-7a5d21f3db2d', 'fc13d806-46f7-4ef0-b4ab-ee2e5a2e7865', 'SeniorSoftwareEngineer', '1169');
INSERT INTO `SkillSet` (`id`) VALUES ('1170');
INSERT INTO `SkillSet_skills` (`SkillSet_id`, `skills`) VALUES ('1170', 'UnitTesting');
INSERT INTO `SkillSet_skills` (`SkillSet_id`, `skills`) VALUES ('1170', 'Java');
INSERT INTO `SkillSet_skills` (`SkillSet_id`, `skills`) VALUES ('1170', 'Maven');
INSERT INTO `SkillSet_skills` (`SkillSet_id`, `skills`) VALUES ('1170', 'Gradle');
INSERT INTO `SkillSet_skills` (`SkillSet_id`, `skills`) VALUES ('1170', 'Maven');
INSERT INTO `Hero` (`id`, `firstName`, `lastName`, `role`, `skillSet_id`) VALUES ('1170', '9cb26445-6399-4754-aea3-90742676f731', '8a55f40b-5c43-4197-8853-a944ea27a1ec', 'LeadSoftwareArchitect', '1170');
INSERT INTO `SkillSet` (`id`) VALUES ('1171');
INSERT INTO `SkillSet_skills` (`SkillSet_id`, `skills`) VALUES ('1171', 'Ant');
INSERT INTO `SkillSet_skills` (`SkillSet_id`, `skills`) VALUES ('1171', 'dotNet');
INSERT INTO `SkillSet_skills` (`SkillSet_id`, `skills`) VALUES ('1171', 'UITesting');
INSERT INTO `SkillSet_skills` (`SkillSet_id`, `skills`) VALUES ('1171', 'Architektur');
INSERT INTO `SkillSet_skills` (`SkillSet_id`, `skills`) VALUES ('1171', 'Ant');
INSERT INTO `Hero` (`id`, `firstName`, `lastName`, `role`, `skillSet_id`) VALUES ('1171', '218198e0-a69f-4a84-9f31-0d100d1f7878', 'acb5bdd9-ca91-4672-bc57-533bea7d168e', 'SoftwareEngineer', '1171');
INSERT INTO `SkillSet` (`id`) VALUES ('1172');
INSERT INTO `SkillSet_skills` (`SkillSet_id`, `skills`) VALUES ('1172', 'dotNet');
INSERT INTO `Hero` (`id`, `firstName`, `lastName`, `role`, `skillSet_id`) VALUES ('1172', 'fd0c1894-2025-4812-ba0a-ac147667e131', 'ae0116cd-6aa1-40a7-a3be-7f53b07cae94', 'SeniorSoftwareEngineer', '1172');
INSERT INTO `SkillSet` (`id`) VALUES ('1173');
INSERT INTO `SkillSet_skills` (`SkillSet_id`, `skills`) VALUES ('1173', 'dotNet');
INSERT INTO `SkillSet_skills` (`SkillSet_id`, `skills`) VALUES ('1173', 'Java');
INSERT INTO `Hero` (`id`, `firstName`, `lastName`, `role`, `skillSet_id`) VALUES ('1173', 'd3401606-2f83-43dd-8940-0cb43ea842eb', 'b2fa07db-6689-450e-a129-c836d30d1339', 'PrincipalConsultant', '1173');
INSERT INTO `SkillSet` (`id`) VALUES ('1174');
INSERT INTO `SkillSet_skills` (`SkillSet_id`, `skills`) VALUES ('1174', 'Architektur');
INSERT INTO `Hero` (`id`, `firstName`, `lastName`, `role`, `skillSet_id`) VALUES ('1174', '9ad570ff-328d-4213-a29d-1e8b6091efcf', 'be341f1c-1f91-43eb-a57b-3789b9e170ef', 'LeadEngineer', '1174');
INSERT INTO `SkillSet` (`id`) VALUES ('1175');
INSERT INTO `SkillSet_skills` (`SkillSet_id`, `skills`) VALUES ('1175', 'Maven');
INSERT INTO `SkillSet_skills` (`SkillSet_id`, `skills`) VALUES ('1175', 'Ant');
INSERT INTO `SkillSet_skills` (`SkillSet_id`, `skills`) VALUES ('1175', 'Maven');
INSERT INTO `SkillSet_skills` (`SkillSet_id`, `skills`) VALUES ('1175', 'Java');
INSERT INTO `Hero` (`id`, `firstName`, `lastName`, `role`, `skillSet_id`) VALUES ('1175', 'fccd8b40-2059-42bc-a595-4c0a5f92b757', 'b77ef38e-4451-4259-9c46-2ed49f43f986', 'LeadEngineer', '1175');
INSERT INTO `SkillSet` (`id`) VALUES ('1176');
INSERT INTO `SkillSet_skills` (`SkillSet_id`, `skills`) VALUES ('1176', 'SQL');
INSERT INTO `SkillSet_skills` (`SkillSet_id`, `skills`) VALUES ('1176', 'dotNet');
INSERT INTO `SkillSet_skills` (`SkillSet_id`, `skills`) VALUES ('1176', 'Java');
INSERT INTO `SkillSet_skills` (`SkillSet_id`, `skills`) VALUES ('1176', 'Ant');
INSERT INTO `Hero` (`id`, `firstName`, `lastName`, `role`, `skillSet_id`) VALUES ('1176', 'b1bb49ed-cabf-4682-be0b-160edde28aa5', 'd493c256-a1e3-41d8-b5c1-5b82ce579ee3', 'LeadSoftwareArchitect', '1176');
INSERT INTO `SkillSet` (`id`) VALUES ('1177');
INSERT INTO `SkillSet_skills` (`SkillSet_id`, `skills`) VALUES ('1177', 'SQL');
INSERT INTO `SkillSet_skills` (`SkillSet_id`, `skills`) VALUES ('1177', 'SQL');
INSERT INTO `SkillSet_skills` (`SkillSet_id`, `skills`) VALUES ('1177', 'Gradle');
INSERT INTO `SkillSet_skills` (`SkillSet_id`, `skills`) VALUES ('1177', 'Gradle');
INSERT INTO `SkillSet_skills` (`SkillSet_id`, `skills`) VALUES ('1177', 'Architektur');
INSERT INTO `Hero` (`id`, `firstName`, `lastName`, `role`, `skillSet_id`) VALUES ('1177', '0be99fba-b7ec-4a4e-be37-ed41ad004d9e', 'a41422dc-ae3b-4c7b-bc21-0b800c8a6dc9', 'LeadSoftwareArchitect', '1177');
INSERT INTO `SkillSet` (`id`) VALUES ('1178');
INSERT INTO `SkillSet_skills` (`SkillSet_id`, `skills`) VALUES ('1178', 'UITesting');
INSERT INTO `SkillSet_skills` (`SkillSet_id`, `skills`) VALUES ('1178', 'SQL');
INSERT INTO `SkillSet_skills` (`SkillSet_id`, `skills`) VALUES ('1178', 'Ant');
INSERT INTO `SkillSet_skills` (`SkillSet_id`, `skills`) VALUES ('1178', 'Maven');
INSERT INTO `SkillSet_skills` (`SkillSet_id`, `skills`) VALUES ('1178', 'UnitTesting');
INSERT INTO `Hero` (`id`, `firstName`, `lastName`, `role`, `skillSet_id`) VALUES ('1178', '5f5cf6d5-53d3-4c0a-b959-59fbe7137d43', '9f49032e-cd29-4184-9559-fa9eca7ea3c3', 'LeadEngineer', '1178');
INSERT INTO `SkillSet` (`id`) VALUES ('1179');
INSERT INTO `SkillSet_skills` (`SkillSet_id`, `skills`) VALUES ('1179', 'SQL');
INSERT INTO `SkillSet_skills` (`SkillSet_id`, `skills`) VALUES ('1179', 'SQL');
INSERT INTO `SkillSet_skills` (`SkillSet_id`, `skills`) VALUES ('1179', 'Maven');
INSERT INTO `SkillSet_skills` (`SkillSet_id`, `skills`) VALUES ('1179', 'Maven');
INSERT INTO `Hero` (`id`, `firstName`, `lastName`, `role`, `skillSet_id`) VALUES ('1179', '11cbadac-41a8-4f87-bd39-6bb5283ae09f', 'b61ef136-28f0-4e1b-81a1-651aa767b2db', 'JuniorSoftwareEngineer', '1179');
INSERT INTO `SkillSet` (`id`) VALUES ('1180');
INSERT INTO `SkillSet_skills` (`SkillSet_id`, `skills`) VALUES ('1180', 'Gradle');
INSERT INTO `SkillSet_skills` (`SkillSet_id`, `skills`) VALUES ('1180', 'Maven');
INSERT INTO `SkillSet_skills` (`SkillSet_id`, `skills`) VALUES ('1180', 'SQL');
INSERT INTO `SkillSet_skills` (`SkillSet_id`, `skills`) VALUES ('1180', 'dotNet');
INSERT INTO `SkillSet_skills` (`SkillSet_id`, `skills`) VALUES ('1180', 'SQL');
INSERT INTO `Hero` (`id`, `firstName`, `lastName`, `role`, `skillSet_id`) VALUES ('1180', '36020be4-5370-4b2b-bc27-6b96d01e1ee6', '9bd0f6b3-158d-4a19-a071-ab4cad808191', 'LeadEngineer', '1180');
INSERT INTO `SkillSet` (`id`) VALUES ('1181');
INSERT INTO `SkillSet_skills` (`SkillSet_id`, `skills`) VALUES ('1181', 'UnitTesting');
INSERT INTO `SkillSet_skills` (`SkillSet_id`, `skills`) VALUES ('1181', 'Architektur');
INSERT INTO `SkillSet_skills` (`SkillSet_id`, `skills`) VALUES ('1181', 'Ant');
INSERT INTO `SkillSet_skills` (`SkillSet_id`, `skills`) VALUES ('1181', 'dotNet');
INSERT INTO `SkillSet_skills` (`SkillSet_id`, `skills`) VALUES ('1181', 'Architektur');
INSERT INTO `Hero` (`id`, `firstName`, `lastName`, `role`, `skillSet_id`) VALUES ('1181', '70bd5159-7aa5-404d-9cc3-7eebae51e5a1', '77319408-8328-4858-b31e-c1c143ab50f2', 'LeadEngineer', '1181');
INSERT INTO `SkillSet` (`id`) VALUES ('1182');
INSERT INTO `SkillSet_skills` (`SkillSet_id`, `skills`) VALUES ('1182', 'SQL');
INSERT INTO `SkillSet_skills` (`SkillSet_id`, `skills`) VALUES ('1182', 'Gradle');
INSERT INTO `Hero` (`id`, `firstName`, `lastName`, `role`, `skillSet_id`) VALUES ('1182', 'aba281ba-af61-4e0a-baf3-052e1524d011', '08727a66-ae03-4f16-bc1c-a4707aa51a28', 'SeniorSoftwareEngineer', '1182');
INSERT INTO `SkillSet` (`id`) VALUES ('1183');
INSERT INTO `SkillSet_skills` (`SkillSet_id`, `skills`) VALUES ('1183', 'dotNet');
INSERT INTO `SkillSet_skills` (`SkillSet_id`, `skills`) VALUES ('1183', 'dotNet');
INSERT INTO `SkillSet_skills` (`SkillSet_id`, `skills`) VALUES ('1183', 'Java');
INSERT INTO `SkillSet_skills` (`SkillSet_id`, `skills`) VALUES ('1183', 'Architektur');
INSERT INTO `SkillSet_skills` (`SkillSet_id`, `skills`) VALUES ('1183', 'SQL');
INSERT INTO `Hero` (`id`, `firstName`, `lastName`, `role`, `skillSet_id`) VALUES ('1183', 'a41bc773-7f61-4fe0-b722-0cde66b6f77d', 'ffe2da41-200c-4007-b0a8-fd83593c3881', 'SoftwareEngineer', '1183');
INSERT INTO `SkillSet` (`id`) VALUES ('1184');
INSERT INTO `SkillSet_skills` (`SkillSet_id`, `skills`) VALUES ('1184', 'UnitTesting');
INSERT INTO `Hero` (`id`, `firstName`, `lastName`, `role`, `skillSet_id`) VALUES ('1184', 'bded7306-44ff-4cca-80b2-058ff7dc0797', 'b4027a3e-9f72-4ca1-951e-2efe5ab34ad0', 'PrincipalConsultant', '1184');
INSERT INTO `SkillSet` (`id`) VALUES ('1185');
INSERT INTO `SkillSet_skills` (`SkillSet_id`, `skills`) VALUES ('1185', 'Architektur');
INSERT INTO `SkillSet_skills` (`SkillSet_id`, `skills`) VALUES ('1185', 'Architektur');
INSERT INTO `SkillSet_skills` (`SkillSet_id`, `skills`) VALUES ('1185', 'UnitTesting');
INSERT INTO `SkillSet_skills` (`SkillSet_id`, `skills`) VALUES ('1185', 'dotNet');
INSERT INTO `Hero` (`id`, `firstName`, `lastName`, `role`, `skillSet_id`) VALUES ('1185', '85313073-2572-4c85-8268-ec0339a311ef', 'dbef2c64-cab7-4a42-a6db-4a2deff7142d', 'JuniorSoftwareEngineer', '1185');
INSERT INTO `SkillSet` (`id`) VALUES ('1186');
INSERT INTO `SkillSet_skills` (`SkillSet_id`, `skills`) VALUES ('1186', 'Java');
INSERT INTO `SkillSet_skills` (`SkillSet_id`, `skills`) VALUES ('1186', 'SQL');
INSERT INTO `SkillSet_skills` (`SkillSet_id`, `skills`) VALUES ('1186', 'UnitTesting');
INSERT INTO `SkillSet_skills` (`SkillSet_id`, `skills`) VALUES ('1186', 'UnitTesting');
INSERT INTO `SkillSet_skills` (`SkillSet_id`, `skills`) VALUES ('1186', 'dotNet');
INSERT INTO `Hero` (`id`, `firstName`, `lastName`, `role`, `skillSet_id`) VALUES ('1186', '468596ed-89f4-495c-8bf1-1130a833666c', '9e0d3e01-d6b9-4c2e-bb5a-5b6779d3f0af', 'PrincipalConsultant', '1186');
INSERT INTO `SkillSet` (`id`) VALUES ('1187');
INSERT INTO `SkillSet_skills` (`SkillSet_id`, `skills`) VALUES ('1187', 'Architektur');
INSERT INTO `SkillSet_skills` (`SkillSet_id`, `skills`) VALUES ('1187', 'Ant');
INSERT INTO `SkillSet_skills` (`SkillSet_id`, `skills`) VALUES ('1187', 'UITesting');
INSERT INTO `SkillSet_skills` (`SkillSet_id`, `skills`) VALUES ('1187', 'UITesting');
INSERT INTO `SkillSet_skills` (`SkillSet_id`, `skills`) VALUES ('1187', 'Gradle');
INSERT INTO `Hero` (`id`, `firstName`, `lastName`, `role`, `skillSet_id`) VALUES ('1187', 'bb246ecd-a8c5-483f-ae0a-16583f05fa4f', '5664ff48-8cf1-483e-b91a-352fdd7668d4', 'SeniorSoftwareEngineer', '1187');
INSERT INTO `SkillSet` (`id`) VALUES ('1188');
INSERT INTO `SkillSet_skills` (`SkillSet_id`, `skills`) VALUES ('1188', 'UITesting');
INSERT INTO `SkillSet_skills` (`SkillSet_id`, `skills`) VALUES ('1188', 'SQL');
INSERT INTO `SkillSet_skills` (`SkillSet_id`, `skills`) VALUES ('1188', 'Gradle');
INSERT INTO `Hero` (`id`, `firstName`, `lastName`, `role`, `skillSet_id`) VALUES ('1188', '2de78eea-d855-4099-a18c-a9733a495fad', '3e269b25-b089-462f-902c-854068995e18', 'JuniorSoftwareEngineer', '1188');
INSERT INTO `SkillSet` (`id`) VALUES ('1189');
INSERT INTO `SkillSet_skills` (`SkillSet_id`, `skills`) VALUES ('1189', 'Maven');
INSERT INTO `SkillSet_skills` (`SkillSet_id`, `skills`) VALUES ('1189', 'Ant');
INSERT INTO `SkillSet_skills` (`SkillSet_id`, `skills`) VALUES ('1189', 'Gradle');
INSERT INTO `SkillSet_skills` (`SkillSet_id`, `skills`) VALUES ('1189', 'Architektur');
INSERT INTO `Hero` (`id`, `firstName`, `lastName`, `role`, `skillSet_id`) VALUES ('1189', '2c1c16a9-0a7c-4d6a-893a-ccbac4b73592', '7fbc399d-565f-4c50-b8d5-bb58ddd1496d', 'SoftwareEngineer', '1189');
INSERT INTO `SkillSet` (`id`) VALUES ('1190');
INSERT INTO `SkillSet_skills` (`SkillSet_id`, `skills`) VALUES ('1190', 'Architektur');
INSERT INTO `SkillSet_skills` (`SkillSet_id`, `skills`) VALUES ('1190', 'Architektur');
INSERT INTO `SkillSet_skills` (`SkillSet_id`, `skills`) VALUES ('1190', 'Java');
INSERT INTO `Hero` (`id`, `firstName`, `lastName`, `role`, `skillSet_id`) VALUES ('1190', '9786ac9c-bee7-4f58-93a1-835c68427b40', 'bb30ec69-17a2-4eb3-8183-ea72857d5ddd', 'SeniorSoftwareEngineer', '1190');
INSERT INTO `SkillSet` (`id`) VALUES ('1191');
INSERT INTO `SkillSet_skills` (`SkillSet_id`, `skills`) VALUES ('1191', 'UnitTesting');
INSERT INTO `Hero` (`id`, `firstName`, `lastName`, `role`, `skillSet_id`) VALUES ('1191', 'ddb5c6eb-b8ac-4015-aa04-901fbbacb3f4', '75dd2aad-883d-4480-8fd7-a55009674dfa', 'SoftwareEngineer', '1191');
INSERT INTO `SkillSet` (`id`) VALUES ('1192');
INSERT INTO `SkillSet_skills` (`SkillSet_id`, `skills`) VALUES ('1192', 'UITesting');
INSERT INTO `SkillSet_skills` (`SkillSet_id`, `skills`) VALUES ('1192', 'UITesting');
INSERT INTO `SkillSet_skills` (`SkillSet_id`, `skills`) VALUES ('1192', 'Architektur');
INSERT INTO `SkillSet_skills` (`SkillSet_id`, `skills`) VALUES ('1192', 'Java');
INSERT INTO `SkillSet_skills` (`SkillSet_id`, `skills`) VALUES ('1192', 'Maven');
INSERT INTO `Hero` (`id`, `firstName`, `lastName`, `role`, `skillSet_id`) VALUES ('1192', '6860bc1d-e8e7-4b7b-8f4b-6276c0f1a6ba', 'ab12f94b-9a7d-46fe-bc59-30bf2b4f4c67', 'PrincipalConsultant', '1192');
INSERT INTO `SkillSet` (`id`) VALUES ('1193');
INSERT INTO `SkillSet_skills` (`SkillSet_id`, `skills`) VALUES ('1193', 'Maven');
INSERT INTO `SkillSet_skills` (`SkillSet_id`, `skills`) VALUES ('1193', 'Architektur');
INSERT INTO `Hero` (`id`, `firstName`, `lastName`, `role`, `skillSet_id`) VALUES ('1193', 'a2a94f4b-0d98-4c8f-9a79-bbaf3218aeb0', '28b712f8-cfac-47fb-b0ee-3ad76e0606e4', 'SeniorSoftwareEngineer', '1193');
INSERT INTO `SkillSet` (`id`) VALUES ('1194');
INSERT INTO `SkillSet_skills` (`SkillSet_id`, `skills`) VALUES ('1194', 'Architektur');
INSERT INTO `SkillSet_skills` (`SkillSet_id`, `skills`) VALUES ('1194', 'Java');
INSERT INTO `SkillSet_skills` (`SkillSet_id`, `skills`) VALUES ('1194', 'Maven');
INSERT INTO `SkillSet_skills` (`SkillSet_id`, `skills`) VALUES ('1194', 'Java');
INSERT INTO `Hero` (`id`, `firstName`, `lastName`, `role`, `skillSet_id`) VALUES ('1194', '83a867ec-c70c-4333-8335-0bab5cab8ebf', '02dad733-42c3-4a8d-9346-3178a908bf02', 'PrincipalConsultant', '1194');
INSERT INTO `SkillSet` (`id`) VALUES ('1195');
INSERT INTO `SkillSet_skills` (`SkillSet_id`, `skills`) VALUES ('1195', 'Ant');
INSERT INTO `SkillSet_skills` (`SkillSet_id`, `skills`) VALUES ('1195', 'SQL');
INSERT INTO `SkillSet_skills` (`SkillSet_id`, `skills`) VALUES ('1195', 'Gradle');
INSERT INTO `SkillSet_skills` (`SkillSet_id`, `skills`) VALUES ('1195', 'dotNet');
INSERT INTO `SkillSet_skills` (`SkillSet_id`, `skills`) VALUES ('1195', 'UITesting');
INSERT INTO `Hero` (`id`, `firstName`, `lastName`, `role`, `skillSet_id`) VALUES ('1195', '79523c84-4a28-4dcb-b57a-b6165834b759', 'feb46f63-1def-4e96-8cae-ad6e629798a7', 'SeniorSoftwareEngineer', '1195');
INSERT INTO `SkillSet` (`id`) VALUES ('1196');
INSERT INTO `SkillSet_skills` (`SkillSet_id`, `skills`) VALUES ('1196', 'Architektur');
INSERT INTO `SkillSet_skills` (`SkillSet_id`, `skills`) VALUES ('1196', 'UnitTesting');
INSERT INTO `SkillSet_skills` (`SkillSet_id`, `skills`) VALUES ('1196', 'SQL');
INSERT INTO `Hero` (`id`, `firstName`, `lastName`, `role`, `skillSet_id`) VALUES ('1196', 'b63bc25d-46f0-44e6-a420-91b8bcea00b6', '29797dd5-02e9-4a6d-b2a3-6705ff40b250', 'PrincipalConsultant', '1196');
INSERT INTO `SkillSet` (`id`) VALUES ('1197');
INSERT INTO `SkillSet_skills` (`SkillSet_id`, `skills`) VALUES ('1197', 'Maven');
INSERT INTO `Hero` (`id`, `firstName`, `lastName`, `role`, `skillSet_id`) VALUES ('1197', '4a5a6b41-c257-4caa-abea-dbd223d0e164', 'ee656ae6-b319-4498-88e4-98aae0a136ea', 'JuniorSoftwareEngineer', '1197');
INSERT INTO `SkillSet` (`id`) VALUES ('1198');
INSERT INTO `SkillSet_skills` (`SkillSet_id`, `skills`) VALUES ('1198', 'SQL');
INSERT INTO `Hero` (`id`, `firstName`, `lastName`, `role`, `skillSet_id`) VALUES ('1198', 'd06f9e90-f27a-449a-970a-038cd46a16de', 'f94c3704-7434-469e-a057-f0a2e7a94424', 'SoftwareEngineer', '1198');
INSERT INTO `SkillSet` (`id`) VALUES ('1199');
INSERT INTO `SkillSet_skills` (`SkillSet_id`, `skills`) VALUES ('1199', 'Gradle');
INSERT INTO `SkillSet_skills` (`SkillSet_id`, `skills`) VALUES ('1199', 'dotNet');
INSERT INTO `Hero` (`id`, `firstName`, `lastName`, `role`, `skillSet_id`) VALUES ('1199', 'd5714109-3feb-437f-8286-35e1deaeebd8', '02f3b05f-1191-49f2-bae0-b46c47b2bf7d', 'SoftwareEngineer', '1199');
INSERT INTO `SkillSet` (`id`) VALUES ('1200');
INSERT INTO `SkillSet_skills` (`SkillSet_id`, `skills`) VALUES ('1200', 'Java');
INSERT INTO `SkillSet_skills` (`SkillSet_id`, `skills`) VALUES ('1200', 'Architektur');
INSERT INTO `Hero` (`id`, `firstName`, `lastName`, `role`, `skillSet_id`) VALUES ('1200', '8ccde845-4786-49ef-adab-3e99b9beff40', 'f5cb8610-afdb-4aa4-9ec0-d3ef1375e2fd', 'LeadEngineer', '1200');
INSERT INTO `SkillSet` (`id`) VALUES ('1201');
INSERT INTO `SkillSet_skills` (`SkillSet_id`, `skills`) VALUES ('1201', 'dotNet');
INSERT INTO `Hero` (`id`, `firstName`, `lastName`, `role`, `skillSet_id`) VALUES ('1201', 'c260387a-5d14-4f5b-ad4d-ca0c466e90b8', '5357369d-0f26-4306-ba66-6dfb71f3411d', 'LeadSoftwareArchitect', '1201');
INSERT INTO `SkillSet` (`id`) VALUES ('1202');
INSERT INTO `SkillSet_skills` (`SkillSet_id`, `skills`) VALUES ('1202', 'UITesting');
INSERT INTO `SkillSet_skills` (`SkillSet_id`, `skills`) VALUES ('1202', 'dotNet');
INSERT INTO `Hero` (`id`, `firstName`, `lastName`, `role`, `skillSet_id`) VALUES ('1202', 'adeebe2d-2be3-4c60-a5b4-e51a3935b353', 'b9d9a662-b5b6-4b73-a7c3-3872f3b54420', 'SoftwareEngineer', '1202');
INSERT INTO `SkillSet` (`id`) VALUES ('1203');
INSERT INTO `SkillSet_skills` (`SkillSet_id`, `skills`) VALUES ('1203', 'UnitTesting');
INSERT INTO `SkillSet_skills` (`SkillSet_id`, `skills`) VALUES ('1203', 'Maven');
INSERT INTO `SkillSet_skills` (`SkillSet_id`, `skills`) VALUES ('1203', 'UnitTesting');
INSERT INTO `SkillSet_skills` (`SkillSet_id`, `skills`) VALUES ('1203', 'UnitTesting');
INSERT INTO `Hero` (`id`, `firstName`, `lastName`, `role`, `skillSet_id`) VALUES ('1203', 'aba94775-e8ff-4add-86fb-56179e60f7d4', '277653f1-f89d-4102-9fad-a30b3b430595', 'LeadSoftwareArchitect', '1203');
INSERT INTO `SkillSet` (`id`) VALUES ('1204');
INSERT INTO `SkillSet_skills` (`SkillSet_id`, `skills`) VALUES ('1204', 'Maven');
INSERT INTO `SkillSet_skills` (`SkillSet_id`, `skills`) VALUES ('1204', 'SQL');
INSERT INTO `SkillSet_skills` (`SkillSet_id`, `skills`) VALUES ('1204', 'UITesting');
INSERT INTO `Hero` (`id`, `firstName`, `lastName`, `role`, `skillSet_id`) VALUES ('1204', '269adcfd-cc79-4a69-b1ad-cd078704e9bf', '3768082a-b291-4da7-9dc7-d9b98883aa78', 'SeniorSoftwareEngineer', '1204');
INSERT INTO `SkillSet` (`id`) VALUES ('1205');
INSERT INTO `SkillSet_skills` (`SkillSet_id`, `skills`) VALUES ('1205', 'SQL');
INSERT INTO `SkillSet_skills` (`SkillSet_id`, `skills`) VALUES ('1205', 'Java');
INSERT INTO `SkillSet_skills` (`SkillSet_id`, `skills`) VALUES ('1205', 'Ant');
INSERT INTO `SkillSet_skills` (`SkillSet_id`, `skills`) VALUES ('1205', 'Java');
INSERT INTO `SkillSet_skills` (`SkillSet_id`, `skills`) VALUES ('1205', 'dotNet');
INSERT INTO `Hero` (`id`, `firstName`, `lastName`, `role`, `skillSet_id`) VALUES ('1205', '826c4775-1bb1-4808-ae3f-e794bb311b24', 'e632fe8b-b4e1-4360-9e3f-985736b455db', 'SeniorSoftwareEngineer', '1205');
INSERT INTO `SkillSet` (`id`) VALUES ('1206');
INSERT INTO `SkillSet_skills` (`SkillSet_id`, `skills`) VALUES ('1206', 'UnitTesting');
INSERT INTO `Hero` (`id`, `firstName`, `lastName`, `role`, `skillSet_id`) VALUES ('1206', '7e925970-bd39-4989-93db-215f5bc793e4', '28bc8784-b165-400e-a0c4-b4ffa9af3b54', 'SeniorSoftwareEngineer', '1206');
INSERT INTO `SkillSet` (`id`) VALUES ('1207');
INSERT INTO `SkillSet_skills` (`SkillSet_id`, `skills`) VALUES ('1207', 'Gradle');
INSERT INTO `Hero` (`id`, `firstName`, `lastName`, `role`, `skillSet_id`) VALUES ('1207', '9f44a34f-79b3-4b42-9d13-3716f91a83c3', '0656f6e2-1d36-4950-a072-8e3d2ebd69f1', 'SeniorSoftwareEngineer', '1207');
INSERT INTO `SkillSet` (`id`) VALUES ('1208');
INSERT INTO `SkillSet_skills` (`SkillSet_id`, `skills`) VALUES ('1208', 'Ant');
INSERT INTO `SkillSet_skills` (`SkillSet_id`, `skills`) VALUES ('1208', 'SQL');
INSERT INTO `SkillSet_skills` (`SkillSet_id`, `skills`) VALUES ('1208', 'SQL');
INSERT INTO `SkillSet_skills` (`SkillSet_id`, `skills`) VALUES ('1208', 'UITesting');
INSERT INTO `SkillSet_skills` (`SkillSet_id`, `skills`) VALUES ('1208', 'UITesting');
INSERT INTO `Hero` (`id`, `firstName`, `lastName`, `role`, `skillSet_id`) VALUES ('1208', 'e814c0b0-db94-4278-b315-95f42c7544cf', 'a47ce2c4-bfb5-470b-8ceb-2a0a66b90950', 'JuniorSoftwareEngineer', '1208');
INSERT INTO `SkillSet` (`id`) VALUES ('1209');
INSERT INTO `SkillSet_skills` (`SkillSet_id`, `skills`) VALUES ('1209', 'Gradle');
INSERT INTO `SkillSet_skills` (`SkillSet_id`, `skills`) VALUES ('1209', 'Ant');
INSERT INTO `Hero` (`id`, `firstName`, `lastName`, `role`, `skillSet_id`) VALUES ('1209', '48870ea2-0a36-457e-84b6-00b8f2ae68fd', '4a3416ea-881a-4578-9730-5d69861fb3b4', 'PrincipalConsultant', '1209');
INSERT INTO `SkillSet` (`id`) VALUES ('1210');
INSERT INTO `SkillSet_skills` (`SkillSet_id`, `skills`) VALUES ('1210', 'SQL');
INSERT INTO `Hero` (`id`, `firstName`, `lastName`, `role`, `skillSet_id`) VALUES ('1210', 'c7c28df6-e4c9-45cb-89e4-a0ac967fdd5c', '794a15ec-9de6-4438-a76e-72d551a8ab7a', 'SeniorSoftwareEngineer', '1210');
INSERT INTO `SkillSet` (`id`) VALUES ('1211');
INSERT INTO `SkillSet_skills` (`SkillSet_id`, `skills`) VALUES ('1211', 'SQL');
INSERT INTO `Hero` (`id`, `firstName`, `lastName`, `role`, `skillSet_id`) VALUES ('1211', '536048d3-50ff-42d8-bd65-63b73fe46bba', 'fa1fb031-d164-4212-9cc1-2ac85acbcffc', 'LeadSoftwareArchitect', '1211');
INSERT INTO `SkillSet` (`id`) VALUES ('1212');
INSERT INTO `SkillSet_skills` (`SkillSet_id`, `skills`) VALUES ('1212', 'UITesting');
INSERT INTO `SkillSet_skills` (`SkillSet_id`, `skills`) VALUES ('1212', 'Java');
INSERT INTO `SkillSet_skills` (`SkillSet_id`, `skills`) VALUES ('1212', 'UITesting');
INSERT INTO `SkillSet_skills` (`SkillSet_id`, `skills`) VALUES ('1212', 'Java');
INSERT INTO `SkillSet_skills` (`SkillSet_id`, `skills`) VALUES ('1212', 'Maven');
INSERT INTO `Hero` (`id`, `firstName`, `lastName`, `role`, `skillSet_id`) VALUES ('1212', '6932e381-b7b0-427b-8da9-c052f351c7f0', 'c8abeb50-ecb9-4d39-8954-204322e120ab', 'LeadEngineer', '1212');
INSERT INTO `SkillSet` (`id`) VALUES ('1213');
INSERT INTO `SkillSet_skills` (`SkillSet_id`, `skills`) VALUES ('1213', 'Gradle');
INSERT INTO `SkillSet_skills` (`SkillSet_id`, `skills`) VALUES ('1213', 'dotNet');
INSERT INTO `SkillSet_skills` (`SkillSet_id`, `skills`) VALUES ('1213', 'Architektur');
INSERT INTO `Hero` (`id`, `firstName`, `lastName`, `role`, `skillSet_id`) VALUES ('1213', 'd1272b5b-a052-47ff-adcc-d2c8a22926bb', 'd795dfae-77a6-4466-bbf3-ec74caca84a2', 'LeadEngineer', '1213');
INSERT INTO `SkillSet` (`id`) VALUES ('1214');
INSERT INTO `SkillSet_skills` (`SkillSet_id`, `skills`) VALUES ('1214', 'UnitTesting');
INSERT INTO `SkillSet_skills` (`SkillSet_id`, `skills`) VALUES ('1214', 'SQL');
INSERT INTO `SkillSet_skills` (`SkillSet_id`, `skills`) VALUES ('1214', 'Java');
INSERT INTO `SkillSet_skills` (`SkillSet_id`, `skills`) VALUES ('1214', 'Java');
INSERT INTO `SkillSet_skills` (`SkillSet_id`, `skills`) VALUES ('1214', 'Java');
INSERT INTO `Hero` (`id`, `firstName`, `lastName`, `role`, `skillSet_id`) VALUES ('1214', '06e6cf96-693e-4a73-a0eb-2c746b780c78', '411e0a02-2957-470a-bb9f-48fef778e44e', 'PrincipalConsultant', '1214');
INSERT INTO `SkillSet` (`id`) VALUES ('1215');
INSERT INTO `SkillSet_skills` (`SkillSet_id`, `skills`) VALUES ('1215', 'UITesting');
INSERT INTO `SkillSet_skills` (`SkillSet_id`, `skills`) VALUES ('1215', 'dotNet');
INSERT INTO `SkillSet_skills` (`SkillSet_id`, `skills`) VALUES ('1215', 'Architektur');
INSERT INTO `Hero` (`id`, `firstName`, `lastName`, `role`, `skillSet_id`) VALUES ('1215', '166f6bbd-4eb6-46ef-95c1-a66f913ef656', '40c9af43-815f-4131-8b5c-04822ddf7272', 'LeadEngineer', '1215');
INSERT INTO `SkillSet` (`id`) VALUES ('1216');
INSERT INTO `SkillSet_skills` (`SkillSet_id`, `skills`) VALUES ('1216', 'Java');
INSERT INTO `SkillSet_skills` (`SkillSet_id`, `skills`) VALUES ('1216', 'Maven');
INSERT INTO `SkillSet_skills` (`SkillSet_id`, `skills`) VALUES ('1216', 'dotNet');
INSERT INTO `Hero` (`id`, `firstName`, `lastName`, `role`, `skillSet_id`) VALUES ('1216', '7a9087cc-5aaf-4f8c-ae9e-25a92c63f217', '172f0dd1-196d-4e47-9d07-b4e9823f8c7b', 'PrincipalConsultant', '1216');
INSERT INTO `SkillSet` (`id`) VALUES ('1217');
INSERT INTO `SkillSet_skills` (`SkillSet_id`, `skills`) VALUES ('1217', 'Architektur');
INSERT INTO `SkillSet_skills` (`SkillSet_id`, `skills`) VALUES ('1217', 'SQL');
INSERT INTO `Hero` (`id`, `firstName`, `lastName`, `role`, `skillSet_id`) VALUES ('1217', '393538a5-1d1a-4bfb-aac8-75711ae46348', '15b47da3-bcd3-49d8-93b8-5a837ffcc74b', 'SoftwareEngineer', '1217');
INSERT INTO `SkillSet` (`id`) VALUES ('1218');
INSERT INTO `SkillSet_skills` (`SkillSet_id`, `skills`) VALUES ('1218', 'dotNet');
INSERT INTO `Hero` (`id`, `firstName`, `lastName`, `role`, `skillSet_id`) VALUES ('1218', 'e4b72019-cb19-431b-9436-1fe56dcf326f', '144c1be0-a111-4369-adaa-875544be7951', 'SoftwareEngineer', '1218');
INSERT INTO `SkillSet` (`id`) VALUES ('1219');
INSERT INTO `SkillSet_skills` (`SkillSet_id`, `skills`) VALUES ('1219', 'Architektur');
INSERT INTO `SkillSet_skills` (`SkillSet_id`, `skills`) VALUES ('1219', 'UITesting');
INSERT INTO `SkillSet_skills` (`SkillSet_id`, `skills`) VALUES ('1219', 'UnitTesting');
INSERT INTO `Hero` (`id`, `firstName`, `lastName`, `role`, `skillSet_id`) VALUES ('1219', '34d8ba63-4cc9-4741-b0d2-1ae5fe01e744', 'ae2585ad-834f-4754-a5f8-cc072623ec55', 'JuniorSoftwareEngineer', '1219');
INSERT INTO `SkillSet` (`id`) VALUES ('1220');
INSERT INTO `SkillSet_skills` (`SkillSet_id`, `skills`) VALUES ('1220', 'SQL');
INSERT INTO `SkillSet_skills` (`SkillSet_id`, `skills`) VALUES ('1220', 'dotNet');
INSERT INTO `Hero` (`id`, `firstName`, `lastName`, `role`, `skillSet_id`) VALUES ('1220', 'f6ce2f46-852f-4bdb-80be-b28ad8b02027', '63993ad7-1e9f-496b-ba01-1bb76045aa25', 'LeadSoftwareArchitect', '1220');
INSERT INTO `SkillSet` (`id`) VALUES ('1221');
INSERT INTO `SkillSet_skills` (`SkillSet_id`, `skills`) VALUES ('1221', 'Architektur');
INSERT INTO `SkillSet_skills` (`SkillSet_id`, `skills`) VALUES ('1221', 'dotNet');
INSERT INTO `Hero` (`id`, `firstName`, `lastName`, `role`, `skillSet_id`) VALUES ('1221', 'fa9d0569-952d-4287-b32c-3aec5552071e', 'ec40157f-8aaf-4c22-ae3e-95bed5015e7e', 'PrincipalConsultant', '1221');
INSERT INTO `SkillSet` (`id`) VALUES ('1222');
INSERT INTO `SkillSet_skills` (`SkillSet_id`, `skills`) VALUES ('1222', 'Ant');
INSERT INTO `SkillSet_skills` (`SkillSet_id`, `skills`) VALUES ('1222', 'SQL');
INSERT INTO `SkillSet_skills` (`SkillSet_id`, `skills`) VALUES ('1222', 'dotNet');
INSERT INTO `Hero` (`id`, `firstName`, `lastName`, `role`, `skillSet_id`) VALUES ('1222', '4e06ed38-dd49-4da3-94a8-0c14de176a1a', '5b94b776-8d29-46f7-9a5f-e2591dc56a4f', 'PrincipalConsultant', '1222');
INSERT INTO `SkillSet` (`id`) VALUES ('1223');
INSERT INTO `SkillSet_skills` (`SkillSet_id`, `skills`) VALUES ('1223', 'Ant');
INSERT INTO `Hero` (`id`, `firstName`, `lastName`, `role`, `skillSet_id`) VALUES ('1223', '57a6671d-22d3-4c53-8ef5-a8d351f30945', 'b56ce1fc-86e6-4172-85a8-b832a34bb1c4', 'LeadSoftwareArchitect', '1223');
INSERT INTO `SkillSet` (`id`) VALUES ('1224');
INSERT INTO `SkillSet_skills` (`SkillSet_id`, `skills`) VALUES ('1224', 'Java');
INSERT INTO `SkillSet_skills` (`SkillSet_id`, `skills`) VALUES ('1224', 'Architektur');
INSERT INTO `SkillSet_skills` (`SkillSet_id`, `skills`) VALUES ('1224', 'Ant');
INSERT INTO `SkillSet_skills` (`SkillSet_id`, `skills`) VALUES ('1224', 'UITesting');
INSERT INTO `Hero` (`id`, `firstName`, `lastName`, `role`, `skillSet_id`) VALUES ('1224', '14e1ad33-b1f9-44b2-8a09-2ba1f7ebe0b6', '81b42e9c-2e88-46d0-85a3-64520ffa38f2', 'LeadEngineer', '1224');
INSERT INTO `SkillSet` (`id`) VALUES ('1225');
INSERT INTO `SkillSet_skills` (`SkillSet_id`, `skills`) VALUES ('1225', 'UnitTesting');
INSERT INTO `SkillSet_skills` (`SkillSet_id`, `skills`) VALUES ('1225', 'Ant');
INSERT INTO `Hero` (`id`, `firstName`, `lastName`, `role`, `skillSet_id`) VALUES ('1225', '8d7ede9e-1f27-4626-be82-746949632723', '6135a52b-f722-4a1d-a98e-3b4b8f0d4e3f', 'LeadSoftwareArchitect', '1225');
INSERT INTO `SkillSet` (`id`) VALUES ('1226');
INSERT INTO `SkillSet_skills` (`SkillSet_id`, `skills`) VALUES ('1226', 'dotNet');
INSERT INTO `SkillSet_skills` (`SkillSet_id`, `skills`) VALUES ('1226', 'Maven');
INSERT INTO `SkillSet_skills` (`SkillSet_id`, `skills`) VALUES ('1226', 'UnitTesting');
INSERT INTO `SkillSet_skills` (`SkillSet_id`, `skills`) VALUES ('1226', 'Java');
INSERT INTO `Hero` (`id`, `firstName`, `lastName`, `role`, `skillSet_id`) VALUES ('1226', '5c966bb1-1af9-426b-8edf-d09f8f4089e5', '33c25b00-d474-4e2e-a19b-5dcc57367bda', 'JuniorSoftwareEngineer', '1226');
INSERT INTO `SkillSet` (`id`) VALUES ('1227');
INSERT INTO `SkillSet_skills` (`SkillSet_id`, `skills`) VALUES ('1227', 'Java');
INSERT INTO `SkillSet_skills` (`SkillSet_id`, `skills`) VALUES ('1227', 'dotNet');
INSERT INTO `SkillSet_skills` (`SkillSet_id`, `skills`) VALUES ('1227', 'UnitTesting');
INSERT INTO `SkillSet_skills` (`SkillSet_id`, `skills`) VALUES ('1227', 'Architektur');
INSERT INTO `SkillSet_skills` (`SkillSet_id`, `skills`) VALUES ('1227', 'UnitTesting');
INSERT INTO `Hero` (`id`, `firstName`, `lastName`, `role`, `skillSet_id`) VALUES ('1227', '4463b015-db64-47b7-82a8-d84138530503', '0ca1ded3-5a77-431f-9f44-fffe46a4504b', 'PrincipalConsultant', '1227');
INSERT INTO `SkillSet` (`id`) VALUES ('1228');
INSERT INTO `SkillSet_skills` (`SkillSet_id`, `skills`) VALUES ('1228', 'Gradle');
INSERT INTO `Hero` (`id`, `firstName`, `lastName`, `role`, `skillSet_id`) VALUES ('1228', 'e0b0d35f-58bf-4b87-bc27-f3242fc31859', '92fc834b-c4a3-4ce2-b0b4-406936a3d9f1', 'SoftwareEngineer', '1228');
INSERT INTO `SkillSet` (`id`) VALUES ('1229');
INSERT INTO `SkillSet_skills` (`SkillSet_id`, `skills`) VALUES ('1229', 'Ant');
INSERT INTO `SkillSet_skills` (`SkillSet_id`, `skills`) VALUES ('1229', 'Ant');
INSERT INTO `SkillSet_skills` (`SkillSet_id`, `skills`) VALUES ('1229', 'Architektur');
INSERT INTO `SkillSet_skills` (`SkillSet_id`, `skills`) VALUES ('1229', 'Gradle');
INSERT INTO `SkillSet_skills` (`SkillSet_id`, `skills`) VALUES ('1229', 'Architektur');
INSERT INTO `Hero` (`id`, `firstName`, `lastName`, `role`, `skillSet_id`) VALUES ('1229', 'fbaccf02-00de-4362-8e7a-addbc9ba0c96', 'a200edc7-6606-432d-a001-ba17b3929977', 'LeadEngineer', '1229');
INSERT INTO `SkillSet` (`id`) VALUES ('1230');
INSERT INTO `SkillSet_skills` (`SkillSet_id`, `skills`) VALUES ('1230', 'dotNet');
INSERT INTO `SkillSet_skills` (`SkillSet_id`, `skills`) VALUES ('1230', 'dotNet');
INSERT INTO `SkillSet_skills` (`SkillSet_id`, `skills`) VALUES ('1230', 'Architektur');
INSERT INTO `SkillSet_skills` (`SkillSet_id`, `skills`) VALUES ('1230', 'SQL');
INSERT INTO `SkillSet_skills` (`SkillSet_id`, `skills`) VALUES ('1230', 'Architektur');
INSERT INTO `Hero` (`id`, `firstName`, `lastName`, `role`, `skillSet_id`) VALUES ('1230', '8c694e61-285a-4f63-a39b-2c980a3ede03', 'b8320d6e-9c06-40a8-b360-5c189e0f0b84', 'PrincipalConsultant', '1230');
INSERT INTO `SkillSet` (`id`) VALUES ('1231');
INSERT INTO `SkillSet_skills` (`SkillSet_id`, `skills`) VALUES ('1231', 'Gradle');
INSERT INTO `SkillSet_skills` (`SkillSet_id`, `skills`) VALUES ('1231', 'Architektur');
INSERT INTO `SkillSet_skills` (`SkillSet_id`, `skills`) VALUES ('1231', 'dotNet');
INSERT INTO `SkillSet_skills` (`SkillSet_id`, `skills`) VALUES ('1231', 'UITesting');
INSERT INTO `SkillSet_skills` (`SkillSet_id`, `skills`) VALUES ('1231', 'dotNet');
INSERT INTO `Hero` (`id`, `firstName`, `lastName`, `role`, `skillSet_id`) VALUES ('1231', 'a0ed247d-3fe5-422a-9d03-9e3ae1f60e25', '7d46999f-e5f9-400f-ad44-ad7977f30f75', 'LeadSoftwareArchitect', '1231');
INSERT INTO `SkillSet` (`id`) VALUES ('1232');
INSERT INTO `SkillSet_skills` (`SkillSet_id`, `skills`) VALUES ('1232', 'UITesting');
INSERT INTO `SkillSet_skills` (`SkillSet_id`, `skills`) VALUES ('1232', 'UnitTesting');
INSERT INTO `SkillSet_skills` (`SkillSet_id`, `skills`) VALUES ('1232', 'UITesting');
INSERT INTO `SkillSet_skills` (`SkillSet_id`, `skills`) VALUES ('1232', 'Java');
INSERT INTO `Hero` (`id`, `firstName`, `lastName`, `role`, `skillSet_id`) VALUES ('1232', 'bff2420c-5481-4666-b6f3-93d04e289817', '4988cdcd-c80c-4e61-a50a-e97bf98695ab', 'LeadEngineer', '1232');
INSERT INTO `SkillSet` (`id`) VALUES ('1233');
INSERT INTO `SkillSet_skills` (`SkillSet_id`, `skills`) VALUES ('1233', 'dotNet');
INSERT INTO `SkillSet_skills` (`SkillSet_id`, `skills`) VALUES ('1233', 'Maven');
INSERT INTO `SkillSet_skills` (`SkillSet_id`, `skills`) VALUES ('1233', 'Maven');
INSERT INTO `SkillSet_skills` (`SkillSet_id`, `skills`) VALUES ('1233', 'Java');
INSERT INTO `SkillSet_skills` (`SkillSet_id`, `skills`) VALUES ('1233', 'Ant');
INSERT INTO `Hero` (`id`, `firstName`, `lastName`, `role`, `skillSet_id`) VALUES ('1233', '7c370b38-ce6a-4f92-b785-74bd1fb3046c', '45e3b38f-346a-403f-8dae-433488bcf451', 'SoftwareEngineer', '1233');
INSERT INTO `SkillSet` (`id`) VALUES ('1234');
INSERT INTO `SkillSet_skills` (`SkillSet_id`, `skills`) VALUES ('1234', 'Maven');
INSERT INTO `SkillSet_skills` (`SkillSet_id`, `skills`) VALUES ('1234', 'Ant');
INSERT INTO `SkillSet_skills` (`SkillSet_id`, `skills`) VALUES ('1234', 'dotNet');
INSERT INTO `SkillSet_skills` (`SkillSet_id`, `skills`) VALUES ('1234', 'dotNet');
INSERT INTO `Hero` (`id`, `firstName`, `lastName`, `role`, `skillSet_id`) VALUES ('1234', '7498ca59-8231-4906-830b-f4294472f283', '7b9948e9-4a06-42f9-b175-6154ecbe7b57', 'JuniorSoftwareEngineer', '1234');
INSERT INTO `SkillSet` (`id`) VALUES ('1235');
INSERT INTO `SkillSet_skills` (`SkillSet_id`, `skills`) VALUES ('1235', 'Architektur');
INSERT INTO `SkillSet_skills` (`SkillSet_id`, `skills`) VALUES ('1235', 'dotNet');
INSERT INTO `SkillSet_skills` (`SkillSet_id`, `skills`) VALUES ('1235', 'SQL');
INSERT INTO `Hero` (`id`, `firstName`, `lastName`, `role`, `skillSet_id`) VALUES ('1235', '0170f98a-1577-40e0-a107-803826c7ff51', 'de0245f7-6593-4fe5-86df-8ed54ccb8fa3', 'PrincipalConsultant', '1235');
INSERT INTO `SkillSet` (`id`) VALUES ('1236');
INSERT INTO `SkillSet_skills` (`SkillSet_id`, `skills`) VALUES ('1236', 'Java');
INSERT INTO `SkillSet_skills` (`SkillSet_id`, `skills`) VALUES ('1236', 'Java');
INSERT INTO `Hero` (`id`, `firstName`, `lastName`, `role`, `skillSet_id`) VALUES ('1236', '3251be73-b1fa-4836-b326-4cd92ecdf563', 'd33a5adb-290c-409a-a993-6db43573da92', 'LeadEngineer', '1236');
INSERT INTO `SkillSet` (`id`) VALUES ('1237');
INSERT INTO `SkillSet_skills` (`SkillSet_id`, `skills`) VALUES ('1237', 'Gradle');
INSERT INTO `SkillSet_skills` (`SkillSet_id`, `skills`) VALUES ('1237', 'Java');
INSERT INTO `SkillSet_skills` (`SkillSet_id`, `skills`) VALUES ('1237', 'UITesting');
INSERT INTO `SkillSet_skills` (`SkillSet_id`, `skills`) VALUES ('1237', 'Architektur');
INSERT INTO `SkillSet_skills` (`SkillSet_id`, `skills`) VALUES ('1237', 'Maven');
INSERT INTO `Hero` (`id`, `firstName`, `lastName`, `role`, `skillSet_id`) VALUES ('1237', '618a0702-f1fd-4d49-a4b6-7ef1d72bfcf5', '721d8d19-2554-47b5-8a16-0881f477000a', 'LeadEngineer', '1237');
INSERT INTO `SkillSet` (`id`) VALUES ('1238');
INSERT INTO `SkillSet_skills` (`SkillSet_id`, `skills`) VALUES ('1238', 'Maven');
INSERT INTO `SkillSet_skills` (`SkillSet_id`, `skills`) VALUES ('1238', 'Architektur');
INSERT INTO `SkillSet_skills` (`SkillSet_id`, `skills`) VALUES ('1238', 'Maven');
INSERT INTO `SkillSet_skills` (`SkillSet_id`, `skills`) VALUES ('1238', 'Java');
INSERT INTO `SkillSet_skills` (`SkillSet_id`, `skills`) VALUES ('1238', 'Maven');
INSERT INTO `Hero` (`id`, `firstName`, `lastName`, `role`, `skillSet_id`) VALUES ('1238', 'acf1196d-ceb1-4c4d-bf62-f2f5577f474b', '3d161e31-0514-48cf-816e-5565e67bd2f1', 'PrincipalConsultant', '1238');
INSERT INTO `SkillSet` (`id`) VALUES ('1239');
INSERT INTO `SkillSet_skills` (`SkillSet_id`, `skills`) VALUES ('1239', 'Java');
INSERT INTO `SkillSet_skills` (`SkillSet_id`, `skills`) VALUES ('1239', 'Ant');
INSERT INTO `SkillSet_skills` (`SkillSet_id`, `skills`) VALUES ('1239', 'Ant');
INSERT INTO `Hero` (`id`, `firstName`, `lastName`, `role`, `skillSet_id`) VALUES ('1239', '1e9f8329-855d-4b7e-85b1-3be401613ffb', 'e80a2d75-9320-4687-b36b-e7cedf63a0bc', 'PrincipalConsultant', '1239');
INSERT INTO `SkillSet` (`id`) VALUES ('1240');
INSERT INTO `SkillSet_skills` (`SkillSet_id`, `skills`) VALUES ('1240', 'dotNet');
INSERT INTO `Hero` (`id`, `firstName`, `lastName`, `role`, `skillSet_id`) VALUES ('1240', '0da736aa-07d4-460a-ae5d-be669db72ca1', '9b9a510b-5a58-45c5-8e93-aea091294418', 'SeniorSoftwareEngineer', '1240');
INSERT INTO `SkillSet` (`id`) VALUES ('1241');
INSERT INTO `SkillSet_skills` (`SkillSet_id`, `skills`) VALUES ('1241', 'SQL');
INSERT INTO `SkillSet_skills` (`SkillSet_id`, `skills`) VALUES ('1241', 'Maven');
INSERT INTO `SkillSet_skills` (`SkillSet_id`, `skills`) VALUES ('1241', 'UnitTesting');
INSERT INTO `SkillSet_skills` (`SkillSet_id`, `skills`) VALUES ('1241', 'Maven');
INSERT INTO `Hero` (`id`, `firstName`, `lastName`, `role`, `skillSet_id`) VALUES ('1241', '75b15de2-34af-4d13-b850-abe9d09429e3', 'b24bb558-cf61-447a-b30c-95b743a92cd4', 'SeniorSoftwareEngineer', '1241');
INSERT INTO `SkillSet` (`id`) VALUES ('1242');
INSERT INTO `SkillSet_skills` (`SkillSet_id`, `skills`) VALUES ('1242', 'UnitTesting');
INSERT INTO `SkillSet_skills` (`SkillSet_id`, `skills`) VALUES ('1242', 'UITesting');
INSERT INTO `SkillSet_skills` (`SkillSet_id`, `skills`) VALUES ('1242', 'SQL');
INSERT INTO `SkillSet_skills` (`SkillSet_id`, `skills`) VALUES ('1242', 'UITesting');
INSERT INTO `SkillSet_skills` (`SkillSet_id`, `skills`) VALUES ('1242', 'Gradle');
INSERT INTO `Hero` (`id`, `firstName`, `lastName`, `role`, `skillSet_id`) VALUES ('1242', '43a52f5e-b803-41fa-927b-484b1b3d6881', 'a91c510c-2eab-4027-b817-2fdec0208453', 'SeniorSoftwareEngineer', '1242');
INSERT INTO `SkillSet` (`id`) VALUES ('1243');
INSERT INTO `SkillSet_skills` (`SkillSet_id`, `skills`) VALUES ('1243', 'Ant');
INSERT INTO `SkillSet_skills` (`SkillSet_id`, `skills`) VALUES ('1243', 'UnitTesting');
INSERT INTO `Hero` (`id`, `firstName`, `lastName`, `role`, `skillSet_id`) VALUES ('1243', 'd1d6af04-707a-4985-bf9e-0b01cf99fb6e', '69e92b64-e341-4c65-9a28-ab164c97d4e6', 'LeadSoftwareArchitect', '1243');
INSERT INTO `SkillSet` (`id`) VALUES ('1244');
INSERT INTO `SkillSet_skills` (`SkillSet_id`, `skills`) VALUES ('1244', 'Architektur');
INSERT INTO `SkillSet_skills` (`SkillSet_id`, `skills`) VALUES ('1244', 'Java');
INSERT INTO `SkillSet_skills` (`SkillSet_id`, `skills`) VALUES ('1244', 'Ant');
INSERT INTO `SkillSet_skills` (`SkillSet_id`, `skills`) VALUES ('1244', 'UITesting');
INSERT INTO `SkillSet_skills` (`SkillSet_id`, `skills`) VALUES ('1244', 'Java');
INSERT INTO `Hero` (`id`, `firstName`, `lastName`, `role`, `skillSet_id`) VALUES ('1244', 'c3163004-cee0-4461-ac92-f9f04020af4f', '78b94b24-8a6a-48c5-b6d1-882067e31750', 'PrincipalConsultant', '1244');
INSERT INTO `SkillSet` (`id`) VALUES ('1245');
INSERT INTO `SkillSet_skills` (`SkillSet_id`, `skills`) VALUES ('1245', 'Architektur');
INSERT INTO `SkillSet_skills` (`SkillSet_id`, `skills`) VALUES ('1245', 'Maven');
INSERT INTO `SkillSet_skills` (`SkillSet_id`, `skills`) VALUES ('1245', 'Gradle');
INSERT INTO `SkillSet_skills` (`SkillSet_id`, `skills`) VALUES ('1245', 'Maven');
INSERT INTO `Hero` (`id`, `firstName`, `lastName`, `role`, `skillSet_id`) VALUES ('1245', 'b9697bc8-7ae5-4f4c-ba01-60c4fb6903e0', '42610ba8-6bcc-4fde-b7eb-86fdebce0c45', 'JuniorSoftwareEngineer', '1245');
INSERT INTO `SkillSet` (`id`) VALUES ('1246');
INSERT INTO `SkillSet_skills` (`SkillSet_id`, `skills`) VALUES ('1246', 'Maven');
INSERT INTO `SkillSet_skills` (`SkillSet_id`, `skills`) VALUES ('1246', 'Java');
INSERT INTO `SkillSet_skills` (`SkillSet_id`, `skills`) VALUES ('1246', 'UITesting');
INSERT INTO `Hero` (`id`, `firstName`, `lastName`, `role`, `skillSet_id`) VALUES ('1246', '5294630e-3548-4cfc-b719-44241478add9', '590ee08a-656d-4759-a887-26803237f562', 'LeadSoftwareArchitect', '1246');
INSERT INTO `SkillSet` (`id`) VALUES ('1247');
INSERT INTO `SkillSet_skills` (`SkillSet_id`, `skills`) VALUES ('1247', 'Java');
INSERT INTO `SkillSet_skills` (`SkillSet_id`, `skills`) VALUES ('1247', 'dotNet');
INSERT INTO `Hero` (`id`, `firstName`, `lastName`, `role`, `skillSet_id`) VALUES ('1247', 'edaf02ec-189a-4b5e-8dbb-f551c5d67c67', 'b5ded888-b16c-44c7-8e92-708e114c2bd9', 'JuniorSoftwareEngineer', '1247');
INSERT INTO `SkillSet` (`id`) VALUES ('1248');
INSERT INTO `SkillSet_skills` (`SkillSet_id`, `skills`) VALUES ('1248', 'dotNet');
INSERT INTO `Hero` (`id`, `firstName`, `lastName`, `role`, `skillSet_id`) VALUES ('1248', 'ad8d4634-f8d2-43b3-a167-cbd68bda3b2f', '17b30922-2da3-48d8-a5b2-a49f697cf228', 'LeadEngineer', '1248');
INSERT INTO `SkillSet` (`id`) VALUES ('1249');
INSERT INTO `SkillSet_skills` (`SkillSet_id`, `skills`) VALUES ('1249', 'SQL');
INSERT INTO `SkillSet_skills` (`SkillSet_id`, `skills`) VALUES ('1249', 'UITesting');
INSERT INTO `SkillSet_skills` (`SkillSet_id`, `skills`) VALUES ('1249', 'Architektur');
INSERT INTO `SkillSet_skills` (`SkillSet_id`, `skills`) VALUES ('1249', 'UnitTesting');
INSERT INTO `SkillSet_skills` (`SkillSet_id`, `skills`) VALUES ('1249', 'Java');
INSERT INTO `Hero` (`id`, `firstName`, `lastName`, `role`, `skillSet_id`) VALUES ('1249', 'faf06526-d495-46ec-b236-e3edc9f4bdbe', 'ae9bec7d-c463-428b-817a-2e3b3d872cb0', 'JuniorSoftwareEngineer', '1249');
INSERT INTO `SkillSet` (`id`) VALUES ('1250');
INSERT INTO `SkillSet_skills` (`SkillSet_id`, `skills`) VALUES ('1250', 'UnitTesting');
INSERT INTO `SkillSet_skills` (`SkillSet_id`, `skills`) VALUES ('1250', 'Java');
INSERT INTO `SkillSet_skills` (`SkillSet_id`, `skills`) VALUES ('1250', 'Gradle');
INSERT INTO `SkillSet_skills` (`SkillSet_id`, `skills`) VALUES ('1250', 'Maven');
INSERT INTO `SkillSet_skills` (`SkillSet_id`, `skills`) VALUES ('1250', 'SQL');
INSERT INTO `Hero` (`id`, `firstName`, `lastName`, `role`, `skillSet_id`) VALUES ('1250', 'b24f8542-4beb-4eb4-a619-dbdede0a0707', 'b0767102-80cd-4810-9b5d-a17ed7f30c4c', 'JuniorSoftwareEngineer', '1250');
INSERT INTO `SkillSet` (`id`) VALUES ('1251');
INSERT INTO `SkillSet_skills` (`SkillSet_id`, `skills`) VALUES ('1251', 'UnitTesting');
INSERT INTO `Hero` (`id`, `firstName`, `lastName`, `role`, `skillSet_id`) VALUES ('1251', '3d5d3bcb-31b3-4773-afc5-ca7999b8032e', '3e177fc0-38c0-48bd-9ddc-644489de4e19', 'LeadSoftwareArchitect', '1251');
INSERT INTO `SkillSet` (`id`) VALUES ('1252');
INSERT INTO `SkillSet_skills` (`SkillSet_id`, `skills`) VALUES ('1252', 'Maven');
INSERT INTO `SkillSet_skills` (`SkillSet_id`, `skills`) VALUES ('1252', 'Java');
INSERT INTO `SkillSet_skills` (`SkillSet_id`, `skills`) VALUES ('1252', 'dotNet');
INSERT INTO `Hero` (`id`, `firstName`, `lastName`, `role`, `skillSet_id`) VALUES ('1252', 'f9779cf6-9814-4baa-9e5b-5a0f811abfae', 'c3c62e4a-c2f2-460e-87c7-c9a1c88c18e3', 'PrincipalConsultant', '1252');
INSERT INTO `SkillSet` (`id`) VALUES ('1253');
INSERT INTO `SkillSet_skills` (`SkillSet_id`, `skills`) VALUES ('1253', 'UITesting');
INSERT INTO `SkillSet_skills` (`SkillSet_id`, `skills`) VALUES ('1253', 'UnitTesting');
INSERT INTO `Hero` (`id`, `firstName`, `lastName`, `role`, `skillSet_id`) VALUES ('1253', '2ab57c3e-8caa-470e-b7fa-6312c117fc49', '61e4df4e-831d-4ead-a25e-90a3f25a4333', 'LeadSoftwareArchitect', '1253');
INSERT INTO `SkillSet` (`id`) VALUES ('1254');
INSERT INTO `SkillSet_skills` (`SkillSet_id`, `skills`) VALUES ('1254', 'dotNet');
INSERT INTO `SkillSet_skills` (`SkillSet_id`, `skills`) VALUES ('1254', 'UnitTesting');
INSERT INTO `SkillSet_skills` (`SkillSet_id`, `skills`) VALUES ('1254', 'dotNet');
INSERT INTO `Hero` (`id`, `firstName`, `lastName`, `role`, `skillSet_id`) VALUES ('1254', '1e146307-c8aa-488c-b0af-3d7e7109e7e6', 'bceeca89-183b-41df-96cf-d1d53a6fa93e', 'LeadSoftwareArchitect', '1254');
INSERT INTO `SkillSet` (`id`) VALUES ('1255');
INSERT INTO `SkillSet_skills` (`SkillSet_id`, `skills`) VALUES ('1255', 'Gradle');
INSERT INTO `SkillSet_skills` (`SkillSet_id`, `skills`) VALUES ('1255', 'Maven');
INSERT INTO `SkillSet_skills` (`SkillSet_id`, `skills`) VALUES ('1255', 'SQL');
INSERT INTO `SkillSet_skills` (`SkillSet_id`, `skills`) VALUES ('1255', 'UnitTesting');
INSERT INTO `Hero` (`id`, `firstName`, `lastName`, `role`, `skillSet_id`) VALUES ('1255', 'ed8962a7-e8e1-4966-833f-255b384a5917', 'ec166c3f-9f16-4431-9949-353ef728906a', 'LeadSoftwareArchitect', '1255');
INSERT INTO `SkillSet` (`id`) VALUES ('1256');
INSERT INTO `SkillSet_skills` (`SkillSet_id`, `skills`) VALUES ('1256', 'UITesting');
INSERT INTO `SkillSet_skills` (`SkillSet_id`, `skills`) VALUES ('1256', 'UITesting');
INSERT INTO `SkillSet_skills` (`SkillSet_id`, `skills`) VALUES ('1256', 'dotNet');
INSERT INTO `SkillSet_skills` (`SkillSet_id`, `skills`) VALUES ('1256', 'Architektur');
INSERT INTO `SkillSet_skills` (`SkillSet_id`, `skills`) VALUES ('1256', 'UITesting');
INSERT INTO `Hero` (`id`, `firstName`, `lastName`, `role`, `skillSet_id`) VALUES ('1256', '9e0365fc-bb3c-447a-8681-7154cff3ae86', '7ff73828-9ed9-489b-9019-7a35b2c2e48d', 'PrincipalConsultant', '1256');
INSERT INTO `SkillSet` (`id`) VALUES ('1257');
INSERT INTO `SkillSet_skills` (`SkillSet_id`, `skills`) VALUES ('1257', 'Maven');
INSERT INTO `SkillSet_skills` (`SkillSet_id`, `skills`) VALUES ('1257', 'SQL');
INSERT INTO `Hero` (`id`, `firstName`, `lastName`, `role`, `skillSet_id`) VALUES ('1257', '4df3cdb9-07e7-4ad3-b3eb-69f17e53c5e1', '05e66a58-65d2-4201-aa25-b566927c6288', 'SoftwareEngineer', '1257');
INSERT INTO `SkillSet` (`id`) VALUES ('1258');
INSERT INTO `SkillSet_skills` (`SkillSet_id`, `skills`) VALUES ('1258', 'UnitTesting');
INSERT INTO `SkillSet_skills` (`SkillSet_id`, `skills`) VALUES ('1258', 'dotNet');
INSERT INTO `SkillSet_skills` (`SkillSet_id`, `skills`) VALUES ('1258', 'Maven');
INSERT INTO `Hero` (`id`, `firstName`, `lastName`, `role`, `skillSet_id`) VALUES ('1258', 'ba78820a-a885-4aa6-82e7-15134c3aca73', '0b6a3ef2-4d3b-4e8a-8a22-e5ddafe8bb3e', 'LeadSoftwareArchitect', '1258');
INSERT INTO `SkillSet` (`id`) VALUES ('1259');
INSERT INTO `SkillSet_skills` (`SkillSet_id`, `skills`) VALUES ('1259', 'Gradle');
INSERT INTO `Hero` (`id`, `firstName`, `lastName`, `role`, `skillSet_id`) VALUES ('1259', 'c9cb80f9-4ee9-4f15-89bf-4b46aa389014', '1f54a7c3-f43d-4326-adc3-bbd115cf8a67', 'SoftwareEngineer', '1259');
INSERT INTO `SkillSet` (`id`) VALUES ('1260');
INSERT INTO `SkillSet_skills` (`SkillSet_id`, `skills`) VALUES ('1260', 'Ant');
INSERT INTO `SkillSet_skills` (`SkillSet_id`, `skills`) VALUES ('1260', 'Ant');
INSERT INTO `SkillSet_skills` (`SkillSet_id`, `skills`) VALUES ('1260', 'Architektur');
INSERT INTO `SkillSet_skills` (`SkillSet_id`, `skills`) VALUES ('1260', 'UITesting');
INSERT INTO `Hero` (`id`, `firstName`, `lastName`, `role`, `skillSet_id`) VALUES ('1260', 'af89fc69-c997-4866-8110-7daa37d4248e', 'c7b925a4-6f65-4f79-b461-aaa9707ddb96', 'SeniorSoftwareEngineer', '1260');
INSERT INTO `SkillSet` (`id`) VALUES ('1261');
INSERT INTO `SkillSet_skills` (`SkillSet_id`, `skills`) VALUES ('1261', 'Ant');
INSERT INTO `SkillSet_skills` (`SkillSet_id`, `skills`) VALUES ('1261', 'UnitTesting');
INSERT INTO `SkillSet_skills` (`SkillSet_id`, `skills`) VALUES ('1261', 'dotNet');
INSERT INTO `SkillSet_skills` (`SkillSet_id`, `skills`) VALUES ('1261', 'UnitTesting');
INSERT INTO `SkillSet_skills` (`SkillSet_id`, `skills`) VALUES ('1261', 'Ant');
INSERT INTO `Hero` (`id`, `firstName`, `lastName`, `role`, `skillSet_id`) VALUES ('1261', '45ccfdd4-85a2-4a4b-ac71-cf262db5abee', '08b433ab-1ddb-4a29-a25c-b319ba48028b', 'PrincipalConsultant', '1261');
INSERT INTO `SkillSet` (`id`) VALUES ('1262');
INSERT INTO `SkillSet_skills` (`SkillSet_id`, `skills`) VALUES ('1262', 'UITesting');
INSERT INTO `SkillSet_skills` (`SkillSet_id`, `skills`) VALUES ('1262', 'dotNet');
INSERT INTO `SkillSet_skills` (`SkillSet_id`, `skills`) VALUES ('1262', 'dotNet');
INSERT INTO `SkillSet_skills` (`SkillSet_id`, `skills`) VALUES ('1262', 'Architektur');
INSERT INTO `Hero` (`id`, `firstName`, `lastName`, `role`, `skillSet_id`) VALUES ('1262', '9f6f2f14-012c-4b8f-b720-f32e2b03d7f2', '857fdd8e-c49c-4ac0-a46c-c8222c258605', 'LeadEngineer', '1262');
INSERT INTO `SkillSet` (`id`) VALUES ('1263');
INSERT INTO `SkillSet_skills` (`SkillSet_id`, `skills`) VALUES ('1263', 'SQL');
INSERT INTO `Hero` (`id`, `firstName`, `lastName`, `role`, `skillSet_id`) VALUES ('1263', 'b69ceaa0-e308-43b0-b54d-6b0d22d556b7', 'd7413210-b15f-415a-ae76-59f24b881852', 'SoftwareEngineer', '1263');
INSERT INTO `SkillSet` (`id`) VALUES ('1264');
INSERT INTO `SkillSet_skills` (`SkillSet_id`, `skills`) VALUES ('1264', 'Gradle');
INSERT INTO `SkillSet_skills` (`SkillSet_id`, `skills`) VALUES ('1264', 'Architektur');
INSERT INTO `Hero` (`id`, `firstName`, `lastName`, `role`, `skillSet_id`) VALUES ('1264', '380bd0c2-c86a-4c2d-a6ec-d88ebd3c872a', 'c99855f2-4c36-4003-9c23-44ebde508e10', 'JuniorSoftwareEngineer', '1264');
INSERT INTO `SkillSet` (`id`) VALUES ('1265');
INSERT INTO `SkillSet_skills` (`SkillSet_id`, `skills`) VALUES ('1265', 'Maven');
INSERT INTO `SkillSet_skills` (`SkillSet_id`, `skills`) VALUES ('1265', 'Java');
INSERT INTO `SkillSet_skills` (`SkillSet_id`, `skills`) VALUES ('1265', 'SQL');
INSERT INTO `SkillSet_skills` (`SkillSet_id`, `skills`) VALUES ('1265', 'UITesting');
INSERT INTO `Hero` (`id`, `firstName`, `lastName`, `role`, `skillSet_id`) VALUES ('1265', 'ab5857fd-54d6-49ab-b19d-8eb2afacd5b7', '80577e69-2d4f-49c6-a8d6-2f1188e3ff02', 'SoftwareEngineer', '1265');
INSERT INTO `SkillSet` (`id`) VALUES ('1266');
INSERT INTO `SkillSet_skills` (`SkillSet_id`, `skills`) VALUES ('1266', 'UnitTesting');
INSERT INTO `SkillSet_skills` (`SkillSet_id`, `skills`) VALUES ('1266', 'Gradle');
INSERT INTO `SkillSet_skills` (`SkillSet_id`, `skills`) VALUES ('1266', 'Maven');
INSERT INTO `SkillSet_skills` (`SkillSet_id`, `skills`) VALUES ('1266', 'UnitTesting');
INSERT INTO `Hero` (`id`, `firstName`, `lastName`, `role`, `skillSet_id`) VALUES ('1266', '8e5feea3-2fab-4ec7-9a41-b0d3c04bae44', '6ce80edb-8ddc-4f9a-b5b3-29cd5d117361', 'LeadEngineer', '1266');
INSERT INTO `SkillSet` (`id`) VALUES ('1267');
INSERT INTO `SkillSet_skills` (`SkillSet_id`, `skills`) VALUES ('1267', 'dotNet');
INSERT INTO `SkillSet_skills` (`SkillSet_id`, `skills`) VALUES ('1267', 'Ant');
INSERT INTO `SkillSet_skills` (`SkillSet_id`, `skills`) VALUES ('1267', 'Gradle');
INSERT INTO `Hero` (`id`, `firstName`, `lastName`, `role`, `skillSet_id`) VALUES ('1267', 'e01d9ede-7110-4d1c-a67a-de9dbd84f95c', '40a84fac-37c6-4d83-9274-ed627a6aca7c', 'SoftwareEngineer', '1267');
INSERT INTO `SkillSet` (`id`) VALUES ('1268');
INSERT INTO `SkillSet_skills` (`SkillSet_id`, `skills`) VALUES ('1268', 'Architektur');
INSERT INTO `SkillSet_skills` (`SkillSet_id`, `skills`) VALUES ('1268', 'UITesting');
INSERT INTO `Hero` (`id`, `firstName`, `lastName`, `role`, `skillSet_id`) VALUES ('1268', 'a3fb7d57-40de-45e8-9d82-19bef5ac95ed', 'd0cc0b37-0c89-4b17-9398-d78fe6a4d920', 'LeadSoftwareArchitect', '1268');
INSERT INTO `SkillSet` (`id`) VALUES ('1269');
INSERT INTO `SkillSet_skills` (`SkillSet_id`, `skills`) VALUES ('1269', 'Maven');
INSERT INTO `Hero` (`id`, `firstName`, `lastName`, `role`, `skillSet_id`) VALUES ('1269', '55861806-6dff-4a5a-9b20-977462f5d870', '4ee01a69-5cab-45d2-b51b-0a4203192f43', 'LeadSoftwareArchitect', '1269');
INSERT INTO `SkillSet` (`id`) VALUES ('1270');
INSERT INTO `SkillSet_skills` (`SkillSet_id`, `skills`) VALUES ('1270', 'Architektur');
INSERT INTO `SkillSet_skills` (`SkillSet_id`, `skills`) VALUES ('1270', 'Maven');
INSERT INTO `SkillSet_skills` (`SkillSet_id`, `skills`) VALUES ('1270', 'SQL');
INSERT INTO `SkillSet_skills` (`SkillSet_id`, `skills`) VALUES ('1270', 'Ant');
INSERT INTO `Hero` (`id`, `firstName`, `lastName`, `role`, `skillSet_id`) VALUES ('1270', 'f4b07423-b6ac-4f60-b189-494c39203d09', 'eba43499-e542-4964-aa32-420f6a219462', 'SeniorSoftwareEngineer', '1270');
INSERT INTO `SkillSet` (`id`) VALUES ('1271');
INSERT INTO `SkillSet_skills` (`SkillSet_id`, `skills`) VALUES ('1271', 'UnitTesting');
INSERT INTO `Hero` (`id`, `firstName`, `lastName`, `role`, `skillSet_id`) VALUES ('1271', 'd2c3b351-2c9d-4fd2-a727-8fde3b8948f7', '48b1003b-c2d2-4792-95db-b87acc993432', 'SoftwareEngineer', '1271');
INSERT INTO `SkillSet` (`id`) VALUES ('1272');
INSERT INTO `SkillSet_skills` (`SkillSet_id`, `skills`) VALUES ('1272', 'UnitTesting');
INSERT INTO `SkillSet_skills` (`SkillSet_id`, `skills`) VALUES ('1272', 'Maven');
INSERT INTO `SkillSet_skills` (`SkillSet_id`, `skills`) VALUES ('1272', 'UITesting');
INSERT INTO `SkillSet_skills` (`SkillSet_id`, `skills`) VALUES ('1272', 'UnitTesting');
INSERT INTO `SkillSet_skills` (`SkillSet_id`, `skills`) VALUES ('1272', 'UnitTesting');
INSERT INTO `Hero` (`id`, `firstName`, `lastName`, `role`, `skillSet_id`) VALUES ('1272', 'f164fadb-5114-43d5-ab80-3f7009e61831', 'f9d5b4fe-6a45-456d-bae3-6045c80bbc64', 'LeadEngineer', '1272');
INSERT INTO `SkillSet` (`id`) VALUES ('1273');
INSERT INTO `SkillSet_skills` (`SkillSet_id`, `skills`) VALUES ('1273', 'Ant');
INSERT INTO `SkillSet_skills` (`SkillSet_id`, `skills`) VALUES ('1273', 'UITesting');
INSERT INTO `SkillSet_skills` (`SkillSet_id`, `skills`) VALUES ('1273', 'UITesting');
INSERT INTO `SkillSet_skills` (`SkillSet_id`, `skills`) VALUES ('1273', 'SQL');
INSERT INTO `Hero` (`id`, `firstName`, `lastName`, `role`, `skillSet_id`) VALUES ('1273', '038ba13b-d15b-4651-a3a2-27035a22234e', '5d29a21a-0232-474d-a1cd-a9b965ac2593', 'SeniorSoftwareEngineer', '1273');
INSERT INTO `SkillSet` (`id`) VALUES ('1274');
INSERT INTO `SkillSet_skills` (`SkillSet_id`, `skills`) VALUES ('1274', 'Java');
INSERT INTO `SkillSet_skills` (`SkillSet_id`, `skills`) VALUES ('1274', 'SQL');
INSERT INTO `SkillSet_skills` (`SkillSet_id`, `skills`) VALUES ('1274', 'Architektur');
INSERT INTO `Hero` (`id`, `firstName`, `lastName`, `role`, `skillSet_id`) VALUES ('1274', 'c55c3ceb-2a32-4909-b7e9-648c371d2ef8', '881c0f5c-9996-443e-9b47-372794ada895', 'LeadSoftwareArchitect', '1274');
INSERT INTO `SkillSet` (`id`) VALUES ('1275');
INSERT INTO `SkillSet_skills` (`SkillSet_id`, `skills`) VALUES ('1275', 'Maven');
INSERT INTO `SkillSet_skills` (`SkillSet_id`, `skills`) VALUES ('1275', 'Java');
INSERT INTO `SkillSet_skills` (`SkillSet_id`, `skills`) VALUES ('1275', 'dotNet');
INSERT INTO `SkillSet_skills` (`SkillSet_id`, `skills`) VALUES ('1275', 'UnitTesting');
INSERT INTO `SkillSet_skills` (`SkillSet_id`, `skills`) VALUES ('1275', 'UITesting');
INSERT INTO `Hero` (`id`, `firstName`, `lastName`, `role`, `skillSet_id`) VALUES ('1275', 'fc5dcf9f-4815-4cdf-9497-9f7592cc4cb4', 'fb27b268-2076-41ec-84d5-ec3307b0daf6', 'LeadEngineer', '1275');
INSERT INTO `SkillSet` (`id`) VALUES ('1276');
INSERT INTO `SkillSet_skills` (`SkillSet_id`, `skills`) VALUES ('1276', 'SQL');
INSERT INTO `SkillSet_skills` (`SkillSet_id`, `skills`) VALUES ('1276', 'Java');
INSERT INTO `SkillSet_skills` (`SkillSet_id`, `skills`) VALUES ('1276', 'Gradle');
INSERT INTO `SkillSet_skills` (`SkillSet_id`, `skills`) VALUES ('1276', 'SQL');
INSERT INTO `SkillSet_skills` (`SkillSet_id`, `skills`) VALUES ('1276', 'Java');
INSERT INTO `Hero` (`id`, `firstName`, `lastName`, `role`, `skillSet_id`) VALUES ('1276', '7f8a1d8a-a059-4f3c-99a1-8e5adc99e3d6', '35f7c1f0-fa58-4fb7-91f8-06dd9569fc43', 'SeniorSoftwareEngineer', '1276');
INSERT INTO `SkillSet` (`id`) VALUES ('1277');
INSERT INTO `SkillSet_skills` (`SkillSet_id`, `skills`) VALUES ('1277', 'Architektur');
INSERT INTO `SkillSet_skills` (`SkillSet_id`, `skills`) VALUES ('1277', 'Maven');
INSERT INTO `SkillSet_skills` (`SkillSet_id`, `skills`) VALUES ('1277', 'Maven');
INSERT INTO `SkillSet_skills` (`SkillSet_id`, `skills`) VALUES ('1277', 'Maven');
INSERT INTO `SkillSet_skills` (`SkillSet_id`, `skills`) VALUES ('1277', 'UnitTesting');
INSERT INTO `Hero` (`id`, `firstName`, `lastName`, `role`, `skillSet_id`) VALUES ('1277', '820c732f-a531-414d-8598-0aed6c198f76', 'b389c139-1a97-49c0-9af1-3e36d9fffd0b', 'SeniorSoftwareEngineer', '1277');
INSERT INTO `SkillSet` (`id`) VALUES ('1278');
INSERT INTO `SkillSet_skills` (`SkillSet_id`, `skills`) VALUES ('1278', 'SQL');
INSERT INTO `SkillSet_skills` (`SkillSet_id`, `skills`) VALUES ('1278', 'Java');
INSERT INTO `SkillSet_skills` (`SkillSet_id`, `skills`) VALUES ('1278', 'Architektur');
INSERT INTO `SkillSet_skills` (`SkillSet_id`, `skills`) VALUES ('1278', 'SQL');
INSERT INTO `Hero` (`id`, `firstName`, `lastName`, `role`, `skillSet_id`) VALUES ('1278', '08f127ba-2fbe-4536-b6a9-96f201112397', 'b76eaaf8-558e-4aed-841c-b9e54400cddc', 'SoftwareEngineer', '1278');
INSERT INTO `SkillSet` (`id`) VALUES ('1279');
INSERT INTO `SkillSet_skills` (`SkillSet_id`, `skills`) VALUES ('1279', 'Java');
INSERT INTO `SkillSet_skills` (`SkillSet_id`, `skills`) VALUES ('1279', 'Gradle');
INSERT INTO `SkillSet_skills` (`SkillSet_id`, `skills`) VALUES ('1279', 'Architektur');
INSERT INTO `SkillSet_skills` (`SkillSet_id`, `skills`) VALUES ('1279', 'Architektur');
INSERT INTO `SkillSet_skills` (`SkillSet_id`, `skills`) VALUES ('1279', 'UITesting');
INSERT INTO `Hero` (`id`, `firstName`, `lastName`, `role`, `skillSet_id`) VALUES ('1279', '094ceddb-ac17-43ab-b743-1b9f0d603f77', '19c18d5a-d8ce-42e3-bf2e-de6089fb355b', 'LeadEngineer', '1279');
INSERT INTO `SkillSet` (`id`) VALUES ('1280');
INSERT INTO `SkillSet_skills` (`SkillSet_id`, `skills`) VALUES ('1280', 'Maven');
INSERT INTO `SkillSet_skills` (`SkillSet_id`, `skills`) VALUES ('1280', 'Ant');
INSERT INTO `SkillSet_skills` (`SkillSet_id`, `skills`) VALUES ('1280', 'dotNet');
INSERT INTO `SkillSet_skills` (`SkillSet_id`, `skills`) VALUES ('1280', 'Java');
INSERT INTO `SkillSet_skills` (`SkillSet_id`, `skills`) VALUES ('1280', 'Ant');
INSERT INTO `Hero` (`id`, `firstName`, `lastName`, `role`, `skillSet_id`) VALUES ('1280', 'd3a8b24a-220b-4605-ae2a-5177afe99f42', '550068c0-7fa2-4287-bd07-6756d6556be9', 'SeniorSoftwareEngineer', '1280');
INSERT INTO `SkillSet` (`id`) VALUES ('1281');
INSERT INTO `SkillSet_skills` (`SkillSet_id`, `skills`) VALUES ('1281', 'dotNet');
INSERT INTO `SkillSet_skills` (`SkillSet_id`, `skills`) VALUES ('1281', 'Java');
INSERT INTO `SkillSet_skills` (`SkillSet_id`, `skills`) VALUES ('1281', 'Ant');
INSERT INTO `SkillSet_skills` (`SkillSet_id`, `skills`) VALUES ('1281', 'Ant');
INSERT INTO `SkillSet_skills` (`SkillSet_id`, `skills`) VALUES ('1281', 'Gradle');
INSERT INTO `Hero` (`id`, `firstName`, `lastName`, `role`, `skillSet_id`) VALUES ('1281', '5c7bea0f-925d-4345-ac23-59760e69924f', '827ee5d5-b2c9-440f-b278-50e35364e463', 'SeniorSoftwareEngineer', '1281');
INSERT INTO `SkillSet` (`id`) VALUES ('1282');
INSERT INTO `SkillSet_skills` (`SkillSet_id`, `skills`) VALUES ('1282', 'Architektur');
INSERT INTO `SkillSet_skills` (`SkillSet_id`, `skills`) VALUES ('1282', 'Java');
INSERT INTO `SkillSet_skills` (`SkillSet_id`, `skills`) VALUES ('1282', 'Gradle');
INSERT INTO `SkillSet_skills` (`SkillSet_id`, `skills`) VALUES ('1282', 'Architektur');
INSERT INTO `SkillSet_skills` (`SkillSet_id`, `skills`) VALUES ('1282', 'Architektur');
INSERT INTO `Hero` (`id`, `firstName`, `lastName`, `role`, `skillSet_id`) VALUES ('1282', 'b4ed4872-36ae-4b3b-9875-cacd171040d7', '1bd1f0a9-729b-468f-80a7-8215ab77b904', 'SeniorSoftwareEngineer', '1282');
INSERT INTO `SkillSet` (`id`) VALUES ('1283');
INSERT INTO `SkillSet_skills` (`SkillSet_id`, `skills`) VALUES ('1283', 'UITesting');
INSERT INTO `SkillSet_skills` (`SkillSet_id`, `skills`) VALUES ('1283', 'UnitTesting');
INSERT INTO `Hero` (`id`, `firstName`, `lastName`, `role`, `skillSet_id`) VALUES ('1283', 'cad0e7ab-ba61-482a-9c17-f4083b66d52d', '213ebc5c-703a-44dd-a0fc-3dfe386ebf97', 'PrincipalConsultant', '1283');
INSERT INTO `SkillSet` (`id`) VALUES ('1284');
INSERT INTO `SkillSet_skills` (`SkillSet_id`, `skills`) VALUES ('1284', 'Java');
INSERT INTO `SkillSet_skills` (`SkillSet_id`, `skills`) VALUES ('1284', 'dotNet');
INSERT INTO `Hero` (`id`, `firstName`, `lastName`, `role`, `skillSet_id`) VALUES ('1284', '1105b401-60b4-4fc7-a0d3-10a137ff0a6e', 'd0750b18-ea63-464c-b2b0-2b4a8ebd208b', 'LeadEngineer', '1284');
INSERT INTO `SkillSet` (`id`) VALUES ('1285');
INSERT INTO `SkillSet_skills` (`SkillSet_id`, `skills`) VALUES ('1285', 'SQL');
INSERT INTO `Hero` (`id`, `firstName`, `lastName`, `role`, `skillSet_id`) VALUES ('1285', 'a39bc245-2429-44a8-a22c-3f33f3ece18d', '83c45594-93cf-4603-908a-61bab1877c28', 'LeadSoftwareArchitect', '1285');
INSERT INTO `SkillSet` (`id`) VALUES ('1286');
INSERT INTO `SkillSet_skills` (`SkillSet_id`, `skills`) VALUES ('1286', 'Architektur');
INSERT INTO `SkillSet_skills` (`SkillSet_id`, `skills`) VALUES ('1286', 'Gradle');
INSERT INTO `SkillSet_skills` (`SkillSet_id`, `skills`) VALUES ('1286', 'UITesting');
INSERT INTO `SkillSet_skills` (`SkillSet_id`, `skills`) VALUES ('1286', 'Ant');
INSERT INTO `SkillSet_skills` (`SkillSet_id`, `skills`) VALUES ('1286', 'Ant');
INSERT INTO `Hero` (`id`, `firstName`, `lastName`, `role`, `skillSet_id`) VALUES ('1286', '6cdc5399-730d-4d2d-910b-afcd10d948ee', '31202b16-29c1-4b3e-b10e-eac43d2ae94f', 'JuniorSoftwareEngineer', '1286');
INSERT INTO `SkillSet` (`id`) VALUES ('1287');
INSERT INTO `SkillSet_skills` (`SkillSet_id`, `skills`) VALUES ('1287', 'Ant');
INSERT INTO `Hero` (`id`, `firstName`, `lastName`, `role`, `skillSet_id`) VALUES ('1287', '38fa4871-67ec-4269-a458-70651c893af1', 'e8134601-eceb-4cf6-a893-f0731217f937', 'LeadSoftwareArchitect', '1287');
INSERT INTO `SkillSet` (`id`) VALUES ('1288');
INSERT INTO `SkillSet_skills` (`SkillSet_id`, `skills`) VALUES ('1288', 'Gradle');
INSERT INTO `SkillSet_skills` (`SkillSet_id`, `skills`) VALUES ('1288', 'Gradle');
INSERT INTO `SkillSet_skills` (`SkillSet_id`, `skills`) VALUES ('1288', 'SQL');
INSERT INTO `Hero` (`id`, `firstName`, `lastName`, `role`, `skillSet_id`) VALUES ('1288', '01ec71ce-b23f-46f8-9ac4-c8781b357d41', '28d5e129-73b5-4e24-8f1d-b8133341a251', 'JuniorSoftwareEngineer', '1288');
INSERT INTO `SkillSet` (`id`) VALUES ('1289');
INSERT INTO `SkillSet_skills` (`SkillSet_id`, `skills`) VALUES ('1289', 'Java');
INSERT INTO `Hero` (`id`, `firstName`, `lastName`, `role`, `skillSet_id`) VALUES ('1289', 'd9ed128b-14d9-4df8-94e1-1b73c801c39f', '6a99593a-0bf4-4107-95db-adbd2c6be3fe', 'SeniorSoftwareEngineer', '1289');
INSERT INTO `SkillSet` (`id`) VALUES ('1290');
INSERT INTO `SkillSet_skills` (`SkillSet_id`, `skills`) VALUES ('1290', 'Gradle');
INSERT INTO `SkillSet_skills` (`SkillSet_id`, `skills`) VALUES ('1290', 'UITesting');
INSERT INTO `SkillSet_skills` (`SkillSet_id`, `skills`) VALUES ('1290', 'UnitTesting');
INSERT INTO `SkillSet_skills` (`SkillSet_id`, `skills`) VALUES ('1290', 'Maven');
INSERT INTO `SkillSet_skills` (`SkillSet_id`, `skills`) VALUES ('1290', 'UITesting');
INSERT INTO `Hero` (`id`, `firstName`, `lastName`, `role`, `skillSet_id`) VALUES ('1290', '1e1804d6-4f45-49f9-9990-83e8cef1f7c5', 'e35525a3-875b-44b7-aba7-c07e18908dbe', 'PrincipalConsultant', '1290');
INSERT INTO `SkillSet` (`id`) VALUES ('1291');
INSERT INTO `SkillSet_skills` (`SkillSet_id`, `skills`) VALUES ('1291', 'UnitTesting');
INSERT INTO `SkillSet_skills` (`SkillSet_id`, `skills`) VALUES ('1291', 'dotNet');
INSERT INTO `SkillSet_skills` (`SkillSet_id`, `skills`) VALUES ('1291', 'Architektur');
INSERT INTO `SkillSet_skills` (`SkillSet_id`, `skills`) VALUES ('1291', 'UITesting');
INSERT INTO `SkillSet_skills` (`SkillSet_id`, `skills`) VALUES ('1291', 'Ant');
INSERT INTO `Hero` (`id`, `firstName`, `lastName`, `role`, `skillSet_id`) VALUES ('1291', '94f8013f-d5ca-4d14-a78d-f09f1a5b7db7', '9da3a295-7d55-4b4b-af15-4016a3d52364', 'JuniorSoftwareEngineer', '1291');
INSERT INTO `SkillSet` (`id`) VALUES ('1292');
INSERT INTO `SkillSet_skills` (`SkillSet_id`, `skills`) VALUES ('1292', 'Java');
INSERT INTO `SkillSet_skills` (`SkillSet_id`, `skills`) VALUES ('1292', 'Gradle');
INSERT INTO `SkillSet_skills` (`SkillSet_id`, `skills`) VALUES ('1292', 'Java');
INSERT INTO `SkillSet_skills` (`SkillSet_id`, `skills`) VALUES ('1292', 'dotNet');
INSERT INTO `SkillSet_skills` (`SkillSet_id`, `skills`) VALUES ('1292', 'Architektur');
INSERT INTO `Hero` (`id`, `firstName`, `lastName`, `role`, `skillSet_id`) VALUES ('1292', 'd079336d-590f-4b46-9a68-3b029994d3d5', 'f05205a6-4786-4cdb-a8c2-ea4ddee8d73a', 'SeniorSoftwareEngineer', '1292');
INSERT INTO `SkillSet` (`id`) VALUES ('1293');
INSERT INTO `SkillSet_skills` (`SkillSet_id`, `skills`) VALUES ('1293', 'Ant');
INSERT INTO `Hero` (`id`, `firstName`, `lastName`, `role`, `skillSet_id`) VALUES ('1293', '1f66ad79-f48f-4e91-8d71-a1c7ad4772b0', '22cdf9ea-3014-461f-99a1-6c98d9575a73', 'SeniorSoftwareEngineer', '1293');
INSERT INTO `SkillSet` (`id`) VALUES ('1294');
INSERT INTO `SkillSet_skills` (`SkillSet_id`, `skills`) VALUES ('1294', 'Ant');
INSERT INTO `SkillSet_skills` (`SkillSet_id`, `skills`) VALUES ('1294', 'UITesting');
INSERT INTO `Hero` (`id`, `firstName`, `lastName`, `role`, `skillSet_id`) VALUES ('1294', 'f30c00b6-8d06-41d6-822c-8044dbba5eda', 'b7b02b05-c027-4cc1-9869-cf07a34ab98b', 'LeadSoftwareArchitect', '1294');
INSERT INTO `SkillSet` (`id`) VALUES ('1295');
INSERT INTO `SkillSet_skills` (`SkillSet_id`, `skills`) VALUES ('1295', 'Ant');
INSERT INTO `SkillSet_skills` (`SkillSet_id`, `skills`) VALUES ('1295', 'Maven');
INSERT INTO `Hero` (`id`, `firstName`, `lastName`, `role`, `skillSet_id`) VALUES ('1295', '071be10c-4a43-49a1-9758-546afa2bfdbc', 'db30c457-aa60-4a89-8f64-af73746cf183', 'LeadEngineer', '1295');
INSERT INTO `SkillSet` (`id`) VALUES ('1296');
INSERT INTO `SkillSet_skills` (`SkillSet_id`, `skills`) VALUES ('1296', 'Architektur');
INSERT INTO `SkillSet_skills` (`SkillSet_id`, `skills`) VALUES ('1296', 'dotNet');
INSERT INTO `Hero` (`id`, `firstName`, `lastName`, `role`, `skillSet_id`) VALUES ('1296', 'fa73f7c5-62e4-450c-af56-9a2cd9bca95e', '60f0ae30-9d49-48d6-82be-39ebdda25d23', 'LeadEngineer', '1296');
INSERT INTO `SkillSet` (`id`) VALUES ('1297');
INSERT INTO `SkillSet_skills` (`SkillSet_id`, `skills`) VALUES ('1297', 'dotNet');
INSERT INTO `SkillSet_skills` (`SkillSet_id`, `skills`) VALUES ('1297', 'UITesting');
INSERT INTO `SkillSet_skills` (`SkillSet_id`, `skills`) VALUES ('1297', 'dotNet');
INSERT INTO `Hero` (`id`, `firstName`, `lastName`, `role`, `skillSet_id`) VALUES ('1297', '88841156-dfbd-439b-8081-b3967d7e8a00', '6095819b-4cfd-4e31-bbca-1815cd643b38', 'JuniorSoftwareEngineer', '1297');
INSERT INTO `SkillSet` (`id`) VALUES ('1298');
INSERT INTO `SkillSet_skills` (`SkillSet_id`, `skills`) VALUES ('1298', 'dotNet');
INSERT INTO `Hero` (`id`, `firstName`, `lastName`, `role`, `skillSet_id`) VALUES ('1298', '33c249ac-0ced-48f8-8c25-6e172af2f1dc', 'ef36c800-9e1c-452a-b059-cff39d2c8c31', 'LeadEngineer', '1298');
INSERT INTO `SkillSet` (`id`) VALUES ('1299');
INSERT INTO `SkillSet_skills` (`SkillSet_id`, `skills`) VALUES ('1299', 'Architektur');
INSERT INTO `SkillSet_skills` (`SkillSet_id`, `skills`) VALUES ('1299', 'dotNet');
INSERT INTO `SkillSet_skills` (`SkillSet_id`, `skills`) VALUES ('1299', 'dotNet');
INSERT INTO `SkillSet_skills` (`SkillSet_id`, `skills`) VALUES ('1299', 'UITesting');
INSERT INTO `SkillSet_skills` (`SkillSet_id`, `skills`) VALUES ('1299', 'SQL');
INSERT INTO `Hero` (`id`, `firstName`, `lastName`, `role`, `skillSet_id`) VALUES ('1299', 'af4b5698-b903-4a58-a94d-986b8e1501f9', '77b7428d-998b-4b41-80e8-164cd9d181e5', 'LeadEngineer', '1299');
INSERT INTO `SkillSet` (`id`) VALUES ('1300');
INSERT INTO `SkillSet_skills` (`SkillSet_id`, `skills`) VALUES ('1300', 'Ant');
INSERT INTO `SkillSet_skills` (`SkillSet_id`, `skills`) VALUES ('1300', 'Architektur');
INSERT INTO `SkillSet_skills` (`SkillSet_id`, `skills`) VALUES ('1300', 'Architektur');
INSERT INTO `SkillSet_skills` (`SkillSet_id`, `skills`) VALUES ('1300', 'Architektur');
INSERT INTO `SkillSet_skills` (`SkillSet_id`, `skills`) VALUES ('1300', 'Ant');
INSERT INTO `Hero` (`id`, `firstName`, `lastName`, `role`, `skillSet_id`) VALUES ('1300', 'f67e3c85-4fb0-4ee3-9066-53356bdf108d', '90a76e88-3df4-4121-b94f-80a89185aab3', 'JuniorSoftwareEngineer', '1300');
INSERT INTO `SkillSet` (`id`) VALUES ('1301');
INSERT INTO `SkillSet_skills` (`SkillSet_id`, `skills`) VALUES ('1301', 'Ant');
INSERT INTO `SkillSet_skills` (`SkillSet_id`, `skills`) VALUES ('1301', 'UnitTesting');
INSERT INTO `SkillSet_skills` (`SkillSet_id`, `skills`) VALUES ('1301', 'Java');
INSERT INTO `Hero` (`id`, `firstName`, `lastName`, `role`, `skillSet_id`) VALUES ('1301', 'b6d1c43b-69c9-446f-8da0-7ace1357cdb5', '78d4a6a0-de99-4c36-aada-d1fc0c150b5f', 'PrincipalConsultant', '1301');
INSERT INTO `SkillSet` (`id`) VALUES ('1302');
INSERT INTO `SkillSet_skills` (`SkillSet_id`, `skills`) VALUES ('1302', 'SQL');
INSERT INTO `SkillSet_skills` (`SkillSet_id`, `skills`) VALUES ('1302', 'SQL');
INSERT INTO `SkillSet_skills` (`SkillSet_id`, `skills`) VALUES ('1302', 'dotNet');
INSERT INTO `SkillSet_skills` (`SkillSet_id`, `skills`) VALUES ('1302', 'Gradle');
INSERT INTO `Hero` (`id`, `firstName`, `lastName`, `role`, `skillSet_id`) VALUES ('1302', 'b6ae5112-3135-435d-b04d-3f91d0523123', 'f193cd28-8d4b-485f-b2a3-8734e7a8885c', 'SeniorSoftwareEngineer', '1302');
INSERT INTO `SkillSet` (`id`) VALUES ('1303');
INSERT INTO `SkillSet_skills` (`SkillSet_id`, `skills`) VALUES ('1303', 'dotNet');
INSERT INTO `SkillSet_skills` (`SkillSet_id`, `skills`) VALUES ('1303', 'Ant');
INSERT INTO `SkillSet_skills` (`SkillSet_id`, `skills`) VALUES ('1303', 'Java');
INSERT INTO `SkillSet_skills` (`SkillSet_id`, `skills`) VALUES ('1303', 'UnitTesting');
INSERT INTO `Hero` (`id`, `firstName`, `lastName`, `role`, `skillSet_id`) VALUES ('1303', 'afe03819-f3a0-4c3c-a01d-9daec0dedc21', 'e813e160-7aa8-42a5-811c-de54462c5a65', 'SeniorSoftwareEngineer', '1303');
INSERT INTO `SkillSet` (`id`) VALUES ('1304');
INSERT INTO `SkillSet_skills` (`SkillSet_id`, `skills`) VALUES ('1304', 'dotNet');
INSERT INTO `SkillSet_skills` (`SkillSet_id`, `skills`) VALUES ('1304', 'Architektur');
INSERT INTO `SkillSet_skills` (`SkillSet_id`, `skills`) VALUES ('1304', 'SQL');
INSERT INTO `Hero` (`id`, `firstName`, `lastName`, `role`, `skillSet_id`) VALUES ('1304', 'c117f85e-50b9-4976-9b60-f411a2469705', 'c2ba2626-da57-4299-bfa5-c78cd41e4b8c', 'SoftwareEngineer', '1304');
INSERT INTO `SkillSet` (`id`) VALUES ('1305');
INSERT INTO `SkillSet_skills` (`SkillSet_id`, `skills`) VALUES ('1305', 'Java');
INSERT INTO `Hero` (`id`, `firstName`, `lastName`, `role`, `skillSet_id`) VALUES ('1305', 'a3eec95a-bb01-4f47-99dd-6fec11d9ae7e', '40fff845-58e7-410c-a026-f8d203df15b1', 'LeadSoftwareArchitect', '1305');
INSERT INTO `SkillSet` (`id`) VALUES ('1306');
INSERT INTO `SkillSet_skills` (`SkillSet_id`, `skills`) VALUES ('1306', 'Architektur');
INSERT INTO `SkillSet_skills` (`SkillSet_id`, `skills`) VALUES ('1306', 'Java');
INSERT INTO `SkillSet_skills` (`SkillSet_id`, `skills`) VALUES ('1306', 'UITesting');
INSERT INTO `SkillSet_skills` (`SkillSet_id`, `skills`) VALUES ('1306', 'Ant');
INSERT INTO `SkillSet_skills` (`SkillSet_id`, `skills`) VALUES ('1306', 'Architektur');
INSERT INTO `Hero` (`id`, `firstName`, `lastName`, `role`, `skillSet_id`) VALUES ('1306', '5c673b65-62ac-49c7-82ad-ed7493a42f1a', '9f406ffb-3c1d-4e4d-a229-26e9a9e6a6bf', 'PrincipalConsultant', '1306');
INSERT INTO `SkillSet` (`id`) VALUES ('1307');
INSERT INTO `SkillSet_skills` (`SkillSet_id`, `skills`) VALUES ('1307', 'SQL');
INSERT INTO `SkillSet_skills` (`SkillSet_id`, `skills`) VALUES ('1307', 'UITesting');
INSERT INTO `Hero` (`id`, `firstName`, `lastName`, `role`, `skillSet_id`) VALUES ('1307', '4bc87984-9298-4b1c-b404-79f32a822453', '6458d42e-d0b7-42d0-9520-8d941006d45b', 'LeadSoftwareArchitect', '1307');
INSERT INTO `SkillSet` (`id`) VALUES ('1308');
INSERT INTO `SkillSet_skills` (`SkillSet_id`, `skills`) VALUES ('1308', 'UITesting');
INSERT INTO `Hero` (`id`, `firstName`, `lastName`, `role`, `skillSet_id`) VALUES ('1308', '3c0d9a5c-09e3-44f9-a365-1ea7b6ea2bce', '0fb2595f-d5cb-4afa-8882-a354e973d4f8', 'JuniorSoftwareEngineer', '1308');
INSERT INTO `SkillSet` (`id`) VALUES ('1309');
INSERT INTO `SkillSet_skills` (`SkillSet_id`, `skills`) VALUES ('1309', 'Java');
INSERT INTO `SkillSet_skills` (`SkillSet_id`, `skills`) VALUES ('1309', 'Maven');
INSERT INTO `Hero` (`id`, `firstName`, `lastName`, `role`, `skillSet_id`) VALUES ('1309', 'bd926d13-e6af-4ebc-bd89-abc683629ac9', 'd3bfd927-d288-4611-80a7-f9f30f64578b', 'PrincipalConsultant', '1309');
INSERT INTO `SkillSet` (`id`) VALUES ('1310');
INSERT INTO `SkillSet_skills` (`SkillSet_id`, `skills`) VALUES ('1310', 'Gradle');
INSERT INTO `Hero` (`id`, `firstName`, `lastName`, `role`, `skillSet_id`) VALUES ('1310', 'e4de5a2b-89f0-43c1-bb6c-f4dcae315921', '28e37c09-18d3-41cd-b23e-658378a72fc3', 'PrincipalConsultant', '1310');
INSERT INTO `SkillSet` (`id`) VALUES ('1311');
INSERT INTO `SkillSet_skills` (`SkillSet_id`, `skills`) VALUES ('1311', 'Maven');
INSERT INTO `Hero` (`id`, `firstName`, `lastName`, `role`, `skillSet_id`) VALUES ('1311', '47929cf1-e20a-4c2a-82eb-0fe32c5b2b5f', '7561484a-c06a-4c4b-a37b-b9e09a4827a8', 'JuniorSoftwareEngineer', '1311');
INSERT INTO `SkillSet` (`id`) VALUES ('1312');
INSERT INTO `SkillSet_skills` (`SkillSet_id`, `skills`) VALUES ('1312', 'dotNet');
INSERT INTO `SkillSet_skills` (`SkillSet_id`, `skills`) VALUES ('1312', 'SQL');
INSERT INTO `SkillSet_skills` (`SkillSet_id`, `skills`) VALUES ('1312', 'Ant');
INSERT INTO `SkillSet_skills` (`SkillSet_id`, `skills`) VALUES ('1312', 'Gradle');
INSERT INTO `SkillSet_skills` (`SkillSet_id`, `skills`) VALUES ('1312', 'Maven');
INSERT INTO `Hero` (`id`, `firstName`, `lastName`, `role`, `skillSet_id`) VALUES ('1312', '2450b8ee-2cb6-46f9-bd6e-d605923a2f69', 'edb5ab67-9456-484e-9030-7641087fa261', 'LeadEngineer', '1312');
INSERT INTO `SkillSet` (`id`) VALUES ('1313');
INSERT INTO `SkillSet_skills` (`SkillSet_id`, `skills`) VALUES ('1313', 'Ant');
INSERT INTO `SkillSet_skills` (`SkillSet_id`, `skills`) VALUES ('1313', 'Java');
INSERT INTO `SkillSet_skills` (`SkillSet_id`, `skills`) VALUES ('1313', 'Ant');
INSERT INTO `Hero` (`id`, `firstName`, `lastName`, `role`, `skillSet_id`) VALUES ('1313', '811cfba9-de92-4e02-a34e-90964e9136cd', '1c168b50-baee-4a89-8005-81f2e0735736', 'LeadSoftwareArchitect', '1313');
INSERT INTO `SkillSet` (`id`) VALUES ('1314');
INSERT INTO `SkillSet_skills` (`SkillSet_id`, `skills`) VALUES ('1314', 'Gradle');
INSERT INTO `Hero` (`id`, `firstName`, `lastName`, `role`, `skillSet_id`) VALUES ('1314', '0f81caba-d292-432c-a273-7128767d99eb', '46c340ba-8116-4fa6-8c02-6bd90542b12d', 'LeadSoftwareArchitect', '1314');
INSERT INTO `SkillSet` (`id`) VALUES ('1315');
INSERT INTO `SkillSet_skills` (`SkillSet_id`, `skills`) VALUES ('1315', 'Architektur');
INSERT INTO `SkillSet_skills` (`SkillSet_id`, `skills`) VALUES ('1315', 'Ant');
INSERT INTO `SkillSet_skills` (`SkillSet_id`, `skills`) VALUES ('1315', 'UnitTesting');
INSERT INTO `SkillSet_skills` (`SkillSet_id`, `skills`) VALUES ('1315', 'Architektur');
INSERT INTO `Hero` (`id`, `firstName`, `lastName`, `role`, `skillSet_id`) VALUES ('1315', '8472c2fb-d67c-4ff2-b12f-0fca4b2d80a8', '99eab280-7687-4e33-b7ac-ceae70eb2f46', 'JuniorSoftwareEngineer', '1315');
INSERT INTO `SkillSet` (`id`) VALUES ('1316');
INSERT INTO `SkillSet_skills` (`SkillSet_id`, `skills`) VALUES ('1316', 'Java');
INSERT INTO `SkillSet_skills` (`SkillSet_id`, `skills`) VALUES ('1316', 'SQL');
INSERT INTO `SkillSet_skills` (`SkillSet_id`, `skills`) VALUES ('1316', 'Gradle');
INSERT INTO `SkillSet_skills` (`SkillSet_id`, `skills`) VALUES ('1316', 'UnitTesting');
INSERT INTO `SkillSet_skills` (`SkillSet_id`, `skills`) VALUES ('1316', 'Architektur');
INSERT INTO `Hero` (`id`, `firstName`, `lastName`, `role`, `skillSet_id`) VALUES ('1316', '0c9572d1-c202-44a0-811a-678d6e883902', '78c1a0f8-e455-412b-b798-8d96a83ff408', 'PrincipalConsultant', '1316');
INSERT INTO `SkillSet` (`id`) VALUES ('1317');
INSERT INTO `SkillSet_skills` (`SkillSet_id`, `skills`) VALUES ('1317', 'Ant');
INSERT INTO `SkillSet_skills` (`SkillSet_id`, `skills`) VALUES ('1317', 'Gradle');
INSERT INTO `SkillSet_skills` (`SkillSet_id`, `skills`) VALUES ('1317', 'Architektur');
INSERT INTO `SkillSet_skills` (`SkillSet_id`, `skills`) VALUES ('1317', 'SQL');
INSERT INTO `Hero` (`id`, `firstName`, `lastName`, `role`, `skillSet_id`) VALUES ('1317', '52e5bb69-b6d0-4a9f-9d6d-28f2d801e854', '96253050-3c3a-4de4-b543-d30b3b40a416', 'LeadSoftwareArchitect', '1317');
INSERT INTO `SkillSet` (`id`) VALUES ('1318');
INSERT INTO `SkillSet_skills` (`SkillSet_id`, `skills`) VALUES ('1318', 'Maven');
INSERT INTO `SkillSet_skills` (`SkillSet_id`, `skills`) VALUES ('1318', 'Architektur');
INSERT INTO `SkillSet_skills` (`SkillSet_id`, `skills`) VALUES ('1318', 'Java');
INSERT INTO `SkillSet_skills` (`SkillSet_id`, `skills`) VALUES ('1318', 'dotNet');
INSERT INTO `Hero` (`id`, `firstName`, `lastName`, `role`, `skillSet_id`) VALUES ('1318', 'b035d6e5-335d-4506-ba55-7333b2d3f8ea', '7b5bee5e-7bbf-4913-b944-5c2527f2e3e2', 'SeniorSoftwareEngineer', '1318');
INSERT INTO `SkillSet` (`id`) VALUES ('1319');
INSERT INTO `SkillSet_skills` (`SkillSet_id`, `skills`) VALUES ('1319', 'UnitTesting');
INSERT INTO `SkillSet_skills` (`SkillSet_id`, `skills`) VALUES ('1319', 'UnitTesting');
INSERT INTO `SkillSet_skills` (`SkillSet_id`, `skills`) VALUES ('1319', 'SQL');
INSERT INTO `SkillSet_skills` (`SkillSet_id`, `skills`) VALUES ('1319', 'SQL');
INSERT INTO `Hero` (`id`, `firstName`, `lastName`, `role`, `skillSet_id`) VALUES ('1319', '5f5f8167-00e4-4a4a-a007-3fd29a2d5b7e', 'd68a10d0-0f22-404b-a52b-26dd60605755', 'LeadEngineer', '1319');
INSERT INTO `SkillSet` (`id`) VALUES ('1320');
INSERT INTO `SkillSet_skills` (`SkillSet_id`, `skills`) VALUES ('1320', 'Gradle');
INSERT INTO `SkillSet_skills` (`SkillSet_id`, `skills`) VALUES ('1320', 'Ant');
INSERT INTO `Hero` (`id`, `firstName`, `lastName`, `role`, `skillSet_id`) VALUES ('1320', 'a2f36ffa-0cea-4e6b-8ef4-e52deffccfc7', 'a9bec80e-2fc2-4f0a-87af-58e70a963c4c', 'LeadEngineer', '1320');
INSERT INTO `SkillSet` (`id`) VALUES ('1321');
INSERT INTO `SkillSet_skills` (`SkillSet_id`, `skills`) VALUES ('1321', 'UITesting');
INSERT INTO `SkillSet_skills` (`SkillSet_id`, `skills`) VALUES ('1321', 'Java');
INSERT INTO `SkillSet_skills` (`SkillSet_id`, `skills`) VALUES ('1321', 'SQL');
INSERT INTO `SkillSet_skills` (`SkillSet_id`, `skills`) VALUES ('1321', 'Architektur');
INSERT INTO `Hero` (`id`, `firstName`, `lastName`, `role`, `skillSet_id`) VALUES ('1321', '1bf7a0a6-2ef6-419d-b296-1be0c3eb88f5', '2ae4a25d-306c-47fe-9246-9dd42b3228dd', 'LeadSoftwareArchitect', '1321');
INSERT INTO `SkillSet` (`id`) VALUES ('1322');
INSERT INTO `SkillSet_skills` (`SkillSet_id`, `skills`) VALUES ('1322', 'dotNet');
INSERT INTO `SkillSet_skills` (`SkillSet_id`, `skills`) VALUES ('1322', 'Gradle');
INSERT INTO `Hero` (`id`, `firstName`, `lastName`, `role`, `skillSet_id`) VALUES ('1322', '015e5299-4ac5-4df5-a66f-8cbf8f35efb6', '10cf5092-1e51-4e18-8985-97d6bf9e5a38', 'JuniorSoftwareEngineer', '1322');
INSERT INTO `SkillSet` (`id`) VALUES ('1323');
INSERT INTO `SkillSet_skills` (`SkillSet_id`, `skills`) VALUES ('1323', 'UnitTesting');
INSERT INTO `SkillSet_skills` (`SkillSet_id`, `skills`) VALUES ('1323', 'dotNet');
INSERT INTO `Hero` (`id`, `firstName`, `lastName`, `role`, `skillSet_id`) VALUES ('1323', 'e8570e11-9ee7-4ed4-b77b-d89ba9c4eada', '33036185-403a-42fb-b722-06f7e3468fee', 'PrincipalConsultant', '1323');
INSERT INTO `SkillSet` (`id`) VALUES ('1324');
INSERT INTO `SkillSet_skills` (`SkillSet_id`, `skills`) VALUES ('1324', 'UnitTesting');
INSERT INTO `SkillSet_skills` (`SkillSet_id`, `skills`) VALUES ('1324', 'dotNet');
INSERT INTO `SkillSet_skills` (`SkillSet_id`, `skills`) VALUES ('1324', 'UnitTesting');
INSERT INTO `SkillSet_skills` (`SkillSet_id`, `skills`) VALUES ('1324', 'UnitTesting');
INSERT INTO `Hero` (`id`, `firstName`, `lastName`, `role`, `skillSet_id`) VALUES ('1324', '3e7bcc7e-15df-4d26-be19-73ec3985a3d6', '39d2db95-5ef4-48db-a814-d576c044b633', 'SoftwareEngineer', '1324');
INSERT INTO `SkillSet` (`id`) VALUES ('1325');
INSERT INTO `SkillSet_skills` (`SkillSet_id`, `skills`) VALUES ('1325', 'UITesting');
INSERT INTO `SkillSet_skills` (`SkillSet_id`, `skills`) VALUES ('1325', 'SQL');
INSERT INTO `SkillSet_skills` (`SkillSet_id`, `skills`) VALUES ('1325', 'Architektur');
INSERT INTO `Hero` (`id`, `firstName`, `lastName`, `role`, `skillSet_id`) VALUES ('1325', 'a608585a-58de-4f11-a92d-799c8dfd2e02', '9b55abc1-73f3-41d8-becf-12f8af4aa52e', 'LeadEngineer', '1325');
INSERT INTO `SkillSet` (`id`) VALUES ('1326');
INSERT INTO `SkillSet_skills` (`SkillSet_id`, `skills`) VALUES ('1326', 'SQL');
INSERT INTO `Hero` (`id`, `firstName`, `lastName`, `role`, `skillSet_id`) VALUES ('1326', '8f7ba510-b4a9-4ffd-b51a-1b719eb6c19d', '50510dc1-3ed7-4f94-b797-a6ab1c134145', 'SoftwareEngineer', '1326');
INSERT INTO `SkillSet` (`id`) VALUES ('1327');
INSERT INTO `SkillSet_skills` (`SkillSet_id`, `skills`) VALUES ('1327', 'UITesting');
INSERT INTO `SkillSet_skills` (`SkillSet_id`, `skills`) VALUES ('1327', 'Architektur');
INSERT INTO `SkillSet_skills` (`SkillSet_id`, `skills`) VALUES ('1327', 'SQL');
INSERT INTO `SkillSet_skills` (`SkillSet_id`, `skills`) VALUES ('1327', 'Maven');
INSERT INTO `SkillSet_skills` (`SkillSet_id`, `skills`) VALUES ('1327', 'SQL');
INSERT INTO `Hero` (`id`, `firstName`, `lastName`, `role`, `skillSet_id`) VALUES ('1327', 'cb9d80b2-6cca-493c-a204-15e754f4e31a', '00c43202-cff0-4c7e-b91b-571b02be5133', 'JuniorSoftwareEngineer', '1327');
INSERT INTO `SkillSet` (`id`) VALUES ('1328');
INSERT INTO `SkillSet_skills` (`SkillSet_id`, `skills`) VALUES ('1328', 'UITesting');
INSERT INTO `SkillSet_skills` (`SkillSet_id`, `skills`) VALUES ('1328', 'dotNet');
INSERT INTO `SkillSet_skills` (`SkillSet_id`, `skills`) VALUES ('1328', 'Java');
INSERT INTO `SkillSet_skills` (`SkillSet_id`, `skills`) VALUES ('1328', 'SQL');
INSERT INTO `Hero` (`id`, `firstName`, `lastName`, `role`, `skillSet_id`) VALUES ('1328', 'acb63066-03d1-438a-9efd-7dde20b74f89', 'a93e4ec4-b1f4-45d5-9de9-7fd7811991fd', 'SeniorSoftwareEngineer', '1328');
INSERT INTO `SkillSet` (`id`) VALUES ('1329');
INSERT INTO `SkillSet_skills` (`SkillSet_id`, `skills`) VALUES ('1329', 'Ant');
INSERT INTO `SkillSet_skills` (`SkillSet_id`, `skills`) VALUES ('1329', 'Gradle');
INSERT INTO `SkillSet_skills` (`SkillSet_id`, `skills`) VALUES ('1329', 'UnitTesting');
INSERT INTO `SkillSet_skills` (`SkillSet_id`, `skills`) VALUES ('1329', 'Architektur');
INSERT INTO `SkillSet_skills` (`SkillSet_id`, `skills`) VALUES ('1329', 'UnitTesting');
INSERT INTO `Hero` (`id`, `firstName`, `lastName`, `role`, `skillSet_id`) VALUES ('1329', 'c30ddb04-d310-4c5c-b6bb-25cae7623750', 'fdacb3bd-69d5-42b1-a685-2bd10bb0e5c4', 'SoftwareEngineer', '1329');
INSERT INTO `SkillSet` (`id`) VALUES ('1330');
INSERT INTO `SkillSet_skills` (`SkillSet_id`, `skills`) VALUES ('1330', 'Maven');
INSERT INTO `SkillSet_skills` (`SkillSet_id`, `skills`) VALUES ('1330', 'dotNet');
INSERT INTO `Hero` (`id`, `firstName`, `lastName`, `role`, `skillSet_id`) VALUES ('1330', 'a9a7a4bb-f483-4ae2-abb8-c47979e400b0', '85c4a847-f9ca-4470-babe-693fcd881baf', 'SeniorSoftwareEngineer', '1330');
INSERT INTO `SkillSet` (`id`) VALUES ('1331');
INSERT INTO `SkillSet_skills` (`SkillSet_id`, `skills`) VALUES ('1331', 'Architektur');
INSERT INTO `SkillSet_skills` (`SkillSet_id`, `skills`) VALUES ('1331', 'dotNet');
INSERT INTO `Hero` (`id`, `firstName`, `lastName`, `role`, `skillSet_id`) VALUES ('1331', '75b7021e-b3cb-41cd-a086-4f1dd9cdd382', '2cc4fc72-bb60-4ea4-a70d-42198f255b0d', 'LeadSoftwareArchitect', '1331');
INSERT INTO `SkillSet` (`id`) VALUES ('1332');
INSERT INTO `SkillSet_skills` (`SkillSet_id`, `skills`) VALUES ('1332', 'Maven');
INSERT INTO `Hero` (`id`, `firstName`, `lastName`, `role`, `skillSet_id`) VALUES ('1332', '58b0ffb5-e916-4399-9c97-e16a609e0c72', '00864a17-7f58-4a79-b623-0cd53f705409', 'SeniorSoftwareEngineer', '1332');
INSERT INTO `SkillSet` (`id`) VALUES ('1333');
INSERT INTO `SkillSet_skills` (`SkillSet_id`, `skills`) VALUES ('1333', 'UnitTesting');
INSERT INTO `SkillSet_skills` (`SkillSet_id`, `skills`) VALUES ('1333', 'dotNet');
INSERT INTO `SkillSet_skills` (`SkillSet_id`, `skills`) VALUES ('1333', 'SQL');
INSERT INTO `Hero` (`id`, `firstName`, `lastName`, `role`, `skillSet_id`) VALUES ('1333', '709acbe5-4d9a-475e-a22a-4e957b0a5263', '928abda2-1095-40c2-ad7e-15a1e165b506', 'LeadEngineer', '1333');
INSERT INTO `SkillSet` (`id`) VALUES ('1334');
INSERT INTO `SkillSet_skills` (`SkillSet_id`, `skills`) VALUES ('1334', 'SQL');
INSERT INTO `SkillSet_skills` (`SkillSet_id`, `skills`) VALUES ('1334', 'dotNet');
INSERT INTO `SkillSet_skills` (`SkillSet_id`, `skills`) VALUES ('1334', 'UnitTesting');
INSERT INTO `SkillSet_skills` (`SkillSet_id`, `skills`) VALUES ('1334', 'Java');
INSERT INTO `Hero` (`id`, `firstName`, `lastName`, `role`, `skillSet_id`) VALUES ('1334', 'c350df39-ab4b-479b-b6f7-f3b886b6d4c5', 'f6c6cf70-5246-4fe7-b86b-3c1e0da25407', 'LeadSoftwareArchitect', '1334');
INSERT INTO `SkillSet` (`id`) VALUES ('1335');
INSERT INTO `SkillSet_skills` (`SkillSet_id`, `skills`) VALUES ('1335', 'Java');
INSERT INTO `SkillSet_skills` (`SkillSet_id`, `skills`) VALUES ('1335', 'Ant');
INSERT INTO `SkillSet_skills` (`SkillSet_id`, `skills`) VALUES ('1335', 'Architektur');
INSERT INTO `SkillSet_skills` (`SkillSet_id`, `skills`) VALUES ('1335', 'UnitTesting');
INSERT INTO `SkillSet_skills` (`SkillSet_id`, `skills`) VALUES ('1335', 'Java');
INSERT INTO `Hero` (`id`, `firstName`, `lastName`, `role`, `skillSet_id`) VALUES ('1335', '2a67ea5d-e28e-476d-a32b-bfe828d8e81e', '0b038bf6-518c-40a7-aa74-829670901297', 'SeniorSoftwareEngineer', '1335');
INSERT INTO `SkillSet` (`id`) VALUES ('1336');
INSERT INTO `SkillSet_skills` (`SkillSet_id`, `skills`) VALUES ('1336', 'UnitTesting');
INSERT INTO `Hero` (`id`, `firstName`, `lastName`, `role`, `skillSet_id`) VALUES ('1336', '17c92726-1c86-4801-8e35-8d4d1d46979a', '94f10899-6fe7-4b5b-90a5-01c4b05a1ade', 'LeadEngineer', '1336');
INSERT INTO `SkillSet` (`id`) VALUES ('1337');
INSERT INTO `SkillSet_skills` (`SkillSet_id`, `skills`) VALUES ('1337', 'dotNet');
INSERT INTO `SkillSet_skills` (`SkillSet_id`, `skills`) VALUES ('1337', 'Architektur');
INSERT INTO `SkillSet_skills` (`SkillSet_id`, `skills`) VALUES ('1337', 'Java');
INSERT INTO `SkillSet_skills` (`SkillSet_id`, `skills`) VALUES ('1337', 'Java');
INSERT INTO `SkillSet_skills` (`SkillSet_id`, `skills`) VALUES ('1337', 'Ant');
INSERT INTO `Hero` (`id`, `firstName`, `lastName`, `role`, `skillSet_id`) VALUES ('1337', 'de0168db-003b-41df-a846-affa6f91b30c', 'bf45cc89-84a9-402f-977d-4152586b43af', 'SeniorSoftwareEngineer', '1337');
INSERT INTO `SkillSet` (`id`) VALUES ('1338');
INSERT INTO `SkillSet_skills` (`SkillSet_id`, `skills`) VALUES ('1338', 'Java');
INSERT INTO `Hero` (`id`, `firstName`, `lastName`, `role`, `skillSet_id`) VALUES ('1338', '12f03e50-4777-4c71-b3c8-b0f763926718', 'c07d0f97-b404-4d82-9a17-c0321b6f6854', 'LeadSoftwareArchitect', '1338');
INSERT INTO `SkillSet` (`id`) VALUES ('1339');
INSERT INTO `SkillSet_skills` (`SkillSet_id`, `skills`) VALUES ('1339', 'Ant');
INSERT INTO `SkillSet_skills` (`SkillSet_id`, `skills`) VALUES ('1339', 'SQL');
INSERT INTO `SkillSet_skills` (`SkillSet_id`, `skills`) VALUES ('1339', 'UnitTesting');
INSERT INTO `SkillSet_skills` (`SkillSet_id`, `skills`) VALUES ('1339', 'Java');
INSERT INTO `Hero` (`id`, `firstName`, `lastName`, `role`, `skillSet_id`) VALUES ('1339', '27e3bc66-61a0-4e7f-8ad7-94e1097cff1d', 'df1d3aeb-dc99-4627-86f1-fac7d8d4d83c', 'LeadEngineer', '1339');
INSERT INTO `SkillSet` (`id`) VALUES ('1340');
INSERT INTO `SkillSet_skills` (`SkillSet_id`, `skills`) VALUES ('1340', 'Architektur');
INSERT INTO `SkillSet_skills` (`SkillSet_id`, `skills`) VALUES ('1340', 'Architektur');
INSERT INTO `Hero` (`id`, `firstName`, `lastName`, `role`, `skillSet_id`) VALUES ('1340', 'e1460de5-ceec-4d81-bc94-c6942e9e8ab8', '5e939129-5bf3-450c-9cb5-0fe14364bf7b', 'PrincipalConsultant', '1340');
INSERT INTO `SkillSet` (`id`) VALUES ('1341');
INSERT INTO `SkillSet_skills` (`SkillSet_id`, `skills`) VALUES ('1341', 'Java');
INSERT INTO `SkillSet_skills` (`SkillSet_id`, `skills`) VALUES ('1341', 'UnitTesting');
INSERT INTO `SkillSet_skills` (`SkillSet_id`, `skills`) VALUES ('1341', 'Ant');
INSERT INTO `SkillSet_skills` (`SkillSet_id`, `skills`) VALUES ('1341', 'UITesting');
INSERT INTO `Hero` (`id`, `firstName`, `lastName`, `role`, `skillSet_id`) VALUES ('1341', '3a452972-63d5-408f-aa96-ec38409c3cc2', 'aab6dd23-d213-498c-aaaf-c26c2e59cfe9', 'SoftwareEngineer', '1341');
INSERT INTO `SkillSet` (`id`) VALUES ('1342');
INSERT INTO `SkillSet_skills` (`SkillSet_id`, `skills`) VALUES ('1342', 'Maven');
INSERT INTO `Hero` (`id`, `firstName`, `lastName`, `role`, `skillSet_id`) VALUES ('1342', '54578c25-65fc-454b-a5f7-3c0d6e9b0354', 'ccc0df8a-4fad-4c6d-bf9d-d5df78e308f3', 'LeadEngineer', '1342');
INSERT INTO `SkillSet` (`id`) VALUES ('1343');
INSERT INTO `SkillSet_skills` (`SkillSet_id`, `skills`) VALUES ('1343', 'Ant');
INSERT INTO `SkillSet_skills` (`SkillSet_id`, `skills`) VALUES ('1343', 'Java');
INSERT INTO `Hero` (`id`, `firstName`, `lastName`, `role`, `skillSet_id`) VALUES ('1343', 'a906b2c4-5ca2-46ec-90f2-9721c29c8c02', '5a10f582-6cac-4dad-9101-4f7d728faf10', 'PrincipalConsultant', '1343');
INSERT INTO `SkillSet` (`id`) VALUES ('1344');
INSERT INTO `SkillSet_skills` (`SkillSet_id`, `skills`) VALUES ('1344', 'UnitTesting');
INSERT INTO `Hero` (`id`, `firstName`, `lastName`, `role`, `skillSet_id`) VALUES ('1344', '5fbdeac7-1d87-479c-ba8d-6fd3471aec28', 'cfd08eaf-229b-4d54-9388-2626ab2740ba', 'PrincipalConsultant', '1344');
INSERT INTO `SkillSet` (`id`) VALUES ('1345');
INSERT INTO `SkillSet_skills` (`SkillSet_id`, `skills`) VALUES ('1345', 'SQL');
INSERT INTO `SkillSet_skills` (`SkillSet_id`, `skills`) VALUES ('1345', 'Gradle');
INSERT INTO `SkillSet_skills` (`SkillSet_id`, `skills`) VALUES ('1345', 'Architektur');
INSERT INTO `SkillSet_skills` (`SkillSet_id`, `skills`) VALUES ('1345', 'Maven');
INSERT INTO `SkillSet_skills` (`SkillSet_id`, `skills`) VALUES ('1345', 'UnitTesting');
INSERT INTO `Hero` (`id`, `firstName`, `lastName`, `role`, `skillSet_id`) VALUES ('1345', 'e569c3b9-a2e4-42d7-bf95-95997b694d5f', 'bb22625e-121d-4818-8518-00ab91beca19', 'LeadEngineer', '1345');
INSERT INTO `SkillSet` (`id`) VALUES ('1346');
INSERT INTO `SkillSet_skills` (`SkillSet_id`, `skills`) VALUES ('1346', 'Gradle');
INSERT INTO `SkillSet_skills` (`SkillSet_id`, `skills`) VALUES ('1346', 'Ant');
INSERT INTO `Hero` (`id`, `firstName`, `lastName`, `role`, `skillSet_id`) VALUES ('1346', '442e66d2-8764-44ae-be35-cc4cba5798fe', 'f8188602-09a7-4f4a-a482-0428a57a7e97', 'LeadEngineer', '1346');
INSERT INTO `SkillSet` (`id`) VALUES ('1347');
INSERT INTO `SkillSet_skills` (`SkillSet_id`, `skills`) VALUES ('1347', 'Architektur');
INSERT INTO `SkillSet_skills` (`SkillSet_id`, `skills`) VALUES ('1347', 'UnitTesting');
INSERT INTO `SkillSet_skills` (`SkillSet_id`, `skills`) VALUES ('1347', 'UITesting');
INSERT INTO `SkillSet_skills` (`SkillSet_id`, `skills`) VALUES ('1347', 'Maven');
INSERT INTO `Hero` (`id`, `firstName`, `lastName`, `role`, `skillSet_id`) VALUES ('1347', '70b23470-0500-482b-9d13-88f32564aa2c', 'c289358f-0005-45fe-8d7d-e78b94352303', 'LeadSoftwareArchitect', '1347');
INSERT INTO `SkillSet` (`id`) VALUES ('1348');
INSERT INTO `SkillSet_skills` (`SkillSet_id`, `skills`) VALUES ('1348', 'Gradle');
INSERT INTO `SkillSet_skills` (`SkillSet_id`, `skills`) VALUES ('1348', 'UnitTesting');
INSERT INTO `SkillSet_skills` (`SkillSet_id`, `skills`) VALUES ('1348', 'UITesting');
INSERT INTO `SkillSet_skills` (`SkillSet_id`, `skills`) VALUES ('1348', 'Maven');
INSERT INTO `Hero` (`id`, `firstName`, `lastName`, `role`, `skillSet_id`) VALUES ('1348', '2f317668-0083-4a63-805d-676439189fdd', '0700b2d7-4968-4d58-a127-836013bfc949', 'SoftwareEngineer', '1348');
INSERT INTO `SkillSet` (`id`) VALUES ('1349');
INSERT INTO `SkillSet_skills` (`SkillSet_id`, `skills`) VALUES ('1349', 'dotNet');
INSERT INTO `Hero` (`id`, `firstName`, `lastName`, `role`, `skillSet_id`) VALUES ('1349', '481e02b6-ad88-40bc-b182-64b172fe3c59', 'ae68aa1f-f98e-47fa-8735-b637edb7d31d', 'LeadSoftwareArchitect', '1349');
INSERT INTO `SkillSet` (`id`) VALUES ('1350');
INSERT INTO `SkillSet_skills` (`SkillSet_id`, `skills`) VALUES ('1350', 'UnitTesting');
INSERT INTO `SkillSet_skills` (`SkillSet_id`, `skills`) VALUES ('1350', 'Gradle');
INSERT INTO `SkillSet_skills` (`SkillSet_id`, `skills`) VALUES ('1350', 'SQL');
INSERT INTO `Hero` (`id`, `firstName`, `lastName`, `role`, `skillSet_id`) VALUES ('1350', '2e8320c0-f1cf-4ad9-99da-0f7294a7c4f2', '1a474673-67a5-46d6-ab49-3f687734025c', 'LeadEngineer', '1350');
INSERT INTO `SkillSet` (`id`) VALUES ('1351');
INSERT INTO `SkillSet_skills` (`SkillSet_id`, `skills`) VALUES ('1351', 'Ant');
INSERT INTO `SkillSet_skills` (`SkillSet_id`, `skills`) VALUES ('1351', 'Java');
INSERT INTO `SkillSet_skills` (`SkillSet_id`, `skills`) VALUES ('1351', 'Java');
INSERT INTO `Hero` (`id`, `firstName`, `lastName`, `role`, `skillSet_id`) VALUES ('1351', 'b4dce794-9af9-4ddb-893d-dcd921cd00fa', '54f30b40-6bea-46a6-affd-7d2fdbd8d812', 'LeadSoftwareArchitect', '1351');
INSERT INTO `SkillSet` (`id`) VALUES ('1352');
INSERT INTO `SkillSet_skills` (`SkillSet_id`, `skills`) VALUES ('1352', 'Architektur');
INSERT INTO `SkillSet_skills` (`SkillSet_id`, `skills`) VALUES ('1352', 'Java');
INSERT INTO `SkillSet_skills` (`SkillSet_id`, `skills`) VALUES ('1352', 'UnitTesting');
INSERT INTO `Hero` (`id`, `firstName`, `lastName`, `role`, `skillSet_id`) VALUES ('1352', '6ada6f31-5f38-4dcd-b306-5f02a3efe6d0', '9fcddb76-97e3-47c3-a386-f486951205d3', 'LeadSoftwareArchitect', '1352');
INSERT INTO `SkillSet` (`id`) VALUES ('1353');
INSERT INTO `SkillSet_skills` (`SkillSet_id`, `skills`) VALUES ('1353', 'SQL');
INSERT INTO `SkillSet_skills` (`SkillSet_id`, `skills`) VALUES ('1353', 'SQL');
INSERT INTO `SkillSet_skills` (`SkillSet_id`, `skills`) VALUES ('1353', 'UnitTesting');
INSERT INTO `SkillSet_skills` (`SkillSet_id`, `skills`) VALUES ('1353', 'Maven');
INSERT INTO `Hero` (`id`, `firstName`, `lastName`, `role`, `skillSet_id`) VALUES ('1353', '908fd88b-bc94-4655-9370-7f4128405a11', 'a3b0e88f-9f87-44af-bb81-0968930b8117', 'SeniorSoftwareEngineer', '1353');
INSERT INTO `SkillSet` (`id`) VALUES ('1354');
INSERT INTO `SkillSet_skills` (`SkillSet_id`, `skills`) VALUES ('1354', 'Gradle');
INSERT INTO `Hero` (`id`, `firstName`, `lastName`, `role`, `skillSet_id`) VALUES ('1354', 'ff0ef8e1-1717-4a66-a308-77cda05156b4', '799962d4-d65e-47dc-8751-92c97753c76a', 'SoftwareEngineer', '1354');
INSERT INTO `SkillSet` (`id`) VALUES ('1355');
INSERT INTO `SkillSet_skills` (`SkillSet_id`, `skills`) VALUES ('1355', 'Architektur');
INSERT INTO `SkillSet_skills` (`SkillSet_id`, `skills`) VALUES ('1355', 'SQL');
INSERT INTO `SkillSet_skills` (`SkillSet_id`, `skills`) VALUES ('1355', 'UnitTesting');
INSERT INTO `SkillSet_skills` (`SkillSet_id`, `skills`) VALUES ('1355', 'UITesting');
INSERT INTO `SkillSet_skills` (`SkillSet_id`, `skills`) VALUES ('1355', 'SQL');
INSERT INTO `Hero` (`id`, `firstName`, `lastName`, `role`, `skillSet_id`) VALUES ('1355', 'df3ffe42-b459-44d5-b086-19464cc6962a', 'bf2cf188-9095-4182-98e6-1edec066ca2b', 'SoftwareEngineer', '1355');
INSERT INTO `SkillSet` (`id`) VALUES ('1356');
INSERT INTO `SkillSet_skills` (`SkillSet_id`, `skills`) VALUES ('1356', 'Java');
INSERT INTO `SkillSet_skills` (`SkillSet_id`, `skills`) VALUES ('1356', 'Ant');
INSERT INTO `SkillSet_skills` (`SkillSet_id`, `skills`) VALUES ('1356', 'Ant');
INSERT INTO `Hero` (`id`, `firstName`, `lastName`, `role`, `skillSet_id`) VALUES ('1356', 'e5e0d342-331c-4e8e-8f45-1c6ff0a51c4b', 'a426bf08-ed02-4a15-84c6-dabc657b2e88', 'SeniorSoftwareEngineer', '1356');
INSERT INTO `SkillSet` (`id`) VALUES ('1357');
INSERT INTO `SkillSet_skills` (`SkillSet_id`, `skills`) VALUES ('1357', 'SQL');
INSERT INTO `SkillSet_skills` (`SkillSet_id`, `skills`) VALUES ('1357', 'Architektur');
INSERT INTO `Hero` (`id`, `firstName`, `lastName`, `role`, `skillSet_id`) VALUES ('1357', 'c3ce845f-8f95-4e1b-8aef-a442e0c9cc9a', '359221b5-f4b3-48de-8e1b-8b15b66fd4e3', 'LeadEngineer', '1357');
INSERT INTO `SkillSet` (`id`) VALUES ('1358');
INSERT INTO `SkillSet_skills` (`SkillSet_id`, `skills`) VALUES ('1358', 'SQL');
INSERT INTO `Hero` (`id`, `firstName`, `lastName`, `role`, `skillSet_id`) VALUES ('1358', '6f663f2e-bee4-482a-b20a-abbea872c352', '8e1726cb-8758-4e88-be2e-2b6bb0bbe6ba', 'SoftwareEngineer', '1358');
INSERT INTO `SkillSet` (`id`) VALUES ('1359');
INSERT INTO `SkillSet_skills` (`SkillSet_id`, `skills`) VALUES ('1359', 'Gradle');
INSERT INTO `Hero` (`id`, `firstName`, `lastName`, `role`, `skillSet_id`) VALUES ('1359', '1f68b29f-5d4a-402d-89b1-9e5c3628eb3c', '109bdf0c-c22c-4424-a5c1-708756d171e0', 'PrincipalConsultant', '1359');
INSERT INTO `SkillSet` (`id`) VALUES ('1360');
INSERT INTO `SkillSet_skills` (`SkillSet_id`, `skills`) VALUES ('1360', 'UnitTesting');
INSERT INTO `SkillSet_skills` (`SkillSet_id`, `skills`) VALUES ('1360', 'SQL');
INSERT INTO `Hero` (`id`, `firstName`, `lastName`, `role`, `skillSet_id`) VALUES ('1360', '108b3380-42f7-498d-8e52-317354b18a98', 'd100928b-baf1-4bbb-a0c1-709a3f847081', 'LeadEngineer', '1360');
INSERT INTO `SkillSet` (`id`) VALUES ('1361');
INSERT INTO `SkillSet_skills` (`SkillSet_id`, `skills`) VALUES ('1361', 'Gradle');
INSERT INTO `Hero` (`id`, `firstName`, `lastName`, `role`, `skillSet_id`) VALUES ('1361', '7263ef7d-9a44-4986-9ea1-b4d28ed577c5', '927b1550-1274-4214-b8b4-7b11653a8baa', 'LeadSoftwareArchitect', '1361');
INSERT INTO `SkillSet` (`id`) VALUES ('1362');
INSERT INTO `SkillSet_skills` (`SkillSet_id`, `skills`) VALUES ('1362', 'Architektur');
INSERT INTO `Hero` (`id`, `firstName`, `lastName`, `role`, `skillSet_id`) VALUES ('1362', '3eb87497-2d72-48db-8eaa-841d0eb5a787', 'de1653b8-5105-457a-b506-58003ee439db', 'PrincipalConsultant', '1362');
INSERT INTO `SkillSet` (`id`) VALUES ('1363');
INSERT INTO `SkillSet_skills` (`SkillSet_id`, `skills`) VALUES ('1363', 'Maven');
INSERT INTO `Hero` (`id`, `firstName`, `lastName`, `role`, `skillSet_id`) VALUES ('1363', 'e4967034-1961-4228-8d19-5a235d1ab66d', '4fab86f5-17b3-43fe-b074-3700dbdb8d2e', 'LeadSoftwareArchitect', '1363');
INSERT INTO `SkillSet` (`id`) VALUES ('1364');
INSERT INTO `SkillSet_skills` (`SkillSet_id`, `skills`) VALUES ('1364', 'Ant');
INSERT INTO `SkillSet_skills` (`SkillSet_id`, `skills`) VALUES ('1364', 'Java');
INSERT INTO `SkillSet_skills` (`SkillSet_id`, `skills`) VALUES ('1364', 'UnitTesting');
INSERT INTO `SkillSet_skills` (`SkillSet_id`, `skills`) VALUES ('1364', 'UITesting');
INSERT INTO `SkillSet_skills` (`SkillSet_id`, `skills`) VALUES ('1364', 'dotNet');
INSERT INTO `Hero` (`id`, `firstName`, `lastName`, `role`, `skillSet_id`) VALUES ('1364', '8f2bdfea-88c4-447b-aad8-dce13cec8d34', 'bcde3ba5-2f62-443f-babd-57393d6fbadf', 'LeadSoftwareArchitect', '1364');
INSERT INTO `SkillSet` (`id`) VALUES ('1365');
INSERT INTO `SkillSet_skills` (`SkillSet_id`, `skills`) VALUES ('1365', 'UnitTesting');
INSERT INTO `SkillSet_skills` (`SkillSet_id`, `skills`) VALUES ('1365', 'UITesting');
INSERT INTO `SkillSet_skills` (`SkillSet_id`, `skills`) VALUES ('1365', 'Ant');
INSERT INTO `SkillSet_skills` (`SkillSet_id`, `skills`) VALUES ('1365', 'Maven');
INSERT INTO `Hero` (`id`, `firstName`, `lastName`, `role`, `skillSet_id`) VALUES ('1365', '29d8c2a7-fcfc-4e66-a478-3db181bc0971', 'ff131d22-5c75-48cf-861a-69c4acf3566f', 'JuniorSoftwareEngineer', '1365');
INSERT INTO `SkillSet` (`id`) VALUES ('1366');
INSERT INTO `SkillSet_skills` (`SkillSet_id`, `skills`) VALUES ('1366', 'Java');
INSERT INTO `SkillSet_skills` (`SkillSet_id`, `skills`) VALUES ('1366', 'UITesting');
INSERT INTO `SkillSet_skills` (`SkillSet_id`, `skills`) VALUES ('1366', 'UnitTesting');
INSERT INTO `Hero` (`id`, `firstName`, `lastName`, `role`, `skillSet_id`) VALUES ('1366', 'deb1e369-0c21-4bbd-890e-82a943e17624', '4adb41a3-d020-4e65-8970-dd8369b9032e', 'SeniorSoftwareEngineer', '1366');
INSERT INTO `SkillSet` (`id`) VALUES ('1367');
INSERT INTO `SkillSet_skills` (`SkillSet_id`, `skills`) VALUES ('1367', 'UITesting');
INSERT INTO `SkillSet_skills` (`SkillSet_id`, `skills`) VALUES ('1367', 'Java');
INSERT INTO `SkillSet_skills` (`SkillSet_id`, `skills`) VALUES ('1367', 'UITesting');
INSERT INTO `SkillSet_skills` (`SkillSet_id`, `skills`) VALUES ('1367', 'Architektur');
INSERT INTO `Hero` (`id`, `firstName`, `lastName`, `role`, `skillSet_id`) VALUES ('1367', '7be0c645-9568-4ef8-b302-6b2ebcf2644c', '9cddbf87-a4d2-448b-9160-95fb0c68921d', 'LeadEngineer', '1367');
INSERT INTO `SkillSet` (`id`) VALUES ('1368');
INSERT INTO `SkillSet_skills` (`SkillSet_id`, `skills`) VALUES ('1368', 'dotNet');
INSERT INTO `Hero` (`id`, `firstName`, `lastName`, `role`, `skillSet_id`) VALUES ('1368', 'a09c07b6-b01e-499d-8b3c-e95bf7fcddce', '50aed79f-1fc3-42ee-a62d-0328d0344fd6', 'JuniorSoftwareEngineer', '1368');
INSERT INTO `SkillSet` (`id`) VALUES ('1369');
INSERT INTO `SkillSet_skills` (`SkillSet_id`, `skills`) VALUES ('1369', 'Architektur');
INSERT INTO `SkillSet_skills` (`SkillSet_id`, `skills`) VALUES ('1369', 'UnitTesting');
INSERT INTO `SkillSet_skills` (`SkillSet_id`, `skills`) VALUES ('1369', 'Ant');
INSERT INTO `Hero` (`id`, `firstName`, `lastName`, `role`, `skillSet_id`) VALUES ('1369', '559b7ef3-b72e-4894-93e6-d7e0c12190da', '30b3d9f2-2130-4c47-9539-90422a983393', 'LeadSoftwareArchitect', '1369');
INSERT INTO `SkillSet` (`id`) VALUES ('1370');
INSERT INTO `SkillSet_skills` (`SkillSet_id`, `skills`) VALUES ('1370', 'dotNet');
INSERT INTO `SkillSet_skills` (`SkillSet_id`, `skills`) VALUES ('1370', 'UnitTesting');
INSERT INTO `SkillSet_skills` (`SkillSet_id`, `skills`) VALUES ('1370', 'Gradle');
INSERT INTO `Hero` (`id`, `firstName`, `lastName`, `role`, `skillSet_id`) VALUES ('1370', 'ee68ab55-69d5-4664-99bc-c052e33745d9', 'f8f3c144-1e14-4539-b635-4e8835e41d22', 'JuniorSoftwareEngineer', '1370');
INSERT INTO `SkillSet` (`id`) VALUES ('1371');
INSERT INTO `SkillSet_skills` (`SkillSet_id`, `skills`) VALUES ('1371', 'Gradle');
INSERT INTO `SkillSet_skills` (`SkillSet_id`, `skills`) VALUES ('1371', 'UnitTesting');
INSERT INTO `SkillSet_skills` (`SkillSet_id`, `skills`) VALUES ('1371', 'dotNet');
INSERT INTO `Hero` (`id`, `firstName`, `lastName`, `role`, `skillSet_id`) VALUES ('1371', 'd6d241b5-167b-4556-b91b-230eb0712156', '3c68ab73-bce6-42df-8d7c-f20b43fdb193', 'SeniorSoftwareEngineer', '1371');
INSERT INTO `SkillSet` (`id`) VALUES ('1372');
INSERT INTO `SkillSet_skills` (`SkillSet_id`, `skills`) VALUES ('1372', 'Gradle');
INSERT INTO `SkillSet_skills` (`SkillSet_id`, `skills`) VALUES ('1372', 'Java');
INSERT INTO `SkillSet_skills` (`SkillSet_id`, `skills`) VALUES ('1372', 'Architektur');
INSERT INTO `SkillSet_skills` (`SkillSet_id`, `skills`) VALUES ('1372', 'Gradle');
INSERT INTO `SkillSet_skills` (`SkillSet_id`, `skills`) VALUES ('1372', 'UITesting');
INSERT INTO `Hero` (`id`, `firstName`, `lastName`, `role`, `skillSet_id`) VALUES ('1372', 'c3829dd9-25d2-4e21-8e7e-d6d9672c9598', 'ff1d9b89-e65c-4cc4-946d-d1caa7dc77df', 'LeadEngineer', '1372');
INSERT INTO `SkillSet` (`id`) VALUES ('1373');
INSERT INTO `SkillSet_skills` (`SkillSet_id`, `skills`) VALUES ('1373', 'Maven');
INSERT INTO `Hero` (`id`, `firstName`, `lastName`, `role`, `skillSet_id`) VALUES ('1373', '02cb59eb-38ba-44f6-a56e-a40a7b041bd6', 'ce19b2b4-f37e-4f74-9d1a-e163f159f486', 'SeniorSoftwareEngineer', '1373');
INSERT INTO `SkillSet` (`id`) VALUES ('1374');
INSERT INTO `SkillSet_skills` (`SkillSet_id`, `skills`) VALUES ('1374', 'UnitTesting');
INSERT INTO `SkillSet_skills` (`SkillSet_id`, `skills`) VALUES ('1374', 'UITesting');
INSERT INTO `SkillSet_skills` (`SkillSet_id`, `skills`) VALUES ('1374', 'Architektur');
INSERT INTO `SkillSet_skills` (`SkillSet_id`, `skills`) VALUES ('1374', 'Java');
INSERT INTO `Hero` (`id`, `firstName`, `lastName`, `role`, `skillSet_id`) VALUES ('1374', '67a904d3-3a87-4010-bf90-e1cddc739be3', '265a11d5-7050-4368-8791-67929798023e', 'LeadSoftwareArchitect', '1374');
INSERT INTO `SkillSet` (`id`) VALUES ('1375');
INSERT INTO `SkillSet_skills` (`SkillSet_id`, `skills`) VALUES ('1375', 'Architektur');
INSERT INTO `SkillSet_skills` (`SkillSet_id`, `skills`) VALUES ('1375', 'Gradle');
INSERT INTO `Hero` (`id`, `firstName`, `lastName`, `role`, `skillSet_id`) VALUES ('1375', 'bd81743d-e2fa-481b-a0b6-24b67214d2f3', '37d4a21a-5eeb-42ad-94b6-aefd3edf78a5', 'SoftwareEngineer', '1375');
INSERT INTO `SkillSet` (`id`) VALUES ('1376');
INSERT INTO `SkillSet_skills` (`SkillSet_id`, `skills`) VALUES ('1376', 'UITesting');
INSERT INTO `SkillSet_skills` (`SkillSet_id`, `skills`) VALUES ('1376', 'UITesting');
INSERT INTO `SkillSet_skills` (`SkillSet_id`, `skills`) VALUES ('1376', 'SQL');
INSERT INTO `SkillSet_skills` (`SkillSet_id`, `skills`) VALUES ('1376', 'Java');
INSERT INTO `Hero` (`id`, `firstName`, `lastName`, `role`, `skillSet_id`) VALUES ('1376', '3e910ccd-32af-440c-964d-19a0125a31a8', 'def769c5-696d-4b65-a634-662e2c8c8d04', 'PrincipalConsultant', '1376');
INSERT INTO `SkillSet` (`id`) VALUES ('1377');
INSERT INTO `SkillSet_skills` (`SkillSet_id`, `skills`) VALUES ('1377', 'Java');
INSERT INTO `SkillSet_skills` (`SkillSet_id`, `skills`) VALUES ('1377', 'Ant');
INSERT INTO `Hero` (`id`, `firstName`, `lastName`, `role`, `skillSet_id`) VALUES ('1377', '59bc0a26-41b0-40e9-954f-54e3e9adcfa0', 'bfa4b680-2bd9-4759-af5f-584472a6d435', 'SeniorSoftwareEngineer', '1377');
INSERT INTO `SkillSet` (`id`) VALUES ('1378');
INSERT INTO `SkillSet_skills` (`SkillSet_id`, `skills`) VALUES ('1378', 'Gradle');
INSERT INTO `SkillSet_skills` (`SkillSet_id`, `skills`) VALUES ('1378', 'SQL');
INSERT INTO `Hero` (`id`, `firstName`, `lastName`, `role`, `skillSet_id`) VALUES ('1378', 'fd746c77-999c-4409-8ce8-bb1bfabde5ab', 'caa16b25-7933-4fb2-9f7f-6e266f5c6dcd', 'SeniorSoftwareEngineer', '1378');
INSERT INTO `SkillSet` (`id`) VALUES ('1379');
INSERT INTO `SkillSet_skills` (`SkillSet_id`, `skills`) VALUES ('1379', 'UnitTesting');
INSERT INTO `SkillSet_skills` (`SkillSet_id`, `skills`) VALUES ('1379', 'SQL');
INSERT INTO `SkillSet_skills` (`SkillSet_id`, `skills`) VALUES ('1379', 'dotNet');
INSERT INTO `SkillSet_skills` (`SkillSet_id`, `skills`) VALUES ('1379', 'Ant');
INSERT INTO `SkillSet_skills` (`SkillSet_id`, `skills`) VALUES ('1379', 'Architektur');
INSERT INTO `Hero` (`id`, `firstName`, `lastName`, `role`, `skillSet_id`) VALUES ('1379', 'e4dee09e-0af6-4fec-9e31-6c44b11671b6', '79ad8e11-11b7-409e-81e5-06edb0f9e011', 'LeadSoftwareArchitect', '1379');
INSERT INTO `SkillSet` (`id`) VALUES ('1380');
INSERT INTO `SkillSet_skills` (`SkillSet_id`, `skills`) VALUES ('1380', 'UnitTesting');
INSERT INTO `SkillSet_skills` (`SkillSet_id`, `skills`) VALUES ('1380', 'UITesting');
INSERT INTO `SkillSet_skills` (`SkillSet_id`, `skills`) VALUES ('1380', 'Architektur');
INSERT INTO `SkillSet_skills` (`SkillSet_id`, `skills`) VALUES ('1380', 'Maven');
INSERT INTO `SkillSet_skills` (`SkillSet_id`, `skills`) VALUES ('1380', 'Ant');
INSERT INTO `Hero` (`id`, `firstName`, `lastName`, `role`, `skillSet_id`) VALUES ('1380', '392bf9aa-4c90-4d26-9a62-135cbe866f01', 'fbf846c0-f7a5-4fce-bbbf-60d8d8b881d2', 'SoftwareEngineer', '1380');
INSERT INTO `SkillSet` (`id`) VALUES ('1381');
INSERT INTO `SkillSet_skills` (`SkillSet_id`, `skills`) VALUES ('1381', 'Java');
INSERT INTO `SkillSet_skills` (`SkillSet_id`, `skills`) VALUES ('1381', 'Maven');
INSERT INTO `SkillSet_skills` (`SkillSet_id`, `skills`) VALUES ('1381', 'dotNet');
INSERT INTO `SkillSet_skills` (`SkillSet_id`, `skills`) VALUES ('1381', 'UITesting');
INSERT INTO `SkillSet_skills` (`SkillSet_id`, `skills`) VALUES ('1381', 'Architektur');
INSERT INTO `Hero` (`id`, `firstName`, `lastName`, `role`, `skillSet_id`) VALUES ('1381', '971c13a9-3bab-49eb-8632-5440a81dea88', '7d581cc6-f509-46a3-82ba-e1b57cf2a67f', 'JuniorSoftwareEngineer', '1381');
INSERT INTO `SkillSet` (`id`) VALUES ('1382');
INSERT INTO `SkillSet_skills` (`SkillSet_id`, `skills`) VALUES ('1382', 'Java');
INSERT INTO `SkillSet_skills` (`SkillSet_id`, `skills`) VALUES ('1382', 'dotNet');
INSERT INTO `SkillSet_skills` (`SkillSet_id`, `skills`) VALUES ('1382', 'dotNet');
INSERT INTO `Hero` (`id`, `firstName`, `lastName`, `role`, `skillSet_id`) VALUES ('1382', '1967145b-5873-41b7-ba6d-ccdae46eee6b', '4eff8cdb-426c-4444-a545-2f666530944c', 'PrincipalConsultant', '1382');
INSERT INTO `SkillSet` (`id`) VALUES ('1383');
INSERT INTO `SkillSet_skills` (`SkillSet_id`, `skills`) VALUES ('1383', 'Maven');
INSERT INTO `SkillSet_skills` (`SkillSet_id`, `skills`) VALUES ('1383', 'Gradle');
INSERT INTO `SkillSet_skills` (`SkillSet_id`, `skills`) VALUES ('1383', 'Maven');
INSERT INTO `SkillSet_skills` (`SkillSet_id`, `skills`) VALUES ('1383', 'Architektur');
INSERT INTO `SkillSet_skills` (`SkillSet_id`, `skills`) VALUES ('1383', 'SQL');
INSERT INTO `Hero` (`id`, `firstName`, `lastName`, `role`, `skillSet_id`) VALUES ('1383', 'cd30f124-054f-4581-a9b2-4cd2dafb4631', '4f6ed05f-05b3-47ba-8ac5-5f667a805838', 'SeniorSoftwareEngineer', '1383');
INSERT INTO `SkillSet` (`id`) VALUES ('1384');
INSERT INTO `SkillSet_skills` (`SkillSet_id`, `skills`) VALUES ('1384', 'Maven');
INSERT INTO `Hero` (`id`, `firstName`, `lastName`, `role`, `skillSet_id`) VALUES ('1384', '1872dc35-dbb1-4955-ae28-48e8764bbb0b', '247d80be-56f0-49d1-b40e-7abebef82844', 'PrincipalConsultant', '1384');
INSERT INTO `SkillSet` (`id`) VALUES ('1385');
INSERT INTO `SkillSet_skills` (`SkillSet_id`, `skills`) VALUES ('1385', 'SQL');
INSERT INTO `SkillSet_skills` (`SkillSet_id`, `skills`) VALUES ('1385', 'dotNet');
INSERT INTO `Hero` (`id`, `firstName`, `lastName`, `role`, `skillSet_id`) VALUES ('1385', '43a8d8f7-2fdf-4ce0-8fbf-981e4d1f308c', '7df752d6-59f9-481c-9c4a-28add379a0b7', 'LeadEngineer', '1385');
INSERT INTO `SkillSet` (`id`) VALUES ('1386');
INSERT INTO `SkillSet_skills` (`SkillSet_id`, `skills`) VALUES ('1386', 'Architektur');
INSERT INTO `Hero` (`id`, `firstName`, `lastName`, `role`, `skillSet_id`) VALUES ('1386', 'daf375f6-bdd4-4442-b560-4cf2cb14c4a0', '73377cc1-32fc-4c35-8333-01e2b91832c1', 'SoftwareEngineer', '1386');
INSERT INTO `SkillSet` (`id`) VALUES ('1387');
INSERT INTO `SkillSet_skills` (`SkillSet_id`, `skills`) VALUES ('1387', 'Java');
INSERT INTO `SkillSet_skills` (`SkillSet_id`, `skills`) VALUES ('1387', 'UnitTesting');
INSERT INTO `Hero` (`id`, `firstName`, `lastName`, `role`, `skillSet_id`) VALUES ('1387', '46348b26-0641-4f79-a119-3ada5c9caa11', '0678ccc9-4f67-4c42-a775-da959f03a9a6', 'SoftwareEngineer', '1387');
INSERT INTO `SkillSet` (`id`) VALUES ('1388');
INSERT INTO `SkillSet_skills` (`SkillSet_id`, `skills`) VALUES ('1388', 'UITesting');
INSERT INTO `SkillSet_skills` (`SkillSet_id`, `skills`) VALUES ('1388', 'Gradle');
INSERT INTO `Hero` (`id`, `firstName`, `lastName`, `role`, `skillSet_id`) VALUES ('1388', '082d9ab5-12b1-410b-b1bc-f9d2f5ce7a43', 'c8584756-958c-40d3-85ee-1baafcdb2c4d', 'SoftwareEngineer', '1388');
INSERT INTO `SkillSet` (`id`) VALUES ('1389');
INSERT INTO `SkillSet_skills` (`SkillSet_id`, `skills`) VALUES ('1389', 'Java');
INSERT INTO `SkillSet_skills` (`SkillSet_id`, `skills`) VALUES ('1389', 'UITesting');
INSERT INTO `Hero` (`id`, `firstName`, `lastName`, `role`, `skillSet_id`) VALUES ('1389', 'f47f840b-93b6-4f12-8827-67f04f63cb01', 'b878b82a-3818-4ed4-bf3d-59f4a53e3701', 'JuniorSoftwareEngineer', '1389');
INSERT INTO `SkillSet` (`id`) VALUES ('1390');
INSERT INTO `SkillSet_skills` (`SkillSet_id`, `skills`) VALUES ('1390', 'Maven');
INSERT INTO `SkillSet_skills` (`SkillSet_id`, `skills`) VALUES ('1390', 'UITesting');
INSERT INTO `SkillSet_skills` (`SkillSet_id`, `skills`) VALUES ('1390', 'UITesting');
INSERT INTO `SkillSet_skills` (`SkillSet_id`, `skills`) VALUES ('1390', 'Maven');
INSERT INTO `Hero` (`id`, `firstName`, `lastName`, `role`, `skillSet_id`) VALUES ('1390', '88bcff56-a167-410d-9d7e-8e2c19240ccd', '9f7906a1-c490-4851-9b47-3f7d9d68731a', 'LeadEngineer', '1390');
INSERT INTO `SkillSet` (`id`) VALUES ('1391');
INSERT INTO `SkillSet_skills` (`SkillSet_id`, `skills`) VALUES ('1391', 'UITesting');
INSERT INTO `SkillSet_skills` (`SkillSet_id`, `skills`) VALUES ('1391', 'dotNet');
INSERT INTO `SkillSet_skills` (`SkillSet_id`, `skills`) VALUES ('1391', 'UnitTesting');
INSERT INTO `Hero` (`id`, `firstName`, `lastName`, `role`, `skillSet_id`) VALUES ('1391', '3a865dfa-17ed-450e-8745-a25f81ad7445', '2e5ec909-bce8-4042-85fd-164d441bc96b', 'PrincipalConsultant', '1391');
INSERT INTO `SkillSet` (`id`) VALUES ('1392');
INSERT INTO `SkillSet_skills` (`SkillSet_id`, `skills`) VALUES ('1392', 'Java');
INSERT INTO `SkillSet_skills` (`SkillSet_id`, `skills`) VALUES ('1392', 'Architektur');
INSERT INTO `Hero` (`id`, `firstName`, `lastName`, `role`, `skillSet_id`) VALUES ('1392', '964bf06c-164f-4423-9d54-89bad2f876f8', '6e81cab4-a0d2-4633-9109-00be423cd6a7', 'LeadSoftwareArchitect', '1392');
INSERT INTO `SkillSet` (`id`) VALUES ('1393');
INSERT INTO `SkillSet_skills` (`SkillSet_id`, `skills`) VALUES ('1393', 'Gradle');
INSERT INTO `Hero` (`id`, `firstName`, `lastName`, `role`, `skillSet_id`) VALUES ('1393', '8e587906-a18a-4725-b68b-00ca8bff640b', 'a2288b8d-5748-45c0-b8f8-03af36ddf76d', 'SeniorSoftwareEngineer', '1393');
INSERT INTO `SkillSet` (`id`) VALUES ('1394');
INSERT INTO `SkillSet_skills` (`SkillSet_id`, `skills`) VALUES ('1394', 'dotNet');
INSERT INTO `SkillSet_skills` (`SkillSet_id`, `skills`) VALUES ('1394', 'Java');
INSERT INTO `SkillSet_skills` (`SkillSet_id`, `skills`) VALUES ('1394', 'Gradle');
INSERT INTO `Hero` (`id`, `firstName`, `lastName`, `role`, `skillSet_id`) VALUES ('1394', '3b62b178-02f9-42da-9189-828a60a4bc0a', '7de9c619-4e49-4228-b3c9-a5e03e72b955', 'PrincipalConsultant', '1394');
INSERT INTO `SkillSet` (`id`) VALUES ('1395');
INSERT INTO `SkillSet_skills` (`SkillSet_id`, `skills`) VALUES ('1395', 'Architektur');
INSERT INTO `SkillSet_skills` (`SkillSet_id`, `skills`) VALUES ('1395', 'Maven');
INSERT INTO `Hero` (`id`, `firstName`, `lastName`, `role`, `skillSet_id`) VALUES ('1395', '97cbc4f3-9312-442e-9ac6-2fe6f5755759', '3ce2995d-d5c9-446e-9711-5fb8dab7d4f4', 'SoftwareEngineer', '1395');
INSERT INTO `SkillSet` (`id`) VALUES ('1396');
INSERT INTO `SkillSet_skills` (`SkillSet_id`, `skills`) VALUES ('1396', 'Maven');
INSERT INTO `SkillSet_skills` (`SkillSet_id`, `skills`) VALUES ('1396', 'Java');
INSERT INTO `SkillSet_skills` (`SkillSet_id`, `skills`) VALUES ('1396', 'SQL');
INSERT INTO `SkillSet_skills` (`SkillSet_id`, `skills`) VALUES ('1396', 'Ant');
INSERT INTO `Hero` (`id`, `firstName`, `lastName`, `role`, `skillSet_id`) VALUES ('1396', 'bd085ce0-c718-4e51-bf14-332c8ac8b809', '2e03856f-c919-4785-9902-bbda97b81bff', 'JuniorSoftwareEngineer', '1396');
INSERT INTO `SkillSet` (`id`) VALUES ('1397');
INSERT INTO `SkillSet_skills` (`SkillSet_id`, `skills`) VALUES ('1397', 'UnitTesting');
INSERT INTO `SkillSet_skills` (`SkillSet_id`, `skills`) VALUES ('1397', 'Ant');
INSERT INTO `SkillSet_skills` (`SkillSet_id`, `skills`) VALUES ('1397', 'Architektur');
INSERT INTO `SkillSet_skills` (`SkillSet_id`, `skills`) VALUES ('1397', 'Architektur');
INSERT INTO `Hero` (`id`, `firstName`, `lastName`, `role`, `skillSet_id`) VALUES ('1397', '1e109a39-bb7f-41d2-93f4-b7737e84a4d4', 'a8c68e45-8072-4370-aca7-58e1dd6316d4', 'LeadSoftwareArchitect', '1397');
INSERT INTO `SkillSet` (`id`) VALUES ('1398');
INSERT INTO `SkillSet_skills` (`SkillSet_id`, `skills`) VALUES ('1398', 'Maven');
INSERT INTO `Hero` (`id`, `firstName`, `lastName`, `role`, `skillSet_id`) VALUES ('1398', 'e2a5d854-9919-48af-8ff3-3d79af06f37b', '61d7f7cb-72a6-47e5-8575-494a02c959fe', 'SoftwareEngineer', '1398');
INSERT INTO `SkillSet` (`id`) VALUES ('1399');
INSERT INTO `SkillSet_skills` (`SkillSet_id`, `skills`) VALUES ('1399', 'Gradle');
INSERT INTO `SkillSet_skills` (`SkillSet_id`, `skills`) VALUES ('1399', 'SQL');
INSERT INTO `Hero` (`id`, `firstName`, `lastName`, `role`, `skillSet_id`) VALUES ('1399', '3879caaa-97cd-4112-94ec-8e50cc108d18', 'cfd8b9b4-77c1-4083-9d5b-36d46eac8e28', 'SoftwareEngineer', '1399');
INSERT INTO `SkillSet` (`id`) VALUES ('1400');
INSERT INTO `SkillSet_skills` (`SkillSet_id`, `skills`) VALUES ('1400', 'Gradle');
INSERT INTO `Hero` (`id`, `firstName`, `lastName`, `role`, `skillSet_id`) VALUES ('1400', '5dfa4b96-26d5-4205-8c9a-5856c8c4a2f1', 'edab2c4e-2743-432c-92e3-b9a1b9646c84', 'LeadEngineer', '1400');
INSERT INTO `SkillSet` (`id`) VALUES ('1401');
INSERT INTO `SkillSet_skills` (`SkillSet_id`, `skills`) VALUES ('1401', 'Java');
INSERT INTO `SkillSet_skills` (`SkillSet_id`, `skills`) VALUES ('1401', 'Java');
INSERT INTO `Hero` (`id`, `firstName`, `lastName`, `role`, `skillSet_id`) VALUES ('1401', 'e7e618a7-7e46-4274-a5b3-edeaf8c8c88b', 'ded627b8-502a-4408-a8bb-d7d50db6639b', 'JuniorSoftwareEngineer', '1401');
INSERT INTO `SkillSet` (`id`) VALUES ('1402');
INSERT INTO `SkillSet_skills` (`SkillSet_id`, `skills`) VALUES ('1402', 'Ant');
INSERT INTO `SkillSet_skills` (`SkillSet_id`, `skills`) VALUES ('1402', 'Maven');
INSERT INTO `SkillSet_skills` (`SkillSet_id`, `skills`) VALUES ('1402', 'Java');
INSERT INTO `SkillSet_skills` (`SkillSet_id`, `skills`) VALUES ('1402', 'Gradle');
INSERT INTO `Hero` (`id`, `firstName`, `lastName`, `role`, `skillSet_id`) VALUES ('1402', '3af84a8d-930e-4ee0-bf13-3d95549b40e6', 'b4dec46c-6019-4939-8646-9da2d582c4cc', 'JuniorSoftwareEngineer', '1402');
INSERT INTO `SkillSet` (`id`) VALUES ('1403');
INSERT INTO `SkillSet_skills` (`SkillSet_id`, `skills`) VALUES ('1403', 'Maven');
INSERT INTO `SkillSet_skills` (`SkillSet_id`, `skills`) VALUES ('1403', 'UITesting');
INSERT INTO `Hero` (`id`, `firstName`, `lastName`, `role`, `skillSet_id`) VALUES ('1403', '701c113e-5170-4f53-a82a-d424a78e5f62', '4c20d544-e3d6-4a45-a418-4e32f2f93b6d', 'JuniorSoftwareEngineer', '1403');
INSERT INTO `SkillSet` (`id`) VALUES ('1404');
INSERT INTO `SkillSet_skills` (`SkillSet_id`, `skills`) VALUES ('1404', 'Architektur');
INSERT INTO `SkillSet_skills` (`SkillSet_id`, `skills`) VALUES ('1404', 'SQL');
INSERT INTO `SkillSet_skills` (`SkillSet_id`, `skills`) VALUES ('1404', 'UnitTesting');
INSERT INTO `Hero` (`id`, `firstName`, `lastName`, `role`, `skillSet_id`) VALUES ('1404', 'ead2199e-be74-471e-b354-a868a4b63904', '3d3af77b-4093-4628-bc47-e0b05ba7cde8', 'LeadEngineer', '1404');
INSERT INTO `SkillSet` (`id`) VALUES ('1405');
INSERT INTO `SkillSet_skills` (`SkillSet_id`, `skills`) VALUES ('1405', 'Gradle');
INSERT INTO `Hero` (`id`, `firstName`, `lastName`, `role`, `skillSet_id`) VALUES ('1405', '70c907e5-23ac-4aa8-910d-4721a2bfcbfe', 'febb10c5-d4cf-4f59-8bc1-5ff0ae2f1b0b', 'SoftwareEngineer', '1405');
INSERT INTO `SkillSet` (`id`) VALUES ('1406');
INSERT INTO `SkillSet_skills` (`SkillSet_id`, `skills`) VALUES ('1406', 'Java');
INSERT INTO `SkillSet_skills` (`SkillSet_id`, `skills`) VALUES ('1406', 'Java');
INSERT INTO `SkillSet_skills` (`SkillSet_id`, `skills`) VALUES ('1406', 'UITesting');
INSERT INTO `Hero` (`id`, `firstName`, `lastName`, `role`, `skillSet_id`) VALUES ('1406', 'fd89f497-9bc5-4434-99eb-d86f5d1ff4c1', '4c06125f-e13f-4301-866a-1865399af3b0', 'SoftwareEngineer', '1406');
INSERT INTO `SkillSet` (`id`) VALUES ('1407');
INSERT INTO `SkillSet_skills` (`SkillSet_id`, `skills`) VALUES ('1407', 'UnitTesting');
INSERT INTO `SkillSet_skills` (`SkillSet_id`, `skills`) VALUES ('1407', 'dotNet');
INSERT INTO `SkillSet_skills` (`SkillSet_id`, `skills`) VALUES ('1407', 'Gradle');
INSERT INTO `SkillSet_skills` (`SkillSet_id`, `skills`) VALUES ('1407', 'Gradle');
INSERT INTO `Hero` (`id`, `firstName`, `lastName`, `role`, `skillSet_id`) VALUES ('1407', '237900dd-1263-45ea-8f92-17134c7d6b0a', 'ae1b0796-8313-4a0f-8c15-73b03a749ef7', 'LeadEngineer', '1407');
INSERT INTO `SkillSet` (`id`) VALUES ('1408');
INSERT INTO `SkillSet_skills` (`SkillSet_id`, `skills`) VALUES ('1408', 'Maven');
INSERT INTO `SkillSet_skills` (`SkillSet_id`, `skills`) VALUES ('1408', 'Java');
INSERT INTO `SkillSet_skills` (`SkillSet_id`, `skills`) VALUES ('1408', 'UnitTesting');
INSERT INTO `SkillSet_skills` (`SkillSet_id`, `skills`) VALUES ('1408', 'UnitTesting');
INSERT INTO `Hero` (`id`, `firstName`, `lastName`, `role`, `skillSet_id`) VALUES ('1408', '17d0898f-1d51-48e4-9390-17ad534dcfda', '9ecf0cdf-8a17-4ebd-a77e-e02b4fc3886d', 'PrincipalConsultant', '1408');
INSERT INTO `SkillSet` (`id`) VALUES ('1409');
INSERT INTO `SkillSet_skills` (`SkillSet_id`, `skills`) VALUES ('1409', 'UnitTesting');
INSERT INTO `SkillSet_skills` (`SkillSet_id`, `skills`) VALUES ('1409', 'Gradle');
INSERT INTO `SkillSet_skills` (`SkillSet_id`, `skills`) VALUES ('1409', 'UnitTesting');
INSERT INTO `Hero` (`id`, `firstName`, `lastName`, `role`, `skillSet_id`) VALUES ('1409', '5892744c-ad7b-4ae8-a50f-eda0d66a10fe', '201194c5-8fe0-4d1b-a5b2-17cd161aec6b', 'JuniorSoftwareEngineer', '1409');
INSERT INTO `SkillSet` (`id`) VALUES ('1410');
INSERT INTO `SkillSet_skills` (`SkillSet_id`, `skills`) VALUES ('1410', 'UITesting');
INSERT INTO `SkillSet_skills` (`SkillSet_id`, `skills`) VALUES ('1410', 'SQL');
INSERT INTO `Hero` (`id`, `firstName`, `lastName`, `role`, `skillSet_id`) VALUES ('1410', 'fcc6a7f3-d3c4-405b-af91-f402b8365a1d', '07764593-4236-46cc-bd09-d6fa8ab7e172', 'LeadSoftwareArchitect', '1410');
INSERT INTO `SkillSet` (`id`) VALUES ('1411');
INSERT INTO `SkillSet_skills` (`SkillSet_id`, `skills`) VALUES ('1411', 'Maven');
INSERT INTO `SkillSet_skills` (`SkillSet_id`, `skills`) VALUES ('1411', 'UnitTesting');
INSERT INTO `Hero` (`id`, `firstName`, `lastName`, `role`, `skillSet_id`) VALUES ('1411', '67433bfb-646b-4ef7-a011-e83bbc53f8d8', '9d943b4b-ea4b-4595-9f81-0ce159cfafc7', 'PrincipalConsultant', '1411');
INSERT INTO `SkillSet` (`id`) VALUES ('1412');
INSERT INTO `SkillSet_skills` (`SkillSet_id`, `skills`) VALUES ('1412', 'UnitTesting');
INSERT INTO `SkillSet_skills` (`SkillSet_id`, `skills`) VALUES ('1412', 'Maven');
INSERT INTO `SkillSet_skills` (`SkillSet_id`, `skills`) VALUES ('1412', 'Ant');
INSERT INTO `SkillSet_skills` (`SkillSet_id`, `skills`) VALUES ('1412', 'UITesting');
INSERT INTO `SkillSet_skills` (`SkillSet_id`, `skills`) VALUES ('1412', 'Architektur');
INSERT INTO `Hero` (`id`, `firstName`, `lastName`, `role`, `skillSet_id`) VALUES ('1412', 'e7f06365-da61-4b2d-95bf-8098541ea3e9', 'c6d00332-6c46-40a4-bbc1-c5b80b409ef0', 'SoftwareEngineer', '1412');
INSERT INTO `SkillSet` (`id`) VALUES ('1413');
INSERT INTO `SkillSet_skills` (`SkillSet_id`, `skills`) VALUES ('1413', 'Java');
INSERT INTO `SkillSet_skills` (`SkillSet_id`, `skills`) VALUES ('1413', 'UITesting');
INSERT INTO `SkillSet_skills` (`SkillSet_id`, `skills`) VALUES ('1413', 'Gradle');
INSERT INTO `Hero` (`id`, `firstName`, `lastName`, `role`, `skillSet_id`) VALUES ('1413', '2aa85f2c-18d6-48dc-98ea-8be01c7d48a2', '0116a66e-82d6-4864-86fe-5d17c17691e9', 'PrincipalConsultant', '1413');
INSERT INTO `SkillSet` (`id`) VALUES ('1414');
INSERT INTO `SkillSet_skills` (`SkillSet_id`, `skills`) VALUES ('1414', 'Maven');
INSERT INTO `Hero` (`id`, `firstName`, `lastName`, `role`, `skillSet_id`) VALUES ('1414', 'e9525d11-de72-4b9b-b289-15c70a1486e3', 'cae5d1e7-0b5d-4fb3-8460-7eb8b3b006b1', 'JuniorSoftwareEngineer', '1414');
INSERT INTO `SkillSet` (`id`) VALUES ('1415');
INSERT INTO `SkillSet_skills` (`SkillSet_id`, `skills`) VALUES ('1415', 'SQL');
INSERT INTO `Hero` (`id`, `firstName`, `lastName`, `role`, `skillSet_id`) VALUES ('1415', '8e70e699-ac14-4261-a341-6d7a84eab1a0', 'edb71ce7-abfa-4938-8660-3a6a38b155ce', 'LeadEngineer', '1415');
INSERT INTO `SkillSet` (`id`) VALUES ('1416');
INSERT INTO `SkillSet_skills` (`SkillSet_id`, `skills`) VALUES ('1416', 'SQL');
INSERT INTO `SkillSet_skills` (`SkillSet_id`, `skills`) VALUES ('1416', 'Gradle');
INSERT INTO `SkillSet_skills` (`SkillSet_id`, `skills`) VALUES ('1416', 'Gradle');
INSERT INTO `SkillSet_skills` (`SkillSet_id`, `skills`) VALUES ('1416', 'UnitTesting');
INSERT INTO `SkillSet_skills` (`SkillSet_id`, `skills`) VALUES ('1416', 'Ant');
INSERT INTO `Hero` (`id`, `firstName`, `lastName`, `role`, `skillSet_id`) VALUES ('1416', '172ad164-3bc3-4745-854a-19a08ad97899', 'a3c26344-6568-4157-9c96-a2dff0b0f1c4', 'PrincipalConsultant', '1416');
INSERT INTO `SkillSet` (`id`) VALUES ('1417');
INSERT INTO `SkillSet_skills` (`SkillSet_id`, `skills`) VALUES ('1417', 'Gradle');
INSERT INTO `Hero` (`id`, `firstName`, `lastName`, `role`, `skillSet_id`) VALUES ('1417', '29b47465-7e23-4e11-990b-4a13c4983ae9', '7d94773c-a1d7-46e8-9be3-19060ecc3983', 'JuniorSoftwareEngineer', '1417');
INSERT INTO `SkillSet` (`id`) VALUES ('1418');
INSERT INTO `SkillSet_skills` (`SkillSet_id`, `skills`) VALUES ('1418', 'UITesting');
INSERT INTO `SkillSet_skills` (`SkillSet_id`, `skills`) VALUES ('1418', 'Ant');
INSERT INTO `Hero` (`id`, `firstName`, `lastName`, `role`, `skillSet_id`) VALUES ('1418', 'af672a4f-a462-45d5-803b-d3a6a13963a8', '7d124bdb-9c59-4849-ab65-250b5f8d1a97', 'LeadSoftwareArchitect', '1418');
INSERT INTO `SkillSet` (`id`) VALUES ('1419');
INSERT INTO `SkillSet_skills` (`SkillSet_id`, `skills`) VALUES ('1419', 'Maven');
INSERT INTO `SkillSet_skills` (`SkillSet_id`, `skills`) VALUES ('1419', 'dotNet');
INSERT INTO `SkillSet_skills` (`SkillSet_id`, `skills`) VALUES ('1419', 'UITesting');
INSERT INTO `SkillSet_skills` (`SkillSet_id`, `skills`) VALUES ('1419', 'UnitTesting');
INSERT INTO `SkillSet_skills` (`SkillSet_id`, `skills`) VALUES ('1419', 'Maven');
INSERT INTO `Hero` (`id`, `firstName`, `lastName`, `role`, `skillSet_id`) VALUES ('1419', '5d713f03-b9a2-4983-8188-804ac7b5b9f0', '79c50195-a23f-4623-92bb-4a4d279b0374', 'JuniorSoftwareEngineer', '1419');
INSERT INTO `SkillSet` (`id`) VALUES ('1420');
INSERT INTO `SkillSet_skills` (`SkillSet_id`, `skills`) VALUES ('1420', 'Java');
INSERT INTO `SkillSet_skills` (`SkillSet_id`, `skills`) VALUES ('1420', 'UnitTesting');
INSERT INTO `SkillSet_skills` (`SkillSet_id`, `skills`) VALUES ('1420', 'SQL');
INSERT INTO `Hero` (`id`, `firstName`, `lastName`, `role`, `skillSet_id`) VALUES ('1420', 'c16de3c8-22ca-49ed-9aa9-de87e061f74a', 'e5781614-41e6-434e-9f36-1623360f42c2', 'LeadEngineer', '1420');
INSERT INTO `SkillSet` (`id`) VALUES ('1421');
INSERT INTO `SkillSet_skills` (`SkillSet_id`, `skills`) VALUES ('1421', 'UITesting');
INSERT INTO `SkillSet_skills` (`SkillSet_id`, `skills`) VALUES ('1421', 'UITesting');
INSERT INTO `SkillSet_skills` (`SkillSet_id`, `skills`) VALUES ('1421', 'Architektur');
INSERT INTO `SkillSet_skills` (`SkillSet_id`, `skills`) VALUES ('1421', 'Maven');
INSERT INTO `SkillSet_skills` (`SkillSet_id`, `skills`) VALUES ('1421', 'Gradle');
INSERT INTO `Hero` (`id`, `firstName`, `lastName`, `role`, `skillSet_id`) VALUES ('1421', '5ea9d7bd-ab7f-4610-8767-15a6e3f90bfc', '0397a069-9793-4ce4-96d0-7d747ca868e7', 'SoftwareEngineer', '1421');
INSERT INTO `SkillSet` (`id`) VALUES ('1422');
INSERT INTO `SkillSet_skills` (`SkillSet_id`, `skills`) VALUES ('1422', 'dotNet');
INSERT INTO `SkillSet_skills` (`SkillSet_id`, `skills`) VALUES ('1422', 'UITesting');
INSERT INTO `SkillSet_skills` (`SkillSet_id`, `skills`) VALUES ('1422', 'Architektur');
INSERT INTO `Hero` (`id`, `firstName`, `lastName`, `role`, `skillSet_id`) VALUES ('1422', 'b477de3a-299b-4d8f-a8a8-a640367cf442', '7ccac222-dc09-4ffd-a219-a201ae059c33', 'LeadEngineer', '1422');
INSERT INTO `SkillSet` (`id`) VALUES ('1423');
INSERT INTO `SkillSet_skills` (`SkillSet_id`, `skills`) VALUES ('1423', 'Architektur');
INSERT INTO `SkillSet_skills` (`SkillSet_id`, `skills`) VALUES ('1423', 'Java');
INSERT INTO `SkillSet_skills` (`SkillSet_id`, `skills`) VALUES ('1423', 'Maven');
INSERT INTO `Hero` (`id`, `firstName`, `lastName`, `role`, `skillSet_id`) VALUES ('1423', '1390f8f1-9582-4a3b-b9d4-96e428d64e11', 'f8b3cd8e-2d0e-42d9-87f7-b3e6435bb02c', 'LeadEngineer', '1423');
INSERT INTO `SkillSet` (`id`) VALUES ('1424');
INSERT INTO `SkillSet_skills` (`SkillSet_id`, `skills`) VALUES ('1424', 'Java');
INSERT INTO `SkillSet_skills` (`SkillSet_id`, `skills`) VALUES ('1424', 'Maven');
INSERT INTO `SkillSet_skills` (`SkillSet_id`, `skills`) VALUES ('1424', 'Ant');
INSERT INTO `SkillSet_skills` (`SkillSet_id`, `skills`) VALUES ('1424', 'Java');
INSERT INTO `SkillSet_skills` (`SkillSet_id`, `skills`) VALUES ('1424', 'UITesting');
INSERT INTO `Hero` (`id`, `firstName`, `lastName`, `role`, `skillSet_id`) VALUES ('1424', 'ccf78ad9-3007-40f3-9382-7257e9a878b1', '844d5ae1-34a9-41b3-9e65-48b39f10a5c7', 'SeniorSoftwareEngineer', '1424');
INSERT INTO `SkillSet` (`id`) VALUES ('1425');
INSERT INTO `SkillSet_skills` (`SkillSet_id`, `skills`) VALUES ('1425', 'dotNet');
INSERT INTO `SkillSet_skills` (`SkillSet_id`, `skills`) VALUES ('1425', 'UITesting');
INSERT INTO `SkillSet_skills` (`SkillSet_id`, `skills`) VALUES ('1425', 'dotNet');
INSERT INTO `SkillSet_skills` (`SkillSet_id`, `skills`) VALUES ('1425', 'Java');
INSERT INTO `SkillSet_skills` (`SkillSet_id`, `skills`) VALUES ('1425', 'UITesting');
INSERT INTO `Hero` (`id`, `firstName`, `lastName`, `role`, `skillSet_id`) VALUES ('1425', 'e84b176e-8441-4366-99c2-45de49b61247', '654f45c2-ed59-416a-a059-87f0793fb212', 'SoftwareEngineer', '1425');
INSERT INTO `SkillSet` (`id`) VALUES ('1426');
INSERT INTO `SkillSet_skills` (`SkillSet_id`, `skills`) VALUES ('1426', 'UnitTesting');
INSERT INTO `SkillSet_skills` (`SkillSet_id`, `skills`) VALUES ('1426', 'UITesting');
INSERT INTO `SkillSet_skills` (`SkillSet_id`, `skills`) VALUES ('1426', 'SQL');
INSERT INTO `SkillSet_skills` (`SkillSet_id`, `skills`) VALUES ('1426', 'Maven');
INSERT INTO `Hero` (`id`, `firstName`, `lastName`, `role`, `skillSet_id`) VALUES ('1426', '4c047236-e7d6-40e9-bcdf-7f4d9dc43c99', '3f28c9ae-d29e-4dd5-b06a-53c64cac6587', 'SeniorSoftwareEngineer', '1426');
INSERT INTO `SkillSet` (`id`) VALUES ('1427');
INSERT INTO `SkillSet_skills` (`SkillSet_id`, `skills`) VALUES ('1427', 'UnitTesting');
INSERT INTO `SkillSet_skills` (`SkillSet_id`, `skills`) VALUES ('1427', 'Java');
INSERT INTO `SkillSet_skills` (`SkillSet_id`, `skills`) VALUES ('1427', 'SQL');
INSERT INTO `SkillSet_skills` (`SkillSet_id`, `skills`) VALUES ('1427', 'dotNet');
INSERT INTO `Hero` (`id`, `firstName`, `lastName`, `role`, `skillSet_id`) VALUES ('1427', '9f61ae20-57ea-49af-aaaf-4b25e6a87603', 'd93f972c-9f95-4461-b717-54bb341fb76d', 'PrincipalConsultant', '1427');
INSERT INTO `SkillSet` (`id`) VALUES ('1428');
INSERT INTO `SkillSet_skills` (`SkillSet_id`, `skills`) VALUES ('1428', 'dotNet');
INSERT INTO `SkillSet_skills` (`SkillSet_id`, `skills`) VALUES ('1428', 'Gradle');
INSERT INTO `SkillSet_skills` (`SkillSet_id`, `skills`) VALUES ('1428', 'Gradle');
INSERT INTO `SkillSet_skills` (`SkillSet_id`, `skills`) VALUES ('1428', 'UnitTesting');
INSERT INTO `SkillSet_skills` (`SkillSet_id`, `skills`) VALUES ('1428', 'Java');
INSERT INTO `Hero` (`id`, `firstName`, `lastName`, `role`, `skillSet_id`) VALUES ('1428', '89146c5a-d4f2-4a7f-8d40-eea137dd5572', '3464c293-8720-47a9-a463-2383fb21b557', 'LeadSoftwareArchitect', '1428');
INSERT INTO `SkillSet` (`id`) VALUES ('1429');
INSERT INTO `SkillSet_skills` (`SkillSet_id`, `skills`) VALUES ('1429', 'UnitTesting');
INSERT INTO `SkillSet_skills` (`SkillSet_id`, `skills`) VALUES ('1429', 'Maven');
INSERT INTO `Hero` (`id`, `firstName`, `lastName`, `role`, `skillSet_id`) VALUES ('1429', 'ab79f4e3-a07f-4bf3-adc9-d1b6e09d871d', '8c96388f-db93-4257-ab40-210aba24a3bb', 'LeadEngineer', '1429');
INSERT INTO `SkillSet` (`id`) VALUES ('1430');
INSERT INTO `SkillSet_skills` (`SkillSet_id`, `skills`) VALUES ('1430', 'Java');
INSERT INTO `SkillSet_skills` (`SkillSet_id`, `skills`) VALUES ('1430', 'SQL');
INSERT INTO `SkillSet_skills` (`SkillSet_id`, `skills`) VALUES ('1430', 'UITesting');
INSERT INTO `Hero` (`id`, `firstName`, `lastName`, `role`, `skillSet_id`) VALUES ('1430', '80b758e0-4d8a-4d0f-9422-22ad654ba879', 'd3f8eb51-824c-4db9-8761-42687780415b', 'PrincipalConsultant', '1430');
INSERT INTO `SkillSet` (`id`) VALUES ('1431');
INSERT INTO `SkillSet_skills` (`SkillSet_id`, `skills`) VALUES ('1431', 'UnitTesting');
INSERT INTO `SkillSet_skills` (`SkillSet_id`, `skills`) VALUES ('1431', 'SQL');
INSERT INTO `Hero` (`id`, `firstName`, `lastName`, `role`, `skillSet_id`) VALUES ('1431', '873e9846-8ba0-4fcc-a39f-5bddaae659d3', '695627e1-ac90-4a0b-804e-f1427f393224', 'JuniorSoftwareEngineer', '1431');
INSERT INTO `SkillSet` (`id`) VALUES ('1432');
INSERT INTO `SkillSet_skills` (`SkillSet_id`, `skills`) VALUES ('1432', 'Java');
INSERT INTO `SkillSet_skills` (`SkillSet_id`, `skills`) VALUES ('1432', 'Java');
INSERT INTO `Hero` (`id`, `firstName`, `lastName`, `role`, `skillSet_id`) VALUES ('1432', 'fd10c575-b506-43db-a32e-a05c62a006f3', 'dd9225f9-1e0a-431a-b2ca-e27eed43eaa2', 'SoftwareEngineer', '1432');
INSERT INTO `SkillSet` (`id`) VALUES ('1433');
INSERT INTO `SkillSet_skills` (`SkillSet_id`, `skills`) VALUES ('1433', 'dotNet');
INSERT INTO `SkillSet_skills` (`SkillSet_id`, `skills`) VALUES ('1433', 'dotNet');
INSERT INTO `SkillSet_skills` (`SkillSet_id`, `skills`) VALUES ('1433', 'UnitTesting');
INSERT INTO `SkillSet_skills` (`SkillSet_id`, `skills`) VALUES ('1433', 'Gradle');
INSERT INTO `SkillSet_skills` (`SkillSet_id`, `skills`) VALUES ('1433', 'Gradle');
INSERT INTO `Hero` (`id`, `firstName`, `lastName`, `role`, `skillSet_id`) VALUES ('1433', '1b10cd46-ffe0-4705-b302-cae82d5693e0', '102b480a-05cc-4519-a2f4-f58a187bd6de', 'SoftwareEngineer', '1433');
INSERT INTO `SkillSet` (`id`) VALUES ('1434');
INSERT INTO `SkillSet_skills` (`SkillSet_id`, `skills`) VALUES ('1434', 'Maven');
INSERT INTO `SkillSet_skills` (`SkillSet_id`, `skills`) VALUES ('1434', 'Architektur');
INSERT INTO `SkillSet_skills` (`SkillSet_id`, `skills`) VALUES ('1434', 'UITesting');
INSERT INTO `SkillSet_skills` (`SkillSet_id`, `skills`) VALUES ('1434', 'Maven');
INSERT INTO `Hero` (`id`, `firstName`, `lastName`, `role`, `skillSet_id`) VALUES ('1434', '485020e6-9a4c-43e3-921c-71cd2dd6ba59', 'b3d2950e-fa7a-4a64-bde5-9d326c361ad9', 'JuniorSoftwareEngineer', '1434');
INSERT INTO `SkillSet` (`id`) VALUES ('1435');
INSERT INTO `SkillSet_skills` (`SkillSet_id`, `skills`) VALUES ('1435', 'Java');
INSERT INTO `SkillSet_skills` (`SkillSet_id`, `skills`) VALUES ('1435', 'SQL');
INSERT INTO `Hero` (`id`, `firstName`, `lastName`, `role`, `skillSet_id`) VALUES ('1435', 'd172b520-1022-4cae-a379-42b9009b0a5c', '1ef09582-26dd-45ee-9792-1b97debe1f68', 'SoftwareEngineer', '1435');
INSERT INTO `SkillSet` (`id`) VALUES ('1436');
INSERT INTO `SkillSet_skills` (`SkillSet_id`, `skills`) VALUES ('1436', 'UITesting');
INSERT INTO `SkillSet_skills` (`SkillSet_id`, `skills`) VALUES ('1436', 'UITesting');
INSERT INTO `SkillSet_skills` (`SkillSet_id`, `skills`) VALUES ('1436', 'Java');
INSERT INTO `SkillSet_skills` (`SkillSet_id`, `skills`) VALUES ('1436', 'Gradle');
INSERT INTO `Hero` (`id`, `firstName`, `lastName`, `role`, `skillSet_id`) VALUES ('1436', 'ffbe8e07-4d1d-4ce2-bad3-35b0e0cb33d0', 'd6114b4a-21c7-4540-82f1-154979aed171', 'SeniorSoftwareEngineer', '1436');
INSERT INTO `SkillSet` (`id`) VALUES ('1437');
INSERT INTO `SkillSet_skills` (`SkillSet_id`, `skills`) VALUES ('1437', 'UITesting');
INSERT INTO `SkillSet_skills` (`SkillSet_id`, `skills`) VALUES ('1437', 'Architektur');
INSERT INTO `SkillSet_skills` (`SkillSet_id`, `skills`) VALUES ('1437', 'UnitTesting');
INSERT INTO `Hero` (`id`, `firstName`, `lastName`, `role`, `skillSet_id`) VALUES ('1437', '9f0bbd3f-276b-4271-8c09-1529583539a1', 'ba79817e-96a2-472d-8698-b1fcab933515', 'LeadEngineer', '1437');
INSERT INTO `SkillSet` (`id`) VALUES ('1438');
INSERT INTO `SkillSet_skills` (`SkillSet_id`, `skills`) VALUES ('1438', 'SQL');
INSERT INTO `SkillSet_skills` (`SkillSet_id`, `skills`) VALUES ('1438', 'UITesting');
INSERT INTO `SkillSet_skills` (`SkillSet_id`, `skills`) VALUES ('1438', 'SQL');
INSERT INTO `Hero` (`id`, `firstName`, `lastName`, `role`, `skillSet_id`) VALUES ('1438', '514233ed-3e68-4eb3-b2ce-91d85c1ac94a', 'c9a91350-5b84-4bc0-a1c8-0a53ca72c249', 'LeadEngineer', '1438');
INSERT INTO `SkillSet` (`id`) VALUES ('1439');
INSERT INTO `SkillSet_skills` (`SkillSet_id`, `skills`) VALUES ('1439', 'Maven');
INSERT INTO `SkillSet_skills` (`SkillSet_id`, `skills`) VALUES ('1439', 'SQL');
INSERT INTO `Hero` (`id`, `firstName`, `lastName`, `role`, `skillSet_id`) VALUES ('1439', '02f3c1ff-cc51-45e1-9b59-1ab40391cfab', 'e28cdf9f-3a44-4fe0-aa96-94f68db15307', 'PrincipalConsultant', '1439');
INSERT INTO `SkillSet` (`id`) VALUES ('1440');
INSERT INTO `SkillSet_skills` (`SkillSet_id`, `skills`) VALUES ('1440', 'Maven');
INSERT INTO `Hero` (`id`, `firstName`, `lastName`, `role`, `skillSet_id`) VALUES ('1440', 'bb3b5661-4420-4a5e-a225-f387b27f0e1b', 'eafa4a7d-e0f7-4948-9126-c34a2394a153', 'LeadSoftwareArchitect', '1440');
INSERT INTO `SkillSet` (`id`) VALUES ('1441');
INSERT INTO `SkillSet_skills` (`SkillSet_id`, `skills`) VALUES ('1441', 'Ant');
INSERT INTO `SkillSet_skills` (`SkillSet_id`, `skills`) VALUES ('1441', 'Maven');
INSERT INTO `SkillSet_skills` (`SkillSet_id`, `skills`) VALUES ('1441', 'UITesting');
INSERT INTO `Hero` (`id`, `firstName`, `lastName`, `role`, `skillSet_id`) VALUES ('1441', '96e4fb63-da5d-41fb-b7ce-b8a29782f3b1', '2328bc43-e0de-479e-aba8-146408069074', 'LeadSoftwareArchitect', '1441');
INSERT INTO `SkillSet` (`id`) VALUES ('1442');
INSERT INTO `SkillSet_skills` (`SkillSet_id`, `skills`) VALUES ('1442', 'dotNet');
INSERT INTO `Hero` (`id`, `firstName`, `lastName`, `role`, `skillSet_id`) VALUES ('1442', '0c33c44e-d9c2-4162-a342-8437b8c9fad1', '140e3857-aecf-4a38-bf91-5a737c619223', 'LeadSoftwareArchitect', '1442');
INSERT INTO `SkillSet` (`id`) VALUES ('1443');
INSERT INTO `SkillSet_skills` (`SkillSet_id`, `skills`) VALUES ('1443', 'Java');
INSERT INTO `SkillSet_skills` (`SkillSet_id`, `skills`) VALUES ('1443', 'dotNet');
INSERT INTO `SkillSet_skills` (`SkillSet_id`, `skills`) VALUES ('1443', 'UnitTesting');
INSERT INTO `SkillSet_skills` (`SkillSet_id`, `skills`) VALUES ('1443', 'Java');
INSERT INTO `Hero` (`id`, `firstName`, `lastName`, `role`, `skillSet_id`) VALUES ('1443', '1016efd0-1c3d-41c0-b74c-8453e2c2ab51', '8f3e13a7-d146-4141-8367-fb71befeeda7', 'JuniorSoftwareEngineer', '1443');
INSERT INTO `SkillSet` (`id`) VALUES ('1444');
INSERT INTO `SkillSet_skills` (`SkillSet_id`, `skills`) VALUES ('1444', 'Java');
INSERT INTO `SkillSet_skills` (`SkillSet_id`, `skills`) VALUES ('1444', 'dotNet');
INSERT INTO `SkillSet_skills` (`SkillSet_id`, `skills`) VALUES ('1444', 'Java');
INSERT INTO `SkillSet_skills` (`SkillSet_id`, `skills`) VALUES ('1444', 'Maven');
INSERT INTO `SkillSet_skills` (`SkillSet_id`, `skills`) VALUES ('1444', 'Architektur');
INSERT INTO `Hero` (`id`, `firstName`, `lastName`, `role`, `skillSet_id`) VALUES ('1444', '72418d4c-4c6e-487a-afb2-72d2f5b5e040', '977c92ca-1895-4048-b717-cee79147d385', 'PrincipalConsultant', '1444');
INSERT INTO `SkillSet` (`id`) VALUES ('1445');
INSERT INTO `SkillSet_skills` (`SkillSet_id`, `skills`) VALUES ('1445', 'Gradle');
INSERT INTO `Hero` (`id`, `firstName`, `lastName`, `role`, `skillSet_id`) VALUES ('1445', '9562b647-a245-4b0e-aaa3-5c6c9d8e73af', 'b5f688e2-d97a-47ac-b0a9-214172477a88', 'JuniorSoftwareEngineer', '1445');
INSERT INTO `SkillSet` (`id`) VALUES ('1446');
INSERT INTO `SkillSet_skills` (`SkillSet_id`, `skills`) VALUES ('1446', 'dotNet');
INSERT INTO `Hero` (`id`, `firstName`, `lastName`, `role`, `skillSet_id`) VALUES ('1446', 'fa738d5a-e7a9-445a-bc67-41308963e79a', '723e2589-ebd8-4e26-8de1-b89d096bf8a8', 'JuniorSoftwareEngineer', '1446');
INSERT INTO `SkillSet` (`id`) VALUES ('1447');
INSERT INTO `SkillSet_skills` (`SkillSet_id`, `skills`) VALUES ('1447', 'UnitTesting');
INSERT INTO `SkillSet_skills` (`SkillSet_id`, `skills`) VALUES ('1447', 'UnitTesting');
INSERT INTO `SkillSet_skills` (`SkillSet_id`, `skills`) VALUES ('1447', 'Java');
INSERT INTO `Hero` (`id`, `firstName`, `lastName`, `role`, `skillSet_id`) VALUES ('1447', 'f43404eb-aa79-431a-ac5f-2ff2494ca03d', 'f4bfa72b-bd23-448d-a678-9f188ae9db04', 'JuniorSoftwareEngineer', '1447');
INSERT INTO `SkillSet` (`id`) VALUES ('1448');
INSERT INTO `SkillSet_skills` (`SkillSet_id`, `skills`) VALUES ('1448', 'UnitTesting');
INSERT INTO `SkillSet_skills` (`SkillSet_id`, `skills`) VALUES ('1448', 'Maven');
INSERT INTO `Hero` (`id`, `firstName`, `lastName`, `role`, `skillSet_id`) VALUES ('1448', 'ec0ac285-82eb-4574-8591-d94d2ac12219', '01bf9a0e-7723-4238-a632-a604fa2d7976', 'PrincipalConsultant', '1448');
INSERT INTO `SkillSet` (`id`) VALUES ('1449');
INSERT INTO `SkillSet_skills` (`SkillSet_id`, `skills`) VALUES ('1449', 'Ant');
INSERT INTO `SkillSet_skills` (`SkillSet_id`, `skills`) VALUES ('1449', 'SQL');
INSERT INTO `Hero` (`id`, `firstName`, `lastName`, `role`, `skillSet_id`) VALUES ('1449', 'e63e44e1-a03b-4595-a9b4-128a1ca44524', 'f56fd90b-5727-4697-8b6a-7e5f9acbbc65', 'PrincipalConsultant', '1449');
INSERT INTO `SkillSet` (`id`) VALUES ('1450');
INSERT INTO `SkillSet_skills` (`SkillSet_id`, `skills`) VALUES ('1450', 'Maven');
INSERT INTO `Hero` (`id`, `firstName`, `lastName`, `role`, `skillSet_id`) VALUES ('1450', 'd434f48d-c3b9-4978-8446-b793ebb71cc0', '71d09b92-0d72-48ab-a1fe-dc98a3de0a5e', 'SeniorSoftwareEngineer', '1450');
INSERT INTO `SkillSet` (`id`) VALUES ('1451');
INSERT INTO `SkillSet_skills` (`SkillSet_id`, `skills`) VALUES ('1451', 'Gradle');
INSERT INTO `SkillSet_skills` (`SkillSet_id`, `skills`) VALUES ('1451', 'UITesting');
INSERT INTO `SkillSet_skills` (`SkillSet_id`, `skills`) VALUES ('1451', 'Ant');
INSERT INTO `SkillSet_skills` (`SkillSet_id`, `skills`) VALUES ('1451', 'UITesting');
INSERT INTO `Hero` (`id`, `firstName`, `lastName`, `role`, `skillSet_id`) VALUES ('1451', 'd6ec4fdf-b381-482a-8fa5-3ffe1f1871e9', '537ae1a2-86f2-4cf8-b1b0-d135e4346a67', 'SeniorSoftwareEngineer', '1451');
INSERT INTO `SkillSet` (`id`) VALUES ('1452');
INSERT INTO `SkillSet_skills` (`SkillSet_id`, `skills`) VALUES ('1452', 'UnitTesting');
INSERT INTO `SkillSet_skills` (`SkillSet_id`, `skills`) VALUES ('1452', 'Maven');
INSERT INTO `SkillSet_skills` (`SkillSet_id`, `skills`) VALUES ('1452', 'Ant');
INSERT INTO `SkillSet_skills` (`SkillSet_id`, `skills`) VALUES ('1452', 'Architektur');
INSERT INTO `SkillSet_skills` (`SkillSet_id`, `skills`) VALUES ('1452', 'UITesting');
INSERT INTO `Hero` (`id`, `firstName`, `lastName`, `role`, `skillSet_id`) VALUES ('1452', '0a5b7e48-fcbd-4acf-b938-53e008beb6ff', '3d38848e-9867-4993-97ad-a2fe12db5b42', 'PrincipalConsultant', '1452');
INSERT INTO `SkillSet` (`id`) VALUES ('1453');
INSERT INTO `SkillSet_skills` (`SkillSet_id`, `skills`) VALUES ('1453', 'Ant');
INSERT INTO `SkillSet_skills` (`SkillSet_id`, `skills`) VALUES ('1453', 'Maven');
INSERT INTO `Hero` (`id`, `firstName`, `lastName`, `role`, `skillSet_id`) VALUES ('1453', '8a0be5e5-4325-4a93-bf4c-a93a23e76c80', '789cc40c-35da-4f25-9403-3f9f8e01ac31', 'SoftwareEngineer', '1453');
INSERT INTO `SkillSet` (`id`) VALUES ('1454');
INSERT INTO `SkillSet_skills` (`SkillSet_id`, `skills`) VALUES ('1454', 'Maven');
INSERT INTO `SkillSet_skills` (`SkillSet_id`, `skills`) VALUES ('1454', 'Architektur');
INSERT INTO `Hero` (`id`, `firstName`, `lastName`, `role`, `skillSet_id`) VALUES ('1454', '3e788356-692d-45e8-b74f-b2f3a835ae08', 'b9eb413f-2882-4b21-9102-a0e54c6eb948', 'LeadEngineer', '1454');
INSERT INTO `SkillSet` (`id`) VALUES ('1455');
INSERT INTO `SkillSet_skills` (`SkillSet_id`, `skills`) VALUES ('1455', 'Ant');
INSERT INTO `SkillSet_skills` (`SkillSet_id`, `skills`) VALUES ('1455', 'SQL');
INSERT INTO `SkillSet_skills` (`SkillSet_id`, `skills`) VALUES ('1455', 'dotNet');
INSERT INTO `Hero` (`id`, `firstName`, `lastName`, `role`, `skillSet_id`) VALUES ('1455', '93dc390c-e75f-4407-a4b4-6b6656876ffc', 'cf74a0e5-2eee-4bf9-b243-22d80df89bac', 'JuniorSoftwareEngineer', '1455');
INSERT INTO `SkillSet` (`id`) VALUES ('1456');
INSERT INTO `SkillSet_skills` (`SkillSet_id`, `skills`) VALUES ('1456', 'SQL');
INSERT INTO `SkillSet_skills` (`SkillSet_id`, `skills`) VALUES ('1456', 'Java');
INSERT INTO `SkillSet_skills` (`SkillSet_id`, `skills`) VALUES ('1456', 'Ant');
INSERT INTO `SkillSet_skills` (`SkillSet_id`, `skills`) VALUES ('1456', 'Ant');
INSERT INTO `SkillSet_skills` (`SkillSet_id`, `skills`) VALUES ('1456', 'Java');
INSERT INTO `Hero` (`id`, `firstName`, `lastName`, `role`, `skillSet_id`) VALUES ('1456', '083925af-3424-4fc2-b836-653138de0216', '2632b9c2-a718-41c5-87e5-49942c73dd08', 'LeadEngineer', '1456');
INSERT INTO `SkillSet` (`id`) VALUES ('1457');
INSERT INTO `SkillSet_skills` (`SkillSet_id`, `skills`) VALUES ('1457', 'dotNet');
INSERT INTO `SkillSet_skills` (`SkillSet_id`, `skills`) VALUES ('1457', 'Maven');
INSERT INTO `Hero` (`id`, `firstName`, `lastName`, `role`, `skillSet_id`) VALUES ('1457', 'f636c596-0ff6-412a-aeb3-15499b7d8ed7', '94d703e4-4bd1-4f08-8034-808c05dbf41e', 'JuniorSoftwareEngineer', '1457');
INSERT INTO `SkillSet` (`id`) VALUES ('1458');
INSERT INTO `SkillSet_skills` (`SkillSet_id`, `skills`) VALUES ('1458', 'Ant');
INSERT INTO `SkillSet_skills` (`SkillSet_id`, `skills`) VALUES ('1458', 'UnitTesting');
INSERT INTO `SkillSet_skills` (`SkillSet_id`, `skills`) VALUES ('1458', 'UITesting');
INSERT INTO `SkillSet_skills` (`SkillSet_id`, `skills`) VALUES ('1458', 'Ant');
INSERT INTO `Hero` (`id`, `firstName`, `lastName`, `role`, `skillSet_id`) VALUES ('1458', 'a47e7d56-9c48-4e33-b501-bd2182d09e16', 'ca009140-054e-4cf8-bbbf-8f47154def58', 'PrincipalConsultant', '1458');
INSERT INTO `SkillSet` (`id`) VALUES ('1459');
INSERT INTO `SkillSet_skills` (`SkillSet_id`, `skills`) VALUES ('1459', 'UnitTesting');
INSERT INTO `SkillSet_skills` (`SkillSet_id`, `skills`) VALUES ('1459', 'Architektur');
INSERT INTO `SkillSet_skills` (`SkillSet_id`, `skills`) VALUES ('1459', 'Gradle');
INSERT INTO `SkillSet_skills` (`SkillSet_id`, `skills`) VALUES ('1459', 'Architektur');
INSERT INTO `Hero` (`id`, `firstName`, `lastName`, `role`, `skillSet_id`) VALUES ('1459', '78dca0c0-41a8-4f72-a6d7-7b175c56f3c5', 'bfce4a54-1a76-4e3a-95d7-ac2dbab823f3', 'LeadEngineer', '1459');
INSERT INTO `SkillSet` (`id`) VALUES ('1460');
INSERT INTO `SkillSet_skills` (`SkillSet_id`, `skills`) VALUES ('1460', 'UITesting');
INSERT INTO `Hero` (`id`, `firstName`, `lastName`, `role`, `skillSet_id`) VALUES ('1460', 'cb66fc7b-a043-4b30-9b75-b4b5e29f3710', '2f94c990-5c30-47ca-8cd1-50598e8aff87', 'PrincipalConsultant', '1460');
INSERT INTO `SkillSet` (`id`) VALUES ('1461');
INSERT INTO `SkillSet_skills` (`SkillSet_id`, `skills`) VALUES ('1461', 'dotNet');
INSERT INTO `SkillSet_skills` (`SkillSet_id`, `skills`) VALUES ('1461', 'Gradle');
INSERT INTO `Hero` (`id`, `firstName`, `lastName`, `role`, `skillSet_id`) VALUES ('1461', '314a2b7f-e29f-4b22-ad3d-2443894304fe', 'fc5b6ecb-d3e5-489f-84c4-113bee1f0da4', 'LeadEngineer', '1461');
INSERT INTO `SkillSet` (`id`) VALUES ('1462');
INSERT INTO `SkillSet_skills` (`SkillSet_id`, `skills`) VALUES ('1462', 'SQL');
INSERT INTO `SkillSet_skills` (`SkillSet_id`, `skills`) VALUES ('1462', 'UnitTesting');
INSERT INTO `SkillSet_skills` (`SkillSet_id`, `skills`) VALUES ('1462', 'UnitTesting');
INSERT INTO `SkillSet_skills` (`SkillSet_id`, `skills`) VALUES ('1462', 'Java');
INSERT INTO `Hero` (`id`, `firstName`, `lastName`, `role`, `skillSet_id`) VALUES ('1462', '5e1dd6e6-071c-4086-acb8-7974bef6b2f3', 'a30f4b1a-1099-4ccd-ba67-0b833db8b73e', 'LeadEngineer', '1462');
INSERT INTO `SkillSet` (`id`) VALUES ('1463');
INSERT INTO `SkillSet_skills` (`SkillSet_id`, `skills`) VALUES ('1463', 'Java');
INSERT INTO `SkillSet_skills` (`SkillSet_id`, `skills`) VALUES ('1463', 'dotNet');
INSERT INTO `SkillSet_skills` (`SkillSet_id`, `skills`) VALUES ('1463', 'Maven');
INSERT INTO `SkillSet_skills` (`SkillSet_id`, `skills`) VALUES ('1463', 'UITesting');
INSERT INTO `SkillSet_skills` (`SkillSet_id`, `skills`) VALUES ('1463', 'Maven');
INSERT INTO `Hero` (`id`, `firstName`, `lastName`, `role`, `skillSet_id`) VALUES ('1463', '59124391-9ed7-4678-ad6e-f47eadee16e1', '3ec38f1a-69a2-44d4-920d-1d86b0c58424', 'PrincipalConsultant', '1463');
INSERT INTO `SkillSet` (`id`) VALUES ('1464');
INSERT INTO `SkillSet_skills` (`SkillSet_id`, `skills`) VALUES ('1464', 'dotNet');
INSERT INTO `SkillSet_skills` (`SkillSet_id`, `skills`) VALUES ('1464', 'Architektur');
INSERT INTO `SkillSet_skills` (`SkillSet_id`, `skills`) VALUES ('1464', 'Maven');
INSERT INTO `Hero` (`id`, `firstName`, `lastName`, `role`, `skillSet_id`) VALUES ('1464', '31b848b0-4e26-4f63-82b0-3220e17f24c7', '6054aec3-75c3-4150-9315-560ababb2e21', 'PrincipalConsultant', '1464');
INSERT INTO `SkillSet` (`id`) VALUES ('1465');
INSERT INTO `SkillSet_skills` (`SkillSet_id`, `skills`) VALUES ('1465', 'UnitTesting');
INSERT INTO `SkillSet_skills` (`SkillSet_id`, `skills`) VALUES ('1465', 'Java');
INSERT INTO `SkillSet_skills` (`SkillSet_id`, `skills`) VALUES ('1465', 'dotNet');
INSERT INTO `SkillSet_skills` (`SkillSet_id`, `skills`) VALUES ('1465', 'SQL');
INSERT INTO `Hero` (`id`, `firstName`, `lastName`, `role`, `skillSet_id`) VALUES ('1465', '4e6f177f-caaf-4ef5-8656-8157bb7e5af0', '8ecb918a-6466-457d-bf70-bcc44c870e7a', 'SeniorSoftwareEngineer', '1465');
INSERT INTO `SkillSet` (`id`) VALUES ('1466');
INSERT INTO `SkillSet_skills` (`SkillSet_id`, `skills`) VALUES ('1466', 'Java');
INSERT INTO `SkillSet_skills` (`SkillSet_id`, `skills`) VALUES ('1466', 'UITesting');
INSERT INTO `SkillSet_skills` (`SkillSet_id`, `skills`) VALUES ('1466', 'Maven');
INSERT INTO `Hero` (`id`, `firstName`, `lastName`, `role`, `skillSet_id`) VALUES ('1466', 'a19a2f3a-f947-45ab-b002-70a67fb97b61', '2e8125e3-8f32-47c3-8093-fe1ff625aaca', 'LeadEngineer', '1466');
INSERT INTO `SkillSet` (`id`) VALUES ('1467');
INSERT INTO `SkillSet_skills` (`SkillSet_id`, `skills`) VALUES ('1467', 'dotNet');
INSERT INTO `SkillSet_skills` (`SkillSet_id`, `skills`) VALUES ('1467', 'UnitTesting');
INSERT INTO `SkillSet_skills` (`SkillSet_id`, `skills`) VALUES ('1467', 'Ant');
INSERT INTO `SkillSet_skills` (`SkillSet_id`, `skills`) VALUES ('1467', 'Ant');
INSERT INTO `Hero` (`id`, `firstName`, `lastName`, `role`, `skillSet_id`) VALUES ('1467', 'e05c2dd3-5dc3-417c-aeb6-089818e54e44', '7a7f9c67-e52e-43c7-b408-ae436d9f20e4', 'LeadSoftwareArchitect', '1467');
INSERT INTO `SkillSet` (`id`) VALUES ('1468');
INSERT INTO `SkillSet_skills` (`SkillSet_id`, `skills`) VALUES ('1468', 'dotNet');
INSERT INTO `SkillSet_skills` (`SkillSet_id`, `skills`) VALUES ('1468', 'dotNet');
INSERT INTO `SkillSet_skills` (`SkillSet_id`, `skills`) VALUES ('1468', 'Maven');
INSERT INTO `SkillSet_skills` (`SkillSet_id`, `skills`) VALUES ('1468', 'Java');
INSERT INTO `SkillSet_skills` (`SkillSet_id`, `skills`) VALUES ('1468', 'UITesting');
INSERT INTO `Hero` (`id`, `firstName`, `lastName`, `role`, `skillSet_id`) VALUES ('1468', '79a62306-2dfd-4540-a827-fb38f8e72dcd', '48ea3a6d-77e6-4f73-abc8-78b92f6172bc', 'JuniorSoftwareEngineer', '1468');
INSERT INTO `SkillSet` (`id`) VALUES ('1469');
INSERT INTO `SkillSet_skills` (`SkillSet_id`, `skills`) VALUES ('1469', 'Maven');
INSERT INTO `SkillSet_skills` (`SkillSet_id`, `skills`) VALUES ('1469', 'SQL');
INSERT INTO `SkillSet_skills` (`SkillSet_id`, `skills`) VALUES ('1469', 'Maven');
INSERT INTO `Hero` (`id`, `firstName`, `lastName`, `role`, `skillSet_id`) VALUES ('1469', '2867a4bf-9fb9-4975-beb3-443839597d81', '60cc18a0-61e3-4cd3-b6b1-6b1c7a70e60f', 'LeadSoftwareArchitect', '1469');
INSERT INTO `SkillSet` (`id`) VALUES ('1470');
INSERT INTO `SkillSet_skills` (`SkillSet_id`, `skills`) VALUES ('1470', 'dotNet');
INSERT INTO `SkillSet_skills` (`SkillSet_id`, `skills`) VALUES ('1470', 'UITesting');
INSERT INTO `SkillSet_skills` (`SkillSet_id`, `skills`) VALUES ('1470', 'dotNet');
INSERT INTO `SkillSet_skills` (`SkillSet_id`, `skills`) VALUES ('1470', 'Gradle');
INSERT INTO `Hero` (`id`, `firstName`, `lastName`, `role`, `skillSet_id`) VALUES ('1470', '63ed1638-d873-46ce-9761-83a46a29ef1c', '1a3d1ae9-8a1b-45d8-a40f-9ece75aada61', 'LeadEngineer', '1470');
INSERT INTO `SkillSet` (`id`) VALUES ('1471');
INSERT INTO `SkillSet_skills` (`SkillSet_id`, `skills`) VALUES ('1471', 'Architektur');
INSERT INTO `SkillSet_skills` (`SkillSet_id`, `skills`) VALUES ('1471', 'SQL');
INSERT INTO `Hero` (`id`, `firstName`, `lastName`, `role`, `skillSet_id`) VALUES ('1471', 'b7ed8cb9-53c5-4165-b9da-1daaf619f0b1', '0351ea20-6c0a-4277-9f95-7bf934034c1d', 'SeniorSoftwareEngineer', '1471');
INSERT INTO `SkillSet` (`id`) VALUES ('1472');
INSERT INTO `SkillSet_skills` (`SkillSet_id`, `skills`) VALUES ('1472', 'UITesting');
INSERT INTO `SkillSet_skills` (`SkillSet_id`, `skills`) VALUES ('1472', 'Architektur');
INSERT INTO `SkillSet_skills` (`SkillSet_id`, `skills`) VALUES ('1472', 'dotNet');
INSERT INTO `SkillSet_skills` (`SkillSet_id`, `skills`) VALUES ('1472', 'Gradle');
INSERT INTO `SkillSet_skills` (`SkillSet_id`, `skills`) VALUES ('1472', 'Java');
INSERT INTO `Hero` (`id`, `firstName`, `lastName`, `role`, `skillSet_id`) VALUES ('1472', '8f3de3ed-1537-44a1-96e9-3e2c0c5700cd', '195a9e6a-e178-436c-a9ea-914c686eded2', 'JuniorSoftwareEngineer', '1472');
INSERT INTO `SkillSet` (`id`) VALUES ('1473');
INSERT INTO `SkillSet_skills` (`SkillSet_id`, `skills`) VALUES ('1473', 'SQL');
INSERT INTO `SkillSet_skills` (`SkillSet_id`, `skills`) VALUES ('1473', 'dotNet');
INSERT INTO `SkillSet_skills` (`SkillSet_id`, `skills`) VALUES ('1473', 'Ant');
INSERT INTO `SkillSet_skills` (`SkillSet_id`, `skills`) VALUES ('1473', 'UnitTesting');
INSERT INTO `SkillSet_skills` (`SkillSet_id`, `skills`) VALUES ('1473', 'Architektur');
INSERT INTO `Hero` (`id`, `firstName`, `lastName`, `role`, `skillSet_id`) VALUES ('1473', '5b1c6a99-947c-4694-8ecf-50a746d107ed', '58114107-c8c2-4239-854d-b3609f980ec6', 'SeniorSoftwareEngineer', '1473');
INSERT INTO `SkillSet` (`id`) VALUES ('1474');
INSERT INTO `SkillSet_skills` (`SkillSet_id`, `skills`) VALUES ('1474', 'UnitTesting');
INSERT INTO `SkillSet_skills` (`SkillSet_id`, `skills`) VALUES ('1474', 'Java');
INSERT INTO `SkillSet_skills` (`SkillSet_id`, `skills`) VALUES ('1474', 'Java');
INSERT INTO `SkillSet_skills` (`SkillSet_id`, `skills`) VALUES ('1474', 'dotNet');
INSERT INTO `Hero` (`id`, `firstName`, `lastName`, `role`, `skillSet_id`) VALUES ('1474', '53bdf958-3c9f-4f7f-b050-cf5d5d3629d9', '5b988484-d63c-4507-8e64-0cf79634a2da', 'SoftwareEngineer', '1474');
INSERT INTO `SkillSet` (`id`) VALUES ('1475');
INSERT INTO `SkillSet_skills` (`SkillSet_id`, `skills`) VALUES ('1475', 'Maven');
INSERT INTO `Hero` (`id`, `firstName`, `lastName`, `role`, `skillSet_id`) VALUES ('1475', 'bf2c9ad8-0d7e-4207-8f05-9458c2319b03', '12c0f319-041f-4ce9-b497-1e2081ab4c0b', 'JuniorSoftwareEngineer', '1475');
INSERT INTO `SkillSet` (`id`) VALUES ('1476');
INSERT INTO `SkillSet_skills` (`SkillSet_id`, `skills`) VALUES ('1476', 'Maven');
INSERT INTO `SkillSet_skills` (`SkillSet_id`, `skills`) VALUES ('1476', 'dotNet');
INSERT INTO `SkillSet_skills` (`SkillSet_id`, `skills`) VALUES ('1476', 'Gradle');
INSERT INTO `Hero` (`id`, `firstName`, `lastName`, `role`, `skillSet_id`) VALUES ('1476', '37f0f6cd-4d16-4b52-9d8e-18ccfd12f63c', 'e6b7dcb7-0c79-4d0f-90a8-221788ce2b39', 'JuniorSoftwareEngineer', '1476');
INSERT INTO `SkillSet` (`id`) VALUES ('1477');
INSERT INTO `SkillSet_skills` (`SkillSet_id`, `skills`) VALUES ('1477', 'dotNet');
INSERT INTO `SkillSet_skills` (`SkillSet_id`, `skills`) VALUES ('1477', 'Ant');
INSERT INTO `SkillSet_skills` (`SkillSet_id`, `skills`) VALUES ('1477', 'UITesting');
INSERT INTO `Hero` (`id`, `firstName`, `lastName`, `role`, `skillSet_id`) VALUES ('1477', '2035e39f-5f7f-4aa7-b070-c15f40f001d6', 'c226f243-5c23-43a7-94f0-f233e408ffac', 'JuniorSoftwareEngineer', '1477');
INSERT INTO `SkillSet` (`id`) VALUES ('1478');
INSERT INTO `SkillSet_skills` (`SkillSet_id`, `skills`) VALUES ('1478', 'Maven');
INSERT INTO `SkillSet_skills` (`SkillSet_id`, `skills`) VALUES ('1478', 'Maven');
INSERT INTO `SkillSet_skills` (`SkillSet_id`, `skills`) VALUES ('1478', 'Java');
INSERT INTO `SkillSet_skills` (`SkillSet_id`, `skills`) VALUES ('1478', 'UITesting');
INSERT INTO `SkillSet_skills` (`SkillSet_id`, `skills`) VALUES ('1478', 'Gradle');
INSERT INTO `Hero` (`id`, `firstName`, `lastName`, `role`, `skillSet_id`) VALUES ('1478', 'd50402a2-1414-4a41-92a0-ba55c9fa9fc7', '6e23f103-83a7-4079-a832-08db45031b41', 'JuniorSoftwareEngineer', '1478');
INSERT INTO `SkillSet` (`id`) VALUES ('1479');
INSERT INTO `SkillSet_skills` (`SkillSet_id`, `skills`) VALUES ('1479', 'Gradle');
INSERT INTO `SkillSet_skills` (`SkillSet_id`, `skills`) VALUES ('1479', 'Architektur');
INSERT INTO `Hero` (`id`, `firstName`, `lastName`, `role`, `skillSet_id`) VALUES ('1479', 'e4a6c438-23f8-4d71-ae8c-0d46dfd2a8aa', '464e9880-54a3-4918-9eb8-d85c8acade45', 'LeadSoftwareArchitect', '1479');
INSERT INTO `SkillSet` (`id`) VALUES ('1480');
INSERT INTO `SkillSet_skills` (`SkillSet_id`, `skills`) VALUES ('1480', 'UnitTesting');
INSERT INTO `SkillSet_skills` (`SkillSet_id`, `skills`) VALUES ('1480', 'Java');
INSERT INTO `SkillSet_skills` (`SkillSet_id`, `skills`) VALUES ('1480', 'Gradle');
INSERT INTO `Hero` (`id`, `firstName`, `lastName`, `role`, `skillSet_id`) VALUES ('1480', '422ad605-d13e-4ce1-85ed-dc9905125c8f', '1e6fa119-cf8a-48c7-bf7f-63f3d8b6d1c8', 'JuniorSoftwareEngineer', '1480');
INSERT INTO `SkillSet` (`id`) VALUES ('1481');
INSERT INTO `SkillSet_skills` (`SkillSet_id`, `skills`) VALUES ('1481', 'Ant');
INSERT INTO `SkillSet_skills` (`SkillSet_id`, `skills`) VALUES ('1481', 'Maven');
INSERT INTO `SkillSet_skills` (`SkillSet_id`, `skills`) VALUES ('1481', 'Maven');
INSERT INTO `Hero` (`id`, `firstName`, `lastName`, `role`, `skillSet_id`) VALUES ('1481', 'b34cd6d7-daed-4271-a66e-bdb887a62046', 'cea2a016-7803-49c6-9c69-d5b103c3cec3', 'JuniorSoftwareEngineer', '1481');
INSERT INTO `SkillSet` (`id`) VALUES ('1482');
INSERT INTO `SkillSet_skills` (`SkillSet_id`, `skills`) VALUES ('1482', 'Architektur');
INSERT INTO `SkillSet_skills` (`SkillSet_id`, `skills`) VALUES ('1482', 'UITesting');
INSERT INTO `SkillSet_skills` (`SkillSet_id`, `skills`) VALUES ('1482', 'Architektur');
INSERT INTO `SkillSet_skills` (`SkillSet_id`, `skills`) VALUES ('1482', 'SQL');
INSERT INTO `Hero` (`id`, `firstName`, `lastName`, `role`, `skillSet_id`) VALUES ('1482', '75e668bb-c1a7-4532-962f-18a59da5a98a', '1c09c3cc-89c7-4072-9a99-77e9f221125f', 'LeadEngineer', '1482');
INSERT INTO `SkillSet` (`id`) VALUES ('1483');
INSERT INTO `SkillSet_skills` (`SkillSet_id`, `skills`) VALUES ('1483', 'UITesting');
INSERT INTO `SkillSet_skills` (`SkillSet_id`, `skills`) VALUES ('1483', 'Gradle');
INSERT INTO `SkillSet_skills` (`SkillSet_id`, `skills`) VALUES ('1483', 'Architektur');
INSERT INTO `SkillSet_skills` (`SkillSet_id`, `skills`) VALUES ('1483', 'SQL');
INSERT INTO `Hero` (`id`, `firstName`, `lastName`, `role`, `skillSet_id`) VALUES ('1483', '4e94a17e-3872-44f2-a2b9-2da621b8ba9c', 'c428cfb4-04a2-4956-856a-9e9f1c495e52', 'JuniorSoftwareEngineer', '1483');
INSERT INTO `SkillSet` (`id`) VALUES ('1484');
INSERT INTO `SkillSet_skills` (`SkillSet_id`, `skills`) VALUES ('1484', 'Maven');
INSERT INTO `SkillSet_skills` (`SkillSet_id`, `skills`) VALUES ('1484', 'SQL');
INSERT INTO `SkillSet_skills` (`SkillSet_id`, `skills`) VALUES ('1484', 'UITesting');
INSERT INTO `SkillSet_skills` (`SkillSet_id`, `skills`) VALUES ('1484', 'Gradle');
INSERT INTO `Hero` (`id`, `firstName`, `lastName`, `role`, `skillSet_id`) VALUES ('1484', 'f9ca717a-a0fb-4860-9ae2-268cbf5d7aed', '84323f8d-ad27-427e-8592-d39796b17b9d', 'LeadEngineer', '1484');
INSERT INTO `SkillSet` (`id`) VALUES ('1485');
INSERT INTO `SkillSet_skills` (`SkillSet_id`, `skills`) VALUES ('1485', 'UnitTesting');
INSERT INTO `SkillSet_skills` (`SkillSet_id`, `skills`) VALUES ('1485', 'UnitTesting');
INSERT INTO `SkillSet_skills` (`SkillSet_id`, `skills`) VALUES ('1485', 'SQL');
INSERT INTO `Hero` (`id`, `firstName`, `lastName`, `role`, `skillSet_id`) VALUES ('1485', '761734f9-d218-44ad-a8e7-bb48862a0a48', '9ca54c93-09f7-41fd-b025-516549dbdf4d', 'LeadSoftwareArchitect', '1485');
INSERT INTO `SkillSet` (`id`) VALUES ('1486');
INSERT INTO `SkillSet_skills` (`SkillSet_id`, `skills`) VALUES ('1486', 'UITesting');
INSERT INTO `SkillSet_skills` (`SkillSet_id`, `skills`) VALUES ('1486', 'SQL');
INSERT INTO `SkillSet_skills` (`SkillSet_id`, `skills`) VALUES ('1486', 'Maven');
INSERT INTO `SkillSet_skills` (`SkillSet_id`, `skills`) VALUES ('1486', 'Maven');
INSERT INTO `Hero` (`id`, `firstName`, `lastName`, `role`, `skillSet_id`) VALUES ('1486', '77ffda5c-f65d-43c7-9fea-7625f80026d4', '33be1296-559c-4efc-861b-5102eff86873', 'JuniorSoftwareEngineer', '1486');
INSERT INTO `SkillSet` (`id`) VALUES ('1487');
INSERT INTO `SkillSet_skills` (`SkillSet_id`, `skills`) VALUES ('1487', 'UnitTesting');
INSERT INTO `Hero` (`id`, `firstName`, `lastName`, `role`, `skillSet_id`) VALUES ('1487', 'a4ef8105-d04e-4b19-ad08-c1025b07bc5e', '8688325b-7694-4bb8-a1e1-2cd6b1b4c133', 'LeadSoftwareArchitect', '1487');
INSERT INTO `SkillSet` (`id`) VALUES ('1488');
INSERT INTO `SkillSet_skills` (`SkillSet_id`, `skills`) VALUES ('1488', 'Java');
INSERT INTO `SkillSet_skills` (`SkillSet_id`, `skills`) VALUES ('1488', 'UITesting');
INSERT INTO `SkillSet_skills` (`SkillSet_id`, `skills`) VALUES ('1488', 'Architektur');
INSERT INTO `Hero` (`id`, `firstName`, `lastName`, `role`, `skillSet_id`) VALUES ('1488', 'e10a1469-6fba-438c-921b-213e87fe6a75', '68a9b465-84c2-4038-9832-5d517fc3babc', 'LeadEngineer', '1488');
INSERT INTO `SkillSet` (`id`) VALUES ('1489');
INSERT INTO `SkillSet_skills` (`SkillSet_id`, `skills`) VALUES ('1489', 'SQL');
INSERT INTO `SkillSet_skills` (`SkillSet_id`, `skills`) VALUES ('1489', 'SQL');
INSERT INTO `SkillSet_skills` (`SkillSet_id`, `skills`) VALUES ('1489', 'dotNet');
INSERT INTO `SkillSet_skills` (`SkillSet_id`, `skills`) VALUES ('1489', 'Maven');
INSERT INTO `Hero` (`id`, `firstName`, `lastName`, `role`, `skillSet_id`) VALUES ('1489', '04c98c65-b02d-47e4-87f5-6920de577750', '500be86a-68b6-4730-94b8-414046760eb1', 'PrincipalConsultant', '1489');
INSERT INTO `SkillSet` (`id`) VALUES ('1490');
INSERT INTO `SkillSet_skills` (`SkillSet_id`, `skills`) VALUES ('1490', 'dotNet');
INSERT INTO `SkillSet_skills` (`SkillSet_id`, `skills`) VALUES ('1490', 'Gradle');
INSERT INTO `SkillSet_skills` (`SkillSet_id`, `skills`) VALUES ('1490', 'dotNet');
INSERT INTO `SkillSet_skills` (`SkillSet_id`, `skills`) VALUES ('1490', 'UITesting');
INSERT INTO `SkillSet_skills` (`SkillSet_id`, `skills`) VALUES ('1490', 'SQL');
INSERT INTO `Hero` (`id`, `firstName`, `lastName`, `role`, `skillSet_id`) VALUES ('1490', '4f08d7a3-3b31-4b5b-9ff3-da4f733d4847', '316dc09f-a1b0-4d4c-b437-ce8bf20a972a', 'SeniorSoftwareEngineer', '1490');
INSERT INTO `SkillSet` (`id`) VALUES ('1491');
INSERT INTO `SkillSet_skills` (`SkillSet_id`, `skills`) VALUES ('1491', 'Architektur');
INSERT INTO `SkillSet_skills` (`SkillSet_id`, `skills`) VALUES ('1491', 'SQL');
INSERT INTO `SkillSet_skills` (`SkillSet_id`, `skills`) VALUES ('1491', 'Architektur');
INSERT INTO `SkillSet_skills` (`SkillSet_id`, `skills`) VALUES ('1491', 'Ant');
INSERT INTO `SkillSet_skills` (`SkillSet_id`, `skills`) VALUES ('1491', 'Maven');
INSERT INTO `Hero` (`id`, `firstName`, `lastName`, `role`, `skillSet_id`) VALUES ('1491', 'bdaea0ba-47bc-4113-a71b-f0b96060b14e', '7739e120-eb3a-4d97-a2d7-ff2909ad4c83', 'PrincipalConsultant', '1491');
INSERT INTO `SkillSet` (`id`) VALUES ('1492');
INSERT INTO `SkillSet_skills` (`SkillSet_id`, `skills`) VALUES ('1492', 'UnitTesting');
INSERT INTO `SkillSet_skills` (`SkillSet_id`, `skills`) VALUES ('1492', 'Maven');
INSERT INTO `SkillSet_skills` (`SkillSet_id`, `skills`) VALUES ('1492', 'UITesting');
INSERT INTO `SkillSet_skills` (`SkillSet_id`, `skills`) VALUES ('1492', 'Maven');
INSERT INTO `Hero` (`id`, `firstName`, `lastName`, `role`, `skillSet_id`) VALUES ('1492', 'fefdb358-76c8-43cf-8e36-20edc8720b44', 'df64a634-c73b-4a20-b63d-fb3cfc6acde0', 'LeadSoftwareArchitect', '1492');
INSERT INTO `SkillSet` (`id`) VALUES ('1493');
INSERT INTO `SkillSet_skills` (`SkillSet_id`, `skills`) VALUES ('1493', 'Maven');
INSERT INTO `SkillSet_skills` (`SkillSet_id`, `skills`) VALUES ('1493', 'Gradle');
INSERT INTO `SkillSet_skills` (`SkillSet_id`, `skills`) VALUES ('1493', 'Ant');
INSERT INTO `SkillSet_skills` (`SkillSet_id`, `skills`) VALUES ('1493', 'UITesting');
INSERT INTO `Hero` (`id`, `firstName`, `lastName`, `role`, `skillSet_id`) VALUES ('1493', '7f8c6eea-ad31-4c55-ad3e-5f36bbb3df05', 'fe56749a-de5a-4fb0-9e28-5e49237d7031', 'SoftwareEngineer', '1493');
INSERT INTO `SkillSet` (`id`) VALUES ('1494');
INSERT INTO `SkillSet_skills` (`SkillSet_id`, `skills`) VALUES ('1494', 'UITesting');
INSERT INTO `Hero` (`id`, `firstName`, `lastName`, `role`, `skillSet_id`) VALUES ('1494', '4ccb27f9-a008-44f5-b7ae-74e89a15d4b3', '3b648b72-8864-440d-8dda-33441c02470c', 'PrincipalConsultant', '1494');
INSERT INTO `SkillSet` (`id`) VALUES ('1495');
INSERT INTO `SkillSet_skills` (`SkillSet_id`, `skills`) VALUES ('1495', 'Ant');
INSERT INTO `SkillSet_skills` (`SkillSet_id`, `skills`) VALUES ('1495', 'dotNet');
INSERT INTO `SkillSet_skills` (`SkillSet_id`, `skills`) VALUES ('1495', 'UnitTesting');
INSERT INTO `SkillSet_skills` (`SkillSet_id`, `skills`) VALUES ('1495', 'dotNet');
INSERT INTO `SkillSet_skills` (`SkillSet_id`, `skills`) VALUES ('1495', 'Java');
INSERT INTO `Hero` (`id`, `firstName`, `lastName`, `role`, `skillSet_id`) VALUES ('1495', 'e3b913b7-ee71-48ae-a610-372599c81ba3', '1b0c150b-3b50-4305-89f7-7cc908bca66f', 'PrincipalConsultant', '1495');
INSERT INTO `SkillSet` (`id`) VALUES ('1496');
INSERT INTO `SkillSet_skills` (`SkillSet_id`, `skills`) VALUES ('1496', 'SQL');
INSERT INTO `Hero` (`id`, `firstName`, `lastName`, `role`, `skillSet_id`) VALUES ('1496', '67fb1a10-ea44-4dca-9fd9-e4bdc67265a0', 'c56fcb15-c595-4594-a7bf-26a152907dc3', 'LeadSoftwareArchitect', '1496');
INSERT INTO `SkillSet` (`id`) VALUES ('1497');
INSERT INTO `SkillSet_skills` (`SkillSet_id`, `skills`) VALUES ('1497', 'Maven');
INSERT INTO `SkillSet_skills` (`SkillSet_id`, `skills`) VALUES ('1497', 'UITesting');
INSERT INTO `SkillSet_skills` (`SkillSet_id`, `skills`) VALUES ('1497', 'Maven');
INSERT INTO `SkillSet_skills` (`SkillSet_id`, `skills`) VALUES ('1497', 'dotNet');
INSERT INTO `Hero` (`id`, `firstName`, `lastName`, `role`, `skillSet_id`) VALUES ('1497', '2404338c-be49-49b9-af62-fc4e06b0b022', '1165ffd3-2146-46ce-9569-e89697087ed8', 'SeniorSoftwareEngineer', '1497');
INSERT INTO `SkillSet` (`id`) VALUES ('1498');
INSERT INTO `SkillSet_skills` (`SkillSet_id`, `skills`) VALUES ('1498', 'UITesting');
INSERT INTO `SkillSet_skills` (`SkillSet_id`, `skills`) VALUES ('1498', 'Ant');
INSERT INTO `SkillSet_skills` (`SkillSet_id`, `skills`) VALUES ('1498', 'dotNet');
INSERT INTO `SkillSet_skills` (`SkillSet_id`, `skills`) VALUES ('1498', 'UnitTesting');
INSERT INTO `Hero` (`id`, `firstName`, `lastName`, `role`, `skillSet_id`) VALUES ('1498', 'a7c3dd9e-a219-4129-aa99-4e59a830a000', 'a98a1c0b-a602-498c-b521-740c518d09c1', 'SeniorSoftwareEngineer', '1498');
INSERT INTO `SkillSet` (`id`) VALUES ('1499');
INSERT INTO `SkillSet_skills` (`SkillSet_id`, `skills`) VALUES ('1499', 'Java');
INSERT INTO `SkillSet_skills` (`SkillSet_id`, `skills`) VALUES ('1499', 'Architektur');
INSERT INTO `SkillSet_skills` (`SkillSet_id`, `skills`) VALUES ('1499', 'UITesting');
INSERT INTO `SkillSet_skills` (`SkillSet_id`, `skills`) VALUES ('1499', 'UnitTesting');
INSERT INTO `SkillSet_skills` (`SkillSet_id`, `skills`) VALUES ('1499', 'SQL');
INSERT INTO `Hero` (`id`, `firstName`, `lastName`, `role`, `skillSet_id`) VALUES ('1499', '944d9df9-ae42-4cee-8f4b-10af0ac91a55', 'dcb78584-3d58-4857-b30b-e3f4b34e0daa', 'PrincipalConsultant', '1499');
INSERT INTO `SkillSet` (`id`) VALUES ('1500');
INSERT INTO `SkillSet_skills` (`SkillSet_id`, `skills`) VALUES ('1500', 'SQL');
INSERT INTO `SkillSet_skills` (`SkillSet_id`, `skills`) VALUES ('1500', 'UITesting');
INSERT INTO `SkillSet_skills` (`SkillSet_id`, `skills`) VALUES ('1500', 'Gradle');
INSERT INTO `SkillSet_skills` (`SkillSet_id`, `skills`) VALUES ('1500', 'dotNet');
INSERT INTO `Hero` (`id`, `firstName`, `lastName`, `role`, `skillSet_id`) VALUES ('1500', '2ae104e0-ff18-4931-9786-39a786c977f3', '232a4429-d281-42c8-aa92-08b7d196ab76', 'SoftwareEngineer', '1500');
INSERT INTO `SkillSet` (`id`) VALUES ('1501');
INSERT INTO `SkillSet_skills` (`SkillSet_id`, `skills`) VALUES ('1501', 'Maven');
INSERT INTO `SkillSet_skills` (`SkillSet_id`, `skills`) VALUES ('1501', 'Ant');
INSERT INTO `SkillSet_skills` (`SkillSet_id`, `skills`) VALUES ('1501', 'Architektur');
INSERT INTO `SkillSet_skills` (`SkillSet_id`, `skills`) VALUES ('1501', 'Java');
INSERT INTO `SkillSet_skills` (`SkillSet_id`, `skills`) VALUES ('1501', 'Ant');
INSERT INTO `Hero` (`id`, `firstName`, `lastName`, `role`, `skillSet_id`) VALUES ('1501', '9147f609-07e3-4d78-a90b-b1e0aa1e5761', 'd53ce89a-217a-44da-9519-c056e2031773', 'SeniorSoftwareEngineer', '1501');
INSERT INTO `SkillSet` (`id`) VALUES ('1502');
INSERT INTO `SkillSet_skills` (`SkillSet_id`, `skills`) VALUES ('1502', 'dotNet');
INSERT INTO `Hero` (`id`, `firstName`, `lastName`, `role`, `skillSet_id`) VALUES ('1502', 'a6057b5e-f8b0-4e47-9895-ca6c746dd42e', 'e2ddb0bb-7405-4802-8804-222f05368f5f', 'JuniorSoftwareEngineer', '1502');
INSERT INTO `SkillSet` (`id`) VALUES ('1503');
INSERT INTO `SkillSet_skills` (`SkillSet_id`, `skills`) VALUES ('1503', 'Ant');
INSERT INTO `SkillSet_skills` (`SkillSet_id`, `skills`) VALUES ('1503', 'Ant');
INSERT INTO `SkillSet_skills` (`SkillSet_id`, `skills`) VALUES ('1503', 'Gradle');
INSERT INTO `Hero` (`id`, `firstName`, `lastName`, `role`, `skillSet_id`) VALUES ('1503', '142c8891-580f-4dc9-901e-a4e819778b73', 'bc173556-db77-43ea-93a2-cc4a2b0e5af0', 'SeniorSoftwareEngineer', '1503');
INSERT INTO `SkillSet` (`id`) VALUES ('1504');
INSERT INTO `SkillSet_skills` (`SkillSet_id`, `skills`) VALUES ('1504', 'UnitTesting');
INSERT INTO `SkillSet_skills` (`SkillSet_id`, `skills`) VALUES ('1504', 'dotNet');
INSERT INTO `Hero` (`id`, `firstName`, `lastName`, `role`, `skillSet_id`) VALUES ('1504', 'e029da25-8b99-47d2-8709-2d105773c259', 'efe5ac3b-e099-4f29-bcc3-693eb967c203', 'JuniorSoftwareEngineer', '1504');
INSERT INTO `SkillSet` (`id`) VALUES ('1505');
INSERT INTO `SkillSet_skills` (`SkillSet_id`, `skills`) VALUES ('1505', 'Ant');
INSERT INTO `SkillSet_skills` (`SkillSet_id`, `skills`) VALUES ('1505', 'Maven');
INSERT INTO `SkillSet_skills` (`SkillSet_id`, `skills`) VALUES ('1505', 'Java');
INSERT INTO `SkillSet_skills` (`SkillSet_id`, `skills`) VALUES ('1505', 'dotNet');
INSERT INTO `SkillSet_skills` (`SkillSet_id`, `skills`) VALUES ('1505', 'Java');
INSERT INTO `Hero` (`id`, `firstName`, `lastName`, `role`, `skillSet_id`) VALUES ('1505', '8f9b7831-902f-4ec7-baa6-0076a2f45aa3', 'fd05287e-ea09-4898-8bd3-d8f8b546d22b', 'LeadEngineer', '1505');
INSERT INTO `SkillSet` (`id`) VALUES ('1506');
INSERT INTO `SkillSet_skills` (`SkillSet_id`, `skills`) VALUES ('1506', 'Maven');
INSERT INTO `Hero` (`id`, `firstName`, `lastName`, `role`, `skillSet_id`) VALUES ('1506', '13706f33-97f1-4132-91a0-1e7789b5a3d4', 'f897c820-c499-4fd3-8fab-822e62b74777', 'LeadSoftwareArchitect', '1506');
INSERT INTO `SkillSet` (`id`) VALUES ('1507');
INSERT INTO `SkillSet_skills` (`SkillSet_id`, `skills`) VALUES ('1507', 'Gradle');
INSERT INTO `SkillSet_skills` (`SkillSet_id`, `skills`) VALUES ('1507', 'Java');
INSERT INTO `SkillSet_skills` (`SkillSet_id`, `skills`) VALUES ('1507', 'Maven');
INSERT INTO `SkillSet_skills` (`SkillSet_id`, `skills`) VALUES ('1507', 'UITesting');
INSERT INTO `SkillSet_skills` (`SkillSet_id`, `skills`) VALUES ('1507', 'Architektur');
INSERT INTO `Hero` (`id`, `firstName`, `lastName`, `role`, `skillSet_id`) VALUES ('1507', '667fc07b-cbd3-40ea-8f08-6a16dad98634', 'aeb87d47-f1b2-45f1-bd09-31d6b4ad4448', 'SeniorSoftwareEngineer', '1507');
INSERT INTO `SkillSet` (`id`) VALUES ('1508');
INSERT INTO `SkillSet_skills` (`SkillSet_id`, `skills`) VALUES ('1508', 'Architektur');
INSERT INTO `SkillSet_skills` (`SkillSet_id`, `skills`) VALUES ('1508', 'UnitTesting');
INSERT INTO `SkillSet_skills` (`SkillSet_id`, `skills`) VALUES ('1508', 'Maven');
INSERT INTO `Hero` (`id`, `firstName`, `lastName`, `role`, `skillSet_id`) VALUES ('1508', 'cf6d83a9-e387-431a-9283-a568c8edaa28', 'f5a9d70f-c7ce-4ea5-bb4d-b453bff423a3', 'PrincipalConsultant', '1508');
INSERT INTO `SkillSet` (`id`) VALUES ('1509');
INSERT INTO `SkillSet_skills` (`SkillSet_id`, `skills`) VALUES ('1509', 'Ant');
INSERT INTO `SkillSet_skills` (`SkillSet_id`, `skills`) VALUES ('1509', 'Maven');
INSERT INTO `SkillSet_skills` (`SkillSet_id`, `skills`) VALUES ('1509', 'Java');
INSERT INTO `SkillSet_skills` (`SkillSet_id`, `skills`) VALUES ('1509', 'Architektur');
INSERT INTO `Hero` (`id`, `firstName`, `lastName`, `role`, `skillSet_id`) VALUES ('1509', '21aaa63e-020a-4961-b3dc-e780d18052eb', '81708897-073a-4cbc-add0-894406febbad', 'SoftwareEngineer', '1509');
INSERT INTO `SkillSet` (`id`) VALUES ('1510');
INSERT INTO `SkillSet_skills` (`SkillSet_id`, `skills`) VALUES ('1510', 'Maven');
INSERT INTO `Hero` (`id`, `firstName`, `lastName`, `role`, `skillSet_id`) VALUES ('1510', 'e8c067d7-36da-4b6f-b3c2-cab9ca777043', 'e14d8336-ef67-44b9-93d2-1cbd6da99436', 'LeadSoftwareArchitect', '1510');
INSERT INTO `SkillSet` (`id`) VALUES ('1511');
INSERT INTO `SkillSet_skills` (`SkillSet_id`, `skills`) VALUES ('1511', 'UnitTesting');
INSERT INTO `Hero` (`id`, `firstName`, `lastName`, `role`, `skillSet_id`) VALUES ('1511', 'fa7231de-dc60-47a4-83b4-f1dbc120d49f', 'ddaf1ba4-fce2-456b-a96a-25e239181685', 'JuniorSoftwareEngineer', '1511');
INSERT INTO `SkillSet` (`id`) VALUES ('1512');
INSERT INTO `SkillSet_skills` (`SkillSet_id`, `skills`) VALUES ('1512', 'SQL');
INSERT INTO `SkillSet_skills` (`SkillSet_id`, `skills`) VALUES ('1512', 'Gradle');
INSERT INTO `Hero` (`id`, `firstName`, `lastName`, `role`, `skillSet_id`) VALUES ('1512', '44a334df-07f4-49c0-9a7c-9ac927a0bd45', 'bea3d55f-5d18-40b5-98d2-88991ae00de2', 'JuniorSoftwareEngineer', '1512');
INSERT INTO `SkillSet` (`id`) VALUES ('1513');
INSERT INTO `SkillSet_skills` (`SkillSet_id`, `skills`) VALUES ('1513', 'Ant');
INSERT INTO `SkillSet_skills` (`SkillSet_id`, `skills`) VALUES ('1513', 'UnitTesting');
INSERT INTO `Hero` (`id`, `firstName`, `lastName`, `role`, `skillSet_id`) VALUES ('1513', '6e25f9c6-406a-4820-a1b7-8dc96f2ebbe1', '28b51f10-98cf-4b5f-996a-860b87bfab7e', 'PrincipalConsultant', '1513');
INSERT INTO `SkillSet` (`id`) VALUES ('1514');
INSERT INTO `SkillSet_skills` (`SkillSet_id`, `skills`) VALUES ('1514', 'Architektur');
INSERT INTO `SkillSet_skills` (`SkillSet_id`, `skills`) VALUES ('1514', 'SQL');
INSERT INTO `SkillSet_skills` (`SkillSet_id`, `skills`) VALUES ('1514', 'SQL');
INSERT INTO `SkillSet_skills` (`SkillSet_id`, `skills`) VALUES ('1514', 'Architektur');
INSERT INTO `Hero` (`id`, `firstName`, `lastName`, `role`, `skillSet_id`) VALUES ('1514', 'f1187abd-de12-4760-838b-5ad8fe529104', '3e0ffc82-5722-4710-bc06-f54959d503e9', 'SoftwareEngineer', '1514');
INSERT INTO `SkillSet` (`id`) VALUES ('1515');
INSERT INTO `SkillSet_skills` (`SkillSet_id`, `skills`) VALUES ('1515', 'Architektur');
INSERT INTO `SkillSet_skills` (`SkillSet_id`, `skills`) VALUES ('1515', 'SQL');
INSERT INTO `SkillSet_skills` (`SkillSet_id`, `skills`) VALUES ('1515', 'dotNet');
INSERT INTO `Hero` (`id`, `firstName`, `lastName`, `role`, `skillSet_id`) VALUES ('1515', 'adec70d3-4bde-45be-9e44-3440d1befd53', '413c1814-c5b7-4025-bce6-0be3aa60be77', 'LeadEngineer', '1515');
INSERT INTO `SkillSet` (`id`) VALUES ('1516');
INSERT INTO `SkillSet_skills` (`SkillSet_id`, `skills`) VALUES ('1516', 'UITesting');
INSERT INTO `SkillSet_skills` (`SkillSet_id`, `skills`) VALUES ('1516', 'dotNet');
INSERT INTO `SkillSet_skills` (`SkillSet_id`, `skills`) VALUES ('1516', 'SQL');
INSERT INTO `Hero` (`id`, `firstName`, `lastName`, `role`, `skillSet_id`) VALUES ('1516', 'fb827bdf-c150-4e40-818c-35fcc2eebce4', '1f5fbefb-ec06-43df-8cb1-ee75974d8cef', 'LeadEngineer', '1516');
INSERT INTO `SkillSet` (`id`) VALUES ('1517');
INSERT INTO `SkillSet_skills` (`SkillSet_id`, `skills`) VALUES ('1517', 'Ant');
INSERT INTO `SkillSet_skills` (`SkillSet_id`, `skills`) VALUES ('1517', 'UITesting');
INSERT INTO `SkillSet_skills` (`SkillSet_id`, `skills`) VALUES ('1517', 'Gradle');
INSERT INTO `Hero` (`id`, `firstName`, `lastName`, `role`, `skillSet_id`) VALUES ('1517', '84a5eb26-7dd2-499f-944d-118137e683d0', '1312b41b-6942-407f-986c-069335cf6b78', 'LeadEngineer', '1517');
INSERT INTO `SkillSet` (`id`) VALUES ('1518');
INSERT INTO `SkillSet_skills` (`SkillSet_id`, `skills`) VALUES ('1518', 'Ant');
INSERT INTO `Hero` (`id`, `firstName`, `lastName`, `role`, `skillSet_id`) VALUES ('1518', '4ca77968-4dc4-42ff-8680-c7915d8e1cb2', '3be24196-9321-4065-8eb4-c2f7ede94646', 'LeadSoftwareArchitect', '1518');
INSERT INTO `SkillSet` (`id`) VALUES ('1519');
INSERT INTO `SkillSet_skills` (`SkillSet_id`, `skills`) VALUES ('1519', 'Maven');
INSERT INTO `SkillSet_skills` (`SkillSet_id`, `skills`) VALUES ('1519', 'Java');
INSERT INTO `SkillSet_skills` (`SkillSet_id`, `skills`) VALUES ('1519', 'SQL');
INSERT INTO `Hero` (`id`, `firstName`, `lastName`, `role`, `skillSet_id`) VALUES ('1519', '6cf0adca-5e3d-42e0-ac73-58713e8aebb4', '41db28c6-faf4-484a-a191-93c26c9e5040', 'SeniorSoftwareEngineer', '1519');
INSERT INTO `SkillSet` (`id`) VALUES ('1520');
INSERT INTO `SkillSet_skills` (`SkillSet_id`, `skills`) VALUES ('1520', 'UnitTesting');
INSERT INTO `SkillSet_skills` (`SkillSet_id`, `skills`) VALUES ('1520', 'Maven');
INSERT INTO `SkillSet_skills` (`SkillSet_id`, `skills`) VALUES ('1520', 'Gradle');
INSERT INTO `Hero` (`id`, `firstName`, `lastName`, `role`, `skillSet_id`) VALUES ('1520', '6325f718-7cd7-46bc-b37b-cc6c92678bd4', 'c82e9fce-89fb-4def-91ae-e9d4608cd631', 'JuniorSoftwareEngineer', '1520');
INSERT INTO `SkillSet` (`id`) VALUES ('1521');
INSERT INTO `SkillSet_skills` (`SkillSet_id`, `skills`) VALUES ('1521', 'dotNet');
INSERT INTO `SkillSet_skills` (`SkillSet_id`, `skills`) VALUES ('1521', 'Java');
INSERT INTO `SkillSet_skills` (`SkillSet_id`, `skills`) VALUES ('1521', 'SQL');
INSERT INTO `Hero` (`id`, `firstName`, `lastName`, `role`, `skillSet_id`) VALUES ('1521', 'a73dc99c-77a0-4c5d-a75e-947ed8ecc2f1', 'c184cd3f-b677-4faf-a044-20ca05e032c9', 'SoftwareEngineer', '1521');
INSERT INTO `SkillSet` (`id`) VALUES ('1522');
INSERT INTO `SkillSet_skills` (`SkillSet_id`, `skills`) VALUES ('1522', 'UnitTesting');
INSERT INTO `SkillSet_skills` (`SkillSet_id`, `skills`) VALUES ('1522', 'Architektur');
INSERT INTO `SkillSet_skills` (`SkillSet_id`, `skills`) VALUES ('1522', 'Java');
INSERT INTO `Hero` (`id`, `firstName`, `lastName`, `role`, `skillSet_id`) VALUES ('1522', '1e4a0a5b-930a-4a98-8a8f-e95738b73f2d', '6dc2582e-56cc-42c1-96d7-258f34f2bc51', 'JuniorSoftwareEngineer', '1522');
INSERT INTO `SkillSet` (`id`) VALUES ('1523');
INSERT INTO `SkillSet_skills` (`SkillSet_id`, `skills`) VALUES ('1523', 'UITesting');
INSERT INTO `Hero` (`id`, `firstName`, `lastName`, `role`, `skillSet_id`) VALUES ('1523', '65f3acb6-1a80-4338-b9af-421df4c12636', '98863085-289a-49ef-bdb5-9578753c8713', 'LeadEngineer', '1523');
INSERT INTO `SkillSet` (`id`) VALUES ('1524');
INSERT INTO `SkillSet_skills` (`SkillSet_id`, `skills`) VALUES ('1524', 'Gradle');
INSERT INTO `SkillSet_skills` (`SkillSet_id`, `skills`) VALUES ('1524', 'Java');
INSERT INTO `SkillSet_skills` (`SkillSet_id`, `skills`) VALUES ('1524', 'dotNet');
INSERT INTO `SkillSet_skills` (`SkillSet_id`, `skills`) VALUES ('1524', 'UITesting');
INSERT INTO `Hero` (`id`, `firstName`, `lastName`, `role`, `skillSet_id`) VALUES ('1524', 'a8efec6b-c9ec-494c-8e32-a16acbbe6998', '3277322a-2736-4f37-9a87-494bc5340cc7', 'SoftwareEngineer', '1524');
INSERT INTO `SkillSet` (`id`) VALUES ('1525');
INSERT INTO `SkillSet_skills` (`SkillSet_id`, `skills`) VALUES ('1525', 'Maven');
INSERT INTO `SkillSet_skills` (`SkillSet_id`, `skills`) VALUES ('1525', 'UITesting');
INSERT INTO `Hero` (`id`, `firstName`, `lastName`, `role`, `skillSet_id`) VALUES ('1525', '36e31149-c4fe-4f92-afbb-e4b40de6aad9', 'b37f2a86-c078-4df9-95f0-920d65f215e9', 'LeadSoftwareArchitect', '1525');
INSERT INTO `SkillSet` (`id`) VALUES ('1526');
INSERT INTO `SkillSet_skills` (`SkillSet_id`, `skills`) VALUES ('1526', 'UnitTesting');
INSERT INTO `SkillSet_skills` (`SkillSet_id`, `skills`) VALUES ('1526', 'SQL');
INSERT INTO `SkillSet_skills` (`SkillSet_id`, `skills`) VALUES ('1526', 'Architektur');
INSERT INTO `Hero` (`id`, `firstName`, `lastName`, `role`, `skillSet_id`) VALUES ('1526', '4f648689-6745-4a85-a6e3-6eb1e8156d6b', '16316839-839e-4ef3-8675-e8f8434288bf', 'LeadEngineer', '1526');
INSERT INTO `SkillSet` (`id`) VALUES ('1527');
INSERT INTO `SkillSet_skills` (`SkillSet_id`, `skills`) VALUES ('1527', 'Maven');
INSERT INTO `Hero` (`id`, `firstName`, `lastName`, `role`, `skillSet_id`) VALUES ('1527', '78621174-d86c-48a6-83fa-66a6df1ee07f', '321a0218-1e24-407b-bcfb-dc9cd22f75f8', 'JuniorSoftwareEngineer', '1527');
INSERT INTO `SkillSet` (`id`) VALUES ('1528');
INSERT INTO `SkillSet_skills` (`SkillSet_id`, `skills`) VALUES ('1528', 'Architektur');
INSERT INTO `SkillSet_skills` (`SkillSet_id`, `skills`) VALUES ('1528', 'UnitTesting');
INSERT INTO `SkillSet_skills` (`SkillSet_id`, `skills`) VALUES ('1528', 'dotNet');
INSERT INTO `SkillSet_skills` (`SkillSet_id`, `skills`) VALUES ('1528', 'Java');
INSERT INTO `Hero` (`id`, `firstName`, `lastName`, `role`, `skillSet_id`) VALUES ('1528', '17be1e19-2f90-4900-ad95-b1615fd6c31e', '56e3a02d-cebb-49fe-bf4f-8b4c0e403fc1', 'JuniorSoftwareEngineer', '1528');
INSERT INTO `SkillSet` (`id`) VALUES ('1529');
INSERT INTO `SkillSet_skills` (`SkillSet_id`, `skills`) VALUES ('1529', 'Architektur');
INSERT INTO `SkillSet_skills` (`SkillSet_id`, `skills`) VALUES ('1529', 'SQL');
INSERT INTO `SkillSet_skills` (`SkillSet_id`, `skills`) VALUES ('1529', 'Gradle');
INSERT INTO `SkillSet_skills` (`SkillSet_id`, `skills`) VALUES ('1529', 'Gradle');
INSERT INTO `Hero` (`id`, `firstName`, `lastName`, `role`, `skillSet_id`) VALUES ('1529', '79856fb0-cab4-4f79-8758-96e04dae66f7', 'b41e851e-4bf8-4ce8-af67-93b1f3dc84da', 'PrincipalConsultant', '1529');
INSERT INTO `SkillSet` (`id`) VALUES ('1530');
INSERT INTO `SkillSet_skills` (`SkillSet_id`, `skills`) VALUES ('1530', 'UnitTesting');
INSERT INTO `SkillSet_skills` (`SkillSet_id`, `skills`) VALUES ('1530', 'Maven');
INSERT INTO `SkillSet_skills` (`SkillSet_id`, `skills`) VALUES ('1530', 'Ant');
INSERT INTO `Hero` (`id`, `firstName`, `lastName`, `role`, `skillSet_id`) VALUES ('1530', 'aa472cd2-2d04-4438-b1a5-19d5249547cb', '4eed0a52-8f12-4fa3-bb58-5e125a514374', 'LeadSoftwareArchitect', '1530');
INSERT INTO `SkillSet` (`id`) VALUES ('1531');
INSERT INTO `SkillSet_skills` (`SkillSet_id`, `skills`) VALUES ('1531', 'SQL');
INSERT INTO `SkillSet_skills` (`SkillSet_id`, `skills`) VALUES ('1531', 'Gradle');
INSERT INTO `SkillSet_skills` (`SkillSet_id`, `skills`) VALUES ('1531', 'Ant');
INSERT INTO `SkillSet_skills` (`SkillSet_id`, `skills`) VALUES ('1531', 'Gradle');
INSERT INTO `Hero` (`id`, `firstName`, `lastName`, `role`, `skillSet_id`) VALUES ('1531', '934450bd-9b43-47b5-a3cf-520fcf2cc1ad', '0797b265-dbb4-4e47-886f-be60c9d11a2f', 'SeniorSoftwareEngineer', '1531');
INSERT INTO `SkillSet` (`id`) VALUES ('1532');
INSERT INTO `SkillSet_skills` (`SkillSet_id`, `skills`) VALUES ('1532', 'Maven');
INSERT INTO `SkillSet_skills` (`SkillSet_id`, `skills`) VALUES ('1532', 'Ant');
INSERT INTO `SkillSet_skills` (`SkillSet_id`, `skills`) VALUES ('1532', 'UnitTesting');
INSERT INTO `SkillSet_skills` (`SkillSet_id`, `skills`) VALUES ('1532', 'Architektur');
INSERT INTO `Hero` (`id`, `firstName`, `lastName`, `role`, `skillSet_id`) VALUES ('1532', '228e3d59-dd17-4253-9660-ffaec12d363c', '5aa9c10c-fe9f-416c-a916-348774bcbe8f', 'SeniorSoftwareEngineer', '1532');
INSERT INTO `SkillSet` (`id`) VALUES ('1533');
INSERT INTO `SkillSet_skills` (`SkillSet_id`, `skills`) VALUES ('1533', 'Architektur');
INSERT INTO `SkillSet_skills` (`SkillSet_id`, `skills`) VALUES ('1533', 'Maven');
INSERT INTO `Hero` (`id`, `firstName`, `lastName`, `role`, `skillSet_id`) VALUES ('1533', '7117dabb-2f13-431c-8dc5-bc46c013d0d8', '8c07e9dc-5225-4d19-89ba-369f0a21bc4f', 'JuniorSoftwareEngineer', '1533');
INSERT INTO `SkillSet` (`id`) VALUES ('1534');
INSERT INTO `SkillSet_skills` (`SkillSet_id`, `skills`) VALUES ('1534', 'Gradle');
INSERT INTO `SkillSet_skills` (`SkillSet_id`, `skills`) VALUES ('1534', 'dotNet');
INSERT INTO `Hero` (`id`, `firstName`, `lastName`, `role`, `skillSet_id`) VALUES ('1534', 'd1ba778d-dacd-400f-8f31-6516ac829d30', '66cb99c5-411f-47be-903e-934a0fb63634', 'SoftwareEngineer', '1534');
INSERT INTO `SkillSet` (`id`) VALUES ('1535');
INSERT INTO `SkillSet_skills` (`SkillSet_id`, `skills`) VALUES ('1535', 'UITesting');
INSERT INTO `SkillSet_skills` (`SkillSet_id`, `skills`) VALUES ('1535', 'SQL');
INSERT INTO `SkillSet_skills` (`SkillSet_id`, `skills`) VALUES ('1535', 'Ant');
INSERT INTO `Hero` (`id`, `firstName`, `lastName`, `role`, `skillSet_id`) VALUES ('1535', 'b51d647a-1bf6-49c6-8091-4af6e9e91480', '6ae39e83-e6c4-4027-9b1e-aa2f8747235a', 'SeniorSoftwareEngineer', '1535');
INSERT INTO `SkillSet` (`id`) VALUES ('1536');
INSERT INTO `SkillSet_skills` (`SkillSet_id`, `skills`) VALUES ('1536', 'Ant');
INSERT INTO `SkillSet_skills` (`SkillSet_id`, `skills`) VALUES ('1536', 'Java');
INSERT INTO `Hero` (`id`, `firstName`, `lastName`, `role`, `skillSet_id`) VALUES ('1536', '0bf55162-50c9-47b5-8dfb-814ce1895690', 'fdff9662-f241-4e02-8ad1-5ae6e732c3fe', 'PrincipalConsultant', '1536');
INSERT INTO `SkillSet` (`id`) VALUES ('1537');
INSERT INTO `SkillSet_skills` (`SkillSet_id`, `skills`) VALUES ('1537', 'Java');
INSERT INTO `SkillSet_skills` (`SkillSet_id`, `skills`) VALUES ('1537', 'Maven');
INSERT INTO `SkillSet_skills` (`SkillSet_id`, `skills`) VALUES ('1537', 'dotNet');
INSERT INTO `SkillSet_skills` (`SkillSet_id`, `skills`) VALUES ('1537', 'Maven');
INSERT INTO `Hero` (`id`, `firstName`, `lastName`, `role`, `skillSet_id`) VALUES ('1537', 'b5ecb79e-74e5-4850-a1f2-126218621a87', '0bf47ebc-1f00-4304-98b0-8b81113a9a7e', 'SoftwareEngineer', '1537');
INSERT INTO `SkillSet` (`id`) VALUES ('1538');
INSERT INTO `SkillSet_skills` (`SkillSet_id`, `skills`) VALUES ('1538', 'dotNet');
INSERT INTO `SkillSet_skills` (`SkillSet_id`, `skills`) VALUES ('1538', 'Gradle');
INSERT INTO `SkillSet_skills` (`SkillSet_id`, `skills`) VALUES ('1538', 'Architektur');
INSERT INTO `Hero` (`id`, `firstName`, `lastName`, `role`, `skillSet_id`) VALUES ('1538', 'b2a2a8e6-9488-476f-b504-2397ce1f142a', '6489b304-840c-465b-9734-b2547ee6ecd5', 'SeniorSoftwareEngineer', '1538');
INSERT INTO `SkillSet` (`id`) VALUES ('1539');
INSERT INTO `SkillSet_skills` (`SkillSet_id`, `skills`) VALUES ('1539', 'SQL');
INSERT INTO `SkillSet_skills` (`SkillSet_id`, `skills`) VALUES ('1539', 'Architektur');
INSERT INTO `Hero` (`id`, `firstName`, `lastName`, `role`, `skillSet_id`) VALUES ('1539', '31184cd1-eb3c-4ac4-aa68-0ff8f4466891', 'b650c904-d05a-4a60-af0a-82f661418fb6', 'LeadEngineer', '1539');
INSERT INTO `SkillSet` (`id`) VALUES ('1540');
INSERT INTO `SkillSet_skills` (`SkillSet_id`, `skills`) VALUES ('1540', 'Architektur');
INSERT INTO `SkillSet_skills` (`SkillSet_id`, `skills`) VALUES ('1540', 'UnitTesting');
INSERT INTO `SkillSet_skills` (`SkillSet_id`, `skills`) VALUES ('1540', 'SQL');
INSERT INTO `SkillSet_skills` (`SkillSet_id`, `skills`) VALUES ('1540', 'Maven');
INSERT INTO `Hero` (`id`, `firstName`, `lastName`, `role`, `skillSet_id`) VALUES ('1540', 'fd98aed3-2550-48de-9b72-9dac245b1579', 'c409c73d-4207-4eec-b1dc-6e69f3dfcaa1', 'LeadEngineer', '1540');
INSERT INTO `SkillSet` (`id`) VALUES ('1541');
INSERT INTO `SkillSet_skills` (`SkillSet_id`, `skills`) VALUES ('1541', 'UITesting');
INSERT INTO `Hero` (`id`, `firstName`, `lastName`, `role`, `skillSet_id`) VALUES ('1541', '679f860a-a980-4fb0-b373-3bd9951e0fab', '982adc91-d080-47b7-90c1-dedefd7329c6', 'PrincipalConsultant', '1541');
INSERT INTO `SkillSet` (`id`) VALUES ('1542');
INSERT INTO `SkillSet_skills` (`SkillSet_id`, `skills`) VALUES ('1542', 'Maven');
INSERT INTO `SkillSet_skills` (`SkillSet_id`, `skills`) VALUES ('1542', 'Gradle');
INSERT INTO `SkillSet_skills` (`SkillSet_id`, `skills`) VALUES ('1542', 'dotNet');
INSERT INTO `SkillSet_skills` (`SkillSet_id`, `skills`) VALUES ('1542', 'Ant');
INSERT INTO `SkillSet_skills` (`SkillSet_id`, `skills`) VALUES ('1542', 'dotNet');
INSERT INTO `Hero` (`id`, `firstName`, `lastName`, `role`, `skillSet_id`) VALUES ('1542', '61b5ecba-a373-430c-8aa1-332631db55d8', 'fbbba098-92e6-4639-b9cf-a834ec4b9529', 'LeadEngineer', '1542');
INSERT INTO `SkillSet` (`id`) VALUES ('1543');
INSERT INTO `SkillSet_skills` (`SkillSet_id`, `skills`) VALUES ('1543', 'dotNet');
INSERT INTO `Hero` (`id`, `firstName`, `lastName`, `role`, `skillSet_id`) VALUES ('1543', '72c82425-7644-4200-9a5a-1ecd23014a58', '2a2dcaf1-0caf-4b1e-8edc-e4f62922aabc', 'PrincipalConsultant', '1543');
INSERT INTO `SkillSet` (`id`) VALUES ('1544');
INSERT INTO `SkillSet_skills` (`SkillSet_id`, `skills`) VALUES ('1544', 'Ant');
INSERT INTO `SkillSet_skills` (`SkillSet_id`, `skills`) VALUES ('1544', 'dotNet');
INSERT INTO `SkillSet_skills` (`SkillSet_id`, `skills`) VALUES ('1544', 'Java');
INSERT INTO `SkillSet_skills` (`SkillSet_id`, `skills`) VALUES ('1544', 'dotNet');
INSERT INTO `Hero` (`id`, `firstName`, `lastName`, `role`, `skillSet_id`) VALUES ('1544', '4586bf5e-bae3-47e8-89af-ce046028fd81', '9a90af9c-7549-48f2-aac6-276b37a1c90b', 'SoftwareEngineer', '1544');
INSERT INTO `SkillSet` (`id`) VALUES ('1545');
INSERT INTO `SkillSet_skills` (`SkillSet_id`, `skills`) VALUES ('1545', 'Architektur');
INSERT INTO `SkillSet_skills` (`SkillSet_id`, `skills`) VALUES ('1545', 'Maven');
INSERT INTO `SkillSet_skills` (`SkillSet_id`, `skills`) VALUES ('1545', 'dotNet');
INSERT INTO `Hero` (`id`, `firstName`, `lastName`, `role`, `skillSet_id`) VALUES ('1545', 'a3840a0b-837a-4051-b8cb-0b8365964459', 'a11acb2a-b0ad-41bf-9d1b-4a4dbbcb2ed4', 'LeadSoftwareArchitect', '1545');
INSERT INTO `SkillSet` (`id`) VALUES ('1546');
INSERT INTO `SkillSet_skills` (`SkillSet_id`, `skills`) VALUES ('1546', 'Ant');
INSERT INTO `SkillSet_skills` (`SkillSet_id`, `skills`) VALUES ('1546', 'Architektur');
INSERT INTO `SkillSet_skills` (`SkillSet_id`, `skills`) VALUES ('1546', 'Gradle');
INSERT INTO `Hero` (`id`, `firstName`, `lastName`, `role`, `skillSet_id`) VALUES ('1546', '6904bee4-e92f-4408-9ff0-f5f279e399f7', '707d2bab-1a0d-4e13-8ee7-4e486e27ce83', 'SeniorSoftwareEngineer', '1546');
INSERT INTO `SkillSet` (`id`) VALUES ('1547');
INSERT INTO `SkillSet_skills` (`SkillSet_id`, `skills`) VALUES ('1547', 'UITesting');
INSERT INTO `Hero` (`id`, `firstName`, `lastName`, `role`, `skillSet_id`) VALUES ('1547', '3eb97ee2-cd3b-4081-a6e5-599bf6f15a5d', 'aa6df30d-1a89-4ac7-a1a3-5611ceedb74b', 'PrincipalConsultant', '1547');
INSERT INTO `SkillSet` (`id`) VALUES ('1548');
INSERT INTO `SkillSet_skills` (`SkillSet_id`, `skills`) VALUES ('1548', 'dotNet');
INSERT INTO `SkillSet_skills` (`SkillSet_id`, `skills`) VALUES ('1548', 'Ant');
INSERT INTO `SkillSet_skills` (`SkillSet_id`, `skills`) VALUES ('1548', 'Ant');
INSERT INTO `SkillSet_skills` (`SkillSet_id`, `skills`) VALUES ('1548', 'UITesting');
INSERT INTO `Hero` (`id`, `firstName`, `lastName`, `role`, `skillSet_id`) VALUES ('1548', '1eb0bc6f-8139-4e54-8c68-4d22a495db94', '041ff5b4-f3d9-4b8b-927c-dedf543b7593', 'LeadEngineer', '1548');
INSERT INTO `SkillSet` (`id`) VALUES ('1549');
INSERT INTO `SkillSet_skills` (`SkillSet_id`, `skills`) VALUES ('1549', 'Java');
INSERT INTO `Hero` (`id`, `firstName`, `lastName`, `role`, `skillSet_id`) VALUES ('1549', 'f3bb7bb4-8fe2-4716-90ef-d52366bdf084', '60a82a0b-0e50-401f-a67c-09c1d5dfdb15', 'SoftwareEngineer', '1549');
INSERT INTO `SkillSet` (`id`) VALUES ('1550');
INSERT INTO `SkillSet_skills` (`SkillSet_id`, `skills`) VALUES ('1550', 'Java');
INSERT INTO `Hero` (`id`, `firstName`, `lastName`, `role`, `skillSet_id`) VALUES ('1550', '0fc5e0a2-9c3d-4e50-964a-0d8709a29d28', 'a01c075a-7733-428b-9297-884a4ef4a543', 'LeadEngineer', '1550');
INSERT INTO `SkillSet` (`id`) VALUES ('1551');
INSERT INTO `SkillSet_skills` (`SkillSet_id`, `skills`) VALUES ('1551', 'Java');
INSERT INTO `SkillSet_skills` (`SkillSet_id`, `skills`) VALUES ('1551', 'Ant');
INSERT INTO `Hero` (`id`, `firstName`, `lastName`, `role`, `skillSet_id`) VALUES ('1551', 'ef7046fc-bf0e-471f-b539-d5ad6cc1eb6c', '934b89e3-384d-4641-a797-b3dc3fe495a3', 'LeadSoftwareArchitect', '1551');
INSERT INTO `SkillSet` (`id`) VALUES ('1552');
INSERT INTO `SkillSet_skills` (`SkillSet_id`, `skills`) VALUES ('1552', 'SQL');
INSERT INTO `SkillSet_skills` (`SkillSet_id`, `skills`) VALUES ('1552', 'dotNet');
INSERT INTO `SkillSet_skills` (`SkillSet_id`, `skills`) VALUES ('1552', 'Architektur');
INSERT INTO `SkillSet_skills` (`SkillSet_id`, `skills`) VALUES ('1552', 'UITesting');
INSERT INTO `SkillSet_skills` (`SkillSet_id`, `skills`) VALUES ('1552', 'SQL');
INSERT INTO `Hero` (`id`, `firstName`, `lastName`, `role`, `skillSet_id`) VALUES ('1552', '1c6db6ca-9b78-452a-ad31-38f7448c063c', 'ff39b827-fcdf-4b48-badf-4fdba7202b10', 'PrincipalConsultant', '1552');
INSERT INTO `SkillSet` (`id`) VALUES ('1553');
INSERT INTO `SkillSet_skills` (`SkillSet_id`, `skills`) VALUES ('1553', 'Architektur');
INSERT INTO `Hero` (`id`, `firstName`, `lastName`, `role`, `skillSet_id`) VALUES ('1553', 'b615413f-143d-4c3d-9af8-cfc1f7b8dae0', '79c0cace-869e-4d31-995e-ab018de54e01', 'SeniorSoftwareEngineer', '1553');
INSERT INTO `SkillSet` (`id`) VALUES ('1554');
INSERT INTO `SkillSet_skills` (`SkillSet_id`, `skills`) VALUES ('1554', 'UITesting');
INSERT INTO `SkillSet_skills` (`SkillSet_id`, `skills`) VALUES ('1554', 'Maven');
INSERT INTO `SkillSet_skills` (`SkillSet_id`, `skills`) VALUES ('1554', 'UITesting');
INSERT INTO `Hero` (`id`, `firstName`, `lastName`, `role`, `skillSet_id`) VALUES ('1554', 'a7007f9d-f9c3-4619-b101-0e8d566155d3', 'd8198ef7-2f9c-40df-9e9c-3c60c14d9fcc', 'LeadEngineer', '1554');
INSERT INTO `SkillSet` (`id`) VALUES ('1555');
INSERT INTO `SkillSet_skills` (`SkillSet_id`, `skills`) VALUES ('1555', 'Maven');
INSERT INTO `Hero` (`id`, `firstName`, `lastName`, `role`, `skillSet_id`) VALUES ('1555', 'fa647400-ffb5-46f7-996c-39592eed66fd', 'b9810f7c-be04-4d40-8076-3218fb4d5404', 'SoftwareEngineer', '1555');
INSERT INTO `SkillSet` (`id`) VALUES ('1556');
INSERT INTO `SkillSet_skills` (`SkillSet_id`, `skills`) VALUES ('1556', 'UITesting');
INSERT INTO `SkillSet_skills` (`SkillSet_id`, `skills`) VALUES ('1556', 'UITesting');
INSERT INTO `SkillSet_skills` (`SkillSet_id`, `skills`) VALUES ('1556', 'Architektur');
INSERT INTO `SkillSet_skills` (`SkillSet_id`, `skills`) VALUES ('1556', 'UITesting');
INSERT INTO `SkillSet_skills` (`SkillSet_id`, `skills`) VALUES ('1556', 'SQL');
INSERT INTO `Hero` (`id`, `firstName`, `lastName`, `role`, `skillSet_id`) VALUES ('1556', 'e3150263-2c89-471d-b825-b5810ba8534f', '3dbbac74-c603-47d2-9c79-c855d3d52247', 'JuniorSoftwareEngineer', '1556');
INSERT INTO `SkillSet` (`id`) VALUES ('1557');
INSERT INTO `SkillSet_skills` (`SkillSet_id`, `skills`) VALUES ('1557', 'SQL');
INSERT INTO `Hero` (`id`, `firstName`, `lastName`, `role`, `skillSet_id`) VALUES ('1557', '47a302ee-fc23-4cad-817d-1bf73e599aef', '58473800-4aac-4799-a72c-ff2404caf983', 'SeniorSoftwareEngineer', '1557');
INSERT INTO `SkillSet` (`id`) VALUES ('1558');
INSERT INTO `SkillSet_skills` (`SkillSet_id`, `skills`) VALUES ('1558', 'dotNet');
INSERT INTO `Hero` (`id`, `firstName`, `lastName`, `role`, `skillSet_id`) VALUES ('1558', '14a2b12a-10df-406e-8f08-0a89d17358c6', '24cae233-e8ff-41d5-ad42-81bc646cd5a5', 'SoftwareEngineer', '1558');
INSERT INTO `SkillSet` (`id`) VALUES ('1559');
INSERT INTO `SkillSet_skills` (`SkillSet_id`, `skills`) VALUES ('1559', 'Ant');
INSERT INTO `Hero` (`id`, `firstName`, `lastName`, `role`, `skillSet_id`) VALUES ('1559', 'da783a55-b138-4e14-bafa-d52eccaa6d84', '6fbe3957-dc6a-404d-babb-7e0c2665f31a', 'PrincipalConsultant', '1559');
INSERT INTO `SkillSet` (`id`) VALUES ('1560');
INSERT INTO `SkillSet_skills` (`SkillSet_id`, `skills`) VALUES ('1560', 'Gradle');
INSERT INTO `SkillSet_skills` (`SkillSet_id`, `skills`) VALUES ('1560', 'SQL');
INSERT INTO `SkillSet_skills` (`SkillSet_id`, `skills`) VALUES ('1560', 'Gradle');
INSERT INTO `Hero` (`id`, `firstName`, `lastName`, `role`, `skillSet_id`) VALUES ('1560', '518a91c0-d1d2-48e7-b429-0cd3e497552b', 'f1c338e0-f6cc-4ee2-a7dc-a59bd958a6c7', 'LeadSoftwareArchitect', '1560');
INSERT INTO `SkillSet` (`id`) VALUES ('1561');
INSERT INTO `SkillSet_skills` (`SkillSet_id`, `skills`) VALUES ('1561', 'dotNet');
INSERT INTO `SkillSet_skills` (`SkillSet_id`, `skills`) VALUES ('1561', 'Gradle');
INSERT INTO `Hero` (`id`, `firstName`, `lastName`, `role`, `skillSet_id`) VALUES ('1561', 'a1fb5ee6-0245-4de3-8e1e-e44f9af9c30e', 'abeef1df-b2ef-4cec-b2ec-3623aee3922a', 'LeadSoftwareArchitect', '1561');
INSERT INTO `SkillSet` (`id`) VALUES ('1562');
INSERT INTO `SkillSet_skills` (`SkillSet_id`, `skills`) VALUES ('1562', 'Architektur');
INSERT INTO `Hero` (`id`, `firstName`, `lastName`, `role`, `skillSet_id`) VALUES ('1562', 'e401fc34-5f57-4a28-92c1-d71f17723641', '49431e5b-0338-4075-b53c-a0a88bcb00c3', 'LeadEngineer', '1562');
INSERT INTO `SkillSet` (`id`) VALUES ('1563');
INSERT INTO `SkillSet_skills` (`SkillSet_id`, `skills`) VALUES ('1563', 'UITesting');
INSERT INTO `Hero` (`id`, `firstName`, `lastName`, `role`, `skillSet_id`) VALUES ('1563', 'caa5c072-88d7-4a3e-9210-c4e2dffc6e6e', '4fdbe4d1-8226-4acc-8eec-2a087e2682a1', 'PrincipalConsultant', '1563');
INSERT INTO `SkillSet` (`id`) VALUES ('1564');
INSERT INTO `SkillSet_skills` (`SkillSet_id`, `skills`) VALUES ('1564', 'Java');
INSERT INTO `SkillSet_skills` (`SkillSet_id`, `skills`) VALUES ('1564', 'UnitTesting');
INSERT INTO `SkillSet_skills` (`SkillSet_id`, `skills`) VALUES ('1564', 'Gradle');
INSERT INTO `Hero` (`id`, `firstName`, `lastName`, `role`, `skillSet_id`) VALUES ('1564', 'af1ebb3d-55c8-4a2e-9b92-deaa36f15d23', '3168011c-dc9f-4660-9291-eb2d1b78b385', 'SoftwareEngineer', '1564');
INSERT INTO `SkillSet` (`id`) VALUES ('1565');
INSERT INTO `SkillSet_skills` (`SkillSet_id`, `skills`) VALUES ('1565', 'Java');
INSERT INTO `SkillSet_skills` (`SkillSet_id`, `skills`) VALUES ('1565', 'SQL');
INSERT INTO `SkillSet_skills` (`SkillSet_id`, `skills`) VALUES ('1565', 'SQL');
INSERT INTO `Hero` (`id`, `firstName`, `lastName`, `role`, `skillSet_id`) VALUES ('1565', '241a9294-bcce-4f99-aab7-035ecf8c9dc2', 'a4bdec73-bd96-4185-ae75-5eac197d8f37', 'JuniorSoftwareEngineer', '1565');
INSERT INTO `SkillSet` (`id`) VALUES ('1566');
INSERT INTO `SkillSet_skills` (`SkillSet_id`, `skills`) VALUES ('1566', 'Ant');
INSERT INTO `SkillSet_skills` (`SkillSet_id`, `skills`) VALUES ('1566', 'UnitTesting');
INSERT INTO `Hero` (`id`, `firstName`, `lastName`, `role`, `skillSet_id`) VALUES ('1566', '1563642d-c1aa-46ef-8f0f-5c1051d2e87b', '9eb781c1-a961-43a5-a440-ec33cb602f9f', 'SeniorSoftwareEngineer', '1566');
INSERT INTO `SkillSet` (`id`) VALUES ('1567');
INSERT INTO `SkillSet_skills` (`SkillSet_id`, `skills`) VALUES ('1567', 'Gradle');
INSERT INTO `SkillSet_skills` (`SkillSet_id`, `skills`) VALUES ('1567', 'UnitTesting');
INSERT INTO `SkillSet_skills` (`SkillSet_id`, `skills`) VALUES ('1567', 'UITesting');
INSERT INTO `SkillSet_skills` (`SkillSet_id`, `skills`) VALUES ('1567', 'Gradle');
INSERT INTO `Hero` (`id`, `firstName`, `lastName`, `role`, `skillSet_id`) VALUES ('1567', 'f7739331-5a6f-4bb2-981e-3a084e3b7dc7', '639e79eb-44ce-4aec-a999-0e78cdf7fa56', 'JuniorSoftwareEngineer', '1567');
INSERT INTO `SkillSet` (`id`) VALUES ('1568');
INSERT INTO `SkillSet_skills` (`SkillSet_id`, `skills`) VALUES ('1568', 'Java');
INSERT INTO `SkillSet_skills` (`SkillSet_id`, `skills`) VALUES ('1568', 'UITesting');
INSERT INTO `SkillSet_skills` (`SkillSet_id`, `skills`) VALUES ('1568', 'UnitTesting');
INSERT INTO `Hero` (`id`, `firstName`, `lastName`, `role`, `skillSet_id`) VALUES ('1568', '4e0dcdee-0a43-415e-b308-10657841e3ff', 'a94f4e1c-7f12-477e-8e88-a5035ad5191c', 'PrincipalConsultant', '1568');
INSERT INTO `SkillSet` (`id`) VALUES ('1569');
INSERT INTO `SkillSet_skills` (`SkillSet_id`, `skills`) VALUES ('1569', 'Architektur');
INSERT INTO `Hero` (`id`, `firstName`, `lastName`, `role`, `skillSet_id`) VALUES ('1569', '1aaebb86-951e-465f-afaf-1095ae414a46', 'c2813a07-f363-4a50-bdaf-1a4c9cd3be19', 'SoftwareEngineer', '1569');
INSERT INTO `SkillSet` (`id`) VALUES ('1570');
INSERT INTO `SkillSet_skills` (`SkillSet_id`, `skills`) VALUES ('1570', 'SQL');
INSERT INTO `SkillSet_skills` (`SkillSet_id`, `skills`) VALUES ('1570', 'Java');
INSERT INTO `SkillSet_skills` (`SkillSet_id`, `skills`) VALUES ('1570', 'UITesting');
INSERT INTO `SkillSet_skills` (`SkillSet_id`, `skills`) VALUES ('1570', 'Ant');
INSERT INTO `SkillSet_skills` (`SkillSet_id`, `skills`) VALUES ('1570', 'Maven');
INSERT INTO `Hero` (`id`, `firstName`, `lastName`, `role`, `skillSet_id`) VALUES ('1570', '0b81326b-c93a-4505-9acb-df84fb03fae3', '551dd233-7770-4e53-a4b8-1291474eb703', 'PrincipalConsultant', '1570');
INSERT INTO `SkillSet` (`id`) VALUES ('1571');
INSERT INTO `SkillSet_skills` (`SkillSet_id`, `skills`) VALUES ('1571', 'Architektur');
INSERT INTO `Hero` (`id`, `firstName`, `lastName`, `role`, `skillSet_id`) VALUES ('1571', '41d4c120-26bd-4855-9947-200bec459ee2', 'f800b5a5-e2c6-42c0-ad4a-303a4d2a5c2c', 'JuniorSoftwareEngineer', '1571');
INSERT INTO `SkillSet` (`id`) VALUES ('1572');
INSERT INTO `SkillSet_skills` (`SkillSet_id`, `skills`) VALUES ('1572', 'Architektur');
INSERT INTO `SkillSet_skills` (`SkillSet_id`, `skills`) VALUES ('1572', 'dotNet');
INSERT INTO `Hero` (`id`, `firstName`, `lastName`, `role`, `skillSet_id`) VALUES ('1572', '2c4e4595-6c8e-4423-ae6d-aa56878e2cd2', 'ee2e5df2-63ef-4011-b49f-3005b96b9f9a', 'LeadEngineer', '1572');
INSERT INTO `SkillSet` (`id`) VALUES ('1573');
INSERT INTO `SkillSet_skills` (`SkillSet_id`, `skills`) VALUES ('1573', 'Ant');
INSERT INTO `Hero` (`id`, `firstName`, `lastName`, `role`, `skillSet_id`) VALUES ('1573', 'bfa5c3f3-489c-455f-ac93-7c0e03fe0edb', '014a771c-2130-4582-a57b-33ace25ed448', 'PrincipalConsultant', '1573');
INSERT INTO `SkillSet` (`id`) VALUES ('1574');
INSERT INTO `SkillSet_skills` (`SkillSet_id`, `skills`) VALUES ('1574', 'Architektur');
INSERT INTO `SkillSet_skills` (`SkillSet_id`, `skills`) VALUES ('1574', 'Gradle');
INSERT INTO `SkillSet_skills` (`SkillSet_id`, `skills`) VALUES ('1574', 'UnitTesting');
INSERT INTO `SkillSet_skills` (`SkillSet_id`, `skills`) VALUES ('1574', 'UnitTesting');
INSERT INTO `Hero` (`id`, `firstName`, `lastName`, `role`, `skillSet_id`) VALUES ('1574', 'e7e158ad-0e81-43bf-aa79-998a13f2274a', '25e43d60-53c5-4c77-8f55-c19822f4120c', 'PrincipalConsultant', '1574');
INSERT INTO `SkillSet` (`id`) VALUES ('1575');
INSERT INTO `SkillSet_skills` (`SkillSet_id`, `skills`) VALUES ('1575', 'dotNet');
INSERT INTO `SkillSet_skills` (`SkillSet_id`, `skills`) VALUES ('1575', 'UITesting');
INSERT INTO `SkillSet_skills` (`SkillSet_id`, `skills`) VALUES ('1575', 'UnitTesting');
INSERT INTO `SkillSet_skills` (`SkillSet_id`, `skills`) VALUES ('1575', 'UnitTesting');
INSERT INTO `Hero` (`id`, `firstName`, `lastName`, `role`, `skillSet_id`) VALUES ('1575', '40b6d7bd-4b21-42e7-86a4-7e8356ff7196', '610d4eea-cd87-4f07-b3c1-2047eb389223', 'PrincipalConsultant', '1575');
INSERT INTO `SkillSet` (`id`) VALUES ('1576');
INSERT INTO `SkillSet_skills` (`SkillSet_id`, `skills`) VALUES ('1576', 'UnitTesting');
INSERT INTO `Hero` (`id`, `firstName`, `lastName`, `role`, `skillSet_id`) VALUES ('1576', '2f2b92c2-74d5-4a3f-a5aa-37f179452684', '87da4c75-d80a-4809-84a4-8dcb9d4f5eb9', 'SoftwareEngineer', '1576');
INSERT INTO `SkillSet` (`id`) VALUES ('1577');
INSERT INTO `SkillSet_skills` (`SkillSet_id`, `skills`) VALUES ('1577', 'Java');
INSERT INTO `SkillSet_skills` (`SkillSet_id`, `skills`) VALUES ('1577', 'UnitTesting');
INSERT INTO `SkillSet_skills` (`SkillSet_id`, `skills`) VALUES ('1577', 'UITesting');
INSERT INTO `SkillSet_skills` (`SkillSet_id`, `skills`) VALUES ('1577', 'UITesting');
INSERT INTO `Hero` (`id`, `firstName`, `lastName`, `role`, `skillSet_id`) VALUES ('1577', '6be2b833-bdde-4b3d-9deb-a7c526405072', 'e4abc123-efe9-4c9c-a43f-bd1dfb0d5dae', 'JuniorSoftwareEngineer', '1577');
INSERT INTO `SkillSet` (`id`) VALUES ('1578');
INSERT INTO `SkillSet_skills` (`SkillSet_id`, `skills`) VALUES ('1578', 'Java');
INSERT INTO `SkillSet_skills` (`SkillSet_id`, `skills`) VALUES ('1578', 'SQL');
INSERT INTO `SkillSet_skills` (`SkillSet_id`, `skills`) VALUES ('1578', 'Ant');
INSERT INTO `Hero` (`id`, `firstName`, `lastName`, `role`, `skillSet_id`) VALUES ('1578', 'cf56856a-f79b-4a58-8e44-967077594f0c', 'd417e71a-c0e4-480a-aeba-93d6cc918954', 'JuniorSoftwareEngineer', '1578');
INSERT INTO `SkillSet` (`id`) VALUES ('1579');
INSERT INTO `SkillSet_skills` (`SkillSet_id`, `skills`) VALUES ('1579', 'Architektur');
INSERT INTO `SkillSet_skills` (`SkillSet_id`, `skills`) VALUES ('1579', 'Gradle');
INSERT INTO `SkillSet_skills` (`SkillSet_id`, `skills`) VALUES ('1579', 'SQL');
INSERT INTO `SkillSet_skills` (`SkillSet_id`, `skills`) VALUES ('1579', 'Ant');
INSERT INTO `SkillSet_skills` (`SkillSet_id`, `skills`) VALUES ('1579', 'Gradle');
INSERT INTO `Hero` (`id`, `firstName`, `lastName`, `role`, `skillSet_id`) VALUES ('1579', '36583184-fa0f-4ae6-b803-9586f8923e8f', 'dc8ecdfd-4e29-4859-a541-8815756e0c2c', 'LeadEngineer', '1579');
INSERT INTO `SkillSet` (`id`) VALUES ('1580');
INSERT INTO `SkillSet_skills` (`SkillSet_id`, `skills`) VALUES ('1580', 'dotNet');
INSERT INTO `SkillSet_skills` (`SkillSet_id`, `skills`) VALUES ('1580', 'Java');
INSERT INTO `SkillSet_skills` (`SkillSet_id`, `skills`) VALUES ('1580', 'SQL');
INSERT INTO `SkillSet_skills` (`SkillSet_id`, `skills`) VALUES ('1580', 'Maven');
INSERT INTO `Hero` (`id`, `firstName`, `lastName`, `role`, `skillSet_id`) VALUES ('1580', 'da4dd057-70ae-42d5-8d8b-4c88e593d225', '6b6985c4-45cd-4270-ac50-eb642c5ad7bd', 'SoftwareEngineer', '1580');
INSERT INTO `SkillSet` (`id`) VALUES ('1581');
INSERT INTO `SkillSet_skills` (`SkillSet_id`, `skills`) VALUES ('1581', 'Java');
INSERT INTO `SkillSet_skills` (`SkillSet_id`, `skills`) VALUES ('1581', 'SQL');
INSERT INTO `Hero` (`id`, `firstName`, `lastName`, `role`, `skillSet_id`) VALUES ('1581', '711251a1-2dfc-4216-af07-ba088d3469b8', 'a81d48f4-a201-4dc3-a4e4-140e00cc113e', 'LeadEngineer', '1581');
INSERT INTO `SkillSet` (`id`) VALUES ('1582');
INSERT INTO `SkillSet_skills` (`SkillSet_id`, `skills`) VALUES ('1582', 'Ant');
INSERT INTO `SkillSet_skills` (`SkillSet_id`, `skills`) VALUES ('1582', 'Ant');
INSERT INTO `Hero` (`id`, `firstName`, `lastName`, `role`, `skillSet_id`) VALUES ('1582', '9f912351-a7b3-4e14-bf52-a23c6dadfd26', '13c46c45-7560-449a-8126-70b61d9b93a4', 'SeniorSoftwareEngineer', '1582');
INSERT INTO `SkillSet` (`id`) VALUES ('1583');
INSERT INTO `SkillSet_skills` (`SkillSet_id`, `skills`) VALUES ('1583', 'Maven');
INSERT INTO `SkillSet_skills` (`SkillSet_id`, `skills`) VALUES ('1583', 'UnitTesting');
INSERT INTO `Hero` (`id`, `firstName`, `lastName`, `role`, `skillSet_id`) VALUES ('1583', '93cf0cc2-3129-424c-bfb3-e7d29f25f1e7', '43bf4704-dee1-4546-959d-2d883a1bb568', 'JuniorSoftwareEngineer', '1583');
INSERT INTO `SkillSet` (`id`) VALUES ('1584');
INSERT INTO `SkillSet_skills` (`SkillSet_id`, `skills`) VALUES ('1584', 'Ant');
INSERT INTO `SkillSet_skills` (`SkillSet_id`, `skills`) VALUES ('1584', 'dotNet');
INSERT INTO `SkillSet_skills` (`SkillSet_id`, `skills`) VALUES ('1584', 'Architektur');
INSERT INTO `SkillSet_skills` (`SkillSet_id`, `skills`) VALUES ('1584', 'Java');
INSERT INTO `Hero` (`id`, `firstName`, `lastName`, `role`, `skillSet_id`) VALUES ('1584', '634feb0a-00c4-4aff-a9e2-3026b7da5571', 'ff7df5cd-bfc6-48c1-8ab5-18d3b558c5fb', 'LeadSoftwareArchitect', '1584');
INSERT INTO `SkillSet` (`id`) VALUES ('1585');
INSERT INTO `SkillSet_skills` (`SkillSet_id`, `skills`) VALUES ('1585', 'Java');
INSERT INTO `SkillSet_skills` (`SkillSet_id`, `skills`) VALUES ('1585', 'Java');
INSERT INTO `SkillSet_skills` (`SkillSet_id`, `skills`) VALUES ('1585', 'Java');
INSERT INTO `SkillSet_skills` (`SkillSet_id`, `skills`) VALUES ('1585', 'SQL');
INSERT INTO `Hero` (`id`, `firstName`, `lastName`, `role`, `skillSet_id`) VALUES ('1585', '2a6f92d8-290d-4b96-83c1-6bb0f6460dcf', '1d90c2b3-f7c3-4b01-a6df-c4282f3d2fb3', 'JuniorSoftwareEngineer', '1585');
INSERT INTO `SkillSet` (`id`) VALUES ('1586');
INSERT INTO `SkillSet_skills` (`SkillSet_id`, `skills`) VALUES ('1586', 'SQL');
INSERT INTO `SkillSet_skills` (`SkillSet_id`, `skills`) VALUES ('1586', 'SQL');
INSERT INTO `SkillSet_skills` (`SkillSet_id`, `skills`) VALUES ('1586', 'SQL');
INSERT INTO `Hero` (`id`, `firstName`, `lastName`, `role`, `skillSet_id`) VALUES ('1586', '454cde38-6bec-48a2-ba52-eb0559b47326', '27c7c6d9-55cc-4582-881c-905a712fa448', 'PrincipalConsultant', '1586');
INSERT INTO `SkillSet` (`id`) VALUES ('1587');
INSERT INTO `SkillSet_skills` (`SkillSet_id`, `skills`) VALUES ('1587', 'dotNet');
INSERT INTO `SkillSet_skills` (`SkillSet_id`, `skills`) VALUES ('1587', 'Ant');
INSERT INTO `SkillSet_skills` (`SkillSet_id`, `skills`) VALUES ('1587', 'Java');
INSERT INTO `SkillSet_skills` (`SkillSet_id`, `skills`) VALUES ('1587', 'UITesting');
INSERT INTO `SkillSet_skills` (`SkillSet_id`, `skills`) VALUES ('1587', 'UITesting');
INSERT INTO `Hero` (`id`, `firstName`, `lastName`, `role`, `skillSet_id`) VALUES ('1587', '3ada8685-25a3-42f8-afc2-1952b3124716', '2cce1a15-23ec-40cf-a1ba-bb41439df460', 'PrincipalConsultant', '1587');
INSERT INTO `SkillSet` (`id`) VALUES ('1588');
INSERT INTO `SkillSet_skills` (`SkillSet_id`, `skills`) VALUES ('1588', 'SQL');
INSERT INTO `SkillSet_skills` (`SkillSet_id`, `skills`) VALUES ('1588', 'UnitTesting');
INSERT INTO `SkillSet_skills` (`SkillSet_id`, `skills`) VALUES ('1588', 'SQL');
INSERT INTO `SkillSet_skills` (`SkillSet_id`, `skills`) VALUES ('1588', 'SQL');
INSERT INTO `SkillSet_skills` (`SkillSet_id`, `skills`) VALUES ('1588', 'UITesting');
INSERT INTO `Hero` (`id`, `firstName`, `lastName`, `role`, `skillSet_id`) VALUES ('1588', 'b0f0b0f5-1319-4728-bdc6-a46cd5eeb50e', 'fbf55cdd-fb1b-4438-b812-f57501bcdc93', 'JuniorSoftwareEngineer', '1588');
INSERT INTO `SkillSet` (`id`) VALUES ('1589');
INSERT INTO `SkillSet_skills` (`SkillSet_id`, `skills`) VALUES ('1589', 'Architektur');
INSERT INTO `SkillSet_skills` (`SkillSet_id`, `skills`) VALUES ('1589', 'Architektur');
INSERT INTO `SkillSet_skills` (`SkillSet_id`, `skills`) VALUES ('1589', 'dotNet');
INSERT INTO `SkillSet_skills` (`SkillSet_id`, `skills`) VALUES ('1589', 'dotNet');
INSERT INTO `Hero` (`id`, `firstName`, `lastName`, `role`, `skillSet_id`) VALUES ('1589', '7182050f-dd62-4b7f-91ea-0c33677d0527', 'aa331859-0005-4817-866e-3d1f0890d687', 'PrincipalConsultant', '1589');
INSERT INTO `SkillSet` (`id`) VALUES ('1590');
INSERT INTO `SkillSet_skills` (`SkillSet_id`, `skills`) VALUES ('1590', 'SQL');
INSERT INTO `SkillSet_skills` (`SkillSet_id`, `skills`) VALUES ('1590', 'UnitTesting');
INSERT INTO `Hero` (`id`, `firstName`, `lastName`, `role`, `skillSet_id`) VALUES ('1590', '38336950-c339-43ee-8ac4-bc9a49161b2b', 'a95efb88-74c7-4736-8555-ba4a7fa6fb02', 'LeadEngineer', '1590');
INSERT INTO `SkillSet` (`id`) VALUES ('1591');
INSERT INTO `SkillSet_skills` (`SkillSet_id`, `skills`) VALUES ('1591', 'dotNet');
INSERT INTO `SkillSet_skills` (`SkillSet_id`, `skills`) VALUES ('1591', 'Java');
INSERT INTO `SkillSet_skills` (`SkillSet_id`, `skills`) VALUES ('1591', 'Java');
INSERT INTO `SkillSet_skills` (`SkillSet_id`, `skills`) VALUES ('1591', 'SQL');
INSERT INTO `SkillSet_skills` (`SkillSet_id`, `skills`) VALUES ('1591', 'SQL');
INSERT INTO `Hero` (`id`, `firstName`, `lastName`, `role`, `skillSet_id`) VALUES ('1591', 'e842feed-9fbf-46c5-9b50-04b680a1db22', '8729d032-e439-4bd2-9b53-3c4a7a79f40e', 'LeadEngineer', '1591');
INSERT INTO `SkillSet` (`id`) VALUES ('1592');
INSERT INTO `SkillSet_skills` (`SkillSet_id`, `skills`) VALUES ('1592', 'dotNet');
INSERT INTO `SkillSet_skills` (`SkillSet_id`, `skills`) VALUES ('1592', 'SQL');
INSERT INTO `Hero` (`id`, `firstName`, `lastName`, `role`, `skillSet_id`) VALUES ('1592', '8336ead2-3f67-4df6-b7d0-9825c1e87a9b', '3463f7e4-ce03-4dd1-b431-150c068f7026', 'SeniorSoftwareEngineer', '1592');
INSERT INTO `SkillSet` (`id`) VALUES ('1593');
INSERT INTO `SkillSet_skills` (`SkillSet_id`, `skills`) VALUES ('1593', 'UnitTesting');
INSERT INTO `SkillSet_skills` (`SkillSet_id`, `skills`) VALUES ('1593', 'Gradle');
INSERT INTO `SkillSet_skills` (`SkillSet_id`, `skills`) VALUES ('1593', 'Maven');
INSERT INTO `Hero` (`id`, `firstName`, `lastName`, `role`, `skillSet_id`) VALUES ('1593', 'cfc00dbe-5e58-42ce-816f-a134b0e61922', 'cba858ff-217c-44a0-b638-e53e9b026cfd', 'JuniorSoftwareEngineer', '1593');
INSERT INTO `SkillSet` (`id`) VALUES ('1594');
INSERT INTO `SkillSet_skills` (`SkillSet_id`, `skills`) VALUES ('1594', 'SQL');
INSERT INTO `SkillSet_skills` (`SkillSet_id`, `skills`) VALUES ('1594', 'Ant');
INSERT INTO `SkillSet_skills` (`SkillSet_id`, `skills`) VALUES ('1594', 'Architektur');
INSERT INTO `SkillSet_skills` (`SkillSet_id`, `skills`) VALUES ('1594', 'UnitTesting');
INSERT INTO `SkillSet_skills` (`SkillSet_id`, `skills`) VALUES ('1594', 'Ant');
INSERT INTO `Hero` (`id`, `firstName`, `lastName`, `role`, `skillSet_id`) VALUES ('1594', '788c4d32-40dc-43a4-bf42-014785cb364d', '04a76084-fbd0-47f2-bc0f-4798e0f149cf', 'SoftwareEngineer', '1594');
INSERT INTO `SkillSet` (`id`) VALUES ('1595');
INSERT INTO `SkillSet_skills` (`SkillSet_id`, `skills`) VALUES ('1595', 'UnitTesting');
INSERT INTO `SkillSet_skills` (`SkillSet_id`, `skills`) VALUES ('1595', 'Ant');
INSERT INTO `SkillSet_skills` (`SkillSet_id`, `skills`) VALUES ('1595', 'Architektur');
INSERT INTO `SkillSet_skills` (`SkillSet_id`, `skills`) VALUES ('1595', 'UITesting');
INSERT INTO `Hero` (`id`, `firstName`, `lastName`, `role`, `skillSet_id`) VALUES ('1595', '40f9daf6-4fdb-45a4-be84-86a9e1f43c53', '913b5468-7807-4023-9436-c9e796b57d3a', 'SeniorSoftwareEngineer', '1595');
INSERT INTO `SkillSet` (`id`) VALUES ('1596');
INSERT INTO `SkillSet_skills` (`SkillSet_id`, `skills`) VALUES ('1596', 'Maven');
INSERT INTO `Hero` (`id`, `firstName`, `lastName`, `role`, `skillSet_id`) VALUES ('1596', 'cbce625c-cb40-4e43-b803-4e5f5ee4bd91', '75360056-2a6b-4df4-82a2-b9bc11bd4437', 'SeniorSoftwareEngineer', '1596');
INSERT INTO `SkillSet` (`id`) VALUES ('1597');
INSERT INTO `SkillSet_skills` (`SkillSet_id`, `skills`) VALUES ('1597', 'Gradle');
INSERT INTO `SkillSet_skills` (`SkillSet_id`, `skills`) VALUES ('1597', 'UnitTesting');
INSERT INTO `SkillSet_skills` (`SkillSet_id`, `skills`) VALUES ('1597', 'Ant');
INSERT INTO `SkillSet_skills` (`SkillSet_id`, `skills`) VALUES ('1597', 'Maven');
INSERT INTO `SkillSet_skills` (`SkillSet_id`, `skills`) VALUES ('1597', 'Ant');
INSERT INTO `Hero` (`id`, `firstName`, `lastName`, `role`, `skillSet_id`) VALUES ('1597', '97b8d833-9ee0-443e-b2e4-af136e28880a', 'dc377862-dd8f-4d85-bf0e-ab931e1d0837', 'PrincipalConsultant', '1597');
INSERT INTO `SkillSet` (`id`) VALUES ('1598');
INSERT INTO `SkillSet_skills` (`SkillSet_id`, `skills`) VALUES ('1598', 'SQL');
INSERT INTO `SkillSet_skills` (`SkillSet_id`, `skills`) VALUES ('1598', 'Maven');
INSERT INTO `SkillSet_skills` (`SkillSet_id`, `skills`) VALUES ('1598', 'Ant');
INSERT INTO `SkillSet_skills` (`SkillSet_id`, `skills`) VALUES ('1598', 'Architektur');
INSERT INTO `SkillSet_skills` (`SkillSet_id`, `skills`) VALUES ('1598', 'UnitTesting');
INSERT INTO `Hero` (`id`, `firstName`, `lastName`, `role`, `skillSet_id`) VALUES ('1598', 'bd2e1ae2-5500-4d1b-815b-ef944074ea89', '6da52f13-30b0-4ef9-88c8-ae890a147665', 'SoftwareEngineer', '1598');
INSERT INTO `SkillSet` (`id`) VALUES ('1599');
INSERT INTO `SkillSet_skills` (`SkillSet_id`, `skills`) VALUES ('1599', 'Ant');
INSERT INTO `SkillSet_skills` (`SkillSet_id`, `skills`) VALUES ('1599', 'Java');
INSERT INTO `SkillSet_skills` (`SkillSet_id`, `skills`) VALUES ('1599', 'Maven');
INSERT INTO `Hero` (`id`, `firstName`, `lastName`, `role`, `skillSet_id`) VALUES ('1599', '6aa6366b-867f-4dcd-b519-9114ad8d8916', '57622ba7-7644-4edf-a045-20637f6521d6', 'SeniorSoftwareEngineer', '1599');
INSERT INTO `SkillSet` (`id`) VALUES ('1600');
INSERT INTO `SkillSet_skills` (`SkillSet_id`, `skills`) VALUES ('1600', 'Ant');
INSERT INTO `SkillSet_skills` (`SkillSet_id`, `skills`) VALUES ('1600', 'Ant');
INSERT INTO `SkillSet_skills` (`SkillSet_id`, `skills`) VALUES ('1600', 'UnitTesting');
INSERT INTO `SkillSet_skills` (`SkillSet_id`, `skills`) VALUES ('1600', 'Maven');
INSERT INTO `SkillSet_skills` (`SkillSet_id`, `skills`) VALUES ('1600', 'Java');
INSERT INTO `Hero` (`id`, `firstName`, `lastName`, `role`, `skillSet_id`) VALUES ('1600', '70803e8e-629d-4844-b76d-22634d60a434', 'b09282bb-2a16-4869-b2e2-d7122058e60f', 'PrincipalConsultant', '1600');
INSERT INTO `SkillSet` (`id`) VALUES ('1601');
INSERT INTO `SkillSet_skills` (`SkillSet_id`, `skills`) VALUES ('1601', 'UnitTesting');
INSERT INTO `SkillSet_skills` (`SkillSet_id`, `skills`) VALUES ('1601', 'Gradle');
INSERT INTO `SkillSet_skills` (`SkillSet_id`, `skills`) VALUES ('1601', 'UITesting');
INSERT INTO `Hero` (`id`, `firstName`, `lastName`, `role`, `skillSet_id`) VALUES ('1601', 'ba6722de-2bba-4ef6-b292-b67277a007ff', 'a1c7a02a-ab57-413c-9097-239d37bf0fb4', 'SeniorSoftwareEngineer', '1601');
INSERT INTO `SkillSet` (`id`) VALUES ('1602');
INSERT INTO `SkillSet_skills` (`SkillSet_id`, `skills`) VALUES ('1602', 'dotNet');
INSERT INTO `SkillSet_skills` (`SkillSet_id`, `skills`) VALUES ('1602', 'Ant');
INSERT INTO `SkillSet_skills` (`SkillSet_id`, `skills`) VALUES ('1602', 'Ant');
INSERT INTO `SkillSet_skills` (`SkillSet_id`, `skills`) VALUES ('1602', 'UITesting');
INSERT INTO `SkillSet_skills` (`SkillSet_id`, `skills`) VALUES ('1602', 'UITesting');
INSERT INTO `Hero` (`id`, `firstName`, `lastName`, `role`, `skillSet_id`) VALUES ('1602', '457f857b-8259-4f2c-9c8b-20a36c0c7d72', 'da4c8e4a-6b37-48d8-a24f-fdfbe65d38b4', 'PrincipalConsultant', '1602');
INSERT INTO `SkillSet` (`id`) VALUES ('1603');
INSERT INTO `SkillSet_skills` (`SkillSet_id`, `skills`) VALUES ('1603', 'SQL');
INSERT INTO `SkillSet_skills` (`SkillSet_id`, `skills`) VALUES ('1603', 'SQL');
INSERT INTO `SkillSet_skills` (`SkillSet_id`, `skills`) VALUES ('1603', 'Java');
INSERT INTO `SkillSet_skills` (`SkillSet_id`, `skills`) VALUES ('1603', 'UnitTesting');
INSERT INTO `Hero` (`id`, `firstName`, `lastName`, `role`, `skillSet_id`) VALUES ('1603', '45d59c00-9687-472c-b896-6f98a69a741f', 'b433c10e-8a52-4e98-98d9-5147476ca8d4', 'SoftwareEngineer', '1603');
INSERT INTO `SkillSet` (`id`) VALUES ('1604');
INSERT INTO `SkillSet_skills` (`SkillSet_id`, `skills`) VALUES ('1604', 'SQL');
INSERT INTO `SkillSet_skills` (`SkillSet_id`, `skills`) VALUES ('1604', 'Gradle');
INSERT INTO `SkillSet_skills` (`SkillSet_id`, `skills`) VALUES ('1604', 'dotNet');
INSERT INTO `SkillSet_skills` (`SkillSet_id`, `skills`) VALUES ('1604', 'UnitTesting');
INSERT INTO `Hero` (`id`, `firstName`, `lastName`, `role`, `skillSet_id`) VALUES ('1604', '0b9547e5-2e6b-4455-b027-749e68c44687', '12f0b607-9e8a-4578-8d79-27026bba3268', 'SoftwareEngineer', '1604');
INSERT INTO `SkillSet` (`id`) VALUES ('1605');
INSERT INTO `SkillSet_skills` (`SkillSet_id`, `skills`) VALUES ('1605', 'UnitTesting');
INSERT INTO `SkillSet_skills` (`SkillSet_id`, `skills`) VALUES ('1605', 'SQL');
INSERT INTO `Hero` (`id`, `firstName`, `lastName`, `role`, `skillSet_id`) VALUES ('1605', 'ac608b62-7259-47a9-bef7-07c6a6cdba60', 'e74ca027-4c4a-4648-9765-439745dd5e39', 'SeniorSoftwareEngineer', '1605');
INSERT INTO `SkillSet` (`id`) VALUES ('1606');
INSERT INTO `SkillSet_skills` (`SkillSet_id`, `skills`) VALUES ('1606', 'dotNet');
INSERT INTO `Hero` (`id`, `firstName`, `lastName`, `role`, `skillSet_id`) VALUES ('1606', 'e5e2e73b-55f0-4de4-975b-70036f6b3dbf', '3dd2f48f-368f-4c95-9752-5219867884cf', 'SoftwareEngineer', '1606');
INSERT INTO `SkillSet` (`id`) VALUES ('1607');
INSERT INTO `SkillSet_skills` (`SkillSet_id`, `skills`) VALUES ('1607', 'Architektur');
INSERT INTO `SkillSet_skills` (`SkillSet_id`, `skills`) VALUES ('1607', 'SQL');
INSERT INTO `SkillSet_skills` (`SkillSet_id`, `skills`) VALUES ('1607', 'Architektur');
INSERT INTO `SkillSet_skills` (`SkillSet_id`, `skills`) VALUES ('1607', 'dotNet');
INSERT INTO `SkillSet_skills` (`SkillSet_id`, `skills`) VALUES ('1607', 'Gradle');
INSERT INTO `Hero` (`id`, `firstName`, `lastName`, `role`, `skillSet_id`) VALUES ('1607', '97581480-89a7-4a6c-a7c9-8f49314b52a0', 'bc094308-18e3-4b1b-822d-f4fe5eb9f725', 'SoftwareEngineer', '1607');
INSERT INTO `SkillSet` (`id`) VALUES ('1608');
INSERT INTO `SkillSet_skills` (`SkillSet_id`, `skills`) VALUES ('1608', 'Architektur');
INSERT INTO `SkillSet_skills` (`SkillSet_id`, `skills`) VALUES ('1608', 'Architektur');
INSERT INTO `SkillSet_skills` (`SkillSet_id`, `skills`) VALUES ('1608', 'dotNet');
INSERT INTO `Hero` (`id`, `firstName`, `lastName`, `role`, `skillSet_id`) VALUES ('1608', 'fd3e8069-d0aa-43e3-9932-74fa0494daf9', 'a8178e50-f20c-466e-bf03-1b87238e64ce', 'PrincipalConsultant', '1608');
INSERT INTO `SkillSet` (`id`) VALUES ('1609');
INSERT INTO `SkillSet_skills` (`SkillSet_id`, `skills`) VALUES ('1609', 'Gradle');
INSERT INTO `Hero` (`id`, `firstName`, `lastName`, `role`, `skillSet_id`) VALUES ('1609', '9e02b9de-c594-46e9-ae3f-f736e8a3ea75', '9e7c0619-1005-4eb0-9c93-3653d4acf754', 'PrincipalConsultant', '1609');
INSERT INTO `SkillSet` (`id`) VALUES ('1610');
INSERT INTO `SkillSet_skills` (`SkillSet_id`, `skills`) VALUES ('1610', 'Gradle');
INSERT INTO `Hero` (`id`, `firstName`, `lastName`, `role`, `skillSet_id`) VALUES ('1610', 'dee37392-fe5e-4c52-a7b5-960b992ba775', '6a58944f-fbf7-459e-a55e-8b0cb376bae0', 'SeniorSoftwareEngineer', '1610');
INSERT INTO `SkillSet` (`id`) VALUES ('1611');
INSERT INTO `SkillSet_skills` (`SkillSet_id`, `skills`) VALUES ('1611', 'Architektur');
INSERT INTO `Hero` (`id`, `firstName`, `lastName`, `role`, `skillSet_id`) VALUES ('1611', 'a7dcf955-1eba-41b4-8ea2-480cdd35029d', '320644c6-a71b-4b2e-a9af-085126a7cc6b', 'LeadEngineer', '1611');
INSERT INTO `SkillSet` (`id`) VALUES ('1612');
INSERT INTO `SkillSet_skills` (`SkillSet_id`, `skills`) VALUES ('1612', 'Architektur');
INSERT INTO `Hero` (`id`, `firstName`, `lastName`, `role`, `skillSet_id`) VALUES ('1612', '7358395e-98dc-4158-8a88-48ae65537e7b', '05b582e2-8f34-4fd2-a40e-a7d828b4afc5', 'SoftwareEngineer', '1612');
INSERT INTO `SkillSet` (`id`) VALUES ('1613');
INSERT INTO `SkillSet_skills` (`SkillSet_id`, `skills`) VALUES ('1613', 'UnitTesting');
INSERT INTO `SkillSet_skills` (`SkillSet_id`, `skills`) VALUES ('1613', 'UITesting');
INSERT INTO `Hero` (`id`, `firstName`, `lastName`, `role`, `skillSet_id`) VALUES ('1613', '3c967777-b7aa-4755-9412-721d3f4b6b26', 'c1ac6fc5-74f8-494c-b4d6-c9682f19add5', 'SeniorSoftwareEngineer', '1613');
INSERT INTO `SkillSet` (`id`) VALUES ('1614');
INSERT INTO `SkillSet_skills` (`SkillSet_id`, `skills`) VALUES ('1614', 'SQL');
INSERT INTO `Hero` (`id`, `firstName`, `lastName`, `role`, `skillSet_id`) VALUES ('1614', '523f57f8-1c39-478e-a8a9-0631b52a597d', 'd24b7526-f156-453e-9bfa-9f3104a551f4', 'PrincipalConsultant', '1614');
INSERT INTO `SkillSet` (`id`) VALUES ('1615');
INSERT INTO `SkillSet_skills` (`SkillSet_id`, `skills`) VALUES ('1615', 'dotNet');
INSERT INTO `SkillSet_skills` (`SkillSet_id`, `skills`) VALUES ('1615', 'UITesting');
INSERT INTO `SkillSet_skills` (`SkillSet_id`, `skills`) VALUES ('1615', 'Architektur');
INSERT INTO `Hero` (`id`, `firstName`, `lastName`, `role`, `skillSet_id`) VALUES ('1615', '847df843-9bd8-45fb-a37b-d434f43d5d82', 'fe146727-cc6a-403b-a4f7-333dc659836d', 'JuniorSoftwareEngineer', '1615');
INSERT INTO `SkillSet` (`id`) VALUES ('1616');
INSERT INTO `SkillSet_skills` (`SkillSet_id`, `skills`) VALUES ('1616', 'Architektur');
INSERT INTO `SkillSet_skills` (`SkillSet_id`, `skills`) VALUES ('1616', 'Architektur');
INSERT INTO `SkillSet_skills` (`SkillSet_id`, `skills`) VALUES ('1616', 'UITesting');
INSERT INTO `Hero` (`id`, `firstName`, `lastName`, `role`, `skillSet_id`) VALUES ('1616', 'e1243f77-a064-4d84-879b-006b413a561c', 'dc3d2d3b-19dc-4eb8-ab96-a172a31dac12', 'SeniorSoftwareEngineer', '1616');
INSERT INTO `SkillSet` (`id`) VALUES ('1617');
INSERT INTO `SkillSet_skills` (`SkillSet_id`, `skills`) VALUES ('1617', 'UnitTesting');
INSERT INTO `Hero` (`id`, `firstName`, `lastName`, `role`, `skillSet_id`) VALUES ('1617', '6c27c6a8-02ea-4175-844d-94ce851c57de', 'd742d8a2-f548-4b72-9366-05b4701764b0', 'LeadEngineer', '1617');
INSERT INTO `SkillSet` (`id`) VALUES ('1618');
INSERT INTO `SkillSet_skills` (`SkillSet_id`, `skills`) VALUES ('1618', 'UITesting');
INSERT INTO `SkillSet_skills` (`SkillSet_id`, `skills`) VALUES ('1618', 'SQL');
INSERT INTO `Hero` (`id`, `firstName`, `lastName`, `role`, `skillSet_id`) VALUES ('1618', '35d49909-0f5e-4c97-9334-c0d715cf0d70', '25a7f736-9782-41a9-951a-6abdca87daa1', 'JuniorSoftwareEngineer', '1618');
INSERT INTO `SkillSet` (`id`) VALUES ('1619');
INSERT INTO `SkillSet_skills` (`SkillSet_id`, `skills`) VALUES ('1619', 'UnitTesting');
INSERT INTO `SkillSet_skills` (`SkillSet_id`, `skills`) VALUES ('1619', 'Ant');
INSERT INTO `SkillSet_skills` (`SkillSet_id`, `skills`) VALUES ('1619', 'Gradle');
INSERT INTO `SkillSet_skills` (`SkillSet_id`, `skills`) VALUES ('1619', 'Java');
INSERT INTO `SkillSet_skills` (`SkillSet_id`, `skills`) VALUES ('1619', 'dotNet');
INSERT INTO `Hero` (`id`, `firstName`, `lastName`, `role`, `skillSet_id`) VALUES ('1619', '9f244d59-ec1b-4f13-8add-0551c4a6d2a2', '6860ad87-adc2-43b8-a98c-4e36968aac19', 'PrincipalConsultant', '1619');
INSERT INTO `SkillSet` (`id`) VALUES ('1620');
INSERT INTO `SkillSet_skills` (`SkillSet_id`, `skills`) VALUES ('1620', 'UnitTesting');
INSERT INTO `Hero` (`id`, `firstName`, `lastName`, `role`, `skillSet_id`) VALUES ('1620', '0e9dc6f6-ed8a-4465-b33c-da91358211b1', '1b484fa0-a3bd-45bd-bd10-b2519c0d6ac8', 'LeadEngineer', '1620');
INSERT INTO `SkillSet` (`id`) VALUES ('1621');
INSERT INTO `SkillSet_skills` (`SkillSet_id`, `skills`) VALUES ('1621', 'dotNet');
INSERT INTO `SkillSet_skills` (`SkillSet_id`, `skills`) VALUES ('1621', 'Ant');
INSERT INTO `SkillSet_skills` (`SkillSet_id`, `skills`) VALUES ('1621', 'Ant');
INSERT INTO `SkillSet_skills` (`SkillSet_id`, `skills`) VALUES ('1621', 'UnitTesting');
INSERT INTO `Hero` (`id`, `firstName`, `lastName`, `role`, `skillSet_id`) VALUES ('1621', '5b10aa9f-5b5c-494c-8466-6c5a5bb5913d', 'a2267608-67ee-4645-9888-d6801ff6fe8e', 'LeadSoftwareArchitect', '1621');
INSERT INTO `SkillSet` (`id`) VALUES ('1622');
INSERT INTO `SkillSet_skills` (`SkillSet_id`, `skills`) VALUES ('1622', 'Maven');
INSERT INTO `Hero` (`id`, `firstName`, `lastName`, `role`, `skillSet_id`) VALUES ('1622', 'd38813c9-3125-4c5d-9113-bd2a0695e0af', '02a88175-69a2-4f08-b7c3-62c394f44b34', 'SoftwareEngineer', '1622');
INSERT INTO `SkillSet` (`id`) VALUES ('1623');
INSERT INTO `SkillSet_skills` (`SkillSet_id`, `skills`) VALUES ('1623', 'Java');
INSERT INTO `SkillSet_skills` (`SkillSet_id`, `skills`) VALUES ('1623', 'Architektur');
INSERT INTO `SkillSet_skills` (`SkillSet_id`, `skills`) VALUES ('1623', 'dotNet');
INSERT INTO `SkillSet_skills` (`SkillSet_id`, `skills`) VALUES ('1623', 'UITesting');
INSERT INTO `SkillSet_skills` (`SkillSet_id`, `skills`) VALUES ('1623', 'Java');
INSERT INTO `Hero` (`id`, `firstName`, `lastName`, `role`, `skillSet_id`) VALUES ('1623', '6ef61f80-638f-4df4-9e54-82ee5d9235d4', 'cb2db015-d148-4fd8-aecd-d8ecac80713b', 'LeadEngineer', '1623');
INSERT INTO `SkillSet` (`id`) VALUES ('1624');
INSERT INTO `SkillSet_skills` (`SkillSet_id`, `skills`) VALUES ('1624', 'UITesting');
INSERT INTO `SkillSet_skills` (`SkillSet_id`, `skills`) VALUES ('1624', 'UITesting');
INSERT INTO `Hero` (`id`, `firstName`, `lastName`, `role`, `skillSet_id`) VALUES ('1624', '2bbb8a70-58d6-4b88-b82b-74b6876ff138', '6e8f27b6-da82-4021-96c4-a1d8cd80e0aa', 'LeadSoftwareArchitect', '1624');
INSERT INTO `SkillSet` (`id`) VALUES ('1625');
INSERT INTO `SkillSet_skills` (`SkillSet_id`, `skills`) VALUES ('1625', 'Architektur');
INSERT INTO `SkillSet_skills` (`SkillSet_id`, `skills`) VALUES ('1625', 'UnitTesting');
INSERT INTO `Hero` (`id`, `firstName`, `lastName`, `role`, `skillSet_id`) VALUES ('1625', '1ce3fa57-ebb9-45b4-b43f-356f7189cb4e', '52c87e18-4959-41f5-8222-1ce3d743be39', 'SeniorSoftwareEngineer', '1625');
INSERT INTO `SkillSet` (`id`) VALUES ('1626');
INSERT INTO `SkillSet_skills` (`SkillSet_id`, `skills`) VALUES ('1626', 'SQL');
INSERT INTO `SkillSet_skills` (`SkillSet_id`, `skills`) VALUES ('1626', 'Gradle');
INSERT INTO `SkillSet_skills` (`SkillSet_id`, `skills`) VALUES ('1626', 'UITesting');
INSERT INTO `SkillSet_skills` (`SkillSet_id`, `skills`) VALUES ('1626', 'Java');
INSERT INTO `SkillSet_skills` (`SkillSet_id`, `skills`) VALUES ('1626', 'UnitTesting');
INSERT INTO `Hero` (`id`, `firstName`, `lastName`, `role`, `skillSet_id`) VALUES ('1626', '47f1b12c-6e2d-4daa-87a5-3a2d51c3318f', '5e773392-a4b6-47ab-9069-35f512ddab64', 'SeniorSoftwareEngineer', '1626');
INSERT INTO `SkillSet` (`id`) VALUES ('1627');
INSERT INTO `SkillSet_skills` (`SkillSet_id`, `skills`) VALUES ('1627', 'UITesting');
INSERT INTO `Hero` (`id`, `firstName`, `lastName`, `role`, `skillSet_id`) VALUES ('1627', '5139bc16-d630-4d8e-8494-4bd6537e5df7', 'ad21a643-d129-4a1f-af86-92ef74aaa305', 'SeniorSoftwareEngineer', '1627');
INSERT INTO `SkillSet` (`id`) VALUES ('1628');
INSERT INTO `SkillSet_skills` (`SkillSet_id`, `skills`) VALUES ('1628', 'Gradle');
INSERT INTO `Hero` (`id`, `firstName`, `lastName`, `role`, `skillSet_id`) VALUES ('1628', 'e88491aa-2050-493f-a9bd-75cbbc1cb3fd', '044062f0-1116-44f6-bc9f-df4bbe5a97f8', 'SoftwareEngineer', '1628');
INSERT INTO `SkillSet` (`id`) VALUES ('1629');
INSERT INTO `SkillSet_skills` (`SkillSet_id`, `skills`) VALUES ('1629', 'Gradle');
INSERT INTO `Hero` (`id`, `firstName`, `lastName`, `role`, `skillSet_id`) VALUES ('1629', '9874e815-f281-462f-9a7d-eb760d225d17', '556e6928-6b19-4702-a634-57048978924c', 'SeniorSoftwareEngineer', '1629');
INSERT INTO `SkillSet` (`id`) VALUES ('1630');
INSERT INTO `SkillSet_skills` (`SkillSet_id`, `skills`) VALUES ('1630', 'Ant');
INSERT INTO `Hero` (`id`, `firstName`, `lastName`, `role`, `skillSet_id`) VALUES ('1630', '007b2c8d-b351-4b4f-ad03-dd7fe547e01e', 'd544918f-0d50-4c78-b6f9-c012f5320b91', 'JuniorSoftwareEngineer', '1630');
INSERT INTO `SkillSet` (`id`) VALUES ('1631');
INSERT INTO `SkillSet_skills` (`SkillSet_id`, `skills`) VALUES ('1631', 'dotNet');
INSERT INTO `SkillSet_skills` (`SkillSet_id`, `skills`) VALUES ('1631', 'SQL');
INSERT INTO `SkillSet_skills` (`SkillSet_id`, `skills`) VALUES ('1631', 'UnitTesting');
INSERT INTO `SkillSet_skills` (`SkillSet_id`, `skills`) VALUES ('1631', 'Architektur');
INSERT INTO `SkillSet_skills` (`SkillSet_id`, `skills`) VALUES ('1631', 'UnitTesting');
INSERT INTO `Hero` (`id`, `firstName`, `lastName`, `role`, `skillSet_id`) VALUES ('1631', 'ec75129a-c53c-4051-8fc6-e3dd068aacb8', '68497e5e-20bf-4eab-b663-0fb5983aed42', 'SoftwareEngineer', '1631');
INSERT INTO `SkillSet` (`id`) VALUES ('1632');
INSERT INTO `SkillSet_skills` (`SkillSet_id`, `skills`) VALUES ('1632', 'dotNet');
INSERT INTO `SkillSet_skills` (`SkillSet_id`, `skills`) VALUES ('1632', 'SQL');
INSERT INTO `Hero` (`id`, `firstName`, `lastName`, `role`, `skillSet_id`) VALUES ('1632', '6301624e-8575-4fec-a332-c9d5b95f7c39', 'a71da5ce-d172-4790-8a0b-c27eb6740c84', 'LeadSoftwareArchitect', '1632');
INSERT INTO `SkillSet` (`id`) VALUES ('1633');
INSERT INTO `SkillSet_skills` (`SkillSet_id`, `skills`) VALUES ('1633', 'Maven');
INSERT INTO `SkillSet_skills` (`SkillSet_id`, `skills`) VALUES ('1633', 'dotNet');
INSERT INTO `Hero` (`id`, `firstName`, `lastName`, `role`, `skillSet_id`) VALUES ('1633', 'ef2cdd44-1960-44fb-9246-e38c07438547', '525731d6-14c7-4c32-9e2c-458bd94b67a3', 'LeadSoftwareArchitect', '1633');
INSERT INTO `SkillSet` (`id`) VALUES ('1634');
INSERT INTO `SkillSet_skills` (`SkillSet_id`, `skills`) VALUES ('1634', 'SQL');
INSERT INTO `Hero` (`id`, `firstName`, `lastName`, `role`, `skillSet_id`) VALUES ('1634', 'e94d8b95-d18b-4c18-87ac-b7cfcb2b1ab5', '70f601c9-348f-4437-bfa4-ef87eb49fa66', 'LeadSoftwareArchitect', '1634');
INSERT INTO `SkillSet` (`id`) VALUES ('1635');
INSERT INTO `SkillSet_skills` (`SkillSet_id`, `skills`) VALUES ('1635', 'UITesting');
INSERT INTO `SkillSet_skills` (`SkillSet_id`, `skills`) VALUES ('1635', 'Maven');
INSERT INTO `SkillSet_skills` (`SkillSet_id`, `skills`) VALUES ('1635', 'Gradle');
INSERT INTO `SkillSet_skills` (`SkillSet_id`, `skills`) VALUES ('1635', 'Gradle');
INSERT INTO `Hero` (`id`, `firstName`, `lastName`, `role`, `skillSet_id`) VALUES ('1635', '016c6c3c-15fd-41f5-9d2c-00cb96f2339b', '043b1972-16ab-4845-9f08-8ce95999cf62', 'PrincipalConsultant', '1635');
INSERT INTO `SkillSet` (`id`) VALUES ('1636');
INSERT INTO `SkillSet_skills` (`SkillSet_id`, `skills`) VALUES ('1636', 'SQL');
INSERT INTO `SkillSet_skills` (`SkillSet_id`, `skills`) VALUES ('1636', 'dotNet');
INSERT INTO `SkillSet_skills` (`SkillSet_id`, `skills`) VALUES ('1636', 'SQL');
INSERT INTO `SkillSet_skills` (`SkillSet_id`, `skills`) VALUES ('1636', 'Gradle');
INSERT INTO `Hero` (`id`, `firstName`, `lastName`, `role`, `skillSet_id`) VALUES ('1636', 'f000d343-ceef-4583-b6df-5d061beef980', '7e32f9d1-3834-4abb-a218-b48aed0df99b', 'SoftwareEngineer', '1636');
INSERT INTO `SkillSet` (`id`) VALUES ('1637');
INSERT INTO `SkillSet_skills` (`SkillSet_id`, `skills`) VALUES ('1637', 'UnitTesting');
INSERT INTO `SkillSet_skills` (`SkillSet_id`, `skills`) VALUES ('1637', 'Java');
INSERT INTO `SkillSet_skills` (`SkillSet_id`, `skills`) VALUES ('1637', 'UITesting');
INSERT INTO `SkillSet_skills` (`SkillSet_id`, `skills`) VALUES ('1637', 'UITesting');
INSERT INTO `SkillSet_skills` (`SkillSet_id`, `skills`) VALUES ('1637', 'Java');
INSERT INTO `Hero` (`id`, `firstName`, `lastName`, `role`, `skillSet_id`) VALUES ('1637', '70af502e-a02f-4b61-8051-b74105442a6b', '525d4e8c-7bcb-4817-8944-649afd8bbf76', 'JuniorSoftwareEngineer', '1637');
INSERT INTO `SkillSet` (`id`) VALUES ('1638');
INSERT INTO `SkillSet_skills` (`SkillSet_id`, `skills`) VALUES ('1638', 'Architektur');
INSERT INTO `SkillSet_skills` (`SkillSet_id`, `skills`) VALUES ('1638', 'Java');
INSERT INTO `Hero` (`id`, `firstName`, `lastName`, `role`, `skillSet_id`) VALUES ('1638', 'd191e938-a06e-4e9d-8663-a4874a9d426e', 'e83e6ae6-307f-4558-97b5-a2abe52da505', 'LeadSoftwareArchitect', '1638');
INSERT INTO `SkillSet` (`id`) VALUES ('1639');
INSERT INTO `SkillSet_skills` (`SkillSet_id`, `skills`) VALUES ('1639', 'Java');
INSERT INTO `Hero` (`id`, `firstName`, `lastName`, `role`, `skillSet_id`) VALUES ('1639', '7bbb5970-8088-404d-b169-c11dbb24ed86', '8c7e08de-d19c-42ff-acd8-d1d509a54691', 'JuniorSoftwareEngineer', '1639');
INSERT INTO `SkillSet` (`id`) VALUES ('1640');
INSERT INTO `SkillSet_skills` (`SkillSet_id`, `skills`) VALUES ('1640', 'Ant');
INSERT INTO `Hero` (`id`, `firstName`, `lastName`, `role`, `skillSet_id`) VALUES ('1640', '3a7c7c34-0dfc-4d0c-a89b-1d370d6cb135', '3b9416c9-89c2-475b-acdf-e40d5e62811b', 'LeadEngineer', '1640');
INSERT INTO `SkillSet` (`id`) VALUES ('1641');
INSERT INTO `SkillSet_skills` (`SkillSet_id`, `skills`) VALUES ('1641', 'UnitTesting');
INSERT INTO `SkillSet_skills` (`SkillSet_id`, `skills`) VALUES ('1641', 'Maven');
INSERT INTO `SkillSet_skills` (`SkillSet_id`, `skills`) VALUES ('1641', 'dotNet');
INSERT INTO `SkillSet_skills` (`SkillSet_id`, `skills`) VALUES ('1641', 'SQL');
INSERT INTO `SkillSet_skills` (`SkillSet_id`, `skills`) VALUES ('1641', 'dotNet');
INSERT INTO `Hero` (`id`, `firstName`, `lastName`, `role`, `skillSet_id`) VALUES ('1641', '6bd89287-e491-4edb-97ed-4c09ff6f10cb', '3ee6f1fb-8c57-4911-8260-31919acd3885', 'PrincipalConsultant', '1641');
INSERT INTO `SkillSet` (`id`) VALUES ('1642');
INSERT INTO `SkillSet_skills` (`SkillSet_id`, `skills`) VALUES ('1642', 'dotNet');
INSERT INTO `Hero` (`id`, `firstName`, `lastName`, `role`, `skillSet_id`) VALUES ('1642', '336631d0-f99a-45ef-812c-4cee6bbdba88', 'a250a02b-7ad4-4216-9162-05ac3d3249cf', 'SeniorSoftwareEngineer', '1642');
INSERT INTO `SkillSet` (`id`) VALUES ('1643');
INSERT INTO `SkillSet_skills` (`SkillSet_id`, `skills`) VALUES ('1643', 'UITesting');
INSERT INTO `Hero` (`id`, `firstName`, `lastName`, `role`, `skillSet_id`) VALUES ('1643', 'b43f206c-dcbd-4a28-be22-588915248162', '7f06dcc8-5f63-4b28-bfa4-089ebfcb5fe2', 'LeadEngineer', '1643');
INSERT INTO `SkillSet` (`id`) VALUES ('1644');
INSERT INTO `SkillSet_skills` (`SkillSet_id`, `skills`) VALUES ('1644', 'UITesting');
INSERT INTO `SkillSet_skills` (`SkillSet_id`, `skills`) VALUES ('1644', 'SQL');
INSERT INTO `SkillSet_skills` (`SkillSet_id`, `skills`) VALUES ('1644', 'SQL');
INSERT INTO `Hero` (`id`, `firstName`, `lastName`, `role`, `skillSet_id`) VALUES ('1644', 'c797fabf-fed9-413b-8677-2caf92a9eaf9', '087c0e25-70f6-4db5-af31-5aa61be40cd4', 'LeadEngineer', '1644');
INSERT INTO `SkillSet` (`id`) VALUES ('1645');
INSERT INTO `SkillSet_skills` (`SkillSet_id`, `skills`) VALUES ('1645', 'UITesting');
INSERT INTO `Hero` (`id`, `firstName`, `lastName`, `role`, `skillSet_id`) VALUES ('1645', '558f82d2-b1a6-4af2-ae09-ea56ec59065c', '5ec4af20-e480-4979-9c09-930ce30c3ed6', 'SeniorSoftwareEngineer', '1645');
INSERT INTO `SkillSet` (`id`) VALUES ('1646');
INSERT INTO `SkillSet_skills` (`SkillSet_id`, `skills`) VALUES ('1646', 'Maven');
INSERT INTO `SkillSet_skills` (`SkillSet_id`, `skills`) VALUES ('1646', 'UnitTesting');
INSERT INTO `Hero` (`id`, `firstName`, `lastName`, `role`, `skillSet_id`) VALUES ('1646', '1726b08d-e754-41b9-a762-86e3dce2df6f', '3a67177a-de38-41e9-ba0f-02b95bae87d9', 'LeadSoftwareArchitect', '1646');
INSERT INTO `SkillSet` (`id`) VALUES ('1647');
INSERT INTO `SkillSet_skills` (`SkillSet_id`, `skills`) VALUES ('1647', 'Ant');
INSERT INTO `Hero` (`id`, `firstName`, `lastName`, `role`, `skillSet_id`) VALUES ('1647', '9773b1fc-a8b8-47be-bdec-97a3ca32efe5', 'd30ee986-b5f8-4065-b96e-49e318aa805a', 'SoftwareEngineer', '1647');
INSERT INTO `SkillSet` (`id`) VALUES ('1648');
INSERT INTO `SkillSet_skills` (`SkillSet_id`, `skills`) VALUES ('1648', 'UITesting');
INSERT INTO `SkillSet_skills` (`SkillSet_id`, `skills`) VALUES ('1648', 'Maven');
INSERT INTO `SkillSet_skills` (`SkillSet_id`, `skills`) VALUES ('1648', 'Maven');
INSERT INTO `SkillSet_skills` (`SkillSet_id`, `skills`) VALUES ('1648', 'Gradle');
INSERT INTO `Hero` (`id`, `firstName`, `lastName`, `role`, `skillSet_id`) VALUES ('1648', 'b4738d14-14fb-49fc-a53e-a52cc7183d44', 'f44b1b8d-07c3-4329-b1ca-f3203e871248', 'PrincipalConsultant', '1648');
INSERT INTO `SkillSet` (`id`) VALUES ('1649');
INSERT INTO `SkillSet_skills` (`SkillSet_id`, `skills`) VALUES ('1649', 'Maven');
INSERT INTO `SkillSet_skills` (`SkillSet_id`, `skills`) VALUES ('1649', 'dotNet');
INSERT INTO `Hero` (`id`, `firstName`, `lastName`, `role`, `skillSet_id`) VALUES ('1649', '307308a1-c8f6-4877-84a1-d4b4fd6cb799', '52027d59-4beb-48dd-b082-484eabbf061c', 'LeadEngineer', '1649');
INSERT INTO `SkillSet` (`id`) VALUES ('1650');
INSERT INTO `SkillSet_skills` (`SkillSet_id`, `skills`) VALUES ('1650', 'UITesting');
INSERT INTO `SkillSet_skills` (`SkillSet_id`, `skills`) VALUES ('1650', 'Ant');
INSERT INTO `SkillSet_skills` (`SkillSet_id`, `skills`) VALUES ('1650', 'Gradle');
INSERT INTO `SkillSet_skills` (`SkillSet_id`, `skills`) VALUES ('1650', 'Maven');
INSERT INTO `Hero` (`id`, `firstName`, `lastName`, `role`, `skillSet_id`) VALUES ('1650', 'e6c334b6-58ca-4c3f-a4b8-fa789ed856dd', '2c38ee91-e005-4710-81e5-f19050f8e038', 'PrincipalConsultant', '1650');
INSERT INTO `SkillSet` (`id`) VALUES ('1651');
INSERT INTO `SkillSet_skills` (`SkillSet_id`, `skills`) VALUES ('1651', 'dotNet');
INSERT INTO `SkillSet_skills` (`SkillSet_id`, `skills`) VALUES ('1651', 'SQL');
INSERT INTO `SkillSet_skills` (`SkillSet_id`, `skills`) VALUES ('1651', 'SQL');
INSERT INTO `Hero` (`id`, `firstName`, `lastName`, `role`, `skillSet_id`) VALUES ('1651', '0c643118-576b-4a3a-86b4-79dd716ed9ae', '9ea477bb-d89c-46cc-ac69-fc05f3d6e04c', 'LeadEngineer', '1651');
INSERT INTO `SkillSet` (`id`) VALUES ('1652');
INSERT INTO `SkillSet_skills` (`SkillSet_id`, `skills`) VALUES ('1652', 'UITesting');
INSERT INTO `SkillSet_skills` (`SkillSet_id`, `skills`) VALUES ('1652', 'SQL');
INSERT INTO `SkillSet_skills` (`SkillSet_id`, `skills`) VALUES ('1652', 'Maven');
INSERT INTO `SkillSet_skills` (`SkillSet_id`, `skills`) VALUES ('1652', 'Ant');
INSERT INTO `Hero` (`id`, `firstName`, `lastName`, `role`, `skillSet_id`) VALUES ('1652', 'a0c0505a-eae9-4f8b-bea9-ad87d8d2b5f2', '1fbc23ef-14a7-4012-9b49-be7d6c41ff46', 'LeadSoftwareArchitect', '1652');
INSERT INTO `SkillSet` (`id`) VALUES ('1653');
INSERT INTO `SkillSet_skills` (`SkillSet_id`, `skills`) VALUES ('1653', 'UITesting');
INSERT INTO `SkillSet_skills` (`SkillSet_id`, `skills`) VALUES ('1653', 'UnitTesting');
INSERT INTO `Hero` (`id`, `firstName`, `lastName`, `role`, `skillSet_id`) VALUES ('1653', '8fdfcd5b-e6e8-404f-b2e2-eeff5dd5cff1', 'b5da6332-78b2-4e11-90f6-4eb305dbc2ad', 'SeniorSoftwareEngineer', '1653');
INSERT INTO `SkillSet` (`id`) VALUES ('1654');
INSERT INTO `SkillSet_skills` (`SkillSet_id`, `skills`) VALUES ('1654', 'Maven');
INSERT INTO `SkillSet_skills` (`SkillSet_id`, `skills`) VALUES ('1654', 'Maven');
INSERT INTO `SkillSet_skills` (`SkillSet_id`, `skills`) VALUES ('1654', 'Architektur');
INSERT INTO `Hero` (`id`, `firstName`, `lastName`, `role`, `skillSet_id`) VALUES ('1654', '79a5296e-5221-4065-8053-a6f994c869cf', '5771a3b6-a01b-4aa1-84c3-53007fa7f381', 'LeadSoftwareArchitect', '1654');
INSERT INTO `SkillSet` (`id`) VALUES ('1655');
INSERT INTO `SkillSet_skills` (`SkillSet_id`, `skills`) VALUES ('1655', 'SQL');
INSERT INTO `SkillSet_skills` (`SkillSet_id`, `skills`) VALUES ('1655', 'Ant');
INSERT INTO `SkillSet_skills` (`SkillSet_id`, `skills`) VALUES ('1655', 'dotNet');
INSERT INTO `SkillSet_skills` (`SkillSet_id`, `skills`) VALUES ('1655', 'Ant');
INSERT INTO `SkillSet_skills` (`SkillSet_id`, `skills`) VALUES ('1655', 'UITesting');
INSERT INTO `Hero` (`id`, `firstName`, `lastName`, `role`, `skillSet_id`) VALUES ('1655', 'e84e7523-b4b7-47f2-b061-83b0f7eeed43', '4a54faa8-950d-40ae-a169-18ce56a50823', 'LeadSoftwareArchitect', '1655');
INSERT INTO `SkillSet` (`id`) VALUES ('1656');
INSERT INTO `SkillSet_skills` (`SkillSet_id`, `skills`) VALUES ('1656', 'UITesting');
INSERT INTO `SkillSet_skills` (`SkillSet_id`, `skills`) VALUES ('1656', 'Gradle');
INSERT INTO `SkillSet_skills` (`SkillSet_id`, `skills`) VALUES ('1656', 'Maven');
INSERT INTO `Hero` (`id`, `firstName`, `lastName`, `role`, `skillSet_id`) VALUES ('1656', 'cbbd02e9-8398-45c5-a1b3-8aa2b659b2b1', '93026606-4460-40f1-8810-fe7bf9e14407', 'SoftwareEngineer', '1656');
INSERT INTO `SkillSet` (`id`) VALUES ('1657');
INSERT INTO `SkillSet_skills` (`SkillSet_id`, `skills`) VALUES ('1657', 'Java');
INSERT INTO `SkillSet_skills` (`SkillSet_id`, `skills`) VALUES ('1657', 'dotNet');
INSERT INTO `SkillSet_skills` (`SkillSet_id`, `skills`) VALUES ('1657', 'UnitTesting');
INSERT INTO `Hero` (`id`, `firstName`, `lastName`, `role`, `skillSet_id`) VALUES ('1657', '1e3b63bf-0494-4f74-befe-4dd17bf035d0', '8ccbcfee-7722-47b4-97a3-2ffc3bc42392', 'LeadEngineer', '1657');
INSERT INTO `SkillSet` (`id`) VALUES ('1658');
INSERT INTO `SkillSet_skills` (`SkillSet_id`, `skills`) VALUES ('1658', 'dotNet');
INSERT INTO `SkillSet_skills` (`SkillSet_id`, `skills`) VALUES ('1658', 'SQL');
INSERT INTO `SkillSet_skills` (`SkillSet_id`, `skills`) VALUES ('1658', 'Ant');
INSERT INTO `SkillSet_skills` (`SkillSet_id`, `skills`) VALUES ('1658', 'dotNet');
INSERT INTO `SkillSet_skills` (`SkillSet_id`, `skills`) VALUES ('1658', 'UITesting');
INSERT INTO `Hero` (`id`, `firstName`, `lastName`, `role`, `skillSet_id`) VALUES ('1658', '131a9c73-04ec-42c4-bee6-d20618c1ccbc', 'f4eb3419-636a-4a0d-b540-1c9dfc36bfe6', 'LeadEngineer', '1658');
INSERT INTO `SkillSet` (`id`) VALUES ('1659');
INSERT INTO `SkillSet_skills` (`SkillSet_id`, `skills`) VALUES ('1659', 'SQL');
INSERT INTO `SkillSet_skills` (`SkillSet_id`, `skills`) VALUES ('1659', 'Architektur');
INSERT INTO `Hero` (`id`, `firstName`, `lastName`, `role`, `skillSet_id`) VALUES ('1659', '2608e27f-31af-4e71-b254-c5b3615d8a70', 'efadc5a5-7b77-4f0c-9d08-a56869c8c56c', 'SeniorSoftwareEngineer', '1659');
INSERT INTO `SkillSet` (`id`) VALUES ('1660');
INSERT INTO `SkillSet_skills` (`SkillSet_id`, `skills`) VALUES ('1660', 'dotNet');
INSERT INTO `SkillSet_skills` (`SkillSet_id`, `skills`) VALUES ('1660', 'Gradle');
INSERT INTO `SkillSet_skills` (`SkillSet_id`, `skills`) VALUES ('1660', 'Ant');
INSERT INTO `Hero` (`id`, `firstName`, `lastName`, `role`, `skillSet_id`) VALUES ('1660', 'f308135d-a32a-4300-81e5-12767fe56494', '10ea82ff-da23-4f21-bc82-e77fa9d7f3c5', 'LeadSoftwareArchitect', '1660');
INSERT INTO `SkillSet` (`id`) VALUES ('1661');
INSERT INTO `SkillSet_skills` (`SkillSet_id`, `skills`) VALUES ('1661', 'Java');
INSERT INTO `SkillSet_skills` (`SkillSet_id`, `skills`) VALUES ('1661', 'Gradle');
INSERT INTO `SkillSet_skills` (`SkillSet_id`, `skills`) VALUES ('1661', 'SQL');
INSERT INTO `Hero` (`id`, `firstName`, `lastName`, `role`, `skillSet_id`) VALUES ('1661', '2c1e4a87-faae-4d7d-8f11-bbea52046748', 'bc57f7d0-9cfa-4e35-8ac7-07e0e789e79b', 'PrincipalConsultant', '1661');
INSERT INTO `SkillSet` (`id`) VALUES ('1662');
INSERT INTO `SkillSet_skills` (`SkillSet_id`, `skills`) VALUES ('1662', 'UITesting');
INSERT INTO `SkillSet_skills` (`SkillSet_id`, `skills`) VALUES ('1662', 'Architektur');
INSERT INTO `Hero` (`id`, `firstName`, `lastName`, `role`, `skillSet_id`) VALUES ('1662', '51211611-de14-48d5-a784-c0b2053f3709', '7f2396cb-71e0-4a4f-880f-ebaf53b3ac23', 'LeadSoftwareArchitect', '1662');
INSERT INTO `SkillSet` (`id`) VALUES ('1663');
INSERT INTO `SkillSet_skills` (`SkillSet_id`, `skills`) VALUES ('1663', 'UITesting');
INSERT INTO `SkillSet_skills` (`SkillSet_id`, `skills`) VALUES ('1663', 'Java');
INSERT INTO `Hero` (`id`, `firstName`, `lastName`, `role`, `skillSet_id`) VALUES ('1663', 'a89992c9-8a58-4518-9f48-03663b0e225a', '0c8223ba-c8c3-4bdd-9aa0-e01af0ef27ae', 'LeadSoftwareArchitect', '1663');
INSERT INTO `SkillSet` (`id`) VALUES ('1664');
INSERT INTO `SkillSet_skills` (`SkillSet_id`, `skills`) VALUES ('1664', 'Java');
INSERT INTO `SkillSet_skills` (`SkillSet_id`, `skills`) VALUES ('1664', 'SQL');
INSERT INTO `SkillSet_skills` (`SkillSet_id`, `skills`) VALUES ('1664', 'Java');
INSERT INTO `SkillSet_skills` (`SkillSet_id`, `skills`) VALUES ('1664', 'Maven');
INSERT INTO `SkillSet_skills` (`SkillSet_id`, `skills`) VALUES ('1664', 'Ant');
INSERT INTO `Hero` (`id`, `firstName`, `lastName`, `role`, `skillSet_id`) VALUES ('1664', 'c65e9017-7f33-43c0-851a-a28b0e602ff4', 'bd0b1cf2-22cf-4261-817c-fba403fdeaad', 'JuniorSoftwareEngineer', '1664');
INSERT INTO `SkillSet` (`id`) VALUES ('1665');
INSERT INTO `SkillSet_skills` (`SkillSet_id`, `skills`) VALUES ('1665', 'Maven');
INSERT INTO `SkillSet_skills` (`SkillSet_id`, `skills`) VALUES ('1665', 'Java');
INSERT INTO `SkillSet_skills` (`SkillSet_id`, `skills`) VALUES ('1665', 'UITesting');
INSERT INTO `Hero` (`id`, `firstName`, `lastName`, `role`, `skillSet_id`) VALUES ('1665', '53766983-1ec5-475e-b6ec-0b1926cd77ed', 'f14c7200-2d39-40f7-91b9-d8edc6e99456', 'LeadSoftwareArchitect', '1665');
INSERT INTO `SkillSet` (`id`) VALUES ('1666');
INSERT INTO `SkillSet_skills` (`SkillSet_id`, `skills`) VALUES ('1666', 'Architektur');
INSERT INTO `SkillSet_skills` (`SkillSet_id`, `skills`) VALUES ('1666', 'Architektur');
INSERT INTO `SkillSet_skills` (`SkillSet_id`, `skills`) VALUES ('1666', 'Ant');
INSERT INTO `Hero` (`id`, `firstName`, `lastName`, `role`, `skillSet_id`) VALUES ('1666', '54f0a23f-0ac2-475e-8edb-090aec5c86b9', 'acb35284-9202-49cc-abee-75aca7c2c70d', 'LeadEngineer', '1666');
INSERT INTO `SkillSet` (`id`) VALUES ('1667');
INSERT INTO `SkillSet_skills` (`SkillSet_id`, `skills`) VALUES ('1667', 'UnitTesting');
INSERT INTO `SkillSet_skills` (`SkillSet_id`, `skills`) VALUES ('1667', 'Architektur');
INSERT INTO `SkillSet_skills` (`SkillSet_id`, `skills`) VALUES ('1667', 'Gradle');
INSERT INTO `SkillSet_skills` (`SkillSet_id`, `skills`) VALUES ('1667', 'UITesting');
INSERT INTO `SkillSet_skills` (`SkillSet_id`, `skills`) VALUES ('1667', 'Gradle');
INSERT INTO `Hero` (`id`, `firstName`, `lastName`, `role`, `skillSet_id`) VALUES ('1667', '96562b64-9c70-4338-8661-34e7d2869b43', 'b6063e8f-ac8e-400b-b4a9-7a14ca9d9549', 'LeadSoftwareArchitect', '1667');
INSERT INTO `SkillSet` (`id`) VALUES ('1668');
INSERT INTO `SkillSet_skills` (`SkillSet_id`, `skills`) VALUES ('1668', 'Ant');
INSERT INTO `SkillSet_skills` (`SkillSet_id`, `skills`) VALUES ('1668', 'UnitTesting');
INSERT INTO `SkillSet_skills` (`SkillSet_id`, `skills`) VALUES ('1668', 'SQL');
INSERT INTO `Hero` (`id`, `firstName`, `lastName`, `role`, `skillSet_id`) VALUES ('1668', '74bbbbae-f273-4d44-9346-8ab9f707e28a', 'b23606cb-9af7-4ec4-a2b8-06b1dea86a2c', 'PrincipalConsultant', '1668');
INSERT INTO `SkillSet` (`id`) VALUES ('1669');
INSERT INTO `SkillSet_skills` (`SkillSet_id`, `skills`) VALUES ('1669', 'UITesting');
INSERT INTO `SkillSet_skills` (`SkillSet_id`, `skills`) VALUES ('1669', 'Java');
INSERT INTO `Hero` (`id`, `firstName`, `lastName`, `role`, `skillSet_id`) VALUES ('1669', '540855f0-3a31-4b2a-b4dd-94653321a851', '725bedf1-a0a2-498c-8999-b3c4384e62c9', 'PrincipalConsultant', '1669');
INSERT INTO `SkillSet` (`id`) VALUES ('1670');
INSERT INTO `SkillSet_skills` (`SkillSet_id`, `skills`) VALUES ('1670', 'Maven');
INSERT INTO `Hero` (`id`, `firstName`, `lastName`, `role`, `skillSet_id`) VALUES ('1670', 'ead959df-dbb6-47d8-a50d-4584dac0f5c7', '6ea888fd-4af7-4a6c-bf38-c5ede62ac597', 'SeniorSoftwareEngineer', '1670');
INSERT INTO `SkillSet` (`id`) VALUES ('1671');
INSERT INTO `SkillSet_skills` (`SkillSet_id`, `skills`) VALUES ('1671', 'Architektur');
INSERT INTO `Hero` (`id`, `firstName`, `lastName`, `role`, `skillSet_id`) VALUES ('1671', '7add7c0b-a302-4017-b41a-ee43c1fb447d', '536a9425-fdfb-4944-81a9-21d5526f3906', 'LeadEngineer', '1671');
INSERT INTO `SkillSet` (`id`) VALUES ('1672');
INSERT INTO `SkillSet_skills` (`SkillSet_id`, `skills`) VALUES ('1672', 'Architektur');
INSERT INTO `SkillSet_skills` (`SkillSet_id`, `skills`) VALUES ('1672', 'Architektur');
INSERT INTO `SkillSet_skills` (`SkillSet_id`, `skills`) VALUES ('1672', 'UITesting');
INSERT INTO `SkillSet_skills` (`SkillSet_id`, `skills`) VALUES ('1672', 'UnitTesting');
INSERT INTO `SkillSet_skills` (`SkillSet_id`, `skills`) VALUES ('1672', 'dotNet');
INSERT INTO `Hero` (`id`, `firstName`, `lastName`, `role`, `skillSet_id`) VALUES ('1672', 'f3f918e7-1fe6-4612-8141-538d81275d2e', '6ce02521-d9ba-4f90-b6ed-89878113041f', 'LeadSoftwareArchitect', '1672');
INSERT INTO `SkillSet` (`id`) VALUES ('1673');
INSERT INTO `SkillSet_skills` (`SkillSet_id`, `skills`) VALUES ('1673', 'Maven');
INSERT INTO `SkillSet_skills` (`SkillSet_id`, `skills`) VALUES ('1673', 'UITesting');
INSERT INTO `SkillSet_skills` (`SkillSet_id`, `skills`) VALUES ('1673', 'Maven');
INSERT INTO `SkillSet_skills` (`SkillSet_id`, `skills`) VALUES ('1673', 'Java');
INSERT INTO `SkillSet_skills` (`SkillSet_id`, `skills`) VALUES ('1673', 'SQL');
INSERT INTO `Hero` (`id`, `firstName`, `lastName`, `role`, `skillSet_id`) VALUES ('1673', 'bfce59f1-2206-4739-a420-8368ba5eda83', 'c0762319-a85f-4c0c-ab24-84f9e9342dc7', 'PrincipalConsultant', '1673');
INSERT INTO `SkillSet` (`id`) VALUES ('1674');
INSERT INTO `SkillSet_skills` (`SkillSet_id`, `skills`) VALUES ('1674', 'SQL');
INSERT INTO `SkillSet_skills` (`SkillSet_id`, `skills`) VALUES ('1674', 'Gradle');
INSERT INTO `SkillSet_skills` (`SkillSet_id`, `skills`) VALUES ('1674', 'UITesting');
INSERT INTO `SkillSet_skills` (`SkillSet_id`, `skills`) VALUES ('1674', 'SQL');
INSERT INTO `Hero` (`id`, `firstName`, `lastName`, `role`, `skillSet_id`) VALUES ('1674', '0f11ba87-47c9-446f-8420-004040a7ddce', '0c3c0604-6ab7-420e-a77a-3a7a85760f5b', 'LeadEngineer', '1674');
INSERT INTO `SkillSet` (`id`) VALUES ('1675');
INSERT INTO `SkillSet_skills` (`SkillSet_id`, `skills`) VALUES ('1675', 'Java');
INSERT INTO `SkillSet_skills` (`SkillSet_id`, `skills`) VALUES ('1675', 'SQL');
INSERT INTO `SkillSet_skills` (`SkillSet_id`, `skills`) VALUES ('1675', 'Gradle');
INSERT INTO `SkillSet_skills` (`SkillSet_id`, `skills`) VALUES ('1675', 'Java');
INSERT INTO `Hero` (`id`, `firstName`, `lastName`, `role`, `skillSet_id`) VALUES ('1675', '19b82502-c2ad-4d04-9514-4f9097803cba', '18c989fc-74b0-41e8-9df6-478da0d532a5', 'LeadEngineer', '1675');
INSERT INTO `SkillSet` (`id`) VALUES ('1676');
INSERT INTO `SkillSet_skills` (`SkillSet_id`, `skills`) VALUES ('1676', 'UnitTesting');
INSERT INTO `SkillSet_skills` (`SkillSet_id`, `skills`) VALUES ('1676', 'UITesting');
INSERT INTO `Hero` (`id`, `firstName`, `lastName`, `role`, `skillSet_id`) VALUES ('1676', 'd0eb95c1-4dd3-4103-aa82-cf6dfb038726', '3cf583f9-2ea9-49dc-9151-496334d70a3c', 'PrincipalConsultant', '1676');
INSERT INTO `SkillSet` (`id`) VALUES ('1677');
INSERT INTO `SkillSet_skills` (`SkillSet_id`, `skills`) VALUES ('1677', 'Java');
INSERT INTO `SkillSet_skills` (`SkillSet_id`, `skills`) VALUES ('1677', 'Architektur');
INSERT INTO `SkillSet_skills` (`SkillSet_id`, `skills`) VALUES ('1677', 'Maven');
INSERT INTO `SkillSet_skills` (`SkillSet_id`, `skills`) VALUES ('1677', 'SQL');
INSERT INTO `Hero` (`id`, `firstName`, `lastName`, `role`, `skillSet_id`) VALUES ('1677', '0197bfd4-7b5f-451d-914e-a8e1b1de016d', '18dace45-cf9a-4df6-8275-775fa206b3d5', 'JuniorSoftwareEngineer', '1677');
INSERT INTO `SkillSet` (`id`) VALUES ('1678');
INSERT INTO `SkillSet_skills` (`SkillSet_id`, `skills`) VALUES ('1678', 'dotNet');
INSERT INTO `SkillSet_skills` (`SkillSet_id`, `skills`) VALUES ('1678', 'Maven');
INSERT INTO `Hero` (`id`, `firstName`, `lastName`, `role`, `skillSet_id`) VALUES ('1678', 'c4fd2994-0545-4e4c-886a-b99fb88cc583', '47ccefd8-6d17-4ea4-bda8-d084406d88dd', 'SoftwareEngineer', '1678');
INSERT INTO `SkillSet` (`id`) VALUES ('1679');
INSERT INTO `SkillSet_skills` (`SkillSet_id`, `skills`) VALUES ('1679', 'UITesting');
INSERT INTO `Hero` (`id`, `firstName`, `lastName`, `role`, `skillSet_id`) VALUES ('1679', 'f6ec176c-bee6-48d9-89dc-111e2c7b3d9d', '18692728-06f1-40e6-983a-502466208df8', 'LeadSoftwareArchitect', '1679');
INSERT INTO `SkillSet` (`id`) VALUES ('1680');
INSERT INTO `SkillSet_skills` (`SkillSet_id`, `skills`) VALUES ('1680', 'SQL');
INSERT INTO `SkillSet_skills` (`SkillSet_id`, `skills`) VALUES ('1680', 'dotNet');
INSERT INTO `SkillSet_skills` (`SkillSet_id`, `skills`) VALUES ('1680', 'UITesting');
INSERT INTO `Hero` (`id`, `firstName`, `lastName`, `role`, `skillSet_id`) VALUES ('1680', '346e4095-f19b-43af-a960-77a8b25a9e64', '535d5ab0-2434-4252-b790-2ca7bc2920c5', 'LeadSoftwareArchitect', '1680');
INSERT INTO `SkillSet` (`id`) VALUES ('1681');
INSERT INTO `SkillSet_skills` (`SkillSet_id`, `skills`) VALUES ('1681', 'UITesting');
INSERT INTO `SkillSet_skills` (`SkillSet_id`, `skills`) VALUES ('1681', 'Architektur');
INSERT INTO `SkillSet_skills` (`SkillSet_id`, `skills`) VALUES ('1681', 'Architektur');
INSERT INTO `Hero` (`id`, `firstName`, `lastName`, `role`, `skillSet_id`) VALUES ('1681', '39faa0b8-e807-4c6e-ab54-314bd79a7bd8', '7135390d-de67-426f-a4c4-2b72fa656d9d', 'LeadSoftwareArchitect', '1681');
INSERT INTO `SkillSet` (`id`) VALUES ('1682');
INSERT INTO `SkillSet_skills` (`SkillSet_id`, `skills`) VALUES ('1682', 'Gradle');
INSERT INTO `SkillSet_skills` (`SkillSet_id`, `skills`) VALUES ('1682', 'dotNet');
INSERT INTO `Hero` (`id`, `firstName`, `lastName`, `role`, `skillSet_id`) VALUES ('1682', '73591543-52a1-4fc2-8086-0fd2a92c1406', '4c16e415-8571-4f30-84a4-b377d4780757', 'LeadEngineer', '1682');
INSERT INTO `SkillSet` (`id`) VALUES ('1683');
INSERT INTO `SkillSet_skills` (`SkillSet_id`, `skills`) VALUES ('1683', 'Architektur');
INSERT INTO `SkillSet_skills` (`SkillSet_id`, `skills`) VALUES ('1683', 'UITesting');
INSERT INTO `SkillSet_skills` (`SkillSet_id`, `skills`) VALUES ('1683', 'SQL');
INSERT INTO `SkillSet_skills` (`SkillSet_id`, `skills`) VALUES ('1683', 'Architektur');
INSERT INTO `SkillSet_skills` (`SkillSet_id`, `skills`) VALUES ('1683', 'Ant');
INSERT INTO `Hero` (`id`, `firstName`, `lastName`, `role`, `skillSet_id`) VALUES ('1683', '0b236d4a-03cd-4d07-beed-981c6221f03d', 'b4f7761e-7e7f-497a-bdf7-2d00b6d4f01c', 'SoftwareEngineer', '1683');
INSERT INTO `SkillSet` (`id`) VALUES ('1684');
INSERT INTO `SkillSet_skills` (`SkillSet_id`, `skills`) VALUES ('1684', 'UITesting');
INSERT INTO `Hero` (`id`, `firstName`, `lastName`, `role`, `skillSet_id`) VALUES ('1684', 'b202b8e5-30d4-4b87-962e-92a88c12c14d', '27545f08-3cb3-438a-a090-9d7814ac3be8', 'SeniorSoftwareEngineer', '1684');
INSERT INTO `SkillSet` (`id`) VALUES ('1685');
INSERT INTO `SkillSet_skills` (`SkillSet_id`, `skills`) VALUES ('1685', 'Ant');
INSERT INTO `SkillSet_skills` (`SkillSet_id`, `skills`) VALUES ('1685', 'Gradle');
INSERT INTO `Hero` (`id`, `firstName`, `lastName`, `role`, `skillSet_id`) VALUES ('1685', '06d2da0f-42d8-45be-bd8e-19d17240a634', '8b7352c4-b4f9-4b43-84a1-fd535c8207c0', 'PrincipalConsultant', '1685');
INSERT INTO `SkillSet` (`id`) VALUES ('1686');
INSERT INTO `SkillSet_skills` (`SkillSet_id`, `skills`) VALUES ('1686', 'UITesting');
INSERT INTO `SkillSet_skills` (`SkillSet_id`, `skills`) VALUES ('1686', 'UnitTesting');
INSERT INTO `Hero` (`id`, `firstName`, `lastName`, `role`, `skillSet_id`) VALUES ('1686', '670756ab-2851-487e-97ea-89b24ea7831e', '28288b86-2051-441a-af50-7bfa1aaf5e87', 'JuniorSoftwareEngineer', '1686');
INSERT INTO `SkillSet` (`id`) VALUES ('1687');
INSERT INTO `SkillSet_skills` (`SkillSet_id`, `skills`) VALUES ('1687', 'Maven');
INSERT INTO `SkillSet_skills` (`SkillSet_id`, `skills`) VALUES ('1687', 'dotNet');
INSERT INTO `SkillSet_skills` (`SkillSet_id`, `skills`) VALUES ('1687', 'Gradle');
INSERT INTO `SkillSet_skills` (`SkillSet_id`, `skills`) VALUES ('1687', 'dotNet');
INSERT INTO `Hero` (`id`, `firstName`, `lastName`, `role`, `skillSet_id`) VALUES ('1687', '59d991d1-9528-405c-93e6-c372954179e7', '69330f8c-7a87-44d4-8170-8637176b3072', 'LeadEngineer', '1687');
INSERT INTO `SkillSet` (`id`) VALUES ('1688');
INSERT INTO `SkillSet_skills` (`SkillSet_id`, `skills`) VALUES ('1688', 'UnitTesting');
INSERT INTO `Hero` (`id`, `firstName`, `lastName`, `role`, `skillSet_id`) VALUES ('1688', '4dffa971-35eb-4b89-a51e-fff335b34087', '28618f1c-4019-4f5f-b41d-e8fac8b2bc94', 'LeadEngineer', '1688');
INSERT INTO `SkillSet` (`id`) VALUES ('1689');
INSERT INTO `SkillSet_skills` (`SkillSet_id`, `skills`) VALUES ('1689', 'SQL');
INSERT INTO `SkillSet_skills` (`SkillSet_id`, `skills`) VALUES ('1689', 'Gradle');
INSERT INTO `SkillSet_skills` (`SkillSet_id`, `skills`) VALUES ('1689', 'SQL');
INSERT INTO `SkillSet_skills` (`SkillSet_id`, `skills`) VALUES ('1689', 'UITesting');
INSERT INTO `Hero` (`id`, `firstName`, `lastName`, `role`, `skillSet_id`) VALUES ('1689', 'c291d000-78be-49f8-bcbf-7f9908560cf9', '1f6c8635-d7b8-4c53-b7f2-b92b2496bc13', 'LeadEngineer', '1689');
INSERT INTO `SkillSet` (`id`) VALUES ('1690');
INSERT INTO `SkillSet_skills` (`SkillSet_id`, `skills`) VALUES ('1690', 'Gradle');
INSERT INTO `SkillSet_skills` (`SkillSet_id`, `skills`) VALUES ('1690', 'SQL');
INSERT INTO `Hero` (`id`, `firstName`, `lastName`, `role`, `skillSet_id`) VALUES ('1690', 'aa161b2e-c76d-48cd-b37b-e112d12ccad5', '18bfec3d-385f-43b4-a560-012dd0fe7ea8', 'SoftwareEngineer', '1690');
INSERT INTO `SkillSet` (`id`) VALUES ('1691');
INSERT INTO `SkillSet_skills` (`SkillSet_id`, `skills`) VALUES ('1691', 'Architektur');
INSERT INTO `Hero` (`id`, `firstName`, `lastName`, `role`, `skillSet_id`) VALUES ('1691', '5025b664-f5ca-4e88-8b34-2b9f8d4e5e35', 'b4f236c8-502e-476a-ac6b-830936fdfb07', 'PrincipalConsultant', '1691');
INSERT INTO `SkillSet` (`id`) VALUES ('1692');
INSERT INTO `SkillSet_skills` (`SkillSet_id`, `skills`) VALUES ('1692', 'UITesting');
INSERT INTO `SkillSet_skills` (`SkillSet_id`, `skills`) VALUES ('1692', 'SQL');
INSERT INTO `SkillSet_skills` (`SkillSet_id`, `skills`) VALUES ('1692', 'Gradle');
INSERT INTO `SkillSet_skills` (`SkillSet_id`, `skills`) VALUES ('1692', 'dotNet');
INSERT INTO `SkillSet_skills` (`SkillSet_id`, `skills`) VALUES ('1692', 'Architektur');
INSERT INTO `Hero` (`id`, `firstName`, `lastName`, `role`, `skillSet_id`) VALUES ('1692', '9319c863-106b-4333-b2b1-69ff5e988edf', '20a34752-ab1f-4b39-8e77-df5e7286c932', 'SeniorSoftwareEngineer', '1692');
INSERT INTO `SkillSet` (`id`) VALUES ('1693');
INSERT INTO `SkillSet_skills` (`SkillSet_id`, `skills`) VALUES ('1693', 'Java');
INSERT INTO `SkillSet_skills` (`SkillSet_id`, `skills`) VALUES ('1693', 'Gradle');
INSERT INTO `Hero` (`id`, `firstName`, `lastName`, `role`, `skillSet_id`) VALUES ('1693', 'f9689de2-e790-4234-b4e6-26f2a9ed467a', 'b51516a3-d021-407b-9b7e-32dec70adc2a', 'JuniorSoftwareEngineer', '1693');
INSERT INTO `SkillSet` (`id`) VALUES ('1694');
INSERT INTO `SkillSet_skills` (`SkillSet_id`, `skills`) VALUES ('1694', 'dotNet');
INSERT INTO `SkillSet_skills` (`SkillSet_id`, `skills`) VALUES ('1694', 'Gradle');
INSERT INTO `SkillSet_skills` (`SkillSet_id`, `skills`) VALUES ('1694', 'Maven');
INSERT INTO `SkillSet_skills` (`SkillSet_id`, `skills`) VALUES ('1694', 'Java');
INSERT INTO `SkillSet_skills` (`SkillSet_id`, `skills`) VALUES ('1694', 'Architektur');
INSERT INTO `Hero` (`id`, `firstName`, `lastName`, `role`, `skillSet_id`) VALUES ('1694', 'dedddf29-d3d2-4ce2-a02e-16e0594c2939', '4c6bd56a-4e0b-49fc-a658-6c88cf635741', 'PrincipalConsultant', '1694');
INSERT INTO `SkillSet` (`id`) VALUES ('1695');
INSERT INTO `SkillSet_skills` (`SkillSet_id`, `skills`) VALUES ('1695', 'Architektur');
INSERT INTO `SkillSet_skills` (`SkillSet_id`, `skills`) VALUES ('1695', 'SQL');
INSERT INTO `Hero` (`id`, `firstName`, `lastName`, `role`, `skillSet_id`) VALUES ('1695', '4895f343-e7e0-4691-ae28-1a4c073449bb', '322d675e-7d6e-49ec-8d5e-50774a0adf33', 'PrincipalConsultant', '1695');
INSERT INTO `SkillSet` (`id`) VALUES ('1696');
INSERT INTO `SkillSet_skills` (`SkillSet_id`, `skills`) VALUES ('1696', 'UITesting');
INSERT INTO `SkillSet_skills` (`SkillSet_id`, `skills`) VALUES ('1696', 'SQL');
INSERT INTO `Hero` (`id`, `firstName`, `lastName`, `role`, `skillSet_id`) VALUES ('1696', '0dfac0ff-9104-49ec-bb75-9f9f362f3493', '0d164978-bedf-4d53-8c1f-b782cfd5fc32', 'SeniorSoftwareEngineer', '1696');
INSERT INTO `SkillSet` (`id`) VALUES ('1697');
INSERT INTO `SkillSet_skills` (`SkillSet_id`, `skills`) VALUES ('1697', 'UnitTesting');
INSERT INTO `SkillSet_skills` (`SkillSet_id`, `skills`) VALUES ('1697', 'Architektur');
INSERT INTO `SkillSet_skills` (`SkillSet_id`, `skills`) VALUES ('1697', 'Maven');
INSERT INTO `SkillSet_skills` (`SkillSet_id`, `skills`) VALUES ('1697', 'Gradle');
INSERT INTO `Hero` (`id`, `firstName`, `lastName`, `role`, `skillSet_id`) VALUES ('1697', '519aa0d0-75c4-4d2f-9b64-38a0ae8be97f', 'c31b7739-4dd8-48f4-af2d-5a3c2c3d7e3d', 'JuniorSoftwareEngineer', '1697');
INSERT INTO `SkillSet` (`id`) VALUES ('1698');
INSERT INTO `SkillSet_skills` (`SkillSet_id`, `skills`) VALUES ('1698', 'dotNet');
INSERT INTO `SkillSet_skills` (`SkillSet_id`, `skills`) VALUES ('1698', 'Java');
INSERT INTO `Hero` (`id`, `firstName`, `lastName`, `role`, `skillSet_id`) VALUES ('1698', 'b3b77746-a8ab-4330-b052-81237820ac95', 'c37d3809-ebc8-4d09-aa4a-e04db2b8a88e', 'LeadSoftwareArchitect', '1698');
INSERT INTO `SkillSet` (`id`) VALUES ('1699');
INSERT INTO `SkillSet_skills` (`SkillSet_id`, `skills`) VALUES ('1699', 'dotNet');
INSERT INTO `SkillSet_skills` (`SkillSet_id`, `skills`) VALUES ('1699', 'Ant');
INSERT INTO `SkillSet_skills` (`SkillSet_id`, `skills`) VALUES ('1699', 'SQL');
INSERT INTO `SkillSet_skills` (`SkillSet_id`, `skills`) VALUES ('1699', 'Gradle');
INSERT INTO `Hero` (`id`, `firstName`, `lastName`, `role`, `skillSet_id`) VALUES ('1699', '12f095ec-3b69-482f-9547-645dea9ddc08', '4f67adab-54bf-4cd2-961b-1756b9ae7d03', 'PrincipalConsultant', '1699');
INSERT INTO `SkillSet` (`id`) VALUES ('1700');
INSERT INTO `SkillSet_skills` (`SkillSet_id`, `skills`) VALUES ('1700', 'Architektur');
INSERT INTO `SkillSet_skills` (`SkillSet_id`, `skills`) VALUES ('1700', 'Gradle');
INSERT INTO `SkillSet_skills` (`SkillSet_id`, `skills`) VALUES ('1700', 'UnitTesting');
INSERT INTO `SkillSet_skills` (`SkillSet_id`, `skills`) VALUES ('1700', 'Java');
INSERT INTO `SkillSet_skills` (`SkillSet_id`, `skills`) VALUES ('1700', 'UITesting');
INSERT INTO `Hero` (`id`, `firstName`, `lastName`, `role`, `skillSet_id`) VALUES ('1700', 'aa00670f-b9ac-4641-b450-0bc75f4d0826', 'b63bf019-81e5-4205-bfb7-9ca10a6e7af9', 'LeadEngineer', '1700');
INSERT INTO `SkillSet` (`id`) VALUES ('1701');
INSERT INTO `SkillSet_skills` (`SkillSet_id`, `skills`) VALUES ('1701', 'Gradle');
INSERT INTO `SkillSet_skills` (`SkillSet_id`, `skills`) VALUES ('1701', 'dotNet');
INSERT INTO `SkillSet_skills` (`SkillSet_id`, `skills`) VALUES ('1701', 'Java');
INSERT INTO `SkillSet_skills` (`SkillSet_id`, `skills`) VALUES ('1701', 'Maven');
INSERT INTO `SkillSet_skills` (`SkillSet_id`, `skills`) VALUES ('1701', 'Architektur');
INSERT INTO `Hero` (`id`, `firstName`, `lastName`, `role`, `skillSet_id`) VALUES ('1701', '3306ec51-0eef-4328-97d1-d6524191693b', '8a437f17-4edf-40e4-a06f-14057f2a0c42', 'JuniorSoftwareEngineer', '1701');
INSERT INTO `SkillSet` (`id`) VALUES ('1702');
INSERT INTO `SkillSet_skills` (`SkillSet_id`, `skills`) VALUES ('1702', 'UITesting');
INSERT INTO `SkillSet_skills` (`SkillSet_id`, `skills`) VALUES ('1702', 'Ant');
INSERT INTO `Hero` (`id`, `firstName`, `lastName`, `role`, `skillSet_id`) VALUES ('1702', '1b90bdb3-c2c6-485b-a624-cc4c53fe066a', 'bf88836e-a401-4869-add0-37cf5f01bf0e', 'LeadSoftwareArchitect', '1702');
INSERT INTO `SkillSet` (`id`) VALUES ('1703');
INSERT INTO `SkillSet_skills` (`SkillSet_id`, `skills`) VALUES ('1703', 'Java');
INSERT INTO `Hero` (`id`, `firstName`, `lastName`, `role`, `skillSet_id`) VALUES ('1703', '67115373-b952-41c2-839b-159eb7e910bb', '11193f5d-8920-40bd-bfec-39db60849e81', 'SeniorSoftwareEngineer', '1703');
INSERT INTO `SkillSet` (`id`) VALUES ('1704');
INSERT INTO `SkillSet_skills` (`SkillSet_id`, `skills`) VALUES ('1704', 'Java');
INSERT INTO `SkillSet_skills` (`SkillSet_id`, `skills`) VALUES ('1704', 'UITesting');
INSERT INTO `Hero` (`id`, `firstName`, `lastName`, `role`, `skillSet_id`) VALUES ('1704', '404e94d5-2b64-4990-afbb-5227746f55bc', 'c571be03-c06a-449a-ad9b-41fabf35abe7', 'SoftwareEngineer', '1704');
INSERT INTO `SkillSet` (`id`) VALUES ('1705');
INSERT INTO `SkillSet_skills` (`SkillSet_id`, `skills`) VALUES ('1705', 'UITesting');
INSERT INTO `Hero` (`id`, `firstName`, `lastName`, `role`, `skillSet_id`) VALUES ('1705', '87905101-73e9-4127-9259-c12fccd0b0d5', 'fd0e7897-16ba-4a44-ab49-144c7ad68728', 'JuniorSoftwareEngineer', '1705');
INSERT INTO `SkillSet` (`id`) VALUES ('1706');
INSERT INTO `SkillSet_skills` (`SkillSet_id`, `skills`) VALUES ('1706', 'dotNet');
INSERT INTO `Hero` (`id`, `firstName`, `lastName`, `role`, `skillSet_id`) VALUES ('1706', 'a26faced-3d63-4d44-b760-f067533dda50', '0c5674d5-8a40-47cb-97b0-06dfe0eb43d4', 'SoftwareEngineer', '1706');
INSERT INTO `SkillSet` (`id`) VALUES ('1707');
INSERT INTO `SkillSet_skills` (`SkillSet_id`, `skills`) VALUES ('1707', 'UnitTesting');
INSERT INTO `Hero` (`id`, `firstName`, `lastName`, `role`, `skillSet_id`) VALUES ('1707', '52a74d3a-aed1-4f22-b72c-4ed3846b6f74', '3fc8f697-2466-40c9-a427-ca9b4f53a6ff', 'LeadEngineer', '1707');
INSERT INTO `SkillSet` (`id`) VALUES ('1708');
INSERT INTO `SkillSet_skills` (`SkillSet_id`, `skills`) VALUES ('1708', 'UITesting');
INSERT INTO `SkillSet_skills` (`SkillSet_id`, `skills`) VALUES ('1708', 'Architektur');
INSERT INTO `Hero` (`id`, `firstName`, `lastName`, `role`, `skillSet_id`) VALUES ('1708', 'aeb4a46a-10b3-4e81-93c2-ea1e0703cc3d', '28a6c567-f790-4cfd-a430-c537d4a82652', 'SoftwareEngineer', '1708');
INSERT INTO `SkillSet` (`id`) VALUES ('1709');
INSERT INTO `SkillSet_skills` (`SkillSet_id`, `skills`) VALUES ('1709', 'Maven');
INSERT INTO `SkillSet_skills` (`SkillSet_id`, `skills`) VALUES ('1709', 'dotNet');
INSERT INTO `Hero` (`id`, `firstName`, `lastName`, `role`, `skillSet_id`) VALUES ('1709', '4f17904f-8a7a-44b8-8db0-2a1e72ef9db7', '546c17b3-7932-4d3a-8f61-96185c807967', 'SoftwareEngineer', '1709');
INSERT INTO `SkillSet` (`id`) VALUES ('1710');
INSERT INTO `SkillSet_skills` (`SkillSet_id`, `skills`) VALUES ('1710', 'Java');
INSERT INTO `SkillSet_skills` (`SkillSet_id`, `skills`) VALUES ('1710', 'Java');
INSERT INTO `SkillSet_skills` (`SkillSet_id`, `skills`) VALUES ('1710', 'UITesting');
INSERT INTO `SkillSet_skills` (`SkillSet_id`, `skills`) VALUES ('1710', 'Ant');
INSERT INTO `Hero` (`id`, `firstName`, `lastName`, `role`, `skillSet_id`) VALUES ('1710', '40961d36-c7e3-4834-830e-d49b6ca095f1', '3532afee-d0a9-4305-b1c7-6184afff6a04', 'LeadSoftwareArchitect', '1710');
INSERT INTO `SkillSet` (`id`) VALUES ('1711');
INSERT INTO `SkillSet_skills` (`SkillSet_id`, `skills`) VALUES ('1711', 'dotNet');
INSERT INTO `SkillSet_skills` (`SkillSet_id`, `skills`) VALUES ('1711', 'Maven');
INSERT INTO `SkillSet_skills` (`SkillSet_id`, `skills`) VALUES ('1711', 'Java');
INSERT INTO `Hero` (`id`, `firstName`, `lastName`, `role`, `skillSet_id`) VALUES ('1711', 'be4e6664-f6c5-4f84-842e-0497eabddb9c', 'd42f7c1a-6412-49fe-a74f-96ef2cfc5174', 'JuniorSoftwareEngineer', '1711');
INSERT INTO `SkillSet` (`id`) VALUES ('1712');
INSERT INTO `SkillSet_skills` (`SkillSet_id`, `skills`) VALUES ('1712', 'UnitTesting');
INSERT INTO `SkillSet_skills` (`SkillSet_id`, `skills`) VALUES ('1712', 'UITesting');
INSERT INTO `SkillSet_skills` (`SkillSet_id`, `skills`) VALUES ('1712', 'UITesting');
INSERT INTO `Hero` (`id`, `firstName`, `lastName`, `role`, `skillSet_id`) VALUES ('1712', 'a3206d3f-ef38-4f87-b880-1d0576e1a2b4', '0416899b-2073-4e55-8b06-a2bcdf3cf230', 'LeadEngineer', '1712');
INSERT INTO `SkillSet` (`id`) VALUES ('1713');
INSERT INTO `SkillSet_skills` (`SkillSet_id`, `skills`) VALUES ('1713', 'UITesting');
INSERT INTO `SkillSet_skills` (`SkillSet_id`, `skills`) VALUES ('1713', 'Maven');
INSERT INTO `SkillSet_skills` (`SkillSet_id`, `skills`) VALUES ('1713', 'SQL');
INSERT INTO `Hero` (`id`, `firstName`, `lastName`, `role`, `skillSet_id`) VALUES ('1713', '293cfe8a-0a10-4e1f-8c5e-b339928f4082', '0fce7c19-712a-4aec-913d-97ede84c6bd1', 'JuniorSoftwareEngineer', '1713');
INSERT INTO `SkillSet` (`id`) VALUES ('1714');
INSERT INTO `SkillSet_skills` (`SkillSet_id`, `skills`) VALUES ('1714', 'UnitTesting');
INSERT INTO `Hero` (`id`, `firstName`, `lastName`, `role`, `skillSet_id`) VALUES ('1714', '2d12e33c-93c4-4c26-9920-19315e8b56a8', '4be9c94d-e071-441d-8369-60a1f0eb514c', 'SeniorSoftwareEngineer', '1714');
INSERT INTO `SkillSet` (`id`) VALUES ('1715');
INSERT INTO `SkillSet_skills` (`SkillSet_id`, `skills`) VALUES ('1715', 'Java');
INSERT INTO `SkillSet_skills` (`SkillSet_id`, `skills`) VALUES ('1715', 'UnitTesting');
INSERT INTO `Hero` (`id`, `firstName`, `lastName`, `role`, `skillSet_id`) VALUES ('1715', '0a8cb6a1-527e-41d9-9cf1-09a57318ee45', '54f62279-1bbb-4ea9-80d7-8b096fa6f244', 'LeadEngineer', '1715');
INSERT INTO `SkillSet` (`id`) VALUES ('1716');
INSERT INTO `SkillSet_skills` (`SkillSet_id`, `skills`) VALUES ('1716', 'SQL');
INSERT INTO `SkillSet_skills` (`SkillSet_id`, `skills`) VALUES ('1716', 'UITesting');
INSERT INTO `SkillSet_skills` (`SkillSet_id`, `skills`) VALUES ('1716', 'UnitTesting');
INSERT INTO `SkillSet_skills` (`SkillSet_id`, `skills`) VALUES ('1716', 'Architektur');
INSERT INTO `Hero` (`id`, `firstName`, `lastName`, `role`, `skillSet_id`) VALUES ('1716', 'f4c64787-b31b-4def-ae32-ad012ee79c90', '6674ea96-793c-485b-abb5-1ddceff2fe08', 'JuniorSoftwareEngineer', '1716');
INSERT INTO `SkillSet` (`id`) VALUES ('1717');
INSERT INTO `SkillSet_skills` (`SkillSet_id`, `skills`) VALUES ('1717', 'UnitTesting');
INSERT INTO `SkillSet_skills` (`SkillSet_id`, `skills`) VALUES ('1717', 'Maven');
INSERT INTO `Hero` (`id`, `firstName`, `lastName`, `role`, `skillSet_id`) VALUES ('1717', '08147547-e53c-49ed-90bd-f499b13581e9', '3eb994d4-c47d-4c84-84f2-6201b042615c', 'JuniorSoftwareEngineer', '1717');
INSERT INTO `SkillSet` (`id`) VALUES ('1718');
INSERT INTO `SkillSet_skills` (`SkillSet_id`, `skills`) VALUES ('1718', 'SQL');
INSERT INTO `SkillSet_skills` (`SkillSet_id`, `skills`) VALUES ('1718', 'UITesting');
INSERT INTO `SkillSet_skills` (`SkillSet_id`, `skills`) VALUES ('1718', 'Maven');
INSERT INTO `SkillSet_skills` (`SkillSet_id`, `skills`) VALUES ('1718', 'SQL');
INSERT INTO `SkillSet_skills` (`SkillSet_id`, `skills`) VALUES ('1718', 'UnitTesting');
INSERT INTO `Hero` (`id`, `firstName`, `lastName`, `role`, `skillSet_id`) VALUES ('1718', 'f3cadeae-b6be-49fa-adc5-d13eb4a63871', '84e60f50-12f7-447f-ba48-3a53394b09a6', 'SoftwareEngineer', '1718');
INSERT INTO `SkillSet` (`id`) VALUES ('1719');
INSERT INTO `SkillSet_skills` (`SkillSet_id`, `skills`) VALUES ('1719', 'Architektur');
INSERT INTO `SkillSet_skills` (`SkillSet_id`, `skills`) VALUES ('1719', 'Architektur');
INSERT INTO `SkillSet_skills` (`SkillSet_id`, `skills`) VALUES ('1719', 'SQL');
INSERT INTO `SkillSet_skills` (`SkillSet_id`, `skills`) VALUES ('1719', 'Gradle');
INSERT INTO `Hero` (`id`, `firstName`, `lastName`, `role`, `skillSet_id`) VALUES ('1719', '51757dbd-011f-4faf-ab9d-a5dd4683d768', '115bf12d-6690-45b2-b830-860aed6544c8', 'LeadSoftwareArchitect', '1719');
INSERT INTO `SkillSet` (`id`) VALUES ('1720');
INSERT INTO `SkillSet_skills` (`SkillSet_id`, `skills`) VALUES ('1720', 'SQL');
INSERT INTO `SkillSet_skills` (`SkillSet_id`, `skills`) VALUES ('1720', 'Architektur');
INSERT INTO `SkillSet_skills` (`SkillSet_id`, `skills`) VALUES ('1720', 'UnitTesting');
INSERT INTO `SkillSet_skills` (`SkillSet_id`, `skills`) VALUES ('1720', 'Java');
INSERT INTO `Hero` (`id`, `firstName`, `lastName`, `role`, `skillSet_id`) VALUES ('1720', '19aa3d3d-75ae-4848-8df9-cba165be1b59', '5943ad2d-0aa9-4432-917a-7b30d4dcd35b', 'SeniorSoftwareEngineer', '1720');
INSERT INTO `SkillSet` (`id`) VALUES ('1721');
INSERT INTO `SkillSet_skills` (`SkillSet_id`, `skills`) VALUES ('1721', 'Maven');
INSERT INTO `Hero` (`id`, `firstName`, `lastName`, `role`, `skillSet_id`) VALUES ('1721', '6df4c9a1-1314-43c4-bf6b-f64a247195f5', 'ae477b47-3bdb-4fe3-955a-0101bb9b15e5', 'LeadEngineer', '1721');
INSERT INTO `SkillSet` (`id`) VALUES ('1722');
INSERT INTO `SkillSet_skills` (`SkillSet_id`, `skills`) VALUES ('1722', 'Java');
INSERT INTO `Hero` (`id`, `firstName`, `lastName`, `role`, `skillSet_id`) VALUES ('1722', '1bdb13e6-291f-4229-b7f8-f16926a300d6', '1ada543c-7a7b-475a-92e1-e93a01fab865', 'JuniorSoftwareEngineer', '1722');
INSERT INTO `SkillSet` (`id`) VALUES ('1723');
INSERT INTO `SkillSet_skills` (`SkillSet_id`, `skills`) VALUES ('1723', 'Ant');
INSERT INTO `SkillSet_skills` (`SkillSet_id`, `skills`) VALUES ('1723', 'Architektur');
INSERT INTO `SkillSet_skills` (`SkillSet_id`, `skills`) VALUES ('1723', 'Java');
INSERT INTO `SkillSet_skills` (`SkillSet_id`, `skills`) VALUES ('1723', 'Gradle');
INSERT INTO `Hero` (`id`, `firstName`, `lastName`, `role`, `skillSet_id`) VALUES ('1723', 'cdfeabb1-511a-4a6e-8034-b083668f2add', '30496288-6d3b-4b18-99a5-51f2fe3c026c', 'SeniorSoftwareEngineer', '1723');
INSERT INTO `SkillSet` (`id`) VALUES ('1724');
INSERT INTO `SkillSet_skills` (`SkillSet_id`, `skills`) VALUES ('1724', 'Architektur');
INSERT INTO `SkillSet_skills` (`SkillSet_id`, `skills`) VALUES ('1724', 'Java');
INSERT INTO `SkillSet_skills` (`SkillSet_id`, `skills`) VALUES ('1724', 'Maven');
INSERT INTO `SkillSet_skills` (`SkillSet_id`, `skills`) VALUES ('1724', 'UITesting');
INSERT INTO `SkillSet_skills` (`SkillSet_id`, `skills`) VALUES ('1724', 'Java');
INSERT INTO `Hero` (`id`, `firstName`, `lastName`, `role`, `skillSet_id`) VALUES ('1724', 'f04fce11-8ab7-43d2-a270-4c6d92d8156c', 'd86fa12b-c560-4184-b85f-e0c716889993', 'LeadSoftwareArchitect', '1724');
INSERT INTO `SkillSet` (`id`) VALUES ('1725');
INSERT INTO `SkillSet_skills` (`SkillSet_id`, `skills`) VALUES ('1725', 'Java');
INSERT INTO `SkillSet_skills` (`SkillSet_id`, `skills`) VALUES ('1725', 'Architektur');
INSERT INTO `SkillSet_skills` (`SkillSet_id`, `skills`) VALUES ('1725', 'Java');
INSERT INTO `SkillSet_skills` (`SkillSet_id`, `skills`) VALUES ('1725', 'Java');
INSERT INTO `Hero` (`id`, `firstName`, `lastName`, `role`, `skillSet_id`) VALUES ('1725', '7edf30be-06dc-4019-b635-22358cf5118c', '14c695b5-2017-474f-a972-be86b46796e5', 'LeadSoftwareArchitect', '1725');
INSERT INTO `SkillSet` (`id`) VALUES ('1726');
INSERT INTO `SkillSet_skills` (`SkillSet_id`, `skills`) VALUES ('1726', 'UITesting');
INSERT INTO `SkillSet_skills` (`SkillSet_id`, `skills`) VALUES ('1726', 'Ant');
INSERT INTO `SkillSet_skills` (`SkillSet_id`, `skills`) VALUES ('1726', 'SQL');
INSERT INTO `Hero` (`id`, `firstName`, `lastName`, `role`, `skillSet_id`) VALUES ('1726', '318bcf36-00dd-4ea6-bd9d-b60011c09f43', 'cb16541f-10c0-4db9-939f-ad3d7dff3923', 'JuniorSoftwareEngineer', '1726');
INSERT INTO `SkillSet` (`id`) VALUES ('1727');
INSERT INTO `SkillSet_skills` (`SkillSet_id`, `skills`) VALUES ('1727', 'Ant');
INSERT INTO `SkillSet_skills` (`SkillSet_id`, `skills`) VALUES ('1727', 'UnitTesting');
INSERT INTO `Hero` (`id`, `firstName`, `lastName`, `role`, `skillSet_id`) VALUES ('1727', 'a4397b5c-eb6d-4d94-98b4-ea3d472a5393', '049cf3ed-f207-459d-85d4-299a49bd9cc7', 'PrincipalConsultant', '1727');
INSERT INTO `SkillSet` (`id`) VALUES ('1728');
INSERT INTO `SkillSet_skills` (`SkillSet_id`, `skills`) VALUES ('1728', 'UITesting');
INSERT INTO `SkillSet_skills` (`SkillSet_id`, `skills`) VALUES ('1728', 'Ant');
INSERT INTO `Hero` (`id`, `firstName`, `lastName`, `role`, `skillSet_id`) VALUES ('1728', '03a34ebe-7f9b-478c-81e4-9ff1a5664c85', '0591b2b2-3729-4755-ad79-6977cfeba259', 'PrincipalConsultant', '1728');
INSERT INTO `SkillSet` (`id`) VALUES ('1729');
INSERT INTO `SkillSet_skills` (`SkillSet_id`, `skills`) VALUES ('1729', 'UnitTesting');
INSERT INTO `SkillSet_skills` (`SkillSet_id`, `skills`) VALUES ('1729', 'Java');
INSERT INTO `SkillSet_skills` (`SkillSet_id`, `skills`) VALUES ('1729', 'UnitTesting');
INSERT INTO `SkillSet_skills` (`SkillSet_id`, `skills`) VALUES ('1729', 'UnitTesting');
INSERT INTO `Hero` (`id`, `firstName`, `lastName`, `role`, `skillSet_id`) VALUES ('1729', '59dd7723-46d1-4250-804e-e512d0b737a6', '0e4cf5ea-a4fd-4c5b-a2b0-f5208d6a6542', 'SeniorSoftwareEngineer', '1729');
INSERT INTO `SkillSet` (`id`) VALUES ('1730');
INSERT INTO `SkillSet_skills` (`SkillSet_id`, `skills`) VALUES ('1730', 'Ant');
INSERT INTO `Hero` (`id`, `firstName`, `lastName`, `role`, `skillSet_id`) VALUES ('1730', '37128154-a791-4c32-9b9c-22056fd94c61', '3d1c8e6f-d27d-4bf1-bbf3-8911a64dfb54', 'LeadSoftwareArchitect', '1730');
INSERT INTO `SkillSet` (`id`) VALUES ('1731');
INSERT INTO `SkillSet_skills` (`SkillSet_id`, `skills`) VALUES ('1731', 'Ant');
INSERT INTO `Hero` (`id`, `firstName`, `lastName`, `role`, `skillSet_id`) VALUES ('1731', 'db9efdfd-be76-48d8-96a9-2b518bc4f25b', '80ead89e-05bb-427f-a653-7be538028761', 'SeniorSoftwareEngineer', '1731');
INSERT INTO `SkillSet` (`id`) VALUES ('1732');
INSERT INTO `SkillSet_skills` (`SkillSet_id`, `skills`) VALUES ('1732', 'Maven');
INSERT INTO `SkillSet_skills` (`SkillSet_id`, `skills`) VALUES ('1732', 'Architektur');
INSERT INTO `SkillSet_skills` (`SkillSet_id`, `skills`) VALUES ('1732', 'Ant');
INSERT INTO `SkillSet_skills` (`SkillSet_id`, `skills`) VALUES ('1732', 'Maven');
INSERT INTO `SkillSet_skills` (`SkillSet_id`, `skills`) VALUES ('1732', 'Maven');
INSERT INTO `Hero` (`id`, `firstName`, `lastName`, `role`, `skillSet_id`) VALUES ('1732', 'dcd2f894-14f9-402b-8f3a-f9bd2187b3ff', '173a5969-4e08-4443-beca-1743e00fc65d', 'SeniorSoftwareEngineer', '1732');
INSERT INTO `SkillSet` (`id`) VALUES ('1733');
INSERT INTO `SkillSet_skills` (`SkillSet_id`, `skills`) VALUES ('1733', 'Java');
INSERT INTO `SkillSet_skills` (`SkillSet_id`, `skills`) VALUES ('1733', 'Ant');
INSERT INTO `SkillSet_skills` (`SkillSet_id`, `skills`) VALUES ('1733', 'UITesting');
INSERT INTO `Hero` (`id`, `firstName`, `lastName`, `role`, `skillSet_id`) VALUES ('1733', 'dc8c3990-1c50-44db-9426-e890d23a9361', '0a796a1a-3565-48f7-a9e7-8429b8e9672b', 'JuniorSoftwareEngineer', '1733');
INSERT INTO `SkillSet` (`id`) VALUES ('1734');
INSERT INTO `SkillSet_skills` (`SkillSet_id`, `skills`) VALUES ('1734', 'Ant');
INSERT INTO `SkillSet_skills` (`SkillSet_id`, `skills`) VALUES ('1734', 'Java');
INSERT INTO `Hero` (`id`, `firstName`, `lastName`, `role`, `skillSet_id`) VALUES ('1734', '18bbbd29-3271-41b3-abc7-d2c675e441d8', 'f60d2aaf-0fe7-4615-a358-816687397f30', 'JuniorSoftwareEngineer', '1734');
INSERT INTO `SkillSet` (`id`) VALUES ('1735');
INSERT INTO `SkillSet_skills` (`SkillSet_id`, `skills`) VALUES ('1735', 'dotNet');
INSERT INTO `SkillSet_skills` (`SkillSet_id`, `skills`) VALUES ('1735', 'UITesting');
INSERT INTO `SkillSet_skills` (`SkillSet_id`, `skills`) VALUES ('1735', 'Ant');
INSERT INTO `SkillSet_skills` (`SkillSet_id`, `skills`) VALUES ('1735', 'Ant');
INSERT INTO `SkillSet_skills` (`SkillSet_id`, `skills`) VALUES ('1735', 'Maven');
INSERT INTO `Hero` (`id`, `firstName`, `lastName`, `role`, `skillSet_id`) VALUES ('1735', '9d88d749-246f-4d75-aa76-79cf94e55c1f', 'c5901ffd-72f2-42f4-9fae-41fd9c8b4e79', 'LeadSoftwareArchitect', '1735');
INSERT INTO `SkillSet` (`id`) VALUES ('1736');
INSERT INTO `SkillSet_skills` (`SkillSet_id`, `skills`) VALUES ('1736', 'Gradle');
INSERT INTO `SkillSet_skills` (`SkillSet_id`, `skills`) VALUES ('1736', 'Ant');
INSERT INTO `SkillSet_skills` (`SkillSet_id`, `skills`) VALUES ('1736', 'Maven');
INSERT INTO `Hero` (`id`, `firstName`, `lastName`, `role`, `skillSet_id`) VALUES ('1736', '357c5590-7f0d-4197-995b-f31b06a84d6f', 'a1c4aa16-b8c7-4148-b015-7d3002e74868', 'PrincipalConsultant', '1736');
INSERT INTO `SkillSet` (`id`) VALUES ('1737');
INSERT INTO `SkillSet_skills` (`SkillSet_id`, `skills`) VALUES ('1737', 'Gradle');
INSERT INTO `SkillSet_skills` (`SkillSet_id`, `skills`) VALUES ('1737', 'Gradle');
INSERT INTO `SkillSet_skills` (`SkillSet_id`, `skills`) VALUES ('1737', 'dotNet');
INSERT INTO `SkillSet_skills` (`SkillSet_id`, `skills`) VALUES ('1737', 'UITesting');
INSERT INTO `Hero` (`id`, `firstName`, `lastName`, `role`, `skillSet_id`) VALUES ('1737', 'bbe0e91f-3918-49ad-81d3-c2651dd27524', '764d44f1-7486-4b8e-b91e-bba86758f22e', 'PrincipalConsultant', '1737');
INSERT INTO `SkillSet` (`id`) VALUES ('1738');
INSERT INTO `SkillSet_skills` (`SkillSet_id`, `skills`) VALUES ('1738', 'Gradle');
INSERT INTO `SkillSet_skills` (`SkillSet_id`, `skills`) VALUES ('1738', 'Maven');
INSERT INTO `SkillSet_skills` (`SkillSet_id`, `skills`) VALUES ('1738', 'Architektur');
INSERT INTO `Hero` (`id`, `firstName`, `lastName`, `role`, `skillSet_id`) VALUES ('1738', '51c65c91-91d7-4ec6-b190-3ea2e45c1c81', '165c3866-4b99-4b66-8a0b-e28bab90dd11', 'LeadSoftwareArchitect', '1738');
INSERT INTO `SkillSet` (`id`) VALUES ('1739');
INSERT INTO `SkillSet_skills` (`SkillSet_id`, `skills`) VALUES ('1739', 'SQL');
INSERT INTO `SkillSet_skills` (`SkillSet_id`, `skills`) VALUES ('1739', 'Gradle');
INSERT INTO `SkillSet_skills` (`SkillSet_id`, `skills`) VALUES ('1739', 'Maven');
INSERT INTO `SkillSet_skills` (`SkillSet_id`, `skills`) VALUES ('1739', 'UITesting');
INSERT INTO `SkillSet_skills` (`SkillSet_id`, `skills`) VALUES ('1739', 'Java');
INSERT INTO `Hero` (`id`, `firstName`, `lastName`, `role`, `skillSet_id`) VALUES ('1739', 'c8a4e7c0-2c2f-40a0-9cb1-b5ededfc4b67', 'e9a7837d-c94a-4fc0-8608-08856dc342e9', 'LeadSoftwareArchitect', '1739');
INSERT INTO `SkillSet` (`id`) VALUES ('1740');
INSERT INTO `SkillSet_skills` (`SkillSet_id`, `skills`) VALUES ('1740', 'dotNet');
INSERT INTO `SkillSet_skills` (`SkillSet_id`, `skills`) VALUES ('1740', 'Ant');
INSERT INTO `SkillSet_skills` (`SkillSet_id`, `skills`) VALUES ('1740', 'SQL');
INSERT INTO `Hero` (`id`, `firstName`, `lastName`, `role`, `skillSet_id`) VALUES ('1740', 'e4164907-3fa1-4e3f-a3c1-e8b14cf4c324', 'e5ea9da0-8131-4e4a-8ede-ceaaa6ea41c0', 'JuniorSoftwareEngineer', '1740');
INSERT INTO `SkillSet` (`id`) VALUES ('1741');
INSERT INTO `SkillSet_skills` (`SkillSet_id`, `skills`) VALUES ('1741', 'Ant');
INSERT INTO `SkillSet_skills` (`SkillSet_id`, `skills`) VALUES ('1741', 'Java');
INSERT INTO `SkillSet_skills` (`SkillSet_id`, `skills`) VALUES ('1741', 'Gradle');
INSERT INTO `SkillSet_skills` (`SkillSet_id`, `skills`) VALUES ('1741', 'UnitTesting');
INSERT INTO `Hero` (`id`, `firstName`, `lastName`, `role`, `skillSet_id`) VALUES ('1741', '92cca930-8fd4-4734-a236-3b7158ee3352', 'eb928c39-ac9f-42ec-b2f2-90dd1b250f89', 'PrincipalConsultant', '1741');
INSERT INTO `SkillSet` (`id`) VALUES ('1742');
INSERT INTO `SkillSet_skills` (`SkillSet_id`, `skills`) VALUES ('1742', 'dotNet');
INSERT INTO `SkillSet_skills` (`SkillSet_id`, `skills`) VALUES ('1742', 'dotNet');
INSERT INTO `SkillSet_skills` (`SkillSet_id`, `skills`) VALUES ('1742', 'dotNet');
INSERT INTO `SkillSet_skills` (`SkillSet_id`, `skills`) VALUES ('1742', 'SQL');
INSERT INTO `Hero` (`id`, `firstName`, `lastName`, `role`, `skillSet_id`) VALUES ('1742', '5ede9d1c-62c6-40a9-a495-5514e0d887f7', '7d6b102e-dbf0-471a-afb4-2f39d3b104ec', 'SeniorSoftwareEngineer', '1742');
INSERT INTO `SkillSet` (`id`) VALUES ('1743');
INSERT INTO `SkillSet_skills` (`SkillSet_id`, `skills`) VALUES ('1743', 'SQL');
INSERT INTO `Hero` (`id`, `firstName`, `lastName`, `role`, `skillSet_id`) VALUES ('1743', 'c3c3442b-c789-4fdf-aae0-8f9f84eb95a6', '7bf40c6c-6c1b-4559-8d5b-d674ab19b40b', 'LeadSoftwareArchitect', '1743');
INSERT INTO `SkillSet` (`id`) VALUES ('1744');
INSERT INTO `SkillSet_skills` (`SkillSet_id`, `skills`) VALUES ('1744', 'SQL');
INSERT INTO `SkillSet_skills` (`SkillSet_id`, `skills`) VALUES ('1744', 'Java');
INSERT INTO `Hero` (`id`, `firstName`, `lastName`, `role`, `skillSet_id`) VALUES ('1744', '8af52842-f0ef-40a6-b604-28a4b018bbcb', '5d910441-4d3a-46be-a417-45e9ed536712', 'SeniorSoftwareEngineer', '1744');
INSERT INTO `SkillSet` (`id`) VALUES ('1745');
INSERT INTO `SkillSet_skills` (`SkillSet_id`, `skills`) VALUES ('1745', 'UnitTesting');
INSERT INTO `SkillSet_skills` (`SkillSet_id`, `skills`) VALUES ('1745', 'Architektur');
INSERT INTO `Hero` (`id`, `firstName`, `lastName`, `role`, `skillSet_id`) VALUES ('1745', 'fb59c157-73a2-42f9-a12d-4be46a1f2ee3', 'f5d83854-1e15-4654-80a6-ef6de867e8eb', 'SoftwareEngineer', '1745');
INSERT INTO `SkillSet` (`id`) VALUES ('1746');
INSERT INTO `SkillSet_skills` (`SkillSet_id`, `skills`) VALUES ('1746', 'UITesting');
INSERT INTO `Hero` (`id`, `firstName`, `lastName`, `role`, `skillSet_id`) VALUES ('1746', '8a6a8972-81c5-466f-884a-171e1d64172d', 'b9149e1d-6ac8-441b-b105-4b967c04f2d9', 'LeadEngineer', '1746');
INSERT INTO `SkillSet` (`id`) VALUES ('1747');
INSERT INTO `SkillSet_skills` (`SkillSet_id`, `skills`) VALUES ('1747', 'Java');
INSERT INTO `SkillSet_skills` (`SkillSet_id`, `skills`) VALUES ('1747', 'SQL');
INSERT INTO `SkillSet_skills` (`SkillSet_id`, `skills`) VALUES ('1747', 'UnitTesting');
INSERT INTO `SkillSet_skills` (`SkillSet_id`, `skills`) VALUES ('1747', 'UITesting');
INSERT INTO `SkillSet_skills` (`SkillSet_id`, `skills`) VALUES ('1747', 'Ant');
INSERT INTO `Hero` (`id`, `firstName`, `lastName`, `role`, `skillSet_id`) VALUES ('1747', '993233af-ac0c-430f-acd7-7a01856405a9', '23c40b19-ab65-4877-b07b-eff9e9735992', 'PrincipalConsultant', '1747');
INSERT INTO `SkillSet` (`id`) VALUES ('1748');
INSERT INTO `SkillSet_skills` (`SkillSet_id`, `skills`) VALUES ('1748', 'UnitTesting');
INSERT INTO `SkillSet_skills` (`SkillSet_id`, `skills`) VALUES ('1748', 'UnitTesting');
INSERT INTO `SkillSet_skills` (`SkillSet_id`, `skills`) VALUES ('1748', 'UnitTesting');
INSERT INTO `SkillSet_skills` (`SkillSet_id`, `skills`) VALUES ('1748', 'dotNet');
INSERT INTO `SkillSet_skills` (`SkillSet_id`, `skills`) VALUES ('1748', 'UnitTesting');
INSERT INTO `Hero` (`id`, `firstName`, `lastName`, `role`, `skillSet_id`) VALUES ('1748', '59a6baaa-a1bc-420c-85a7-5a1277c23228', '1750422a-5230-429f-9dad-7b0a84c4bf86', 'LeadEngineer', '1748');
INSERT INTO `SkillSet` (`id`) VALUES ('1749');
INSERT INTO `SkillSet_skills` (`SkillSet_id`, `skills`) VALUES ('1749', 'SQL');
INSERT INTO `SkillSet_skills` (`SkillSet_id`, `skills`) VALUES ('1749', 'UnitTesting');
INSERT INTO `SkillSet_skills` (`SkillSet_id`, `skills`) VALUES ('1749', 'SQL');
INSERT INTO `SkillSet_skills` (`SkillSet_id`, `skills`) VALUES ('1749', 'UITesting');
INSERT INTO `Hero` (`id`, `firstName`, `lastName`, `role`, `skillSet_id`) VALUES ('1749', '523f2bdb-6f28-4e0e-bb62-1d5ae7109c77', 'a39b344f-f1fa-41ad-a1a7-582ffe50560f', 'JuniorSoftwareEngineer', '1749');
INSERT INTO `SkillSet` (`id`) VALUES ('1750');
INSERT INTO `SkillSet_skills` (`SkillSet_id`, `skills`) VALUES ('1750', 'Maven');
INSERT INTO `Hero` (`id`, `firstName`, `lastName`, `role`, `skillSet_id`) VALUES ('1750', 'bd37f4cc-0241-4cef-9a68-588d66f4c7d8', '3cb44937-fe0f-4f7f-a94d-ee93bda9ddb7', 'JuniorSoftwareEngineer', '1750');
INSERT INTO `SkillSet` (`id`) VALUES ('1751');
INSERT INTO `SkillSet_skills` (`SkillSet_id`, `skills`) VALUES ('1751', 'Gradle');
INSERT INTO `SkillSet_skills` (`SkillSet_id`, `skills`) VALUES ('1751', 'UnitTesting');
INSERT INTO `Hero` (`id`, `firstName`, `lastName`, `role`, `skillSet_id`) VALUES ('1751', '10c9382c-c467-4051-8791-2b078736fa8b', 'ac47aa03-8f1d-4bf7-aede-77710bc4ff98', 'LeadSoftwareArchitect', '1751');
INSERT INTO `SkillSet` (`id`) VALUES ('1752');
INSERT INTO `SkillSet_skills` (`SkillSet_id`, `skills`) VALUES ('1752', 'Maven');
INSERT INTO `Hero` (`id`, `firstName`, `lastName`, `role`, `skillSet_id`) VALUES ('1752', 'e0c55b94-dea0-44e9-922f-08d3776e80d6', 'b3b82c82-f36b-4ab4-9c80-28a0c4943403', 'SoftwareEngineer', '1752');
INSERT INTO `SkillSet` (`id`) VALUES ('1753');
INSERT INTO `SkillSet_skills` (`SkillSet_id`, `skills`) VALUES ('1753', 'dotNet');
INSERT INTO `SkillSet_skills` (`SkillSet_id`, `skills`) VALUES ('1753', 'Maven');
INSERT INTO `SkillSet_skills` (`SkillSet_id`, `skills`) VALUES ('1753', 'Java');
INSERT INTO `SkillSet_skills` (`SkillSet_id`, `skills`) VALUES ('1753', 'UITesting');
INSERT INTO `SkillSet_skills` (`SkillSet_id`, `skills`) VALUES ('1753', 'Java');
INSERT INTO `Hero` (`id`, `firstName`, `lastName`, `role`, `skillSet_id`) VALUES ('1753', 'ff671594-ebd2-4674-b25e-5babd0e70417', 'eac9fcc0-0065-4e9a-a967-adb8072d292c', 'LeadEngineer', '1753');
INSERT INTO `SkillSet` (`id`) VALUES ('1754');
INSERT INTO `SkillSet_skills` (`SkillSet_id`, `skills`) VALUES ('1754', 'Ant');
INSERT INTO `SkillSet_skills` (`SkillSet_id`, `skills`) VALUES ('1754', 'SQL');
INSERT INTO `Hero` (`id`, `firstName`, `lastName`, `role`, `skillSet_id`) VALUES ('1754', '7660f6b3-92ea-4ac5-8e21-fd7be1d1451d', 'c480f2b8-7120-44d3-bb13-30d943256c69', 'LeadSoftwareArchitect', '1754');
INSERT INTO `SkillSet` (`id`) VALUES ('1755');
INSERT INTO `SkillSet_skills` (`SkillSet_id`, `skills`) VALUES ('1755', 'SQL');
INSERT INTO `SkillSet_skills` (`SkillSet_id`, `skills`) VALUES ('1755', 'SQL');
INSERT INTO `Hero` (`id`, `firstName`, `lastName`, `role`, `skillSet_id`) VALUES ('1755', '85b28612-e3b8-4b2d-8b1f-9e1252ecd80d', 'db6801fa-bfcf-4ab1-812a-13d56e205c65', 'JuniorSoftwareEngineer', '1755');
INSERT INTO `SkillSet` (`id`) VALUES ('1756');
INSERT INTO `SkillSet_skills` (`SkillSet_id`, `skills`) VALUES ('1756', 'Java');
INSERT INTO `SkillSet_skills` (`SkillSet_id`, `skills`) VALUES ('1756', 'dotNet');
INSERT INTO `SkillSet_skills` (`SkillSet_id`, `skills`) VALUES ('1756', 'SQL');
INSERT INTO `SkillSet_skills` (`SkillSet_id`, `skills`) VALUES ('1756', 'dotNet');
INSERT INTO `Hero` (`id`, `firstName`, `lastName`, `role`, `skillSet_id`) VALUES ('1756', '6e1a1d79-4a06-440f-b015-a2070ca6b00a', '47ab0c43-b762-46c4-86f7-fa7948c213bd', 'LeadEngineer', '1756');
INSERT INTO `SkillSet` (`id`) VALUES ('1757');
INSERT INTO `SkillSet_skills` (`SkillSet_id`, `skills`) VALUES ('1757', 'Java');
INSERT INTO `SkillSet_skills` (`SkillSet_id`, `skills`) VALUES ('1757', 'UnitTesting');
INSERT INTO `SkillSet_skills` (`SkillSet_id`, `skills`) VALUES ('1757', 'Ant');
INSERT INTO `SkillSet_skills` (`SkillSet_id`, `skills`) VALUES ('1757', 'SQL');
INSERT INTO `SkillSet_skills` (`SkillSet_id`, `skills`) VALUES ('1757', 'Ant');
INSERT INTO `Hero` (`id`, `firstName`, `lastName`, `role`, `skillSet_id`) VALUES ('1757', '0ee2d32d-cce8-4c6e-98c2-3364ead59174', '21465234-5b76-4430-afdd-e7e682c862cc', 'PrincipalConsultant', '1757');
INSERT INTO `SkillSet` (`id`) VALUES ('1758');
INSERT INTO `SkillSet_skills` (`SkillSet_id`, `skills`) VALUES ('1758', 'Java');
INSERT INTO `SkillSet_skills` (`SkillSet_id`, `skills`) VALUES ('1758', 'dotNet');
INSERT INTO `SkillSet_skills` (`SkillSet_id`, `skills`) VALUES ('1758', 'Architektur');
INSERT INTO `Hero` (`id`, `firstName`, `lastName`, `role`, `skillSet_id`) VALUES ('1758', '07eb6c8d-b4be-4660-bbc3-2cd5d969cd8b', '5fc73cad-8ace-4c8e-a0d7-5f86fec0a1cc', 'PrincipalConsultant', '1758');
INSERT INTO `SkillSet` (`id`) VALUES ('1759');
INSERT INTO `SkillSet_skills` (`SkillSet_id`, `skills`) VALUES ('1759', 'Maven');
INSERT INTO `SkillSet_skills` (`SkillSet_id`, `skills`) VALUES ('1759', 'Ant');
INSERT INTO `Hero` (`id`, `firstName`, `lastName`, `role`, `skillSet_id`) VALUES ('1759', '03e258e2-d83a-4b33-ae0e-30c3153e6b21', '54e067f1-8dc0-49b6-860e-290f04d2e91a', 'LeadSoftwareArchitect', '1759');
INSERT INTO `SkillSet` (`id`) VALUES ('1760');
INSERT INTO `SkillSet_skills` (`SkillSet_id`, `skills`) VALUES ('1760', 'UnitTesting');
INSERT INTO `SkillSet_skills` (`SkillSet_id`, `skills`) VALUES ('1760', 'Architektur');
INSERT INTO `SkillSet_skills` (`SkillSet_id`, `skills`) VALUES ('1760', 'SQL');
INSERT INTO `Hero` (`id`, `firstName`, `lastName`, `role`, `skillSet_id`) VALUES ('1760', '74d78d87-5d61-4b24-a5a3-f30d0359235e', 'c1ca5b8e-18cc-4231-84b2-084679722592', 'LeadEngineer', '1760');
INSERT INTO `SkillSet` (`id`) VALUES ('1761');
INSERT INTO `SkillSet_skills` (`SkillSet_id`, `skills`) VALUES ('1761', 'Maven');
INSERT INTO `SkillSet_skills` (`SkillSet_id`, `skills`) VALUES ('1761', 'UnitTesting');
INSERT INTO `SkillSet_skills` (`SkillSet_id`, `skills`) VALUES ('1761', 'Ant');
INSERT INTO `SkillSet_skills` (`SkillSet_id`, `skills`) VALUES ('1761', 'Java');
INSERT INTO `Hero` (`id`, `firstName`, `lastName`, `role`, `skillSet_id`) VALUES ('1761', '9fa8e929-1013-4386-9619-78cbd0c4040b', '190a421e-773f-4fa9-af6a-e02f95da940b', 'JuniorSoftwareEngineer', '1761');
INSERT INTO `SkillSet` (`id`) VALUES ('1762');
INSERT INTO `SkillSet_skills` (`SkillSet_id`, `skills`) VALUES ('1762', 'Ant');
INSERT INTO `SkillSet_skills` (`SkillSet_id`, `skills`) VALUES ('1762', 'SQL');
INSERT INTO `SkillSet_skills` (`SkillSet_id`, `skills`) VALUES ('1762', 'UITesting');
INSERT INTO `SkillSet_skills` (`SkillSet_id`, `skills`) VALUES ('1762', 'Architektur');
INSERT INTO `Hero` (`id`, `firstName`, `lastName`, `role`, `skillSet_id`) VALUES ('1762', '3cae72a9-8e13-45a0-8ef6-55b0bd2b5d42', '33e7cb7e-9386-4364-b1b1-2b36cd3fd222', 'LeadEngineer', '1762');
INSERT INTO `SkillSet` (`id`) VALUES ('1763');
INSERT INTO `SkillSet_skills` (`SkillSet_id`, `skills`) VALUES ('1763', 'Maven');
INSERT INTO `SkillSet_skills` (`SkillSet_id`, `skills`) VALUES ('1763', 'Java');
INSERT INTO `SkillSet_skills` (`SkillSet_id`, `skills`) VALUES ('1763', 'Architektur');
INSERT INTO `Hero` (`id`, `firstName`, `lastName`, `role`, `skillSet_id`) VALUES ('1763', 'fd21c5be-1d4c-41c3-8b1d-18caa93fe766', 'd1737fd3-c335-44e0-a821-51fd6d2e3fda', 'LeadEngineer', '1763');
INSERT INTO `SkillSet` (`id`) VALUES ('1764');
INSERT INTO `SkillSet_skills` (`SkillSet_id`, `skills`) VALUES ('1764', 'SQL');
INSERT INTO `SkillSet_skills` (`SkillSet_id`, `skills`) VALUES ('1764', 'Ant');
INSERT INTO `SkillSet_skills` (`SkillSet_id`, `skills`) VALUES ('1764', 'Java');
INSERT INTO `SkillSet_skills` (`SkillSet_id`, `skills`) VALUES ('1764', 'dotNet');
INSERT INTO `Hero` (`id`, `firstName`, `lastName`, `role`, `skillSet_id`) VALUES ('1764', 'a0e043d8-fb9e-4151-bafb-1f5ac7c5e8b2', 'd2e7951c-2b16-40ee-93e6-3fe7b47000f5', 'LeadSoftwareArchitect', '1764');
INSERT INTO `SkillSet` (`id`) VALUES ('1765');
INSERT INTO `SkillSet_skills` (`SkillSet_id`, `skills`) VALUES ('1765', 'UITesting');
INSERT INTO `SkillSet_skills` (`SkillSet_id`, `skills`) VALUES ('1765', 'Java');
INSERT INTO `SkillSet_skills` (`SkillSet_id`, `skills`) VALUES ('1765', 'Java');
INSERT INTO `Hero` (`id`, `firstName`, `lastName`, `role`, `skillSet_id`) VALUES ('1765', 'df351086-1232-4a16-bf73-74b37f9c2760', 'bafea930-2b4a-49f1-bcff-d4288118a698', 'SoftwareEngineer', '1765');
INSERT INTO `SkillSet` (`id`) VALUES ('1766');
INSERT INTO `SkillSet_skills` (`SkillSet_id`, `skills`) VALUES ('1766', 'Gradle');
INSERT INTO `SkillSet_skills` (`SkillSet_id`, `skills`) VALUES ('1766', 'Maven');
INSERT INTO `Hero` (`id`, `firstName`, `lastName`, `role`, `skillSet_id`) VALUES ('1766', 'cff5ea9e-2d53-409f-b1cd-5dd458511220', 'e9304b14-399c-4339-9b05-101e0ccf2d30', 'JuniorSoftwareEngineer', '1766');
INSERT INTO `SkillSet` (`id`) VALUES ('1767');
INSERT INTO `SkillSet_skills` (`SkillSet_id`, `skills`) VALUES ('1767', 'SQL');
INSERT INTO `Hero` (`id`, `firstName`, `lastName`, `role`, `skillSet_id`) VALUES ('1767', '5f13d7ac-5906-4f5f-bcec-6dad4806ad87', '346a0e45-7660-4c21-99e9-60956cb0ae49', 'SoftwareEngineer', '1767');
INSERT INTO `SkillSet` (`id`) VALUES ('1768');
INSERT INTO `SkillSet_skills` (`SkillSet_id`, `skills`) VALUES ('1768', 'SQL');
INSERT INTO `SkillSet_skills` (`SkillSet_id`, `skills`) VALUES ('1768', 'UITesting');
INSERT INTO `SkillSet_skills` (`SkillSet_id`, `skills`) VALUES ('1768', 'Architektur');
INSERT INTO `SkillSet_skills` (`SkillSet_id`, `skills`) VALUES ('1768', 'Java');
INSERT INTO `Hero` (`id`, `firstName`, `lastName`, `role`, `skillSet_id`) VALUES ('1768', 'c098d15c-163a-42a2-8775-99f7f4aa6e9a', '6d7ee3cd-e378-434b-83e9-8c9d3a84edcb', 'LeadSoftwareArchitect', '1768');
INSERT INTO `SkillSet` (`id`) VALUES ('1769');
INSERT INTO `SkillSet_skills` (`SkillSet_id`, `skills`) VALUES ('1769', 'UnitTesting');
INSERT INTO `SkillSet_skills` (`SkillSet_id`, `skills`) VALUES ('1769', 'UITesting');
INSERT INTO `SkillSet_skills` (`SkillSet_id`, `skills`) VALUES ('1769', 'Gradle');
INSERT INTO `SkillSet_skills` (`SkillSet_id`, `skills`) VALUES ('1769', 'SQL');
INSERT INTO `Hero` (`id`, `firstName`, `lastName`, `role`, `skillSet_id`) VALUES ('1769', '3e43b1c4-7b2b-4f97-8d46-0b027e2ce4c4', '3a34b3f6-5693-44ee-989e-ae40e0efb2f1', 'LeadEngineer', '1769');
INSERT INTO `SkillSet` (`id`) VALUES ('1770');
INSERT INTO `SkillSet_skills` (`SkillSet_id`, `skills`) VALUES ('1770', 'Gradle');
INSERT INTO `SkillSet_skills` (`SkillSet_id`, `skills`) VALUES ('1770', 'UnitTesting');
INSERT INTO `SkillSet_skills` (`SkillSet_id`, `skills`) VALUES ('1770', 'Java');
INSERT INTO `SkillSet_skills` (`SkillSet_id`, `skills`) VALUES ('1770', 'Ant');
INSERT INTO `SkillSet_skills` (`SkillSet_id`, `skills`) VALUES ('1770', 'Gradle');
INSERT INTO `Hero` (`id`, `firstName`, `lastName`, `role`, `skillSet_id`) VALUES ('1770', 'd68a6c54-8c3e-4e58-96c2-0079f4b1b8b0', '2ff9cfa4-ef96-4f02-930f-23acb3dda32e', 'PrincipalConsultant', '1770');
INSERT INTO `SkillSet` (`id`) VALUES ('1771');
INSERT INTO `SkillSet_skills` (`SkillSet_id`, `skills`) VALUES ('1771', 'Ant');
INSERT INTO `SkillSet_skills` (`SkillSet_id`, `skills`) VALUES ('1771', 'UnitTesting');
INSERT INTO `Hero` (`id`, `firstName`, `lastName`, `role`, `skillSet_id`) VALUES ('1771', '510695c2-0b86-4f42-bca4-d2a380c4f874', '1a799863-d160-4e1c-bf88-6f87621e8c6a', 'JuniorSoftwareEngineer', '1771');
INSERT INTO `SkillSet` (`id`) VALUES ('1772');
INSERT INTO `SkillSet_skills` (`SkillSet_id`, `skills`) VALUES ('1772', 'UnitTesting');
INSERT INTO `SkillSet_skills` (`SkillSet_id`, `skills`) VALUES ('1772', 'Ant');
INSERT INTO `Hero` (`id`, `firstName`, `lastName`, `role`, `skillSet_id`) VALUES ('1772', 'cb7e5723-1bc7-47a3-869f-80f9a6737b34', '8c0e5cbb-0ab5-4ee5-a77f-11561dfe3d04', 'LeadSoftwareArchitect', '1772');
INSERT INTO `SkillSet` (`id`) VALUES ('1773');
INSERT INTO `SkillSet_skills` (`SkillSet_id`, `skills`) VALUES ('1773', 'Architektur');
INSERT INTO `SkillSet_skills` (`SkillSet_id`, `skills`) VALUES ('1773', 'Gradle');
INSERT INTO `Hero` (`id`, `firstName`, `lastName`, `role`, `skillSet_id`) VALUES ('1773', 'af1a48ba-185f-4470-b2dc-6b7920e54678', '59fcc028-1b8e-4fc5-9013-a4a2d8bd3abb', 'PrincipalConsultant', '1773');
INSERT INTO `SkillSet` (`id`) VALUES ('1774');
INSERT INTO `SkillSet_skills` (`SkillSet_id`, `skills`) VALUES ('1774', 'UnitTesting');
INSERT INTO `SkillSet_skills` (`SkillSet_id`, `skills`) VALUES ('1774', 'dotNet');
INSERT INTO `SkillSet_skills` (`SkillSet_id`, `skills`) VALUES ('1774', 'UITesting');
INSERT INTO `SkillSet_skills` (`SkillSet_id`, `skills`) VALUES ('1774', 'Java');
INSERT INTO `Hero` (`id`, `firstName`, `lastName`, `role`, `skillSet_id`) VALUES ('1774', '7e63c2ed-7d87-4a20-a506-c3fa781d90ef', '427c22ce-b64d-4bcb-bef4-a0d37a25efa5', 'LeadSoftwareArchitect', '1774');
INSERT INTO `SkillSet` (`id`) VALUES ('1775');
INSERT INTO `SkillSet_skills` (`SkillSet_id`, `skills`) VALUES ('1775', 'Ant');
INSERT INTO `SkillSet_skills` (`SkillSet_id`, `skills`) VALUES ('1775', 'UITesting');
INSERT INTO `SkillSet_skills` (`SkillSet_id`, `skills`) VALUES ('1775', 'Architektur');
INSERT INTO `SkillSet_skills` (`SkillSet_id`, `skills`) VALUES ('1775', 'SQL');
INSERT INTO `SkillSet_skills` (`SkillSet_id`, `skills`) VALUES ('1775', 'UnitTesting');
INSERT INTO `Hero` (`id`, `firstName`, `lastName`, `role`, `skillSet_id`) VALUES ('1775', 'e7a2d714-c6b3-4543-9ddf-a6494e3dca85', '680952d4-4cdc-4ee4-955f-2febb4459b19', 'LeadEngineer', '1775');
INSERT INTO `SkillSet` (`id`) VALUES ('1776');
INSERT INTO `SkillSet_skills` (`SkillSet_id`, `skills`) VALUES ('1776', 'dotNet');
INSERT INTO `SkillSet_skills` (`SkillSet_id`, `skills`) VALUES ('1776', 'Architektur');
INSERT INTO `SkillSet_skills` (`SkillSet_id`, `skills`) VALUES ('1776', 'Gradle');
INSERT INTO `Hero` (`id`, `firstName`, `lastName`, `role`, `skillSet_id`) VALUES ('1776', 'fd7e8124-1882-43bc-8cdc-7b3a395a2639', 'f2c1689a-8c51-4cde-a384-0c21d77f1069', 'SeniorSoftwareEngineer', '1776');
INSERT INTO `SkillSet` (`id`) VALUES ('1777');
INSERT INTO `SkillSet_skills` (`SkillSet_id`, `skills`) VALUES ('1777', 'UITesting');
INSERT INTO `SkillSet_skills` (`SkillSet_id`, `skills`) VALUES ('1777', 'SQL');
INSERT INTO `Hero` (`id`, `firstName`, `lastName`, `role`, `skillSet_id`) VALUES ('1777', 'd6b4ae48-65b2-4233-a520-2704d240bff0', '3fd7aaef-5024-45d9-8a08-10c6f1fe326f', 'SoftwareEngineer', '1777');
INSERT INTO `SkillSet` (`id`) VALUES ('1778');
INSERT INTO `SkillSet_skills` (`SkillSet_id`, `skills`) VALUES ('1778', 'SQL');
INSERT INTO `Hero` (`id`, `firstName`, `lastName`, `role`, `skillSet_id`) VALUES ('1778', '1afb9381-87ef-446d-ae1b-194e07fd7dbc', 'c9e48f0b-6fe6-4169-a2f5-757a28359d9d', 'PrincipalConsultant', '1778');
INSERT INTO `SkillSet` (`id`) VALUES ('1779');
INSERT INTO `SkillSet_skills` (`SkillSet_id`, `skills`) VALUES ('1779', 'UITesting');
INSERT INTO `SkillSet_skills` (`SkillSet_id`, `skills`) VALUES ('1779', 'Architektur');
INSERT INTO `SkillSet_skills` (`SkillSet_id`, `skills`) VALUES ('1779', 'Architektur');
INSERT INTO `SkillSet_skills` (`SkillSet_id`, `skills`) VALUES ('1779', 'Java');
INSERT INTO `SkillSet_skills` (`SkillSet_id`, `skills`) VALUES ('1779', 'UnitTesting');
INSERT INTO `Hero` (`id`, `firstName`, `lastName`, `role`, `skillSet_id`) VALUES ('1779', 'fa426b3c-b456-4726-96ca-332b6396a424', '2afdfb23-37be-46b7-9d75-04d4a4ba92b4', 'PrincipalConsultant', '1779');
INSERT INTO `SkillSet` (`id`) VALUES ('1780');
INSERT INTO `SkillSet_skills` (`SkillSet_id`, `skills`) VALUES ('1780', 'Java');
INSERT INTO `SkillSet_skills` (`SkillSet_id`, `skills`) VALUES ('1780', 'dotNet');
INSERT INTO `SkillSet_skills` (`SkillSet_id`, `skills`) VALUES ('1780', 'Ant');
INSERT INTO `SkillSet_skills` (`SkillSet_id`, `skills`) VALUES ('1780', 'Architektur');
INSERT INTO `SkillSet_skills` (`SkillSet_id`, `skills`) VALUES ('1780', 'UITesting');
INSERT INTO `Hero` (`id`, `firstName`, `lastName`, `role`, `skillSet_id`) VALUES ('1780', '50955665-3ca5-4bbd-ad06-ed3e8ce2c79b', '1d72b880-f9e1-4ab2-bf42-cc8b08da38b4', 'JuniorSoftwareEngineer', '1780');
INSERT INTO `SkillSet` (`id`) VALUES ('1781');
INSERT INTO `SkillSet_skills` (`SkillSet_id`, `skills`) VALUES ('1781', 'UITesting');
INSERT INTO `SkillSet_skills` (`SkillSet_id`, `skills`) VALUES ('1781', 'Maven');
INSERT INTO `Hero` (`id`, `firstName`, `lastName`, `role`, `skillSet_id`) VALUES ('1781', 'ca8014e6-66d8-4813-8a64-736df464a158', '39bc9792-a09b-4f59-bfc3-5339f0b483cd', 'LeadSoftwareArchitect', '1781');
INSERT INTO `SkillSet` (`id`) VALUES ('1782');
INSERT INTO `SkillSet_skills` (`SkillSet_id`, `skills`) VALUES ('1782', 'dotNet');
INSERT INTO `SkillSet_skills` (`SkillSet_id`, `skills`) VALUES ('1782', 'Maven');
INSERT INTO `SkillSet_skills` (`SkillSet_id`, `skills`) VALUES ('1782', 'Architektur');
INSERT INTO `SkillSet_skills` (`SkillSet_id`, `skills`) VALUES ('1782', 'SQL');
INSERT INTO `Hero` (`id`, `firstName`, `lastName`, `role`, `skillSet_id`) VALUES ('1782', '5a2dc016-3b66-4648-8950-e3f14fb41137', 'c84638e1-d2cc-4a63-a2db-99e6f0ad58ad', 'PrincipalConsultant', '1782');
INSERT INTO `SkillSet` (`id`) VALUES ('1783');
INSERT INTO `SkillSet_skills` (`SkillSet_id`, `skills`) VALUES ('1783', 'UnitTesting');
INSERT INTO `SkillSet_skills` (`SkillSet_id`, `skills`) VALUES ('1783', 'Java');
INSERT INTO `SkillSet_skills` (`SkillSet_id`, `skills`) VALUES ('1783', 'Gradle');
INSERT INTO `SkillSet_skills` (`SkillSet_id`, `skills`) VALUES ('1783', 'Architektur');
INSERT INTO `SkillSet_skills` (`SkillSet_id`, `skills`) VALUES ('1783', 'Gradle');
INSERT INTO `Hero` (`id`, `firstName`, `lastName`, `role`, `skillSet_id`) VALUES ('1783', 'fce65c4f-d94e-4301-9856-3466e32062c9', '35bafdbc-d6df-4f33-9034-aa55435a7c30', 'JuniorSoftwareEngineer', '1783');
INSERT INTO `SkillSet` (`id`) VALUES ('1784');
INSERT INTO `SkillSet_skills` (`SkillSet_id`, `skills`) VALUES ('1784', 'Gradle');
INSERT INTO `SkillSet_skills` (`SkillSet_id`, `skills`) VALUES ('1784', 'UITesting');
INSERT INTO `SkillSet_skills` (`SkillSet_id`, `skills`) VALUES ('1784', 'Architektur');
INSERT INTO `SkillSet_skills` (`SkillSet_id`, `skills`) VALUES ('1784', 'Architektur');
INSERT INTO `Hero` (`id`, `firstName`, `lastName`, `role`, `skillSet_id`) VALUES ('1784', 'a4a7f1b0-0224-466b-a8f9-c7f417551557', 'd170d480-cf0c-422a-9087-a9815ad46781', 'LeadSoftwareArchitect', '1784');
INSERT INTO `SkillSet` (`id`) VALUES ('1785');
INSERT INTO `SkillSet_skills` (`SkillSet_id`, `skills`) VALUES ('1785', 'dotNet');
INSERT INTO `SkillSet_skills` (`SkillSet_id`, `skills`) VALUES ('1785', 'Maven');
INSERT INTO `SkillSet_skills` (`SkillSet_id`, `skills`) VALUES ('1785', 'dotNet');
INSERT INTO `SkillSet_skills` (`SkillSet_id`, `skills`) VALUES ('1785', 'Maven');
INSERT INTO `SkillSet_skills` (`SkillSet_id`, `skills`) VALUES ('1785', 'UnitTesting');
INSERT INTO `Hero` (`id`, `firstName`, `lastName`, `role`, `skillSet_id`) VALUES ('1785', 'bfbcbd25-5944-4ddf-bec1-3043cafd13db', '888adca6-bceb-4bcc-8567-ff44470bf83d', 'SeniorSoftwareEngineer', '1785');
INSERT INTO `SkillSet` (`id`) VALUES ('1786');
INSERT INTO `SkillSet_skills` (`SkillSet_id`, `skills`) VALUES ('1786', 'SQL');
INSERT INTO `SkillSet_skills` (`SkillSet_id`, `skills`) VALUES ('1786', 'SQL');
INSERT INTO `SkillSet_skills` (`SkillSet_id`, `skills`) VALUES ('1786', 'Maven');
INSERT INTO `SkillSet_skills` (`SkillSet_id`, `skills`) VALUES ('1786', 'Maven');
INSERT INTO `SkillSet_skills` (`SkillSet_id`, `skills`) VALUES ('1786', 'Architektur');
INSERT INTO `Hero` (`id`, `firstName`, `lastName`, `role`, `skillSet_id`) VALUES ('1786', 'ac90afb0-8655-43aa-8f0f-29410fad62c0', 'c63230b8-756f-484f-8b27-62d5e3a6e184', 'SeniorSoftwareEngineer', '1786');
INSERT INTO `SkillSet` (`id`) VALUES ('1787');
INSERT INTO `SkillSet_skills` (`SkillSet_id`, `skills`) VALUES ('1787', 'Gradle');
INSERT INTO `Hero` (`id`, `firstName`, `lastName`, `role`, `skillSet_id`) VALUES ('1787', '2a1e307c-5493-4ddd-a30e-b8e6fe1c7c3b', '02ccb015-395a-466a-9051-7627029e5051', 'SeniorSoftwareEngineer', '1787');
INSERT INTO `SkillSet` (`id`) VALUES ('1788');
INSERT INTO `SkillSet_skills` (`SkillSet_id`, `skills`) VALUES ('1788', 'Maven');
INSERT INTO `Hero` (`id`, `firstName`, `lastName`, `role`, `skillSet_id`) VALUES ('1788', 'a4b61511-bc77-4265-aaaf-8c7e9c57f4e2', '865043c4-f322-45be-bc97-c2ba6efdc1a0', 'PrincipalConsultant', '1788');
INSERT INTO `SkillSet` (`id`) VALUES ('1789');
INSERT INTO `SkillSet_skills` (`SkillSet_id`, `skills`) VALUES ('1789', 'Gradle');
INSERT INTO `SkillSet_skills` (`SkillSet_id`, `skills`) VALUES ('1789', 'Architektur');
INSERT INTO `Hero` (`id`, `firstName`, `lastName`, `role`, `skillSet_id`) VALUES ('1789', '1845812b-9c2f-43f7-8876-e6419a88b744', '87230270-ea81-41e8-9953-cabce91681a5', 'SeniorSoftwareEngineer', '1789');
INSERT INTO `SkillSet` (`id`) VALUES ('1790');
INSERT INTO `SkillSet_skills` (`SkillSet_id`, `skills`) VALUES ('1790', 'UITesting');
INSERT INTO `SkillSet_skills` (`SkillSet_id`, `skills`) VALUES ('1790', 'Ant');
INSERT INTO `SkillSet_skills` (`SkillSet_id`, `skills`) VALUES ('1790', 'Maven');
INSERT INTO `Hero` (`id`, `firstName`, `lastName`, `role`, `skillSet_id`) VALUES ('1790', 'cf690adb-0eeb-4665-9822-3db757c1f0ce', 'a70c1ca5-f066-4adc-9608-10bfe083325f', 'JuniorSoftwareEngineer', '1790');
INSERT INTO `SkillSet` (`id`) VALUES ('1791');
INSERT INTO `SkillSet_skills` (`SkillSet_id`, `skills`) VALUES ('1791', 'UnitTesting');
INSERT INTO `SkillSet_skills` (`SkillSet_id`, `skills`) VALUES ('1791', 'Java');
INSERT INTO `Hero` (`id`, `firstName`, `lastName`, `role`, `skillSet_id`) VALUES ('1791', 'fdc3d8cf-0f44-4b00-8f0c-4a8c5f6f1b9b', '1026ff99-342a-4768-a7de-509b156d22a7', 'LeadSoftwareArchitect', '1791');
INSERT INTO `SkillSet` (`id`) VALUES ('1792');
INSERT INTO `SkillSet_skills` (`SkillSet_id`, `skills`) VALUES ('1792', 'SQL');
INSERT INTO `SkillSet_skills` (`SkillSet_id`, `skills`) VALUES ('1792', 'SQL');
INSERT INTO `SkillSet_skills` (`SkillSet_id`, `skills`) VALUES ('1792', 'Ant');
INSERT INTO `SkillSet_skills` (`SkillSet_id`, `skills`) VALUES ('1792', 'dotNet');
INSERT INTO `Hero` (`id`, `firstName`, `lastName`, `role`, `skillSet_id`) VALUES ('1792', '9161c2ea-827d-4e62-8079-8c75e45e910c', '76c142b9-6739-40d9-afd0-8db40e007635', 'PrincipalConsultant', '1792');
INSERT INTO `SkillSet` (`id`) VALUES ('1793');
INSERT INTO `SkillSet_skills` (`SkillSet_id`, `skills`) VALUES ('1793', 'Gradle');
INSERT INTO `SkillSet_skills` (`SkillSet_id`, `skills`) VALUES ('1793', 'Java');
INSERT INTO `SkillSet_skills` (`SkillSet_id`, `skills`) VALUES ('1793', 'Java');
INSERT INTO `SkillSet_skills` (`SkillSet_id`, `skills`) VALUES ('1793', 'Java');
INSERT INTO `SkillSet_skills` (`SkillSet_id`, `skills`) VALUES ('1793', 'dotNet');
INSERT INTO `Hero` (`id`, `firstName`, `lastName`, `role`, `skillSet_id`) VALUES ('1793', 'e30f090a-9051-4660-8ab9-854fcdff3521', '116137b9-3086-47ec-be0c-9ae4fbe41154', 'LeadEngineer', '1793');
INSERT INTO `SkillSet` (`id`) VALUES ('1794');
INSERT INTO `SkillSet_skills` (`SkillSet_id`, `skills`) VALUES ('1794', 'Ant');
INSERT INTO `SkillSet_skills` (`SkillSet_id`, `skills`) VALUES ('1794', 'UITesting');
INSERT INTO `SkillSet_skills` (`SkillSet_id`, `skills`) VALUES ('1794', 'Ant');
INSERT INTO `SkillSet_skills` (`SkillSet_id`, `skills`) VALUES ('1794', 'UITesting');
INSERT INTO `SkillSet_skills` (`SkillSet_id`, `skills`) VALUES ('1794', 'Architektur');
INSERT INTO `Hero` (`id`, `firstName`, `lastName`, `role`, `skillSet_id`) VALUES ('1794', 'be9528ed-c78c-48eb-9ede-3cc9a00bf657', 'a49526a3-c877-41fd-9daf-db812e6595b9', 'SoftwareEngineer', '1794');
INSERT INTO `SkillSet` (`id`) VALUES ('1795');
INSERT INTO `SkillSet_skills` (`SkillSet_id`, `skills`) VALUES ('1795', 'Gradle');
INSERT INTO `SkillSet_skills` (`SkillSet_id`, `skills`) VALUES ('1795', 'UnitTesting');
INSERT INTO `Hero` (`id`, `firstName`, `lastName`, `role`, `skillSet_id`) VALUES ('1795', 'f9e14bd7-ab6f-4b6b-b253-32ea45cada54', '2cb93a33-3787-4f98-ae94-18ae7e4c785f', 'LeadEngineer', '1795');
INSERT INTO `SkillSet` (`id`) VALUES ('1796');
INSERT INTO `SkillSet_skills` (`SkillSet_id`, `skills`) VALUES ('1796', 'UITesting');
INSERT INTO `SkillSet_skills` (`SkillSet_id`, `skills`) VALUES ('1796', 'Gradle');
INSERT INTO `SkillSet_skills` (`SkillSet_id`, `skills`) VALUES ('1796', 'UnitTesting');
INSERT INTO `SkillSet_skills` (`SkillSet_id`, `skills`) VALUES ('1796', 'dotNet');
INSERT INTO `Hero` (`id`, `firstName`, `lastName`, `role`, `skillSet_id`) VALUES ('1796', 'f3f4c224-168b-4698-8a80-ebd21fcf8177', '4a68b4e3-0df8-422b-8fa4-736565b017c4', 'LeadSoftwareArchitect', '1796');
INSERT INTO `SkillSet` (`id`) VALUES ('1797');
INSERT INTO `SkillSet_skills` (`SkillSet_id`, `skills`) VALUES ('1797', 'Maven');
INSERT INTO `SkillSet_skills` (`SkillSet_id`, `skills`) VALUES ('1797', 'Ant');
INSERT INTO `Hero` (`id`, `firstName`, `lastName`, `role`, `skillSet_id`) VALUES ('1797', '23cbf962-a26e-4064-a074-cc4a6f713341', 'caac99e2-55a1-4bff-afb3-993d6bad0f5d', 'LeadEngineer', '1797');
INSERT INTO `SkillSet` (`id`) VALUES ('1798');
INSERT INTO `SkillSet_skills` (`SkillSet_id`, `skills`) VALUES ('1798', 'UnitTesting');
INSERT INTO `SkillSet_skills` (`SkillSet_id`, `skills`) VALUES ('1798', 'Ant');
INSERT INTO `Hero` (`id`, `firstName`, `lastName`, `role`, `skillSet_id`) VALUES ('1798', 'dbfd5d25-c9cf-4c92-af4e-49ce51ccfeeb', '23b70cf5-75d6-48b5-814d-a213ac3f6dd3', 'LeadEngineer', '1798');
INSERT INTO `SkillSet` (`id`) VALUES ('1799');
INSERT INTO `SkillSet_skills` (`SkillSet_id`, `skills`) VALUES ('1799', 'SQL');
INSERT INTO `SkillSet_skills` (`SkillSet_id`, `skills`) VALUES ('1799', 'dotNet');
INSERT INTO `SkillSet_skills` (`SkillSet_id`, `skills`) VALUES ('1799', 'Ant');
INSERT INTO `Hero` (`id`, `firstName`, `lastName`, `role`, `skillSet_id`) VALUES ('1799', '169f8ac9-c6e2-43e8-af71-ab8a7c4d01fb', '989ff245-9527-406b-bfb0-42e96d448104', 'JuniorSoftwareEngineer', '1799');
INSERT INTO `SkillSet` (`id`) VALUES ('1800');
INSERT INTO `SkillSet_skills` (`SkillSet_id`, `skills`) VALUES ('1800', 'dotNet');
INSERT INTO `SkillSet_skills` (`SkillSet_id`, `skills`) VALUES ('1800', 'Architektur');
INSERT INTO `Hero` (`id`, `firstName`, `lastName`, `role`, `skillSet_id`) VALUES ('1800', '06f6e8fb-7351-4a7c-bb06-7c8e14b63a7f', '6e19aac8-3d19-42e4-9212-74d5805a503c', 'SoftwareEngineer', '1800');
INSERT INTO `SkillSet` (`id`) VALUES ('1801');
INSERT INTO `SkillSet_skills` (`SkillSet_id`, `skills`) VALUES ('1801', 'Gradle');
INSERT INTO `SkillSet_skills` (`SkillSet_id`, `skills`) VALUES ('1801', 'Gradle');
INSERT INTO `SkillSet_skills` (`SkillSet_id`, `skills`) VALUES ('1801', 'Maven');
INSERT INTO `Hero` (`id`, `firstName`, `lastName`, `role`, `skillSet_id`) VALUES ('1801', 'e231e815-ce73-44e5-ba9c-7c73e31961eb', 'c0e82756-bff6-4126-9eb4-f357c25cf4ea', 'LeadEngineer', '1801');
INSERT INTO `SkillSet` (`id`) VALUES ('1802');
INSERT INTO `SkillSet_skills` (`SkillSet_id`, `skills`) VALUES ('1802', 'UnitTesting');
INSERT INTO `Hero` (`id`, `firstName`, `lastName`, `role`, `skillSet_id`) VALUES ('1802', '3fa9fb8e-c9df-40a8-8bb7-f3cd647b86ab', '1ac96baf-3010-4470-81ab-69b32829c703', 'SoftwareEngineer', '1802');
INSERT INTO `SkillSet` (`id`) VALUES ('1803');
INSERT INTO `SkillSet_skills` (`SkillSet_id`, `skills`) VALUES ('1803', 'SQL');
INSERT INTO `SkillSet_skills` (`SkillSet_id`, `skills`) VALUES ('1803', 'SQL');
INSERT INTO `SkillSet_skills` (`SkillSet_id`, `skills`) VALUES ('1803', 'UnitTesting');
INSERT INTO `Hero` (`id`, `firstName`, `lastName`, `role`, `skillSet_id`) VALUES ('1803', 'e002b969-33fb-4632-9df6-0bce6de82c9c', '26828aa9-7de0-49f8-9389-39fb774a726d', 'LeadSoftwareArchitect', '1803');
INSERT INTO `SkillSet` (`id`) VALUES ('1804');
INSERT INTO `SkillSet_skills` (`SkillSet_id`, `skills`) VALUES ('1804', 'Java');
INSERT INTO `SkillSet_skills` (`SkillSet_id`, `skills`) VALUES ('1804', 'UnitTesting');
INSERT INTO `SkillSet_skills` (`SkillSet_id`, `skills`) VALUES ('1804', 'Architektur');
INSERT INTO `SkillSet_skills` (`SkillSet_id`, `skills`) VALUES ('1804', 'Java');
INSERT INTO `SkillSet_skills` (`SkillSet_id`, `skills`) VALUES ('1804', 'SQL');
INSERT INTO `Hero` (`id`, `firstName`, `lastName`, `role`, `skillSet_id`) VALUES ('1804', '29510fcc-102d-444e-807b-70063f0e2738', '74fdbc8c-25fb-4225-84e1-94c33825cf7d', 'PrincipalConsultant', '1804');
INSERT INTO `SkillSet` (`id`) VALUES ('1805');
INSERT INTO `SkillSet_skills` (`SkillSet_id`, `skills`) VALUES ('1805', 'dotNet');
INSERT INTO `Hero` (`id`, `firstName`, `lastName`, `role`, `skillSet_id`) VALUES ('1805', '10750ab8-06c2-443f-9159-c3af009ad3b3', '5d0a14f1-a4d6-4603-834e-c2c3bd0f4269', 'PrincipalConsultant', '1805');
INSERT INTO `SkillSet` (`id`) VALUES ('1806');
INSERT INTO `SkillSet_skills` (`SkillSet_id`, `skills`) VALUES ('1806', 'dotNet');
INSERT INTO `SkillSet_skills` (`SkillSet_id`, `skills`) VALUES ('1806', 'Maven');
INSERT INTO `Hero` (`id`, `firstName`, `lastName`, `role`, `skillSet_id`) VALUES ('1806', 'b01ea612-885e-4174-b18e-8640c1dab02a', 'f27a3337-d3df-483e-bd63-a8ea458a8525', 'SeniorSoftwareEngineer', '1806');
INSERT INTO `SkillSet` (`id`) VALUES ('1807');
INSERT INTO `SkillSet_skills` (`SkillSet_id`, `skills`) VALUES ('1807', 'UnitTesting');
INSERT INTO `SkillSet_skills` (`SkillSet_id`, `skills`) VALUES ('1807', 'UITesting');
INSERT INTO `SkillSet_skills` (`SkillSet_id`, `skills`) VALUES ('1807', 'UnitTesting');
INSERT INTO `Hero` (`id`, `firstName`, `lastName`, `role`, `skillSet_id`) VALUES ('1807', '95fd53e1-9d56-4464-8df2-a540ecc733a5', '549612d4-a18f-433d-8ca7-8a5aaef61e3e', 'SeniorSoftwareEngineer', '1807');
INSERT INTO `SkillSet` (`id`) VALUES ('1808');
INSERT INTO `SkillSet_skills` (`SkillSet_id`, `skills`) VALUES ('1808', 'dotNet');
INSERT INTO `SkillSet_skills` (`SkillSet_id`, `skills`) VALUES ('1808', 'Gradle');
INSERT INTO `SkillSet_skills` (`SkillSet_id`, `skills`) VALUES ('1808', 'Gradle');
INSERT INTO `SkillSet_skills` (`SkillSet_id`, `skills`) VALUES ('1808', 'SQL');
INSERT INTO `SkillSet_skills` (`SkillSet_id`, `skills`) VALUES ('1808', 'Ant');
INSERT INTO `Hero` (`id`, `firstName`, `lastName`, `role`, `skillSet_id`) VALUES ('1808', '09907a71-98f6-4b53-a49f-bdc20b4ad82f', '1251d24f-8366-4164-8aee-7b2987bf3ca4', 'SoftwareEngineer', '1808');
INSERT INTO `SkillSet` (`id`) VALUES ('1809');
INSERT INTO `SkillSet_skills` (`SkillSet_id`, `skills`) VALUES ('1809', 'UnitTesting');
INSERT INTO `SkillSet_skills` (`SkillSet_id`, `skills`) VALUES ('1809', 'Maven');
INSERT INTO `SkillSet_skills` (`SkillSet_id`, `skills`) VALUES ('1809', 'dotNet');
INSERT INTO `SkillSet_skills` (`SkillSet_id`, `skills`) VALUES ('1809', 'SQL');
INSERT INTO `SkillSet_skills` (`SkillSet_id`, `skills`) VALUES ('1809', 'Maven');
INSERT INTO `Hero` (`id`, `firstName`, `lastName`, `role`, `skillSet_id`) VALUES ('1809', '6ea45a51-f057-4a0a-9d65-7411799e896d', '24a4097b-2520-4ed0-80dc-75d9a342db5c', 'LeadEngineer', '1809');
INSERT INTO `SkillSet` (`id`) VALUES ('1810');
INSERT INTO `SkillSet_skills` (`SkillSet_id`, `skills`) VALUES ('1810', 'Architektur');
INSERT INTO `SkillSet_skills` (`SkillSet_id`, `skills`) VALUES ('1810', 'Maven');
INSERT INTO `SkillSet_skills` (`SkillSet_id`, `skills`) VALUES ('1810', 'SQL');
INSERT INTO `Hero` (`id`, `firstName`, `lastName`, `role`, `skillSet_id`) VALUES ('1810', 'ee88ae97-b90e-4cf5-8a9d-f01b3ace4f8f', '708b3789-eb8d-41e5-b4a3-1dd2aa19d3e0', 'LeadEngineer', '1810');
INSERT INTO `SkillSet` (`id`) VALUES ('1811');
INSERT INTO `SkillSet_skills` (`SkillSet_id`, `skills`) VALUES ('1811', 'UnitTesting');
INSERT INTO `Hero` (`id`, `firstName`, `lastName`, `role`, `skillSet_id`) VALUES ('1811', 'dc24cbce-aa40-49c7-a6c0-16213d75cbf8', '6c3dbeee-403c-46ee-b614-2df2ac959ec3', 'PrincipalConsultant', '1811');
INSERT INTO `SkillSet` (`id`) VALUES ('1812');
INSERT INTO `SkillSet_skills` (`SkillSet_id`, `skills`) VALUES ('1812', 'Gradle');
INSERT INTO `SkillSet_skills` (`SkillSet_id`, `skills`) VALUES ('1812', 'SQL');
INSERT INTO `Hero` (`id`, `firstName`, `lastName`, `role`, `skillSet_id`) VALUES ('1812', '0859b170-ff47-4710-a4b8-c613b32b13c4', '03eb3650-dafb-48af-a0c6-422e5d9ec95a', 'JuniorSoftwareEngineer', '1812');
INSERT INTO `SkillSet` (`id`) VALUES ('1813');
INSERT INTO `SkillSet_skills` (`SkillSet_id`, `skills`) VALUES ('1813', 'Maven');
INSERT INTO `SkillSet_skills` (`SkillSet_id`, `skills`) VALUES ('1813', 'Architektur');
INSERT INTO `Hero` (`id`, `firstName`, `lastName`, `role`, `skillSet_id`) VALUES ('1813', 'd6330463-f051-4068-a496-64f7bb8dd5ed', '8d86e816-127f-4db0-82c7-10eb8e8d4954', 'SeniorSoftwareEngineer', '1813');
INSERT INTO `SkillSet` (`id`) VALUES ('1814');
INSERT INTO `SkillSet_skills` (`SkillSet_id`, `skills`) VALUES ('1814', 'Ant');
INSERT INTO `SkillSet_skills` (`SkillSet_id`, `skills`) VALUES ('1814', 'Java');
INSERT INTO `SkillSet_skills` (`SkillSet_id`, `skills`) VALUES ('1814', 'Architektur');
INSERT INTO `SkillSet_skills` (`SkillSet_id`, `skills`) VALUES ('1814', 'UITesting');
INSERT INTO `SkillSet_skills` (`SkillSet_id`, `skills`) VALUES ('1814', 'Architektur');
INSERT INTO `Hero` (`id`, `firstName`, `lastName`, `role`, `skillSet_id`) VALUES ('1814', 'ef978bcc-3bb6-41fd-af0a-a90a89da0e66', 'e5d7ec79-8587-44fa-a0a0-6ea2a6193f3d', 'LeadSoftwareArchitect', '1814');
INSERT INTO `SkillSet` (`id`) VALUES ('1815');
INSERT INTO `SkillSet_skills` (`SkillSet_id`, `skills`) VALUES ('1815', 'Java');
INSERT INTO `SkillSet_skills` (`SkillSet_id`, `skills`) VALUES ('1815', 'Ant');
INSERT INTO `Hero` (`id`, `firstName`, `lastName`, `role`, `skillSet_id`) VALUES ('1815', 'b378ca3e-cae6-4ade-a402-4c04db84b5ed', 'cc0eec7c-d9c2-4567-8c33-96dd13496709', 'SoftwareEngineer', '1815');
INSERT INTO `SkillSet` (`id`) VALUES ('1816');
INSERT INTO `SkillSet_skills` (`SkillSet_id`, `skills`) VALUES ('1816', 'Java');
INSERT INTO `SkillSet_skills` (`SkillSet_id`, `skills`) VALUES ('1816', 'Architektur');
INSERT INTO `Hero` (`id`, `firstName`, `lastName`, `role`, `skillSet_id`) VALUES ('1816', '87a2d41f-cb77-45bd-a00a-c20f0fbdeb3d', 'a1d4eff2-7892-4198-b617-e3e26be5f006', 'SeniorSoftwareEngineer', '1816');
INSERT INTO `SkillSet` (`id`) VALUES ('1817');
INSERT INTO `SkillSet_skills` (`SkillSet_id`, `skills`) VALUES ('1817', 'UITesting');
INSERT INTO `SkillSet_skills` (`SkillSet_id`, `skills`) VALUES ('1817', 'Java');
INSERT INTO `SkillSet_skills` (`SkillSet_id`, `skills`) VALUES ('1817', 'UITesting');
INSERT INTO `SkillSet_skills` (`SkillSet_id`, `skills`) VALUES ('1817', 'Maven');
INSERT INTO `SkillSet_skills` (`SkillSet_id`, `skills`) VALUES ('1817', 'Maven');
INSERT INTO `Hero` (`id`, `firstName`, `lastName`, `role`, `skillSet_id`) VALUES ('1817', 'ee7f7b20-2de2-45e3-96b4-83109f26b79c', '7aecef01-da55-40fa-a40d-b2f890fbc063', 'JuniorSoftwareEngineer', '1817');
INSERT INTO `SkillSet` (`id`) VALUES ('1818');
INSERT INTO `SkillSet_skills` (`SkillSet_id`, `skills`) VALUES ('1818', 'Gradle');
INSERT INTO `SkillSet_skills` (`SkillSet_id`, `skills`) VALUES ('1818', 'SQL');
INSERT INTO `SkillSet_skills` (`SkillSet_id`, `skills`) VALUES ('1818', 'Maven');
INSERT INTO `SkillSet_skills` (`SkillSet_id`, `skills`) VALUES ('1818', 'Ant');
INSERT INTO `SkillSet_skills` (`SkillSet_id`, `skills`) VALUES ('1818', 'Ant');
INSERT INTO `Hero` (`id`, `firstName`, `lastName`, `role`, `skillSet_id`) VALUES ('1818', '032fdffc-f6a2-453b-a57a-8dd695733252', '6480c85c-a215-4c50-bd1a-d957d8588dde', 'PrincipalConsultant', '1818');
INSERT INTO `SkillSet` (`id`) VALUES ('1819');
INSERT INTO `SkillSet_skills` (`SkillSet_id`, `skills`) VALUES ('1819', 'Gradle');
INSERT INTO `Hero` (`id`, `firstName`, `lastName`, `role`, `skillSet_id`) VALUES ('1819', 'f1b3d119-3478-4225-95c7-80d8657bfc33', '2b26d3c1-e940-45c2-a2e0-efe693e37350', 'LeadSoftwareArchitect', '1819');
INSERT INTO `SkillSet` (`id`) VALUES ('1820');
INSERT INTO `SkillSet_skills` (`SkillSet_id`, `skills`) VALUES ('1820', 'Gradle');
INSERT INTO `SkillSet_skills` (`SkillSet_id`, `skills`) VALUES ('1820', 'Maven');
INSERT INTO `SkillSet_skills` (`SkillSet_id`, `skills`) VALUES ('1820', 'dotNet');
INSERT INTO `Hero` (`id`, `firstName`, `lastName`, `role`, `skillSet_id`) VALUES ('1820', 'bb75e996-79aa-4350-9353-89663a784235', 'fc6b3084-b438-4394-9699-9bf08a9a44d0', 'JuniorSoftwareEngineer', '1820');
INSERT INTO `SkillSet` (`id`) VALUES ('1821');
INSERT INTO `SkillSet_skills` (`SkillSet_id`, `skills`) VALUES ('1821', 'Java');
INSERT INTO `SkillSet_skills` (`SkillSet_id`, `skills`) VALUES ('1821', 'UnitTesting');
INSERT INTO `SkillSet_skills` (`SkillSet_id`, `skills`) VALUES ('1821', 'UnitTesting');
INSERT INTO `SkillSet_skills` (`SkillSet_id`, `skills`) VALUES ('1821', 'Maven');
INSERT INTO `Hero` (`id`, `firstName`, `lastName`, `role`, `skillSet_id`) VALUES ('1821', 'c70dd81b-939d-4205-b5fe-330f3a82c82f', '3cf39e55-049d-476a-9478-79d5f011ca9b', 'PrincipalConsultant', '1821');
INSERT INTO `SkillSet` (`id`) VALUES ('1822');
INSERT INTO `SkillSet_skills` (`SkillSet_id`, `skills`) VALUES ('1822', 'UnitTesting');
INSERT INTO `SkillSet_skills` (`SkillSet_id`, `skills`) VALUES ('1822', 'Java');
INSERT INTO `SkillSet_skills` (`SkillSet_id`, `skills`) VALUES ('1822', 'Java');
INSERT INTO `Hero` (`id`, `firstName`, `lastName`, `role`, `skillSet_id`) VALUES ('1822', '9b8e05df-8344-4620-a3a3-46cc7132f70c', 'a915b9f3-3b81-4881-b875-3dfaf6f4d337', 'LeadEngineer', '1822');
INSERT INTO `SkillSet` (`id`) VALUES ('1823');
INSERT INTO `SkillSet_skills` (`SkillSet_id`, `skills`) VALUES ('1823', 'Gradle');
INSERT INTO `SkillSet_skills` (`SkillSet_id`, `skills`) VALUES ('1823', 'dotNet');
INSERT INTO `SkillSet_skills` (`SkillSet_id`, `skills`) VALUES ('1823', 'Gradle');
INSERT INTO `SkillSet_skills` (`SkillSet_id`, `skills`) VALUES ('1823', 'Architektur');
INSERT INTO `Hero` (`id`, `firstName`, `lastName`, `role`, `skillSet_id`) VALUES ('1823', '532baf25-4b04-4fc8-a6c0-fa0b3f22ec2d', '1d47d240-0347-4d83-a903-2fdada1c7d34', 'LeadSoftwareArchitect', '1823');
INSERT INTO `SkillSet` (`id`) VALUES ('1824');
INSERT INTO `SkillSet_skills` (`SkillSet_id`, `skills`) VALUES ('1824', 'Maven');
INSERT INTO `SkillSet_skills` (`SkillSet_id`, `skills`) VALUES ('1824', 'UITesting');
INSERT INTO `SkillSet_skills` (`SkillSet_id`, `skills`) VALUES ('1824', 'Architektur');
INSERT INTO `SkillSet_skills` (`SkillSet_id`, `skills`) VALUES ('1824', 'UITesting');
INSERT INTO `Hero` (`id`, `firstName`, `lastName`, `role`, `skillSet_id`) VALUES ('1824', '71397487-71a3-45c2-82ad-7f12b5f8e62e', '0d5a07ee-335a-4957-82e8-e47834d62866', 'SoftwareEngineer', '1824');
INSERT INTO `SkillSet` (`id`) VALUES ('1825');
INSERT INTO `SkillSet_skills` (`SkillSet_id`, `skills`) VALUES ('1825', 'Ant');
INSERT INTO `Hero` (`id`, `firstName`, `lastName`, `role`, `skillSet_id`) VALUES ('1825', '88ba6011-46ae-4147-a1f2-e3480bdd1a7b', 'e5817265-9812-4efe-86dd-f68e0d17c31e', 'SoftwareEngineer', '1825');
INSERT INTO `SkillSet` (`id`) VALUES ('1826');
INSERT INTO `SkillSet_skills` (`SkillSet_id`, `skills`) VALUES ('1826', 'Ant');
INSERT INTO `SkillSet_skills` (`SkillSet_id`, `skills`) VALUES ('1826', 'SQL');
INSERT INTO `Hero` (`id`, `firstName`, `lastName`, `role`, `skillSet_id`) VALUES ('1826', 'bac8e61a-a222-49f9-9a87-5fb196ce0fbf', '7dc76d85-212a-420f-984e-339e17239fdb', 'PrincipalConsultant', '1826');
INSERT INTO `SkillSet` (`id`) VALUES ('1827');
INSERT INTO `SkillSet_skills` (`SkillSet_id`, `skills`) VALUES ('1827', 'SQL');
INSERT INTO `SkillSet_skills` (`SkillSet_id`, `skills`) VALUES ('1827', 'UnitTesting');
INSERT INTO `SkillSet_skills` (`SkillSet_id`, `skills`) VALUES ('1827', 'Ant');
INSERT INTO `SkillSet_skills` (`SkillSet_id`, `skills`) VALUES ('1827', 'Maven');
INSERT INTO `Hero` (`id`, `firstName`, `lastName`, `role`, `skillSet_id`) VALUES ('1827', '2cf68268-f2d6-4100-b95d-4b50c61cfe78', '6e10b1dc-ae6b-4ebc-afdf-217d86337e56', 'SoftwareEngineer', '1827');
INSERT INTO `SkillSet` (`id`) VALUES ('1828');
INSERT INTO `SkillSet_skills` (`SkillSet_id`, `skills`) VALUES ('1828', 'Architektur');
INSERT INTO `SkillSet_skills` (`SkillSet_id`, `skills`) VALUES ('1828', 'Gradle');
INSERT INTO `Hero` (`id`, `firstName`, `lastName`, `role`, `skillSet_id`) VALUES ('1828', '5fae9b73-e182-4e1c-92fc-fe4f394a2c50', '948b7db4-d783-4735-b57a-7b83981c5751', 'JuniorSoftwareEngineer', '1828');
INSERT INTO `SkillSet` (`id`) VALUES ('1829');
INSERT INTO `SkillSet_skills` (`SkillSet_id`, `skills`) VALUES ('1829', 'Gradle');
INSERT INTO `SkillSet_skills` (`SkillSet_id`, `skills`) VALUES ('1829', 'UITesting');
INSERT INTO `SkillSet_skills` (`SkillSet_id`, `skills`) VALUES ('1829', 'Gradle');
INSERT INTO `Hero` (`id`, `firstName`, `lastName`, `role`, `skillSet_id`) VALUES ('1829', '6b86084a-fec5-49f5-843e-160e9e570e64', '92140d23-4616-47dc-91f3-b1367479232b', 'SeniorSoftwareEngineer', '1829');
INSERT INTO `SkillSet` (`id`) VALUES ('1830');
INSERT INTO `SkillSet_skills` (`SkillSet_id`, `skills`) VALUES ('1830', 'Ant');
INSERT INTO `SkillSet_skills` (`SkillSet_id`, `skills`) VALUES ('1830', 'Architektur');
INSERT INTO `SkillSet_skills` (`SkillSet_id`, `skills`) VALUES ('1830', 'Java');
INSERT INTO `SkillSet_skills` (`SkillSet_id`, `skills`) VALUES ('1830', 'Ant');
INSERT INTO `Hero` (`id`, `firstName`, `lastName`, `role`, `skillSet_id`) VALUES ('1830', '59cda66c-709a-4850-af5b-d4942d9715d5', '42e0151a-8b27-49a4-99b6-eb95b84f8d62', 'SoftwareEngineer', '1830');
INSERT INTO `SkillSet` (`id`) VALUES ('1831');
INSERT INTO `SkillSet_skills` (`SkillSet_id`, `skills`) VALUES ('1831', 'Gradle');
INSERT INTO `Hero` (`id`, `firstName`, `lastName`, `role`, `skillSet_id`) VALUES ('1831', '7ac9383b-6cbb-4a29-893e-2b2186f0af58', '1365b3c9-118a-4873-8f3b-d0d9678f02fd', 'JuniorSoftwareEngineer', '1831');
INSERT INTO `SkillSet` (`id`) VALUES ('1832');
INSERT INTO `SkillSet_skills` (`SkillSet_id`, `skills`) VALUES ('1832', 'SQL');
INSERT INTO `SkillSet_skills` (`SkillSet_id`, `skills`) VALUES ('1832', 'SQL');
INSERT INTO `Hero` (`id`, `firstName`, `lastName`, `role`, `skillSet_id`) VALUES ('1832', 'd0334bf5-b8d1-4ace-a0a4-8190d843b6dd', 'c7fa089f-6b88-4f3b-9f95-2842daf69d48', 'PrincipalConsultant', '1832');
INSERT INTO `SkillSet` (`id`) VALUES ('1833');
INSERT INTO `SkillSet_skills` (`SkillSet_id`, `skills`) VALUES ('1833', 'Java');
INSERT INTO `SkillSet_skills` (`SkillSet_id`, `skills`) VALUES ('1833', 'Architektur');
INSERT INTO `Hero` (`id`, `firstName`, `lastName`, `role`, `skillSet_id`) VALUES ('1833', '623ef80d-590a-4880-9f2b-11fce2d975bf', 'f3232826-030b-4950-ac5b-5dea6eb1e44e', 'PrincipalConsultant', '1833');
INSERT INTO `SkillSet` (`id`) VALUES ('1834');
INSERT INTO `SkillSet_skills` (`SkillSet_id`, `skills`) VALUES ('1834', 'dotNet');
INSERT INTO `SkillSet_skills` (`SkillSet_id`, `skills`) VALUES ('1834', 'dotNet');
INSERT INTO `SkillSet_skills` (`SkillSet_id`, `skills`) VALUES ('1834', 'Java');
INSERT INTO `SkillSet_skills` (`SkillSet_id`, `skills`) VALUES ('1834', 'Maven');
INSERT INTO `Hero` (`id`, `firstName`, `lastName`, `role`, `skillSet_id`) VALUES ('1834', 'db90af70-cc12-4343-8e01-09e495ffe054', 'abaebeaa-7a30-47d2-99b9-6f2f3cf03d43', 'SeniorSoftwareEngineer', '1834');
INSERT INTO `SkillSet` (`id`) VALUES ('1835');
INSERT INTO `SkillSet_skills` (`SkillSet_id`, `skills`) VALUES ('1835', 'dotNet');
INSERT INTO `SkillSet_skills` (`SkillSet_id`, `skills`) VALUES ('1835', 'Architektur');
INSERT INTO `Hero` (`id`, `firstName`, `lastName`, `role`, `skillSet_id`) VALUES ('1835', 'f8bce550-8836-49f9-8acd-db5b0caca2f8', '55bb45ad-77ae-44a0-99f3-e54b7c4072e3', 'LeadEngineer', '1835');
INSERT INTO `SkillSet` (`id`) VALUES ('1836');
INSERT INTO `SkillSet_skills` (`SkillSet_id`, `skills`) VALUES ('1836', 'UnitTesting');
INSERT INTO `SkillSet_skills` (`SkillSet_id`, `skills`) VALUES ('1836', 'UnitTesting');
INSERT INTO `SkillSet_skills` (`SkillSet_id`, `skills`) VALUES ('1836', 'UITesting');
INSERT INTO `SkillSet_skills` (`SkillSet_id`, `skills`) VALUES ('1836', 'SQL');
INSERT INTO `SkillSet_skills` (`SkillSet_id`, `skills`) VALUES ('1836', 'dotNet');
INSERT INTO `Hero` (`id`, `firstName`, `lastName`, `role`, `skillSet_id`) VALUES ('1836', '72b5d347-9e41-4642-ad78-5ba4171dc8eb', 'bc3cf175-2a6e-47f5-94f4-ce455fb76507', 'LeadEngineer', '1836');
INSERT INTO `SkillSet` (`id`) VALUES ('1837');
INSERT INTO `SkillSet_skills` (`SkillSet_id`, `skills`) VALUES ('1837', 'UnitTesting');
INSERT INTO `SkillSet_skills` (`SkillSet_id`, `skills`) VALUES ('1837', 'SQL');
INSERT INTO `SkillSet_skills` (`SkillSet_id`, `skills`) VALUES ('1837', 'Maven');
INSERT INTO `Hero` (`id`, `firstName`, `lastName`, `role`, `skillSet_id`) VALUES ('1837', '33ff384f-7360-4a65-9cae-f57d02e9d47e', '2ad57c96-42ce-4613-a840-ee5939411427', 'LeadSoftwareArchitect', '1837');
INSERT INTO `SkillSet` (`id`) VALUES ('1838');
INSERT INTO `SkillSet_skills` (`SkillSet_id`, `skills`) VALUES ('1838', 'Architektur');
INSERT INTO `SkillSet_skills` (`SkillSet_id`, `skills`) VALUES ('1838', 'Java');
INSERT INTO `SkillSet_skills` (`SkillSet_id`, `skills`) VALUES ('1838', 'Ant');
INSERT INTO `Hero` (`id`, `firstName`, `lastName`, `role`, `skillSet_id`) VALUES ('1838', '2735d754-9204-4171-baf6-743fe3b12e97', '3ddc7a00-8a50-4ba2-8cb9-a558c781a5e8', 'LeadSoftwareArchitect', '1838');
INSERT INTO `SkillSet` (`id`) VALUES ('1839');
INSERT INTO `SkillSet_skills` (`SkillSet_id`, `skills`) VALUES ('1839', 'dotNet');
INSERT INTO `Hero` (`id`, `firstName`, `lastName`, `role`, `skillSet_id`) VALUES ('1839', '34790283-3904-4c7e-9b52-66f5d8aa8dc6', 'ed6d7322-d7bd-4660-82b2-efb36fcd3bbc', 'LeadEngineer', '1839');
INSERT INTO `SkillSet` (`id`) VALUES ('1840');
INSERT INTO `SkillSet_skills` (`SkillSet_id`, `skills`) VALUES ('1840', 'Ant');
INSERT INTO `SkillSet_skills` (`SkillSet_id`, `skills`) VALUES ('1840', 'dotNet');
INSERT INTO `SkillSet_skills` (`SkillSet_id`, `skills`) VALUES ('1840', 'dotNet');
INSERT INTO `Hero` (`id`, `firstName`, `lastName`, `role`, `skillSet_id`) VALUES ('1840', 'b1080f54-2148-48e6-9d80-8ba7d07c603a', '6eb2f6f3-1e7a-486c-b470-a0b12e6bb406', 'LeadSoftwareArchitect', '1840');
INSERT INTO `SkillSet` (`id`) VALUES ('1841');
INSERT INTO `SkillSet_skills` (`SkillSet_id`, `skills`) VALUES ('1841', 'Gradle');
INSERT INTO `Hero` (`id`, `firstName`, `lastName`, `role`, `skillSet_id`) VALUES ('1841', 'fdcaf565-1727-4cc9-818d-c987b6a35c5b', '7f370cba-3303-4bd8-bf88-44fdefa3886e', 'PrincipalConsultant', '1841');
INSERT INTO `SkillSet` (`id`) VALUES ('1842');
INSERT INTO `SkillSet_skills` (`SkillSet_id`, `skills`) VALUES ('1842', 'Ant');
INSERT INTO `Hero` (`id`, `firstName`, `lastName`, `role`, `skillSet_id`) VALUES ('1842', 'b9a3d46c-9067-463e-9ee2-a8aa8b051fcf', '016557b2-84ab-42da-ad7d-60e82a508246', 'LeadSoftwareArchitect', '1842');
INSERT INTO `SkillSet` (`id`) VALUES ('1843');
INSERT INTO `SkillSet_skills` (`SkillSet_id`, `skills`) VALUES ('1843', 'Architektur');
INSERT INTO `SkillSet_skills` (`SkillSet_id`, `skills`) VALUES ('1843', 'Java');
INSERT INTO `SkillSet_skills` (`SkillSet_id`, `skills`) VALUES ('1843', 'dotNet');
INSERT INTO `Hero` (`id`, `firstName`, `lastName`, `role`, `skillSet_id`) VALUES ('1843', '9ee36099-af72-4619-98bd-6a3efa99586d', '905a58a3-02c7-4ef3-a3eb-496fbf17a2a3', 'LeadEngineer', '1843');
INSERT INTO `SkillSet` (`id`) VALUES ('1844');
INSERT INTO `SkillSet_skills` (`SkillSet_id`, `skills`) VALUES ('1844', 'Ant');
INSERT INTO `Hero` (`id`, `firstName`, `lastName`, `role`, `skillSet_id`) VALUES ('1844', 'a47e815a-6750-499b-8e71-b8153f5d567f', 'd3d0f4fe-cebe-4711-8041-6cb56b7f67c1', 'LeadEngineer', '1844');
INSERT INTO `SkillSet` (`id`) VALUES ('1845');
INSERT INTO `SkillSet_skills` (`SkillSet_id`, `skills`) VALUES ('1845', 'SQL');
INSERT INTO `SkillSet_skills` (`SkillSet_id`, `skills`) VALUES ('1845', 'SQL');
INSERT INTO `SkillSet_skills` (`SkillSet_id`, `skills`) VALUES ('1845', 'Ant');
INSERT INTO `SkillSet_skills` (`SkillSet_id`, `skills`) VALUES ('1845', 'Architektur');
INSERT INTO `SkillSet_skills` (`SkillSet_id`, `skills`) VALUES ('1845', 'SQL');
INSERT INTO `Hero` (`id`, `firstName`, `lastName`, `role`, `skillSet_id`) VALUES ('1845', 'cc20c1a9-52dc-49aa-9b1e-784ed4b1c36c', '00557ca5-55bb-4889-88e6-16ffe2404569', 'JuniorSoftwareEngineer', '1845');
INSERT INTO `SkillSet` (`id`) VALUES ('1846');
INSERT INTO `SkillSet_skills` (`SkillSet_id`, `skills`) VALUES ('1846', 'UITesting');
INSERT INTO `SkillSet_skills` (`SkillSet_id`, `skills`) VALUES ('1846', 'Maven');
INSERT INTO `Hero` (`id`, `firstName`, `lastName`, `role`, `skillSet_id`) VALUES ('1846', '447b2bb0-49f2-437a-a5e7-e787b996c402', 'd793376b-6a4a-4358-8987-034333a5f4e0', 'LeadEngineer', '1846');
INSERT INTO `SkillSet` (`id`) VALUES ('1847');
INSERT INTO `SkillSet_skills` (`SkillSet_id`, `skills`) VALUES ('1847', 'Architektur');
INSERT INTO `SkillSet_skills` (`SkillSet_id`, `skills`) VALUES ('1847', 'UITesting');
INSERT INTO `SkillSet_skills` (`SkillSet_id`, `skills`) VALUES ('1847', 'Maven');
INSERT INTO `SkillSet_skills` (`SkillSet_id`, `skills`) VALUES ('1847', 'Gradle');
INSERT INTO `Hero` (`id`, `firstName`, `lastName`, `role`, `skillSet_id`) VALUES ('1847', '7fabab4f-04ce-4960-a5e7-82d9440944a4', 'ef3c21a7-1122-4e9a-9a7b-e9f1899ae97a', 'SoftwareEngineer', '1847');
INSERT INTO `SkillSet` (`id`) VALUES ('1848');
INSERT INTO `SkillSet_skills` (`SkillSet_id`, `skills`) VALUES ('1848', 'Architektur');
INSERT INTO `SkillSet_skills` (`SkillSet_id`, `skills`) VALUES ('1848', 'Gradle');
INSERT INTO `SkillSet_skills` (`SkillSet_id`, `skills`) VALUES ('1848', 'dotNet');
INSERT INTO `SkillSet_skills` (`SkillSet_id`, `skills`) VALUES ('1848', 'UnitTesting');
INSERT INTO `Hero` (`id`, `firstName`, `lastName`, `role`, `skillSet_id`) VALUES ('1848', '33c734eb-8e01-4108-8515-6949254b9b46', '3217266f-5993-4843-badd-fa02b2c18773', 'SeniorSoftwareEngineer', '1848');
INSERT INTO `SkillSet` (`id`) VALUES ('1849');
INSERT INTO `SkillSet_skills` (`SkillSet_id`, `skills`) VALUES ('1849', 'Architektur');
INSERT INTO `SkillSet_skills` (`SkillSet_id`, `skills`) VALUES ('1849', 'Maven');
INSERT INTO `SkillSet_skills` (`SkillSet_id`, `skills`) VALUES ('1849', 'Architektur');
INSERT INTO `SkillSet_skills` (`SkillSet_id`, `skills`) VALUES ('1849', 'dotNet');
INSERT INTO `SkillSet_skills` (`SkillSet_id`, `skills`) VALUES ('1849', 'Gradle');
INSERT INTO `Hero` (`id`, `firstName`, `lastName`, `role`, `skillSet_id`) VALUES ('1849', '812d5869-f79d-4d5f-8a50-a3852cdf7d66', 'd6c0aef7-7f7c-40fc-9944-98f283343193', 'PrincipalConsultant', '1849');
INSERT INTO `SkillSet` (`id`) VALUES ('1850');
INSERT INTO `SkillSet_skills` (`SkillSet_id`, `skills`) VALUES ('1850', 'Maven');
INSERT INTO `SkillSet_skills` (`SkillSet_id`, `skills`) VALUES ('1850', 'Maven');
INSERT INTO `SkillSet_skills` (`SkillSet_id`, `skills`) VALUES ('1850', 'UnitTesting');
INSERT INTO `SkillSet_skills` (`SkillSet_id`, `skills`) VALUES ('1850', 'UITesting');
INSERT INTO `Hero` (`id`, `firstName`, `lastName`, `role`, `skillSet_id`) VALUES ('1850', 'aa269d96-df62-457a-81e5-9049c4483c89', '2b5e233f-faec-4119-b4b9-3066cfa1d55e', 'JuniorSoftwareEngineer', '1850');
INSERT INTO `SkillSet` (`id`) VALUES ('1851');
INSERT INTO `SkillSet_skills` (`SkillSet_id`, `skills`) VALUES ('1851', 'SQL');
INSERT INTO `Hero` (`id`, `firstName`, `lastName`, `role`, `skillSet_id`) VALUES ('1851', 'e32edfc6-ae0b-4c91-9ec5-dae47bdda274', '37811399-6dd3-4309-96fe-35a24f757711', 'PrincipalConsultant', '1851');
INSERT INTO `SkillSet` (`id`) VALUES ('1852');
INSERT INTO `SkillSet_skills` (`SkillSet_id`, `skills`) VALUES ('1852', 'Gradle');
INSERT INTO `SkillSet_skills` (`SkillSet_id`, `skills`) VALUES ('1852', 'dotNet');
INSERT INTO `SkillSet_skills` (`SkillSet_id`, `skills`) VALUES ('1852', 'SQL');
INSERT INTO `SkillSet_skills` (`SkillSet_id`, `skills`) VALUES ('1852', 'Gradle');
INSERT INTO `SkillSet_skills` (`SkillSet_id`, `skills`) VALUES ('1852', 'Maven');
INSERT INTO `Hero` (`id`, `firstName`, `lastName`, `role`, `skillSet_id`) VALUES ('1852', '4602ef8c-e577-4a3a-809d-960a6058a66f', '62047208-6781-45b1-8c9c-7177ec41b947', 'LeadSoftwareArchitect', '1852');
INSERT INTO `SkillSet` (`id`) VALUES ('1853');
INSERT INTO `SkillSet_skills` (`SkillSet_id`, `skills`) VALUES ('1853', 'Ant');
INSERT INTO `SkillSet_skills` (`SkillSet_id`, `skills`) VALUES ('1853', 'Architektur');
INSERT INTO `SkillSet_skills` (`SkillSet_id`, `skills`) VALUES ('1853', 'Maven');
INSERT INTO `SkillSet_skills` (`SkillSet_id`, `skills`) VALUES ('1853', 'UnitTesting');
INSERT INTO `SkillSet_skills` (`SkillSet_id`, `skills`) VALUES ('1853', 'Maven');
INSERT INTO `Hero` (`id`, `firstName`, `lastName`, `role`, `skillSet_id`) VALUES ('1853', 'd6c76d9a-806e-481f-860d-4e0d180d858e', 'dbe766ee-b70b-4b34-8be0-aac213aa9007', 'LeadSoftwareArchitect', '1853');
INSERT INTO `SkillSet` (`id`) VALUES ('1854');
INSERT INTO `SkillSet_skills` (`SkillSet_id`, `skills`) VALUES ('1854', 'UnitTesting');
INSERT INTO `SkillSet_skills` (`SkillSet_id`, `skills`) VALUES ('1854', 'dotNet');
INSERT INTO `SkillSet_skills` (`SkillSet_id`, `skills`) VALUES ('1854', 'Ant');
INSERT INTO `SkillSet_skills` (`SkillSet_id`, `skills`) VALUES ('1854', 'Architektur');
INSERT INTO `Hero` (`id`, `firstName`, `lastName`, `role`, `skillSet_id`) VALUES ('1854', '589f6276-6942-420d-9ed7-582fb5b98485', '4d1cab27-d6f3-43c5-9080-89ef6e5d4a69', 'PrincipalConsultant', '1854');
INSERT INTO `SkillSet` (`id`) VALUES ('1855');
INSERT INTO `SkillSet_skills` (`SkillSet_id`, `skills`) VALUES ('1855', 'UnitTesting');
INSERT INTO `SkillSet_skills` (`SkillSet_id`, `skills`) VALUES ('1855', 'SQL');
INSERT INTO `SkillSet_skills` (`SkillSet_id`, `skills`) VALUES ('1855', 'Ant');
INSERT INTO `SkillSet_skills` (`SkillSet_id`, `skills`) VALUES ('1855', 'Maven');
INSERT INTO `SkillSet_skills` (`SkillSet_id`, `skills`) VALUES ('1855', 'Ant');
INSERT INTO `Hero` (`id`, `firstName`, `lastName`, `role`, `skillSet_id`) VALUES ('1855', 'bcae4bf8-2897-4d8b-9f68-41e9b31202af', '9bf1b1a8-d971-4cab-8d95-64547665f75d', 'LeadSoftwareArchitect', '1855');
INSERT INTO `SkillSet` (`id`) VALUES ('1856');
INSERT INTO `SkillSet_skills` (`SkillSet_id`, `skills`) VALUES ('1856', 'Architektur');
INSERT INTO `SkillSet_skills` (`SkillSet_id`, `skills`) VALUES ('1856', 'Java');
INSERT INTO `SkillSet_skills` (`SkillSet_id`, `skills`) VALUES ('1856', 'SQL');
INSERT INTO `SkillSet_skills` (`SkillSet_id`, `skills`) VALUES ('1856', 'Java');
INSERT INTO `SkillSet_skills` (`SkillSet_id`, `skills`) VALUES ('1856', 'Gradle');
INSERT INTO `Hero` (`id`, `firstName`, `lastName`, `role`, `skillSet_id`) VALUES ('1856', '49e9aaa5-ffa9-4fca-94ad-1a37d7bd98e7', '3ee1e44c-afd1-4262-8267-4372fc1345d7', 'PrincipalConsultant', '1856');
INSERT INTO `SkillSet` (`id`) VALUES ('1857');
INSERT INTO `SkillSet_skills` (`SkillSet_id`, `skills`) VALUES ('1857', 'dotNet');
INSERT INTO `SkillSet_skills` (`SkillSet_id`, `skills`) VALUES ('1857', 'Gradle');
INSERT INTO `SkillSet_skills` (`SkillSet_id`, `skills`) VALUES ('1857', 'Maven');
INSERT INTO `Hero` (`id`, `firstName`, `lastName`, `role`, `skillSet_id`) VALUES ('1857', '06660d96-bbff-4297-812e-a2e4c9435e41', 'b1bec01b-688e-4c85-8939-f1604a2239b4', 'JuniorSoftwareEngineer', '1857');
INSERT INTO `SkillSet` (`id`) VALUES ('1858');
INSERT INTO `SkillSet_skills` (`SkillSet_id`, `skills`) VALUES ('1858', 'dotNet');
INSERT INTO `SkillSet_skills` (`SkillSet_id`, `skills`) VALUES ('1858', 'Java');
INSERT INTO `SkillSet_skills` (`SkillSet_id`, `skills`) VALUES ('1858', 'SQL');
INSERT INTO `SkillSet_skills` (`SkillSet_id`, `skills`) VALUES ('1858', 'Ant');
INSERT INTO `Hero` (`id`, `firstName`, `lastName`, `role`, `skillSet_id`) VALUES ('1858', '9c3fe7a5-5850-4c95-a662-7851b73abfea', 'afc71fa5-b350-49f1-a9dc-c7ddb8cf9141', 'PrincipalConsultant', '1858');
INSERT INTO `SkillSet` (`id`) VALUES ('1859');
INSERT INTO `SkillSet_skills` (`SkillSet_id`, `skills`) VALUES ('1859', 'Gradle');
INSERT INTO `SkillSet_skills` (`SkillSet_id`, `skills`) VALUES ('1859', 'UnitTesting');
INSERT INTO `Hero` (`id`, `firstName`, `lastName`, `role`, `skillSet_id`) VALUES ('1859', '85e8a103-ed14-4f25-8dfc-3c69fbe0ce10', 'f62ab883-6c6c-410b-8c51-9327ebb7ec6e', 'PrincipalConsultant', '1859');
INSERT INTO `SkillSet` (`id`) VALUES ('1860');
INSERT INTO `SkillSet_skills` (`SkillSet_id`, `skills`) VALUES ('1860', 'Java');
INSERT INTO `SkillSet_skills` (`SkillSet_id`, `skills`) VALUES ('1860', 'SQL');
INSERT INTO `SkillSet_skills` (`SkillSet_id`, `skills`) VALUES ('1860', 'Gradle');
INSERT INTO `SkillSet_skills` (`SkillSet_id`, `skills`) VALUES ('1860', 'Ant');
INSERT INTO `SkillSet_skills` (`SkillSet_id`, `skills`) VALUES ('1860', 'Gradle');
INSERT INTO `Hero` (`id`, `firstName`, `lastName`, `role`, `skillSet_id`) VALUES ('1860', '6ed384d7-18d7-487c-a8b8-b30e63b7f305', 'a8485d0c-6008-4df0-bc40-453ebcf09022', 'SoftwareEngineer', '1860');
INSERT INTO `SkillSet` (`id`) VALUES ('1861');
INSERT INTO `SkillSet_skills` (`SkillSet_id`, `skills`) VALUES ('1861', 'Java');
INSERT INTO `SkillSet_skills` (`SkillSet_id`, `skills`) VALUES ('1861', 'SQL');
INSERT INTO `Hero` (`id`, `firstName`, `lastName`, `role`, `skillSet_id`) VALUES ('1861', '444972bb-0c29-4c8f-963f-27eccb724d9d', '772dec00-82bb-4e8c-8730-dbce96b2e1bb', 'SoftwareEngineer', '1861');
INSERT INTO `SkillSet` (`id`) VALUES ('1862');
INSERT INTO `SkillSet_skills` (`SkillSet_id`, `skills`) VALUES ('1862', 'SQL');
INSERT INTO `Hero` (`id`, `firstName`, `lastName`, `role`, `skillSet_id`) VALUES ('1862', '01e893fa-9993-4556-b3d3-77318596d413', 'dabc9819-1ef1-4193-acca-0e80c033b8d3', 'LeadSoftwareArchitect', '1862');
INSERT INTO `SkillSet` (`id`) VALUES ('1863');
INSERT INTO `SkillSet_skills` (`SkillSet_id`, `skills`) VALUES ('1863', 'UITesting');
INSERT INTO `SkillSet_skills` (`SkillSet_id`, `skills`) VALUES ('1863', 'Gradle');
INSERT INTO `Hero` (`id`, `firstName`, `lastName`, `role`, `skillSet_id`) VALUES ('1863', 'd6eb090b-bad5-4a07-8e33-737a06a858df', '3a0a1fbd-4a59-4fbf-bf96-732bb2da9f25', 'SoftwareEngineer', '1863');
INSERT INTO `SkillSet` (`id`) VALUES ('1864');
INSERT INTO `SkillSet_skills` (`SkillSet_id`, `skills`) VALUES ('1864', 'UITesting');
INSERT INTO `SkillSet_skills` (`SkillSet_id`, `skills`) VALUES ('1864', 'Maven');
INSERT INTO `SkillSet_skills` (`SkillSet_id`, `skills`) VALUES ('1864', 'Java');
INSERT INTO `SkillSet_skills` (`SkillSet_id`, `skills`) VALUES ('1864', 'UITesting');
INSERT INTO `SkillSet_skills` (`SkillSet_id`, `skills`) VALUES ('1864', 'Maven');
INSERT INTO `Hero` (`id`, `firstName`, `lastName`, `role`, `skillSet_id`) VALUES ('1864', '2b1fc544-b17c-41b3-8aa6-6ea98f558d2e', 'c3eadc23-dffb-471a-bacb-8fb69f7dcf96', 'SeniorSoftwareEngineer', '1864');
INSERT INTO `SkillSet` (`id`) VALUES ('1865');
INSERT INTO `SkillSet_skills` (`SkillSet_id`, `skills`) VALUES ('1865', 'Ant');
INSERT INTO `Hero` (`id`, `firstName`, `lastName`, `role`, `skillSet_id`) VALUES ('1865', 'fa130dde-8dbe-43e7-a252-dfb6afa49287', 'cebee854-be62-4e0d-b41d-64ba8c1fff60', 'PrincipalConsultant', '1865');
INSERT INTO `SkillSet` (`id`) VALUES ('1866');
INSERT INTO `SkillSet_skills` (`SkillSet_id`, `skills`) VALUES ('1866', 'UnitTesting');
INSERT INTO `SkillSet_skills` (`SkillSet_id`, `skills`) VALUES ('1866', 'dotNet');
INSERT INTO `Hero` (`id`, `firstName`, `lastName`, `role`, `skillSet_id`) VALUES ('1866', '22e99b78-ef7f-4772-b7c5-40b278d002ab', '64f5d444-83b6-4471-9557-7193ec29f053', 'LeadSoftwareArchitect', '1866');
INSERT INTO `SkillSet` (`id`) VALUES ('1867');
INSERT INTO `SkillSet_skills` (`SkillSet_id`, `skills`) VALUES ('1867', 'SQL');
INSERT INTO `SkillSet_skills` (`SkillSet_id`, `skills`) VALUES ('1867', 'SQL');
INSERT INTO `SkillSet_skills` (`SkillSet_id`, `skills`) VALUES ('1867', 'Architektur');
INSERT INTO `SkillSet_skills` (`SkillSet_id`, `skills`) VALUES ('1867', 'UITesting');
INSERT INTO `SkillSet_skills` (`SkillSet_id`, `skills`) VALUES ('1867', 'Architektur');
INSERT INTO `Hero` (`id`, `firstName`, `lastName`, `role`, `skillSet_id`) VALUES ('1867', '1144a80a-8541-494f-a6b5-886d7fccab76', '4e23cf9a-6628-4f2d-b771-b17787e01e49', 'SoftwareEngineer', '1867');
INSERT INTO `SkillSet` (`id`) VALUES ('1868');
INSERT INTO `SkillSet_skills` (`SkillSet_id`, `skills`) VALUES ('1868', 'dotNet');
INSERT INTO `SkillSet_skills` (`SkillSet_id`, `skills`) VALUES ('1868', 'Gradle');
INSERT INTO `SkillSet_skills` (`SkillSet_id`, `skills`) VALUES ('1868', 'Gradle');
INSERT INTO `SkillSet_skills` (`SkillSet_id`, `skills`) VALUES ('1868', 'SQL');
INSERT INTO `SkillSet_skills` (`SkillSet_id`, `skills`) VALUES ('1868', 'UnitTesting');
INSERT INTO `Hero` (`id`, `firstName`, `lastName`, `role`, `skillSet_id`) VALUES ('1868', '8dd02f09-4897-4a73-9460-6ebec1e31275', 'e0a78642-fe0e-46a9-9b5c-32df86bb8f73', 'SeniorSoftwareEngineer', '1868');
INSERT INTO `SkillSet` (`id`) VALUES ('1869');
INSERT INTO `SkillSet_skills` (`SkillSet_id`, `skills`) VALUES ('1869', 'Gradle');
INSERT INTO `SkillSet_skills` (`SkillSet_id`, `skills`) VALUES ('1869', 'UnitTesting');
INSERT INTO `SkillSet_skills` (`SkillSet_id`, `skills`) VALUES ('1869', 'Ant');
INSERT INTO `SkillSet_skills` (`SkillSet_id`, `skills`) VALUES ('1869', 'Maven');
INSERT INTO `SkillSet_skills` (`SkillSet_id`, `skills`) VALUES ('1869', 'UITesting');
INSERT INTO `Hero` (`id`, `firstName`, `lastName`, `role`, `skillSet_id`) VALUES ('1869', 'f642e29e-41fc-4573-ac1c-f13b527d6650', '966fb7e3-74f6-4fd7-b281-b1789cf5520e', 'LeadSoftwareArchitect', '1869');
INSERT INTO `SkillSet` (`id`) VALUES ('1870');
INSERT INTO `SkillSet_skills` (`SkillSet_id`, `skills`) VALUES ('1870', 'Ant');
INSERT INTO `Hero` (`id`, `firstName`, `lastName`, `role`, `skillSet_id`) VALUES ('1870', 'bdf5c12f-8278-460a-a7db-8116c2d6f10b', 'c61653f3-2b36-4425-80f7-d542063fda91', 'SeniorSoftwareEngineer', '1870');
INSERT INTO `SkillSet` (`id`) VALUES ('1871');
INSERT INTO `SkillSet_skills` (`SkillSet_id`, `skills`) VALUES ('1871', 'UITesting');
INSERT INTO `SkillSet_skills` (`SkillSet_id`, `skills`) VALUES ('1871', 'Ant');
INSERT INTO `SkillSet_skills` (`SkillSet_id`, `skills`) VALUES ('1871', 'Java');
INSERT INTO `SkillSet_skills` (`SkillSet_id`, `skills`) VALUES ('1871', 'dotNet');
INSERT INTO `Hero` (`id`, `firstName`, `lastName`, `role`, `skillSet_id`) VALUES ('1871', '906999cb-4c98-422a-b0d6-3dc66092ada6', 'ec3b4b77-698d-4312-9193-cba53ac65ec6', 'SoftwareEngineer', '1871');
INSERT INTO `SkillSet` (`id`) VALUES ('1872');
INSERT INTO `SkillSet_skills` (`SkillSet_id`, `skills`) VALUES ('1872', 'Ant');
INSERT INTO `SkillSet_skills` (`SkillSet_id`, `skills`) VALUES ('1872', 'Java');
INSERT INTO `SkillSet_skills` (`SkillSet_id`, `skills`) VALUES ('1872', 'UITesting');
INSERT INTO `Hero` (`id`, `firstName`, `lastName`, `role`, `skillSet_id`) VALUES ('1872', '41b03c5d-63d1-4bb5-a7fc-57bb6d333fda', 'f1ba4090-910b-4262-a5d5-2d62fb6a945e', 'LeadEngineer', '1872');
INSERT INTO `SkillSet` (`id`) VALUES ('1873');
INSERT INTO `SkillSet_skills` (`SkillSet_id`, `skills`) VALUES ('1873', 'Gradle');
INSERT INTO `SkillSet_skills` (`SkillSet_id`, `skills`) VALUES ('1873', 'Architektur');
INSERT INTO `Hero` (`id`, `firstName`, `lastName`, `role`, `skillSet_id`) VALUES ('1873', '1d79855e-0802-45a1-a8c2-7724c0405aff', '7a0ba47b-e262-4007-91ae-a2227d8672b7', 'SoftwareEngineer', '1873');
INSERT INTO `SkillSet` (`id`) VALUES ('1874');
INSERT INTO `SkillSet_skills` (`SkillSet_id`, `skills`) VALUES ('1874', 'Ant');
INSERT INTO `Hero` (`id`, `firstName`, `lastName`, `role`, `skillSet_id`) VALUES ('1874', '1e1c7152-bd56-4fdb-bc45-f8e4e7227177', '3dccfc92-e39c-487b-88cf-86604b9ee571', 'SoftwareEngineer', '1874');
INSERT INTO `SkillSet` (`id`) VALUES ('1875');
INSERT INTO `SkillSet_skills` (`SkillSet_id`, `skills`) VALUES ('1875', 'Ant');
INSERT INTO `SkillSet_skills` (`SkillSet_id`, `skills`) VALUES ('1875', 'Gradle');
INSERT INTO `Hero` (`id`, `firstName`, `lastName`, `role`, `skillSet_id`) VALUES ('1875', '20541e4f-8b12-4209-8606-6c4dfe02da46', '6224f99c-7813-4c7a-b5c0-cdf33e02290c', 'SeniorSoftwareEngineer', '1875');
INSERT INTO `SkillSet` (`id`) VALUES ('1876');
INSERT INTO `SkillSet_skills` (`SkillSet_id`, `skills`) VALUES ('1876', 'SQL');
INSERT INTO `Hero` (`id`, `firstName`, `lastName`, `role`, `skillSet_id`) VALUES ('1876', '8f9081f5-c282-45b2-8485-33bea8f79016', 'dc4224dd-f138-4891-a16c-ff2833a94545', 'SoftwareEngineer', '1876');
INSERT INTO `SkillSet` (`id`) VALUES ('1877');
INSERT INTO `SkillSet_skills` (`SkillSet_id`, `skills`) VALUES ('1877', 'Gradle');
INSERT INTO `SkillSet_skills` (`SkillSet_id`, `skills`) VALUES ('1877', 'Maven');
INSERT INTO `Hero` (`id`, `firstName`, `lastName`, `role`, `skillSet_id`) VALUES ('1877', '7116ac66-89a2-4d42-90ae-f78dbdddc029', '11abcd05-a6b7-4e47-aea0-c4c341eba7bd', 'LeadSoftwareArchitect', '1877');
INSERT INTO `SkillSet` (`id`) VALUES ('1878');
INSERT INTO `SkillSet_skills` (`SkillSet_id`, `skills`) VALUES ('1878', 'Gradle');
INSERT INTO `SkillSet_skills` (`SkillSet_id`, `skills`) VALUES ('1878', 'Maven');
INSERT INTO `SkillSet_skills` (`SkillSet_id`, `skills`) VALUES ('1878', 'Gradle');
INSERT INTO `Hero` (`id`, `firstName`, `lastName`, `role`, `skillSet_id`) VALUES ('1878', '8a3420ac-55e1-4265-91c6-7697f98f6e3d', 'd47eb62e-2e69-40ab-bbea-5415a55c4d82', 'SeniorSoftwareEngineer', '1878');
INSERT INTO `SkillSet` (`id`) VALUES ('1879');
INSERT INTO `SkillSet_skills` (`SkillSet_id`, `skills`) VALUES ('1879', 'dotNet');
INSERT INTO `Hero` (`id`, `firstName`, `lastName`, `role`, `skillSet_id`) VALUES ('1879', 'a5d8ee58-cb58-4e17-b864-448769d750f7', 'd9890905-f347-4bd5-b7dc-5e6549d010a4', 'LeadEngineer', '1879');
INSERT INTO `SkillSet` (`id`) VALUES ('1880');
INSERT INTO `SkillSet_skills` (`SkillSet_id`, `skills`) VALUES ('1880', 'dotNet');
INSERT INTO `Hero` (`id`, `firstName`, `lastName`, `role`, `skillSet_id`) VALUES ('1880', '65d1abba-45f2-4b9b-91bc-111d2b93ea7e', '554612ea-4534-4736-8423-07f59a835811', 'LeadSoftwareArchitect', '1880');
INSERT INTO `SkillSet` (`id`) VALUES ('1881');
INSERT INTO `SkillSet_skills` (`SkillSet_id`, `skills`) VALUES ('1881', 'Ant');
INSERT INTO `SkillSet_skills` (`SkillSet_id`, `skills`) VALUES ('1881', 'UnitTesting');
INSERT INTO `SkillSet_skills` (`SkillSet_id`, `skills`) VALUES ('1881', 'Gradle');
INSERT INTO `SkillSet_skills` (`SkillSet_id`, `skills`) VALUES ('1881', 'SQL');
INSERT INTO `Hero` (`id`, `firstName`, `lastName`, `role`, `skillSet_id`) VALUES ('1881', '73e4f66d-b259-48cd-96fb-fdaa4247c136', '3eff6803-3486-40f7-bf9a-add6684304b6', 'LeadEngineer', '1881');
INSERT INTO `SkillSet` (`id`) VALUES ('1882');
INSERT INTO `SkillSet_skills` (`SkillSet_id`, `skills`) VALUES ('1882', 'Architektur');
INSERT INTO `SkillSet_skills` (`SkillSet_id`, `skills`) VALUES ('1882', 'Maven');
INSERT INTO `SkillSet_skills` (`SkillSet_id`, `skills`) VALUES ('1882', 'Maven');
INSERT INTO `SkillSet_skills` (`SkillSet_id`, `skills`) VALUES ('1882', 'Architektur');
INSERT INTO `SkillSet_skills` (`SkillSet_id`, `skills`) VALUES ('1882', 'Java');
INSERT INTO `Hero` (`id`, `firstName`, `lastName`, `role`, `skillSet_id`) VALUES ('1882', 'df98499b-e507-4135-ae48-73459d38df5c', '2a8ea582-3ca2-40cf-9e35-900393ebf7ac', 'SeniorSoftwareEngineer', '1882');
INSERT INTO `SkillSet` (`id`) VALUES ('1883');
INSERT INTO `SkillSet_skills` (`SkillSet_id`, `skills`) VALUES ('1883', 'SQL');
INSERT INTO `Hero` (`id`, `firstName`, `lastName`, `role`, `skillSet_id`) VALUES ('1883', '7c698a41-6fcf-47e2-a3cc-041a5ea4112c', '4669f1c7-b0ce-4900-b0cd-867279d77b9b', 'SeniorSoftwareEngineer', '1883');
INSERT INTO `SkillSet` (`id`) VALUES ('1884');
INSERT INTO `SkillSet_skills` (`SkillSet_id`, `skills`) VALUES ('1884', 'Gradle');
INSERT INTO `Hero` (`id`, `firstName`, `lastName`, `role`, `skillSet_id`) VALUES ('1884', '56139800-0d4b-4fa3-a4b7-3ee2d26a2fe2', '2a73e769-5abf-4f73-ac92-05e97d1ef1c7', 'JuniorSoftwareEngineer', '1884');
INSERT INTO `SkillSet` (`id`) VALUES ('1885');
INSERT INTO `SkillSet_skills` (`SkillSet_id`, `skills`) VALUES ('1885', 'SQL');
INSERT INTO `SkillSet_skills` (`SkillSet_id`, `skills`) VALUES ('1885', 'SQL');
INSERT INTO `SkillSet_skills` (`SkillSet_id`, `skills`) VALUES ('1885', 'dotNet');
INSERT INTO `SkillSet_skills` (`SkillSet_id`, `skills`) VALUES ('1885', 'Ant');
INSERT INTO `SkillSet_skills` (`SkillSet_id`, `skills`) VALUES ('1885', 'Maven');
INSERT INTO `Hero` (`id`, `firstName`, `lastName`, `role`, `skillSet_id`) VALUES ('1885', 'a3e7d49c-9e53-4407-a019-f1f56f0dba2b', 'f6c45406-3911-4bcf-8071-e1fffbbd3665', 'PrincipalConsultant', '1885');
INSERT INTO `SkillSet` (`id`) VALUES ('1886');
INSERT INTO `SkillSet_skills` (`SkillSet_id`, `skills`) VALUES ('1886', 'Architektur');
INSERT INTO `SkillSet_skills` (`SkillSet_id`, `skills`) VALUES ('1886', 'Ant');
INSERT INTO `SkillSet_skills` (`SkillSet_id`, `skills`) VALUES ('1886', 'dotNet');
INSERT INTO `Hero` (`id`, `firstName`, `lastName`, `role`, `skillSet_id`) VALUES ('1886', '91402bfc-9d97-4250-8bd4-c1d47f8e6720', 'f2deebad-ed98-4107-9b6f-2c4f3aa242e4', 'PrincipalConsultant', '1886');
INSERT INTO `SkillSet` (`id`) VALUES ('1887');
INSERT INTO `SkillSet_skills` (`SkillSet_id`, `skills`) VALUES ('1887', 'Maven');
INSERT INTO `SkillSet_skills` (`SkillSet_id`, `skills`) VALUES ('1887', 'Architektur');
INSERT INTO `SkillSet_skills` (`SkillSet_id`, `skills`) VALUES ('1887', 'UITesting');
INSERT INTO `SkillSet_skills` (`SkillSet_id`, `skills`) VALUES ('1887', 'dotNet');
INSERT INTO `Hero` (`id`, `firstName`, `lastName`, `role`, `skillSet_id`) VALUES ('1887', '9c173280-e205-4601-9898-3a20861c13e7', '661aad20-68f3-45b2-becc-31d274fcd239', 'LeadEngineer', '1887');
INSERT INTO `SkillSet` (`id`) VALUES ('1888');
INSERT INTO `SkillSet_skills` (`SkillSet_id`, `skills`) VALUES ('1888', 'Gradle');
INSERT INTO `Hero` (`id`, `firstName`, `lastName`, `role`, `skillSet_id`) VALUES ('1888', '94642f6a-09b2-4d55-9d7b-631ee61a7da3', 'd2ef5e7f-27bd-4607-918b-513996fe6d2c', 'PrincipalConsultant', '1888');
INSERT INTO `SkillSet` (`id`) VALUES ('1889');
INSERT INTO `SkillSet_skills` (`SkillSet_id`, `skills`) VALUES ('1889', 'UnitTesting');
INSERT INTO `SkillSet_skills` (`SkillSet_id`, `skills`) VALUES ('1889', 'Maven');
INSERT INTO `Hero` (`id`, `firstName`, `lastName`, `role`, `skillSet_id`) VALUES ('1889', '03f51973-3498-45ae-86db-04e39f786a40', '38e2de88-2b64-4bc7-b4ba-cfd5aabd2d3d', 'PrincipalConsultant', '1889');
INSERT INTO `SkillSet` (`id`) VALUES ('1890');
INSERT INTO `SkillSet_skills` (`SkillSet_id`, `skills`) VALUES ('1890', 'Maven');
INSERT INTO `SkillSet_skills` (`SkillSet_id`, `skills`) VALUES ('1890', 'Ant');
INSERT INTO `Hero` (`id`, `firstName`, `lastName`, `role`, `skillSet_id`) VALUES ('1890', '6ff66e61-e884-4063-ad44-dbec8ec66f1f', '719fbe90-a34c-4295-82fc-8b842648ef9d', 'LeadEngineer', '1890');
INSERT INTO `SkillSet` (`id`) VALUES ('1891');
INSERT INTO `SkillSet_skills` (`SkillSet_id`, `skills`) VALUES ('1891', 'UITesting');
INSERT INTO `SkillSet_skills` (`SkillSet_id`, `skills`) VALUES ('1891', 'Architektur');
INSERT INTO `SkillSet_skills` (`SkillSet_id`, `skills`) VALUES ('1891', 'dotNet');
INSERT INTO `SkillSet_skills` (`SkillSet_id`, `skills`) VALUES ('1891', 'UnitTesting');
INSERT INTO `SkillSet_skills` (`SkillSet_id`, `skills`) VALUES ('1891', 'Java');
INSERT INTO `Hero` (`id`, `firstName`, `lastName`, `role`, `skillSet_id`) VALUES ('1891', 'ccb8046c-55c0-4e03-aedd-dfb32579df94', '526fcc7c-341d-4e82-b56f-808870ede705', 'LeadSoftwareArchitect', '1891');
INSERT INTO `SkillSet` (`id`) VALUES ('1892');
INSERT INTO `SkillSet_skills` (`SkillSet_id`, `skills`) VALUES ('1892', 'Ant');
INSERT INTO `SkillSet_skills` (`SkillSet_id`, `skills`) VALUES ('1892', 'SQL');
INSERT INTO `SkillSet_skills` (`SkillSet_id`, `skills`) VALUES ('1892', 'UnitTesting');
INSERT INTO `Hero` (`id`, `firstName`, `lastName`, `role`, `skillSet_id`) VALUES ('1892', 'ea55fc7c-3d31-41f5-ac7f-7cd19cda5330', 'f4f46055-e30a-493f-820b-3014eeda4389', 'LeadEngineer', '1892');
INSERT INTO `SkillSet` (`id`) VALUES ('1893');
INSERT INTO `SkillSet_skills` (`SkillSet_id`, `skills`) VALUES ('1893', 'UITesting');
INSERT INTO `Hero` (`id`, `firstName`, `lastName`, `role`, `skillSet_id`) VALUES ('1893', '770b7f7b-93f8-4416-8e9b-99b45d131636', 'c3e0e505-19b7-4666-8c63-35fe7bc0610e', 'JuniorSoftwareEngineer', '1893');
INSERT INTO `SkillSet` (`id`) VALUES ('1894');
INSERT INTO `SkillSet_skills` (`SkillSet_id`, `skills`) VALUES ('1894', 'UnitTesting');
INSERT INTO `Hero` (`id`, `firstName`, `lastName`, `role`, `skillSet_id`) VALUES ('1894', '9b29aef8-4dab-4ba1-8755-c1b41f695758', 'f7b80583-6f2f-45be-89df-c154cfbb9a13', 'LeadEngineer', '1894');
INSERT INTO `SkillSet` (`id`) VALUES ('1895');
INSERT INTO `SkillSet_skills` (`SkillSet_id`, `skills`) VALUES ('1895', 'dotNet');
INSERT INTO `SkillSet_skills` (`SkillSet_id`, `skills`) VALUES ('1895', 'SQL');
INSERT INTO `SkillSet_skills` (`SkillSet_id`, `skills`) VALUES ('1895', 'UITesting');
INSERT INTO `SkillSet_skills` (`SkillSet_id`, `skills`) VALUES ('1895', 'Ant');
INSERT INTO `Hero` (`id`, `firstName`, `lastName`, `role`, `skillSet_id`) VALUES ('1895', '1f0c95fd-fb3e-445a-87c7-73fe8aeb33b0', 'da633ff4-d152-4064-ae7b-ae4e1f61b1a9', 'SoftwareEngineer', '1895');
INSERT INTO `SkillSet` (`id`) VALUES ('1896');
INSERT INTO `SkillSet_skills` (`SkillSet_id`, `skills`) VALUES ('1896', 'Maven');
INSERT INTO `SkillSet_skills` (`SkillSet_id`, `skills`) VALUES ('1896', 'Maven');
INSERT INTO `SkillSet_skills` (`SkillSet_id`, `skills`) VALUES ('1896', 'UITesting');
INSERT INTO `SkillSet_skills` (`SkillSet_id`, `skills`) VALUES ('1896', 'Maven');
INSERT INTO `Hero` (`id`, `firstName`, `lastName`, `role`, `skillSet_id`) VALUES ('1896', '6e819307-2ac2-46d6-ab72-ac62929f5bc5', 'bb4f6a96-07a3-4c9c-a1a1-206cc116f16f', 'PrincipalConsultant', '1896');
INSERT INTO `SkillSet` (`id`) VALUES ('1897');
INSERT INTO `SkillSet_skills` (`SkillSet_id`, `skills`) VALUES ('1897', 'dotNet');
INSERT INTO `SkillSet_skills` (`SkillSet_id`, `skills`) VALUES ('1897', 'Java');
INSERT INTO `SkillSet_skills` (`SkillSet_id`, `skills`) VALUES ('1897', 'Gradle');
INSERT INTO `Hero` (`id`, `firstName`, `lastName`, `role`, `skillSet_id`) VALUES ('1897', 'af8d34ce-91a0-44ae-8336-d34d1c39f86a', '2d362d4d-4e92-420d-8dfc-4170e7ae29d5', 'PrincipalConsultant', '1897');
INSERT INTO `SkillSet` (`id`) VALUES ('1898');
INSERT INTO `SkillSet_skills` (`SkillSet_id`, `skills`) VALUES ('1898', 'dotNet');
INSERT INTO `Hero` (`id`, `firstName`, `lastName`, `role`, `skillSet_id`) VALUES ('1898', '417475a9-063a-475b-9509-3025e817064a', '2b0c750a-4e8f-4ce1-ae65-03fdb191673a', 'JuniorSoftwareEngineer', '1898');
INSERT INTO `SkillSet` (`id`) VALUES ('1899');
INSERT INTO `SkillSet_skills` (`SkillSet_id`, `skills`) VALUES ('1899', 'SQL');
INSERT INTO `SkillSet_skills` (`SkillSet_id`, `skills`) VALUES ('1899', 'SQL');
INSERT INTO `SkillSet_skills` (`SkillSet_id`, `skills`) VALUES ('1899', 'UnitTesting');
INSERT INTO `SkillSet_skills` (`SkillSet_id`, `skills`) VALUES ('1899', 'Gradle');
INSERT INTO `Hero` (`id`, `firstName`, `lastName`, `role`, `skillSet_id`) VALUES ('1899', '6d154b18-bf87-4bff-92be-5784e25ba8d0', '16d862bd-989c-4452-86da-ec5a9428d013', 'JuniorSoftwareEngineer', '1899');
INSERT INTO `SkillSet` (`id`) VALUES ('1900');
INSERT INTO `SkillSet_skills` (`SkillSet_id`, `skills`) VALUES ('1900', 'UnitTesting');
INSERT INTO `SkillSet_skills` (`SkillSet_id`, `skills`) VALUES ('1900', 'Architektur');
INSERT INTO `Hero` (`id`, `firstName`, `lastName`, `role`, `skillSet_id`) VALUES ('1900', '4201ec7f-254a-4b2a-b432-d1a20793a2d4', 'e20bc70d-f87c-440b-b91a-4e9d6b147729', 'LeadSoftwareArchitect', '1900');
INSERT INTO `SkillSet` (`id`) VALUES ('1901');
INSERT INTO `SkillSet_skills` (`SkillSet_id`, `skills`) VALUES ('1901', 'SQL');
INSERT INTO `SkillSet_skills` (`SkillSet_id`, `skills`) VALUES ('1901', 'Maven');
INSERT INTO `SkillSet_skills` (`SkillSet_id`, `skills`) VALUES ('1901', 'Maven');
INSERT INTO `SkillSet_skills` (`SkillSet_id`, `skills`) VALUES ('1901', 'Java');
INSERT INTO `Hero` (`id`, `firstName`, `lastName`, `role`, `skillSet_id`) VALUES ('1901', '7cd2a7d5-0eb9-429f-a6c6-6de6804ed0ff', '6f0b3392-59f9-47d0-8981-3e6f49094d2b', 'LeadEngineer', '1901');
INSERT INTO `SkillSet` (`id`) VALUES ('1902');
INSERT INTO `SkillSet_skills` (`SkillSet_id`, `skills`) VALUES ('1902', 'Architektur');
INSERT INTO `SkillSet_skills` (`SkillSet_id`, `skills`) VALUES ('1902', 'Java');
INSERT INTO `Hero` (`id`, `firstName`, `lastName`, `role`, `skillSet_id`) VALUES ('1902', 'a69c8aeb-1359-4ab6-b9ad-38a992537586', '77851e43-5327-4fc9-af73-f9b2f8e9cd8e', 'PrincipalConsultant', '1902');
INSERT INTO `SkillSet` (`id`) VALUES ('1903');
INSERT INTO `SkillSet_skills` (`SkillSet_id`, `skills`) VALUES ('1903', 'Architektur');
INSERT INTO `Hero` (`id`, `firstName`, `lastName`, `role`, `skillSet_id`) VALUES ('1903', '7cfa5ef5-dbfe-4d31-844a-a0aa2876d68a', 'b3e39734-61a3-478f-8ef1-3902f459297d', 'LeadSoftwareArchitect', '1903');
INSERT INTO `SkillSet` (`id`) VALUES ('1904');
INSERT INTO `SkillSet_skills` (`SkillSet_id`, `skills`) VALUES ('1904', 'Maven');
INSERT INTO `SkillSet_skills` (`SkillSet_id`, `skills`) VALUES ('1904', 'UnitTesting');
INSERT INTO `SkillSet_skills` (`SkillSet_id`, `skills`) VALUES ('1904', 'Architektur');
INSERT INTO `SkillSet_skills` (`SkillSet_id`, `skills`) VALUES ('1904', 'Ant');
INSERT INTO `Hero` (`id`, `firstName`, `lastName`, `role`, `skillSet_id`) VALUES ('1904', '662ebf1d-8ac2-4d3d-b2b2-7d1a2dbefee8', 'c9497c24-7538-47eb-aea5-9fd73c3adaca', 'PrincipalConsultant', '1904');
INSERT INTO `SkillSet` (`id`) VALUES ('1905');
INSERT INTO `SkillSet_skills` (`SkillSet_id`, `skills`) VALUES ('1905', 'SQL');
INSERT INTO `SkillSet_skills` (`SkillSet_id`, `skills`) VALUES ('1905', 'SQL');
INSERT INTO `Hero` (`id`, `firstName`, `lastName`, `role`, `skillSet_id`) VALUES ('1905', 'ddfa3ebf-67eb-420d-9d48-2051cc90dd5b', '49261a7a-ac80-4ac4-b0f6-dfb839078c93', 'SoftwareEngineer', '1905');
INSERT INTO `SkillSet` (`id`) VALUES ('1906');
INSERT INTO `SkillSet_skills` (`SkillSet_id`, `skills`) VALUES ('1906', 'dotNet');
INSERT INTO `SkillSet_skills` (`SkillSet_id`, `skills`) VALUES ('1906', 'Ant');
INSERT INTO `SkillSet_skills` (`SkillSet_id`, `skills`) VALUES ('1906', 'Java');
INSERT INTO `SkillSet_skills` (`SkillSet_id`, `skills`) VALUES ('1906', 'Architektur');
INSERT INTO `SkillSet_skills` (`SkillSet_id`, `skills`) VALUES ('1906', 'Architektur');
INSERT INTO `Hero` (`id`, `firstName`, `lastName`, `role`, `skillSet_id`) VALUES ('1906', 'e3eba4e4-bd71-4015-9a80-875521d9ba5d', '66eab9ed-44ad-444b-92d0-d7709ce1e030', 'JuniorSoftwareEngineer', '1906');
INSERT INTO `SkillSet` (`id`) VALUES ('1907');
INSERT INTO `SkillSet_skills` (`SkillSet_id`, `skills`) VALUES ('1907', 'SQL');
INSERT INTO `Hero` (`id`, `firstName`, `lastName`, `role`, `skillSet_id`) VALUES ('1907', '59e19a19-fa71-49f2-b14b-eafc7e0260e6', '5c3c8657-c938-4185-b26e-6808d4b96a38', 'LeadEngineer', '1907');
INSERT INTO `SkillSet` (`id`) VALUES ('1908');
INSERT INTO `SkillSet_skills` (`SkillSet_id`, `skills`) VALUES ('1908', 'Architektur');
INSERT INTO `SkillSet_skills` (`SkillSet_id`, `skills`) VALUES ('1908', 'Architektur');
INSERT INTO `SkillSet_skills` (`SkillSet_id`, `skills`) VALUES ('1908', 'dotNet');
INSERT INTO `Hero` (`id`, `firstName`, `lastName`, `role`, `skillSet_id`) VALUES ('1908', 'ab668cdd-5235-4b6e-a5a0-526d137e5726', '5af70815-c959-4416-81d6-4972f7a4421d', 'SoftwareEngineer', '1908');
INSERT INTO `SkillSet` (`id`) VALUES ('1909');
INSERT INTO `SkillSet_skills` (`SkillSet_id`, `skills`) VALUES ('1909', 'SQL');
INSERT INTO `SkillSet_skills` (`SkillSet_id`, `skills`) VALUES ('1909', 'Gradle');
INSERT INTO `SkillSet_skills` (`SkillSet_id`, `skills`) VALUES ('1909', 'Java');
INSERT INTO `Hero` (`id`, `firstName`, `lastName`, `role`, `skillSet_id`) VALUES ('1909', 'dd1da83a-aa24-48ec-9fd6-ccbe8f268f78', 'e6d86c31-da92-4acb-a443-32f74566bd70', 'LeadEngineer', '1909');
INSERT INTO `SkillSet` (`id`) VALUES ('1910');
INSERT INTO `SkillSet_skills` (`SkillSet_id`, `skills`) VALUES ('1910', 'dotNet');
INSERT INTO `SkillSet_skills` (`SkillSet_id`, `skills`) VALUES ('1910', 'Architektur');
INSERT INTO `SkillSet_skills` (`SkillSet_id`, `skills`) VALUES ('1910', 'SQL');
INSERT INTO `SkillSet_skills` (`SkillSet_id`, `skills`) VALUES ('1910', 'SQL');
INSERT INTO `Hero` (`id`, `firstName`, `lastName`, `role`, `skillSet_id`) VALUES ('1910', '398acc7f-8b5e-41cc-b33e-d3ff67f53157', 'd6e37fde-0e98-4b99-b716-0ff89afb1cdc', 'PrincipalConsultant', '1910');
INSERT INTO `SkillSet` (`id`) VALUES ('1911');
INSERT INTO `SkillSet_skills` (`SkillSet_id`, `skills`) VALUES ('1911', 'Java');
INSERT INTO `SkillSet_skills` (`SkillSet_id`, `skills`) VALUES ('1911', 'Architektur');
INSERT INTO `SkillSet_skills` (`SkillSet_id`, `skills`) VALUES ('1911', 'SQL');
INSERT INTO `Hero` (`id`, `firstName`, `lastName`, `role`, `skillSet_id`) VALUES ('1911', '2cd6b11b-6581-42ef-aa39-02f17c072ba6', '5ef50aa3-049d-4940-8e20-cfb8b58041e8', 'LeadEngineer', '1911');
INSERT INTO `SkillSet` (`id`) VALUES ('1912');
INSERT INTO `SkillSet_skills` (`SkillSet_id`, `skills`) VALUES ('1912', 'Ant');
INSERT INTO `SkillSet_skills` (`SkillSet_id`, `skills`) VALUES ('1912', 'SQL');
INSERT INTO `SkillSet_skills` (`SkillSet_id`, `skills`) VALUES ('1912', 'Gradle');
INSERT INTO `SkillSet_skills` (`SkillSet_id`, `skills`) VALUES ('1912', 'UITesting');
INSERT INTO `SkillSet_skills` (`SkillSet_id`, `skills`) VALUES ('1912', 'UnitTesting');
INSERT INTO `Hero` (`id`, `firstName`, `lastName`, `role`, `skillSet_id`) VALUES ('1912', '14b69c82-6e36-4ea9-b198-d1050f82d4f1', '42eaf735-fbed-43ab-9599-9758ad7c17a0', 'JuniorSoftwareEngineer', '1912');
INSERT INTO `SkillSet` (`id`) VALUES ('1913');
INSERT INTO `SkillSet_skills` (`SkillSet_id`, `skills`) VALUES ('1913', 'dotNet');
INSERT INTO `SkillSet_skills` (`SkillSet_id`, `skills`) VALUES ('1913', 'UnitTesting');
INSERT INTO `SkillSet_skills` (`SkillSet_id`, `skills`) VALUES ('1913', 'Java');
INSERT INTO `SkillSet_skills` (`SkillSet_id`, `skills`) VALUES ('1913', 'Architektur');
INSERT INTO `SkillSet_skills` (`SkillSet_id`, `skills`) VALUES ('1913', 'Ant');
INSERT INTO `Hero` (`id`, `firstName`, `lastName`, `role`, `skillSet_id`) VALUES ('1913', '7de4385f-9deb-4552-95d0-f84207e90434', '779ea25b-3f7b-480e-8694-6fa2c71c6fc5', 'SeniorSoftwareEngineer', '1913');
INSERT INTO `SkillSet` (`id`) VALUES ('1914');
INSERT INTO `SkillSet_skills` (`SkillSet_id`, `skills`) VALUES ('1914', 'Ant');
INSERT INTO `SkillSet_skills` (`SkillSet_id`, `skills`) VALUES ('1914', 'Ant');
INSERT INTO `Hero` (`id`, `firstName`, `lastName`, `role`, `skillSet_id`) VALUES ('1914', 'fef6e5b3-e327-4ab6-a263-e4e3a07b15f3', '738fafb2-5b83-4286-9f17-be4f7a871abd', 'PrincipalConsultant', '1914');
INSERT INTO `SkillSet` (`id`) VALUES ('1915');
INSERT INTO `SkillSet_skills` (`SkillSet_id`, `skills`) VALUES ('1915', 'UITesting');
INSERT INTO `Hero` (`id`, `firstName`, `lastName`, `role`, `skillSet_id`) VALUES ('1915', '651b9d45-faf0-41e3-ab33-685db75165f2', '2b425fef-58b1-43d5-82ab-0715c8495bf5', 'SeniorSoftwareEngineer', '1915');
INSERT INTO `SkillSet` (`id`) VALUES ('1916');
INSERT INTO `SkillSet_skills` (`SkillSet_id`, `skills`) VALUES ('1916', 'Architektur');
INSERT INTO `SkillSet_skills` (`SkillSet_id`, `skills`) VALUES ('1916', 'UITesting');
INSERT INTO `SkillSet_skills` (`SkillSet_id`, `skills`) VALUES ('1916', 'Architektur');
INSERT INTO `SkillSet_skills` (`SkillSet_id`, `skills`) VALUES ('1916', 'Architektur');
INSERT INTO `Hero` (`id`, `firstName`, `lastName`, `role`, `skillSet_id`) VALUES ('1916', 'bbd0f55d-92cb-4f94-88e9-4f88e1dd9a64', '38e06b42-8d49-42fa-a1bc-d8474348eeb3', 'LeadEngineer', '1916');
INSERT INTO `SkillSet` (`id`) VALUES ('1917');
INSERT INTO `SkillSet_skills` (`SkillSet_id`, `skills`) VALUES ('1917', 'Gradle');
INSERT INTO `SkillSet_skills` (`SkillSet_id`, `skills`) VALUES ('1917', 'Ant');
INSERT INTO `Hero` (`id`, `firstName`, `lastName`, `role`, `skillSet_id`) VALUES ('1917', 'a3c02d9c-9262-40e9-9ff8-3690cf41a7ab', '7e2bc58b-1225-4fc6-a476-c697a0c678a7', 'LeadEngineer', '1917');
INSERT INTO `SkillSet` (`id`) VALUES ('1918');
INSERT INTO `SkillSet_skills` (`SkillSet_id`, `skills`) VALUES ('1918', 'Architektur');
INSERT INTO `SkillSet_skills` (`SkillSet_id`, `skills`) VALUES ('1918', 'Architektur');
INSERT INTO `SkillSet_skills` (`SkillSet_id`, `skills`) VALUES ('1918', 'dotNet');
INSERT INTO `SkillSet_skills` (`SkillSet_id`, `skills`) VALUES ('1918', 'UITesting');
INSERT INTO `Hero` (`id`, `firstName`, `lastName`, `role`, `skillSet_id`) VALUES ('1918', '22974676-0270-4738-99b5-f7ec64ebd1fe', '8d06fb01-f875-4cc4-b14c-1c537cb97220', 'SeniorSoftwareEngineer', '1918');
INSERT INTO `SkillSet` (`id`) VALUES ('1919');
INSERT INTO `SkillSet_skills` (`SkillSet_id`, `skills`) VALUES ('1919', 'SQL');
INSERT INTO `Hero` (`id`, `firstName`, `lastName`, `role`, `skillSet_id`) VALUES ('1919', '8d8e4ac9-fcdc-4a74-b3af-e3cb3ac31e20', 'c6dec4cb-0b22-434b-b154-ff3a6b361017', 'JuniorSoftwareEngineer', '1919');
INSERT INTO `SkillSet` (`id`) VALUES ('1920');
INSERT INTO `SkillSet_skills` (`SkillSet_id`, `skills`) VALUES ('1920', 'UnitTesting');
INSERT INTO `SkillSet_skills` (`SkillSet_id`, `skills`) VALUES ('1920', 'Architektur');
INSERT INTO `SkillSet_skills` (`SkillSet_id`, `skills`) VALUES ('1920', 'UITesting');
INSERT INTO `SkillSet_skills` (`SkillSet_id`, `skills`) VALUES ('1920', 'UITesting');
INSERT INTO `Hero` (`id`, `firstName`, `lastName`, `role`, `skillSet_id`) VALUES ('1920', '9cf2b620-e6f2-4038-8dc5-cbacd959dc20', '1abcc12c-e6f9-4f51-a24b-25e54a948128', 'LeadEngineer', '1920');
INSERT INTO `SkillSet` (`id`) VALUES ('1921');
INSERT INTO `SkillSet_skills` (`SkillSet_id`, `skills`) VALUES ('1921', 'dotNet');
INSERT INTO `SkillSet_skills` (`SkillSet_id`, `skills`) VALUES ('1921', 'SQL');
INSERT INTO `Hero` (`id`, `firstName`, `lastName`, `role`, `skillSet_id`) VALUES ('1921', 'c0875a11-a96b-47be-a9a2-d3e93dfc2790', 'a82d9114-7fb5-441f-88f6-3321a04626d0', 'LeadEngineer', '1921');
INSERT INTO `SkillSet` (`id`) VALUES ('1922');
INSERT INTO `SkillSet_skills` (`SkillSet_id`, `skills`) VALUES ('1922', 'Maven');
INSERT INTO `SkillSet_skills` (`SkillSet_id`, `skills`) VALUES ('1922', 'Gradle');
INSERT INTO `SkillSet_skills` (`SkillSet_id`, `skills`) VALUES ('1922', 'Maven');
INSERT INTO `Hero` (`id`, `firstName`, `lastName`, `role`, `skillSet_id`) VALUES ('1922', 'c236c84c-960e-4420-a105-0a590e71ace5', 'e7fc3d87-2cb6-43cd-b16e-721829f52e39', 'SoftwareEngineer', '1922');
INSERT INTO `SkillSet` (`id`) VALUES ('1923');
INSERT INTO `SkillSet_skills` (`SkillSet_id`, `skills`) VALUES ('1923', 'UnitTesting');
INSERT INTO `SkillSet_skills` (`SkillSet_id`, `skills`) VALUES ('1923', 'UnitTesting');
INSERT INTO `SkillSet_skills` (`SkillSet_id`, `skills`) VALUES ('1923', 'SQL');
INSERT INTO `Hero` (`id`, `firstName`, `lastName`, `role`, `skillSet_id`) VALUES ('1923', '9cac75ef-622b-4b37-86fe-05747fbcdf5b', '8bc6b3bd-eebd-44e8-ac5a-897b385365fe', 'PrincipalConsultant', '1923');
INSERT INTO `SkillSet` (`id`) VALUES ('1924');
INSERT INTO `SkillSet_skills` (`SkillSet_id`, `skills`) VALUES ('1924', 'Maven');
INSERT INTO `SkillSet_skills` (`SkillSet_id`, `skills`) VALUES ('1924', 'UITesting');
INSERT INTO `SkillSet_skills` (`SkillSet_id`, `skills`) VALUES ('1924', 'dotNet');
INSERT INTO `SkillSet_skills` (`SkillSet_id`, `skills`) VALUES ('1924', 'dotNet');
INSERT INTO `SkillSet_skills` (`SkillSet_id`, `skills`) VALUES ('1924', 'Gradle');
INSERT INTO `Hero` (`id`, `firstName`, `lastName`, `role`, `skillSet_id`) VALUES ('1924', 'd26ce041-c162-47e6-b3c9-df4f8ddcc674', '9c5f1ee3-ac71-4755-8461-53e0d0c76943', 'JuniorSoftwareEngineer', '1924');
INSERT INTO `SkillSet` (`id`) VALUES ('1925');
INSERT INTO `SkillSet_skills` (`SkillSet_id`, `skills`) VALUES ('1925', 'UnitTesting');
INSERT INTO `SkillSet_skills` (`SkillSet_id`, `skills`) VALUES ('1925', 'Architektur');
INSERT INTO `SkillSet_skills` (`SkillSet_id`, `skills`) VALUES ('1925', 'UITesting');
INSERT INTO `Hero` (`id`, `firstName`, `lastName`, `role`, `skillSet_id`) VALUES ('1925', 'dc4deaa6-72fa-4ab4-a4a0-02c130dcb863', '97dd38ea-0274-4e44-b937-a30cba643490', 'SeniorSoftwareEngineer', '1925');
INSERT INTO `SkillSet` (`id`) VALUES ('1926');
INSERT INTO `SkillSet_skills` (`SkillSet_id`, `skills`) VALUES ('1926', 'UITesting');
INSERT INTO `SkillSet_skills` (`SkillSet_id`, `skills`) VALUES ('1926', 'UITesting');
INSERT INTO `SkillSet_skills` (`SkillSet_id`, `skills`) VALUES ('1926', 'UnitTesting');
INSERT INTO `SkillSet_skills` (`SkillSet_id`, `skills`) VALUES ('1926', 'UITesting');
INSERT INTO `SkillSet_skills` (`SkillSet_id`, `skills`) VALUES ('1926', 'Maven');
INSERT INTO `Hero` (`id`, `firstName`, `lastName`, `role`, `skillSet_id`) VALUES ('1926', 'eca1a8e9-9e7f-46cb-9fb3-27f739cdd838', 'b6c4f736-a448-45bc-b950-88cd6088fdee', 'SoftwareEngineer', '1926');
INSERT INTO `SkillSet` (`id`) VALUES ('1927');
INSERT INTO `SkillSet_skills` (`SkillSet_id`, `skills`) VALUES ('1927', 'Ant');
INSERT INTO `SkillSet_skills` (`SkillSet_id`, `skills`) VALUES ('1927', 'dotNet');
INSERT INTO `Hero` (`id`, `firstName`, `lastName`, `role`, `skillSet_id`) VALUES ('1927', '10d468d0-e3fa-4df9-bc67-07dcfb9188f4', '9366bc33-d32a-461e-a96b-feed24bf3084', 'PrincipalConsultant', '1927');
INSERT INTO `SkillSet` (`id`) VALUES ('1928');
INSERT INTO `SkillSet_skills` (`SkillSet_id`, `skills`) VALUES ('1928', 'SQL');
INSERT INTO `SkillSet_skills` (`SkillSet_id`, `skills`) VALUES ('1928', 'Architektur');
INSERT INTO `Hero` (`id`, `firstName`, `lastName`, `role`, `skillSet_id`) VALUES ('1928', '56779901-7580-40fd-bd9b-94c8865701fe', '414f1569-d519-47ec-868c-a4cc3774ccc0', 'LeadSoftwareArchitect', '1928');
INSERT INTO `SkillSet` (`id`) VALUES ('1929');
INSERT INTO `SkillSet_skills` (`SkillSet_id`, `skills`) VALUES ('1929', 'dotNet');
INSERT INTO `SkillSet_skills` (`SkillSet_id`, `skills`) VALUES ('1929', 'Ant');
INSERT INTO `SkillSet_skills` (`SkillSet_id`, `skills`) VALUES ('1929', 'Architektur');
INSERT INTO `SkillSet_skills` (`SkillSet_id`, `skills`) VALUES ('1929', 'dotNet');
INSERT INTO `Hero` (`id`, `firstName`, `lastName`, `role`, `skillSet_id`) VALUES ('1929', 'f510bdad-e292-416c-834a-ae492247f68d', '4eddd946-3002-40bf-9a65-940f29e7d3d8', 'LeadEngineer', '1929');
INSERT INTO `SkillSet` (`id`) VALUES ('1930');
INSERT INTO `SkillSet_skills` (`SkillSet_id`, `skills`) VALUES ('1930', 'Gradle');
INSERT INTO `SkillSet_skills` (`SkillSet_id`, `skills`) VALUES ('1930', 'dotNet');
INSERT INTO `SkillSet_skills` (`SkillSet_id`, `skills`) VALUES ('1930', 'Gradle');
INSERT INTO `Hero` (`id`, `firstName`, `lastName`, `role`, `skillSet_id`) VALUES ('1930', '1563562c-2dd1-4e0b-8ed0-86c899a06256', '94f883c6-b2fd-475b-8817-8fc00ef89d2f', 'SoftwareEngineer', '1930');
INSERT INTO `SkillSet` (`id`) VALUES ('1931');
INSERT INTO `SkillSet_skills` (`SkillSet_id`, `skills`) VALUES ('1931', 'dotNet');
INSERT INTO `SkillSet_skills` (`SkillSet_id`, `skills`) VALUES ('1931', 'Maven');
INSERT INTO `SkillSet_skills` (`SkillSet_id`, `skills`) VALUES ('1931', 'SQL');
INSERT INTO `Hero` (`id`, `firstName`, `lastName`, `role`, `skillSet_id`) VALUES ('1931', '2a385b93-961a-43ab-a90c-592e6c51b4b9', 'e89dfb0c-60ad-41b5-a0b6-fda79a174e5c', 'LeadEngineer', '1931');
INSERT INTO `SkillSet` (`id`) VALUES ('1932');
INSERT INTO `SkillSet_skills` (`SkillSet_id`, `skills`) VALUES ('1932', 'Java');
INSERT INTO `SkillSet_skills` (`SkillSet_id`, `skills`) VALUES ('1932', 'Gradle');
INSERT INTO `SkillSet_skills` (`SkillSet_id`, `skills`) VALUES ('1932', 'UITesting');
INSERT INTO `Hero` (`id`, `firstName`, `lastName`, `role`, `skillSet_id`) VALUES ('1932', '7c1c1aa9-7d1d-48eb-b122-41cd836e80ef', 'e5998620-9299-46c6-8916-8f20cfeb6a94', 'SeniorSoftwareEngineer', '1932');
INSERT INTO `SkillSet` (`id`) VALUES ('1933');
INSERT INTO `SkillSet_skills` (`SkillSet_id`, `skills`) VALUES ('1933', 'SQL');
INSERT INTO `SkillSet_skills` (`SkillSet_id`, `skills`) VALUES ('1933', 'Gradle');
INSERT INTO `SkillSet_skills` (`SkillSet_id`, `skills`) VALUES ('1933', 'Maven');
INSERT INTO `SkillSet_skills` (`SkillSet_id`, `skills`) VALUES ('1933', 'Gradle');
INSERT INTO `Hero` (`id`, `firstName`, `lastName`, `role`, `skillSet_id`) VALUES ('1933', 'ece11bbb-953d-41a6-9d83-73825d0968d0', 'e9def00d-f0d0-4b34-be2c-10222acd9287', 'SoftwareEngineer', '1933');
INSERT INTO `SkillSet` (`id`) VALUES ('1934');
INSERT INTO `SkillSet_skills` (`SkillSet_id`, `skills`) VALUES ('1934', 'Gradle');
INSERT INTO `Hero` (`id`, `firstName`, `lastName`, `role`, `skillSet_id`) VALUES ('1934', '0455092c-d96b-42a3-9124-bb5e5b0ff90e', 'e67e4a0e-9dd9-4efe-99ad-862aaa94252a', 'LeadEngineer', '1934');
INSERT INTO `SkillSet` (`id`) VALUES ('1935');
INSERT INTO `SkillSet_skills` (`SkillSet_id`, `skills`) VALUES ('1935', 'UITesting');
INSERT INTO `SkillSet_skills` (`SkillSet_id`, `skills`) VALUES ('1935', 'UITesting');
INSERT INTO `Hero` (`id`, `firstName`, `lastName`, `role`, `skillSet_id`) VALUES ('1935', '290e7844-ac73-4981-bea1-f491263cf4a5', '35a302d7-8ea9-4b96-ac56-d81758bd7a57', 'JuniorSoftwareEngineer', '1935');
INSERT INTO `SkillSet` (`id`) VALUES ('1936');
INSERT INTO `SkillSet_skills` (`SkillSet_id`, `skills`) VALUES ('1936', 'Gradle');
INSERT INTO `SkillSet_skills` (`SkillSet_id`, `skills`) VALUES ('1936', 'UnitTesting');
INSERT INTO `SkillSet_skills` (`SkillSet_id`, `skills`) VALUES ('1936', 'UITesting');
INSERT INTO `Hero` (`id`, `firstName`, `lastName`, `role`, `skillSet_id`) VALUES ('1936', 'b92a12dc-6d32-47bf-8c42-e702d925a71c', 'b157f345-e04a-4adc-ad0d-c063e0f7f9b6', 'JuniorSoftwareEngineer', '1936');
INSERT INTO `SkillSet` (`id`) VALUES ('1937');
INSERT INTO `SkillSet_skills` (`SkillSet_id`, `skills`) VALUES ('1937', 'dotNet');
INSERT INTO `SkillSet_skills` (`SkillSet_id`, `skills`) VALUES ('1937', 'UITesting');
INSERT INTO `SkillSet_skills` (`SkillSet_id`, `skills`) VALUES ('1937', 'Ant');
INSERT INTO `SkillSet_skills` (`SkillSet_id`, `skills`) VALUES ('1937', 'dotNet');
INSERT INTO `SkillSet_skills` (`SkillSet_id`, `skills`) VALUES ('1937', 'Architektur');
INSERT INTO `Hero` (`id`, `firstName`, `lastName`, `role`, `skillSet_id`) VALUES ('1937', '6b06d07b-71ed-473a-85a4-1f4c6426814c', 'aaf99f32-e422-4a3e-951b-05667933797e', 'JuniorSoftwareEngineer', '1937');
INSERT INTO `SkillSet` (`id`) VALUES ('1938');
INSERT INTO `SkillSet_skills` (`SkillSet_id`, `skills`) VALUES ('1938', 'UITesting');
INSERT INTO `SkillSet_skills` (`SkillSet_id`, `skills`) VALUES ('1938', 'UnitTesting');
INSERT INTO `SkillSet_skills` (`SkillSet_id`, `skills`) VALUES ('1938', 'Java');
INSERT INTO `SkillSet_skills` (`SkillSet_id`, `skills`) VALUES ('1938', 'Java');
INSERT INTO `Hero` (`id`, `firstName`, `lastName`, `role`, `skillSet_id`) VALUES ('1938', 'c4246c30-9d3c-4c77-bd14-903a8c7318e4', 'dabf0440-6caf-48d4-a3aa-b6333664d76b', 'LeadSoftwareArchitect', '1938');
INSERT INTO `SkillSet` (`id`) VALUES ('1939');
INSERT INTO `SkillSet_skills` (`SkillSet_id`, `skills`) VALUES ('1939', 'Ant');
INSERT INTO `SkillSet_skills` (`SkillSet_id`, `skills`) VALUES ('1939', 'UnitTesting');
INSERT INTO `SkillSet_skills` (`SkillSet_id`, `skills`) VALUES ('1939', 'Java');
INSERT INTO `Hero` (`id`, `firstName`, `lastName`, `role`, `skillSet_id`) VALUES ('1939', 'e23bba8e-ce4b-4b95-a25c-f99d90d0dbdf', '92e72b4e-01b7-48e5-b055-68e87df302dc', 'SoftwareEngineer', '1939');
INSERT INTO `SkillSet` (`id`) VALUES ('1940');
INSERT INTO `SkillSet_skills` (`SkillSet_id`, `skills`) VALUES ('1940', 'Architektur');
INSERT INTO `Hero` (`id`, `firstName`, `lastName`, `role`, `skillSet_id`) VALUES ('1940', '62f18be0-35a4-4d78-beac-291669de752c', '502847a9-5b84-4194-ab29-ce35dcf089a1', 'SoftwareEngineer', '1940');
INSERT INTO `SkillSet` (`id`) VALUES ('1941');
INSERT INTO `SkillSet_skills` (`SkillSet_id`, `skills`) VALUES ('1941', 'Gradle');
INSERT INTO `SkillSet_skills` (`SkillSet_id`, `skills`) VALUES ('1941', 'SQL');
INSERT INTO `Hero` (`id`, `firstName`, `lastName`, `role`, `skillSet_id`) VALUES ('1941', '661a0bc8-38ac-4ca9-a6ba-22031ad45d05', '35f3bf2e-08ae-4b60-a1c8-ab7609ca3634', 'PrincipalConsultant', '1941');
INSERT INTO `SkillSet` (`id`) VALUES ('1942');
INSERT INTO `SkillSet_skills` (`SkillSet_id`, `skills`) VALUES ('1942', 'UnitTesting');
INSERT INTO `Hero` (`id`, `firstName`, `lastName`, `role`, `skillSet_id`) VALUES ('1942', '95f16024-4834-4774-ae5e-7dd4dfe6b0a7', 'cfa32788-69cc-49a7-b05a-059f2f35ceee', 'JuniorSoftwareEngineer', '1942');
INSERT INTO `SkillSet` (`id`) VALUES ('1943');
INSERT INTO `SkillSet_skills` (`SkillSet_id`, `skills`) VALUES ('1943', 'UnitTesting');
INSERT INTO `SkillSet_skills` (`SkillSet_id`, `skills`) VALUES ('1943', 'UITesting');
INSERT INTO `SkillSet_skills` (`SkillSet_id`, `skills`) VALUES ('1943', 'Java');
INSERT INTO `SkillSet_skills` (`SkillSet_id`, `skills`) VALUES ('1943', 'dotNet');
INSERT INTO `SkillSet_skills` (`SkillSet_id`, `skills`) VALUES ('1943', 'UITesting');
INSERT INTO `Hero` (`id`, `firstName`, `lastName`, `role`, `skillSet_id`) VALUES ('1943', '6d50c5eb-c17d-4d21-8a95-2e4366caf68d', '9c7125fb-8f7b-4073-8f73-0d505de6f6ef', 'SeniorSoftwareEngineer', '1943');
INSERT INTO `SkillSet` (`id`) VALUES ('1944');
INSERT INTO `SkillSet_skills` (`SkillSet_id`, `skills`) VALUES ('1944', 'Gradle');
INSERT INTO `SkillSet_skills` (`SkillSet_id`, `skills`) VALUES ('1944', 'Gradle');
INSERT INTO `SkillSet_skills` (`SkillSet_id`, `skills`) VALUES ('1944', 'Maven');
INSERT INTO `SkillSet_skills` (`SkillSet_id`, `skills`) VALUES ('1944', 'dotNet');
INSERT INTO `SkillSet_skills` (`SkillSet_id`, `skills`) VALUES ('1944', 'SQL');
INSERT INTO `Hero` (`id`, `firstName`, `lastName`, `role`, `skillSet_id`) VALUES ('1944', 'f66eb00e-120f-436d-88f7-9201014c0fac', 'a93148ae-7423-4c62-bd21-8987757329f7', 'LeadSoftwareArchitect', '1944');
INSERT INTO `SkillSet` (`id`) VALUES ('1945');
INSERT INTO `SkillSet_skills` (`SkillSet_id`, `skills`) VALUES ('1945', 'dotNet');
INSERT INTO `SkillSet_skills` (`SkillSet_id`, `skills`) VALUES ('1945', 'SQL');
INSERT INTO `Hero` (`id`, `firstName`, `lastName`, `role`, `skillSet_id`) VALUES ('1945', 'a16119de-7f93-4ee3-9461-90c062303170', '5bf79277-e047-4a56-9c01-0c0c78a23d10', 'SeniorSoftwareEngineer', '1945');
INSERT INTO `SkillSet` (`id`) VALUES ('1946');
INSERT INTO `SkillSet_skills` (`SkillSet_id`, `skills`) VALUES ('1946', 'UITesting');
INSERT INTO `SkillSet_skills` (`SkillSet_id`, `skills`) VALUES ('1946', 'dotNet');
INSERT INTO `SkillSet_skills` (`SkillSet_id`, `skills`) VALUES ('1946', 'dotNet');
INSERT INTO `SkillSet_skills` (`SkillSet_id`, `skills`) VALUES ('1946', 'Gradle');
INSERT INTO `Hero` (`id`, `firstName`, `lastName`, `role`, `skillSet_id`) VALUES ('1946', 'a988c7ad-884b-47e0-abd9-a9f9b64d710f', 'e73fd627-1f22-4b70-936f-de21bc3872ba', 'JuniorSoftwareEngineer', '1946');
INSERT INTO `SkillSet` (`id`) VALUES ('1947');
INSERT INTO `SkillSet_skills` (`SkillSet_id`, `skills`) VALUES ('1947', 'Java');
INSERT INTO `SkillSet_skills` (`SkillSet_id`, `skills`) VALUES ('1947', 'UITesting');
INSERT INTO `SkillSet_skills` (`SkillSet_id`, `skills`) VALUES ('1947', 'UITesting');
INSERT INTO `Hero` (`id`, `firstName`, `lastName`, `role`, `skillSet_id`) VALUES ('1947', '9e7362c1-7d37-4550-932c-794fbcc018cf', 'de7c04d8-327b-45aa-8351-94d573e8908e', 'SoftwareEngineer', '1947');
INSERT INTO `SkillSet` (`id`) VALUES ('1948');
INSERT INTO `SkillSet_skills` (`SkillSet_id`, `skills`) VALUES ('1948', 'Architektur');
INSERT INTO `SkillSet_skills` (`SkillSet_id`, `skills`) VALUES ('1948', 'Architektur');
INSERT INTO `Hero` (`id`, `firstName`, `lastName`, `role`, `skillSet_id`) VALUES ('1948', '936f2192-f927-44b6-aeed-808a5295a209', '8b0b2e90-e165-425c-82ae-16a7af051a50', 'PrincipalConsultant', '1948');
INSERT INTO `SkillSet` (`id`) VALUES ('1949');
INSERT INTO `SkillSet_skills` (`SkillSet_id`, `skills`) VALUES ('1949', 'Architektur');
INSERT INTO `Hero` (`id`, `firstName`, `lastName`, `role`, `skillSet_id`) VALUES ('1949', '8e22b770-25c1-4cc9-8161-0e4dc08b67d3', 'b7d05d7f-df7f-44b4-961a-876037610b8e', 'SoftwareEngineer', '1949');
INSERT INTO `SkillSet` (`id`) VALUES ('1950');
INSERT INTO `SkillSet_skills` (`SkillSet_id`, `skills`) VALUES ('1950', 'SQL');
INSERT INTO `SkillSet_skills` (`SkillSet_id`, `skills`) VALUES ('1950', 'SQL');
INSERT INTO `SkillSet_skills` (`SkillSet_id`, `skills`) VALUES ('1950', 'SQL');
INSERT INTO `SkillSet_skills` (`SkillSet_id`, `skills`) VALUES ('1950', 'Maven');
INSERT INTO `SkillSet_skills` (`SkillSet_id`, `skills`) VALUES ('1950', 'Java');
INSERT INTO `Hero` (`id`, `firstName`, `lastName`, `role`, `skillSet_id`) VALUES ('1950', 'e9900e2e-ea50-4c7d-811d-a934dee86864', 'a580ad16-3a38-4d43-9c2a-620ca94990d6', 'SeniorSoftwareEngineer', '1950');
INSERT INTO `SkillSet` (`id`) VALUES ('1951');
INSERT INTO `SkillSet_skills` (`SkillSet_id`, `skills`) VALUES ('1951', 'Ant');
INSERT INTO `Hero` (`id`, `firstName`, `lastName`, `role`, `skillSet_id`) VALUES ('1951', '4faacc4d-7209-4762-b10f-78970a7e7f10', '329444c0-27fa-4aff-84da-fcc6ddecea59', 'LeadEngineer', '1951');
INSERT INTO `SkillSet` (`id`) VALUES ('1952');
INSERT INTO `SkillSet_skills` (`SkillSet_id`, `skills`) VALUES ('1952', 'Maven');
INSERT INTO `SkillSet_skills` (`SkillSet_id`, `skills`) VALUES ('1952', 'SQL');
INSERT INTO `SkillSet_skills` (`SkillSet_id`, `skills`) VALUES ('1952', 'Architektur');
INSERT INTO `SkillSet_skills` (`SkillSet_id`, `skills`) VALUES ('1952', 'SQL');
INSERT INTO `SkillSet_skills` (`SkillSet_id`, `skills`) VALUES ('1952', 'Java');
INSERT INTO `Hero` (`id`, `firstName`, `lastName`, `role`, `skillSet_id`) VALUES ('1952', 'cf6e6704-d09c-4d5a-84bb-a490b41bd8f8', '6583757d-c90d-443a-8f03-62d480dfe2b2', 'JuniorSoftwareEngineer', '1952');
INSERT INTO `SkillSet` (`id`) VALUES ('1953');
INSERT INTO `SkillSet_skills` (`SkillSet_id`, `skills`) VALUES ('1953', 'Java');
INSERT INTO `SkillSet_skills` (`SkillSet_id`, `skills`) VALUES ('1953', 'SQL');
INSERT INTO `Hero` (`id`, `firstName`, `lastName`, `role`, `skillSet_id`) VALUES ('1953', '4f95f388-fd76-4246-bb5c-654644ac33e1', '30f5f8ea-a184-4705-ab86-404ecc839c04', 'LeadSoftwareArchitect', '1953');
INSERT INTO `SkillSet` (`id`) VALUES ('1954');
INSERT INTO `SkillSet_skills` (`SkillSet_id`, `skills`) VALUES ('1954', 'Architektur');
INSERT INTO `SkillSet_skills` (`SkillSet_id`, `skills`) VALUES ('1954', 'Ant');
INSERT INTO `SkillSet_skills` (`SkillSet_id`, `skills`) VALUES ('1954', 'dotNet');
INSERT INTO `Hero` (`id`, `firstName`, `lastName`, `role`, `skillSet_id`) VALUES ('1954', 'cb3ecd9c-d3dc-4624-bb19-547a0f55a961', 'a3cc1783-b0ee-4b81-b47f-3e2c0da192c3', 'SoftwareEngineer', '1954');
INSERT INTO `SkillSet` (`id`) VALUES ('1955');
INSERT INTO `SkillSet_skills` (`SkillSet_id`, `skills`) VALUES ('1955', 'Maven');
INSERT INTO `SkillSet_skills` (`SkillSet_id`, `skills`) VALUES ('1955', 'UnitTesting');
INSERT INTO `SkillSet_skills` (`SkillSet_id`, `skills`) VALUES ('1955', 'dotNet');
INSERT INTO `SkillSet_skills` (`SkillSet_id`, `skills`) VALUES ('1955', 'Ant');
INSERT INTO `Hero` (`id`, `firstName`, `lastName`, `role`, `skillSet_id`) VALUES ('1955', '6291d21d-42df-47e2-9ce7-d459fc28ae2b', 'e5a07de5-1a57-4792-85c0-7cfe9007ea43', 'JuniorSoftwareEngineer', '1955');
INSERT INTO `SkillSet` (`id`) VALUES ('1956');
INSERT INTO `SkillSet_skills` (`SkillSet_id`, `skills`) VALUES ('1956', 'dotNet');
INSERT INTO `Hero` (`id`, `firstName`, `lastName`, `role`, `skillSet_id`) VALUES ('1956', 'dc7fb5f6-0b51-4cc2-a96e-76ddf49443c0', 'd2fb5371-91c5-4668-8a4c-0407e1398635', 'LeadSoftwareArchitect', '1956');
INSERT INTO `SkillSet` (`id`) VALUES ('1957');
INSERT INTO `SkillSet_skills` (`SkillSet_id`, `skills`) VALUES ('1957', 'Java');
INSERT INTO `SkillSet_skills` (`SkillSet_id`, `skills`) VALUES ('1957', 'Java');
INSERT INTO `SkillSet_skills` (`SkillSet_id`, `skills`) VALUES ('1957', 'UnitTesting');
INSERT INTO `SkillSet_skills` (`SkillSet_id`, `skills`) VALUES ('1957', 'SQL');
INSERT INTO `Hero` (`id`, `firstName`, `lastName`, `role`, `skillSet_id`) VALUES ('1957', '2834c909-93a1-4f5f-b18a-7c1047f9ca70', 'af387eee-237d-4f93-a3fb-2c1b46b46e34', 'LeadEngineer', '1957');
INSERT INTO `SkillSet` (`id`) VALUES ('1958');
INSERT INTO `SkillSet_skills` (`SkillSet_id`, `skills`) VALUES ('1958', 'Gradle');
INSERT INTO `SkillSet_skills` (`SkillSet_id`, `skills`) VALUES ('1958', 'Gradle');
INSERT INTO `SkillSet_skills` (`SkillSet_id`, `skills`) VALUES ('1958', 'Java');
INSERT INTO `SkillSet_skills` (`SkillSet_id`, `skills`) VALUES ('1958', 'dotNet');
INSERT INTO `Hero` (`id`, `firstName`, `lastName`, `role`, `skillSet_id`) VALUES ('1958', '6c985ac0-8061-41c1-8ff1-2abb06058e57', '15ff0e3e-ff29-4a76-b203-350e399636c3', 'JuniorSoftwareEngineer', '1958');
INSERT INTO `SkillSet` (`id`) VALUES ('1959');
INSERT INTO `SkillSet_skills` (`SkillSet_id`, `skills`) VALUES ('1959', 'Architektur');
INSERT INTO `SkillSet_skills` (`SkillSet_id`, `skills`) VALUES ('1959', 'Ant');
INSERT INTO `SkillSet_skills` (`SkillSet_id`, `skills`) VALUES ('1959', 'UITesting');
INSERT INTO `SkillSet_skills` (`SkillSet_id`, `skills`) VALUES ('1959', 'Architektur');
INSERT INTO `Hero` (`id`, `firstName`, `lastName`, `role`, `skillSet_id`) VALUES ('1959', '187e0bef-b952-4576-9b40-2d99fc00502a', 'ca43e138-1bcb-4575-b5f2-08f46206b831', 'PrincipalConsultant', '1959');
INSERT INTO `SkillSet` (`id`) VALUES ('1960');
INSERT INTO `SkillSet_skills` (`SkillSet_id`, `skills`) VALUES ('1960', 'UnitTesting');
INSERT INTO `Hero` (`id`, `firstName`, `lastName`, `role`, `skillSet_id`) VALUES ('1960', 'c139a615-c850-4d95-96ab-1135083cf93a', 'dfcd7686-a013-4452-976c-c9640c0a8d48', 'LeadSoftwareArchitect', '1960');
INSERT INTO `SkillSet` (`id`) VALUES ('1961');
INSERT INTO `SkillSet_skills` (`SkillSet_id`, `skills`) VALUES ('1961', 'Ant');
INSERT INTO `SkillSet_skills` (`SkillSet_id`, `skills`) VALUES ('1961', 'SQL');
INSERT INTO `SkillSet_skills` (`SkillSet_id`, `skills`) VALUES ('1961', 'UITesting');
INSERT INTO `SkillSet_skills` (`SkillSet_id`, `skills`) VALUES ('1961', 'Gradle');
INSERT INTO `Hero` (`id`, `firstName`, `lastName`, `role`, `skillSet_id`) VALUES ('1961', '681bc4c5-4a9c-494a-aa51-285ddbd2fa44', '81619cdd-33f1-4866-9377-f19fdab2115b', 'LeadSoftwareArchitect', '1961');
INSERT INTO `SkillSet` (`id`) VALUES ('1962');
INSERT INTO `SkillSet_skills` (`SkillSet_id`, `skills`) VALUES ('1962', 'Java');
INSERT INTO `SkillSet_skills` (`SkillSet_id`, `skills`) VALUES ('1962', 'Java');
INSERT INTO `SkillSet_skills` (`SkillSet_id`, `skills`) VALUES ('1962', 'UITesting');
INSERT INTO `Hero` (`id`, `firstName`, `lastName`, `role`, `skillSet_id`) VALUES ('1962', '23d048f1-f9f7-46be-b5f5-54d724e7b6b5', '6e533e64-72e5-4029-a47a-8855d565a8d8', 'LeadSoftwareArchitect', '1962');
INSERT INTO `SkillSet` (`id`) VALUES ('1963');
INSERT INTO `SkillSet_skills` (`SkillSet_id`, `skills`) VALUES ('1963', 'Architektur');
INSERT INTO `Hero` (`id`, `firstName`, `lastName`, `role`, `skillSet_id`) VALUES ('1963', '05de2bd7-dd24-4b7b-b628-c82b00fece86', '19993f8c-b2ea-49ea-9fc9-b335de1cb813', 'SeniorSoftwareEngineer', '1963');
INSERT INTO `SkillSet` (`id`) VALUES ('1964');
INSERT INTO `SkillSet_skills` (`SkillSet_id`, `skills`) VALUES ('1964', 'Java');
INSERT INTO `Hero` (`id`, `firstName`, `lastName`, `role`, `skillSet_id`) VALUES ('1964', '26545c08-1cd4-4c6a-b8f8-d00a3768679b', '171a8dca-57cb-4251-9fc6-ba6954ccab1e', 'SeniorSoftwareEngineer', '1964');
INSERT INTO `SkillSet` (`id`) VALUES ('1965');
INSERT INTO `SkillSet_skills` (`SkillSet_id`, `skills`) VALUES ('1965', 'Ant');
INSERT INTO `SkillSet_skills` (`SkillSet_id`, `skills`) VALUES ('1965', 'Architektur');
INSERT INTO `SkillSet_skills` (`SkillSet_id`, `skills`) VALUES ('1965', 'Maven');
INSERT INTO `SkillSet_skills` (`SkillSet_id`, `skills`) VALUES ('1965', 'Gradle');
INSERT INTO `Hero` (`id`, `firstName`, `lastName`, `role`, `skillSet_id`) VALUES ('1965', '012e81e0-499d-4e52-b640-09ed5748fc64', '70cfbddb-96df-487f-acbf-9ebada3da287', 'LeadSoftwareArchitect', '1965');
INSERT INTO `SkillSet` (`id`) VALUES ('1966');
INSERT INTO `SkillSet_skills` (`SkillSet_id`, `skills`) VALUES ('1966', 'Architektur');
INSERT INTO `Hero` (`id`, `firstName`, `lastName`, `role`, `skillSet_id`) VALUES ('1966', '9289aecc-7fe5-4e90-ba70-72d454c10095', 'b51ef3e4-8c9b-4a97-b62a-62ee1454c990', 'LeadEngineer', '1966');
INSERT INTO `SkillSet` (`id`) VALUES ('1967');
INSERT INTO `SkillSet_skills` (`SkillSet_id`, `skills`) VALUES ('1967', 'SQL');
INSERT INTO `SkillSet_skills` (`SkillSet_id`, `skills`) VALUES ('1967', 'Java');
INSERT INTO `SkillSet_skills` (`SkillSet_id`, `skills`) VALUES ('1967', 'SQL');
INSERT INTO `Hero` (`id`, `firstName`, `lastName`, `role`, `skillSet_id`) VALUES ('1967', 'cbf22db5-b06e-4f07-bac8-7f6376a3f817', '5e48ea27-4300-4233-b6fb-7f9e9863c64c', 'JuniorSoftwareEngineer', '1967');
INSERT INTO `SkillSet` (`id`) VALUES ('1968');
INSERT INTO `SkillSet_skills` (`SkillSet_id`, `skills`) VALUES ('1968', 'UnitTesting');
INSERT INTO `SkillSet_skills` (`SkillSet_id`, `skills`) VALUES ('1968', 'UITesting');
INSERT INTO `Hero` (`id`, `firstName`, `lastName`, `role`, `skillSet_id`) VALUES ('1968', '6a3200b0-b19c-4609-b2dc-36b47c88e0c3', '17bc5022-c14a-4d2f-ae2e-660d27b1c233', 'PrincipalConsultant', '1968');
INSERT INTO `SkillSet` (`id`) VALUES ('1969');
INSERT INTO `SkillSet_skills` (`SkillSet_id`, `skills`) VALUES ('1969', 'dotNet');
INSERT INTO `SkillSet_skills` (`SkillSet_id`, `skills`) VALUES ('1969', 'UITesting');
INSERT INTO `SkillSet_skills` (`SkillSet_id`, `skills`) VALUES ('1969', 'Ant');
INSERT INTO `SkillSet_skills` (`SkillSet_id`, `skills`) VALUES ('1969', 'Maven');
INSERT INTO `Hero` (`id`, `firstName`, `lastName`, `role`, `skillSet_id`) VALUES ('1969', '4e96176a-ec35-47a5-bdf9-8c1607d50e36', 'c1b9869f-1246-430f-b8c7-27b659aacfe1', 'SeniorSoftwareEngineer', '1969');
INSERT INTO `SkillSet` (`id`) VALUES ('1970');
INSERT INTO `SkillSet_skills` (`SkillSet_id`, `skills`) VALUES ('1970', 'Architektur');
INSERT INTO `Hero` (`id`, `firstName`, `lastName`, `role`, `skillSet_id`) VALUES ('1970', 'f716e210-a084-42d8-b9f0-5b944987c739', 'fbdcdb74-86c5-422b-9bb0-18f96759653a', 'LeadSoftwareArchitect', '1970');
INSERT INTO `SkillSet` (`id`) VALUES ('1971');
INSERT INTO `SkillSet_skills` (`SkillSet_id`, `skills`) VALUES ('1971', 'UITesting');
INSERT INTO `SkillSet_skills` (`SkillSet_id`, `skills`) VALUES ('1971', 'Java');
INSERT INTO `Hero` (`id`, `firstName`, `lastName`, `role`, `skillSet_id`) VALUES ('1971', 'dfb3a857-ef34-4fae-aad9-367192e7e5d1', '8b1ad881-cd58-40fc-bb12-583134b75096', 'SeniorSoftwareEngineer', '1971');
INSERT INTO `SkillSet` (`id`) VALUES ('1972');
INSERT INTO `SkillSet_skills` (`SkillSet_id`, `skills`) VALUES ('1972', 'Gradle');
INSERT INTO `SkillSet_skills` (`SkillSet_id`, `skills`) VALUES ('1972', 'UnitTesting');
INSERT INTO `SkillSet_skills` (`SkillSet_id`, `skills`) VALUES ('1972', 'UITesting');
INSERT INTO `SkillSet_skills` (`SkillSet_id`, `skills`) VALUES ('1972', 'Architektur');
INSERT INTO `SkillSet_skills` (`SkillSet_id`, `skills`) VALUES ('1972', 'UnitTesting');
INSERT INTO `Hero` (`id`, `firstName`, `lastName`, `role`, `skillSet_id`) VALUES ('1972', 'cc29c0c6-6160-42e0-a4c9-e643fd154553', '6d4425bf-173c-44e1-9402-9dc7c539cd1d', 'LeadEngineer', '1972');
INSERT INTO `SkillSet` (`id`) VALUES ('1973');
INSERT INTO `SkillSet_skills` (`SkillSet_id`, `skills`) VALUES ('1973', 'Architektur');
INSERT INTO `SkillSet_skills` (`SkillSet_id`, `skills`) VALUES ('1973', 'Maven');
INSERT INTO `Hero` (`id`, `firstName`, `lastName`, `role`, `skillSet_id`) VALUES ('1973', 'f04f2521-2cc8-41bb-bb9d-f5eb945571a6', 'f4f76d36-cad8-455e-94e9-fd1f7d73ffe3', 'PrincipalConsultant', '1973');
INSERT INTO `SkillSet` (`id`) VALUES ('1974');
INSERT INTO `SkillSet_skills` (`SkillSet_id`, `skills`) VALUES ('1974', 'Architektur');
INSERT INTO `Hero` (`id`, `firstName`, `lastName`, `role`, `skillSet_id`) VALUES ('1974', 'f24056aa-7f2a-4c25-ae2b-d7340a462447', 'd8bbbb4f-394a-4641-ad1c-ed33d847c2af', 'PrincipalConsultant', '1974');
INSERT INTO `SkillSet` (`id`) VALUES ('1975');
INSERT INTO `SkillSet_skills` (`SkillSet_id`, `skills`) VALUES ('1975', 'Java');
INSERT INTO `Hero` (`id`, `firstName`, `lastName`, `role`, `skillSet_id`) VALUES ('1975', '882f25c2-f2c2-4039-b4c1-051c8c097ce7', 'd2fe5a6f-f787-4a76-90ba-d9972ccb60b3', 'JuniorSoftwareEngineer', '1975');
INSERT INTO `SkillSet` (`id`) VALUES ('1976');
INSERT INTO `SkillSet_skills` (`SkillSet_id`, `skills`) VALUES ('1976', 'UnitTesting');
INSERT INTO `SkillSet_skills` (`SkillSet_id`, `skills`) VALUES ('1976', 'Maven');
INSERT INTO `SkillSet_skills` (`SkillSet_id`, `skills`) VALUES ('1976', 'Ant');
INSERT INTO `Hero` (`id`, `firstName`, `lastName`, `role`, `skillSet_id`) VALUES ('1976', '90bc9e7f-4fa0-44bd-ad3b-bd7a6433402c', '458b3ee4-c266-409a-b1f9-0a30e8510bd6', 'SoftwareEngineer', '1976');
INSERT INTO `SkillSet` (`id`) VALUES ('1977');
INSERT INTO `SkillSet_skills` (`SkillSet_id`, `skills`) VALUES ('1977', 'Maven');
INSERT INTO `SkillSet_skills` (`SkillSet_id`, `skills`) VALUES ('1977', 'dotNet');
INSERT INTO `SkillSet_skills` (`SkillSet_id`, `skills`) VALUES ('1977', 'Maven');
INSERT INTO `SkillSet_skills` (`SkillSet_id`, `skills`) VALUES ('1977', 'UnitTesting');
INSERT INTO `SkillSet_skills` (`SkillSet_id`, `skills`) VALUES ('1977', 'Maven');
INSERT INTO `Hero` (`id`, `firstName`, `lastName`, `role`, `skillSet_id`) VALUES ('1977', '63fb76f8-6bbe-423d-aa95-e1b5126507ef', 'ed08dee8-9c15-4edf-91fd-844c664247f5', 'LeadEngineer', '1977');
INSERT INTO `SkillSet` (`id`) VALUES ('1978');
INSERT INTO `SkillSet_skills` (`SkillSet_id`, `skills`) VALUES ('1978', 'Gradle');
INSERT INTO `SkillSet_skills` (`SkillSet_id`, `skills`) VALUES ('1978', 'Ant');
INSERT INTO `SkillSet_skills` (`SkillSet_id`, `skills`) VALUES ('1978', 'Maven');
INSERT INTO `SkillSet_skills` (`SkillSet_id`, `skills`) VALUES ('1978', 'Architektur');
INSERT INTO `SkillSet_skills` (`SkillSet_id`, `skills`) VALUES ('1978', 'Java');
INSERT INTO `Hero` (`id`, `firstName`, `lastName`, `role`, `skillSet_id`) VALUES ('1978', 'fbc3b1a3-220a-4809-8948-e051b8979f03', '07eafb1d-c4ac-470f-aef3-2d1897e4c9e4', 'PrincipalConsultant', '1978');
INSERT INTO `SkillSet` (`id`) VALUES ('1979');
INSERT INTO `SkillSet_skills` (`SkillSet_id`, `skills`) VALUES ('1979', 'Ant');
INSERT INTO `SkillSet_skills` (`SkillSet_id`, `skills`) VALUES ('1979', 'UnitTesting');
INSERT INTO `SkillSet_skills` (`SkillSet_id`, `skills`) VALUES ('1979', 'dotNet');
INSERT INTO `SkillSet_skills` (`SkillSet_id`, `skills`) VALUES ('1979', 'UnitTesting');
INSERT INTO `Hero` (`id`, `firstName`, `lastName`, `role`, `skillSet_id`) VALUES ('1979', '6628aec8-83dd-4fd7-afc9-968449de0d7c', '30ba2769-d600-4d12-8374-13f1e9525f96', 'SeniorSoftwareEngineer', '1979');
INSERT INTO `SkillSet` (`id`) VALUES ('1980');
INSERT INTO `SkillSet_skills` (`SkillSet_id`, `skills`) VALUES ('1980', 'Maven');
INSERT INTO `Hero` (`id`, `firstName`, `lastName`, `role`, `skillSet_id`) VALUES ('1980', '76d961fc-4492-4d86-aeef-30e27867d56e', '3be90479-86a0-440f-bdbe-5b2dd12252dd', 'PrincipalConsultant', '1980');
INSERT INTO `SkillSet` (`id`) VALUES ('1981');
INSERT INTO `SkillSet_skills` (`SkillSet_id`, `skills`) VALUES ('1981', 'SQL');
INSERT INTO `SkillSet_skills` (`SkillSet_id`, `skills`) VALUES ('1981', 'Ant');
INSERT INTO `SkillSet_skills` (`SkillSet_id`, `skills`) VALUES ('1981', 'Maven');
INSERT INTO `Hero` (`id`, `firstName`, `lastName`, `role`, `skillSet_id`) VALUES ('1981', '35a29851-43d6-4f8c-a7f2-7c1373108088', '604b51dc-5bb3-44dc-acac-f83fcc86def0', 'SoftwareEngineer', '1981');
INSERT INTO `SkillSet` (`id`) VALUES ('1982');
INSERT INTO `SkillSet_skills` (`SkillSet_id`, `skills`) VALUES ('1982', 'Java');
INSERT INTO `SkillSet_skills` (`SkillSet_id`, `skills`) VALUES ('1982', 'Ant');
INSERT INTO `SkillSet_skills` (`SkillSet_id`, `skills`) VALUES ('1982', 'dotNet');
INSERT INTO `SkillSet_skills` (`SkillSet_id`, `skills`) VALUES ('1982', 'Java');
INSERT INTO `Hero` (`id`, `firstName`, `lastName`, `role`, `skillSet_id`) VALUES ('1982', '0f9037c5-ad03-4c1d-bc43-8c02872ae8ea', '7ce3937e-9dc6-48d5-946c-2b7c6caf8b29', 'LeadEngineer', '1982');
INSERT INTO `SkillSet` (`id`) VALUES ('1983');
INSERT INTO `SkillSet_skills` (`SkillSet_id`, `skills`) VALUES ('1983', 'Maven');
INSERT INTO `SkillSet_skills` (`SkillSet_id`, `skills`) VALUES ('1983', 'UnitTesting');
INSERT INTO `SkillSet_skills` (`SkillSet_id`, `skills`) VALUES ('1983', 'Architektur');
INSERT INTO `SkillSet_skills` (`SkillSet_id`, `skills`) VALUES ('1983', 'UITesting');
INSERT INTO `SkillSet_skills` (`SkillSet_id`, `skills`) VALUES ('1983', 'dotNet');
INSERT INTO `Hero` (`id`, `firstName`, `lastName`, `role`, `skillSet_id`) VALUES ('1983', 'e4022f57-8f51-4a23-9dd9-d40ed2fd8236', '4ef49753-95fa-4181-93a7-800cf8c37a75', 'PrincipalConsultant', '1983');
INSERT INTO `SkillSet` (`id`) VALUES ('1984');
INSERT INTO `SkillSet_skills` (`SkillSet_id`, `skills`) VALUES ('1984', 'Architektur');
INSERT INTO `SkillSet_skills` (`SkillSet_id`, `skills`) VALUES ('1984', 'UnitTesting');
INSERT INTO `SkillSet_skills` (`SkillSet_id`, `skills`) VALUES ('1984', 'Java');
INSERT INTO `Hero` (`id`, `firstName`, `lastName`, `role`, `skillSet_id`) VALUES ('1984', '3c3f55da-7293-4515-bfa4-3f94b3f17cc8', '0ccce4db-5acc-4864-ab8e-3c655aa5bc11', 'SeniorSoftwareEngineer', '1984');
INSERT INTO `SkillSet` (`id`) VALUES ('1985');
INSERT INTO `SkillSet_skills` (`SkillSet_id`, `skills`) VALUES ('1985', 'Java');
INSERT INTO `Hero` (`id`, `firstName`, `lastName`, `role`, `skillSet_id`) VALUES ('1985', 'e82138b1-1150-405e-8dbc-bcda70457a49', '423fccb0-2ccc-4837-8980-0490c66b2c8f', 'LeadSoftwareArchitect', '1985');
INSERT INTO `SkillSet` (`id`) VALUES ('1986');
INSERT INTO `SkillSet_skills` (`SkillSet_id`, `skills`) VALUES ('1986', 'Maven');
INSERT INTO `SkillSet_skills` (`SkillSet_id`, `skills`) VALUES ('1986', 'UnitTesting');
INSERT INTO `Hero` (`id`, `firstName`, `lastName`, `role`, `skillSet_id`) VALUES ('1986', '723855e2-1385-4f95-ad52-9a01ee91fd5b', 'be8a0d9d-c35d-46c4-b691-7decf07374bf', 'JuniorSoftwareEngineer', '1986');
INSERT INTO `SkillSet` (`id`) VALUES ('1987');
INSERT INTO `SkillSet_skills` (`SkillSet_id`, `skills`) VALUES ('1987', 'SQL');
INSERT INTO `SkillSet_skills` (`SkillSet_id`, `skills`) VALUES ('1987', 'Ant');
INSERT INTO `SkillSet_skills` (`SkillSet_id`, `skills`) VALUES ('1987', 'SQL');
INSERT INTO `SkillSet_skills` (`SkillSet_id`, `skills`) VALUES ('1987', 'Java');
INSERT INTO `Hero` (`id`, `firstName`, `lastName`, `role`, `skillSet_id`) VALUES ('1987', 'c29e9371-86c6-4739-b23f-efa2de482bf7', 'cd2f57b7-7fb3-4f76-9477-3840b26e81a5', 'SoftwareEngineer', '1987');
INSERT INTO `SkillSet` (`id`) VALUES ('1988');
INSERT INTO `SkillSet_skills` (`SkillSet_id`, `skills`) VALUES ('1988', 'UnitTesting');
INSERT INTO `Hero` (`id`, `firstName`, `lastName`, `role`, `skillSet_id`) VALUES ('1988', '373010c9-bc46-44a7-a098-bd3715128f5d', 'bbf87e58-0c9a-4095-800f-5558f865a877', 'SeniorSoftwareEngineer', '1988');
INSERT INTO `SkillSet` (`id`) VALUES ('1989');
INSERT INTO `SkillSet_skills` (`SkillSet_id`, `skills`) VALUES ('1989', 'Maven');
INSERT INTO `SkillSet_skills` (`SkillSet_id`, `skills`) VALUES ('1989', 'Java');
INSERT INTO `Hero` (`id`, `firstName`, `lastName`, `role`, `skillSet_id`) VALUES ('1989', '72adabcc-e66a-4b5d-ba9c-4f5f322d389b', '8b296066-b012-4e4b-b7ed-57380a7c4fbe', 'LeadSoftwareArchitect', '1989');
INSERT INTO `SkillSet` (`id`) VALUES ('1990');
INSERT INTO `SkillSet_skills` (`SkillSet_id`, `skills`) VALUES ('1990', 'UITesting');
INSERT INTO `SkillSet_skills` (`SkillSet_id`, `skills`) VALUES ('1990', 'Maven');
INSERT INTO `SkillSet_skills` (`SkillSet_id`, `skills`) VALUES ('1990', 'Gradle');
INSERT INTO `Hero` (`id`, `firstName`, `lastName`, `role`, `skillSet_id`) VALUES ('1990', 'de56e046-246b-4219-8e84-8d0200db999f', 'c3c55413-0dd7-4b82-bb71-825efe7fb679', 'PrincipalConsultant', '1990');
INSERT INTO `SkillSet` (`id`) VALUES ('1991');
INSERT INTO `SkillSet_skills` (`SkillSet_id`, `skills`) VALUES ('1991', 'Java');
INSERT INTO `SkillSet_skills` (`SkillSet_id`, `skills`) VALUES ('1991', 'UnitTesting');
INSERT INTO `SkillSet_skills` (`SkillSet_id`, `skills`) VALUES ('1991', 'dotNet');
INSERT INTO `SkillSet_skills` (`SkillSet_id`, `skills`) VALUES ('1991', 'SQL');
INSERT INTO `SkillSet_skills` (`SkillSet_id`, `skills`) VALUES ('1991', 'UnitTesting');
INSERT INTO `Hero` (`id`, `firstName`, `lastName`, `role`, `skillSet_id`) VALUES ('1991', 'cffe2956-dd5e-4ac0-bf02-4bb910147404', '970bf5d4-7329-4fab-8340-3dc32293e5ea', 'SoftwareEngineer', '1991');
INSERT INTO `SkillSet` (`id`) VALUES ('1992');
INSERT INTO `SkillSet_skills` (`SkillSet_id`, `skills`) VALUES ('1992', 'Gradle');
INSERT INTO `SkillSet_skills` (`SkillSet_id`, `skills`) VALUES ('1992', 'Ant');
INSERT INTO `SkillSet_skills` (`SkillSet_id`, `skills`) VALUES ('1992', 'UnitTesting');
INSERT INTO `Hero` (`id`, `firstName`, `lastName`, `role`, `skillSet_id`) VALUES ('1992', 'c357f04d-60ad-4f2a-a43e-303a04084442', '338a4277-9fe6-423d-a4bb-6168eda8acda', 'SeniorSoftwareEngineer', '1992');
INSERT INTO `SkillSet` (`id`) VALUES ('1993');
INSERT INTO `SkillSet_skills` (`SkillSet_id`, `skills`) VALUES ('1993', 'Ant');
INSERT INTO `SkillSet_skills` (`SkillSet_id`, `skills`) VALUES ('1993', 'SQL');
INSERT INTO `Hero` (`id`, `firstName`, `lastName`, `role`, `skillSet_id`) VALUES ('1993', '83d09d5a-edd3-44de-8f90-5a3a98b1ec70', '90dbb0e4-8197-4bb5-a906-3ff0ec05e4ca', 'PrincipalConsultant', '1993');
INSERT INTO `SkillSet` (`id`) VALUES ('1994');
INSERT INTO `SkillSet_skills` (`SkillSet_id`, `skills`) VALUES ('1994', 'SQL');
INSERT INTO `Hero` (`id`, `firstName`, `lastName`, `role`, `skillSet_id`) VALUES ('1994', 'aab001af-931b-4f47-83df-3bf45a6bbf75', 'ec9f01ef-8702-4452-8d98-534e315da972', 'LeadEngineer', '1994');
INSERT INTO `SkillSet` (`id`) VALUES ('1995');
INSERT INTO `SkillSet_skills` (`SkillSet_id`, `skills`) VALUES ('1995', 'UnitTesting');
INSERT INTO `SkillSet_skills` (`SkillSet_id`, `skills`) VALUES ('1995', 'UnitTesting');
INSERT INTO `SkillSet_skills` (`SkillSet_id`, `skills`) VALUES ('1995', 'UITesting');
INSERT INTO `SkillSet_skills` (`SkillSet_id`, `skills`) VALUES ('1995', 'dotNet');
INSERT INTO `Hero` (`id`, `firstName`, `lastName`, `role`, `skillSet_id`) VALUES ('1995', '98d83c45-5cc0-43ba-9990-76fa3634152b', '6fbd172f-57ef-4e50-ba59-84839fdb4ca2', 'SeniorSoftwareEngineer', '1995');
INSERT INTO `SkillSet` (`id`) VALUES ('1996');
INSERT INTO `SkillSet_skills` (`SkillSet_id`, `skills`) VALUES ('1996', 'UnitTesting');
INSERT INTO `Hero` (`id`, `firstName`, `lastName`, `role`, `skillSet_id`) VALUES ('1996', 'df7d91ea-6fc7-44c6-80f1-e4f03348cea1', '30d216c2-b3f2-41ee-9fc2-6b34ea318a1f', 'SoftwareEngineer', '1996');
INSERT INTO `SkillSet` (`id`) VALUES ('1997');
INSERT INTO `SkillSet_skills` (`SkillSet_id`, `skills`) VALUES ('1997', 'UITesting');
INSERT INTO `SkillSet_skills` (`SkillSet_id`, `skills`) VALUES ('1997', 'Maven');
INSERT INTO `Hero` (`id`, `firstName`, `lastName`, `role`, `skillSet_id`) VALUES ('1997', '2c62b5b1-7241-4af6-bbf3-e8c417655b12', 'b36cf783-cbc6-4505-8815-1f97227d6c36', 'JuniorSoftwareEngineer', '1997');
INSERT INTO `SkillSet` (`id`) VALUES ('1998');
INSERT INTO `SkillSet_skills` (`SkillSet_id`, `skills`) VALUES ('1998', 'Architektur');
INSERT INTO `SkillSet_skills` (`SkillSet_id`, `skills`) VALUES ('1998', 'Maven');
INSERT INTO `SkillSet_skills` (`SkillSet_id`, `skills`) VALUES ('1998', 'SQL');
INSERT INTO `Hero` (`id`, `firstName`, `lastName`, `role`, `skillSet_id`) VALUES ('1998', 'a8fe89f5-4e8c-4e27-b4cd-4af587434ff9', 'e34c981b-4ef9-4339-a279-1ba3c0d4edce', 'JuniorSoftwareEngineer', '1998');
INSERT INTO `SkillSet` (`id`) VALUES ('1999');
INSERT INTO `SkillSet_skills` (`SkillSet_id`, `skills`) VALUES ('1999', 'Maven');
INSERT INTO `Hero` (`id`, `firstName`, `lastName`, `role`, `skillSet_id`) VALUES ('1999', '6e4d2814-99f3-4b59-ada8-9e9cee313f7d', '9c78d88a-1705-4322-8a2c-2119f62ecfdd', 'PrincipalConsultant', '1999');
INSERT INTO `SkillSet` (`id`) VALUES ('11000');
INSERT INTO `SkillSet_skills` (`SkillSet_id`, `skills`) VALUES ('11000', 'dotNet');
INSERT INTO `SkillSet_skills` (`SkillSet_id`, `skills`) VALUES ('11000', 'UnitTesting');
INSERT INTO `SkillSet_skills` (`SkillSet_id`, `skills`) VALUES ('11000', 'Maven');
INSERT INTO `SkillSet_skills` (`SkillSet_id`, `skills`) VALUES ('11000', 'Java');
INSERT INTO `SkillSet_skills` (`SkillSet_id`, `skills`) VALUES ('11000', 'Maven');
INSERT INTO `Mission` (`id`, `companyName`, `name`, `role`, `skillSet_id`) VALUES ('11000', 'a110784a-8936-4e81-b26d-a5371310258f', '5df7c5c0-47ca-4d8a-baf2-2a5f28308520', 'LeadEngineer', '11000');
INSERT INTO `SkillSet` (`id`) VALUES ('11001');
INSERT INTO `SkillSet_skills` (`SkillSet_id`, `skills`) VALUES ('11001', 'SQL');
INSERT INTO `Mission` (`id`, `companyName`, `name`, `role`, `skillSet_id`) VALUES ('11001', 'da366be7-df02-4301-bcb0-467a1da4c669', '10293948-addb-4ed8-addf-ced06b89a520', 'LeadSoftwareArchitect', '11001');
INSERT INTO `SkillSet` (`id`) VALUES ('11002');
INSERT INTO `SkillSet_skills` (`SkillSet_id`, `skills`) VALUES ('11002', 'UITesting');
INSERT INTO `SkillSet_skills` (`SkillSet_id`, `skills`) VALUES ('11002', 'UnitTesting');
INSERT INTO `SkillSet_skills` (`SkillSet_id`, `skills`) VALUES ('11002', 'SQL');
INSERT INTO `SkillSet_skills` (`SkillSet_id`, `skills`) VALUES ('11002', 'UnitTesting');
INSERT INTO `Mission` (`id`, `companyName`, `name`, `role`, `skillSet_id`) VALUES ('11002', '53256725-8c29-4d4c-86ed-9ae4bccafb52', 'a793b7c3-105f-4e18-8b80-77bea1b9376b', 'PrincipalConsultant', '11002');
INSERT INTO `SkillSet` (`id`) VALUES ('11003');
INSERT INTO `SkillSet_skills` (`SkillSet_id`, `skills`) VALUES ('11003', 'Maven');
INSERT INTO `Mission` (`id`, `companyName`, `name`, `role`, `skillSet_id`) VALUES ('11003', '0944b9ed-6fe9-4bf6-a892-b8072b31eaa0', 'f4542f69-4d4d-41e2-b294-c68675b7928b', 'LeadSoftwareArchitect', '11003');
INSERT INTO `SkillSet` (`id`) VALUES ('11004');
INSERT INTO `SkillSet_skills` (`SkillSet_id`, `skills`) VALUES ('11004', 'UnitTesting');
INSERT INTO `SkillSet_skills` (`SkillSet_id`, `skills`) VALUES ('11004', 'Architektur');
INSERT INTO `SkillSet_skills` (`SkillSet_id`, `skills`) VALUES ('11004', 'dotNet');
INSERT INTO `SkillSet_skills` (`SkillSet_id`, `skills`) VALUES ('11004', 'Maven');
INSERT INTO `Mission` (`id`, `companyName`, `name`, `role`, `skillSet_id`) VALUES ('11004', '42a1b7a2-465f-46ed-9571-91dd287ef58d', 'f48715fb-5262-4138-a978-3ddbe11c1939', 'SoftwareEngineer', '11004');
INSERT INTO `SkillSet` (`id`) VALUES ('11005');
INSERT INTO `SkillSet_skills` (`SkillSet_id`, `skills`) VALUES ('11005', 'Ant');
INSERT INTO `SkillSet_skills` (`SkillSet_id`, `skills`) VALUES ('11005', 'Ant');
INSERT INTO `SkillSet_skills` (`SkillSet_id`, `skills`) VALUES ('11005', 'Gradle');
INSERT INTO `Mission` (`id`, `companyName`, `name`, `role`, `skillSet_id`) VALUES ('11005', 'bdaa0124-25ea-4906-b389-5cda84d22018', '0b76011d-fd48-4793-9705-ebc13914b1ee', 'PrincipalConsultant', '11005');
INSERT INTO `SkillSet` (`id`) VALUES ('11006');
INSERT INTO `SkillSet_skills` (`SkillSet_id`, `skills`) VALUES ('11006', 'UITesting');
INSERT INTO `SkillSet_skills` (`SkillSet_id`, `skills`) VALUES ('11006', 'SQL');
INSERT INTO `SkillSet_skills` (`SkillSet_id`, `skills`) VALUES ('11006', 'Maven');
INSERT INTO `Mission` (`id`, `companyName`, `name`, `role`, `skillSet_id`) VALUES ('11006', '612833e5-a075-4014-8b83-a24622e7c190', 'b210694e-a874-4a76-bf5c-5f869fd25331', 'PrincipalConsultant', '11006');
INSERT INTO `SkillSet` (`id`) VALUES ('11007');
INSERT INTO `SkillSet_skills` (`SkillSet_id`, `skills`) VALUES ('11007', 'Gradle');
INSERT INTO `Mission` (`id`, `companyName`, `name`, `role`, `skillSet_id`) VALUES ('11007', '3acb1bc0-3abe-4156-a6f4-8b4e4943c7e0', '58e11180-3930-4f4a-a6d9-0d26233a1ecd', 'LeadSoftwareArchitect', '11007');
INSERT INTO `SkillSet` (`id`) VALUES ('11008');
INSERT INTO `SkillSet_skills` (`SkillSet_id`, `skills`) VALUES ('11008', 'SQL');
INSERT INTO `SkillSet_skills` (`SkillSet_id`, `skills`) VALUES ('11008', 'UnitTesting');
INSERT INTO `SkillSet_skills` (`SkillSet_id`, `skills`) VALUES ('11008', 'Gradle');
INSERT INTO `Mission` (`id`, `companyName`, `name`, `role`, `skillSet_id`) VALUES ('11008', '1507f77e-1e3b-440a-8b2e-8cf7a72c5e83', '5a2a5a44-0785-4c5d-924e-51bb47c445fb', 'SoftwareEngineer', '11008');
INSERT INTO `SkillSet` (`id`) VALUES ('11009');
INSERT INTO `SkillSet_skills` (`SkillSet_id`, `skills`) VALUES ('11009', 'UITesting');
INSERT INTO `SkillSet_skills` (`SkillSet_id`, `skills`) VALUES ('11009', 'Gradle');
INSERT INTO `SkillSet_skills` (`SkillSet_id`, `skills`) VALUES ('11009', 'UnitTesting');
INSERT INTO `Mission` (`id`, `companyName`, `name`, `role`, `skillSet_id`) VALUES ('11009', 'f85932e0-e299-4861-ad0e-1773d8152524', 'e15eefb3-ca5e-4d17-8bbf-04775efdb3b3', 'LeadSoftwareArchitect', '11009');
INSERT INTO `SkillSet` (`id`) VALUES ('11010');
INSERT INTO `SkillSet_skills` (`SkillSet_id`, `skills`) VALUES ('11010', 'Java');
INSERT INTO `Mission` (`id`, `companyName`, `name`, `role`, `skillSet_id`) VALUES ('11010', '26bf2614-2497-4996-8a4b-7d573728839e', '16e54e73-2bb8-4232-ba03-3e7b6933c010', 'SeniorSoftwareEngineer', '11010');
INSERT INTO `SkillSet` (`id`) VALUES ('11011');
INSERT INTO `SkillSet_skills` (`SkillSet_id`, `skills`) VALUES ('11011', 'UnitTesting');
INSERT INTO `SkillSet_skills` (`SkillSet_id`, `skills`) VALUES ('11011', 'UnitTesting');
INSERT INTO `SkillSet_skills` (`SkillSet_id`, `skills`) VALUES ('11011', 'UnitTesting');
INSERT INTO `SkillSet_skills` (`SkillSet_id`, `skills`) VALUES ('11011', 'Java');
INSERT INTO `Mission` (`id`, `companyName`, `name`, `role`, `skillSet_id`) VALUES ('11011', 'b033e1f7-095c-4709-8477-e23ebd6d7271', '7b22ad93-66ad-4196-8ea1-52b9e7cf2b1d', 'PrincipalConsultant', '11011');
INSERT INTO `SkillSet` (`id`) VALUES ('11012');
INSERT INTO `SkillSet_skills` (`SkillSet_id`, `skills`) VALUES ('11012', 'Architektur');
INSERT INTO `SkillSet_skills` (`SkillSet_id`, `skills`) VALUES ('11012', 'Gradle');
INSERT INTO `SkillSet_skills` (`SkillSet_id`, `skills`) VALUES ('11012', 'Gradle');
INSERT INTO `SkillSet_skills` (`SkillSet_id`, `skills`) VALUES ('11012', 'Ant');
INSERT INTO `SkillSet_skills` (`SkillSet_id`, `skills`) VALUES ('11012', 'Architektur');
INSERT INTO `Mission` (`id`, `companyName`, `name`, `role`, `skillSet_id`) VALUES ('11012', '7abf1e89-52b7-4fb1-b678-f6a81e065a68', 'f32f6750-a75d-41b2-9a08-c1741fea8031', 'SoftwareEngineer', '11012');
INSERT INTO `SkillSet` (`id`) VALUES ('11013');
INSERT INTO `SkillSet_skills` (`SkillSet_id`, `skills`) VALUES ('11013', 'Gradle');
INSERT INTO `SkillSet_skills` (`SkillSet_id`, `skills`) VALUES ('11013', 'Maven');
INSERT INTO `Mission` (`id`, `companyName`, `name`, `role`, `skillSet_id`) VALUES ('11013', '8e6a5ef6-8dde-4530-a810-8845e55b3a30', 'f9e58621-4d0f-4e7a-83c1-4225c10d2bf0', 'SeniorSoftwareEngineer', '11013');
INSERT INTO `SkillSet` (`id`) VALUES ('11014');
INSERT INTO `SkillSet_skills` (`SkillSet_id`, `skills`) VALUES ('11014', 'Gradle');
INSERT INTO `Mission` (`id`, `companyName`, `name`, `role`, `skillSet_id`) VALUES ('11014', 'ad3cbf4c-9c3b-40a5-9251-7b2a06286e7b', '29764da1-84b8-4cc7-84f4-90595d89a0ac', 'LeadSoftwareArchitect', '11014');
INSERT INTO `SkillSet` (`id`) VALUES ('11015');
INSERT INTO `SkillSet_skills` (`SkillSet_id`, `skills`) VALUES ('11015', 'Maven');
INSERT INTO `SkillSet_skills` (`SkillSet_id`, `skills`) VALUES ('11015', 'Java');
INSERT INTO `SkillSet_skills` (`SkillSet_id`, `skills`) VALUES ('11015', 'SQL');
INSERT INTO `Mission` (`id`, `companyName`, `name`, `role`, `skillSet_id`) VALUES ('11015', 'fe64fad6-4ac6-4c3e-94af-a8589800ecea', 'e0a0bcbe-45cf-488d-8860-9ac4ed9f3047', 'JuniorSoftwareEngineer', '11015');
INSERT INTO `SkillSet` (`id`) VALUES ('11016');
INSERT INTO `SkillSet_skills` (`SkillSet_id`, `skills`) VALUES ('11016', 'UnitTesting');
INSERT INTO `Mission` (`id`, `companyName`, `name`, `role`, `skillSet_id`) VALUES ('11016', 'ae0d8bca-d9e1-4cc2-8715-db54469be070', 'c6020583-c9e0-4229-a729-e1c2018dbddd', 'SeniorSoftwareEngineer', '11016');
INSERT INTO `SkillSet` (`id`) VALUES ('11017');
INSERT INTO `SkillSet_skills` (`SkillSet_id`, `skills`) VALUES ('11017', 'Architektur');
INSERT INTO `Mission` (`id`, `companyName`, `name`, `role`, `skillSet_id`) VALUES ('11017', '1e9bbc4c-ba83-4c85-99a8-9ad14dfbe214', '779d9e9c-07b3-4ebb-8f40-19ef40290f77', 'SeniorSoftwareEngineer', '11017');
INSERT INTO `SkillSet` (`id`) VALUES ('11018');
INSERT INTO `SkillSet_skills` (`SkillSet_id`, `skills`) VALUES ('11018', 'SQL');
INSERT INTO `SkillSet_skills` (`SkillSet_id`, `skills`) VALUES ('11018', 'Maven');
INSERT INTO `SkillSet_skills` (`SkillSet_id`, `skills`) VALUES ('11018', 'UITesting');
INSERT INTO `SkillSet_skills` (`SkillSet_id`, `skills`) VALUES ('11018', 'UnitTesting');
INSERT INTO `Mission` (`id`, `companyName`, `name`, `role`, `skillSet_id`) VALUES ('11018', '25534654-ab02-4904-bb64-f3ac74986fc3', 'c92a14c9-a6d8-4fa9-bfd5-35b29f58a706', 'LeadSoftwareArchitect', '11018');
INSERT INTO `SkillSet` (`id`) VALUES ('11019');
INSERT INTO `SkillSet_skills` (`SkillSet_id`, `skills`) VALUES ('11019', 'Maven');
INSERT INTO `Mission` (`id`, `companyName`, `name`, `role`, `skillSet_id`) VALUES ('11019', 'b07b63ec-bbca-42c1-89fe-470cd72d1d70', 'd61048a2-7a2a-4b84-9cb6-5f1428bb0e90', 'LeadEngineer', '11019');
INSERT INTO `SkillSet` (`id`) VALUES ('11020');
INSERT INTO `SkillSet_skills` (`SkillSet_id`, `skills`) VALUES ('11020', 'UnitTesting');
INSERT INTO `SkillSet_skills` (`SkillSet_id`, `skills`) VALUES ('11020', 'Java');
INSERT INTO `SkillSet_skills` (`SkillSet_id`, `skills`) VALUES ('11020', 'dotNet');
INSERT INTO `Mission` (`id`, `companyName`, `name`, `role`, `skillSet_id`) VALUES ('11020', '56fe67f2-a296-4ed2-9222-29992b58ef16', 'ccce8826-21cc-4ab7-8317-8d1bffe07689', 'PrincipalConsultant', '11020');
INSERT INTO `SkillSet` (`id`) VALUES ('11021');
INSERT INTO `SkillSet_skills` (`SkillSet_id`, `skills`) VALUES ('11021', 'Architektur');
INSERT INTO `SkillSet_skills` (`SkillSet_id`, `skills`) VALUES ('11021', 'SQL');
INSERT INTO `Mission` (`id`, `companyName`, `name`, `role`, `skillSet_id`) VALUES ('11021', '7b59f92a-1e74-4b31-86e3-74f67274e7d6', '593d21d1-57e6-4457-a2c1-e6d8c725851d', 'LeadSoftwareArchitect', '11021');
INSERT INTO `SkillSet` (`id`) VALUES ('11022');
INSERT INTO `SkillSet_skills` (`SkillSet_id`, `skills`) VALUES ('11022', 'Gradle');
INSERT INTO `SkillSet_skills` (`SkillSet_id`, `skills`) VALUES ('11022', 'Java');
INSERT INTO `Mission` (`id`, `companyName`, `name`, `role`, `skillSet_id`) VALUES ('11022', '3cdc7a2b-0423-4539-a6bc-da60c121a498', '30604655-bbf1-4e51-8703-4d8d07171268', 'LeadEngineer', '11022');
INSERT INTO `SkillSet` (`id`) VALUES ('11023');
INSERT INTO `SkillSet_skills` (`SkillSet_id`, `skills`) VALUES ('11023', 'SQL');
INSERT INTO `SkillSet_skills` (`SkillSet_id`, `skills`) VALUES ('11023', 'dotNet');
INSERT INTO `SkillSet_skills` (`SkillSet_id`, `skills`) VALUES ('11023', 'UnitTesting');
INSERT INTO `SkillSet_skills` (`SkillSet_id`, `skills`) VALUES ('11023', 'Gradle');
INSERT INTO `Mission` (`id`, `companyName`, `name`, `role`, `skillSet_id`) VALUES ('11023', '14a862f6-5e70-4317-ab42-46a9edb12164', '6a36e182-6170-4bce-bca9-b03da5075803', 'SeniorSoftwareEngineer', '11023');
INSERT INTO `SkillSet` (`id`) VALUES ('11024');
INSERT INTO `SkillSet_skills` (`SkillSet_id`, `skills`) VALUES ('11024', 'SQL');
INSERT INTO `SkillSet_skills` (`SkillSet_id`, `skills`) VALUES ('11024', 'SQL');
INSERT INTO `SkillSet_skills` (`SkillSet_id`, `skills`) VALUES ('11024', 'Maven');
INSERT INTO `Mission` (`id`, `companyName`, `name`, `role`, `skillSet_id`) VALUES ('11024', 'ea3cda14-7973-48f4-89ba-ed806312cbc3', '2b7de66c-09ea-4026-a9f8-8a159ef2c296', 'LeadEngineer', '11024');
INSERT INTO `SkillSet` (`id`) VALUES ('11025');
INSERT INTO `SkillSet_skills` (`SkillSet_id`, `skills`) VALUES ('11025', 'dotNet');
INSERT INTO `SkillSet_skills` (`SkillSet_id`, `skills`) VALUES ('11025', 'UITesting');
INSERT INTO `SkillSet_skills` (`SkillSet_id`, `skills`) VALUES ('11025', 'dotNet');
INSERT INTO `Mission` (`id`, `companyName`, `name`, `role`, `skillSet_id`) VALUES ('11025', '2deaa027-47e8-41ff-93f1-b96329cf1b97', '01a106d7-b3d7-4ce8-8721-2e33f846969a', 'PrincipalConsultant', '11025');
INSERT INTO `SkillSet` (`id`) VALUES ('11026');
INSERT INTO `SkillSet_skills` (`SkillSet_id`, `skills`) VALUES ('11026', 'UITesting');
INSERT INTO `Mission` (`id`, `companyName`, `name`, `role`, `skillSet_id`) VALUES ('11026', 'a72841a2-e736-4f34-b7bd-f310d36cfe21', 'ab9cde8d-4587-4009-afe8-5afeef5c9a0a', 'SeniorSoftwareEngineer', '11026');
INSERT INTO `SkillSet` (`id`) VALUES ('11027');
INSERT INTO `SkillSet_skills` (`SkillSet_id`, `skills`) VALUES ('11027', 'SQL');
INSERT INTO `SkillSet_skills` (`SkillSet_id`, `skills`) VALUES ('11027', 'Java');
INSERT INTO `SkillSet_skills` (`SkillSet_id`, `skills`) VALUES ('11027', 'Ant');
INSERT INTO `Mission` (`id`, `companyName`, `name`, `role`, `skillSet_id`) VALUES ('11027', '70aa1027-fb97-44b4-8a04-01e05d8dbcc1', 'bd5a6cdc-f1cd-48a3-9858-83ab0d5df301', 'PrincipalConsultant', '11027');
INSERT INTO `SkillSet` (`id`) VALUES ('11028');
INSERT INTO `SkillSet_skills` (`SkillSet_id`, `skills`) VALUES ('11028', 'Maven');
INSERT INTO `SkillSet_skills` (`SkillSet_id`, `skills`) VALUES ('11028', 'dotNet');
INSERT INTO `SkillSet_skills` (`SkillSet_id`, `skills`) VALUES ('11028', 'UnitTesting');
INSERT INTO `Mission` (`id`, `companyName`, `name`, `role`, `skillSet_id`) VALUES ('11028', 'b69ab506-b4e4-4d23-b3a0-885bd415e1c5', '44567ce0-58b0-41fe-a16b-c6f0f3a4ac48', 'LeadSoftwareArchitect', '11028');
INSERT INTO `SkillSet` (`id`) VALUES ('11029');
INSERT INTO `SkillSet_skills` (`SkillSet_id`, `skills`) VALUES ('11029', 'Maven');
INSERT INTO `SkillSet_skills` (`SkillSet_id`, `skills`) VALUES ('11029', 'SQL');
INSERT INTO `SkillSet_skills` (`SkillSet_id`, `skills`) VALUES ('11029', 'UITesting');
INSERT INTO `Mission` (`id`, `companyName`, `name`, `role`, `skillSet_id`) VALUES ('11029', '5b877586-4a22-4dcb-bd7b-6ac5e8cb25f7', '54a0cff7-d1ca-46fb-93ea-843c1989316e', 'PrincipalConsultant', '11029');
INSERT INTO `SkillSet` (`id`) VALUES ('11030');
INSERT INTO `SkillSet_skills` (`SkillSet_id`, `skills`) VALUES ('11030', 'Ant');
INSERT INTO `SkillSet_skills` (`SkillSet_id`, `skills`) VALUES ('11030', 'Gradle');
INSERT INTO `SkillSet_skills` (`SkillSet_id`, `skills`) VALUES ('11030', 'Maven');
INSERT INTO `Mission` (`id`, `companyName`, `name`, `role`, `skillSet_id`) VALUES ('11030', 'e5bf5965-a6e6-4856-8896-b5903466981e', '1580f90a-a833-4203-92ff-267e384653a0', 'PrincipalConsultant', '11030');
INSERT INTO `SkillSet` (`id`) VALUES ('11031');
INSERT INTO `SkillSet_skills` (`SkillSet_id`, `skills`) VALUES ('11031', 'dotNet');
INSERT INTO `SkillSet_skills` (`SkillSet_id`, `skills`) VALUES ('11031', 'UITesting');
INSERT INTO `SkillSet_skills` (`SkillSet_id`, `skills`) VALUES ('11031', 'SQL');
INSERT INTO `SkillSet_skills` (`SkillSet_id`, `skills`) VALUES ('11031', 'UnitTesting');
INSERT INTO `Mission` (`id`, `companyName`, `name`, `role`, `skillSet_id`) VALUES ('11031', '9b3c0b79-87aa-4e48-91b8-22d47022bb7a', '45113398-40fe-4499-b05e-cd4951d7c28f', 'SeniorSoftwareEngineer', '11031');
INSERT INTO `SkillSet` (`id`) VALUES ('11032');
INSERT INTO `SkillSet_skills` (`SkillSet_id`, `skills`) VALUES ('11032', 'UnitTesting');
INSERT INTO `SkillSet_skills` (`SkillSet_id`, `skills`) VALUES ('11032', 'Ant');
INSERT INTO `SkillSet_skills` (`SkillSet_id`, `skills`) VALUES ('11032', 'Ant');
INSERT INTO `SkillSet_skills` (`SkillSet_id`, `skills`) VALUES ('11032', 'SQL');
INSERT INTO `SkillSet_skills` (`SkillSet_id`, `skills`) VALUES ('11032', 'dotNet');
INSERT INTO `Mission` (`id`, `companyName`, `name`, `role`, `skillSet_id`) VALUES ('11032', 'd80711e5-17ce-4db4-8db4-a227a6c17197', '0cc0ad67-9884-4f7a-a007-39adf79a1698', 'JuniorSoftwareEngineer', '11032');
INSERT INTO `SkillSet` (`id`) VALUES ('11033');
INSERT INTO `SkillSet_skills` (`SkillSet_id`, `skills`) VALUES ('11033', 'UnitTesting');
INSERT INTO `SkillSet_skills` (`SkillSet_id`, `skills`) VALUES ('11033', 'SQL');
INSERT INTO `SkillSet_skills` (`SkillSet_id`, `skills`) VALUES ('11033', 'SQL');
INSERT INTO `Mission` (`id`, `companyName`, `name`, `role`, `skillSet_id`) VALUES ('11033', '91cd0762-f7d5-47d3-b430-48c53cecadcf', '8d41faa1-f736-47f8-974c-60f88a7ea8af', 'SeniorSoftwareEngineer', '11033');
INSERT INTO `SkillSet` (`id`) VALUES ('11034');
INSERT INTO `SkillSet_skills` (`SkillSet_id`, `skills`) VALUES ('11034', 'UnitTesting');
INSERT INTO `SkillSet_skills` (`SkillSet_id`, `skills`) VALUES ('11034', 'Ant');
INSERT INTO `SkillSet_skills` (`SkillSet_id`, `skills`) VALUES ('11034', 'Java');
INSERT INTO `SkillSet_skills` (`SkillSet_id`, `skills`) VALUES ('11034', 'dotNet');
INSERT INTO `SkillSet_skills` (`SkillSet_id`, `skills`) VALUES ('11034', 'Architektur');
INSERT INTO `Mission` (`id`, `companyName`, `name`, `role`, `skillSet_id`) VALUES ('11034', 'a30cbb11-3113-4316-b1c3-cd23f87bf105', '00fec3b8-0399-4f1b-82ff-d1c09c4f1a4a', 'LeadEngineer', '11034');
INSERT INTO `SkillSet` (`id`) VALUES ('11035');
INSERT INTO `SkillSet_skills` (`SkillSet_id`, `skills`) VALUES ('11035', 'UnitTesting');
INSERT INTO `Mission` (`id`, `companyName`, `name`, `role`, `skillSet_id`) VALUES ('11035', 'e6d72ecb-26d4-4eab-b03d-54a1e190f2a2', 'db17f422-a20c-4982-9ef3-ffaf7ed06791', 'LeadSoftwareArchitect', '11035');
INSERT INTO `SkillSet` (`id`) VALUES ('11036');
INSERT INTO `SkillSet_skills` (`SkillSet_id`, `skills`) VALUES ('11036', 'Java');
INSERT INTO `SkillSet_skills` (`SkillSet_id`, `skills`) VALUES ('11036', 'SQL');
INSERT INTO `Mission` (`id`, `companyName`, `name`, `role`, `skillSet_id`) VALUES ('11036', '01771523-7e46-471c-b82b-7e84dabf65fc', 'b4858521-6ac4-42d7-b864-3966cd16730b', 'LeadEngineer', '11036');
INSERT INTO `SkillSet` (`id`) VALUES ('11037');
INSERT INTO `SkillSet_skills` (`SkillSet_id`, `skills`) VALUES ('11037', 'dotNet');
INSERT INTO `Mission` (`id`, `companyName`, `name`, `role`, `skillSet_id`) VALUES ('11037', '2ecadcab-9f3c-4c4d-ab6e-62cc37cd53c1', 'dd74da7c-decf-4a31-9606-bd96c9aa9112', 'LeadSoftwareArchitect', '11037');
INSERT INTO `SkillSet` (`id`) VALUES ('11038');
INSERT INTO `SkillSet_skills` (`SkillSet_id`, `skills`) VALUES ('11038', 'Architektur');
INSERT INTO `SkillSet_skills` (`SkillSet_id`, `skills`) VALUES ('11038', 'Java');
INSERT INTO `Mission` (`id`, `companyName`, `name`, `role`, `skillSet_id`) VALUES ('11038', '81e22ca4-513d-41fe-819a-ce8daf747218', '6db41ea5-0b0e-4856-bb79-af592a03258e', 'SeniorSoftwareEngineer', '11038');
INSERT INTO `SkillSet` (`id`) VALUES ('11039');
INSERT INTO `SkillSet_skills` (`SkillSet_id`, `skills`) VALUES ('11039', 'Java');
INSERT INTO `SkillSet_skills` (`SkillSet_id`, `skills`) VALUES ('11039', 'Architektur');
INSERT INTO `Mission` (`id`, `companyName`, `name`, `role`, `skillSet_id`) VALUES ('11039', '4eb79ee0-36f0-458d-bb18-7fc843f11561', 'b1a9e9ec-b3d1-4d1e-a36d-d5c9940dc672', 'LeadSoftwareArchitect', '11039');
INSERT INTO `SkillSet` (`id`) VALUES ('11040');
INSERT INTO `SkillSet_skills` (`SkillSet_id`, `skills`) VALUES ('11040', 'UITesting');
INSERT INTO `SkillSet_skills` (`SkillSet_id`, `skills`) VALUES ('11040', 'Architektur');
INSERT INTO `SkillSet_skills` (`SkillSet_id`, `skills`) VALUES ('11040', 'Ant');
INSERT INTO `Mission` (`id`, `companyName`, `name`, `role`, `skillSet_id`) VALUES ('11040', '564e9224-b5bf-4d54-9879-deeaf746477a', '8138d81d-58e3-4778-a29a-756b5b64e2fb', 'SeniorSoftwareEngineer', '11040');
INSERT INTO `SkillSet` (`id`) VALUES ('11041');
INSERT INTO `SkillSet_skills` (`SkillSet_id`, `skills`) VALUES ('11041', 'dotNet');
INSERT INTO `SkillSet_skills` (`SkillSet_id`, `skills`) VALUES ('11041', 'Architektur');
INSERT INTO `SkillSet_skills` (`SkillSet_id`, `skills`) VALUES ('11041', 'Ant');
INSERT INTO `SkillSet_skills` (`SkillSet_id`, `skills`) VALUES ('11041', 'UITesting');
INSERT INTO `SkillSet_skills` (`SkillSet_id`, `skills`) VALUES ('11041', 'Maven');
INSERT INTO `Mission` (`id`, `companyName`, `name`, `role`, `skillSet_id`) VALUES ('11041', 'dbb606de-dc8f-4324-b49e-b7cf5585f2cf', '7694d1c5-5b53-408e-b631-e9d9af6c439b', 'SoftwareEngineer', '11041');
INSERT INTO `SkillSet` (`id`) VALUES ('11042');
INSERT INTO `SkillSet_skills` (`SkillSet_id`, `skills`) VALUES ('11042', 'Java');
INSERT INTO `SkillSet_skills` (`SkillSet_id`, `skills`) VALUES ('11042', 'dotNet');
INSERT INTO `SkillSet_skills` (`SkillSet_id`, `skills`) VALUES ('11042', 'Architektur');
INSERT INTO `SkillSet_skills` (`SkillSet_id`, `skills`) VALUES ('11042', 'Architektur');
INSERT INTO `Mission` (`id`, `companyName`, `name`, `role`, `skillSet_id`) VALUES ('11042', 'a3f2398b-6ddc-46d1-9078-a9b5a015e924', 'eedab1d6-fe1b-4350-9942-f55ede5db507', 'LeadSoftwareArchitect', '11042');
INSERT INTO `SkillSet` (`id`) VALUES ('11043');
INSERT INTO `SkillSet_skills` (`SkillSet_id`, `skills`) VALUES ('11043', 'Architektur');
INSERT INTO `SkillSet_skills` (`SkillSet_id`, `skills`) VALUES ('11043', 'Maven');
INSERT INTO `SkillSet_skills` (`SkillSet_id`, `skills`) VALUES ('11043', 'Maven');
INSERT INTO `Mission` (`id`, `companyName`, `name`, `role`, `skillSet_id`) VALUES ('11043', '51ae3c5b-8b57-41cb-b4de-d4fd5ef38406', '5fe2d582-90ce-4958-acac-9d0d3458be29', 'SeniorSoftwareEngineer', '11043');
INSERT INTO `SkillSet` (`id`) VALUES ('11044');
INSERT INTO `SkillSet_skills` (`SkillSet_id`, `skills`) VALUES ('11044', 'dotNet');
INSERT INTO `SkillSet_skills` (`SkillSet_id`, `skills`) VALUES ('11044', 'Java');
INSERT INTO `SkillSet_skills` (`SkillSet_id`, `skills`) VALUES ('11044', 'Java');
INSERT INTO `SkillSet_skills` (`SkillSet_id`, `skills`) VALUES ('11044', 'Architektur');
INSERT INTO `Mission` (`id`, `companyName`, `name`, `role`, `skillSet_id`) VALUES ('11044', '9a1ffd9c-50ef-4ff1-9c36-0e02dbc90331', '8e11ca17-6a2a-4224-8581-82dbcdc02a87', 'SoftwareEngineer', '11044');
INSERT INTO `SkillSet` (`id`) VALUES ('11045');
INSERT INTO `SkillSet_skills` (`SkillSet_id`, `skills`) VALUES ('11045', 'Architektur');
INSERT INTO `SkillSet_skills` (`SkillSet_id`, `skills`) VALUES ('11045', 'Gradle');
INSERT INTO `SkillSet_skills` (`SkillSet_id`, `skills`) VALUES ('11045', 'Java');
INSERT INTO `SkillSet_skills` (`SkillSet_id`, `skills`) VALUES ('11045', 'SQL');
INSERT INTO `Mission` (`id`, `companyName`, `name`, `role`, `skillSet_id`) VALUES ('11045', 'c2566e60-89b3-4051-b321-d0189a0d823b', 'ffc5f411-13e1-4aa5-bed2-c1ce2288b98a', 'LeadSoftwareArchitect', '11045');
INSERT INTO `SkillSet` (`id`) VALUES ('11046');
INSERT INTO `SkillSet_skills` (`SkillSet_id`, `skills`) VALUES ('11046', 'Ant');
INSERT INTO `SkillSet_skills` (`SkillSet_id`, `skills`) VALUES ('11046', 'Gradle');
INSERT INTO `Mission` (`id`, `companyName`, `name`, `role`, `skillSet_id`) VALUES ('11046', '973d113e-4804-491a-ab6e-a2a40218a304', 'fc764041-40b4-4d0c-908e-0227334c1827', 'LeadEngineer', '11046');
INSERT INTO `SkillSet` (`id`) VALUES ('11047');
INSERT INTO `SkillSet_skills` (`SkillSet_id`, `skills`) VALUES ('11047', 'Ant');
INSERT INTO `SkillSet_skills` (`SkillSet_id`, `skills`) VALUES ('11047', 'Gradle');
INSERT INTO `SkillSet_skills` (`SkillSet_id`, `skills`) VALUES ('11047', 'SQL');
INSERT INTO `SkillSet_skills` (`SkillSet_id`, `skills`) VALUES ('11047', 'dotNet');
INSERT INTO `SkillSet_skills` (`SkillSet_id`, `skills`) VALUES ('11047', 'Gradle');
INSERT INTO `Mission` (`id`, `companyName`, `name`, `role`, `skillSet_id`) VALUES ('11047', '21a64f40-f60b-47e7-a2a8-7b85d246b838', '83b461c9-cea7-4388-8893-7a18c8cd9cdd', 'SoftwareEngineer', '11047');
INSERT INTO `SkillSet` (`id`) VALUES ('11048');
INSERT INTO `SkillSet_skills` (`SkillSet_id`, `skills`) VALUES ('11048', 'UITesting');
INSERT INTO `SkillSet_skills` (`SkillSet_id`, `skills`) VALUES ('11048', 'Gradle');
INSERT INTO `Mission` (`id`, `companyName`, `name`, `role`, `skillSet_id`) VALUES ('11048', '5efbf0ea-b316-4d91-9e42-295cf770f131', 'b829e125-c434-4f12-b18f-2d3fad2d4526', 'PrincipalConsultant', '11048');
INSERT INTO `SkillSet` (`id`) VALUES ('11049');
INSERT INTO `SkillSet_skills` (`SkillSet_id`, `skills`) VALUES ('11049', 'Gradle');
INSERT INTO `Mission` (`id`, `companyName`, `name`, `role`, `skillSet_id`) VALUES ('11049', 'f8916f57-32a5-4893-bf10-51d18ac32cf6', 'abf27d0f-5857-4a51-bbdf-ace6cf0d3afc', 'PrincipalConsultant', '11049');
INSERT INTO `SkillSet` (`id`) VALUES ('11050');
INSERT INTO `SkillSet_skills` (`SkillSet_id`, `skills`) VALUES ('11050', 'Java');
INSERT INTO `SkillSet_skills` (`SkillSet_id`, `skills`) VALUES ('11050', 'Java');
INSERT INTO `Mission` (`id`, `companyName`, `name`, `role`, `skillSet_id`) VALUES ('11050', 'e0bbc0a6-8936-4881-9ecd-9d269f865b87', 'a97fe195-abbc-47e0-af89-448ac6223fca', 'JuniorSoftwareEngineer', '11050');
INSERT INTO `SkillSet` (`id`) VALUES ('11051');
INSERT INTO `SkillSet_skills` (`SkillSet_id`, `skills`) VALUES ('11051', 'Architektur');
INSERT INTO `SkillSet_skills` (`SkillSet_id`, `skills`) VALUES ('11051', 'UnitTesting');
INSERT INTO `SkillSet_skills` (`SkillSet_id`, `skills`) VALUES ('11051', 'Java');
INSERT INTO `SkillSet_skills` (`SkillSet_id`, `skills`) VALUES ('11051', 'Maven');
INSERT INTO `Mission` (`id`, `companyName`, `name`, `role`, `skillSet_id`) VALUES ('11051', 'ecfbf0c5-7bce-4b7d-b9b4-473ca1bdaa73', '582b7ae1-e1b5-4d54-a5b2-edc75b1168a1', 'PrincipalConsultant', '11051');
INSERT INTO `SkillSet` (`id`) VALUES ('11052');
INSERT INTO `SkillSet_skills` (`SkillSet_id`, `skills`) VALUES ('11052', 'dotNet');
INSERT INTO `SkillSet_skills` (`SkillSet_id`, `skills`) VALUES ('11052', 'dotNet');
INSERT INTO `SkillSet_skills` (`SkillSet_id`, `skills`) VALUES ('11052', 'Maven');
INSERT INTO `Mission` (`id`, `companyName`, `name`, `role`, `skillSet_id`) VALUES ('11052', '12edf69f-344f-4a91-899d-b0b643c01cfa', 'a8bab676-4a1a-4785-a76c-2d9cc2c7181e', 'PrincipalConsultant', '11052');
INSERT INTO `SkillSet` (`id`) VALUES ('11053');
INSERT INTO `SkillSet_skills` (`SkillSet_id`, `skills`) VALUES ('11053', 'Java');
INSERT INTO `Mission` (`id`, `companyName`, `name`, `role`, `skillSet_id`) VALUES ('11053', '47f42519-7f59-45a4-8cee-aee1dd8d2988', '6e860b5b-d8bc-4a47-8bbc-48ade6626010', 'JuniorSoftwareEngineer', '11053');
INSERT INTO `SkillSet` (`id`) VALUES ('11054');
INSERT INTO `SkillSet_skills` (`SkillSet_id`, `skills`) VALUES ('11054', 'Architektur');
INSERT INTO `SkillSet_skills` (`SkillSet_id`, `skills`) VALUES ('11054', 'Maven');
INSERT INTO `SkillSet_skills` (`SkillSet_id`, `skills`) VALUES ('11054', 'Maven');
INSERT INTO `SkillSet_skills` (`SkillSet_id`, `skills`) VALUES ('11054', 'SQL');
INSERT INTO `SkillSet_skills` (`SkillSet_id`, `skills`) VALUES ('11054', 'Maven');
INSERT INTO `Mission` (`id`, `companyName`, `name`, `role`, `skillSet_id`) VALUES ('11054', 'd6f21f64-31dc-416f-8b16-7fd419eef2fc', '1843cade-d6db-4aa4-880e-7cdeaba0dd31', 'PrincipalConsultant', '11054');
INSERT INTO `SkillSet` (`id`) VALUES ('11055');
INSERT INTO `SkillSet_skills` (`SkillSet_id`, `skills`) VALUES ('11055', 'Java');
INSERT INTO `Mission` (`id`, `companyName`, `name`, `role`, `skillSet_id`) VALUES ('11055', '7be67b27-2eea-4700-b7c0-b7fb749cdbfc', 'd3bc897d-0197-41bd-8512-be249efb7c45', 'PrincipalConsultant', '11055');
INSERT INTO `SkillSet` (`id`) VALUES ('11056');
INSERT INTO `SkillSet_skills` (`SkillSet_id`, `skills`) VALUES ('11056', 'Maven');
INSERT INTO `SkillSet_skills` (`SkillSet_id`, `skills`) VALUES ('11056', 'SQL');
INSERT INTO `SkillSet_skills` (`SkillSet_id`, `skills`) VALUES ('11056', 'Java');
INSERT INTO `SkillSet_skills` (`SkillSet_id`, `skills`) VALUES ('11056', 'dotNet');
INSERT INTO `SkillSet_skills` (`SkillSet_id`, `skills`) VALUES ('11056', 'UnitTesting');
INSERT INTO `Mission` (`id`, `companyName`, `name`, `role`, `skillSet_id`) VALUES ('11056', '23ed8e2d-ab7d-45d7-87af-da3156f66288', '20f3cf7e-0291-4c52-a905-7ee1a6eee543', 'SoftwareEngineer', '11056');
INSERT INTO `SkillSet` (`id`) VALUES ('11057');
INSERT INTO `SkillSet_skills` (`SkillSet_id`, `skills`) VALUES ('11057', 'Java');
INSERT INTO `Mission` (`id`, `companyName`, `name`, `role`, `skillSet_id`) VALUES ('11057', '9c14d275-c226-4989-b4bf-26c6fbc63bad', '51ec7693-67b5-49b6-9c12-132aab343e20', 'SoftwareEngineer', '11057');
INSERT INTO `SkillSet` (`id`) VALUES ('11058');
INSERT INTO `SkillSet_skills` (`SkillSet_id`, `skills`) VALUES ('11058', 'Architektur');
INSERT INTO `SkillSet_skills` (`SkillSet_id`, `skills`) VALUES ('11058', 'dotNet');
INSERT INTO `SkillSet_skills` (`SkillSet_id`, `skills`) VALUES ('11058', 'Java');
INSERT INTO `Mission` (`id`, `companyName`, `name`, `role`, `skillSet_id`) VALUES ('11058', '3b46dd5a-8858-4e9d-b8ee-48e45dea91df', '4d75257d-ebe7-423c-8df3-a85b9ae74f58', 'SeniorSoftwareEngineer', '11058');
INSERT INTO `SkillSet` (`id`) VALUES ('11059');
INSERT INTO `SkillSet_skills` (`SkillSet_id`, `skills`) VALUES ('11059', 'UnitTesting');
INSERT INTO `Mission` (`id`, `companyName`, `name`, `role`, `skillSet_id`) VALUES ('11059', '5fd94110-8df3-4ff3-840f-51ea3e9069af', 'fa86d7e1-30fc-42d8-99a2-52c851d68d02', 'SoftwareEngineer', '11059');
INSERT INTO `SkillSet` (`id`) VALUES ('11060');
INSERT INTO `SkillSet_skills` (`SkillSet_id`, `skills`) VALUES ('11060', 'Architektur');
INSERT INTO `SkillSet_skills` (`SkillSet_id`, `skills`) VALUES ('11060', 'Architektur');
INSERT INTO `SkillSet_skills` (`SkillSet_id`, `skills`) VALUES ('11060', 'Gradle');
INSERT INTO `SkillSet_skills` (`SkillSet_id`, `skills`) VALUES ('11060', 'UITesting');
INSERT INTO `SkillSet_skills` (`SkillSet_id`, `skills`) VALUES ('11060', 'UnitTesting');
INSERT INTO `Mission` (`id`, `companyName`, `name`, `role`, `skillSet_id`) VALUES ('11060', 'ae05e133-5583-4aed-8b1d-947472b6d33f', '862b4114-fbb6-4a67-b696-4db70612ea2c', 'SeniorSoftwareEngineer', '11060');
INSERT INTO `SkillSet` (`id`) VALUES ('11061');
INSERT INTO `SkillSet_skills` (`SkillSet_id`, `skills`) VALUES ('11061', 'dotNet');
INSERT INTO `Mission` (`id`, `companyName`, `name`, `role`, `skillSet_id`) VALUES ('11061', '856c5f15-ee75-4e2c-8500-ff9ea7264f26', '35551eee-1ed0-4cd7-bbcd-5a8caf15e73f', 'LeadEngineer', '11061');
INSERT INTO `SkillSet` (`id`) VALUES ('11062');
INSERT INTO `SkillSet_skills` (`SkillSet_id`, `skills`) VALUES ('11062', 'Java');
INSERT INTO `SkillSet_skills` (`SkillSet_id`, `skills`) VALUES ('11062', 'UITesting');
INSERT INTO `SkillSet_skills` (`SkillSet_id`, `skills`) VALUES ('11062', 'dotNet');
INSERT INTO `SkillSet_skills` (`SkillSet_id`, `skills`) VALUES ('11062', 'SQL');
INSERT INTO `SkillSet_skills` (`SkillSet_id`, `skills`) VALUES ('11062', 'Maven');
INSERT INTO `Mission` (`id`, `companyName`, `name`, `role`, `skillSet_id`) VALUES ('11062', '352a0041-a106-462c-87bc-5c64e4842e41', 'b9232c2c-343c-4cc9-8705-173d1af65f8a', 'LeadSoftwareArchitect', '11062');
INSERT INTO `SkillSet` (`id`) VALUES ('11063');
INSERT INTO `SkillSet_skills` (`SkillSet_id`, `skills`) VALUES ('11063', 'Java');
INSERT INTO `SkillSet_skills` (`SkillSet_id`, `skills`) VALUES ('11063', 'Java');
INSERT INTO `SkillSet_skills` (`SkillSet_id`, `skills`) VALUES ('11063', 'UnitTesting');
INSERT INTO `SkillSet_skills` (`SkillSet_id`, `skills`) VALUES ('11063', 'UITesting');
INSERT INTO `SkillSet_skills` (`SkillSet_id`, `skills`) VALUES ('11063', 'Java');
INSERT INTO `Mission` (`id`, `companyName`, `name`, `role`, `skillSet_id`) VALUES ('11063', 'a9c7f04b-a0f0-40f2-83c5-05597e448715', '9f6bb78b-8e9d-4027-a39b-44e3ac688451', 'LeadSoftwareArchitect', '11063');
INSERT INTO `SkillSet` (`id`) VALUES ('11064');
INSERT INTO `SkillSet_skills` (`SkillSet_id`, `skills`) VALUES ('11064', 'Ant');
INSERT INTO `SkillSet_skills` (`SkillSet_id`, `skills`) VALUES ('11064', 'UITesting');
INSERT INTO `Mission` (`id`, `companyName`, `name`, `role`, `skillSet_id`) VALUES ('11064', 'ac23c12f-702d-4704-ab16-a62d9ea82864', '57923f30-ef21-48d1-a277-5bd8ec41d8fe', 'SeniorSoftwareEngineer', '11064');
INSERT INTO `SkillSet` (`id`) VALUES ('11065');
INSERT INTO `SkillSet_skills` (`SkillSet_id`, `skills`) VALUES ('11065', 'dotNet');
INSERT INTO `SkillSet_skills` (`SkillSet_id`, `skills`) VALUES ('11065', 'dotNet');
INSERT INTO `SkillSet_skills` (`SkillSet_id`, `skills`) VALUES ('11065', 'UITesting');
INSERT INTO `SkillSet_skills` (`SkillSet_id`, `skills`) VALUES ('11065', 'Gradle');
INSERT INTO `SkillSet_skills` (`SkillSet_id`, `skills`) VALUES ('11065', 'dotNet');
INSERT INTO `Mission` (`id`, `companyName`, `name`, `role`, `skillSet_id`) VALUES ('11065', '145b5e55-aad8-4057-8b4b-7187f7225a96', 'becaec13-f76d-4a21-9972-75c4c26468a7', 'PrincipalConsultant', '11065');
INSERT INTO `SkillSet` (`id`) VALUES ('11066');
INSERT INTO `SkillSet_skills` (`SkillSet_id`, `skills`) VALUES ('11066', 'UITesting');
INSERT INTO `SkillSet_skills` (`SkillSet_id`, `skills`) VALUES ('11066', 'UITesting');
INSERT INTO `Mission` (`id`, `companyName`, `name`, `role`, `skillSet_id`) VALUES ('11066', '5a50a71e-0f0f-485b-bd5c-dd494f577dbd', '0bd2b98d-e5c3-438e-a8b1-183d60f65575', 'LeadSoftwareArchitect', '11066');
INSERT INTO `SkillSet` (`id`) VALUES ('11067');
INSERT INTO `SkillSet_skills` (`SkillSet_id`, `skills`) VALUES ('11067', 'Architektur');
INSERT INTO `SkillSet_skills` (`SkillSet_id`, `skills`) VALUES ('11067', 'Gradle');
INSERT INTO `SkillSet_skills` (`SkillSet_id`, `skills`) VALUES ('11067', 'dotNet');
INSERT INTO `SkillSet_skills` (`SkillSet_id`, `skills`) VALUES ('11067', 'SQL');
INSERT INTO `Mission` (`id`, `companyName`, `name`, `role`, `skillSet_id`) VALUES ('11067', '99428d65-b8dd-41ac-bae4-2e4df0be3190', 'a5486e72-79b7-4930-82bb-8dd34c2f5c7d', 'LeadSoftwareArchitect', '11067');
INSERT INTO `SkillSet` (`id`) VALUES ('11068');
INSERT INTO `SkillSet_skills` (`SkillSet_id`, `skills`) VALUES ('11068', 'Gradle');
INSERT INTO `Mission` (`id`, `companyName`, `name`, `role`, `skillSet_id`) VALUES ('11068', '577b9f8f-54fa-4f1b-b18f-95cc2fefbf71', '680a7739-71a8-4595-afbc-bb707118aec4', 'LeadEngineer', '11068');
INSERT INTO `SkillSet` (`id`) VALUES ('11069');
INSERT INTO `SkillSet_skills` (`SkillSet_id`, `skills`) VALUES ('11069', 'Maven');
INSERT INTO `SkillSet_skills` (`SkillSet_id`, `skills`) VALUES ('11069', 'Ant');
INSERT INTO `SkillSet_skills` (`SkillSet_id`, `skills`) VALUES ('11069', 'UnitTesting');
INSERT INTO `SkillSet_skills` (`SkillSet_id`, `skills`) VALUES ('11069', 'UITesting');
INSERT INTO `Mission` (`id`, `companyName`, `name`, `role`, `skillSet_id`) VALUES ('11069', '3cf129b0-d468-4613-991c-13c82fc4f766', '0fae0ce9-88df-4a96-bf36-a79a914a8281', 'PrincipalConsultant', '11069');
INSERT INTO `SkillSet` (`id`) VALUES ('11070');
INSERT INTO `SkillSet_skills` (`SkillSet_id`, `skills`) VALUES ('11070', 'SQL');
INSERT INTO `Mission` (`id`, `companyName`, `name`, `role`, `skillSet_id`) VALUES ('11070', '34fe224d-557a-495e-91fb-8cea7b087f50', 'd5eb9033-727c-4682-866d-375e57ea460b', 'SoftwareEngineer', '11070');
INSERT INTO `SkillSet` (`id`) VALUES ('11071');
INSERT INTO `SkillSet_skills` (`SkillSet_id`, `skills`) VALUES ('11071', 'Architektur');
INSERT INTO `SkillSet_skills` (`SkillSet_id`, `skills`) VALUES ('11071', 'Gradle');
INSERT INTO `SkillSet_skills` (`SkillSet_id`, `skills`) VALUES ('11071', 'UITesting');
INSERT INTO `Mission` (`id`, `companyName`, `name`, `role`, `skillSet_id`) VALUES ('11071', 'ff3ba378-10b5-43e8-837a-17b7540ff6a7', '76fe2a2c-170b-4f19-96eb-0ef6ef718adc', 'SoftwareEngineer', '11071');
INSERT INTO `SkillSet` (`id`) VALUES ('11072');
INSERT INTO `SkillSet_skills` (`SkillSet_id`, `skills`) VALUES ('11072', 'Java');
INSERT INTO `SkillSet_skills` (`SkillSet_id`, `skills`) VALUES ('11072', 'UITesting');
INSERT INTO `SkillSet_skills` (`SkillSet_id`, `skills`) VALUES ('11072', 'Java');
INSERT INTO `SkillSet_skills` (`SkillSet_id`, `skills`) VALUES ('11072', 'Java');
INSERT INTO `Mission` (`id`, `companyName`, `name`, `role`, `skillSet_id`) VALUES ('11072', '52a3b607-81e4-4036-bb38-4aedcc18151f', '9b8e9998-c76d-42e5-afff-6f2d0d4837ab', 'SeniorSoftwareEngineer', '11072');
INSERT INTO `SkillSet` (`id`) VALUES ('11073');
INSERT INTO `SkillSet_skills` (`SkillSet_id`, `skills`) VALUES ('11073', 'SQL');
INSERT INTO `SkillSet_skills` (`SkillSet_id`, `skills`) VALUES ('11073', 'Java');
INSERT INTO `Mission` (`id`, `companyName`, `name`, `role`, `skillSet_id`) VALUES ('11073', '5ea924de-c0d4-404b-a4ac-1d749a164d2b', 'badd4f59-a41a-4681-bf7f-23884b938fb2', 'SeniorSoftwareEngineer', '11073');
INSERT INTO `SkillSet` (`id`) VALUES ('11074');
INSERT INTO `SkillSet_skills` (`SkillSet_id`, `skills`) VALUES ('11074', 'UITesting');
INSERT INTO `SkillSet_skills` (`SkillSet_id`, `skills`) VALUES ('11074', 'Java');
INSERT INTO `SkillSet_skills` (`SkillSet_id`, `skills`) VALUES ('11074', 'dotNet');
INSERT INTO `SkillSet_skills` (`SkillSet_id`, `skills`) VALUES ('11074', 'SQL');
INSERT INTO `SkillSet_skills` (`SkillSet_id`, `skills`) VALUES ('11074', 'Architektur');
INSERT INTO `Mission` (`id`, `companyName`, `name`, `role`, `skillSet_id`) VALUES ('11074', '2885bb6c-d46b-4263-b29b-dcaf53345f4f', '7684280a-2790-4cdb-bd68-b28b75cbc5c5', 'JuniorSoftwareEngineer', '11074');
INSERT INTO `SkillSet` (`id`) VALUES ('11075');
INSERT INTO `SkillSet_skills` (`SkillSet_id`, `skills`) VALUES ('11075', 'dotNet');
INSERT INTO `Mission` (`id`, `companyName`, `name`, `role`, `skillSet_id`) VALUES ('11075', '1bdbd6bc-7919-4a23-8fe9-3a837ce39dd2', '221dab12-060c-4442-a8d4-9681f04b58c3', 'LeadSoftwareArchitect', '11075');
INSERT INTO `SkillSet` (`id`) VALUES ('11076');
INSERT INTO `SkillSet_skills` (`SkillSet_id`, `skills`) VALUES ('11076', 'Maven');
INSERT INTO `Mission` (`id`, `companyName`, `name`, `role`, `skillSet_id`) VALUES ('11076', 'b4c40ded-5ab5-493d-bb15-05990c349f89', 'fdda127f-d1e1-4682-a869-3b67e1b0ad0e', 'PrincipalConsultant', '11076');
INSERT INTO `SkillSet` (`id`) VALUES ('11077');
INSERT INTO `SkillSet_skills` (`SkillSet_id`, `skills`) VALUES ('11077', 'dotNet');
INSERT INTO `SkillSet_skills` (`SkillSet_id`, `skills`) VALUES ('11077', 'Java');
INSERT INTO `SkillSet_skills` (`SkillSet_id`, `skills`) VALUES ('11077', 'UnitTesting');
INSERT INTO `SkillSet_skills` (`SkillSet_id`, `skills`) VALUES ('11077', 'SQL');
INSERT INTO `Mission` (`id`, `companyName`, `name`, `role`, `skillSet_id`) VALUES ('11077', 'fc4ac0e9-f0a9-4701-9640-005119ed2540', '48d8c19d-1819-4531-8f66-93e614936dc6', 'LeadEngineer', '11077');
INSERT INTO `SkillSet` (`id`) VALUES ('11078');
INSERT INTO `SkillSet_skills` (`SkillSet_id`, `skills`) VALUES ('11078', 'Ant');
INSERT INTO `SkillSet_skills` (`SkillSet_id`, `skills`) VALUES ('11078', 'Maven');
INSERT INTO `Mission` (`id`, `companyName`, `name`, `role`, `skillSet_id`) VALUES ('11078', '3e270518-86c3-4d73-8898-a031107a2038', '1cb75837-2e07-4faf-94b2-1941d43d6bf0', 'JuniorSoftwareEngineer', '11078');
INSERT INTO `SkillSet` (`id`) VALUES ('11079');
INSERT INTO `SkillSet_skills` (`SkillSet_id`, `skills`) VALUES ('11079', 'UnitTesting');
INSERT INTO `SkillSet_skills` (`SkillSet_id`, `skills`) VALUES ('11079', 'Java');
INSERT INTO `Mission` (`id`, `companyName`, `name`, `role`, `skillSet_id`) VALUES ('11079', 'e5b74d15-0951-4a0e-8fef-0a3adb5c2bcc', 'c20a1829-feb3-4db7-8781-bb3fa8372611', 'SoftwareEngineer', '11079');
INSERT INTO `SkillSet` (`id`) VALUES ('11080');
INSERT INTO `SkillSet_skills` (`SkillSet_id`, `skills`) VALUES ('11080', 'UITesting');
INSERT INTO `Mission` (`id`, `companyName`, `name`, `role`, `skillSet_id`) VALUES ('11080', 'abff3741-32d6-4d53-9cf3-283ec79c5531', '23151083-47a8-4bfb-8d0c-4b6950347003', 'SoftwareEngineer', '11080');
INSERT INTO `SkillSet` (`id`) VALUES ('11081');
INSERT INTO `SkillSet_skills` (`SkillSet_id`, `skills`) VALUES ('11081', 'Maven');
INSERT INTO `SkillSet_skills` (`SkillSet_id`, `skills`) VALUES ('11081', 'Java');
INSERT INTO `SkillSet_skills` (`SkillSet_id`, `skills`) VALUES ('11081', 'UnitTesting');
INSERT INTO `SkillSet_skills` (`SkillSet_id`, `skills`) VALUES ('11081', 'Architektur');
INSERT INTO `SkillSet_skills` (`SkillSet_id`, `skills`) VALUES ('11081', 'dotNet');
INSERT INTO `Mission` (`id`, `companyName`, `name`, `role`, `skillSet_id`) VALUES ('11081', '7add8f8f-d5ed-4ad5-950b-9bad2dfa561c', 'f696834c-ec15-481e-ba5e-dca270944804', 'PrincipalConsultant', '11081');
INSERT INTO `SkillSet` (`id`) VALUES ('11082');
INSERT INTO `SkillSet_skills` (`SkillSet_id`, `skills`) VALUES ('11082', 'Java');
INSERT INTO `Mission` (`id`, `companyName`, `name`, `role`, `skillSet_id`) VALUES ('11082', 'b08db30e-cbaf-4d1b-bb5c-1b18e828cc97', '57e751ce-d8cb-4c56-bff7-025cfaf1f807', 'SeniorSoftwareEngineer', '11082');
INSERT INTO `SkillSet` (`id`) VALUES ('11083');
INSERT INTO `SkillSet_skills` (`SkillSet_id`, `skills`) VALUES ('11083', 'Java');
INSERT INTO `Mission` (`id`, `companyName`, `name`, `role`, `skillSet_id`) VALUES ('11083', 'dcbb2f22-c02a-4779-afc1-4c27827f1c5c', 'cc7044ce-9052-40f7-9f83-6e1b8b7e9397', 'PrincipalConsultant', '11083');
INSERT INTO `SkillSet` (`id`) VALUES ('11084');
INSERT INTO `SkillSet_skills` (`SkillSet_id`, `skills`) VALUES ('11084', 'Maven');
INSERT INTO `SkillSet_skills` (`SkillSet_id`, `skills`) VALUES ('11084', 'Maven');
INSERT INTO `SkillSet_skills` (`SkillSet_id`, `skills`) VALUES ('11084', 'Maven');
INSERT INTO `SkillSet_skills` (`SkillSet_id`, `skills`) VALUES ('11084', 'dotNet');
INSERT INTO `Mission` (`id`, `companyName`, `name`, `role`, `skillSet_id`) VALUES ('11084', 'a8bcae97-3df3-49d1-b6d3-59789095bd6d', '741af96d-7c6a-4d52-be07-6884ca18753d', 'LeadSoftwareArchitect', '11084');
INSERT INTO `SkillSet` (`id`) VALUES ('11085');
INSERT INTO `SkillSet_skills` (`SkillSet_id`, `skills`) VALUES ('11085', 'dotNet');
INSERT INTO `Mission` (`id`, `companyName`, `name`, `role`, `skillSet_id`) VALUES ('11085', '356c8455-2865-43d2-8c87-ba66db3d5850', '0b8e26a1-81ad-4465-af27-ac96c08d5e5b', 'SeniorSoftwareEngineer', '11085');
INSERT INTO `SkillSet` (`id`) VALUES ('11086');
INSERT INTO `SkillSet_skills` (`SkillSet_id`, `skills`) VALUES ('11086', 'UnitTesting');
INSERT INTO `SkillSet_skills` (`SkillSet_id`, `skills`) VALUES ('11086', 'dotNet');
INSERT INTO `SkillSet_skills` (`SkillSet_id`, `skills`) VALUES ('11086', 'Java');
INSERT INTO `SkillSet_skills` (`SkillSet_id`, `skills`) VALUES ('11086', 'SQL');
INSERT INTO `Mission` (`id`, `companyName`, `name`, `role`, `skillSet_id`) VALUES ('11086', 'd6a54d42-2d03-48c0-bf3d-3b2699324906', '160bf5c4-fa09-4d91-a14a-852c23ce6d28', 'LeadSoftwareArchitect', '11086');
INSERT INTO `SkillSet` (`id`) VALUES ('11087');
INSERT INTO `SkillSet_skills` (`SkillSet_id`, `skills`) VALUES ('11087', 'Ant');
INSERT INTO `SkillSet_skills` (`SkillSet_id`, `skills`) VALUES ('11087', 'SQL');
INSERT INTO `SkillSet_skills` (`SkillSet_id`, `skills`) VALUES ('11087', 'dotNet');
INSERT INTO `Mission` (`id`, `companyName`, `name`, `role`, `skillSet_id`) VALUES ('11087', '3418cbb5-5c54-4e9b-9347-06ead4ccc78c', '2d4df0a1-0156-46e8-a858-61250ac27d07', 'LeadSoftwareArchitect', '11087');
INSERT INTO `SkillSet` (`id`) VALUES ('11088');
INSERT INTO `SkillSet_skills` (`SkillSet_id`, `skills`) VALUES ('11088', 'UITesting');
INSERT INTO `SkillSet_skills` (`SkillSet_id`, `skills`) VALUES ('11088', 'UnitTesting');
INSERT INTO `Mission` (`id`, `companyName`, `name`, `role`, `skillSet_id`) VALUES ('11088', 'ca4e5f10-fd96-464b-ba86-c03adf72d248', '572a3a17-feba-4023-8ecb-48958f90c969', 'SoftwareEngineer', '11088');
INSERT INTO `SkillSet` (`id`) VALUES ('11089');
INSERT INTO `SkillSet_skills` (`SkillSet_id`, `skills`) VALUES ('11089', 'Architektur');
INSERT INTO `SkillSet_skills` (`SkillSet_id`, `skills`) VALUES ('11089', 'Maven');
INSERT INTO `SkillSet_skills` (`SkillSet_id`, `skills`) VALUES ('11089', 'SQL');
INSERT INTO `SkillSet_skills` (`SkillSet_id`, `skills`) VALUES ('11089', 'Gradle');
INSERT INTO `SkillSet_skills` (`SkillSet_id`, `skills`) VALUES ('11089', 'Java');
INSERT INTO `Mission` (`id`, `companyName`, `name`, `role`, `skillSet_id`) VALUES ('11089', '6def65ce-5237-4d49-a148-f0b797c1c9dd', '0f09fbd8-7e61-475b-9cf3-2b605589fbc5', 'LeadSoftwareArchitect', '11089');
INSERT INTO `SkillSet` (`id`) VALUES ('11090');
INSERT INTO `SkillSet_skills` (`SkillSet_id`, `skills`) VALUES ('11090', 'dotNet');
INSERT INTO `SkillSet_skills` (`SkillSet_id`, `skills`) VALUES ('11090', 'Gradle');
INSERT INTO `Mission` (`id`, `companyName`, `name`, `role`, `skillSet_id`) VALUES ('11090', 'c018f104-42c6-400f-a384-c53434f0dd3b', '27f55b46-cad8-4030-9c61-7ec8bff186b8', 'SoftwareEngineer', '11090');
INSERT INTO `SkillSet` (`id`) VALUES ('11091');
INSERT INTO `SkillSet_skills` (`SkillSet_id`, `skills`) VALUES ('11091', 'UnitTesting');
INSERT INTO `SkillSet_skills` (`SkillSet_id`, `skills`) VALUES ('11091', 'Ant');
INSERT INTO `SkillSet_skills` (`SkillSet_id`, `skills`) VALUES ('11091', 'Ant');
INSERT INTO `SkillSet_skills` (`SkillSet_id`, `skills`) VALUES ('11091', 'Ant');
INSERT INTO `Mission` (`id`, `companyName`, `name`, `role`, `skillSet_id`) VALUES ('11091', 'fc76c843-fd78-4136-9c47-6ee8822ca37f', 'de873777-9ab4-462d-8559-52adca32781f', 'JuniorSoftwareEngineer', '11091');
INSERT INTO `SkillSet` (`id`) VALUES ('11092');
INSERT INTO `SkillSet_skills` (`SkillSet_id`, `skills`) VALUES ('11092', 'Gradle');
INSERT INTO `SkillSet_skills` (`SkillSet_id`, `skills`) VALUES ('11092', 'Architektur');
INSERT INTO `SkillSet_skills` (`SkillSet_id`, `skills`) VALUES ('11092', 'SQL');
INSERT INTO `Mission` (`id`, `companyName`, `name`, `role`, `skillSet_id`) VALUES ('11092', 'f9d5008c-0f4f-4530-8851-b23d0df0aac0', 'acf00cb1-ad5d-47f9-bd57-b42a1b21f6a5', 'SeniorSoftwareEngineer', '11092');
INSERT INTO `SkillSet` (`id`) VALUES ('11093');
INSERT INTO `SkillSet_skills` (`SkillSet_id`, `skills`) VALUES ('11093', 'UnitTesting');
INSERT INTO `SkillSet_skills` (`SkillSet_id`, `skills`) VALUES ('11093', 'SQL');
INSERT INTO `SkillSet_skills` (`SkillSet_id`, `skills`) VALUES ('11093', 'UITesting');
INSERT INTO `SkillSet_skills` (`SkillSet_id`, `skills`) VALUES ('11093', 'Maven');
INSERT INTO `SkillSet_skills` (`SkillSet_id`, `skills`) VALUES ('11093', 'Ant');
INSERT INTO `Mission` (`id`, `companyName`, `name`, `role`, `skillSet_id`) VALUES ('11093', '80cc3c36-6998-447c-9995-b58cfe2a0362', '2173ca80-9c82-49e6-80ad-c0b715e8974e', 'LeadEngineer', '11093');
INSERT INTO `SkillSet` (`id`) VALUES ('11094');
INSERT INTO `SkillSet_skills` (`SkillSet_id`, `skills`) VALUES ('11094', 'UITesting');
INSERT INTO `Mission` (`id`, `companyName`, `name`, `role`, `skillSet_id`) VALUES ('11094', '0c565e17-4bb5-4f77-810c-2cd7fdae9c8c', 'c0159412-f622-4873-8c19-7512b6efac73', 'PrincipalConsultant', '11094');
INSERT INTO `SkillSet` (`id`) VALUES ('11095');
INSERT INTO `SkillSet_skills` (`SkillSet_id`, `skills`) VALUES ('11095', 'Maven');
INSERT INTO `SkillSet_skills` (`SkillSet_id`, `skills`) VALUES ('11095', 'Maven');
INSERT INTO `SkillSet_skills` (`SkillSet_id`, `skills`) VALUES ('11095', 'Java');
INSERT INTO `SkillSet_skills` (`SkillSet_id`, `skills`) VALUES ('11095', 'dotNet');
INSERT INTO `SkillSet_skills` (`SkillSet_id`, `skills`) VALUES ('11095', 'Architektur');
INSERT INTO `Mission` (`id`, `companyName`, `name`, `role`, `skillSet_id`) VALUES ('11095', '0a1d4067-956a-46b9-b0d0-dad9b98c7778', '6dd05c65-27a2-44bd-842d-758bd1ff1a6c', 'JuniorSoftwareEngineer', '11095');
INSERT INTO `SkillSet` (`id`) VALUES ('11096');
INSERT INTO `SkillSet_skills` (`SkillSet_id`, `skills`) VALUES ('11096', 'Architektur');
INSERT INTO `SkillSet_skills` (`SkillSet_id`, `skills`) VALUES ('11096', 'Maven');
INSERT INTO `SkillSet_skills` (`SkillSet_id`, `skills`) VALUES ('11096', 'Architektur');
INSERT INTO `Mission` (`id`, `companyName`, `name`, `role`, `skillSet_id`) VALUES ('11096', 'd63a6f24-5115-42ec-8018-025ccc2c7fe6', 'fd7e1a03-9601-4181-8066-020d0f75ac5d', 'JuniorSoftwareEngineer', '11096');
INSERT INTO `SkillSet` (`id`) VALUES ('11097');
INSERT INTO `SkillSet_skills` (`SkillSet_id`, `skills`) VALUES ('11097', 'UnitTesting');
INSERT INTO `Mission` (`id`, `companyName`, `name`, `role`, `skillSet_id`) VALUES ('11097', '8e0ace2b-bd39-4c87-a35e-223fe79df577', '49d6bbc0-3bc4-44da-9c6b-b604ea1eb25c', 'LeadEngineer', '11097');
INSERT INTO `SkillSet` (`id`) VALUES ('11098');
INSERT INTO `SkillSet_skills` (`SkillSet_id`, `skills`) VALUES ('11098', 'UITesting');
INSERT INTO `SkillSet_skills` (`SkillSet_id`, `skills`) VALUES ('11098', 'Maven');
INSERT INTO `SkillSet_skills` (`SkillSet_id`, `skills`) VALUES ('11098', 'UnitTesting');
INSERT INTO `Mission` (`id`, `companyName`, `name`, `role`, `skillSet_id`) VALUES ('11098', '02b4880a-2007-4c51-80c6-884388496651', 'e2e1c9e3-1936-4ae3-8284-caed529db6be', 'JuniorSoftwareEngineer', '11098');
INSERT INTO `SkillSet` (`id`) VALUES ('11099');
INSERT INTO `SkillSet_skills` (`SkillSet_id`, `skills`) VALUES ('11099', 'Maven');
INSERT INTO `SkillSet_skills` (`SkillSet_id`, `skills`) VALUES ('11099', 'dotNet');
INSERT INTO `SkillSet_skills` (`SkillSet_id`, `skills`) VALUES ('11099', 'UITesting');
INSERT INTO `SkillSet_skills` (`SkillSet_id`, `skills`) VALUES ('11099', 'Architektur');
INSERT INTO `Mission` (`id`, `companyName`, `name`, `role`, `skillSet_id`) VALUES ('11099', '035b65a6-e2bf-44f6-bc6f-8364c7eaf2f1', 'e4ed6ed8-74d0-4b93-a733-691ad25c5565', 'LeadEngineer', '11099');
INSERT INTO `SkillSet` (`id`) VALUES ('11100');
INSERT INTO `SkillSet_skills` (`SkillSet_id`, `skills`) VALUES ('11100', 'Gradle');
INSERT INTO `SkillSet_skills` (`SkillSet_id`, `skills`) VALUES ('11100', 'UnitTesting');
INSERT INTO `SkillSet_skills` (`SkillSet_id`, `skills`) VALUES ('11100', 'Java');
INSERT INTO `SkillSet_skills` (`SkillSet_id`, `skills`) VALUES ('11100', 'SQL');
INSERT INTO `Mission` (`id`, `companyName`, `name`, `role`, `skillSet_id`) VALUES ('11100', '3129b939-02c2-412f-9b1b-6f93198b5ba4', '3257e683-620e-4469-8277-bb5b1aeb30cd', 'PrincipalConsultant', '11100');
INSERT INTO `SkillSet` (`id`) VALUES ('11101');
INSERT INTO `SkillSet_skills` (`SkillSet_id`, `skills`) VALUES ('11101', 'Java');
INSERT INTO `SkillSet_skills` (`SkillSet_id`, `skills`) VALUES ('11101', 'SQL');
INSERT INTO `SkillSet_skills` (`SkillSet_id`, `skills`) VALUES ('11101', 'Architektur');
INSERT INTO `SkillSet_skills` (`SkillSet_id`, `skills`) VALUES ('11101', 'Architektur');
INSERT INTO `SkillSet_skills` (`SkillSet_id`, `skills`) VALUES ('11101', 'Maven');
INSERT INTO `Mission` (`id`, `companyName`, `name`, `role`, `skillSet_id`) VALUES ('11101', 'ec996f6d-9c86-4fc9-8594-a48d0bd4965e', 'ca06b451-17c9-46f2-8c26-cd2e4d0b3b99', 'LeadSoftwareArchitect', '11101');
INSERT INTO `SkillSet` (`id`) VALUES ('11102');
INSERT INTO `SkillSet_skills` (`SkillSet_id`, `skills`) VALUES ('11102', 'UITesting');
INSERT INTO `SkillSet_skills` (`SkillSet_id`, `skills`) VALUES ('11102', 'Java');
INSERT INTO `SkillSet_skills` (`SkillSet_id`, `skills`) VALUES ('11102', 'UITesting');
INSERT INTO `Mission` (`id`, `companyName`, `name`, `role`, `skillSet_id`) VALUES ('11102', '81f46f63-6b45-4d02-92b1-3b56230ad5d5', 'e6db6fdf-1a8e-4b07-ba1b-9d440abb0a89', 'SoftwareEngineer', '11102');
INSERT INTO `SkillSet` (`id`) VALUES ('11103');
INSERT INTO `SkillSet_skills` (`SkillSet_id`, `skills`) VALUES ('11103', 'Architektur');
INSERT INTO `SkillSet_skills` (`SkillSet_id`, `skills`) VALUES ('11103', 'dotNet');
INSERT INTO `SkillSet_skills` (`SkillSet_id`, `skills`) VALUES ('11103', 'UITesting');
INSERT INTO `SkillSet_skills` (`SkillSet_id`, `skills`) VALUES ('11103', 'Architektur');
INSERT INTO `SkillSet_skills` (`SkillSet_id`, `skills`) VALUES ('11103', 'Maven');
INSERT INTO `Mission` (`id`, `companyName`, `name`, `role`, `skillSet_id`) VALUES ('11103', '64fe2ba8-5eaa-47ac-8bff-ada32b2cddaf', '122e9d0a-9156-4952-bddf-b1bf4af7a49a', 'LeadSoftwareArchitect', '11103');
INSERT INTO `SkillSet` (`id`) VALUES ('11104');
INSERT INTO `SkillSet_skills` (`SkillSet_id`, `skills`) VALUES ('11104', 'Gradle');
INSERT INTO `SkillSet_skills` (`SkillSet_id`, `skills`) VALUES ('11104', 'UnitTesting');
INSERT INTO `SkillSet_skills` (`SkillSet_id`, `skills`) VALUES ('11104', 'UnitTesting');
INSERT INTO `SkillSet_skills` (`SkillSet_id`, `skills`) VALUES ('11104', 'Ant');
INSERT INTO `SkillSet_skills` (`SkillSet_id`, `skills`) VALUES ('11104', 'UnitTesting');
INSERT INTO `Mission` (`id`, `companyName`, `name`, `role`, `skillSet_id`) VALUES ('11104', '8e8f769f-6005-43d6-a3f7-0d004cb0b574', '8e60526a-c55c-49e1-b2da-b247109cbe75', 'JuniorSoftwareEngineer', '11104');
INSERT INTO `SkillSet` (`id`) VALUES ('11105');
INSERT INTO `SkillSet_skills` (`SkillSet_id`, `skills`) VALUES ('11105', 'Ant');
INSERT INTO `SkillSet_skills` (`SkillSet_id`, `skills`) VALUES ('11105', 'Java');
INSERT INTO `SkillSet_skills` (`SkillSet_id`, `skills`) VALUES ('11105', 'Maven');
INSERT INTO `SkillSet_skills` (`SkillSet_id`, `skills`) VALUES ('11105', 'UnitTesting');
INSERT INTO `Mission` (`id`, `companyName`, `name`, `role`, `skillSet_id`) VALUES ('11105', 'd1d5261a-b967-43d0-a8d9-3d68a673e176', '99eddfd3-078a-40be-97de-b09b775c655e', 'LeadSoftwareArchitect', '11105');
INSERT INTO `SkillSet` (`id`) VALUES ('11106');
INSERT INTO `SkillSet_skills` (`SkillSet_id`, `skills`) VALUES ('11106', 'UITesting');
INSERT INTO `SkillSet_skills` (`SkillSet_id`, `skills`) VALUES ('11106', 'SQL');
INSERT INTO `SkillSet_skills` (`SkillSet_id`, `skills`) VALUES ('11106', 'Gradle');
INSERT INTO `SkillSet_skills` (`SkillSet_id`, `skills`) VALUES ('11106', 'UnitTesting');
INSERT INTO `Mission` (`id`, `companyName`, `name`, `role`, `skillSet_id`) VALUES ('11106', '0dc6a4c8-4e69-4120-8d90-020d57108e3a', 'bbe49f96-1adc-4483-b950-4294bdb5e109', 'LeadEngineer', '11106');
INSERT INTO `SkillSet` (`id`) VALUES ('11107');
INSERT INTO `SkillSet_skills` (`SkillSet_id`, `skills`) VALUES ('11107', 'Gradle');
INSERT INTO `SkillSet_skills` (`SkillSet_id`, `skills`) VALUES ('11107', 'Gradle');
INSERT INTO `SkillSet_skills` (`SkillSet_id`, `skills`) VALUES ('11107', 'Gradle');
INSERT INTO `SkillSet_skills` (`SkillSet_id`, `skills`) VALUES ('11107', 'Java');
INSERT INTO `Mission` (`id`, `companyName`, `name`, `role`, `skillSet_id`) VALUES ('11107', '30165daa-3e57-47e9-b59d-853cb077bb7c', '274ad9df-f70e-4d0d-98c7-d6dcfe07872a', 'SoftwareEngineer', '11107');
INSERT INTO `SkillSet` (`id`) VALUES ('11108');
INSERT INTO `SkillSet_skills` (`SkillSet_id`, `skills`) VALUES ('11108', 'Architektur');
INSERT INTO `SkillSet_skills` (`SkillSet_id`, `skills`) VALUES ('11108', 'Maven');
INSERT INTO `SkillSet_skills` (`SkillSet_id`, `skills`) VALUES ('11108', 'Java');
INSERT INTO `SkillSet_skills` (`SkillSet_id`, `skills`) VALUES ('11108', 'Maven');
INSERT INTO `SkillSet_skills` (`SkillSet_id`, `skills`) VALUES ('11108', 'Architektur');
INSERT INTO `Mission` (`id`, `companyName`, `name`, `role`, `skillSet_id`) VALUES ('11108', 'e568a098-513d-4d40-9b07-0f067f90f1da', '43168fcf-bd08-422c-8e6c-f9ef32293b50', 'LeadSoftwareArchitect', '11108');
INSERT INTO `SkillSet` (`id`) VALUES ('11109');
INSERT INTO `SkillSet_skills` (`SkillSet_id`, `skills`) VALUES ('11109', 'UnitTesting');
INSERT INTO `SkillSet_skills` (`SkillSet_id`, `skills`) VALUES ('11109', 'SQL');
INSERT INTO `Mission` (`id`, `companyName`, `name`, `role`, `skillSet_id`) VALUES ('11109', 'a95386a9-9b02-475b-9ef9-9cac87df254b', '0b9d3fe5-c82d-4196-b3c1-57f327d1bbfb', 'SeniorSoftwareEngineer', '11109');
INSERT INTO `SkillSet` (`id`) VALUES ('11110');
INSERT INTO `SkillSet_skills` (`SkillSet_id`, `skills`) VALUES ('11110', 'Java');
INSERT INTO `SkillSet_skills` (`SkillSet_id`, `skills`) VALUES ('11110', 'Maven');
INSERT INTO `SkillSet_skills` (`SkillSet_id`, `skills`) VALUES ('11110', 'UnitTesting');
INSERT INTO `SkillSet_skills` (`SkillSet_id`, `skills`) VALUES ('11110', 'Java');
INSERT INTO `SkillSet_skills` (`SkillSet_id`, `skills`) VALUES ('11110', 'UnitTesting');
INSERT INTO `Mission` (`id`, `companyName`, `name`, `role`, `skillSet_id`) VALUES ('11110', '748777f9-8ed2-4f03-8d30-f9cce4e2c543', '275c90fe-a710-4f81-96a2-11bd368da5a0', 'SeniorSoftwareEngineer', '11110');
INSERT INTO `SkillSet` (`id`) VALUES ('11111');
INSERT INTO `SkillSet_skills` (`SkillSet_id`, `skills`) VALUES ('11111', 'UITesting');
INSERT INTO `SkillSet_skills` (`SkillSet_id`, `skills`) VALUES ('11111', 'Gradle');
INSERT INTO `SkillSet_skills` (`SkillSet_id`, `skills`) VALUES ('11111', 'Architektur');
INSERT INTO `Mission` (`id`, `companyName`, `name`, `role`, `skillSet_id`) VALUES ('11111', 'fb1c9b1c-7ae1-4897-904d-014a28d9fc4d', '286ec840-928a-4921-9087-789586f3f764', 'JuniorSoftwareEngineer', '11111');
INSERT INTO `SkillSet` (`id`) VALUES ('11112');
INSERT INTO `SkillSet_skills` (`SkillSet_id`, `skills`) VALUES ('11112', 'Java');
INSERT INTO `Mission` (`id`, `companyName`, `name`, `role`, `skillSet_id`) VALUES ('11112', '38c6579e-afde-492f-8dc4-bd900194625d', '035eff18-1554-41c8-a463-4fe59a4757a3', 'SoftwareEngineer', '11112');
INSERT INTO `SkillSet` (`id`) VALUES ('11113');
INSERT INTO `SkillSet_skills` (`SkillSet_id`, `skills`) VALUES ('11113', 'Architektur');
INSERT INTO `SkillSet_skills` (`SkillSet_id`, `skills`) VALUES ('11113', 'UITesting');
INSERT INTO `SkillSet_skills` (`SkillSet_id`, `skills`) VALUES ('11113', 'UITesting');
INSERT INTO `Mission` (`id`, `companyName`, `name`, `role`, `skillSet_id`) VALUES ('11113', '14744dd0-6b2f-4bef-b514-3b14a1efc560', 'c2a41590-0401-4657-a1ae-be6d575c04c3', 'SoftwareEngineer', '11113');
INSERT INTO `SkillSet` (`id`) VALUES ('11114');
INSERT INTO `SkillSet_skills` (`SkillSet_id`, `skills`) VALUES ('11114', 'SQL');
INSERT INTO `SkillSet_skills` (`SkillSet_id`, `skills`) VALUES ('11114', 'dotNet');
INSERT INTO `SkillSet_skills` (`SkillSet_id`, `skills`) VALUES ('11114', 'Maven');
INSERT INTO `Mission` (`id`, `companyName`, `name`, `role`, `skillSet_id`) VALUES ('11114', 'd416b8e5-1f51-49d8-b4cd-0c5b75fe05ec', '2336657a-8952-4716-a277-a48b1cd08d98', 'JuniorSoftwareEngineer', '11114');
INSERT INTO `SkillSet` (`id`) VALUES ('11115');
INSERT INTO `SkillSet_skills` (`SkillSet_id`, `skills`) VALUES ('11115', 'Maven');
INSERT INTO `Mission` (`id`, `companyName`, `name`, `role`, `skillSet_id`) VALUES ('11115', 'e23b3e14-b41e-463f-99ae-a26c2d1202cd', '4b8684c1-4406-4f91-a144-64f61846d8af', 'PrincipalConsultant', '11115');
INSERT INTO `SkillSet` (`id`) VALUES ('11116');
INSERT INTO `SkillSet_skills` (`SkillSet_id`, `skills`) VALUES ('11116', 'UnitTesting');
INSERT INTO `SkillSet_skills` (`SkillSet_id`, `skills`) VALUES ('11116', 'Gradle');
INSERT INTO `Mission` (`id`, `companyName`, `name`, `role`, `skillSet_id`) VALUES ('11116', '4bc2186a-5b5b-4b02-a7da-42e55f656f5b', '9010bf98-9572-4d8f-a791-d4890df2a070', 'LeadEngineer', '11116');
INSERT INTO `SkillSet` (`id`) VALUES ('11117');
INSERT INTO `SkillSet_skills` (`SkillSet_id`, `skills`) VALUES ('11117', 'UnitTesting');
INSERT INTO `SkillSet_skills` (`SkillSet_id`, `skills`) VALUES ('11117', 'Java');
INSERT INTO `SkillSet_skills` (`SkillSet_id`, `skills`) VALUES ('11117', 'Architektur');
INSERT INTO `SkillSet_skills` (`SkillSet_id`, `skills`) VALUES ('11117', 'Ant');
INSERT INTO `SkillSet_skills` (`SkillSet_id`, `skills`) VALUES ('11117', 'UnitTesting');
INSERT INTO `Mission` (`id`, `companyName`, `name`, `role`, `skillSet_id`) VALUES ('11117', '559e1cf4-21fb-4ce9-b9c6-111bf1bd2416', 'cb860863-dc3b-4682-a8e5-98421d5b26f7', 'LeadSoftwareArchitect', '11117');
INSERT INTO `SkillSet` (`id`) VALUES ('11118');
INSERT INTO `SkillSet_skills` (`SkillSet_id`, `skills`) VALUES ('11118', 'SQL');
INSERT INTO `Mission` (`id`, `companyName`, `name`, `role`, `skillSet_id`) VALUES ('11118', 'd21196b6-bb91-45c6-a159-68a74436b634', '928ebb9d-8efb-4014-a677-bda79c6aa5ae', 'SeniorSoftwareEngineer', '11118');
INSERT INTO `SkillSet` (`id`) VALUES ('11119');
INSERT INTO `SkillSet_skills` (`SkillSet_id`, `skills`) VALUES ('11119', 'Java');
INSERT INTO `SkillSet_skills` (`SkillSet_id`, `skills`) VALUES ('11119', 'Architektur');
INSERT INTO `SkillSet_skills` (`SkillSet_id`, `skills`) VALUES ('11119', 'UnitTesting');
INSERT INTO `SkillSet_skills` (`SkillSet_id`, `skills`) VALUES ('11119', 'dotNet');
INSERT INTO `SkillSet_skills` (`SkillSet_id`, `skills`) VALUES ('11119', 'SQL');
INSERT INTO `Mission` (`id`, `companyName`, `name`, `role`, `skillSet_id`) VALUES ('11119', 'c181b516-3df8-4f55-ae0d-69a48ce628ff', 'be7324bc-2129-4947-8a8f-749e222bc0e0', 'PrincipalConsultant', '11119');
INSERT INTO `SkillSet` (`id`) VALUES ('11120');
INSERT INTO `SkillSet_skills` (`SkillSet_id`, `skills`) VALUES ('11120', 'Ant');
INSERT INTO `SkillSet_skills` (`SkillSet_id`, `skills`) VALUES ('11120', 'Gradle');
INSERT INTO `Mission` (`id`, `companyName`, `name`, `role`, `skillSet_id`) VALUES ('11120', '7031b5fe-dfe6-4122-8a5d-bb6ac663ca85', 'f7585a64-9fb9-4eb3-b6d9-827c1e9ca7c6', 'LeadEngineer', '11120');
INSERT INTO `SkillSet` (`id`) VALUES ('11121');
INSERT INTO `SkillSet_skills` (`SkillSet_id`, `skills`) VALUES ('11121', 'Gradle');
INSERT INTO `SkillSet_skills` (`SkillSet_id`, `skills`) VALUES ('11121', 'UITesting');
INSERT INTO `SkillSet_skills` (`SkillSet_id`, `skills`) VALUES ('11121', 'UITesting');
INSERT INTO `SkillSet_skills` (`SkillSet_id`, `skills`) VALUES ('11121', 'Architektur');
INSERT INTO `SkillSet_skills` (`SkillSet_id`, `skills`) VALUES ('11121', 'dotNet');
INSERT INTO `Mission` (`id`, `companyName`, `name`, `role`, `skillSet_id`) VALUES ('11121', '589bc8aa-eba8-4cde-b9e2-1a1cf375a887', 'a421d86f-8381-4cd8-808f-ab1c37db5d4d', 'PrincipalConsultant', '11121');
INSERT INTO `SkillSet` (`id`) VALUES ('11122');
INSERT INTO `SkillSet_skills` (`SkillSet_id`, `skills`) VALUES ('11122', 'Maven');
INSERT INTO `SkillSet_skills` (`SkillSet_id`, `skills`) VALUES ('11122', 'UITesting');
INSERT INTO `SkillSet_skills` (`SkillSet_id`, `skills`) VALUES ('11122', 'Ant');
INSERT INTO `SkillSet_skills` (`SkillSet_id`, `skills`) VALUES ('11122', 'Maven');
INSERT INTO `SkillSet_skills` (`SkillSet_id`, `skills`) VALUES ('11122', 'Java');
INSERT INTO `Mission` (`id`, `companyName`, `name`, `role`, `skillSet_id`) VALUES ('11122', 'd20d4415-157f-4b90-ac42-3070712384c3', '2ea7357a-1194-42c5-8e9a-f4554ceaef12', 'LeadSoftwareArchitect', '11122');
INSERT INTO `SkillSet` (`id`) VALUES ('11123');
INSERT INTO `SkillSet_skills` (`SkillSet_id`, `skills`) VALUES ('11123', 'dotNet');
INSERT INTO `SkillSet_skills` (`SkillSet_id`, `skills`) VALUES ('11123', 'Java');
INSERT INTO `SkillSet_skills` (`SkillSet_id`, `skills`) VALUES ('11123', 'Java');
INSERT INTO `Mission` (`id`, `companyName`, `name`, `role`, `skillSet_id`) VALUES ('11123', '56f2c371-e82c-434d-9029-ef78d11af9b8', 'f1b09418-ce65-45cb-8256-c7c66d1c399b', 'LeadSoftwareArchitect', '11123');
INSERT INTO `SkillSet` (`id`) VALUES ('11124');
INSERT INTO `SkillSet_skills` (`SkillSet_id`, `skills`) VALUES ('11124', 'Ant');
INSERT INTO `SkillSet_skills` (`SkillSet_id`, `skills`) VALUES ('11124', 'UITesting');
INSERT INTO `SkillSet_skills` (`SkillSet_id`, `skills`) VALUES ('11124', 'Architektur');
INSERT INTO `SkillSet_skills` (`SkillSet_id`, `skills`) VALUES ('11124', 'Architektur');
INSERT INTO `SkillSet_skills` (`SkillSet_id`, `skills`) VALUES ('11124', 'Architektur');
INSERT INTO `Mission` (`id`, `companyName`, `name`, `role`, `skillSet_id`) VALUES ('11124', '8c9a3a4a-3e83-40be-9fed-b5f440deb715', '52171b35-8911-42f2-8d13-a8c97f8d1af7', 'PrincipalConsultant', '11124');
INSERT INTO `SkillSet` (`id`) VALUES ('11125');
INSERT INTO `SkillSet_skills` (`SkillSet_id`, `skills`) VALUES ('11125', 'Architektur');
INSERT INTO `SkillSet_skills` (`SkillSet_id`, `skills`) VALUES ('11125', 'UITesting');
INSERT INTO `SkillSet_skills` (`SkillSet_id`, `skills`) VALUES ('11125', 'dotNet');
INSERT INTO `Mission` (`id`, `companyName`, `name`, `role`, `skillSet_id`) VALUES ('11125', 'e7518e01-f928-4177-9ec2-0701ccb59b9c', '31bff6d8-1953-4b18-ab26-cc1561c495ed', 'LeadEngineer', '11125');
INSERT INTO `SkillSet` (`id`) VALUES ('11126');
INSERT INTO `SkillSet_skills` (`SkillSet_id`, `skills`) VALUES ('11126', 'Java');
INSERT INTO `SkillSet_skills` (`SkillSet_id`, `skills`) VALUES ('11126', 'Ant');
INSERT INTO `Mission` (`id`, `companyName`, `name`, `role`, `skillSet_id`) VALUES ('11126', '7a4bdc7e-1be2-46a8-9af8-b6034f301db7', 'a0229fea-6e00-4cba-ad6a-8a478fee23fd', 'LeadEngineer', '11126');
INSERT INTO `SkillSet` (`id`) VALUES ('11127');
INSERT INTO `SkillSet_skills` (`SkillSet_id`, `skills`) VALUES ('11127', 'Maven');
INSERT INTO `Mission` (`id`, `companyName`, `name`, `role`, `skillSet_id`) VALUES ('11127', 'bdb091a7-edce-4709-8fb6-3b57be525e22', '069123f9-3063-4289-9d8f-455fecc77725', 'JuniorSoftwareEngineer', '11127');
INSERT INTO `SkillSet` (`id`) VALUES ('11128');
INSERT INTO `SkillSet_skills` (`SkillSet_id`, `skills`) VALUES ('11128', 'dotNet');
INSERT INTO `SkillSet_skills` (`SkillSet_id`, `skills`) VALUES ('11128', 'SQL');
INSERT INTO `SkillSet_skills` (`SkillSet_id`, `skills`) VALUES ('11128', 'SQL');
INSERT INTO `Mission` (`id`, `companyName`, `name`, `role`, `skillSet_id`) VALUES ('11128', '71b74aa0-1570-4c4d-b7ce-0b682ac5c04d', 'dbfd7bfd-5d14-4ae1-933b-188ff6f71dfa', 'SeniorSoftwareEngineer', '11128');
INSERT INTO `SkillSet` (`id`) VALUES ('11129');
INSERT INTO `SkillSet_skills` (`SkillSet_id`, `skills`) VALUES ('11129', 'SQL');
INSERT INTO `SkillSet_skills` (`SkillSet_id`, `skills`) VALUES ('11129', 'dotNet');
INSERT INTO `SkillSet_skills` (`SkillSet_id`, `skills`) VALUES ('11129', 'Ant');
INSERT INTO `SkillSet_skills` (`SkillSet_id`, `skills`) VALUES ('11129', 'UnitTesting');
INSERT INTO `SkillSet_skills` (`SkillSet_id`, `skills`) VALUES ('11129', 'dotNet');
INSERT INTO `Mission` (`id`, `companyName`, `name`, `role`, `skillSet_id`) VALUES ('11129', 'e2abf0a5-542c-4bda-ad58-436a2479df39', '06cf4c20-684d-4686-9ff9-3103809eaffb', 'JuniorSoftwareEngineer', '11129');
INSERT INTO `SkillSet` (`id`) VALUES ('11130');
INSERT INTO `SkillSet_skills` (`SkillSet_id`, `skills`) VALUES ('11130', 'Architektur');
INSERT INTO `SkillSet_skills` (`SkillSet_id`, `skills`) VALUES ('11130', 'UnitTesting');
INSERT INTO `SkillSet_skills` (`SkillSet_id`, `skills`) VALUES ('11130', 'Maven');
INSERT INTO `SkillSet_skills` (`SkillSet_id`, `skills`) VALUES ('11130', 'Ant');
INSERT INTO `Mission` (`id`, `companyName`, `name`, `role`, `skillSet_id`) VALUES ('11130', '089f511e-d5a6-4bcb-ab94-3d2a026a514f', '20fc254a-7da6-40b0-b0cc-6f650c542f06', 'SoftwareEngineer', '11130');
INSERT INTO `SkillSet` (`id`) VALUES ('11131');
INSERT INTO `SkillSet_skills` (`SkillSet_id`, `skills`) VALUES ('11131', 'Ant');
INSERT INTO `SkillSet_skills` (`SkillSet_id`, `skills`) VALUES ('11131', 'UnitTesting');
INSERT INTO `Mission` (`id`, `companyName`, `name`, `role`, `skillSet_id`) VALUES ('11131', '1b5209fd-5d40-4ccd-adb5-747894f1cced', 'fb5b31f2-bbd7-4b76-91e8-68c9a402de58', 'SoftwareEngineer', '11131');
INSERT INTO `SkillSet` (`id`) VALUES ('11132');
INSERT INTO `SkillSet_skills` (`SkillSet_id`, `skills`) VALUES ('11132', 'dotNet');
INSERT INTO `SkillSet_skills` (`SkillSet_id`, `skills`) VALUES ('11132', 'Ant');
INSERT INTO `Mission` (`id`, `companyName`, `name`, `role`, `skillSet_id`) VALUES ('11132', 'ecace3ce-74f7-4ccb-b56c-aa13e276ceda', '39036910-b48a-4b7f-b8b2-6532ea02ac2d', 'SoftwareEngineer', '11132');
INSERT INTO `SkillSet` (`id`) VALUES ('11133');
INSERT INTO `SkillSet_skills` (`SkillSet_id`, `skills`) VALUES ('11133', 'Ant');
INSERT INTO `SkillSet_skills` (`SkillSet_id`, `skills`) VALUES ('11133', 'UnitTesting');
INSERT INTO `Mission` (`id`, `companyName`, `name`, `role`, `skillSet_id`) VALUES ('11133', '95ead81c-07eb-4d79-9808-edb8debce579', '8c086778-6043-4950-8feb-ef743fd7b159', 'LeadSoftwareArchitect', '11133');
INSERT INTO `SkillSet` (`id`) VALUES ('11134');
INSERT INTO `SkillSet_skills` (`SkillSet_id`, `skills`) VALUES ('11134', 'Java');
INSERT INTO `Mission` (`id`, `companyName`, `name`, `role`, `skillSet_id`) VALUES ('11134', '92aaeeaf-1c09-4d49-ae9e-bc4dc5a03508', 'fcd61d0d-2765-49a2-adc6-f1ca0318c0b4', 'LeadEngineer', '11134');
INSERT INTO `SkillSet` (`id`) VALUES ('11135');
INSERT INTO `SkillSet_skills` (`SkillSet_id`, `skills`) VALUES ('11135', 'Java');
INSERT INTO `SkillSet_skills` (`SkillSet_id`, `skills`) VALUES ('11135', 'dotNet');
INSERT INTO `SkillSet_skills` (`SkillSet_id`, `skills`) VALUES ('11135', 'Gradle');
INSERT INTO `Mission` (`id`, `companyName`, `name`, `role`, `skillSet_id`) VALUES ('11135', 'e79d96c5-ffb6-4045-8040-9ff08e72ef36', 'c9ca3c02-dab3-439f-8d35-563d0ff75b6c', 'LeadSoftwareArchitect', '11135');
INSERT INTO `SkillSet` (`id`) VALUES ('11136');
INSERT INTO `SkillSet_skills` (`SkillSet_id`, `skills`) VALUES ('11136', 'UnitTesting');
INSERT INTO `SkillSet_skills` (`SkillSet_id`, `skills`) VALUES ('11136', 'UITesting');
INSERT INTO `SkillSet_skills` (`SkillSet_id`, `skills`) VALUES ('11136', 'Java');
INSERT INTO `Mission` (`id`, `companyName`, `name`, `role`, `skillSet_id`) VALUES ('11136', '9ad2e6f4-a703-44ad-b99a-7130e9f27638', '29901507-b918-4d01-b995-6fb013aab45f', 'JuniorSoftwareEngineer', '11136');
INSERT INTO `SkillSet` (`id`) VALUES ('11137');
INSERT INTO `SkillSet_skills` (`SkillSet_id`, `skills`) VALUES ('11137', 'Gradle');
INSERT INTO `SkillSet_skills` (`SkillSet_id`, `skills`) VALUES ('11137', 'dotNet');
INSERT INTO `Mission` (`id`, `companyName`, `name`, `role`, `skillSet_id`) VALUES ('11137', '46e033af-8b5c-48c7-9ae0-2464363c755b', '06be83ef-de30-4c62-997c-53e83ac3b6a1', 'PrincipalConsultant', '11137');
INSERT INTO `SkillSet` (`id`) VALUES ('11138');
INSERT INTO `SkillSet_skills` (`SkillSet_id`, `skills`) VALUES ('11138', 'SQL');
INSERT INTO `SkillSet_skills` (`SkillSet_id`, `skills`) VALUES ('11138', 'Ant');
INSERT INTO `SkillSet_skills` (`SkillSet_id`, `skills`) VALUES ('11138', 'dotNet');
INSERT INTO `SkillSet_skills` (`SkillSet_id`, `skills`) VALUES ('11138', 'Ant');
INSERT INTO `Mission` (`id`, `companyName`, `name`, `role`, `skillSet_id`) VALUES ('11138', '6e138aea-aa38-44e8-8d5f-257afecc10bc', '6527c98a-0fdd-45ad-9491-b45c8ed38219', 'SoftwareEngineer', '11138');
INSERT INTO `SkillSet` (`id`) VALUES ('11139');
INSERT INTO `SkillSet_skills` (`SkillSet_id`, `skills`) VALUES ('11139', 'UnitTesting');
INSERT INTO `Mission` (`id`, `companyName`, `name`, `role`, `skillSet_id`) VALUES ('11139', '9db18597-78a4-4e9a-a756-5c0c83af7830', '36a89aa7-2544-4318-a599-521979d99e8f', 'SeniorSoftwareEngineer', '11139');
INSERT INTO `SkillSet` (`id`) VALUES ('11140');
INSERT INTO `SkillSet_skills` (`SkillSet_id`, `skills`) VALUES ('11140', 'dotNet');
INSERT INTO `Mission` (`id`, `companyName`, `name`, `role`, `skillSet_id`) VALUES ('11140', '4bdb8d99-c30d-4046-81fe-83638ed948c8', 'f58e4076-28f5-4184-b06f-be538b2a1b85', 'SeniorSoftwareEngineer', '11140');
INSERT INTO `SkillSet` (`id`) VALUES ('11141');
INSERT INTO `SkillSet_skills` (`SkillSet_id`, `skills`) VALUES ('11141', 'UnitTesting');
INSERT INTO `Mission` (`id`, `companyName`, `name`, `role`, `skillSet_id`) VALUES ('11141', '77065d6d-fa70-41cf-8800-85d85b44d301', '5547e7ef-f6f2-40f2-b0f5-2888b52a882e', 'LeadEngineer', '11141');
INSERT INTO `SkillSet` (`id`) VALUES ('11142');
INSERT INTO `SkillSet_skills` (`SkillSet_id`, `skills`) VALUES ('11142', 'UnitTesting');
INSERT INTO `SkillSet_skills` (`SkillSet_id`, `skills`) VALUES ('11142', 'Maven');
INSERT INTO `SkillSet_skills` (`SkillSet_id`, `skills`) VALUES ('11142', 'Java');
INSERT INTO `Mission` (`id`, `companyName`, `name`, `role`, `skillSet_id`) VALUES ('11142', '7f9e00f1-3244-47fa-9a41-13d84c089f4f', 'bd924e24-84a6-4c4a-a72f-fa79c98f1dbf', 'SeniorSoftwareEngineer', '11142');
INSERT INTO `SkillSet` (`id`) VALUES ('11143');
INSERT INTO `SkillSet_skills` (`SkillSet_id`, `skills`) VALUES ('11143', 'UITesting');
INSERT INTO `SkillSet_skills` (`SkillSet_id`, `skills`) VALUES ('11143', 'UnitTesting');
INSERT INTO `SkillSet_skills` (`SkillSet_id`, `skills`) VALUES ('11143', 'Ant');
INSERT INTO `SkillSet_skills` (`SkillSet_id`, `skills`) VALUES ('11143', 'SQL');
INSERT INTO `Mission` (`id`, `companyName`, `name`, `role`, `skillSet_id`) VALUES ('11143', 'dff403a8-af1d-473b-8e99-eedf2c34ea47', '65de6c05-e4c9-4249-8882-9dd1d4152b0e', 'PrincipalConsultant', '11143');
INSERT INTO `SkillSet` (`id`) VALUES ('11144');
INSERT INTO `SkillSet_skills` (`SkillSet_id`, `skills`) VALUES ('11144', 'Gradle');
INSERT INTO `SkillSet_skills` (`SkillSet_id`, `skills`) VALUES ('11144', 'UITesting');
INSERT INTO `SkillSet_skills` (`SkillSet_id`, `skills`) VALUES ('11144', 'Maven');
INSERT INTO `SkillSet_skills` (`SkillSet_id`, `skills`) VALUES ('11144', 'Java');
INSERT INTO `SkillSet_skills` (`SkillSet_id`, `skills`) VALUES ('11144', 'dotNet');
INSERT INTO `Mission` (`id`, `companyName`, `name`, `role`, `skillSet_id`) VALUES ('11144', '51660f2f-b97f-47fb-b170-62bcd89f9c04', '717d359e-9a3b-4fe6-b68b-2dd0191a7d3f', 'SoftwareEngineer', '11144');
INSERT INTO `SkillSet` (`id`) VALUES ('11145');
INSERT INTO `SkillSet_skills` (`SkillSet_id`, `skills`) VALUES ('11145', 'dotNet');
INSERT INTO `SkillSet_skills` (`SkillSet_id`, `skills`) VALUES ('11145', 'UnitTesting');
INSERT INTO `SkillSet_skills` (`SkillSet_id`, `skills`) VALUES ('11145', 'UnitTesting');
INSERT INTO `SkillSet_skills` (`SkillSet_id`, `skills`) VALUES ('11145', 'dotNet');
INSERT INTO `Mission` (`id`, `companyName`, `name`, `role`, `skillSet_id`) VALUES ('11145', '28a47c92-31d8-4e71-a3db-8c3b0d883f71', '0aba8d4c-8111-404b-8db2-e74b936ef78f', 'PrincipalConsultant', '11145');
INSERT INTO `SkillSet` (`id`) VALUES ('11146');
INSERT INTO `SkillSet_skills` (`SkillSet_id`, `skills`) VALUES ('11146', 'Gradle');
INSERT INTO `Mission` (`id`, `companyName`, `name`, `role`, `skillSet_id`) VALUES ('11146', '867317f3-379f-446a-a774-0093f3020239', '402b72ce-dd1a-484f-964e-90eaddd77571', 'SoftwareEngineer', '11146');
INSERT INTO `SkillSet` (`id`) VALUES ('11147');
INSERT INTO `SkillSet_skills` (`SkillSet_id`, `skills`) VALUES ('11147', 'Ant');
INSERT INTO `SkillSet_skills` (`SkillSet_id`, `skills`) VALUES ('11147', 'Java');
INSERT INTO `SkillSet_skills` (`SkillSet_id`, `skills`) VALUES ('11147', 'Maven');
INSERT INTO `SkillSet_skills` (`SkillSet_id`, `skills`) VALUES ('11147', 'Architektur');
INSERT INTO `SkillSet_skills` (`SkillSet_id`, `skills`) VALUES ('11147', 'UITesting');
INSERT INTO `Mission` (`id`, `companyName`, `name`, `role`, `skillSet_id`) VALUES ('11147', '62df4795-75ac-4ef3-8606-5c73a940ace5', '41bcdc5a-5b1f-40ed-a830-cc3b2a8f0a04', 'SeniorSoftwareEngineer', '11147');
INSERT INTO `SkillSet` (`id`) VALUES ('11148');
INSERT INTO `SkillSet_skills` (`SkillSet_id`, `skills`) VALUES ('11148', 'UITesting');
INSERT INTO `SkillSet_skills` (`SkillSet_id`, `skills`) VALUES ('11148', 'Java');
INSERT INTO `SkillSet_skills` (`SkillSet_id`, `skills`) VALUES ('11148', 'dotNet');
INSERT INTO `SkillSet_skills` (`SkillSet_id`, `skills`) VALUES ('11148', 'Architektur');
INSERT INTO `SkillSet_skills` (`SkillSet_id`, `skills`) VALUES ('11148', 'Maven');
INSERT INTO `Mission` (`id`, `companyName`, `name`, `role`, `skillSet_id`) VALUES ('11148', 'd90bd4f6-447e-4562-8f3f-59933b230ba5', 'c0504879-5505-4a9b-adad-71212595972c', 'SeniorSoftwareEngineer', '11148');
INSERT INTO `SkillSet` (`id`) VALUES ('11149');
INSERT INTO `SkillSet_skills` (`SkillSet_id`, `skills`) VALUES ('11149', 'SQL');
INSERT INTO `SkillSet_skills` (`SkillSet_id`, `skills`) VALUES ('11149', 'SQL');
INSERT INTO `SkillSet_skills` (`SkillSet_id`, `skills`) VALUES ('11149', 'Maven');
INSERT INTO `SkillSet_skills` (`SkillSet_id`, `skills`) VALUES ('11149', 'Ant');
INSERT INTO `SkillSet_skills` (`SkillSet_id`, `skills`) VALUES ('11149', 'dotNet');
INSERT INTO `Mission` (`id`, `companyName`, `name`, `role`, `skillSet_id`) VALUES ('11149', '0c5b5df8-a864-45cf-b1e1-7fdddb7f3167', 'b4c5835b-cb7c-49ae-9da0-ebcb48d4528f', 'SoftwareEngineer', '11149');
INSERT INTO `SkillSet` (`id`) VALUES ('11150');
INSERT INTO `SkillSet_skills` (`SkillSet_id`, `skills`) VALUES ('11150', 'Java');
INSERT INTO `SkillSet_skills` (`SkillSet_id`, `skills`) VALUES ('11150', 'Architektur');
INSERT INTO `SkillSet_skills` (`SkillSet_id`, `skills`) VALUES ('11150', 'UnitTesting');
INSERT INTO `SkillSet_skills` (`SkillSet_id`, `skills`) VALUES ('11150', 'Gradle');
INSERT INTO `Mission` (`id`, `companyName`, `name`, `role`, `skillSet_id`) VALUES ('11150', '59ac0730-1965-49ac-bfea-547b4260f73f', '6d22724a-5069-4a4d-815d-83e14dd39e87', 'PrincipalConsultant', '11150');
INSERT INTO `SkillSet` (`id`) VALUES ('11151');
INSERT INTO `SkillSet_skills` (`SkillSet_id`, `skills`) VALUES ('11151', 'Ant');
INSERT INTO `SkillSet_skills` (`SkillSet_id`, `skills`) VALUES ('11151', 'dotNet');
INSERT INTO `SkillSet_skills` (`SkillSet_id`, `skills`) VALUES ('11151', 'Gradle');
INSERT INTO `SkillSet_skills` (`SkillSet_id`, `skills`) VALUES ('11151', 'Ant');
INSERT INTO `Mission` (`id`, `companyName`, `name`, `role`, `skillSet_id`) VALUES ('11151', 'e2c6023a-c06c-476c-a0fb-a2d79738fba2', '63e96cb2-0a52-4209-a0dd-c29d37d1d1ec', 'SoftwareEngineer', '11151');
INSERT INTO `SkillSet` (`id`) VALUES ('11152');
INSERT INTO `SkillSet_skills` (`SkillSet_id`, `skills`) VALUES ('11152', 'UITesting');
INSERT INTO `SkillSet_skills` (`SkillSet_id`, `skills`) VALUES ('11152', 'SQL');
INSERT INTO `Mission` (`id`, `companyName`, `name`, `role`, `skillSet_id`) VALUES ('11152', 'e0ecb61a-4ef6-46e0-a992-bc6d4ba29e53', '7835d811-fa7c-473d-9188-6ec1176b83d7', 'LeadSoftwareArchitect', '11152');
INSERT INTO `SkillSet` (`id`) VALUES ('11153');
INSERT INTO `SkillSet_skills` (`SkillSet_id`, `skills`) VALUES ('11153', 'SQL');
INSERT INTO `SkillSet_skills` (`SkillSet_id`, `skills`) VALUES ('11153', 'Gradle');
INSERT INTO `SkillSet_skills` (`SkillSet_id`, `skills`) VALUES ('11153', 'SQL');
INSERT INTO `SkillSet_skills` (`SkillSet_id`, `skills`) VALUES ('11153', 'Ant');
INSERT INTO `Mission` (`id`, `companyName`, `name`, `role`, `skillSet_id`) VALUES ('11153', '3d291700-2dbb-43a3-8461-c8c26f1badf0', '6c4ba411-9b43-4c5f-b023-cd56286375f3', 'LeadSoftwareArchitect', '11153');
INSERT INTO `SkillSet` (`id`) VALUES ('11154');
INSERT INTO `SkillSet_skills` (`SkillSet_id`, `skills`) VALUES ('11154', 'Ant');
INSERT INTO `SkillSet_skills` (`SkillSet_id`, `skills`) VALUES ('11154', 'dotNet');
INSERT INTO `SkillSet_skills` (`SkillSet_id`, `skills`) VALUES ('11154', 'Architektur');
INSERT INTO `Mission` (`id`, `companyName`, `name`, `role`, `skillSet_id`) VALUES ('11154', '62a9244c-f8a4-4729-89e3-71a6acdb64c8', '48ab04ee-a2ab-4bc3-87f8-f66009952a69', 'PrincipalConsultant', '11154');
INSERT INTO `SkillSet` (`id`) VALUES ('11155');
INSERT INTO `SkillSet_skills` (`SkillSet_id`, `skills`) VALUES ('11155', 'Architektur');
INSERT INTO `SkillSet_skills` (`SkillSet_id`, `skills`) VALUES ('11155', 'dotNet');
INSERT INTO `SkillSet_skills` (`SkillSet_id`, `skills`) VALUES ('11155', 'Gradle');
INSERT INTO `SkillSet_skills` (`SkillSet_id`, `skills`) VALUES ('11155', 'dotNet');
INSERT INTO `Mission` (`id`, `companyName`, `name`, `role`, `skillSet_id`) VALUES ('11155', '6961985d-a87a-46e1-be19-33c39f23438a', '5ea04bc6-cb44-43cc-92d0-36048a220a6f', 'LeadEngineer', '11155');
INSERT INTO `SkillSet` (`id`) VALUES ('11156');
INSERT INTO `SkillSet_skills` (`SkillSet_id`, `skills`) VALUES ('11156', 'Ant');
INSERT INTO `Mission` (`id`, `companyName`, `name`, `role`, `skillSet_id`) VALUES ('11156', '14c0aa9f-f1e6-4548-a090-684bc1ed28b8', '0ddb4b5b-0730-419b-ba87-7598ecf1a826', 'LeadEngineer', '11156');
INSERT INTO `SkillSet` (`id`) VALUES ('11157');
INSERT INTO `SkillSet_skills` (`SkillSet_id`, `skills`) VALUES ('11157', 'dotNet');
INSERT INTO `SkillSet_skills` (`SkillSet_id`, `skills`) VALUES ('11157', 'Ant');
INSERT INTO `SkillSet_skills` (`SkillSet_id`, `skills`) VALUES ('11157', 'dotNet');
INSERT INTO `SkillSet_skills` (`SkillSet_id`, `skills`) VALUES ('11157', 'dotNet');
INSERT INTO `Mission` (`id`, `companyName`, `name`, `role`, `skillSet_id`) VALUES ('11157', '058c7415-93d6-43b7-a622-67d66c9d320a', 'a14f236c-1b44-4627-9ac3-60d4015467aa', 'LeadSoftwareArchitect', '11157');
INSERT INTO `SkillSet` (`id`) VALUES ('11158');
INSERT INTO `SkillSet_skills` (`SkillSet_id`, `skills`) VALUES ('11158', 'Java');
INSERT INTO `SkillSet_skills` (`SkillSet_id`, `skills`) VALUES ('11158', 'Architektur');
INSERT INTO `SkillSet_skills` (`SkillSet_id`, `skills`) VALUES ('11158', 'Gradle');
INSERT INTO `SkillSet_skills` (`SkillSet_id`, `skills`) VALUES ('11158', 'Java');
INSERT INTO `SkillSet_skills` (`SkillSet_id`, `skills`) VALUES ('11158', 'SQL');
INSERT INTO `Mission` (`id`, `companyName`, `name`, `role`, `skillSet_id`) VALUES ('11158', '1554fdcd-3430-43d8-90d1-1230cff16bde', 'cddf9936-bfde-46ef-a53b-f0650d69622c', 'LeadSoftwareArchitect', '11158');
INSERT INTO `SkillSet` (`id`) VALUES ('11159');
INSERT INTO `SkillSet_skills` (`SkillSet_id`, `skills`) VALUES ('11159', 'dotNet');
INSERT INTO `Mission` (`id`, `companyName`, `name`, `role`, `skillSet_id`) VALUES ('11159', 'dcd5c84a-7302-4641-bc02-fa14ca3ee19b', 'c438a809-11f3-462a-903a-fa28a353a67a', 'JuniorSoftwareEngineer', '11159');
INSERT INTO `SkillSet` (`id`) VALUES ('11160');
INSERT INTO `SkillSet_skills` (`SkillSet_id`, `skills`) VALUES ('11160', 'UnitTesting');
INSERT INTO `SkillSet_skills` (`SkillSet_id`, `skills`) VALUES ('11160', 'Architektur');
INSERT INTO `SkillSet_skills` (`SkillSet_id`, `skills`) VALUES ('11160', 'dotNet');
INSERT INTO `SkillSet_skills` (`SkillSet_id`, `skills`) VALUES ('11160', 'UnitTesting');
INSERT INTO `Mission` (`id`, `companyName`, `name`, `role`, `skillSet_id`) VALUES ('11160', '8456a914-946c-4e35-ae09-dae1b6543e35', 'aef2cad4-0193-4aba-85d1-6316a53e7468', 'LeadSoftwareArchitect', '11160');
INSERT INTO `SkillSet` (`id`) VALUES ('11161');
INSERT INTO `SkillSet_skills` (`SkillSet_id`, `skills`) VALUES ('11161', 'SQL');
INSERT INTO `SkillSet_skills` (`SkillSet_id`, `skills`) VALUES ('11161', 'Maven');
INSERT INTO `SkillSet_skills` (`SkillSet_id`, `skills`) VALUES ('11161', 'Maven');
INSERT INTO `Mission` (`id`, `companyName`, `name`, `role`, `skillSet_id`) VALUES ('11161', 'ddd4f66d-a6b4-4723-8d8d-b9b6cb9789af', '24c5a4df-7368-43c5-99a5-7d6ec46b80ab', 'SeniorSoftwareEngineer', '11161');
INSERT INTO `SkillSet` (`id`) VALUES ('11162');
INSERT INTO `SkillSet_skills` (`SkillSet_id`, `skills`) VALUES ('11162', 'Architektur');
INSERT INTO `Mission` (`id`, `companyName`, `name`, `role`, `skillSet_id`) VALUES ('11162', 'd9ae5088-3407-4aff-bb28-f2fc1066b014', '42928671-f8ae-4854-b069-34df5efa1b84', 'SeniorSoftwareEngineer', '11162');
INSERT INTO `SkillSet` (`id`) VALUES ('11163');
INSERT INTO `SkillSet_skills` (`SkillSet_id`, `skills`) VALUES ('11163', 'Java');
INSERT INTO `Mission` (`id`, `companyName`, `name`, `role`, `skillSet_id`) VALUES ('11163', '6d655b36-be30-411a-8c7e-12a0310cd0e7', 'ccce344c-d719-48e5-9ac2-5e288a6b5637', 'JuniorSoftwareEngineer', '11163');
INSERT INTO `SkillSet` (`id`) VALUES ('11164');
INSERT INTO `SkillSet_skills` (`SkillSet_id`, `skills`) VALUES ('11164', 'Gradle');
INSERT INTO `SkillSet_skills` (`SkillSet_id`, `skills`) VALUES ('11164', 'UnitTesting');
INSERT INTO `SkillSet_skills` (`SkillSet_id`, `skills`) VALUES ('11164', 'Ant');
INSERT INTO `SkillSet_skills` (`SkillSet_id`, `skills`) VALUES ('11164', 'Ant');
INSERT INTO `Mission` (`id`, `companyName`, `name`, `role`, `skillSet_id`) VALUES ('11164', 'f73a7c37-038b-457b-91c6-37b6a17fb461', '7ef54b6b-fc90-4471-9c8f-60c5f133ce23', 'SeniorSoftwareEngineer', '11164');
INSERT INTO `SkillSet` (`id`) VALUES ('11165');
INSERT INTO `SkillSet_skills` (`SkillSet_id`, `skills`) VALUES ('11165', 'Maven');
INSERT INTO `SkillSet_skills` (`SkillSet_id`, `skills`) VALUES ('11165', 'SQL');
INSERT INTO `Mission` (`id`, `companyName`, `name`, `role`, `skillSet_id`) VALUES ('11165', '1cff23b5-fbae-4ba2-9a3c-ecfc6255be62', '08701de8-9a91-440b-a230-142b15c8790b', 'LeadEngineer', '11165');
INSERT INTO `SkillSet` (`id`) VALUES ('11166');
INSERT INTO `SkillSet_skills` (`SkillSet_id`, `skills`) VALUES ('11166', 'SQL');
INSERT INTO `SkillSet_skills` (`SkillSet_id`, `skills`) VALUES ('11166', 'Java');
INSERT INTO `Mission` (`id`, `companyName`, `name`, `role`, `skillSet_id`) VALUES ('11166', '44c3bc3b-10a9-4a3b-a840-a8349d4aa07e', 'bc792f96-555a-4fad-a44e-350490c94535', 'LeadSoftwareArchitect', '11166');
INSERT INTO `SkillSet` (`id`) VALUES ('11167');
INSERT INTO `SkillSet_skills` (`SkillSet_id`, `skills`) VALUES ('11167', 'UITesting');
INSERT INTO `SkillSet_skills` (`SkillSet_id`, `skills`) VALUES ('11167', 'UnitTesting');
INSERT INTO `SkillSet_skills` (`SkillSet_id`, `skills`) VALUES ('11167', 'SQL');
INSERT INTO `Mission` (`id`, `companyName`, `name`, `role`, `skillSet_id`) VALUES ('11167', '6ab80310-d2c5-4279-a53a-f1d3c7d9af4d', 'd4d1a6d3-80f1-418a-8df0-70ed238feb4b', 'LeadEngineer', '11167');
INSERT INTO `SkillSet` (`id`) VALUES ('11168');
INSERT INTO `SkillSet_skills` (`SkillSet_id`, `skills`) VALUES ('11168', 'Architektur');
INSERT INTO `SkillSet_skills` (`SkillSet_id`, `skills`) VALUES ('11168', 'SQL');
INSERT INTO `SkillSet_skills` (`SkillSet_id`, `skills`) VALUES ('11168', 'UnitTesting');
INSERT INTO `SkillSet_skills` (`SkillSet_id`, `skills`) VALUES ('11168', 'SQL');
INSERT INTO `SkillSet_skills` (`SkillSet_id`, `skills`) VALUES ('11168', 'Ant');
INSERT INTO `Mission` (`id`, `companyName`, `name`, `role`, `skillSet_id`) VALUES ('11168', '4c5e5b8a-4eb7-4fcd-83be-1b61a22d7820', '2dbbf826-4a83-4b26-90d3-2fd63f33325a', 'JuniorSoftwareEngineer', '11168');
INSERT INTO `SkillSet` (`id`) VALUES ('11169');
INSERT INTO `SkillSet_skills` (`SkillSet_id`, `skills`) VALUES ('11169', 'UITesting');
INSERT INTO `SkillSet_skills` (`SkillSet_id`, `skills`) VALUES ('11169', 'Architektur');
INSERT INTO `Mission` (`id`, `companyName`, `name`, `role`, `skillSet_id`) VALUES ('11169', 'af2a0546-c885-40c2-98e3-41a874121c6f', '6b0f9eb6-c16f-4b70-b16d-553ea86a5102', 'JuniorSoftwareEngineer', '11169');
INSERT INTO `SkillSet` (`id`) VALUES ('11170');
INSERT INTO `SkillSet_skills` (`SkillSet_id`, `skills`) VALUES ('11170', 'SQL');
INSERT INTO `SkillSet_skills` (`SkillSet_id`, `skills`) VALUES ('11170', 'Java');
INSERT INTO `SkillSet_skills` (`SkillSet_id`, `skills`) VALUES ('11170', 'Architektur');
INSERT INTO `SkillSet_skills` (`SkillSet_id`, `skills`) VALUES ('11170', 'Maven');
INSERT INTO `SkillSet_skills` (`SkillSet_id`, `skills`) VALUES ('11170', 'Ant');
INSERT INTO `Mission` (`id`, `companyName`, `name`, `role`, `skillSet_id`) VALUES ('11170', '563fe7c0-7401-432c-bb27-7a6d5b00cb9b', '05d703af-1edb-47ec-afdd-368010ebbe09', 'SeniorSoftwareEngineer', '11170');
INSERT INTO `SkillSet` (`id`) VALUES ('11171');
INSERT INTO `SkillSet_skills` (`SkillSet_id`, `skills`) VALUES ('11171', 'Ant');
INSERT INTO `SkillSet_skills` (`SkillSet_id`, `skills`) VALUES ('11171', 'dotNet');
INSERT INTO `SkillSet_skills` (`SkillSet_id`, `skills`) VALUES ('11171', 'Architektur');
INSERT INTO `SkillSet_skills` (`SkillSet_id`, `skills`) VALUES ('11171', 'Java');
INSERT INTO `SkillSet_skills` (`SkillSet_id`, `skills`) VALUES ('11171', 'Gradle');
INSERT INTO `Mission` (`id`, `companyName`, `name`, `role`, `skillSet_id`) VALUES ('11171', '6384be94-4c04-4cec-ad5e-152799dbe64b', '417de813-e498-4c37-9fc7-88e8767f171a', 'SeniorSoftwareEngineer', '11171');
INSERT INTO `SkillSet` (`id`) VALUES ('11172');
INSERT INTO `SkillSet_skills` (`SkillSet_id`, `skills`) VALUES ('11172', 'Ant');
INSERT INTO `Mission` (`id`, `companyName`, `name`, `role`, `skillSet_id`) VALUES ('11172', '0ce0dad0-b166-4386-9987-dab85a5ca605', 'd4781936-eb98-4db6-a1b9-e37af5cfb2f6', 'PrincipalConsultant', '11172');
INSERT INTO `SkillSet` (`id`) VALUES ('11173');
INSERT INTO `SkillSet_skills` (`SkillSet_id`, `skills`) VALUES ('11173', 'UITesting');
INSERT INTO `SkillSet_skills` (`SkillSet_id`, `skills`) VALUES ('11173', 'UITesting');
INSERT INTO `SkillSet_skills` (`SkillSet_id`, `skills`) VALUES ('11173', 'SQL');
INSERT INTO `Mission` (`id`, `companyName`, `name`, `role`, `skillSet_id`) VALUES ('11173', 'ef8a1e99-73cd-42d9-a6b9-1a1681f9ea0f', 'd63f3c0e-ac10-4ade-b0e3-77d385b4aba1', 'LeadSoftwareArchitect', '11173');
INSERT INTO `SkillSet` (`id`) VALUES ('11174');
INSERT INTO `SkillSet_skills` (`SkillSet_id`, `skills`) VALUES ('11174', 'Maven');
INSERT INTO `SkillSet_skills` (`SkillSet_id`, `skills`) VALUES ('11174', 'Maven');
INSERT INTO `SkillSet_skills` (`SkillSet_id`, `skills`) VALUES ('11174', 'Maven');
INSERT INTO `SkillSet_skills` (`SkillSet_id`, `skills`) VALUES ('11174', 'Java');
INSERT INTO `SkillSet_skills` (`SkillSet_id`, `skills`) VALUES ('11174', 'UITesting');
INSERT INTO `Mission` (`id`, `companyName`, `name`, `role`, `skillSet_id`) VALUES ('11174', 'b333240f-28b0-472f-bf4f-fe03add8ddd1', 'e477bdbc-27dd-4951-b6b7-0cd2b5520cde', 'LeadSoftwareArchitect', '11174');
INSERT INTO `SkillSet` (`id`) VALUES ('11175');
INSERT INTO `SkillSet_skills` (`SkillSet_id`, `skills`) VALUES ('11175', 'Gradle');
INSERT INTO `SkillSet_skills` (`SkillSet_id`, `skills`) VALUES ('11175', 'UITesting');
INSERT INTO `SkillSet_skills` (`SkillSet_id`, `skills`) VALUES ('11175', 'SQL');
INSERT INTO `SkillSet_skills` (`SkillSet_id`, `skills`) VALUES ('11175', 'Architektur');
INSERT INTO `SkillSet_skills` (`SkillSet_id`, `skills`) VALUES ('11175', 'UITesting');
INSERT INTO `Mission` (`id`, `companyName`, `name`, `role`, `skillSet_id`) VALUES ('11175', 'fa489528-9f7d-4ac0-a858-9979b1a5b43f', '7034283d-6a66-4ad4-a1c3-de0ce4b014bd', 'LeadEngineer', '11175');
INSERT INTO `SkillSet` (`id`) VALUES ('11176');
INSERT INTO `SkillSet_skills` (`SkillSet_id`, `skills`) VALUES ('11176', 'SQL');
INSERT INTO `SkillSet_skills` (`SkillSet_id`, `skills`) VALUES ('11176', 'Java');
INSERT INTO `SkillSet_skills` (`SkillSet_id`, `skills`) VALUES ('11176', 'Gradle');
INSERT INTO `SkillSet_skills` (`SkillSet_id`, `skills`) VALUES ('11176', 'UnitTesting');
INSERT INTO `Mission` (`id`, `companyName`, `name`, `role`, `skillSet_id`) VALUES ('11176', '56a78dc7-1177-4124-ace0-897f5e0ab16d', '9cfb0ee9-7134-438a-98e9-b4ae3a12eaf7', 'SeniorSoftwareEngineer', '11176');
INSERT INTO `SkillSet` (`id`) VALUES ('11177');
INSERT INTO `SkillSet_skills` (`SkillSet_id`, `skills`) VALUES ('11177', 'UITesting');
INSERT INTO `SkillSet_skills` (`SkillSet_id`, `skills`) VALUES ('11177', 'Gradle');
INSERT INTO `SkillSet_skills` (`SkillSet_id`, `skills`) VALUES ('11177', 'Architektur');
INSERT INTO `Mission` (`id`, `companyName`, `name`, `role`, `skillSet_id`) VALUES ('11177', '7c6df326-18e9-4d76-8d06-0039b445a9b5', 'd8185883-9ed7-4a78-893a-021efe59384a', 'SoftwareEngineer', '11177');
INSERT INTO `SkillSet` (`id`) VALUES ('11178');
INSERT INTO `SkillSet_skills` (`SkillSet_id`, `skills`) VALUES ('11178', 'Java');
INSERT INTO `Mission` (`id`, `companyName`, `name`, `role`, `skillSet_id`) VALUES ('11178', 'c950ca5f-ffd1-4fe5-bdff-bbb1bbdbf273', 'e783c182-6eb3-48e3-9da8-3c7d4ef5ec6e', 'JuniorSoftwareEngineer', '11178');
INSERT INTO `SkillSet` (`id`) VALUES ('11179');
INSERT INTO `SkillSet_skills` (`SkillSet_id`, `skills`) VALUES ('11179', 'UITesting');
INSERT INTO `SkillSet_skills` (`SkillSet_id`, `skills`) VALUES ('11179', 'SQL');
INSERT INTO `Mission` (`id`, `companyName`, `name`, `role`, `skillSet_id`) VALUES ('11179', '0c5a4bd4-6357-4ad3-9a7a-c0ff15166bb4', '3dda305c-787e-4bfd-b59a-8e79e28a3c14', 'JuniorSoftwareEngineer', '11179');
INSERT INTO `SkillSet` (`id`) VALUES ('11180');
INSERT INTO `SkillSet_skills` (`SkillSet_id`, `skills`) VALUES ('11180', 'Gradle');
INSERT INTO `SkillSet_skills` (`SkillSet_id`, `skills`) VALUES ('11180', 'Gradle');
INSERT INTO `SkillSet_skills` (`SkillSet_id`, `skills`) VALUES ('11180', 'UnitTesting');
INSERT INTO `SkillSet_skills` (`SkillSet_id`, `skills`) VALUES ('11180', 'Gradle');
INSERT INTO `Mission` (`id`, `companyName`, `name`, `role`, `skillSet_id`) VALUES ('11180', '64c61b7f-d712-4107-b7a9-8ef0e8db3594', 'cd3697a6-8ddf-48c8-9f2d-05e5e47d6c9e', 'SoftwareEngineer', '11180');
INSERT INTO `SkillSet` (`id`) VALUES ('11181');
INSERT INTO `SkillSet_skills` (`SkillSet_id`, `skills`) VALUES ('11181', 'Java');
INSERT INTO `SkillSet_skills` (`SkillSet_id`, `skills`) VALUES ('11181', 'Maven');
INSERT INTO `SkillSet_skills` (`SkillSet_id`, `skills`) VALUES ('11181', 'SQL');
INSERT INTO `Mission` (`id`, `companyName`, `name`, `role`, `skillSet_id`) VALUES ('11181', '97677009-88a3-40ed-bb0c-48d865774059', '110d3210-3802-48e1-b608-20f861ecbbbd', 'SeniorSoftwareEngineer', '11181');
INSERT INTO `SkillSet` (`id`) VALUES ('11182');
INSERT INTO `SkillSet_skills` (`SkillSet_id`, `skills`) VALUES ('11182', 'UITesting');
INSERT INTO `SkillSet_skills` (`SkillSet_id`, `skills`) VALUES ('11182', 'SQL');
INSERT INTO `SkillSet_skills` (`SkillSet_id`, `skills`) VALUES ('11182', 'Java');
INSERT INTO `Mission` (`id`, `companyName`, `name`, `role`, `skillSet_id`) VALUES ('11182', '00dd75b1-f753-444a-999a-68a85b9da315', '73caa667-abe8-4e7a-9f0e-52d8f43e8a16', 'LeadSoftwareArchitect', '11182');
INSERT INTO `SkillSet` (`id`) VALUES ('11183');
INSERT INTO `SkillSet_skills` (`SkillSet_id`, `skills`) VALUES ('11183', 'Gradle');
INSERT INTO `Mission` (`id`, `companyName`, `name`, `role`, `skillSet_id`) VALUES ('11183', '7d92ac17-09e8-493a-8a27-1cea7262f4c7', 'bb61b9ea-519a-4729-8236-ce4b7d39e08b', 'LeadEngineer', '11183');
INSERT INTO `SkillSet` (`id`) VALUES ('11184');
INSERT INTO `SkillSet_skills` (`SkillSet_id`, `skills`) VALUES ('11184', 'UITesting');
INSERT INTO `SkillSet_skills` (`SkillSet_id`, `skills`) VALUES ('11184', 'UITesting');
INSERT INTO `Mission` (`id`, `companyName`, `name`, `role`, `skillSet_id`) VALUES ('11184', '898cbd70-9439-42aa-8c97-dbc221c2c36b', 'dfbc2052-d37c-4033-94d1-5d4bfc9ec6b5', 'PrincipalConsultant', '11184');
INSERT INTO `SkillSet` (`id`) VALUES ('11185');
INSERT INTO `SkillSet_skills` (`SkillSet_id`, `skills`) VALUES ('11185', 'dotNet');
INSERT INTO `Mission` (`id`, `companyName`, `name`, `role`, `skillSet_id`) VALUES ('11185', '940cc779-10d2-4a65-88dc-770a5725768f', 'b902b838-17cd-4dda-a01a-1293c0d5de8e', 'PrincipalConsultant', '11185');
INSERT INTO `SkillSet` (`id`) VALUES ('11186');
INSERT INTO `SkillSet_skills` (`SkillSet_id`, `skills`) VALUES ('11186', 'Gradle');
INSERT INTO `Mission` (`id`, `companyName`, `name`, `role`, `skillSet_id`) VALUES ('11186', '5fdc754d-2066-44e8-82fb-27cc4c34bbcf', '69054004-a083-4b9f-af76-7c13eeb9e9f7', 'LeadSoftwareArchitect', '11186');
INSERT INTO `SkillSet` (`id`) VALUES ('11187');
INSERT INTO `SkillSet_skills` (`SkillSet_id`, `skills`) VALUES ('11187', 'SQL');
INSERT INTO `SkillSet_skills` (`SkillSet_id`, `skills`) VALUES ('11187', 'Gradle');
INSERT INTO `SkillSet_skills` (`SkillSet_id`, `skills`) VALUES ('11187', 'Java');
INSERT INTO `SkillSet_skills` (`SkillSet_id`, `skills`) VALUES ('11187', 'SQL');
INSERT INTO `Mission` (`id`, `companyName`, `name`, `role`, `skillSet_id`) VALUES ('11187', 'be522627-6627-430f-8fbb-175e554e25cb', 'a441ce4f-c57c-4d35-b337-7d1c8bf4d295', 'SeniorSoftwareEngineer', '11187');
INSERT INTO `SkillSet` (`id`) VALUES ('11188');
INSERT INTO `SkillSet_skills` (`SkillSet_id`, `skills`) VALUES ('11188', 'UnitTesting');
INSERT INTO `SkillSet_skills` (`SkillSet_id`, `skills`) VALUES ('11188', 'Ant');
INSERT INTO `SkillSet_skills` (`SkillSet_id`, `skills`) VALUES ('11188', 'Architektur');
INSERT INTO `SkillSet_skills` (`SkillSet_id`, `skills`) VALUES ('11188', 'Gradle');
INSERT INTO `Mission` (`id`, `companyName`, `name`, `role`, `skillSet_id`) VALUES ('11188', '6a6da493-641c-4c66-91a6-152e0d1f4faf', '370c21aa-13d0-45ab-8e40-0b6afbae6497', 'SeniorSoftwareEngineer', '11188');
INSERT INTO `SkillSet` (`id`) VALUES ('11189');
INSERT INTO `SkillSet_skills` (`SkillSet_id`, `skills`) VALUES ('11189', 'Ant');
INSERT INTO `SkillSet_skills` (`SkillSet_id`, `skills`) VALUES ('11189', 'UITesting');
INSERT INTO `Mission` (`id`, `companyName`, `name`, `role`, `skillSet_id`) VALUES ('11189', '7297acb8-f6fd-4498-8fb2-eef4147b8e50', '8c69c537-1ece-48d2-b088-5b320c8fdf84', 'JuniorSoftwareEngineer', '11189');
INSERT INTO `SkillSet` (`id`) VALUES ('11190');
INSERT INTO `SkillSet_skills` (`SkillSet_id`, `skills`) VALUES ('11190', 'UITesting');
INSERT INTO `Mission` (`id`, `companyName`, `name`, `role`, `skillSet_id`) VALUES ('11190', 'b1a05159-5928-4c2f-9884-4bb39e5ef82d', '948728e1-7a7a-4da8-bbf0-f9cfd3261aea', 'SeniorSoftwareEngineer', '11190');
INSERT INTO `SkillSet` (`id`) VALUES ('11191');
INSERT INTO `SkillSet_skills` (`SkillSet_id`, `skills`) VALUES ('11191', 'Architektur');
INSERT INTO `SkillSet_skills` (`SkillSet_id`, `skills`) VALUES ('11191', 'dotNet');
INSERT INTO `SkillSet_skills` (`SkillSet_id`, `skills`) VALUES ('11191', 'Java');
INSERT INTO `SkillSet_skills` (`SkillSet_id`, `skills`) VALUES ('11191', 'dotNet');
INSERT INTO `Mission` (`id`, `companyName`, `name`, `role`, `skillSet_id`) VALUES ('11191', 'af2bd599-1228-4123-b4c0-9597b3df898d', '8663f1a6-9ea5-4bbf-b404-93411b042f66', 'JuniorSoftwareEngineer', '11191');
INSERT INTO `SkillSet` (`id`) VALUES ('11192');
INSERT INTO `SkillSet_skills` (`SkillSet_id`, `skills`) VALUES ('11192', 'SQL');
INSERT INTO `SkillSet_skills` (`SkillSet_id`, `skills`) VALUES ('11192', 'SQL');
INSERT INTO `SkillSet_skills` (`SkillSet_id`, `skills`) VALUES ('11192', 'SQL');
INSERT INTO `Mission` (`id`, `companyName`, `name`, `role`, `skillSet_id`) VALUES ('11192', '7f34a286-b353-40a8-92ff-363f36fe2461', 'aa70c6b9-9b38-4f14-895d-4e08e548fa68', 'LeadEngineer', '11192');
INSERT INTO `SkillSet` (`id`) VALUES ('11193');
INSERT INTO `SkillSet_skills` (`SkillSet_id`, `skills`) VALUES ('11193', 'UnitTesting');
INSERT INTO `Mission` (`id`, `companyName`, `name`, `role`, `skillSet_id`) VALUES ('11193', '7a79ed43-9139-4199-aeeb-6398dcd689dc', '568463ce-cfab-45df-bb8e-642939615725', 'LeadSoftwareArchitect', '11193');
INSERT INTO `SkillSet` (`id`) VALUES ('11194');
INSERT INTO `SkillSet_skills` (`SkillSet_id`, `skills`) VALUES ('11194', 'Ant');
INSERT INTO `SkillSet_skills` (`SkillSet_id`, `skills`) VALUES ('11194', 'dotNet');
INSERT INTO `Mission` (`id`, `companyName`, `name`, `role`, `skillSet_id`) VALUES ('11194', '120f641f-986a-4480-b9db-554eb6324bca', 'b2b9dfa5-cee1-46d9-80e0-fad93fb1d0bc', 'JuniorSoftwareEngineer', '11194');
INSERT INTO `SkillSet` (`id`) VALUES ('11195');
INSERT INTO `SkillSet_skills` (`SkillSet_id`, `skills`) VALUES ('11195', 'SQL');
INSERT INTO `SkillSet_skills` (`SkillSet_id`, `skills`) VALUES ('11195', 'Ant');
INSERT INTO `SkillSet_skills` (`SkillSet_id`, `skills`) VALUES ('11195', 'SQL');
INSERT INTO `SkillSet_skills` (`SkillSet_id`, `skills`) VALUES ('11195', 'Architektur');
INSERT INTO `Mission` (`id`, `companyName`, `name`, `role`, `skillSet_id`) VALUES ('11195', 'c563ea63-701e-4ccb-96cf-abcf9bbb98a2', 'b5aeba33-051f-4676-8a33-bfb8a87c311c', 'SoftwareEngineer', '11195');
INSERT INTO `SkillSet` (`id`) VALUES ('11196');
INSERT INTO `SkillSet_skills` (`SkillSet_id`, `skills`) VALUES ('11196', 'UnitTesting');
INSERT INTO `SkillSet_skills` (`SkillSet_id`, `skills`) VALUES ('11196', 'Architektur');
INSERT INTO `SkillSet_skills` (`SkillSet_id`, `skills`) VALUES ('11196', 'UITesting');
INSERT INTO `SkillSet_skills` (`SkillSet_id`, `skills`) VALUES ('11196', 'dotNet');
INSERT INTO `SkillSet_skills` (`SkillSet_id`, `skills`) VALUES ('11196', 'Architektur');
INSERT INTO `Mission` (`id`, `companyName`, `name`, `role`, `skillSet_id`) VALUES ('11196', '8e8f4577-543d-483a-a7ce-144ce5ddce6f', '32b17a0e-e386-4ca9-886e-fe0981fa2fce', 'LeadSoftwareArchitect', '11196');
INSERT INTO `SkillSet` (`id`) VALUES ('11197');
INSERT INTO `SkillSet_skills` (`SkillSet_id`, `skills`) VALUES ('11197', 'SQL');
INSERT INTO `SkillSet_skills` (`SkillSet_id`, `skills`) VALUES ('11197', 'Java');
INSERT INTO `SkillSet_skills` (`SkillSet_id`, `skills`) VALUES ('11197', 'Java');
INSERT INTO `SkillSet_skills` (`SkillSet_id`, `skills`) VALUES ('11197', 'UnitTesting');
INSERT INTO `SkillSet_skills` (`SkillSet_id`, `skills`) VALUES ('11197', 'UnitTesting');
INSERT INTO `Mission` (`id`, `companyName`, `name`, `role`, `skillSet_id`) VALUES ('11197', '5a13c1df-be6e-46cd-869a-18ac809ab8b1', '66e19693-4690-4c66-bb18-af146c499ace', 'LeadSoftwareArchitect', '11197');
INSERT INTO `SkillSet` (`id`) VALUES ('11198');
INSERT INTO `SkillSet_skills` (`SkillSet_id`, `skills`) VALUES ('11198', 'Maven');
INSERT INTO `SkillSet_skills` (`SkillSet_id`, `skills`) VALUES ('11198', 'Maven');
INSERT INTO `SkillSet_skills` (`SkillSet_id`, `skills`) VALUES ('11198', 'Java');
INSERT INTO `Mission` (`id`, `companyName`, `name`, `role`, `skillSet_id`) VALUES ('11198', '5add93cf-efc1-4d4a-8df2-4d4aaa7e258b', '8f10f34d-ce86-426e-a5ba-e6c66a1741d7', 'LeadSoftwareArchitect', '11198');
INSERT INTO `SkillSet` (`id`) VALUES ('11199');
INSERT INTO `SkillSet_skills` (`SkillSet_id`, `skills`) VALUES ('11199', 'Maven');
INSERT INTO `SkillSet_skills` (`SkillSet_id`, `skills`) VALUES ('11199', 'Java');
INSERT INTO `SkillSet_skills` (`SkillSet_id`, `skills`) VALUES ('11199', 'Ant');
INSERT INTO `Mission` (`id`, `companyName`, `name`, `role`, `skillSet_id`) VALUES ('11199', '00b2cc08-a52f-4d9c-aa14-9cf656d028b3', 'a324e364-a9d4-4311-963b-24008899a404', 'PrincipalConsultant', '11199');
INSERT INTO `SkillSet` (`id`) VALUES ('11200');
INSERT INTO `SkillSet_skills` (`SkillSet_id`, `skills`) VALUES ('11200', 'Ant');
INSERT INTO `SkillSet_skills` (`SkillSet_id`, `skills`) VALUES ('11200', 'Java');
INSERT INTO `Mission` (`id`, `companyName`, `name`, `role`, `skillSet_id`) VALUES ('11200', '42ed5bd7-5ed4-499e-80f2-d7773bfff8f7', 'e3244d58-6f95-49f5-aed4-9f6f2d6583c0', 'PrincipalConsultant', '11200');
INSERT INTO `SkillSet` (`id`) VALUES ('11201');
INSERT INTO `SkillSet_skills` (`SkillSet_id`, `skills`) VALUES ('11201', 'Maven');
INSERT INTO `Mission` (`id`, `companyName`, `name`, `role`, `skillSet_id`) VALUES ('11201', '0a96f1fd-4bb5-46cf-a31d-5959d21cdcd1', '15b44c1d-b88b-41d2-8464-7f78e48e740a', 'SeniorSoftwareEngineer', '11201');
INSERT INTO `SkillSet` (`id`) VALUES ('11202');
INSERT INTO `SkillSet_skills` (`SkillSet_id`, `skills`) VALUES ('11202', 'Gradle');
INSERT INTO `Mission` (`id`, `companyName`, `name`, `role`, `skillSet_id`) VALUES ('11202', '6a4d29b5-f523-489e-9e90-dce3e5cb5090', '3833f01c-ca75-4782-8aca-3b22bfd2d23d', 'LeadEngineer', '11202');
INSERT INTO `SkillSet` (`id`) VALUES ('11203');
INSERT INTO `SkillSet_skills` (`SkillSet_id`, `skills`) VALUES ('11203', 'Java');
INSERT INTO `SkillSet_skills` (`SkillSet_id`, `skills`) VALUES ('11203', 'SQL');
INSERT INTO `SkillSet_skills` (`SkillSet_id`, `skills`) VALUES ('11203', 'Architektur');
INSERT INTO `Mission` (`id`, `companyName`, `name`, `role`, `skillSet_id`) VALUES ('11203', 'fdd11237-1728-4e82-9c77-764fdb429116', '34db7d24-f00e-49ac-b5be-740c378d9721', 'SoftwareEngineer', '11203');
INSERT INTO `SkillSet` (`id`) VALUES ('11204');
INSERT INTO `SkillSet_skills` (`SkillSet_id`, `skills`) VALUES ('11204', 'Java');
INSERT INTO `SkillSet_skills` (`SkillSet_id`, `skills`) VALUES ('11204', 'Gradle');
INSERT INTO `SkillSet_skills` (`SkillSet_id`, `skills`) VALUES ('11204', 'UnitTesting');
INSERT INTO `SkillSet_skills` (`SkillSet_id`, `skills`) VALUES ('11204', 'Gradle');
INSERT INTO `Mission` (`id`, `companyName`, `name`, `role`, `skillSet_id`) VALUES ('11204', 'dbc8ea92-8b94-4fa6-bbfd-caa2f6c893b1', 'ad97d5ee-2d34-4167-a3b5-9ddcaddaa921', 'LeadSoftwareArchitect', '11204');
INSERT INTO `SkillSet` (`id`) VALUES ('11205');
INSERT INTO `SkillSet_skills` (`SkillSet_id`, `skills`) VALUES ('11205', 'SQL');
INSERT INTO `SkillSet_skills` (`SkillSet_id`, `skills`) VALUES ('11205', 'Ant');
INSERT INTO `SkillSet_skills` (`SkillSet_id`, `skills`) VALUES ('11205', 'Ant');
INSERT INTO `SkillSet_skills` (`SkillSet_id`, `skills`) VALUES ('11205', 'UITesting');
INSERT INTO `SkillSet_skills` (`SkillSet_id`, `skills`) VALUES ('11205', 'Maven');
INSERT INTO `Mission` (`id`, `companyName`, `name`, `role`, `skillSet_id`) VALUES ('11205', '9eb24b3e-7be5-4580-8243-29007ab267e0', 'e48dd8cc-0bed-4ebc-b300-7747dc14be2b', 'JuniorSoftwareEngineer', '11205');
INSERT INTO `SkillSet` (`id`) VALUES ('11206');
INSERT INTO `SkillSet_skills` (`SkillSet_id`, `skills`) VALUES ('11206', 'Architektur');
INSERT INTO `SkillSet_skills` (`SkillSet_id`, `skills`) VALUES ('11206', 'SQL');
INSERT INTO `SkillSet_skills` (`SkillSet_id`, `skills`) VALUES ('11206', 'UnitTesting');
INSERT INTO `Mission` (`id`, `companyName`, `name`, `role`, `skillSet_id`) VALUES ('11206', 'ce3e044f-e6c7-4a0d-b8eb-54bc66a8d900', '4776716c-bba4-4a9d-b1b5-fd65222c6b22', 'LeadSoftwareArchitect', '11206');
INSERT INTO `SkillSet` (`id`) VALUES ('11207');
INSERT INTO `SkillSet_skills` (`SkillSet_id`, `skills`) VALUES ('11207', 'UnitTesting');
INSERT INTO `SkillSet_skills` (`SkillSet_id`, `skills`) VALUES ('11207', 'Java');
INSERT INTO `Mission` (`id`, `companyName`, `name`, `role`, `skillSet_id`) VALUES ('11207', 'a762bd93-429b-4bb3-94a1-068aa790ba35', '29f24c61-72b9-4870-98a1-4ebac54376d1', 'LeadEngineer', '11207');
INSERT INTO `SkillSet` (`id`) VALUES ('11208');
INSERT INTO `SkillSet_skills` (`SkillSet_id`, `skills`) VALUES ('11208', 'dotNet');
INSERT INTO `SkillSet_skills` (`SkillSet_id`, `skills`) VALUES ('11208', 'dotNet');
INSERT INTO `SkillSet_skills` (`SkillSet_id`, `skills`) VALUES ('11208', 'UITesting');
INSERT INTO `Mission` (`id`, `companyName`, `name`, `role`, `skillSet_id`) VALUES ('11208', 'cf161d9f-fff0-4611-bcd5-e3bf00d8ee06', '8c063957-f63b-4ce8-8951-afa4e9872a05', 'SeniorSoftwareEngineer', '11208');
INSERT INTO `SkillSet` (`id`) VALUES ('11209');
INSERT INTO `SkillSet_skills` (`SkillSet_id`, `skills`) VALUES ('11209', 'Architektur');
INSERT INTO `Mission` (`id`, `companyName`, `name`, `role`, `skillSet_id`) VALUES ('11209', '160fd95a-2693-4164-85e3-9da84118db5d', '15dca1df-40e0-4c91-bc36-a58ee78f9c15', 'SoftwareEngineer', '11209');
INSERT INTO `SkillSet` (`id`) VALUES ('11210');
INSERT INTO `SkillSet_skills` (`SkillSet_id`, `skills`) VALUES ('11210', 'Java');
INSERT INTO `SkillSet_skills` (`SkillSet_id`, `skills`) VALUES ('11210', 'Architektur');
INSERT INTO `SkillSet_skills` (`SkillSet_id`, `skills`) VALUES ('11210', 'Java');
INSERT INTO `Mission` (`id`, `companyName`, `name`, `role`, `skillSet_id`) VALUES ('11210', '1ebae2f5-90ff-4d77-add3-c6f37fc53f9c', 'fd40f0a0-3482-462e-bc7e-ba28fc0fd602', 'SeniorSoftwareEngineer', '11210');
INSERT INTO `SkillSet` (`id`) VALUES ('11211');
INSERT INTO `SkillSet_skills` (`SkillSet_id`, `skills`) VALUES ('11211', 'UnitTesting');
INSERT INTO `SkillSet_skills` (`SkillSet_id`, `skills`) VALUES ('11211', 'Ant');
INSERT INTO `SkillSet_skills` (`SkillSet_id`, `skills`) VALUES ('11211', 'Maven');
INSERT INTO `Mission` (`id`, `companyName`, `name`, `role`, `skillSet_id`) VALUES ('11211', '03acc739-c186-45bd-b7da-6e08c5a679e5', 'a666a7e9-60f6-486e-9f0a-d104427792d3', 'LeadSoftwareArchitect', '11211');
INSERT INTO `SkillSet` (`id`) VALUES ('11212');
INSERT INTO `SkillSet_skills` (`SkillSet_id`, `skills`) VALUES ('11212', 'dotNet');
INSERT INTO `SkillSet_skills` (`SkillSet_id`, `skills`) VALUES ('11212', 'Architektur');
INSERT INTO `Mission` (`id`, `companyName`, `name`, `role`, `skillSet_id`) VALUES ('11212', 'ee324378-8b50-4319-9c9c-ef98febe9d9f', '67358f0f-cda5-47da-b82a-bd64309bdb32', 'JuniorSoftwareEngineer', '11212');
INSERT INTO `SkillSet` (`id`) VALUES ('11213');
INSERT INTO `SkillSet_skills` (`SkillSet_id`, `skills`) VALUES ('11213', 'Maven');
INSERT INTO `Mission` (`id`, `companyName`, `name`, `role`, `skillSet_id`) VALUES ('11213', 'a2ba20a5-2d06-4350-86d9-71a6bebf67cf', '5ca787f4-efad-4ff3-b99f-766b57eb4cfc', 'LeadEngineer', '11213');
INSERT INTO `SkillSet` (`id`) VALUES ('11214');
INSERT INTO `SkillSet_skills` (`SkillSet_id`, `skills`) VALUES ('11214', 'SQL');
INSERT INTO `SkillSet_skills` (`SkillSet_id`, `skills`) VALUES ('11214', 'Architektur');
INSERT INTO `SkillSet_skills` (`SkillSet_id`, `skills`) VALUES ('11214', 'UnitTesting');
INSERT INTO `Mission` (`id`, `companyName`, `name`, `role`, `skillSet_id`) VALUES ('11214', '90c1439e-80b0-41c2-978d-2e56702899e7', '75205854-0a89-46d5-9945-e3bf4b7a9cbf', 'PrincipalConsultant', '11214');
INSERT INTO `SkillSet` (`id`) VALUES ('11215');
INSERT INTO `SkillSet_skills` (`SkillSet_id`, `skills`) VALUES ('11215', 'dotNet');
INSERT INTO `SkillSet_skills` (`SkillSet_id`, `skills`) VALUES ('11215', 'Architektur');
INSERT INTO `SkillSet_skills` (`SkillSet_id`, `skills`) VALUES ('11215', 'UITesting');
INSERT INTO `Mission` (`id`, `companyName`, `name`, `role`, `skillSet_id`) VALUES ('11215', 'eb78950f-ee10-445f-83e3-c9dbd9f758b5', '2c43f541-b5dd-4b7e-851b-6c584f5e91ab', 'LeadSoftwareArchitect', '11215');
INSERT INTO `SkillSet` (`id`) VALUES ('11216');
INSERT INTO `SkillSet_skills` (`SkillSet_id`, `skills`) VALUES ('11216', 'Maven');
INSERT INTO `SkillSet_skills` (`SkillSet_id`, `skills`) VALUES ('11216', 'SQL');
INSERT INTO `SkillSet_skills` (`SkillSet_id`, `skills`) VALUES ('11216', 'Java');
INSERT INTO `SkillSet_skills` (`SkillSet_id`, `skills`) VALUES ('11216', 'UITesting');
INSERT INTO `SkillSet_skills` (`SkillSet_id`, `skills`) VALUES ('11216', 'dotNet');
INSERT INTO `Mission` (`id`, `companyName`, `name`, `role`, `skillSet_id`) VALUES ('11216', 'e2b34c45-bf23-4429-bef0-1a22177b129e', '29f65d8b-bf46-4c3e-a0a3-07c0f9d8b6e5', 'SeniorSoftwareEngineer', '11216');
INSERT INTO `SkillSet` (`id`) VALUES ('11217');
INSERT INTO `SkillSet_skills` (`SkillSet_id`, `skills`) VALUES ('11217', 'Ant');
INSERT INTO `SkillSet_skills` (`SkillSet_id`, `skills`) VALUES ('11217', 'UITesting');
INSERT INTO `SkillSet_skills` (`SkillSet_id`, `skills`) VALUES ('11217', 'Java');
INSERT INTO `SkillSet_skills` (`SkillSet_id`, `skills`) VALUES ('11217', 'UnitTesting');
INSERT INTO `SkillSet_skills` (`SkillSet_id`, `skills`) VALUES ('11217', 'dotNet');
INSERT INTO `Mission` (`id`, `companyName`, `name`, `role`, `skillSet_id`) VALUES ('11217', 'e78f5ada-360f-4062-9f20-2c8a23bbdae9', '18919966-6ee0-4957-b573-b07c4988b9ee', 'PrincipalConsultant', '11217');
INSERT INTO `SkillSet` (`id`) VALUES ('11218');
INSERT INTO `SkillSet_skills` (`SkillSet_id`, `skills`) VALUES ('11218', 'dotNet');
INSERT INTO `SkillSet_skills` (`SkillSet_id`, `skills`) VALUES ('11218', 'SQL');
INSERT INTO `SkillSet_skills` (`SkillSet_id`, `skills`) VALUES ('11218', 'UnitTesting');
INSERT INTO `SkillSet_skills` (`SkillSet_id`, `skills`) VALUES ('11218', 'UITesting');
INSERT INTO `SkillSet_skills` (`SkillSet_id`, `skills`) VALUES ('11218', 'Gradle');
INSERT INTO `Mission` (`id`, `companyName`, `name`, `role`, `skillSet_id`) VALUES ('11218', 'e4ba49b0-eff3-431a-ae47-03ff46cb3ba5', '504e1ab5-df81-4cf1-b161-3dcbb338e21c', 'SeniorSoftwareEngineer', '11218');
INSERT INTO `SkillSet` (`id`) VALUES ('11219');
INSERT INTO `SkillSet_skills` (`SkillSet_id`, `skills`) VALUES ('11219', 'dotNet');
INSERT INTO `Mission` (`id`, `companyName`, `name`, `role`, `skillSet_id`) VALUES ('11219', 'cd91c3d7-bc96-412f-8f36-11f6c78799a8', '01e81275-496a-482d-8b7c-0c3e780063d5', 'JuniorSoftwareEngineer', '11219');
INSERT INTO `SkillSet` (`id`) VALUES ('11220');
INSERT INTO `SkillSet_skills` (`SkillSet_id`, `skills`) VALUES ('11220', 'Ant');
INSERT INTO `SkillSet_skills` (`SkillSet_id`, `skills`) VALUES ('11220', 'UnitTesting');
INSERT INTO `SkillSet_skills` (`SkillSet_id`, `skills`) VALUES ('11220', 'Gradle');
INSERT INTO `SkillSet_skills` (`SkillSet_id`, `skills`) VALUES ('11220', 'Ant');
INSERT INTO `SkillSet_skills` (`SkillSet_id`, `skills`) VALUES ('11220', 'SQL');
INSERT INTO `Mission` (`id`, `companyName`, `name`, `role`, `skillSet_id`) VALUES ('11220', '786c3d7c-98ce-42d6-9c32-06bd3697f1c2', '47859cb3-39de-43aa-83ec-824e62c90b11', 'SeniorSoftwareEngineer', '11220');
INSERT INTO `SkillSet` (`id`) VALUES ('11221');
INSERT INTO `SkillSet_skills` (`SkillSet_id`, `skills`) VALUES ('11221', 'Architektur');
INSERT INTO `SkillSet_skills` (`SkillSet_id`, `skills`) VALUES ('11221', 'Java');
INSERT INTO `SkillSet_skills` (`SkillSet_id`, `skills`) VALUES ('11221', 'dotNet');
INSERT INTO `SkillSet_skills` (`SkillSet_id`, `skills`) VALUES ('11221', 'Gradle');
INSERT INTO `Mission` (`id`, `companyName`, `name`, `role`, `skillSet_id`) VALUES ('11221', '5d6fc0d6-676e-4a7f-bc85-642ff9573107', '3504e6c7-6674-4a5f-812f-2aec0a02c846', 'SeniorSoftwareEngineer', '11221');
INSERT INTO `SkillSet` (`id`) VALUES ('11222');
INSERT INTO `SkillSet_skills` (`SkillSet_id`, `skills`) VALUES ('11222', 'UITesting');
INSERT INTO `SkillSet_skills` (`SkillSet_id`, `skills`) VALUES ('11222', 'SQL');
INSERT INTO `SkillSet_skills` (`SkillSet_id`, `skills`) VALUES ('11222', 'Maven');
INSERT INTO `SkillSet_skills` (`SkillSet_id`, `skills`) VALUES ('11222', 'UnitTesting');
INSERT INTO `Mission` (`id`, `companyName`, `name`, `role`, `skillSet_id`) VALUES ('11222', '5ddb7330-d2ba-4220-a7f6-7f978d3627b0', '0fc71839-92d3-453b-8583-19acfe225e4a', 'LeadEngineer', '11222');
INSERT INTO `SkillSet` (`id`) VALUES ('11223');
INSERT INTO `SkillSet_skills` (`SkillSet_id`, `skills`) VALUES ('11223', 'Gradle');
INSERT INTO `SkillSet_skills` (`SkillSet_id`, `skills`) VALUES ('11223', 'UnitTesting');
INSERT INTO `SkillSet_skills` (`SkillSet_id`, `skills`) VALUES ('11223', 'Maven');
INSERT INTO `Mission` (`id`, `companyName`, `name`, `role`, `skillSet_id`) VALUES ('11223', '7abc02c0-1991-4e3d-9d3f-51a1676681bc', '88ac09a3-356d-43c9-9c12-048c80ddd948', 'SoftwareEngineer', '11223');
INSERT INTO `SkillSet` (`id`) VALUES ('11224');
INSERT INTO `SkillSet_skills` (`SkillSet_id`, `skills`) VALUES ('11224', 'UITesting');
INSERT INTO `Mission` (`id`, `companyName`, `name`, `role`, `skillSet_id`) VALUES ('11224', '636620d9-bd47-41bd-9399-ab1c6dd155b6', 'a219318c-3f1f-4372-8f78-22054abb29ca', 'SeniorSoftwareEngineer', '11224');
INSERT INTO `SkillSet` (`id`) VALUES ('11225');
INSERT INTO `SkillSet_skills` (`SkillSet_id`, `skills`) VALUES ('11225', 'SQL');
INSERT INTO `SkillSet_skills` (`SkillSet_id`, `skills`) VALUES ('11225', 'Ant');
INSERT INTO `Mission` (`id`, `companyName`, `name`, `role`, `skillSet_id`) VALUES ('11225', '11a81548-fb8c-4b8f-bb96-5d43261c3598', 'b345d1b8-d710-467e-8717-1645840fc6bd', 'JuniorSoftwareEngineer', '11225');
INSERT INTO `SkillSet` (`id`) VALUES ('11226');
INSERT INTO `SkillSet_skills` (`SkillSet_id`, `skills`) VALUES ('11226', 'dotNet');
INSERT INTO `SkillSet_skills` (`SkillSet_id`, `skills`) VALUES ('11226', 'Java');
INSERT INTO `SkillSet_skills` (`SkillSet_id`, `skills`) VALUES ('11226', 'Ant');
INSERT INTO `Mission` (`id`, `companyName`, `name`, `role`, `skillSet_id`) VALUES ('11226', 'c7e35679-1629-4d8f-9bdb-f33adab4adf0', 'f78794c9-9b52-4cc5-b33f-3e62e7d113eb', 'SoftwareEngineer', '11226');
INSERT INTO `SkillSet` (`id`) VALUES ('11227');
INSERT INTO `SkillSet_skills` (`SkillSet_id`, `skills`) VALUES ('11227', 'Architektur');
INSERT INTO `SkillSet_skills` (`SkillSet_id`, `skills`) VALUES ('11227', 'SQL');
INSERT INTO `SkillSet_skills` (`SkillSet_id`, `skills`) VALUES ('11227', 'Ant');
INSERT INTO `Mission` (`id`, `companyName`, `name`, `role`, `skillSet_id`) VALUES ('11227', 'cf9adbce-96ea-4e3b-abf8-fcb0c89cfb62', '0491befe-d351-4fd0-9b01-5ba24058282e', 'PrincipalConsultant', '11227');
INSERT INTO `SkillSet` (`id`) VALUES ('11228');
INSERT INTO `SkillSet_skills` (`SkillSet_id`, `skills`) VALUES ('11228', 'Gradle');
INSERT INTO `SkillSet_skills` (`SkillSet_id`, `skills`) VALUES ('11228', 'Maven');
INSERT INTO `SkillSet_skills` (`SkillSet_id`, `skills`) VALUES ('11228', 'dotNet');
INSERT INTO `Mission` (`id`, `companyName`, `name`, `role`, `skillSet_id`) VALUES ('11228', '1527cbd6-31e5-4d8e-8242-c1fb45a184cb', '27f33ef7-20f0-41ea-9992-b8a9aad44f23', 'PrincipalConsultant', '11228');
INSERT INTO `SkillSet` (`id`) VALUES ('11229');
INSERT INTO `SkillSet_skills` (`SkillSet_id`, `skills`) VALUES ('11229', 'UITesting');
INSERT INTO `SkillSet_skills` (`SkillSet_id`, `skills`) VALUES ('11229', 'Java');
INSERT INTO `SkillSet_skills` (`SkillSet_id`, `skills`) VALUES ('11229', 'Gradle');
INSERT INTO `SkillSet_skills` (`SkillSet_id`, `skills`) VALUES ('11229', 'Gradle');
INSERT INTO `Mission` (`id`, `companyName`, `name`, `role`, `skillSet_id`) VALUES ('11229', '202d0997-05e3-43fd-9807-e0d2c2743ef1', '50c35214-5212-4697-991c-483c1230e8b1', 'SeniorSoftwareEngineer', '11229');
INSERT INTO `SkillSet` (`id`) VALUES ('11230');
INSERT INTO `SkillSet_skills` (`SkillSet_id`, `skills`) VALUES ('11230', 'Gradle');
INSERT INTO `SkillSet_skills` (`SkillSet_id`, `skills`) VALUES ('11230', 'dotNet');
INSERT INTO `SkillSet_skills` (`SkillSet_id`, `skills`) VALUES ('11230', 'Java');
INSERT INTO `SkillSet_skills` (`SkillSet_id`, `skills`) VALUES ('11230', 'Java');
INSERT INTO `Mission` (`id`, `companyName`, `name`, `role`, `skillSet_id`) VALUES ('11230', '584c93f8-e7c1-4d41-aa4f-9e03e03c639e', 'a00cd453-33b8-42b5-b116-a4c720d3b402', 'SoftwareEngineer', '11230');
INSERT INTO `SkillSet` (`id`) VALUES ('11231');
INSERT INTO `SkillSet_skills` (`SkillSet_id`, `skills`) VALUES ('11231', 'Java');
INSERT INTO `SkillSet_skills` (`SkillSet_id`, `skills`) VALUES ('11231', 'Java');
INSERT INTO `SkillSet_skills` (`SkillSet_id`, `skills`) VALUES ('11231', 'Maven');
INSERT INTO `SkillSet_skills` (`SkillSet_id`, `skills`) VALUES ('11231', 'Maven');
INSERT INTO `Mission` (`id`, `companyName`, `name`, `role`, `skillSet_id`) VALUES ('11231', '3461c7cb-0116-4259-98aa-c089f047015e', '85f2c946-1c89-49dd-a86d-52d03c6eee55', 'PrincipalConsultant', '11231');
INSERT INTO `SkillSet` (`id`) VALUES ('11232');
INSERT INTO `SkillSet_skills` (`SkillSet_id`, `skills`) VALUES ('11232', 'UITesting');
INSERT INTO `SkillSet_skills` (`SkillSet_id`, `skills`) VALUES ('11232', 'SQL');
INSERT INTO `SkillSet_skills` (`SkillSet_id`, `skills`) VALUES ('11232', 'Gradle');
INSERT INTO `SkillSet_skills` (`SkillSet_id`, `skills`) VALUES ('11232', 'UITesting');
INSERT INTO `Mission` (`id`, `companyName`, `name`, `role`, `skillSet_id`) VALUES ('11232', '8db8311d-cf77-479a-a74a-507e1fcba6ee', 'c2d4da70-0416-48de-8456-1e67f5193bd5', 'LeadSoftwareArchitect', '11232');
INSERT INTO `SkillSet` (`id`) VALUES ('11233');
INSERT INTO `SkillSet_skills` (`SkillSet_id`, `skills`) VALUES ('11233', 'SQL');
INSERT INTO `SkillSet_skills` (`SkillSet_id`, `skills`) VALUES ('11233', 'UITesting');
INSERT INTO `SkillSet_skills` (`SkillSet_id`, `skills`) VALUES ('11233', 'Gradle');
INSERT INTO `SkillSet_skills` (`SkillSet_id`, `skills`) VALUES ('11233', 'Architektur');
INSERT INTO `Mission` (`id`, `companyName`, `name`, `role`, `skillSet_id`) VALUES ('11233', '2977d28e-1561-4f2d-ab5a-3273c2cd8fc5', '3e5bd43a-011e-4460-8bff-d1c60ee65dcf', 'JuniorSoftwareEngineer', '11233');
INSERT INTO `SkillSet` (`id`) VALUES ('11234');
INSERT INTO `SkillSet_skills` (`SkillSet_id`, `skills`) VALUES ('11234', 'SQL');
INSERT INTO `SkillSet_skills` (`SkillSet_id`, `skills`) VALUES ('11234', 'Gradle');
INSERT INTO `SkillSet_skills` (`SkillSet_id`, `skills`) VALUES ('11234', 'dotNet');
INSERT INTO `SkillSet_skills` (`SkillSet_id`, `skills`) VALUES ('11234', 'Ant');
INSERT INTO `Mission` (`id`, `companyName`, `name`, `role`, `skillSet_id`) VALUES ('11234', 'd8e4178c-ab0d-4e8d-a8f0-03ff4722ec69', 'dda1ff0e-59d1-477e-bb35-88d77224ebec', 'JuniorSoftwareEngineer', '11234');
INSERT INTO `SkillSet` (`id`) VALUES ('11235');
INSERT INTO `SkillSet_skills` (`SkillSet_id`, `skills`) VALUES ('11235', 'Architektur');
INSERT INTO `SkillSet_skills` (`SkillSet_id`, `skills`) VALUES ('11235', 'Gradle');
INSERT INTO `Mission` (`id`, `companyName`, `name`, `role`, `skillSet_id`) VALUES ('11235', 'f3af6772-f501-486e-8db3-3d2c2cdff730', 'cce1f924-ca0d-4fa7-adb3-1153ae25dbbb', 'PrincipalConsultant', '11235');
INSERT INTO `SkillSet` (`id`) VALUES ('11236');
INSERT INTO `SkillSet_skills` (`SkillSet_id`, `skills`) VALUES ('11236', 'UnitTesting');
INSERT INTO `SkillSet_skills` (`SkillSet_id`, `skills`) VALUES ('11236', 'Maven');
INSERT INTO `Mission` (`id`, `companyName`, `name`, `role`, `skillSet_id`) VALUES ('11236', 'c787e865-9d9d-48a1-afb7-663984cc76d4', 'a13b089e-1846-4e59-90e6-0ef3e42277c3', 'SeniorSoftwareEngineer', '11236');
INSERT INTO `SkillSet` (`id`) VALUES ('11237');
INSERT INTO `SkillSet_skills` (`SkillSet_id`, `skills`) VALUES ('11237', 'Architektur');
INSERT INTO `SkillSet_skills` (`SkillSet_id`, `skills`) VALUES ('11237', 'Architektur');
INSERT INTO `Mission` (`id`, `companyName`, `name`, `role`, `skillSet_id`) VALUES ('11237', '3a055360-c3ca-47fe-b215-8d9426b15dec', '870f4d5b-7f6e-4e86-9778-ed548f3b5983', 'LeadEngineer', '11237');
INSERT INTO `SkillSet` (`id`) VALUES ('11238');
INSERT INTO `SkillSet_skills` (`SkillSet_id`, `skills`) VALUES ('11238', 'Java');
INSERT INTO `Mission` (`id`, `companyName`, `name`, `role`, `skillSet_id`) VALUES ('11238', 'c478c623-d1f0-46e9-bf96-55c350e3d381', 'b8b8e747-b34e-43f5-8757-1524d4c643de', 'SoftwareEngineer', '11238');
INSERT INTO `SkillSet` (`id`) VALUES ('11239');
INSERT INTO `SkillSet_skills` (`SkillSet_id`, `skills`) VALUES ('11239', 'Ant');
INSERT INTO `SkillSet_skills` (`SkillSet_id`, `skills`) VALUES ('11239', 'UnitTesting');
INSERT INTO `SkillSet_skills` (`SkillSet_id`, `skills`) VALUES ('11239', 'Ant');
INSERT INTO `Mission` (`id`, `companyName`, `name`, `role`, `skillSet_id`) VALUES ('11239', '0392276b-5fa1-403f-a618-84f82526c36b', '5499a018-c50a-4851-bca7-b78bf55420c4', 'LeadSoftwareArchitect', '11239');
INSERT INTO `SkillSet` (`id`) VALUES ('11240');
INSERT INTO `SkillSet_skills` (`SkillSet_id`, `skills`) VALUES ('11240', 'Gradle');
INSERT INTO `SkillSet_skills` (`SkillSet_id`, `skills`) VALUES ('11240', 'Gradle');
INSERT INTO `SkillSet_skills` (`SkillSet_id`, `skills`) VALUES ('11240', 'Java');
INSERT INTO `Mission` (`id`, `companyName`, `name`, `role`, `skillSet_id`) VALUES ('11240', '343e3c88-62be-4d38-9f7c-ee1b22da43a8', '4587f0cd-9fe9-434d-833b-e5eb0ec08f05', 'JuniorSoftwareEngineer', '11240');
INSERT INTO `SkillSet` (`id`) VALUES ('11241');
INSERT INTO `SkillSet_skills` (`SkillSet_id`, `skills`) VALUES ('11241', 'dotNet');
INSERT INTO `SkillSet_skills` (`SkillSet_id`, `skills`) VALUES ('11241', 'SQL');
INSERT INTO `SkillSet_skills` (`SkillSet_id`, `skills`) VALUES ('11241', 'SQL');
INSERT INTO `SkillSet_skills` (`SkillSet_id`, `skills`) VALUES ('11241', 'Ant');
INSERT INTO `SkillSet_skills` (`SkillSet_id`, `skills`) VALUES ('11241', 'Maven');
INSERT INTO `Mission` (`id`, `companyName`, `name`, `role`, `skillSet_id`) VALUES ('11241', 'fbc820e7-7caf-410f-9eec-5e0696c638b4', 'da2c20d3-54bc-4c94-a7f0-fb8510503de5', 'PrincipalConsultant', '11241');
INSERT INTO `SkillSet` (`id`) VALUES ('11242');
INSERT INTO `SkillSet_skills` (`SkillSet_id`, `skills`) VALUES ('11242', 'Maven');
INSERT INTO `SkillSet_skills` (`SkillSet_id`, `skills`) VALUES ('11242', 'SQL');
INSERT INTO `SkillSet_skills` (`SkillSet_id`, `skills`) VALUES ('11242', 'Java');
INSERT INTO `SkillSet_skills` (`SkillSet_id`, `skills`) VALUES ('11242', 'Java');
INSERT INTO `Mission` (`id`, `companyName`, `name`, `role`, `skillSet_id`) VALUES ('11242', '0612da8c-3566-4e19-a79b-ff059a685f14', '2e198376-156b-4267-968f-f29256a30dbc', 'JuniorSoftwareEngineer', '11242');
INSERT INTO `SkillSet` (`id`) VALUES ('11243');
INSERT INTO `SkillSet_skills` (`SkillSet_id`, `skills`) VALUES ('11243', 'Maven');
INSERT INTO `SkillSet_skills` (`SkillSet_id`, `skills`) VALUES ('11243', 'Ant');
INSERT INTO `SkillSet_skills` (`SkillSet_id`, `skills`) VALUES ('11243', 'UnitTesting');
INSERT INTO `SkillSet_skills` (`SkillSet_id`, `skills`) VALUES ('11243', 'SQL');
INSERT INTO `SkillSet_skills` (`SkillSet_id`, `skills`) VALUES ('11243', 'UnitTesting');
INSERT INTO `Mission` (`id`, `companyName`, `name`, `role`, `skillSet_id`) VALUES ('11243', '5a133c32-6500-469e-9b0e-b9d59e25768c', '1b8ac8b0-a549-4fc0-9bd3-056db6435b5d', 'SoftwareEngineer', '11243');
INSERT INTO `SkillSet` (`id`) VALUES ('11244');
INSERT INTO `SkillSet_skills` (`SkillSet_id`, `skills`) VALUES ('11244', 'UITesting');
INSERT INTO `SkillSet_skills` (`SkillSet_id`, `skills`) VALUES ('11244', 'dotNet');
INSERT INTO `SkillSet_skills` (`SkillSet_id`, `skills`) VALUES ('11244', 'Ant');
INSERT INTO `Mission` (`id`, `companyName`, `name`, `role`, `skillSet_id`) VALUES ('11244', '600ea384-3e34-47cd-8617-0f70e53caa38', 'd41171ed-796e-48ca-b786-a552fdc645df', 'LeadSoftwareArchitect', '11244');
INSERT INTO `SkillSet` (`id`) VALUES ('11245');
INSERT INTO `SkillSet_skills` (`SkillSet_id`, `skills`) VALUES ('11245', 'Java');
INSERT INTO `Mission` (`id`, `companyName`, `name`, `role`, `skillSet_id`) VALUES ('11245', 'b9095c1e-9f37-448a-a061-3f951527f305', '46d1ba78-9b64-40d3-80a3-8569f9cf16d3', 'LeadEngineer', '11245');
INSERT INTO `SkillSet` (`id`) VALUES ('11246');
INSERT INTO `SkillSet_skills` (`SkillSet_id`, `skills`) VALUES ('11246', 'Gradle');
INSERT INTO `Mission` (`id`, `companyName`, `name`, `role`, `skillSet_id`) VALUES ('11246', '87237c0d-1f4f-4b34-ae22-0b861d6d7ba8', '96d4743a-b5f1-4405-8f85-030c65bd1e1b', 'LeadEngineer', '11246');
INSERT INTO `SkillSet` (`id`) VALUES ('11247');
INSERT INTO `SkillSet_skills` (`SkillSet_id`, `skills`) VALUES ('11247', 'Gradle');
INSERT INTO `Mission` (`id`, `companyName`, `name`, `role`, `skillSet_id`) VALUES ('11247', 'ab59f047-5eb3-4c73-9435-4d9e95d147be', '805e055b-2c51-4948-a192-3f4d401817dc', 'LeadEngineer', '11247');
INSERT INTO `SkillSet` (`id`) VALUES ('11248');
INSERT INTO `SkillSet_skills` (`SkillSet_id`, `skills`) VALUES ('11248', 'Java');
INSERT INTO `SkillSet_skills` (`SkillSet_id`, `skills`) VALUES ('11248', 'SQL');
INSERT INTO `SkillSet_skills` (`SkillSet_id`, `skills`) VALUES ('11248', 'Ant');
INSERT INTO `SkillSet_skills` (`SkillSet_id`, `skills`) VALUES ('11248', 'UITesting');
INSERT INTO `Mission` (`id`, `companyName`, `name`, `role`, `skillSet_id`) VALUES ('11248', '18b56737-1284-4786-8c1d-35c64134e340', '3fe0e2fa-a8e8-4886-985e-81178bb4e26c', 'LeadSoftwareArchitect', '11248');
INSERT INTO `SkillSet` (`id`) VALUES ('11249');
INSERT INTO `SkillSet_skills` (`SkillSet_id`, `skills`) VALUES ('11249', 'Gradle');
INSERT INTO `SkillSet_skills` (`SkillSet_id`, `skills`) VALUES ('11249', 'UnitTesting');
INSERT INTO `SkillSet_skills` (`SkillSet_id`, `skills`) VALUES ('11249', 'Maven');
INSERT INTO `SkillSet_skills` (`SkillSet_id`, `skills`) VALUES ('11249', 'Java');
INSERT INTO `Mission` (`id`, `companyName`, `name`, `role`, `skillSet_id`) VALUES ('11249', '4b1f3279-18b0-4f5d-bd0f-ef6c26babbf3', '6a4afc8f-846a-4da3-962c-61961ec4a941', 'LeadSoftwareArchitect', '11249');
INSERT INTO `SkillSet` (`id`) VALUES ('11250');
INSERT INTO `SkillSet_skills` (`SkillSet_id`, `skills`) VALUES ('11250', 'Maven');
INSERT INTO `SkillSet_skills` (`SkillSet_id`, `skills`) VALUES ('11250', 'Ant');
INSERT INTO `Mission` (`id`, `companyName`, `name`, `role`, `skillSet_id`) VALUES ('11250', '5f80f09b-a2a3-41ec-99ef-3ce0dbcd8c07', '891705dd-8fe8-4cb7-bc6a-7ceea4a0796a', 'SeniorSoftwareEngineer', '11250');
INSERT INTO `SkillSet` (`id`) VALUES ('11251');
INSERT INTO `SkillSet_skills` (`SkillSet_id`, `skills`) VALUES ('11251', 'Maven');
INSERT INTO `SkillSet_skills` (`SkillSet_id`, `skills`) VALUES ('11251', 'dotNet');
INSERT INTO `SkillSet_skills` (`SkillSet_id`, `skills`) VALUES ('11251', 'Architektur');
INSERT INTO `SkillSet_skills` (`SkillSet_id`, `skills`) VALUES ('11251', 'dotNet');
INSERT INTO `Mission` (`id`, `companyName`, `name`, `role`, `skillSet_id`) VALUES ('11251', '74a7bc66-05ff-4f87-81bb-8d20ad099fa4', 'f96aa875-c058-4e18-93d8-c26827bb2635', 'PrincipalConsultant', '11251');
INSERT INTO `SkillSet` (`id`) VALUES ('11252');
INSERT INTO `SkillSet_skills` (`SkillSet_id`, `skills`) VALUES ('11252', 'Architektur');
INSERT INTO `SkillSet_skills` (`SkillSet_id`, `skills`) VALUES ('11252', 'SQL');
INSERT INTO `SkillSet_skills` (`SkillSet_id`, `skills`) VALUES ('11252', 'UnitTesting');
INSERT INTO `SkillSet_skills` (`SkillSet_id`, `skills`) VALUES ('11252', 'Java');
INSERT INTO `Mission` (`id`, `companyName`, `name`, `role`, `skillSet_id`) VALUES ('11252', 'be6186c0-851d-437c-b9f2-58d4593d7097', '0c889348-3d7d-449b-bb81-68b81bfc98f9', 'LeadSoftwareArchitect', '11252');
INSERT INTO `SkillSet` (`id`) VALUES ('11253');
INSERT INTO `SkillSet_skills` (`SkillSet_id`, `skills`) VALUES ('11253', 'dotNet');
INSERT INTO `SkillSet_skills` (`SkillSet_id`, `skills`) VALUES ('11253', 'Java');
INSERT INTO `Mission` (`id`, `companyName`, `name`, `role`, `skillSet_id`) VALUES ('11253', 'd96d5309-1844-45f8-b540-8d266e73b1a5', 'bb0e423f-2f18-4843-bc90-7362511c26ea', 'LeadSoftwareArchitect', '11253');
INSERT INTO `SkillSet` (`id`) VALUES ('11254');
INSERT INTO `SkillSet_skills` (`SkillSet_id`, `skills`) VALUES ('11254', 'UnitTesting');
INSERT INTO `SkillSet_skills` (`SkillSet_id`, `skills`) VALUES ('11254', 'UnitTesting');
INSERT INTO `SkillSet_skills` (`SkillSet_id`, `skills`) VALUES ('11254', 'Maven');
INSERT INTO `SkillSet_skills` (`SkillSet_id`, `skills`) VALUES ('11254', 'Architektur');
INSERT INTO `Mission` (`id`, `companyName`, `name`, `role`, `skillSet_id`) VALUES ('11254', 'b0f82fc2-a859-4b9e-b02f-13f7d5fbaafd', '66f55712-be68-421d-bf34-6514a1710331', 'PrincipalConsultant', '11254');
INSERT INTO `SkillSet` (`id`) VALUES ('11255');
INSERT INTO `SkillSet_skills` (`SkillSet_id`, `skills`) VALUES ('11255', 'dotNet');
INSERT INTO `Mission` (`id`, `companyName`, `name`, `role`, `skillSet_id`) VALUES ('11255', 'daee0ce4-1536-4ae3-97a0-699e9dad293d', 'd3c58fd2-5099-4fdd-ac29-5ae63a91743e', 'JuniorSoftwareEngineer', '11255');
INSERT INTO `SkillSet` (`id`) VALUES ('11256');
INSERT INTO `SkillSet_skills` (`SkillSet_id`, `skills`) VALUES ('11256', 'UITesting');
INSERT INTO `SkillSet_skills` (`SkillSet_id`, `skills`) VALUES ('11256', 'SQL');
INSERT INTO `SkillSet_skills` (`SkillSet_id`, `skills`) VALUES ('11256', 'UITesting');
INSERT INTO `SkillSet_skills` (`SkillSet_id`, `skills`) VALUES ('11256', 'Gradle');
INSERT INTO `Mission` (`id`, `companyName`, `name`, `role`, `skillSet_id`) VALUES ('11256', 'c6e0fcac-7e75-4251-aeb5-e66450d683ef', '4c4b314e-fabf-44c0-a38f-4119aa24c560', 'JuniorSoftwareEngineer', '11256');
INSERT INTO `SkillSet` (`id`) VALUES ('11257');
INSERT INTO `SkillSet_skills` (`SkillSet_id`, `skills`) VALUES ('11257', 'dotNet');
INSERT INTO `Mission` (`id`, `companyName`, `name`, `role`, `skillSet_id`) VALUES ('11257', 'eeb9d66f-2711-4a08-b2c5-ebc0b1b4d050', '71b58791-d6b9-4c0d-b6f6-e7e3f418b3c3', 'SeniorSoftwareEngineer', '11257');
INSERT INTO `SkillSet` (`id`) VALUES ('11258');
INSERT INTO `SkillSet_skills` (`SkillSet_id`, `skills`) VALUES ('11258', 'SQL');
INSERT INTO `SkillSet_skills` (`SkillSet_id`, `skills`) VALUES ('11258', 'SQL');
INSERT INTO `SkillSet_skills` (`SkillSet_id`, `skills`) VALUES ('11258', 'dotNet');
INSERT INTO `Mission` (`id`, `companyName`, `name`, `role`, `skillSet_id`) VALUES ('11258', '910601d6-84a6-4cfd-b1f7-52d416d403af', '73bbdf5a-b95e-48ce-afd3-5d6573fbef9e', 'SeniorSoftwareEngineer', '11258');
INSERT INTO `SkillSet` (`id`) VALUES ('11259');
INSERT INTO `SkillSet_skills` (`SkillSet_id`, `skills`) VALUES ('11259', 'UnitTesting');
INSERT INTO `SkillSet_skills` (`SkillSet_id`, `skills`) VALUES ('11259', 'Ant');
INSERT INTO `SkillSet_skills` (`SkillSet_id`, `skills`) VALUES ('11259', 'dotNet');
INSERT INTO `SkillSet_skills` (`SkillSet_id`, `skills`) VALUES ('11259', 'UnitTesting');
INSERT INTO `SkillSet_skills` (`SkillSet_id`, `skills`) VALUES ('11259', 'Architektur');
INSERT INTO `Mission` (`id`, `companyName`, `name`, `role`, `skillSet_id`) VALUES ('11259', '626237c7-f15d-4ebb-ac99-11ab866e307c', 'ba43acd5-1361-41f2-b94d-42842d0653f4', 'LeadEngineer', '11259');
INSERT INTO `SkillSet` (`id`) VALUES ('11260');
INSERT INTO `SkillSet_skills` (`SkillSet_id`, `skills`) VALUES ('11260', 'SQL');
INSERT INTO `SkillSet_skills` (`SkillSet_id`, `skills`) VALUES ('11260', 'UnitTesting');
INSERT INTO `Mission` (`id`, `companyName`, `name`, `role`, `skillSet_id`) VALUES ('11260', '4b7ae17d-a6e4-45ac-b133-b2dc6cba9b25', '4e46aeba-4518-4595-9322-18fc964b9e09', 'PrincipalConsultant', '11260');
INSERT INTO `SkillSet` (`id`) VALUES ('11261');
INSERT INTO `SkillSet_skills` (`SkillSet_id`, `skills`) VALUES ('11261', 'Ant');
INSERT INTO `SkillSet_skills` (`SkillSet_id`, `skills`) VALUES ('11261', 'dotNet');
INSERT INTO `SkillSet_skills` (`SkillSet_id`, `skills`) VALUES ('11261', 'SQL');
INSERT INTO `SkillSet_skills` (`SkillSet_id`, `skills`) VALUES ('11261', 'UnitTesting');
INSERT INTO `SkillSet_skills` (`SkillSet_id`, `skills`) VALUES ('11261', 'Ant');
INSERT INTO `Mission` (`id`, `companyName`, `name`, `role`, `skillSet_id`) VALUES ('11261', 'f4fba2ed-09d1-404a-b1a2-115d99061383', '4d30ad99-61e9-40ab-8809-66639d798de1', 'SeniorSoftwareEngineer', '11261');
INSERT INTO `SkillSet` (`id`) VALUES ('11262');
INSERT INTO `SkillSet_skills` (`SkillSet_id`, `skills`) VALUES ('11262', 'UnitTesting');
INSERT INTO `SkillSet_skills` (`SkillSet_id`, `skills`) VALUES ('11262', 'Ant');
INSERT INTO `SkillSet_skills` (`SkillSet_id`, `skills`) VALUES ('11262', 'Ant');
INSERT INTO `SkillSet_skills` (`SkillSet_id`, `skills`) VALUES ('11262', 'SQL');
INSERT INTO `Mission` (`id`, `companyName`, `name`, `role`, `skillSet_id`) VALUES ('11262', '9d7c0ed9-a2cb-4467-aa14-62a462ad3e73', '481fd681-48c0-4bc8-8073-214b43afecc3', 'SeniorSoftwareEngineer', '11262');
INSERT INTO `SkillSet` (`id`) VALUES ('11263');
INSERT INTO `SkillSet_skills` (`SkillSet_id`, `skills`) VALUES ('11263', 'UnitTesting');
INSERT INTO `SkillSet_skills` (`SkillSet_id`, `skills`) VALUES ('11263', 'UITesting');
INSERT INTO `SkillSet_skills` (`SkillSet_id`, `skills`) VALUES ('11263', 'Architektur');
INSERT INTO `SkillSet_skills` (`SkillSet_id`, `skills`) VALUES ('11263', 'Java');
INSERT INTO `SkillSet_skills` (`SkillSet_id`, `skills`) VALUES ('11263', 'SQL');
INSERT INTO `Mission` (`id`, `companyName`, `name`, `role`, `skillSet_id`) VALUES ('11263', '53cb35b1-79f2-4ace-8d93-5d6d2056f48f', '7afbf2ee-8946-4381-9165-250f0a83f7d5', 'LeadSoftwareArchitect', '11263');
INSERT INTO `SkillSet` (`id`) VALUES ('11264');
INSERT INTO `SkillSet_skills` (`SkillSet_id`, `skills`) VALUES ('11264', 'Ant');
INSERT INTO `SkillSet_skills` (`SkillSet_id`, `skills`) VALUES ('11264', 'UITesting');
INSERT INTO `SkillSet_skills` (`SkillSet_id`, `skills`) VALUES ('11264', 'UnitTesting');
INSERT INTO `SkillSet_skills` (`SkillSet_id`, `skills`) VALUES ('11264', 'dotNet');
INSERT INTO `Mission` (`id`, `companyName`, `name`, `role`, `skillSet_id`) VALUES ('11264', '41a097c1-97d6-4395-89ee-2885f47957ef', '25249b26-8913-40f8-b5ac-bc6915b2d059', 'SeniorSoftwareEngineer', '11264');
INSERT INTO `SkillSet` (`id`) VALUES ('11265');
INSERT INTO `SkillSet_skills` (`SkillSet_id`, `skills`) VALUES ('11265', 'SQL');
INSERT INTO `SkillSet_skills` (`SkillSet_id`, `skills`) VALUES ('11265', 'SQL');
INSERT INTO `SkillSet_skills` (`SkillSet_id`, `skills`) VALUES ('11265', 'UITesting');
INSERT INTO `SkillSet_skills` (`SkillSet_id`, `skills`) VALUES ('11265', 'UnitTesting');
INSERT INTO `SkillSet_skills` (`SkillSet_id`, `skills`) VALUES ('11265', 'Maven');
INSERT INTO `Mission` (`id`, `companyName`, `name`, `role`, `skillSet_id`) VALUES ('11265', '25bba69c-54e6-4fbf-bcaf-4bfcbb626d67', 'aa8ee3db-5e5f-4894-9912-8181a4e87d53', 'SeniorSoftwareEngineer', '11265');
INSERT INTO `SkillSet` (`id`) VALUES ('11266');
INSERT INTO `SkillSet_skills` (`SkillSet_id`, `skills`) VALUES ('11266', 'Ant');
INSERT INTO `SkillSet_skills` (`SkillSet_id`, `skills`) VALUES ('11266', 'Gradle');
INSERT INTO `SkillSet_skills` (`SkillSet_id`, `skills`) VALUES ('11266', 'Java');
INSERT INTO `SkillSet_skills` (`SkillSet_id`, `skills`) VALUES ('11266', 'dotNet');
INSERT INTO `Mission` (`id`, `companyName`, `name`, `role`, `skillSet_id`) VALUES ('11266', '3735a131-0cfa-400f-b6c3-43d8cdc78b53', '632a14af-45ca-4aa0-9daa-6b9270cf96bd', 'SoftwareEngineer', '11266');
INSERT INTO `SkillSet` (`id`) VALUES ('11267');
INSERT INTO `SkillSet_skills` (`SkillSet_id`, `skills`) VALUES ('11267', 'Java');
INSERT INTO `Mission` (`id`, `companyName`, `name`, `role`, `skillSet_id`) VALUES ('11267', 'd6ec43bf-56b5-46b3-9f86-d788e6809122', '37da665f-88f0-4fa3-8173-226bfb9076ff', 'JuniorSoftwareEngineer', '11267');
INSERT INTO `SkillSet` (`id`) VALUES ('11268');
INSERT INTO `SkillSet_skills` (`SkillSet_id`, `skills`) VALUES ('11268', 'UnitTesting');
INSERT INTO `SkillSet_skills` (`SkillSet_id`, `skills`) VALUES ('11268', 'Java');
INSERT INTO `SkillSet_skills` (`SkillSet_id`, `skills`) VALUES ('11268', 'dotNet');
INSERT INTO `Mission` (`id`, `companyName`, `name`, `role`, `skillSet_id`) VALUES ('11268', '29862aa3-c4d6-43f7-9e68-b996205fb22f', '704ae641-f9c5-48d2-aa94-7a65d2fb1f95', 'SoftwareEngineer', '11268');
INSERT INTO `SkillSet` (`id`) VALUES ('11269');
INSERT INTO `SkillSet_skills` (`SkillSet_id`, `skills`) VALUES ('11269', 'SQL');
INSERT INTO `Mission` (`id`, `companyName`, `name`, `role`, `skillSet_id`) VALUES ('11269', '76cfeb06-c831-4cc0-b5a7-f13c2d910785', 'cc11e404-5e62-4c66-8eeb-66968774399a', 'PrincipalConsultant', '11269');
INSERT INTO `SkillSet` (`id`) VALUES ('11270');
INSERT INTO `SkillSet_skills` (`SkillSet_id`, `skills`) VALUES ('11270', 'Gradle');
INSERT INTO `SkillSet_skills` (`SkillSet_id`, `skills`) VALUES ('11270', 'Ant');
INSERT INTO `SkillSet_skills` (`SkillSet_id`, `skills`) VALUES ('11270', 'Gradle');
INSERT INTO `Mission` (`id`, `companyName`, `name`, `role`, `skillSet_id`) VALUES ('11270', '59e7bcb1-dad7-473c-9eb0-4778b0357fd1', 'b1f169d4-9eb8-45e3-918c-aa1660d252d8', 'LeadSoftwareArchitect', '11270');
INSERT INTO `SkillSet` (`id`) VALUES ('11271');
INSERT INTO `SkillSet_skills` (`SkillSet_id`, `skills`) VALUES ('11271', 'dotNet');
INSERT INTO `SkillSet_skills` (`SkillSet_id`, `skills`) VALUES ('11271', 'SQL');
INSERT INTO `SkillSet_skills` (`SkillSet_id`, `skills`) VALUES ('11271', 'UITesting');
INSERT INTO `SkillSet_skills` (`SkillSet_id`, `skills`) VALUES ('11271', 'dotNet');
INSERT INTO `Mission` (`id`, `companyName`, `name`, `role`, `skillSet_id`) VALUES ('11271', '6041c80e-b6e6-4d89-bc67-0ceecc69d9d7', 'a6f7bf24-a094-4a16-a0cb-3c6cd11d7e28', 'SeniorSoftwareEngineer', '11271');
INSERT INTO `SkillSet` (`id`) VALUES ('11272');
INSERT INTO `SkillSet_skills` (`SkillSet_id`, `skills`) VALUES ('11272', 'SQL');
INSERT INTO `SkillSet_skills` (`SkillSet_id`, `skills`) VALUES ('11272', 'dotNet');
INSERT INTO `SkillSet_skills` (`SkillSet_id`, `skills`) VALUES ('11272', 'Architektur');
INSERT INTO `SkillSet_skills` (`SkillSet_id`, `skills`) VALUES ('11272', 'Maven');
INSERT INTO `Mission` (`id`, `companyName`, `name`, `role`, `skillSet_id`) VALUES ('11272', '00c4cbdc-7562-4204-bf3e-0f159664cbe6', 'acd96fe2-4444-41fc-8895-949be26261dd', 'PrincipalConsultant', '11272');
INSERT INTO `SkillSet` (`id`) VALUES ('11273');
INSERT INTO `SkillSet_skills` (`SkillSet_id`, `skills`) VALUES ('11273', 'UnitTesting');
INSERT INTO `Mission` (`id`, `companyName`, `name`, `role`, `skillSet_id`) VALUES ('11273', '0329cb34-85ad-4872-8177-c0fb0a6002a4', '464f6eb9-0f05-46ae-a367-d4664d4c48b7', 'PrincipalConsultant', '11273');
INSERT INTO `SkillSet` (`id`) VALUES ('11274');
INSERT INTO `SkillSet_skills` (`SkillSet_id`, `skills`) VALUES ('11274', 'UITesting');
INSERT INTO `SkillSet_skills` (`SkillSet_id`, `skills`) VALUES ('11274', 'UnitTesting');
INSERT INTO `SkillSet_skills` (`SkillSet_id`, `skills`) VALUES ('11274', 'Maven');
INSERT INTO `Mission` (`id`, `companyName`, `name`, `role`, `skillSet_id`) VALUES ('11274', 'ccf576c0-302d-4e1a-a89a-e97ba52dcd32', '592aa6bc-404f-4936-84f8-0c6a7bfe1056', 'LeadSoftwareArchitect', '11274');
INSERT INTO `SkillSet` (`id`) VALUES ('11275');
INSERT INTO `SkillSet_skills` (`SkillSet_id`, `skills`) VALUES ('11275', 'Gradle');
INSERT INTO `SkillSet_skills` (`SkillSet_id`, `skills`) VALUES ('11275', 'Maven');
INSERT INTO `SkillSet_skills` (`SkillSet_id`, `skills`) VALUES ('11275', 'UITesting');
INSERT INTO `SkillSet_skills` (`SkillSet_id`, `skills`) VALUES ('11275', 'Ant');
INSERT INTO `Mission` (`id`, `companyName`, `name`, `role`, `skillSet_id`) VALUES ('11275', '006db52d-18bc-4340-98d7-cfbcd6a6264c', '584e3ccf-1eac-4aea-b60a-296e8937052e', 'LeadSoftwareArchitect', '11275');
INSERT INTO `SkillSet` (`id`) VALUES ('11276');
INSERT INTO `SkillSet_skills` (`SkillSet_id`, `skills`) VALUES ('11276', 'Architektur');
INSERT INTO `SkillSet_skills` (`SkillSet_id`, `skills`) VALUES ('11276', 'Gradle');
INSERT INTO `SkillSet_skills` (`SkillSet_id`, `skills`) VALUES ('11276', 'UnitTesting');
INSERT INTO `SkillSet_skills` (`SkillSet_id`, `skills`) VALUES ('11276', 'dotNet');
INSERT INTO `SkillSet_skills` (`SkillSet_id`, `skills`) VALUES ('11276', 'SQL');
INSERT INTO `Mission` (`id`, `companyName`, `name`, `role`, `skillSet_id`) VALUES ('11276', '33771db4-5348-4e2c-ad1e-19e404a516b0', '57e9a295-8f63-4c65-95ac-71d4d80622bb', 'LeadSoftwareArchitect', '11276');
INSERT INTO `SkillSet` (`id`) VALUES ('11277');
INSERT INTO `SkillSet_skills` (`SkillSet_id`, `skills`) VALUES ('11277', 'Maven');
INSERT INTO `SkillSet_skills` (`SkillSet_id`, `skills`) VALUES ('11277', 'Ant');
INSERT INTO `Mission` (`id`, `companyName`, `name`, `role`, `skillSet_id`) VALUES ('11277', 'd9f3987d-7ba2-4f7b-a412-4c9dfbb4ad26', '25ad5075-ad56-4e1c-b961-d6e071bb97e8', 'SeniorSoftwareEngineer', '11277');
INSERT INTO `SkillSet` (`id`) VALUES ('11278');
INSERT INTO `SkillSet_skills` (`SkillSet_id`, `skills`) VALUES ('11278', 'UITesting');
INSERT INTO `SkillSet_skills` (`SkillSet_id`, `skills`) VALUES ('11278', 'UnitTesting');
INSERT INTO `SkillSet_skills` (`SkillSet_id`, `skills`) VALUES ('11278', 'Maven');
INSERT INTO `Mission` (`id`, `companyName`, `name`, `role`, `skillSet_id`) VALUES ('11278', 'e51baa77-a3c0-4ec5-a543-3e15edf765ff', '27b848a8-c163-4cc0-8052-4fef446ce505', 'SeniorSoftwareEngineer', '11278');
INSERT INTO `SkillSet` (`id`) VALUES ('11279');
INSERT INTO `SkillSet_skills` (`SkillSet_id`, `skills`) VALUES ('11279', 'UITesting');
INSERT INTO `SkillSet_skills` (`SkillSet_id`, `skills`) VALUES ('11279', 'SQL');
INSERT INTO `Mission` (`id`, `companyName`, `name`, `role`, `skillSet_id`) VALUES ('11279', '2138fdb7-4658-4f12-a735-5a1485af60b6', '2b31d165-9aab-41e0-befa-4101dbc1e4a3', 'SeniorSoftwareEngineer', '11279');
INSERT INTO `SkillSet` (`id`) VALUES ('11280');
INSERT INTO `SkillSet_skills` (`SkillSet_id`, `skills`) VALUES ('11280', 'UnitTesting');
INSERT INTO `SkillSet_skills` (`SkillSet_id`, `skills`) VALUES ('11280', 'UnitTesting');
INSERT INTO `Mission` (`id`, `companyName`, `name`, `role`, `skillSet_id`) VALUES ('11280', '5e379bd5-5819-4afb-9f27-d492a416430e', 'aa23f42c-50d9-4a5e-ad94-886fce07d133', 'LeadEngineer', '11280');
INSERT INTO `SkillSet` (`id`) VALUES ('11281');
INSERT INTO `SkillSet_skills` (`SkillSet_id`, `skills`) VALUES ('11281', 'UnitTesting');
INSERT INTO `SkillSet_skills` (`SkillSet_id`, `skills`) VALUES ('11281', 'SQL');
INSERT INTO `SkillSet_skills` (`SkillSet_id`, `skills`) VALUES ('11281', 'Maven');
INSERT INTO `SkillSet_skills` (`SkillSet_id`, `skills`) VALUES ('11281', 'Gradle');
INSERT INTO `Mission` (`id`, `companyName`, `name`, `role`, `skillSet_id`) VALUES ('11281', 'd8ab0a63-0219-4f68-9029-db536464aa2d', '9e87cd05-7a04-4865-b165-142a7eb47ae4', 'PrincipalConsultant', '11281');
INSERT INTO `SkillSet` (`id`) VALUES ('11282');
INSERT INTO `SkillSet_skills` (`SkillSet_id`, `skills`) VALUES ('11282', 'Maven');
INSERT INTO `SkillSet_skills` (`SkillSet_id`, `skills`) VALUES ('11282', 'dotNet');
INSERT INTO `Mission` (`id`, `companyName`, `name`, `role`, `skillSet_id`) VALUES ('11282', 'beee5e20-2b87-48f5-9586-9dd10e018642', '9a98744d-5998-4330-99de-6d3d4d20d4cb', 'LeadSoftwareArchitect', '11282');
INSERT INTO `SkillSet` (`id`) VALUES ('11283');
INSERT INTO `SkillSet_skills` (`SkillSet_id`, `skills`) VALUES ('11283', 'Gradle');
INSERT INTO `SkillSet_skills` (`SkillSet_id`, `skills`) VALUES ('11283', 'Maven');
INSERT INTO `SkillSet_skills` (`SkillSet_id`, `skills`) VALUES ('11283', 'Architektur');
INSERT INTO `Mission` (`id`, `companyName`, `name`, `role`, `skillSet_id`) VALUES ('11283', '1cb0c9c8-fefc-48a9-92d3-ab5318e11df9', '6ae14e7d-0e48-4fd7-81ec-bae30ff8e8ab', 'PrincipalConsultant', '11283');
INSERT INTO `SkillSet` (`id`) VALUES ('11284');
INSERT INTO `SkillSet_skills` (`SkillSet_id`, `skills`) VALUES ('11284', 'UITesting');
INSERT INTO `SkillSet_skills` (`SkillSet_id`, `skills`) VALUES ('11284', 'Maven');
INSERT INTO `SkillSet_skills` (`SkillSet_id`, `skills`) VALUES ('11284', 'Java');
INSERT INTO `SkillSet_skills` (`SkillSet_id`, `skills`) VALUES ('11284', 'UITesting');
INSERT INTO `Mission` (`id`, `companyName`, `name`, `role`, `skillSet_id`) VALUES ('11284', '50dcddb1-63a0-4b66-afd6-f2bb760da3f8', '0e8737ba-b5f6-4be0-ba30-786f77a2495c', 'PrincipalConsultant', '11284');
INSERT INTO `SkillSet` (`id`) VALUES ('11285');
INSERT INTO `SkillSet_skills` (`SkillSet_id`, `skills`) VALUES ('11285', 'Java');
INSERT INTO `SkillSet_skills` (`SkillSet_id`, `skills`) VALUES ('11285', 'UITesting');
INSERT INTO `SkillSet_skills` (`SkillSet_id`, `skills`) VALUES ('11285', 'UITesting');
INSERT INTO `SkillSet_skills` (`SkillSet_id`, `skills`) VALUES ('11285', 'Architektur');
INSERT INTO `Mission` (`id`, `companyName`, `name`, `role`, `skillSet_id`) VALUES ('11285', '3e147457-d0b1-4583-9347-ce5b1ff0df64', '7d9b31e0-d1b3-449a-8044-ec5870bd41ca', 'SeniorSoftwareEngineer', '11285');
INSERT INTO `SkillSet` (`id`) VALUES ('11286');
INSERT INTO `SkillSet_skills` (`SkillSet_id`, `skills`) VALUES ('11286', 'UnitTesting');
INSERT INTO `SkillSet_skills` (`SkillSet_id`, `skills`) VALUES ('11286', 'SQL');
INSERT INTO `SkillSet_skills` (`SkillSet_id`, `skills`) VALUES ('11286', 'Maven');
INSERT INTO `Mission` (`id`, `companyName`, `name`, `role`, `skillSet_id`) VALUES ('11286', 'b4c3984d-a343-4eb2-831f-77c2c1703950', 'e852bd36-7dc4-4796-af6c-26b0c034de56', 'JuniorSoftwareEngineer', '11286');
INSERT INTO `SkillSet` (`id`) VALUES ('11287');
INSERT INTO `SkillSet_skills` (`SkillSet_id`, `skills`) VALUES ('11287', 'Architektur');
INSERT INTO `SkillSet_skills` (`SkillSet_id`, `skills`) VALUES ('11287', 'Gradle');
INSERT INTO `SkillSet_skills` (`SkillSet_id`, `skills`) VALUES ('11287', 'dotNet');
INSERT INTO `SkillSet_skills` (`SkillSet_id`, `skills`) VALUES ('11287', 'UITesting');
INSERT INTO `SkillSet_skills` (`SkillSet_id`, `skills`) VALUES ('11287', 'Ant');
INSERT INTO `Mission` (`id`, `companyName`, `name`, `role`, `skillSet_id`) VALUES ('11287', '366aa785-a1bc-4d42-8fd3-a16122975e66', '23e45e05-9972-4ae0-992a-f26915d34e1b', 'JuniorSoftwareEngineer', '11287');
INSERT INTO `SkillSet` (`id`) VALUES ('11288');
INSERT INTO `SkillSet_skills` (`SkillSet_id`, `skills`) VALUES ('11288', 'UnitTesting');
INSERT INTO `SkillSet_skills` (`SkillSet_id`, `skills`) VALUES ('11288', 'Architektur');
INSERT INTO `SkillSet_skills` (`SkillSet_id`, `skills`) VALUES ('11288', 'Ant');
INSERT INTO `Mission` (`id`, `companyName`, `name`, `role`, `skillSet_id`) VALUES ('11288', '2f7b0efb-7a23-4654-b3f4-3ea73d684772', '6f71a3c0-9607-4a3b-a339-0e911a69670b', 'PrincipalConsultant', '11288');
INSERT INTO `SkillSet` (`id`) VALUES ('11289');
INSERT INTO `SkillSet_skills` (`SkillSet_id`, `skills`) VALUES ('11289', 'Ant');
INSERT INTO `SkillSet_skills` (`SkillSet_id`, `skills`) VALUES ('11289', 'Java');
INSERT INTO `SkillSet_skills` (`SkillSet_id`, `skills`) VALUES ('11289', 'Architektur');
INSERT INTO `SkillSet_skills` (`SkillSet_id`, `skills`) VALUES ('11289', 'UnitTesting');
INSERT INTO `Mission` (`id`, `companyName`, `name`, `role`, `skillSet_id`) VALUES ('11289', '3100a76f-cece-4fc1-8c6e-4e27ae8d010f', '69baece7-5e76-44b6-a9b4-b1d2aade3a0b', 'LeadEngineer', '11289');
INSERT INTO `SkillSet` (`id`) VALUES ('11290');
INSERT INTO `SkillSet_skills` (`SkillSet_id`, `skills`) VALUES ('11290', 'UITesting');
INSERT INTO `SkillSet_skills` (`SkillSet_id`, `skills`) VALUES ('11290', 'SQL');
INSERT INTO `SkillSet_skills` (`SkillSet_id`, `skills`) VALUES ('11290', 'UITesting');
INSERT INTO `SkillSet_skills` (`SkillSet_id`, `skills`) VALUES ('11290', 'SQL');
INSERT INTO `SkillSet_skills` (`SkillSet_id`, `skills`) VALUES ('11290', 'Ant');
INSERT INTO `Mission` (`id`, `companyName`, `name`, `role`, `skillSet_id`) VALUES ('11290', '3d5e733e-d0f0-468c-8087-fdc5d1f9ca78', 'a71150d5-8b6e-4eeb-92aa-5f66270ece60', 'SoftwareEngineer', '11290');
INSERT INTO `SkillSet` (`id`) VALUES ('11291');
INSERT INTO `SkillSet_skills` (`SkillSet_id`, `skills`) VALUES ('11291', 'Java');
INSERT INTO `SkillSet_skills` (`SkillSet_id`, `skills`) VALUES ('11291', 'Architektur');
INSERT INTO `SkillSet_skills` (`SkillSet_id`, `skills`) VALUES ('11291', 'Architektur');
INSERT INTO `SkillSet_skills` (`SkillSet_id`, `skills`) VALUES ('11291', 'Ant');
INSERT INTO `SkillSet_skills` (`SkillSet_id`, `skills`) VALUES ('11291', 'UnitTesting');
INSERT INTO `Mission` (`id`, `companyName`, `name`, `role`, `skillSet_id`) VALUES ('11291', '0a1ff65f-7d06-4a17-bd3e-9f9c0aa5cb26', 'bbba15eb-746b-4a72-85ea-c6bbfe313616', 'JuniorSoftwareEngineer', '11291');
INSERT INTO `SkillSet` (`id`) VALUES ('11292');
INSERT INTO `SkillSet_skills` (`SkillSet_id`, `skills`) VALUES ('11292', 'Gradle');
INSERT INTO `Mission` (`id`, `companyName`, `name`, `role`, `skillSet_id`) VALUES ('11292', '3bfa64bf-44ec-4b7d-ad1e-920ea045758d', '84892b62-724f-4cb7-8a55-491992459bf5', 'PrincipalConsultant', '11292');
INSERT INTO `SkillSet` (`id`) VALUES ('11293');
INSERT INTO `SkillSet_skills` (`SkillSet_id`, `skills`) VALUES ('11293', 'UITesting');
INSERT INTO `SkillSet_skills` (`SkillSet_id`, `skills`) VALUES ('11293', 'Java');
INSERT INTO `SkillSet_skills` (`SkillSet_id`, `skills`) VALUES ('11293', 'Architektur');
INSERT INTO `SkillSet_skills` (`SkillSet_id`, `skills`) VALUES ('11293', 'Architektur');
INSERT INTO `SkillSet_skills` (`SkillSet_id`, `skills`) VALUES ('11293', 'UnitTesting');
INSERT INTO `Mission` (`id`, `companyName`, `name`, `role`, `skillSet_id`) VALUES ('11293', '22bcddf0-d11e-432a-8c25-71ee995cfb77', '13a1fce2-962f-4bb6-9c93-b8a50a854c08', 'LeadEngineer', '11293');
INSERT INTO `SkillSet` (`id`) VALUES ('11294');
INSERT INTO `SkillSet_skills` (`SkillSet_id`, `skills`) VALUES ('11294', 'Gradle');
INSERT INTO `Mission` (`id`, `companyName`, `name`, `role`, `skillSet_id`) VALUES ('11294', '895fcbde-150f-4ff1-9ba1-6a532b59dd87', '877c59db-b2d2-4f6b-8a22-54db82621840', 'SeniorSoftwareEngineer', '11294');
INSERT INTO `SkillSet` (`id`) VALUES ('11295');
INSERT INTO `SkillSet_skills` (`SkillSet_id`, `skills`) VALUES ('11295', 'Architektur');
INSERT INTO `SkillSet_skills` (`SkillSet_id`, `skills`) VALUES ('11295', 'dotNet');
INSERT INTO `Mission` (`id`, `companyName`, `name`, `role`, `skillSet_id`) VALUES ('11295', '87fd01c9-aec5-4c05-bf5c-a3448a45dd81', '68b3bd62-83a3-4b70-951a-46dbedee5cef', 'PrincipalConsultant', '11295');
INSERT INTO `SkillSet` (`id`) VALUES ('11296');
INSERT INTO `SkillSet_skills` (`SkillSet_id`, `skills`) VALUES ('11296', 'UnitTesting');
INSERT INTO `SkillSet_skills` (`SkillSet_id`, `skills`) VALUES ('11296', 'Ant');
INSERT INTO `SkillSet_skills` (`SkillSet_id`, `skills`) VALUES ('11296', 'Maven');
INSERT INTO `SkillSet_skills` (`SkillSet_id`, `skills`) VALUES ('11296', 'SQL');
INSERT INTO `SkillSet_skills` (`SkillSet_id`, `skills`) VALUES ('11296', 'Architektur');
INSERT INTO `Mission` (`id`, `companyName`, `name`, `role`, `skillSet_id`) VALUES ('11296', '9ef8edc5-2477-41a0-a87f-25c9a0a4a975', '0c55c4f1-03bd-4f2c-9842-212610bfce1b', 'SoftwareEngineer', '11296');
INSERT INTO `SkillSet` (`id`) VALUES ('11297');
INSERT INTO `SkillSet_skills` (`SkillSet_id`, `skills`) VALUES ('11297', 'Gradle');
INSERT INTO `Mission` (`id`, `companyName`, `name`, `role`, `skillSet_id`) VALUES ('11297', '5e5e8bf3-bea9-44d1-88e6-3f17ec85ea77', '2b420684-5309-47a4-aa4e-bc958d6044b5', 'PrincipalConsultant', '11297');
INSERT INTO `SkillSet` (`id`) VALUES ('11298');
INSERT INTO `SkillSet_skills` (`SkillSet_id`, `skills`) VALUES ('11298', 'UITesting');
INSERT INTO `SkillSet_skills` (`SkillSet_id`, `skills`) VALUES ('11298', 'Ant');
INSERT INTO `SkillSet_skills` (`SkillSet_id`, `skills`) VALUES ('11298', 'dotNet');
INSERT INTO `Mission` (`id`, `companyName`, `name`, `role`, `skillSet_id`) VALUES ('11298', 'bad14d19-d717-4ac6-badf-0399e75ab6e1', '4b81a7fe-cdac-41f7-b731-042009122e9e', 'SoftwareEngineer', '11298');
INSERT INTO `SkillSet` (`id`) VALUES ('11299');
INSERT INTO `SkillSet_skills` (`SkillSet_id`, `skills`) VALUES ('11299', 'Architektur');
INSERT INTO `SkillSet_skills` (`SkillSet_id`, `skills`) VALUES ('11299', 'Java');
INSERT INTO `SkillSet_skills` (`SkillSet_id`, `skills`) VALUES ('11299', 'Maven');
INSERT INTO `SkillSet_skills` (`SkillSet_id`, `skills`) VALUES ('11299', 'dotNet');
INSERT INTO `SkillSet_skills` (`SkillSet_id`, `skills`) VALUES ('11299', 'Ant');
INSERT INTO `Mission` (`id`, `companyName`, `name`, `role`, `skillSet_id`) VALUES ('11299', '6e7737cd-e7d2-45d4-a57b-fa66c6ed4521', 'cee910aa-8180-4630-9b8e-395d3c4de769', 'SoftwareEngineer', '11299');
INSERT INTO `SkillSet` (`id`) VALUES ('11300');
INSERT INTO `SkillSet_skills` (`SkillSet_id`, `skills`) VALUES ('11300', 'Gradle');
INSERT INTO `SkillSet_skills` (`SkillSet_id`, `skills`) VALUES ('11300', 'Maven');
INSERT INTO `SkillSet_skills` (`SkillSet_id`, `skills`) VALUES ('11300', 'Java');
INSERT INTO `SkillSet_skills` (`SkillSet_id`, `skills`) VALUES ('11300', 'UITesting');
INSERT INTO `Mission` (`id`, `companyName`, `name`, `role`, `skillSet_id`) VALUES ('11300', 'be835706-2a4f-4baa-9745-a0e7dba398d1', 'a3ee1547-0923-48b5-b61c-24f8798d005c', 'JuniorSoftwareEngineer', '11300');
INSERT INTO `SkillSet` (`id`) VALUES ('11301');
INSERT INTO `SkillSet_skills` (`SkillSet_id`, `skills`) VALUES ('11301', 'UITesting');
INSERT INTO `SkillSet_skills` (`SkillSet_id`, `skills`) VALUES ('11301', 'Maven');
INSERT INTO `SkillSet_skills` (`SkillSet_id`, `skills`) VALUES ('11301', 'Ant');
INSERT INTO `SkillSet_skills` (`SkillSet_id`, `skills`) VALUES ('11301', 'SQL');
INSERT INTO `Mission` (`id`, `companyName`, `name`, `role`, `skillSet_id`) VALUES ('11301', 'f916b26e-5523-4f08-b3e5-9aea1475ada6', 'a24ab792-a2ad-44aa-b3bb-d2b991e435d7', 'PrincipalConsultant', '11301');
INSERT INTO `SkillSet` (`id`) VALUES ('11302');
INSERT INTO `SkillSet_skills` (`SkillSet_id`, `skills`) VALUES ('11302', 'UITesting');
INSERT INTO `SkillSet_skills` (`SkillSet_id`, `skills`) VALUES ('11302', 'Maven');
INSERT INTO `Mission` (`id`, `companyName`, `name`, `role`, `skillSet_id`) VALUES ('11302', '70b392af-182e-4e10-97fa-6d4c2ec40820', 'd998fa52-1574-4985-9e82-22b61ee785e5', 'SoftwareEngineer', '11302');
INSERT INTO `SkillSet` (`id`) VALUES ('11303');
INSERT INTO `SkillSet_skills` (`SkillSet_id`, `skills`) VALUES ('11303', 'dotNet');
INSERT INTO `SkillSet_skills` (`SkillSet_id`, `skills`) VALUES ('11303', 'Gradle');
INSERT INTO `SkillSet_skills` (`SkillSet_id`, `skills`) VALUES ('11303', 'Architektur');
INSERT INTO `Mission` (`id`, `companyName`, `name`, `role`, `skillSet_id`) VALUES ('11303', '546689a8-04ed-45ee-b5bc-4ba7e0bcc8fe', '6655a0cb-3492-4109-a479-0ce9c6007e86', 'LeadSoftwareArchitect', '11303');
INSERT INTO `SkillSet` (`id`) VALUES ('11304');
INSERT INTO `SkillSet_skills` (`SkillSet_id`, `skills`) VALUES ('11304', 'Maven');
INSERT INTO `SkillSet_skills` (`SkillSet_id`, `skills`) VALUES ('11304', 'Ant');
INSERT INTO `SkillSet_skills` (`SkillSet_id`, `skills`) VALUES ('11304', 'Maven');
INSERT INTO `Mission` (`id`, `companyName`, `name`, `role`, `skillSet_id`) VALUES ('11304', 'be53fe3c-c965-4a19-80cb-902cc01e705f', 'e246f15a-f6f9-4816-ba5e-44054155063d', 'PrincipalConsultant', '11304');
INSERT INTO `SkillSet` (`id`) VALUES ('11305');
INSERT INTO `SkillSet_skills` (`SkillSet_id`, `skills`) VALUES ('11305', 'UITesting');
INSERT INTO `SkillSet_skills` (`SkillSet_id`, `skills`) VALUES ('11305', 'Ant');
INSERT INTO `SkillSet_skills` (`SkillSet_id`, `skills`) VALUES ('11305', 'UnitTesting');
INSERT INTO `SkillSet_skills` (`SkillSet_id`, `skills`) VALUES ('11305', 'dotNet');
INSERT INTO `SkillSet_skills` (`SkillSet_id`, `skills`) VALUES ('11305', 'Java');
INSERT INTO `Mission` (`id`, `companyName`, `name`, `role`, `skillSet_id`) VALUES ('11305', '0c7f4829-38fe-473c-9fc3-fe1021ec9b45', '6c886448-ccb4-46e6-8cfe-144814b212b9', 'SoftwareEngineer', '11305');
INSERT INTO `SkillSet` (`id`) VALUES ('11306');
INSERT INTO `SkillSet_skills` (`SkillSet_id`, `skills`) VALUES ('11306', 'UITesting');
INSERT INTO `SkillSet_skills` (`SkillSet_id`, `skills`) VALUES ('11306', 'SQL');
INSERT INTO `Mission` (`id`, `companyName`, `name`, `role`, `skillSet_id`) VALUES ('11306', 'ff551e7e-e767-41f5-9eef-0465e8f82fd3', '96c30f68-7c89-4852-aec5-7dffe03ea60e', 'LeadSoftwareArchitect', '11306');
INSERT INTO `SkillSet` (`id`) VALUES ('11307');
INSERT INTO `SkillSet_skills` (`SkillSet_id`, `skills`) VALUES ('11307', 'Ant');
INSERT INTO `SkillSet_skills` (`SkillSet_id`, `skills`) VALUES ('11307', 'Gradle');
INSERT INTO `Mission` (`id`, `companyName`, `name`, `role`, `skillSet_id`) VALUES ('11307', '77ceae93-66ae-4eee-83b7-3e76ec59888c', 'f392d41a-4635-4813-ab9e-2561db57f8e8', 'PrincipalConsultant', '11307');
INSERT INTO `SkillSet` (`id`) VALUES ('11308');
INSERT INTO `SkillSet_skills` (`SkillSet_id`, `skills`) VALUES ('11308', 'Gradle');
INSERT INTO `SkillSet_skills` (`SkillSet_id`, `skills`) VALUES ('11308', 'Maven');
INSERT INTO `Mission` (`id`, `companyName`, `name`, `role`, `skillSet_id`) VALUES ('11308', '389f318c-b852-4638-8427-b7f381358247', 'a98fa3ac-5deb-450f-afb8-d7aebd4b2e02', 'JuniorSoftwareEngineer', '11308');
INSERT INTO `SkillSet` (`id`) VALUES ('11309');
INSERT INTO `SkillSet_skills` (`SkillSet_id`, `skills`) VALUES ('11309', 'UnitTesting');
INSERT INTO `SkillSet_skills` (`SkillSet_id`, `skills`) VALUES ('11309', 'Maven');
INSERT INTO `SkillSet_skills` (`SkillSet_id`, `skills`) VALUES ('11309', 'UITesting');
INSERT INTO `Mission` (`id`, `companyName`, `name`, `role`, `skillSet_id`) VALUES ('11309', 'd67ffc68-6ab7-4201-a1f5-2f1837655be9', '273e3f64-8632-4fb8-b266-2a6c2609ef84', 'SeniorSoftwareEngineer', '11309');
INSERT INTO `SkillSet` (`id`) VALUES ('11310');
INSERT INTO `SkillSet_skills` (`SkillSet_id`, `skills`) VALUES ('11310', 'Maven');
INSERT INTO `SkillSet_skills` (`SkillSet_id`, `skills`) VALUES ('11310', 'Maven');
INSERT INTO `SkillSet_skills` (`SkillSet_id`, `skills`) VALUES ('11310', 'Architektur');
INSERT INTO `Mission` (`id`, `companyName`, `name`, `role`, `skillSet_id`) VALUES ('11310', 'dddbb910-5f95-4125-8963-8ae7f1e97d95', 'e1b352fd-074c-4a1a-9447-7f718965e129', 'SoftwareEngineer', '11310');
INSERT INTO `SkillSet` (`id`) VALUES ('11311');
INSERT INTO `SkillSet_skills` (`SkillSet_id`, `skills`) VALUES ('11311', 'UITesting');
INSERT INTO `SkillSet_skills` (`SkillSet_id`, `skills`) VALUES ('11311', 'SQL');
INSERT INTO `SkillSet_skills` (`SkillSet_id`, `skills`) VALUES ('11311', 'Ant');
INSERT INTO `SkillSet_skills` (`SkillSet_id`, `skills`) VALUES ('11311', 'SQL');
INSERT INTO `SkillSet_skills` (`SkillSet_id`, `skills`) VALUES ('11311', 'Architektur');
INSERT INTO `Mission` (`id`, `companyName`, `name`, `role`, `skillSet_id`) VALUES ('11311', 'a482e0be-76d8-49ac-be70-bba5183a4351', '57d65d5e-e773-4c27-829e-0faae77b838e', 'SoftwareEngineer', '11311');
INSERT INTO `SkillSet` (`id`) VALUES ('11312');
INSERT INTO `SkillSet_skills` (`SkillSet_id`, `skills`) VALUES ('11312', 'Ant');
INSERT INTO `SkillSet_skills` (`SkillSet_id`, `skills`) VALUES ('11312', 'UITesting');
INSERT INTO `SkillSet_skills` (`SkillSet_id`, `skills`) VALUES ('11312', 'Java');
INSERT INTO `SkillSet_skills` (`SkillSet_id`, `skills`) VALUES ('11312', 'Gradle');
INSERT INTO `Mission` (`id`, `companyName`, `name`, `role`, `skillSet_id`) VALUES ('11312', '4f5cdf7e-3b4b-496a-8876-35e8e9727cb3', 'fc06cf4e-266f-473b-a133-0df84e6af870', 'LeadSoftwareArchitect', '11312');
INSERT INTO `SkillSet` (`id`) VALUES ('11313');
INSERT INTO `SkillSet_skills` (`SkillSet_id`, `skills`) VALUES ('11313', 'Maven');
INSERT INTO `Mission` (`id`, `companyName`, `name`, `role`, `skillSet_id`) VALUES ('11313', '9c98c43f-16ee-4ba1-b447-637a97a87c93', '42236849-7c7f-4a40-9a73-f4d817b2c4b2', 'SeniorSoftwareEngineer', '11313');
INSERT INTO `SkillSet` (`id`) VALUES ('11314');
INSERT INTO `SkillSet_skills` (`SkillSet_id`, `skills`) VALUES ('11314', 'Maven');
INSERT INTO `SkillSet_skills` (`SkillSet_id`, `skills`) VALUES ('11314', 'UnitTesting');
INSERT INTO `SkillSet_skills` (`SkillSet_id`, `skills`) VALUES ('11314', 'Gradle');
INSERT INTO `SkillSet_skills` (`SkillSet_id`, `skills`) VALUES ('11314', 'Maven');
INSERT INTO `Mission` (`id`, `companyName`, `name`, `role`, `skillSet_id`) VALUES ('11314', 'd2f3f796-dfd9-4c91-8031-8dff1ebcd73e', 'f10b41c6-313f-4cf8-9858-a08fec1a7950', 'SeniorSoftwareEngineer', '11314');
INSERT INTO `SkillSet` (`id`) VALUES ('11315');
INSERT INTO `SkillSet_skills` (`SkillSet_id`, `skills`) VALUES ('11315', 'UnitTesting');
INSERT INTO `SkillSet_skills` (`SkillSet_id`, `skills`) VALUES ('11315', 'Gradle');
INSERT INTO `SkillSet_skills` (`SkillSet_id`, `skills`) VALUES ('11315', 'Architektur');
INSERT INTO `SkillSet_skills` (`SkillSet_id`, `skills`) VALUES ('11315', 'Maven');
INSERT INTO `Mission` (`id`, `companyName`, `name`, `role`, `skillSet_id`) VALUES ('11315', 'a4e11b2d-3d11-4c5b-b63d-3fcf59286936', '2ae6def2-9172-46ba-b57e-974899146b7c', 'SeniorSoftwareEngineer', '11315');
INSERT INTO `SkillSet` (`id`) VALUES ('11316');
INSERT INTO `SkillSet_skills` (`SkillSet_id`, `skills`) VALUES ('11316', 'Maven');
INSERT INTO `SkillSet_skills` (`SkillSet_id`, `skills`) VALUES ('11316', 'UITesting');
INSERT INTO `SkillSet_skills` (`SkillSet_id`, `skills`) VALUES ('11316', 'UITesting');
INSERT INTO `SkillSet_skills` (`SkillSet_id`, `skills`) VALUES ('11316', 'SQL');
INSERT INTO `SkillSet_skills` (`SkillSet_id`, `skills`) VALUES ('11316', 'Java');
INSERT INTO `Mission` (`id`, `companyName`, `name`, `role`, `skillSet_id`) VALUES ('11316', '502a9019-13b9-4f94-908d-ed09e9ef036b', '3e2187df-ae08-42ab-8820-cd8d287b0261', 'JuniorSoftwareEngineer', '11316');
INSERT INTO `SkillSet` (`id`) VALUES ('11317');
INSERT INTO `SkillSet_skills` (`SkillSet_id`, `skills`) VALUES ('11317', 'dotNet');
INSERT INTO `SkillSet_skills` (`SkillSet_id`, `skills`) VALUES ('11317', 'UITesting');
INSERT INTO `SkillSet_skills` (`SkillSet_id`, `skills`) VALUES ('11317', 'UITesting');
INSERT INTO `SkillSet_skills` (`SkillSet_id`, `skills`) VALUES ('11317', 'Ant');
INSERT INTO `SkillSet_skills` (`SkillSet_id`, `skills`) VALUES ('11317', 'SQL');
INSERT INTO `Mission` (`id`, `companyName`, `name`, `role`, `skillSet_id`) VALUES ('11317', 'cd10a052-c2f0-4232-b26e-af5192947d8f', 'e6c973c4-c025-440c-861b-1e6396c51783', 'PrincipalConsultant', '11317');
INSERT INTO `SkillSet` (`id`) VALUES ('11318');
INSERT INTO `SkillSet_skills` (`SkillSet_id`, `skills`) VALUES ('11318', 'dotNet');
INSERT INTO `SkillSet_skills` (`SkillSet_id`, `skills`) VALUES ('11318', 'Gradle');
INSERT INTO `SkillSet_skills` (`SkillSet_id`, `skills`) VALUES ('11318', 'Gradle');
INSERT INTO `SkillSet_skills` (`SkillSet_id`, `skills`) VALUES ('11318', 'Java');
INSERT INTO `Mission` (`id`, `companyName`, `name`, `role`, `skillSet_id`) VALUES ('11318', '1014e225-450c-4c7d-aaad-a215851bd1b6', '2a38b528-9d7e-4e3a-9d01-55e439d038a5', 'LeadSoftwareArchitect', '11318');
INSERT INTO `SkillSet` (`id`) VALUES ('11319');
INSERT INTO `SkillSet_skills` (`SkillSet_id`, `skills`) VALUES ('11319', 'Java');
INSERT INTO `SkillSet_skills` (`SkillSet_id`, `skills`) VALUES ('11319', 'Gradle');
INSERT INTO `SkillSet_skills` (`SkillSet_id`, `skills`) VALUES ('11319', 'dotNet');
INSERT INTO `Mission` (`id`, `companyName`, `name`, `role`, `skillSet_id`) VALUES ('11319', '085a0214-fab2-4c68-a437-5e09897d21b6', 'b684278a-fd72-4c90-8cd7-be6a53a8c1da', 'SoftwareEngineer', '11319');
INSERT INTO `SkillSet` (`id`) VALUES ('11320');
INSERT INTO `SkillSet_skills` (`SkillSet_id`, `skills`) VALUES ('11320', 'SQL');
INSERT INTO `Mission` (`id`, `companyName`, `name`, `role`, `skillSet_id`) VALUES ('11320', 'e2ee36df-a100-4645-b24d-b6c5194979da', '73b42cf5-4403-4746-8ec6-48d694cd8911', 'JuniorSoftwareEngineer', '11320');
INSERT INTO `SkillSet` (`id`) VALUES ('11321');
INSERT INTO `SkillSet_skills` (`SkillSet_id`, `skills`) VALUES ('11321', 'dotNet');
INSERT INTO `SkillSet_skills` (`SkillSet_id`, `skills`) VALUES ('11321', 'Maven');
INSERT INTO `SkillSet_skills` (`SkillSet_id`, `skills`) VALUES ('11321', 'Gradle');
INSERT INTO `SkillSet_skills` (`SkillSet_id`, `skills`) VALUES ('11321', 'dotNet');
INSERT INTO `Mission` (`id`, `companyName`, `name`, `role`, `skillSet_id`) VALUES ('11321', '98517a40-1ffb-41ec-8158-2c7d6b70a922', '3308f2d8-4c39-4abc-b680-96fe3061623d', 'PrincipalConsultant', '11321');
INSERT INTO `SkillSet` (`id`) VALUES ('11322');
INSERT INTO `SkillSet_skills` (`SkillSet_id`, `skills`) VALUES ('11322', 'UnitTesting');
INSERT INTO `SkillSet_skills` (`SkillSet_id`, `skills`) VALUES ('11322', 'Ant');
INSERT INTO `SkillSet_skills` (`SkillSet_id`, `skills`) VALUES ('11322', 'Ant');
INSERT INTO `SkillSet_skills` (`SkillSet_id`, `skills`) VALUES ('11322', 'Java');
INSERT INTO `SkillSet_skills` (`SkillSet_id`, `skills`) VALUES ('11322', 'SQL');
INSERT INTO `Mission` (`id`, `companyName`, `name`, `role`, `skillSet_id`) VALUES ('11322', 'f1c266eb-2f9b-4232-bde1-15449c5738e2', 'f57c2f3e-7932-41c8-86ff-eb87eb8910af', 'LeadSoftwareArchitect', '11322');
INSERT INTO `SkillSet` (`id`) VALUES ('11323');
INSERT INTO `SkillSet_skills` (`SkillSet_id`, `skills`) VALUES ('11323', 'Architektur');
INSERT INTO `SkillSet_skills` (`SkillSet_id`, `skills`) VALUES ('11323', 'SQL');
INSERT INTO `SkillSet_skills` (`SkillSet_id`, `skills`) VALUES ('11323', 'Gradle');
INSERT INTO `Mission` (`id`, `companyName`, `name`, `role`, `skillSet_id`) VALUES ('11323', 'ae1f2c57-353b-4c00-b907-df5fa8d6dc22', 'c6500073-4ad4-427c-857c-0e13dba8afa8', 'JuniorSoftwareEngineer', '11323');
INSERT INTO `SkillSet` (`id`) VALUES ('11324');
INSERT INTO `SkillSet_skills` (`SkillSet_id`, `skills`) VALUES ('11324', 'Gradle');
INSERT INTO `SkillSet_skills` (`SkillSet_id`, `skills`) VALUES ('11324', 'SQL');
INSERT INTO `SkillSet_skills` (`SkillSet_id`, `skills`) VALUES ('11324', 'UnitTesting');
INSERT INTO `SkillSet_skills` (`SkillSet_id`, `skills`) VALUES ('11324', 'UnitTesting');
INSERT INTO `SkillSet_skills` (`SkillSet_id`, `skills`) VALUES ('11324', 'Maven');
INSERT INTO `Mission` (`id`, `companyName`, `name`, `role`, `skillSet_id`) VALUES ('11324', '3bddf0fa-2a70-4ece-aa42-f27ae1a6051b', '015472d1-7508-401e-a1fd-7f3378a9271c', 'LeadEngineer', '11324');
INSERT INTO `SkillSet` (`id`) VALUES ('11325');
INSERT INTO `SkillSet_skills` (`SkillSet_id`, `skills`) VALUES ('11325', 'Architektur');
INSERT INTO `SkillSet_skills` (`SkillSet_id`, `skills`) VALUES ('11325', 'UnitTesting');
INSERT INTO `SkillSet_skills` (`SkillSet_id`, `skills`) VALUES ('11325', 'Architektur');
INSERT INTO `SkillSet_skills` (`SkillSet_id`, `skills`) VALUES ('11325', 'Ant');
INSERT INTO `Mission` (`id`, `companyName`, `name`, `role`, `skillSet_id`) VALUES ('11325', '3c0eb11c-f3d2-47dc-8b07-419d747b5065', '859f192c-b0af-4efa-955d-ebb67e47166f', 'JuniorSoftwareEngineer', '11325');
INSERT INTO `SkillSet` (`id`) VALUES ('11326');
INSERT INTO `SkillSet_skills` (`SkillSet_id`, `skills`) VALUES ('11326', 'Ant');
INSERT INTO `SkillSet_skills` (`SkillSet_id`, `skills`) VALUES ('11326', 'UnitTesting');
INSERT INTO `Mission` (`id`, `companyName`, `name`, `role`, `skillSet_id`) VALUES ('11326', '944dc6d9-67ff-410a-9686-6525258082ea', '2ab119eb-a7ea-481b-ad6e-7d28609ad128', 'LeadSoftwareArchitect', '11326');
INSERT INTO `SkillSet` (`id`) VALUES ('11327');
INSERT INTO `SkillSet_skills` (`SkillSet_id`, `skills`) VALUES ('11327', 'UnitTesting');
INSERT INTO `SkillSet_skills` (`SkillSet_id`, `skills`) VALUES ('11327', 'SQL');
INSERT INTO `SkillSet_skills` (`SkillSet_id`, `skills`) VALUES ('11327', 'Java');
INSERT INTO `SkillSet_skills` (`SkillSet_id`, `skills`) VALUES ('11327', 'dotNet');
INSERT INTO `SkillSet_skills` (`SkillSet_id`, `skills`) VALUES ('11327', 'SQL');
INSERT INTO `Mission` (`id`, `companyName`, `name`, `role`, `skillSet_id`) VALUES ('11327', 'ae6ca154-0b10-4a24-ba68-bbefff2e629c', '77bb5460-1562-44b5-a894-b5bf214b1508', 'PrincipalConsultant', '11327');
INSERT INTO `SkillSet` (`id`) VALUES ('11328');
INSERT INTO `SkillSet_skills` (`SkillSet_id`, `skills`) VALUES ('11328', 'UITesting');
INSERT INTO `SkillSet_skills` (`SkillSet_id`, `skills`) VALUES ('11328', 'Gradle');
INSERT INTO `SkillSet_skills` (`SkillSet_id`, `skills`) VALUES ('11328', 'UnitTesting');
INSERT INTO `SkillSet_skills` (`SkillSet_id`, `skills`) VALUES ('11328', 'Gradle');
INSERT INTO `Mission` (`id`, `companyName`, `name`, `role`, `skillSet_id`) VALUES ('11328', '3e8bd946-f45e-4b28-bb96-38cebf19bd8c', 'e181802d-8e5f-4a07-b8be-bd32709c16d4', 'LeadEngineer', '11328');
INSERT INTO `SkillSet` (`id`) VALUES ('11329');
INSERT INTO `SkillSet_skills` (`SkillSet_id`, `skills`) VALUES ('11329', 'Architektur');
INSERT INTO `SkillSet_skills` (`SkillSet_id`, `skills`) VALUES ('11329', 'SQL');
INSERT INTO `Mission` (`id`, `companyName`, `name`, `role`, `skillSet_id`) VALUES ('11329', '6ca797e2-bb6c-4897-9f90-5e4120625372', 'dfbaa4d6-50f5-487f-9266-21adf3b51975', 'JuniorSoftwareEngineer', '11329');
INSERT INTO `SkillSet` (`id`) VALUES ('11330');
INSERT INTO `SkillSet_skills` (`SkillSet_id`, `skills`) VALUES ('11330', 'Java');
INSERT INTO `SkillSet_skills` (`SkillSet_id`, `skills`) VALUES ('11330', 'UITesting');
INSERT INTO `SkillSet_skills` (`SkillSet_id`, `skills`) VALUES ('11330', 'Ant');
INSERT INTO `SkillSet_skills` (`SkillSet_id`, `skills`) VALUES ('11330', 'SQL');
INSERT INTO `SkillSet_skills` (`SkillSet_id`, `skills`) VALUES ('11330', 'Java');
INSERT INTO `Mission` (`id`, `companyName`, `name`, `role`, `skillSet_id`) VALUES ('11330', '1f64dece-f79e-4683-8adb-c9c269a754ad', '1a55ce5c-7661-4862-8bf4-a0454445687b', 'LeadEngineer', '11330');
INSERT INTO `SkillSet` (`id`) VALUES ('11331');
INSERT INTO `SkillSet_skills` (`SkillSet_id`, `skills`) VALUES ('11331', 'Gradle');
INSERT INTO `Mission` (`id`, `companyName`, `name`, `role`, `skillSet_id`) VALUES ('11331', '6a70826c-d378-4af2-9afe-3aebff68b7fb', 'f9868832-d592-4b62-bffc-822c4b86f5db', 'LeadSoftwareArchitect', '11331');
INSERT INTO `SkillSet` (`id`) VALUES ('11332');
INSERT INTO `SkillSet_skills` (`SkillSet_id`, `skills`) VALUES ('11332', 'Ant');
INSERT INTO `SkillSet_skills` (`SkillSet_id`, `skills`) VALUES ('11332', 'Architektur');
INSERT INTO `SkillSet_skills` (`SkillSet_id`, `skills`) VALUES ('11332', 'Ant');
INSERT INTO `SkillSet_skills` (`SkillSet_id`, `skills`) VALUES ('11332', 'Java');
INSERT INTO `Mission` (`id`, `companyName`, `name`, `role`, `skillSet_id`) VALUES ('11332', 'ad2057a6-c39c-40bf-a53c-1c111b69547e', '6c398d75-5bdf-4d6c-a2d8-5efbad1bd7ce', 'PrincipalConsultant', '11332');
INSERT INTO `SkillSet` (`id`) VALUES ('11333');
INSERT INTO `SkillSet_skills` (`SkillSet_id`, `skills`) VALUES ('11333', 'Architektur');
INSERT INTO `Mission` (`id`, `companyName`, `name`, `role`, `skillSet_id`) VALUES ('11333', '9693af7f-1e94-4538-ae78-db662626ee2d', '4deb8e65-26be-4c6f-a667-9d265d4bf1b2', 'LeadSoftwareArchitect', '11333');
INSERT INTO `SkillSet` (`id`) VALUES ('11334');
INSERT INTO `SkillSet_skills` (`SkillSet_id`, `skills`) VALUES ('11334', 'UITesting');
INSERT INTO `SkillSet_skills` (`SkillSet_id`, `skills`) VALUES ('11334', 'UITesting');
INSERT INTO `SkillSet_skills` (`SkillSet_id`, `skills`) VALUES ('11334', 'Ant');
INSERT INTO `SkillSet_skills` (`SkillSet_id`, `skills`) VALUES ('11334', 'SQL');
INSERT INTO `SkillSet_skills` (`SkillSet_id`, `skills`) VALUES ('11334', 'UITesting');
INSERT INTO `Mission` (`id`, `companyName`, `name`, `role`, `skillSet_id`) VALUES ('11334', '40dd8fe4-a884-4395-a060-6d7fb30d60d6', '642b2d21-0a5a-4251-a245-2f8c488cb84a', 'LeadEngineer', '11334');
INSERT INTO `SkillSet` (`id`) VALUES ('11335');
INSERT INTO `SkillSet_skills` (`SkillSet_id`, `skills`) VALUES ('11335', 'Maven');
INSERT INTO `SkillSet_skills` (`SkillSet_id`, `skills`) VALUES ('11335', 'UnitTesting');
INSERT INTO `SkillSet_skills` (`SkillSet_id`, `skills`) VALUES ('11335', 'UnitTesting');
INSERT INTO `Mission` (`id`, `companyName`, `name`, `role`, `skillSet_id`) VALUES ('11335', 'e9321eac-597c-409b-9489-0f6ed4bee65d', '7ec1bd26-1d21-4a6b-a60c-e4664419db38', 'PrincipalConsultant', '11335');
INSERT INTO `SkillSet` (`id`) VALUES ('11336');
INSERT INTO `SkillSet_skills` (`SkillSet_id`, `skills`) VALUES ('11336', 'Ant');
INSERT INTO `Mission` (`id`, `companyName`, `name`, `role`, `skillSet_id`) VALUES ('11336', '87f35be7-b0ad-44cc-a72d-ab7cc2c233b9', 'da76f2f9-8ab6-43b8-b39a-dab9b1f0470b', 'PrincipalConsultant', '11336');
INSERT INTO `SkillSet` (`id`) VALUES ('11337');
INSERT INTO `SkillSet_skills` (`SkillSet_id`, `skills`) VALUES ('11337', 'UnitTesting');
INSERT INTO `Mission` (`id`, `companyName`, `name`, `role`, `skillSet_id`) VALUES ('11337', '3d186c8a-0604-4bf7-9752-8b66fd50e517', '0da0fcae-fb78-435d-aa0c-81ef1812d687', 'PrincipalConsultant', '11337');
INSERT INTO `SkillSet` (`id`) VALUES ('11338');
INSERT INTO `SkillSet_skills` (`SkillSet_id`, `skills`) VALUES ('11338', 'UnitTesting');
INSERT INTO `SkillSet_skills` (`SkillSet_id`, `skills`) VALUES ('11338', 'SQL');
INSERT INTO `SkillSet_skills` (`SkillSet_id`, `skills`) VALUES ('11338', 'Gradle');
INSERT INTO `SkillSet_skills` (`SkillSet_id`, `skills`) VALUES ('11338', 'Gradle');
INSERT INTO `SkillSet_skills` (`SkillSet_id`, `skills`) VALUES ('11338', 'Java');
INSERT INTO `Mission` (`id`, `companyName`, `name`, `role`, `skillSet_id`) VALUES ('11338', 'b239b4b4-180c-43f5-a3bd-5385e049a9b4', 'daa06e70-319f-4a6b-a257-1048c71250f5', 'SoftwareEngineer', '11338');
INSERT INTO `SkillSet` (`id`) VALUES ('11339');
INSERT INTO `SkillSet_skills` (`SkillSet_id`, `skills`) VALUES ('11339', 'dotNet');
INSERT INTO `SkillSet_skills` (`SkillSet_id`, `skills`) VALUES ('11339', 'Maven');
INSERT INTO `Mission` (`id`, `companyName`, `name`, `role`, `skillSet_id`) VALUES ('11339', '760e2673-ce33-40c6-b271-a2ef42253caf', '723a55ec-05f3-454a-9315-3da94bcbb051', 'LeadEngineer', '11339');
INSERT INTO `SkillSet` (`id`) VALUES ('11340');
INSERT INTO `SkillSet_skills` (`SkillSet_id`, `skills`) VALUES ('11340', 'Ant');
INSERT INTO `Mission` (`id`, `companyName`, `name`, `role`, `skillSet_id`) VALUES ('11340', '76581b7b-decf-49f1-98a7-4ba895d1e614', 'aeb67841-c893-46c3-94a2-e2c095638634', 'PrincipalConsultant', '11340');
INSERT INTO `SkillSet` (`id`) VALUES ('11341');
INSERT INTO `SkillSet_skills` (`SkillSet_id`, `skills`) VALUES ('11341', 'Ant');
INSERT INTO `Mission` (`id`, `companyName`, `name`, `role`, `skillSet_id`) VALUES ('11341', 'f102b9dc-cf7a-4c0b-8a5f-bf1be5f6b585', '119ad19c-cc35-4496-983c-ffe929111f72', 'JuniorSoftwareEngineer', '11341');
INSERT INTO `SkillSet` (`id`) VALUES ('11342');
INSERT INTO `SkillSet_skills` (`SkillSet_id`, `skills`) VALUES ('11342', 'Maven');
INSERT INTO `Mission` (`id`, `companyName`, `name`, `role`, `skillSet_id`) VALUES ('11342', '05d90051-372d-49d5-acb4-856e23ec4adb', '05510a99-a12c-4b49-b52d-52d047593f54', 'LeadSoftwareArchitect', '11342');
INSERT INTO `SkillSet` (`id`) VALUES ('11343');
INSERT INTO `SkillSet_skills` (`SkillSet_id`, `skills`) VALUES ('11343', 'Ant');
INSERT INTO `SkillSet_skills` (`SkillSet_id`, `skills`) VALUES ('11343', 'SQL');
INSERT INTO `Mission` (`id`, `companyName`, `name`, `role`, `skillSet_id`) VALUES ('11343', '4df43145-97ed-4775-800f-9c24042b23fe', '1f2aec0e-da3f-40e2-9fa7-a7a5a0d70db3', 'SoftwareEngineer', '11343');
INSERT INTO `SkillSet` (`id`) VALUES ('11344');
INSERT INTO `SkillSet_skills` (`SkillSet_id`, `skills`) VALUES ('11344', 'dotNet');
INSERT INTO `SkillSet_skills` (`SkillSet_id`, `skills`) VALUES ('11344', 'dotNet');
INSERT INTO `SkillSet_skills` (`SkillSet_id`, `skills`) VALUES ('11344', 'dotNet');
INSERT INTO `SkillSet_skills` (`SkillSet_id`, `skills`) VALUES ('11344', 'Java');
INSERT INTO `SkillSet_skills` (`SkillSet_id`, `skills`) VALUES ('11344', 'UnitTesting');
INSERT INTO `Mission` (`id`, `companyName`, `name`, `role`, `skillSet_id`) VALUES ('11344', '57c5d31a-e8cb-43c6-812f-70f3ec441e73', 'a4436b96-7ea7-439b-9ec0-99e83063f79d', 'SoftwareEngineer', '11344');
INSERT INTO `SkillSet` (`id`) VALUES ('11345');
INSERT INTO `SkillSet_skills` (`SkillSet_id`, `skills`) VALUES ('11345', 'UITesting');
INSERT INTO `SkillSet_skills` (`SkillSet_id`, `skills`) VALUES ('11345', 'Ant');
INSERT INTO `Mission` (`id`, `companyName`, `name`, `role`, `skillSet_id`) VALUES ('11345', '6b87fccf-30e1-4fc7-bb61-824e9ddd695b', '30601a31-3d7f-4928-a7c7-890b1010edf6', 'SeniorSoftwareEngineer', '11345');
INSERT INTO `SkillSet` (`id`) VALUES ('11346');
INSERT INTO `SkillSet_skills` (`SkillSet_id`, `skills`) VALUES ('11346', 'Gradle');
INSERT INTO `Mission` (`id`, `companyName`, `name`, `role`, `skillSet_id`) VALUES ('11346', '4c5f6e62-aa68-4a09-a331-e566e9772122', 'd05ea882-9909-4df6-be7a-a36b1d271bd1', 'SeniorSoftwareEngineer', '11346');
INSERT INTO `SkillSet` (`id`) VALUES ('11347');
INSERT INTO `SkillSet_skills` (`SkillSet_id`, `skills`) VALUES ('11347', 'Maven');
INSERT INTO `SkillSet_skills` (`SkillSet_id`, `skills`) VALUES ('11347', 'Architektur');
INSERT INTO `SkillSet_skills` (`SkillSet_id`, `skills`) VALUES ('11347', 'Ant');
INSERT INTO `SkillSet_skills` (`SkillSet_id`, `skills`) VALUES ('11347', 'Java');
INSERT INTO `Mission` (`id`, `companyName`, `name`, `role`, `skillSet_id`) VALUES ('11347', 'dfb89afe-eec2-488d-8c77-cc4a4aed0694', 'b9d69ce3-34fe-4243-a89c-73a04da34256', 'PrincipalConsultant', '11347');
INSERT INTO `SkillSet` (`id`) VALUES ('11348');
INSERT INTO `SkillSet_skills` (`SkillSet_id`, `skills`) VALUES ('11348', 'dotNet');
INSERT INTO `SkillSet_skills` (`SkillSet_id`, `skills`) VALUES ('11348', 'Ant');
INSERT INTO `SkillSet_skills` (`SkillSet_id`, `skills`) VALUES ('11348', 'UnitTesting');
INSERT INTO `SkillSet_skills` (`SkillSet_id`, `skills`) VALUES ('11348', 'Architektur');
INSERT INTO `SkillSet_skills` (`SkillSet_id`, `skills`) VALUES ('11348', 'UITesting');
INSERT INTO `Mission` (`id`, `companyName`, `name`, `role`, `skillSet_id`) VALUES ('11348', '23d168e1-d374-4a99-b7d0-a76ef054ed40', '2b4d7c8b-4737-4d8a-ae72-f472009bb629', 'SeniorSoftwareEngineer', '11348');
INSERT INTO `SkillSet` (`id`) VALUES ('11349');
INSERT INTO `SkillSet_skills` (`SkillSet_id`, `skills`) VALUES ('11349', 'SQL');
INSERT INTO `Mission` (`id`, `companyName`, `name`, `role`, `skillSet_id`) VALUES ('11349', '674dbaf6-e052-4106-87ea-9b4a24ede42b', 'b258dd2b-8782-40a7-ab2a-7b4998bdc71c', 'LeadEngineer', '11349');
INSERT INTO `SkillSet` (`id`) VALUES ('11350');
INSERT INTO `SkillSet_skills` (`SkillSet_id`, `skills`) VALUES ('11350', 'Gradle');
INSERT INTO `SkillSet_skills` (`SkillSet_id`, `skills`) VALUES ('11350', 'SQL');
INSERT INTO `SkillSet_skills` (`SkillSet_id`, `skills`) VALUES ('11350', 'Gradle');
INSERT INTO `Mission` (`id`, `companyName`, `name`, `role`, `skillSet_id`) VALUES ('11350', '4e11cf48-5225-4385-899f-dda707d168ba', 'e5b0d3e5-9b48-4e10-8131-745778e9a765', 'LeadEngineer', '11350');
INSERT INTO `SkillSet` (`id`) VALUES ('11351');
INSERT INTO `SkillSet_skills` (`SkillSet_id`, `skills`) VALUES ('11351', 'Java');
INSERT INTO `SkillSet_skills` (`SkillSet_id`, `skills`) VALUES ('11351', 'Architektur');
INSERT INTO `SkillSet_skills` (`SkillSet_id`, `skills`) VALUES ('11351', 'dotNet');
INSERT INTO `Mission` (`id`, `companyName`, `name`, `role`, `skillSet_id`) VALUES ('11351', 'c5590af0-24ad-4071-b895-cf52e4410d10', 'f2f94eaa-3900-49bb-92af-93a2b6a4fe30', 'PrincipalConsultant', '11351');
INSERT INTO `SkillSet` (`id`) VALUES ('11352');
INSERT INTO `SkillSet_skills` (`SkillSet_id`, `skills`) VALUES ('11352', 'UITesting');
INSERT INTO `Mission` (`id`, `companyName`, `name`, `role`, `skillSet_id`) VALUES ('11352', 'dbd411c8-0dbe-431c-82b6-2c44c63ecd2b', 'd78966c4-9802-4405-bbb7-d83d473b138c', 'LeadEngineer', '11352');
INSERT INTO `SkillSet` (`id`) VALUES ('11353');
INSERT INTO `SkillSet_skills` (`SkillSet_id`, `skills`) VALUES ('11353', 'Java');
INSERT INTO `Mission` (`id`, `companyName`, `name`, `role`, `skillSet_id`) VALUES ('11353', '30de0e5c-626e-4c42-9c2c-7a1b2c2e36b0', '1eee5b3c-bdf2-4c11-8943-d3e03ed61252', 'PrincipalConsultant', '11353');
INSERT INTO `SkillSet` (`id`) VALUES ('11354');
INSERT INTO `SkillSet_skills` (`SkillSet_id`, `skills`) VALUES ('11354', 'Gradle');
INSERT INTO `SkillSet_skills` (`SkillSet_id`, `skills`) VALUES ('11354', 'Architektur');
INSERT INTO `Mission` (`id`, `companyName`, `name`, `role`, `skillSet_id`) VALUES ('11354', '812ad3f8-9bc8-4ab5-9f87-a2e0480abb27', '41de846d-1fd9-43ed-aef4-13da30594801', 'JuniorSoftwareEngineer', '11354');
INSERT INTO `SkillSet` (`id`) VALUES ('11355');
INSERT INTO `SkillSet_skills` (`SkillSet_id`, `skills`) VALUES ('11355', 'UnitTesting');
INSERT INTO `SkillSet_skills` (`SkillSet_id`, `skills`) VALUES ('11355', 'UITesting');
INSERT INTO `SkillSet_skills` (`SkillSet_id`, `skills`) VALUES ('11355', 'dotNet');
INSERT INTO `SkillSet_skills` (`SkillSet_id`, `skills`) VALUES ('11355', 'SQL');
INSERT INTO `Mission` (`id`, `companyName`, `name`, `role`, `skillSet_id`) VALUES ('11355', '3c121895-3918-4973-b3e2-1a269509796b', 'f639b378-0440-4b5a-8e41-9b5ebbab6091', 'SoftwareEngineer', '11355');
INSERT INTO `SkillSet` (`id`) VALUES ('11356');
INSERT INTO `SkillSet_skills` (`SkillSet_id`, `skills`) VALUES ('11356', 'UnitTesting');
INSERT INTO `SkillSet_skills` (`SkillSet_id`, `skills`) VALUES ('11356', 'UnitTesting');
INSERT INTO `SkillSet_skills` (`SkillSet_id`, `skills`) VALUES ('11356', 'UnitTesting');
INSERT INTO `Mission` (`id`, `companyName`, `name`, `role`, `skillSet_id`) VALUES ('11356', '553826da-09d5-4ed2-8f68-403516ba56c5', '6629fa22-ae65-45e8-9853-1cbb1ad5aa4f', 'PrincipalConsultant', '11356');
INSERT INTO `SkillSet` (`id`) VALUES ('11357');
INSERT INTO `SkillSet_skills` (`SkillSet_id`, `skills`) VALUES ('11357', 'Maven');
INSERT INTO `SkillSet_skills` (`SkillSet_id`, `skills`) VALUES ('11357', 'Maven');
INSERT INTO `SkillSet_skills` (`SkillSet_id`, `skills`) VALUES ('11357', 'Ant');
INSERT INTO `SkillSet_skills` (`SkillSet_id`, `skills`) VALUES ('11357', 'dotNet');
INSERT INTO `Mission` (`id`, `companyName`, `name`, `role`, `skillSet_id`) VALUES ('11357', 'b0e9429d-685a-4713-ad0c-305a3e717c44', 'dfb156f3-fc13-47fc-849e-4f8a9e8b7697', 'SoftwareEngineer', '11357');
INSERT INTO `SkillSet` (`id`) VALUES ('11358');
INSERT INTO `SkillSet_skills` (`SkillSet_id`, `skills`) VALUES ('11358', 'dotNet');
INSERT INTO `SkillSet_skills` (`SkillSet_id`, `skills`) VALUES ('11358', 'Java');
INSERT INTO `Mission` (`id`, `companyName`, `name`, `role`, `skillSet_id`) VALUES ('11358', '7d60be3d-0f9f-4e24-8e03-d47b6bafdfec', '607571ec-4908-412f-8f60-8573c76984b9', 'PrincipalConsultant', '11358');
INSERT INTO `SkillSet` (`id`) VALUES ('11359');
INSERT INTO `SkillSet_skills` (`SkillSet_id`, `skills`) VALUES ('11359', 'Architektur');
INSERT INTO `Mission` (`id`, `companyName`, `name`, `role`, `skillSet_id`) VALUES ('11359', '720fadb9-d1e1-4d36-b26e-1755f408587a', '366f50c5-5e6a-4636-bc13-ae37f8021813', 'JuniorSoftwareEngineer', '11359');
INSERT INTO `SkillSet` (`id`) VALUES ('11360');
INSERT INTO `SkillSet_skills` (`SkillSet_id`, `skills`) VALUES ('11360', 'UITesting');
INSERT INTO `SkillSet_skills` (`SkillSet_id`, `skills`) VALUES ('11360', 'dotNet');
INSERT INTO `Mission` (`id`, `companyName`, `name`, `role`, `skillSet_id`) VALUES ('11360', '6e4d77bc-843a-4c4e-90c7-c789874016b0', '2d8efdb1-3ada-44a3-a5bb-a660337f9582', 'SoftwareEngineer', '11360');
INSERT INTO `SkillSet` (`id`) VALUES ('11361');
INSERT INTO `SkillSet_skills` (`SkillSet_id`, `skills`) VALUES ('11361', 'Gradle');
INSERT INTO `SkillSet_skills` (`SkillSet_id`, `skills`) VALUES ('11361', 'Gradle');
INSERT INTO `Mission` (`id`, `companyName`, `name`, `role`, `skillSet_id`) VALUES ('11361', 'd9e9891b-b085-480e-b909-3a3d1058a7fb', '08fffe70-d8b7-49a8-822a-15a4a1e37c25', 'SoftwareEngineer', '11361');
INSERT INTO `SkillSet` (`id`) VALUES ('11362');
INSERT INTO `SkillSet_skills` (`SkillSet_id`, `skills`) VALUES ('11362', 'Java');
INSERT INTO `SkillSet_skills` (`SkillSet_id`, `skills`) VALUES ('11362', 'SQL');
INSERT INTO `Mission` (`id`, `companyName`, `name`, `role`, `skillSet_id`) VALUES ('11362', 'df6e6de8-e756-4a02-8c81-391005b157f3', 'b8a663a7-dba1-4ee5-b563-e30c6c343c60', 'JuniorSoftwareEngineer', '11362');
INSERT INTO `SkillSet` (`id`) VALUES ('11363');
INSERT INTO `SkillSet_skills` (`SkillSet_id`, `skills`) VALUES ('11363', 'Gradle');
INSERT INTO `SkillSet_skills` (`SkillSet_id`, `skills`) VALUES ('11363', 'Gradle');
INSERT INTO `SkillSet_skills` (`SkillSet_id`, `skills`) VALUES ('11363', 'UnitTesting');
INSERT INTO `SkillSet_skills` (`SkillSet_id`, `skills`) VALUES ('11363', 'Maven');
INSERT INTO `Mission` (`id`, `companyName`, `name`, `role`, `skillSet_id`) VALUES ('11363', 'ff4db4e8-2598-4fb8-99db-ccb774189391', 'c8a71440-b76e-4c45-9fe9-a170654a671a', 'SeniorSoftwareEngineer', '11363');
INSERT INTO `SkillSet` (`id`) VALUES ('11364');
INSERT INTO `SkillSet_skills` (`SkillSet_id`, `skills`) VALUES ('11364', 'Ant');
INSERT INTO `SkillSet_skills` (`SkillSet_id`, `skills`) VALUES ('11364', 'Maven');
INSERT INTO `SkillSet_skills` (`SkillSet_id`, `skills`) VALUES ('11364', 'Maven');
INSERT INTO `SkillSet_skills` (`SkillSet_id`, `skills`) VALUES ('11364', 'SQL');
INSERT INTO `Mission` (`id`, `companyName`, `name`, `role`, `skillSet_id`) VALUES ('11364', '91b431a4-6db2-4e3d-a665-a2f1bfc13726', 'f7c42318-bed9-4f5b-97d9-3282a0f8ce74', 'SeniorSoftwareEngineer', '11364');
INSERT INTO `SkillSet` (`id`) VALUES ('11365');
INSERT INTO `SkillSet_skills` (`SkillSet_id`, `skills`) VALUES ('11365', 'SQL');
INSERT INTO `Mission` (`id`, `companyName`, `name`, `role`, `skillSet_id`) VALUES ('11365', '218d98ed-b709-4418-b41e-6ee0a370f691', '8d3aaf34-feab-4886-a290-2218a5837c49', 'PrincipalConsultant', '11365');
INSERT INTO `SkillSet` (`id`) VALUES ('11366');
INSERT INTO `SkillSet_skills` (`SkillSet_id`, `skills`) VALUES ('11366', 'dotNet');
INSERT INTO `SkillSet_skills` (`SkillSet_id`, `skills`) VALUES ('11366', 'Ant');
INSERT INTO `SkillSet_skills` (`SkillSet_id`, `skills`) VALUES ('11366', 'SQL');
INSERT INTO `SkillSet_skills` (`SkillSet_id`, `skills`) VALUES ('11366', 'Java');
INSERT INTO `Mission` (`id`, `companyName`, `name`, `role`, `skillSet_id`) VALUES ('11366', '5f3e31df-78b6-42b6-a311-281835e9a976', '26afe4e8-25d5-4933-95e8-3256fbb9df20', 'JuniorSoftwareEngineer', '11366');
INSERT INTO `SkillSet` (`id`) VALUES ('11367');
INSERT INTO `SkillSet_skills` (`SkillSet_id`, `skills`) VALUES ('11367', 'UITesting');
INSERT INTO `Mission` (`id`, `companyName`, `name`, `role`, `skillSet_id`) VALUES ('11367', '46f7eb8d-d7b6-442c-a80d-7b884f1ef1c4', '0dc80c38-57af-4b05-959b-9bb86f8c0dd0', 'SeniorSoftwareEngineer', '11367');
INSERT INTO `SkillSet` (`id`) VALUES ('11368');
INSERT INTO `SkillSet_skills` (`SkillSet_id`, `skills`) VALUES ('11368', 'Gradle');
INSERT INTO `SkillSet_skills` (`SkillSet_id`, `skills`) VALUES ('11368', 'Ant');
INSERT INTO `SkillSet_skills` (`SkillSet_id`, `skills`) VALUES ('11368', 'Ant');
INSERT INTO `Mission` (`id`, `companyName`, `name`, `role`, `skillSet_id`) VALUES ('11368', '86aa16b3-98f8-47ba-999a-9b03504970a2', '6c1781f4-c95c-4215-8e2e-fd900903e4fd', 'JuniorSoftwareEngineer', '11368');
INSERT INTO `SkillSet` (`id`) VALUES ('11369');
INSERT INTO `SkillSet_skills` (`SkillSet_id`, `skills`) VALUES ('11369', 'Architektur');
INSERT INTO `SkillSet_skills` (`SkillSet_id`, `skills`) VALUES ('11369', 'Maven');
INSERT INTO `Mission` (`id`, `companyName`, `name`, `role`, `skillSet_id`) VALUES ('11369', 'fe24cfa4-aa93-4d89-bca5-ea97e0831b98', '16e97e8f-d863-4dbd-8d9d-015845174149', 'LeadSoftwareArchitect', '11369');
INSERT INTO `SkillSet` (`id`) VALUES ('11370');
INSERT INTO `SkillSet_skills` (`SkillSet_id`, `skills`) VALUES ('11370', 'UnitTesting');
INSERT INTO `SkillSet_skills` (`SkillSet_id`, `skills`) VALUES ('11370', 'Architektur');
INSERT INTO `Mission` (`id`, `companyName`, `name`, `role`, `skillSet_id`) VALUES ('11370', 'a8813f79-1860-452e-ab12-04ba814a9105', 'ee73a994-4435-4fbe-ad3e-bfda41ab9caf', 'LeadEngineer', '11370');
INSERT INTO `SkillSet` (`id`) VALUES ('11371');
INSERT INTO `SkillSet_skills` (`SkillSet_id`, `skills`) VALUES ('11371', 'dotNet');
INSERT INTO `SkillSet_skills` (`SkillSet_id`, `skills`) VALUES ('11371', 'Java');
INSERT INTO `SkillSet_skills` (`SkillSet_id`, `skills`) VALUES ('11371', 'Ant');
INSERT INTO `SkillSet_skills` (`SkillSet_id`, `skills`) VALUES ('11371', 'UITesting');
INSERT INTO `Mission` (`id`, `companyName`, `name`, `role`, `skillSet_id`) VALUES ('11371', '76b2637d-0ad4-4c1f-a7fc-f285af84783c', '82f1abd1-3fe9-4008-8d64-8bae5db86754', 'JuniorSoftwareEngineer', '11371');
INSERT INTO `SkillSet` (`id`) VALUES ('11372');
INSERT INTO `SkillSet_skills` (`SkillSet_id`, `skills`) VALUES ('11372', 'Java');
INSERT INTO `SkillSet_skills` (`SkillSet_id`, `skills`) VALUES ('11372', 'Architektur');
INSERT INTO `SkillSet_skills` (`SkillSet_id`, `skills`) VALUES ('11372', 'Maven');
INSERT INTO `SkillSet_skills` (`SkillSet_id`, `skills`) VALUES ('11372', 'UITesting');
INSERT INTO `Mission` (`id`, `companyName`, `name`, `role`, `skillSet_id`) VALUES ('11372', 'ab275460-21fe-4df6-8dbd-fafb417ffd43', 'cb673813-c497-4655-9d70-feac4225554b', 'LeadSoftwareArchitect', '11372');
INSERT INTO `SkillSet` (`id`) VALUES ('11373');
INSERT INTO `SkillSet_skills` (`SkillSet_id`, `skills`) VALUES ('11373', 'Gradle');
INSERT INTO `SkillSet_skills` (`SkillSet_id`, `skills`) VALUES ('11373', 'Java');
INSERT INTO `SkillSet_skills` (`SkillSet_id`, `skills`) VALUES ('11373', 'Java');
INSERT INTO `SkillSet_skills` (`SkillSet_id`, `skills`) VALUES ('11373', 'UnitTesting');
INSERT INTO `SkillSet_skills` (`SkillSet_id`, `skills`) VALUES ('11373', 'Java');
INSERT INTO `Mission` (`id`, `companyName`, `name`, `role`, `skillSet_id`) VALUES ('11373', '7129f562-e08e-4394-bdcd-26759ab07751', '3807c827-41fb-435d-b1d6-770039edae1c', 'PrincipalConsultant', '11373');
INSERT INTO `SkillSet` (`id`) VALUES ('11374');
INSERT INTO `SkillSet_skills` (`SkillSet_id`, `skills`) VALUES ('11374', 'SQL');
INSERT INTO `SkillSet_skills` (`SkillSet_id`, `skills`) VALUES ('11374', 'Java');
INSERT INTO `Mission` (`id`, `companyName`, `name`, `role`, `skillSet_id`) VALUES ('11374', 'da113354-b28a-41ea-90de-7f60ee8a1056', '54019419-44fb-452f-a8ef-8052eca9d4db', 'SeniorSoftwareEngineer', '11374');
INSERT INTO `SkillSet` (`id`) VALUES ('11375');
INSERT INTO `SkillSet_skills` (`SkillSet_id`, `skills`) VALUES ('11375', 'Ant');
INSERT INTO `SkillSet_skills` (`SkillSet_id`, `skills`) VALUES ('11375', 'Gradle');
INSERT INTO `SkillSet_skills` (`SkillSet_id`, `skills`) VALUES ('11375', 'Ant');
INSERT INTO `Mission` (`id`, `companyName`, `name`, `role`, `skillSet_id`) VALUES ('11375', 'd9cd0acf-8c79-4969-91bc-ae6ba56b7d58', '2f4b8c2f-b094-46b3-9315-fc6ffc403983', 'PrincipalConsultant', '11375');
INSERT INTO `SkillSet` (`id`) VALUES ('11376');
INSERT INTO `SkillSet_skills` (`SkillSet_id`, `skills`) VALUES ('11376', 'Gradle');
INSERT INTO `SkillSet_skills` (`SkillSet_id`, `skills`) VALUES ('11376', 'Java');
INSERT INTO `SkillSet_skills` (`SkillSet_id`, `skills`) VALUES ('11376', 'Gradle');
INSERT INTO `Mission` (`id`, `companyName`, `name`, `role`, `skillSet_id`) VALUES ('11376', '27a49459-e1a7-452c-b1a1-6ef3bc00a50e', '74800f04-bbc8-445a-9c1e-2efe32f36851', 'LeadEngineer', '11376');
INSERT INTO `SkillSet` (`id`) VALUES ('11377');
INSERT INTO `SkillSet_skills` (`SkillSet_id`, `skills`) VALUES ('11377', 'Architektur');
INSERT INTO `SkillSet_skills` (`SkillSet_id`, `skills`) VALUES ('11377', 'Architektur');
INSERT INTO `Mission` (`id`, `companyName`, `name`, `role`, `skillSet_id`) VALUES ('11377', '12fa1598-3897-4a30-9cdc-278335c5702d', '757d270d-d688-44a0-b7f0-028aee03a505', 'SoftwareEngineer', '11377');
INSERT INTO `SkillSet` (`id`) VALUES ('11378');
INSERT INTO `SkillSet_skills` (`SkillSet_id`, `skills`) VALUES ('11378', 'SQL');
INSERT INTO `SkillSet_skills` (`SkillSet_id`, `skills`) VALUES ('11378', 'SQL');
INSERT INTO `Mission` (`id`, `companyName`, `name`, `role`, `skillSet_id`) VALUES ('11378', '9be519a6-cdb4-487a-95b2-42cf6ab48196', '452a09a9-52bd-4b9b-938f-9d9f2c9258fb', 'LeadSoftwareArchitect', '11378');
INSERT INTO `SkillSet` (`id`) VALUES ('11379');
INSERT INTO `SkillSet_skills` (`SkillSet_id`, `skills`) VALUES ('11379', 'Maven');
INSERT INTO `SkillSet_skills` (`SkillSet_id`, `skills`) VALUES ('11379', 'dotNet');
INSERT INTO `SkillSet_skills` (`SkillSet_id`, `skills`) VALUES ('11379', 'Architektur');
INSERT INTO `Mission` (`id`, `companyName`, `name`, `role`, `skillSet_id`) VALUES ('11379', 'afe8cf54-d5b1-4bb4-897e-40dcf986f9f5', 'ca47d578-e623-4b10-af3c-95d12b006b57', 'PrincipalConsultant', '11379');
INSERT INTO `SkillSet` (`id`) VALUES ('11380');
INSERT INTO `SkillSet_skills` (`SkillSet_id`, `skills`) VALUES ('11380', 'UITesting');
INSERT INTO `SkillSet_skills` (`SkillSet_id`, `skills`) VALUES ('11380', 'SQL');
INSERT INTO `SkillSet_skills` (`SkillSet_id`, `skills`) VALUES ('11380', 'Ant');
INSERT INTO `Mission` (`id`, `companyName`, `name`, `role`, `skillSet_id`) VALUES ('11380', 'aa4d3e25-c5f4-4850-b73f-b591f1e8fc91', '84fa2b8a-c696-4702-b58c-856a4ec19341', 'SeniorSoftwareEngineer', '11380');
INSERT INTO `SkillSet` (`id`) VALUES ('11381');
INSERT INTO `SkillSet_skills` (`SkillSet_id`, `skills`) VALUES ('11381', 'Java');
INSERT INTO `SkillSet_skills` (`SkillSet_id`, `skills`) VALUES ('11381', 'dotNet');
INSERT INTO `SkillSet_skills` (`SkillSet_id`, `skills`) VALUES ('11381', 'Gradle');
INSERT INTO `SkillSet_skills` (`SkillSet_id`, `skills`) VALUES ('11381', 'Ant');
INSERT INTO `SkillSet_skills` (`SkillSet_id`, `skills`) VALUES ('11381', 'Maven');
INSERT INTO `Mission` (`id`, `companyName`, `name`, `role`, `skillSet_id`) VALUES ('11381', '1485796d-4968-4e4f-a1c8-953829a9ad7b', '6785a4b8-20ea-43ce-9077-394cf672ee07', 'SeniorSoftwareEngineer', '11381');
INSERT INTO `SkillSet` (`id`) VALUES ('11382');
INSERT INTO `SkillSet_skills` (`SkillSet_id`, `skills`) VALUES ('11382', 'SQL');
INSERT INTO `SkillSet_skills` (`SkillSet_id`, `skills`) VALUES ('11382', 'UITesting');
INSERT INTO `SkillSet_skills` (`SkillSet_id`, `skills`) VALUES ('11382', 'UITesting');
INSERT INTO `SkillSet_skills` (`SkillSet_id`, `skills`) VALUES ('11382', 'Architektur');
INSERT INTO `Mission` (`id`, `companyName`, `name`, `role`, `skillSet_id`) VALUES ('11382', '29bd1fa3-d4f6-4e5d-a63d-915f05b378af', '58cf62a5-5d73-49fa-8540-048b5d496aa5', 'PrincipalConsultant', '11382');
INSERT INTO `SkillSet` (`id`) VALUES ('11383');
INSERT INTO `SkillSet_skills` (`SkillSet_id`, `skills`) VALUES ('11383', 'Architektur');
INSERT INTO `SkillSet_skills` (`SkillSet_id`, `skills`) VALUES ('11383', 'Java');
INSERT INTO `Mission` (`id`, `companyName`, `name`, `role`, `skillSet_id`) VALUES ('11383', 'b73069cf-fab5-48e0-a48a-7a381e5cb1fe', 'f15b5e45-c07d-45eb-bd40-39937bfa022f', 'PrincipalConsultant', '11383');
INSERT INTO `SkillSet` (`id`) VALUES ('11384');
INSERT INTO `SkillSet_skills` (`SkillSet_id`, `skills`) VALUES ('11384', 'Maven');
INSERT INTO `SkillSet_skills` (`SkillSet_id`, `skills`) VALUES ('11384', 'Java');
INSERT INTO `SkillSet_skills` (`SkillSet_id`, `skills`) VALUES ('11384', 'dotNet');
INSERT INTO `SkillSet_skills` (`SkillSet_id`, `skills`) VALUES ('11384', 'Architektur');
INSERT INTO `Mission` (`id`, `companyName`, `name`, `role`, `skillSet_id`) VALUES ('11384', '0a1a0e27-68da-4c68-b0c0-ce534a730dba', '1a49aee0-dd39-43d5-a35f-2a44a03929ca', 'PrincipalConsultant', '11384');
INSERT INTO `SkillSet` (`id`) VALUES ('11385');
INSERT INTO `SkillSet_skills` (`SkillSet_id`, `skills`) VALUES ('11385', 'SQL');
INSERT INTO `Mission` (`id`, `companyName`, `name`, `role`, `skillSet_id`) VALUES ('11385', '987f2343-4d94-48ab-9a32-21500f36b8d3', '37c53273-635d-4cb9-b93f-0937033dc797', 'SoftwareEngineer', '11385');
INSERT INTO `SkillSet` (`id`) VALUES ('11386');
INSERT INTO `SkillSet_skills` (`SkillSet_id`, `skills`) VALUES ('11386', 'dotNet');
INSERT INTO `SkillSet_skills` (`SkillSet_id`, `skills`) VALUES ('11386', 'SQL');
INSERT INTO `SkillSet_skills` (`SkillSet_id`, `skills`) VALUES ('11386', 'dotNet');
INSERT INTO `Mission` (`id`, `companyName`, `name`, `role`, `skillSet_id`) VALUES ('11386', 'fb845da5-84fc-484c-b451-2d4191e956b9', 'b898b763-3b18-44e6-9145-7fe6b5c79044', 'JuniorSoftwareEngineer', '11386');
INSERT INTO `SkillSet` (`id`) VALUES ('11387');
INSERT INTO `SkillSet_skills` (`SkillSet_id`, `skills`) VALUES ('11387', 'SQL');
INSERT INTO `SkillSet_skills` (`SkillSet_id`, `skills`) VALUES ('11387', 'dotNet');
INSERT INTO `SkillSet_skills` (`SkillSet_id`, `skills`) VALUES ('11387', 'Gradle');
INSERT INTO `Mission` (`id`, `companyName`, `name`, `role`, `skillSet_id`) VALUES ('11387', 'b0c5b0c1-42d8-4abd-86be-e1a7e4b2fa45', '626b4f58-fa7c-4731-aef1-3adf51cb994d', 'PrincipalConsultant', '11387');
INSERT INTO `SkillSet` (`id`) VALUES ('11388');
INSERT INTO `SkillSet_skills` (`SkillSet_id`, `skills`) VALUES ('11388', 'Architektur');
INSERT INTO `Mission` (`id`, `companyName`, `name`, `role`, `skillSet_id`) VALUES ('11388', '0eb71076-c552-42aa-9a2c-cdb0a1d639e5', 'bb1f3068-302f-4b1f-8f04-0afefffe5016', 'LeadSoftwareArchitect', '11388');
INSERT INTO `SkillSet` (`id`) VALUES ('11389');
INSERT INTO `SkillSet_skills` (`SkillSet_id`, `skills`) VALUES ('11389', 'Ant');
INSERT INTO `SkillSet_skills` (`SkillSet_id`, `skills`) VALUES ('11389', 'Architektur');
INSERT INTO `Mission` (`id`, `companyName`, `name`, `role`, `skillSet_id`) VALUES ('11389', '52c973d4-1942-49d9-8e02-7bbebc8a51e9', 'ab3bef9a-bfff-4955-88dd-13b7cda8a5fc', 'LeadEngineer', '11389');
INSERT INTO `SkillSet` (`id`) VALUES ('11390');
INSERT INTO `SkillSet_skills` (`SkillSet_id`, `skills`) VALUES ('11390', 'dotNet');
INSERT INTO `Mission` (`id`, `companyName`, `name`, `role`, `skillSet_id`) VALUES ('11390', 'b713d4f3-8faa-4a01-9843-20ad830ca122', 'a06baaf8-3ad7-44d3-a2a3-95901ddb8f6c', 'JuniorSoftwareEngineer', '11390');
INSERT INTO `SkillSet` (`id`) VALUES ('11391');
INSERT INTO `SkillSet_skills` (`SkillSet_id`, `skills`) VALUES ('11391', 'Maven');
INSERT INTO `SkillSet_skills` (`SkillSet_id`, `skills`) VALUES ('11391', 'Gradle');
INSERT INTO `SkillSet_skills` (`SkillSet_id`, `skills`) VALUES ('11391', 'Ant');
INSERT INTO `SkillSet_skills` (`SkillSet_id`, `skills`) VALUES ('11391', 'dotNet');
INSERT INTO `SkillSet_skills` (`SkillSet_id`, `skills`) VALUES ('11391', 'Gradle');
INSERT INTO `Mission` (`id`, `companyName`, `name`, `role`, `skillSet_id`) VALUES ('11391', 'b17ef390-59af-4386-88ab-74b95f4302f0', '47413450-fe36-4240-9864-16a81bf1cd73', 'LeadSoftwareArchitect', '11391');
INSERT INTO `SkillSet` (`id`) VALUES ('11392');
INSERT INTO `SkillSet_skills` (`SkillSet_id`, `skills`) VALUES ('11392', 'Maven');
INSERT INTO `Mission` (`id`, `companyName`, `name`, `role`, `skillSet_id`) VALUES ('11392', '6e9b2116-53b8-4e25-a291-fefe58acc684', 'e9a2e350-7fa4-4372-b0fc-38b1b16f236a', 'SeniorSoftwareEngineer', '11392');
INSERT INTO `SkillSet` (`id`) VALUES ('11393');
INSERT INTO `SkillSet_skills` (`SkillSet_id`, `skills`) VALUES ('11393', 'Gradle');
INSERT INTO `SkillSet_skills` (`SkillSet_id`, `skills`) VALUES ('11393', 'Architektur');
INSERT INTO `SkillSet_skills` (`SkillSet_id`, `skills`) VALUES ('11393', 'Gradle');
INSERT INTO `SkillSet_skills` (`SkillSet_id`, `skills`) VALUES ('11393', 'Gradle');
INSERT INTO `Mission` (`id`, `companyName`, `name`, `role`, `skillSet_id`) VALUES ('11393', '1325a815-8c61-4b36-8e7e-4a3e62029180', '53736084-cb9b-4aa3-a2db-639c39212450', 'SoftwareEngineer', '11393');
INSERT INTO `SkillSet` (`id`) VALUES ('11394');
INSERT INTO `SkillSet_skills` (`SkillSet_id`, `skills`) VALUES ('11394', 'Java');
INSERT INTO `SkillSet_skills` (`SkillSet_id`, `skills`) VALUES ('11394', 'Java');
INSERT INTO `SkillSet_skills` (`SkillSet_id`, `skills`) VALUES ('11394', 'UnitTesting');
INSERT INTO `SkillSet_skills` (`SkillSet_id`, `skills`) VALUES ('11394', 'UnitTesting');
INSERT INTO `Mission` (`id`, `companyName`, `name`, `role`, `skillSet_id`) VALUES ('11394', '5561ae4a-8561-4c87-acad-8ce982bf6f01', 'f7eaee80-52d2-4e9e-a312-e28cfeea4ba7', 'PrincipalConsultant', '11394');
INSERT INTO `SkillSet` (`id`) VALUES ('11395');
INSERT INTO `SkillSet_skills` (`SkillSet_id`, `skills`) VALUES ('11395', 'Ant');
INSERT INTO `SkillSet_skills` (`SkillSet_id`, `skills`) VALUES ('11395', 'UITesting');
INSERT INTO `SkillSet_skills` (`SkillSet_id`, `skills`) VALUES ('11395', 'UITesting');
INSERT INTO `SkillSet_skills` (`SkillSet_id`, `skills`) VALUES ('11395', 'Maven');
INSERT INTO `SkillSet_skills` (`SkillSet_id`, `skills`) VALUES ('11395', 'Gradle');
INSERT INTO `Mission` (`id`, `companyName`, `name`, `role`, `skillSet_id`) VALUES ('11395', '559947fb-662e-4f60-b338-3677b61d7c72', '5b69ae20-7f6f-4bae-95ac-4081dcda7b33', 'JuniorSoftwareEngineer', '11395');
INSERT INTO `SkillSet` (`id`) VALUES ('11396');
INSERT INTO `SkillSet_skills` (`SkillSet_id`, `skills`) VALUES ('11396', 'Java');
INSERT INTO `Mission` (`id`, `companyName`, `name`, `role`, `skillSet_id`) VALUES ('11396', '92a655a6-7197-41a0-8415-be4254cd9314', '0f72b203-eeef-4bd7-8bdb-34c6ee6756d7', 'LeadSoftwareArchitect', '11396');
INSERT INTO `SkillSet` (`id`) VALUES ('11397');
INSERT INTO `SkillSet_skills` (`SkillSet_id`, `skills`) VALUES ('11397', 'SQL');
INSERT INTO `Mission` (`id`, `companyName`, `name`, `role`, `skillSet_id`) VALUES ('11397', 'add7753d-5887-435d-899d-e6dd2e45e50d', '03306ae4-38c2-425a-a884-c844f755f5a6', 'SoftwareEngineer', '11397');
INSERT INTO `SkillSet` (`id`) VALUES ('11398');
INSERT INTO `SkillSet_skills` (`SkillSet_id`, `skills`) VALUES ('11398', 'dotNet');
INSERT INTO `SkillSet_skills` (`SkillSet_id`, `skills`) VALUES ('11398', 'Java');
INSERT INTO `SkillSet_skills` (`SkillSet_id`, `skills`) VALUES ('11398', 'Java');
INSERT INTO `SkillSet_skills` (`SkillSet_id`, `skills`) VALUES ('11398', 'Java');
INSERT INTO `Mission` (`id`, `companyName`, `name`, `role`, `skillSet_id`) VALUES ('11398', '9a8fe55c-bc60-475c-a78a-bad4f99472ac', '0d72553b-3111-42d7-b4a4-819baa5ea966', 'JuniorSoftwareEngineer', '11398');
INSERT INTO `SkillSet` (`id`) VALUES ('11399');
INSERT INTO `SkillSet_skills` (`SkillSet_id`, `skills`) VALUES ('11399', 'Ant');
INSERT INTO `SkillSet_skills` (`SkillSet_id`, `skills`) VALUES ('11399', 'SQL');
INSERT INTO `SkillSet_skills` (`SkillSet_id`, `skills`) VALUES ('11399', 'Gradle');
INSERT INTO `Mission` (`id`, `companyName`, `name`, `role`, `skillSet_id`) VALUES ('11399', 'a251d57e-dfbe-4367-9b44-a5bd530eff27', 'e08f043b-3975-4700-9a56-700a4adf028f', 'PrincipalConsultant', '11399');
INSERT INTO `SkillSet` (`id`) VALUES ('11400');
INSERT INTO `SkillSet_skills` (`SkillSet_id`, `skills`) VALUES ('11400', 'SQL');
INSERT INTO `SkillSet_skills` (`SkillSet_id`, `skills`) VALUES ('11400', 'UnitTesting');
INSERT INTO `Mission` (`id`, `companyName`, `name`, `role`, `skillSet_id`) VALUES ('11400', 'f0c5ed37-60cc-4caa-9f71-54870eee8d30', '16a366ee-0c97-464c-9dd0-9cb720741cc4', 'SoftwareEngineer', '11400');
INSERT INTO `SkillSet` (`id`) VALUES ('11401');
INSERT INTO `SkillSet_skills` (`SkillSet_id`, `skills`) VALUES ('11401', 'dotNet');
INSERT INTO `SkillSet_skills` (`SkillSet_id`, `skills`) VALUES ('11401', 'dotNet');
INSERT INTO `SkillSet_skills` (`SkillSet_id`, `skills`) VALUES ('11401', 'Architektur');
INSERT INTO `SkillSet_skills` (`SkillSet_id`, `skills`) VALUES ('11401', 'Ant');
INSERT INTO `SkillSet_skills` (`SkillSet_id`, `skills`) VALUES ('11401', 'UITesting');
INSERT INTO `Mission` (`id`, `companyName`, `name`, `role`, `skillSet_id`) VALUES ('11401', 'bceb32f5-3e14-4352-8003-4448a85b0eb3', '3c3eabbf-a25c-4932-8b72-b4d1227c104d', 'JuniorSoftwareEngineer', '11401');
INSERT INTO `SkillSet` (`id`) VALUES ('11402');
INSERT INTO `SkillSet_skills` (`SkillSet_id`, `skills`) VALUES ('11402', 'SQL');
INSERT INTO `SkillSet_skills` (`SkillSet_id`, `skills`) VALUES ('11402', 'Architektur');
INSERT INTO `Mission` (`id`, `companyName`, `name`, `role`, `skillSet_id`) VALUES ('11402', '59b58c1a-ab0b-4295-91ed-8cd069457302', '05744570-22ff-49b2-bf8b-2a6e93c5942e', 'LeadSoftwareArchitect', '11402');
INSERT INTO `SkillSet` (`id`) VALUES ('11403');
INSERT INTO `SkillSet_skills` (`SkillSet_id`, `skills`) VALUES ('11403', 'Ant');
INSERT INTO `SkillSet_skills` (`SkillSet_id`, `skills`) VALUES ('11403', 'Architektur');
INSERT INTO `Mission` (`id`, `companyName`, `name`, `role`, `skillSet_id`) VALUES ('11403', 'a1c3e30a-f0e2-4c93-950d-038c5cd875ed', '68fba182-9a12-4884-94d9-1c9fd714122d', 'LeadSoftwareArchitect', '11403');
INSERT INTO `SkillSet` (`id`) VALUES ('11404');
INSERT INTO `SkillSet_skills` (`SkillSet_id`, `skills`) VALUES ('11404', 'UnitTesting');
INSERT INTO `SkillSet_skills` (`SkillSet_id`, `skills`) VALUES ('11404', 'dotNet');
INSERT INTO `SkillSet_skills` (`SkillSet_id`, `skills`) VALUES ('11404', 'SQL');
INSERT INTO `SkillSet_skills` (`SkillSet_id`, `skills`) VALUES ('11404', 'UnitTesting');
INSERT INTO `Mission` (`id`, `companyName`, `name`, `role`, `skillSet_id`) VALUES ('11404', '2116b480-6e12-450a-8fb4-56656d85c652', 'f3e79de9-2a66-4bae-9ef6-408b490b3066', 'LeadEngineer', '11404');
INSERT INTO `SkillSet` (`id`) VALUES ('11405');
INSERT INTO `SkillSet_skills` (`SkillSet_id`, `skills`) VALUES ('11405', 'Architektur');
INSERT INTO `SkillSet_skills` (`SkillSet_id`, `skills`) VALUES ('11405', 'UnitTesting');
INSERT INTO `Mission` (`id`, `companyName`, `name`, `role`, `skillSet_id`) VALUES ('11405', '28f290c8-910c-410b-99c1-009ece52cf8b', '13e28d76-cde5-4998-952d-efbf11938ac0', 'JuniorSoftwareEngineer', '11405');
INSERT INTO `SkillSet` (`id`) VALUES ('11406');
INSERT INTO `SkillSet_skills` (`SkillSet_id`, `skills`) VALUES ('11406', 'Gradle');
INSERT INTO `Mission` (`id`, `companyName`, `name`, `role`, `skillSet_id`) VALUES ('11406', '088db216-36aa-45ea-8ea8-d7d36a7d45ce', '4395774c-bab0-4cfc-a70f-c9070a079baf', 'LeadEngineer', '11406');
INSERT INTO `SkillSet` (`id`) VALUES ('11407');
INSERT INTO `SkillSet_skills` (`SkillSet_id`, `skills`) VALUES ('11407', 'Java');
INSERT INTO `SkillSet_skills` (`SkillSet_id`, `skills`) VALUES ('11407', 'Ant');
INSERT INTO `Mission` (`id`, `companyName`, `name`, `role`, `skillSet_id`) VALUES ('11407', 'c67ad0f1-d739-4f4c-ae59-f444fb3cc472', 'd372f3ca-6045-40bd-b6d8-9bee5fd73900', 'SeniorSoftwareEngineer', '11407');
INSERT INTO `SkillSet` (`id`) VALUES ('11408');
INSERT INTO `SkillSet_skills` (`SkillSet_id`, `skills`) VALUES ('11408', 'Maven');
INSERT INTO `SkillSet_skills` (`SkillSet_id`, `skills`) VALUES ('11408', 'SQL');
INSERT INTO `SkillSet_skills` (`SkillSet_id`, `skills`) VALUES ('11408', 'SQL');
INSERT INTO `Mission` (`id`, `companyName`, `name`, `role`, `skillSet_id`) VALUES ('11408', '4ba1eff8-b680-47b0-9b51-90c3445a51de', 'ef42a80d-b47a-47f7-8fbc-61ebfd897505', 'JuniorSoftwareEngineer', '11408');
INSERT INTO `SkillSet` (`id`) VALUES ('11409');
INSERT INTO `SkillSet_skills` (`SkillSet_id`, `skills`) VALUES ('11409', 'SQL');
INSERT INTO `SkillSet_skills` (`SkillSet_id`, `skills`) VALUES ('11409', 'UITesting');
INSERT INTO `Mission` (`id`, `companyName`, `name`, `role`, `skillSet_id`) VALUES ('11409', 'fbdd6ab4-07fd-4191-9c60-0d2502fa9d09', '598ae437-c738-4630-99a2-5c16d0c79537', 'SeniorSoftwareEngineer', '11409');
INSERT INTO `SkillSet` (`id`) VALUES ('11410');
INSERT INTO `SkillSet_skills` (`SkillSet_id`, `skills`) VALUES ('11410', 'Java');
INSERT INTO `Mission` (`id`, `companyName`, `name`, `role`, `skillSet_id`) VALUES ('11410', '7e184b93-5cb6-4d66-9bae-8eb6eb902fcf', 'd486d4b8-1a29-458f-bb03-f060389695f3', 'PrincipalConsultant', '11410');
INSERT INTO `SkillSet` (`id`) VALUES ('11411');
INSERT INTO `SkillSet_skills` (`SkillSet_id`, `skills`) VALUES ('11411', 'Gradle');
INSERT INTO `SkillSet_skills` (`SkillSet_id`, `skills`) VALUES ('11411', 'Architektur');
INSERT INTO `SkillSet_skills` (`SkillSet_id`, `skills`) VALUES ('11411', 'Gradle');
INSERT INTO `SkillSet_skills` (`SkillSet_id`, `skills`) VALUES ('11411', 'UnitTesting');
INSERT INTO `SkillSet_skills` (`SkillSet_id`, `skills`) VALUES ('11411', 'dotNet');
INSERT INTO `Mission` (`id`, `companyName`, `name`, `role`, `skillSet_id`) VALUES ('11411', '4919de45-2968-4337-8c75-25a991255e3d', 'fdd18f0e-fb2f-40ad-949e-2dbd582e3330', 'PrincipalConsultant', '11411');
INSERT INTO `SkillSet` (`id`) VALUES ('11412');
INSERT INTO `SkillSet_skills` (`SkillSet_id`, `skills`) VALUES ('11412', 'Ant');
INSERT INTO `SkillSet_skills` (`SkillSet_id`, `skills`) VALUES ('11412', 'UnitTesting');
INSERT INTO `SkillSet_skills` (`SkillSet_id`, `skills`) VALUES ('11412', 'UITesting');
INSERT INTO `SkillSet_skills` (`SkillSet_id`, `skills`) VALUES ('11412', 'UITesting');
INSERT INTO `SkillSet_skills` (`SkillSet_id`, `skills`) VALUES ('11412', 'Java');
INSERT INTO `Mission` (`id`, `companyName`, `name`, `role`, `skillSet_id`) VALUES ('11412', '08d8c5ec-ca76-4126-b6fd-8ea3370eb859', 'c3c35a6a-0a50-47ce-a41d-b239f8f1ebda', 'PrincipalConsultant', '11412');
INSERT INTO `SkillSet` (`id`) VALUES ('11413');
INSERT INTO `SkillSet_skills` (`SkillSet_id`, `skills`) VALUES ('11413', 'Gradle');
INSERT INTO `SkillSet_skills` (`SkillSet_id`, `skills`) VALUES ('11413', 'Gradle');
INSERT INTO `SkillSet_skills` (`SkillSet_id`, `skills`) VALUES ('11413', 'Ant');
INSERT INTO `SkillSet_skills` (`SkillSet_id`, `skills`) VALUES ('11413', 'Ant');
INSERT INTO `SkillSet_skills` (`SkillSet_id`, `skills`) VALUES ('11413', 'SQL');
INSERT INTO `Mission` (`id`, `companyName`, `name`, `role`, `skillSet_id`) VALUES ('11413', '2be8ffb9-175e-4422-9c1e-0d834e7beaae', '2ccb8fa4-979c-4979-9702-328edd01cd67', 'SoftwareEngineer', '11413');
INSERT INTO `SkillSet` (`id`) VALUES ('11414');
INSERT INTO `SkillSet_skills` (`SkillSet_id`, `skills`) VALUES ('11414', 'SQL');
INSERT INTO `SkillSet_skills` (`SkillSet_id`, `skills`) VALUES ('11414', 'SQL');
INSERT INTO `SkillSet_skills` (`SkillSet_id`, `skills`) VALUES ('11414', 'Ant');
INSERT INTO `Mission` (`id`, `companyName`, `name`, `role`, `skillSet_id`) VALUES ('11414', 'b6c03866-21c9-4a25-bb86-9329a5ce318e', 'f3bbf846-54bd-4204-9ed4-76c51e0d0e99', 'SeniorSoftwareEngineer', '11414');
INSERT INTO `SkillSet` (`id`) VALUES ('11415');
INSERT INTO `SkillSet_skills` (`SkillSet_id`, `skills`) VALUES ('11415', 'Gradle');
INSERT INTO `Mission` (`id`, `companyName`, `name`, `role`, `skillSet_id`) VALUES ('11415', '30161a26-b7e3-41e3-80e0-26213f4ea2d7', '034f64f7-9470-48a0-bfd0-444b76351ba0', 'PrincipalConsultant', '11415');
INSERT INTO `SkillSet` (`id`) VALUES ('11416');
INSERT INTO `SkillSet_skills` (`SkillSet_id`, `skills`) VALUES ('11416', 'Gradle');
INSERT INTO `SkillSet_skills` (`SkillSet_id`, `skills`) VALUES ('11416', 'Ant');
INSERT INTO `SkillSet_skills` (`SkillSet_id`, `skills`) VALUES ('11416', 'Architektur');
INSERT INTO `SkillSet_skills` (`SkillSet_id`, `skills`) VALUES ('11416', 'Ant');
INSERT INTO `SkillSet_skills` (`SkillSet_id`, `skills`) VALUES ('11416', 'Architektur');
INSERT INTO `Mission` (`id`, `companyName`, `name`, `role`, `skillSet_id`) VALUES ('11416', 'bd8f8e4d-f99b-4340-b415-74aa566dccea', '84b425e3-8313-4bf2-8608-278c664b9b4f', 'LeadSoftwareArchitect', '11416');
INSERT INTO `SkillSet` (`id`) VALUES ('11417');
INSERT INTO `SkillSet_skills` (`SkillSet_id`, `skills`) VALUES ('11417', 'dotNet');
INSERT INTO `SkillSet_skills` (`SkillSet_id`, `skills`) VALUES ('11417', 'Architektur');
INSERT INTO `SkillSet_skills` (`SkillSet_id`, `skills`) VALUES ('11417', 'Gradle');
INSERT INTO `Mission` (`id`, `companyName`, `name`, `role`, `skillSet_id`) VALUES ('11417', 'e1d6e821-198b-4631-a4b7-902e8f7a3baf', '8e45e332-d3b8-4fc0-a606-e42765b6cc84', 'LeadEngineer', '11417');
INSERT INTO `SkillSet` (`id`) VALUES ('11418');
INSERT INTO `SkillSet_skills` (`SkillSet_id`, `skills`) VALUES ('11418', 'dotNet');
INSERT INTO `Mission` (`id`, `companyName`, `name`, `role`, `skillSet_id`) VALUES ('11418', '8e6fd834-820d-488c-8af3-6725c8b2b3ea', '609d2426-4ed1-46fe-91ec-2bf241df1868', 'JuniorSoftwareEngineer', '11418');
INSERT INTO `SkillSet` (`id`) VALUES ('11419');
INSERT INTO `SkillSet_skills` (`SkillSet_id`, `skills`) VALUES ('11419', 'SQL');
INSERT INTO `SkillSet_skills` (`SkillSet_id`, `skills`) VALUES ('11419', 'Maven');
INSERT INTO `SkillSet_skills` (`SkillSet_id`, `skills`) VALUES ('11419', 'Maven');
INSERT INTO `Mission` (`id`, `companyName`, `name`, `role`, `skillSet_id`) VALUES ('11419', '811bfcf9-abd1-451d-b576-8125dcfaf0e7', '0bd3f7e4-c911-4557-8ac3-5c167845db26', 'LeadEngineer', '11419');
INSERT INTO `SkillSet` (`id`) VALUES ('11420');
INSERT INTO `SkillSet_skills` (`SkillSet_id`, `skills`) VALUES ('11420', 'UnitTesting');
INSERT INTO `SkillSet_skills` (`SkillSet_id`, `skills`) VALUES ('11420', 'SQL');
INSERT INTO `SkillSet_skills` (`SkillSet_id`, `skills`) VALUES ('11420', 'UnitTesting');
INSERT INTO `SkillSet_skills` (`SkillSet_id`, `skills`) VALUES ('11420', 'UITesting');
INSERT INTO `SkillSet_skills` (`SkillSet_id`, `skills`) VALUES ('11420', 'dotNet');
INSERT INTO `Mission` (`id`, `companyName`, `name`, `role`, `skillSet_id`) VALUES ('11420', '0e93219a-2675-4e45-b41d-ece453c5656c', '8b391f5f-f2a5-48af-a87d-1a5306478194', 'SoftwareEngineer', '11420');
INSERT INTO `SkillSet` (`id`) VALUES ('11421');
INSERT INTO `SkillSet_skills` (`SkillSet_id`, `skills`) VALUES ('11421', 'Ant');
INSERT INTO `SkillSet_skills` (`SkillSet_id`, `skills`) VALUES ('11421', 'UITesting');
INSERT INTO `SkillSet_skills` (`SkillSet_id`, `skills`) VALUES ('11421', 'Architektur');
INSERT INTO `SkillSet_skills` (`SkillSet_id`, `skills`) VALUES ('11421', 'Java');
INSERT INTO `Mission` (`id`, `companyName`, `name`, `role`, `skillSet_id`) VALUES ('11421', 'c6a6218f-f303-4311-bc66-ca89bc0933a2', '6bfb2dc0-f8cb-4d01-affc-47a2cc3ff3ba', 'PrincipalConsultant', '11421');
INSERT INTO `SkillSet` (`id`) VALUES ('11422');
INSERT INTO `SkillSet_skills` (`SkillSet_id`, `skills`) VALUES ('11422', 'UITesting');
INSERT INTO `SkillSet_skills` (`SkillSet_id`, `skills`) VALUES ('11422', 'UITesting');
INSERT INTO `SkillSet_skills` (`SkillSet_id`, `skills`) VALUES ('11422', 'Maven');
INSERT INTO `SkillSet_skills` (`SkillSet_id`, `skills`) VALUES ('11422', 'Ant');
INSERT INTO `SkillSet_skills` (`SkillSet_id`, `skills`) VALUES ('11422', 'dotNet');
INSERT INTO `Mission` (`id`, `companyName`, `name`, `role`, `skillSet_id`) VALUES ('11422', 'c8f7e79c-73ab-4663-af12-17d9273f3e25', '7b370506-633c-437a-90c0-c56785a12f65', 'PrincipalConsultant', '11422');
INSERT INTO `SkillSet` (`id`) VALUES ('11423');
INSERT INTO `SkillSet_skills` (`SkillSet_id`, `skills`) VALUES ('11423', 'Gradle');
INSERT INTO `Mission` (`id`, `companyName`, `name`, `role`, `skillSet_id`) VALUES ('11423', '91809647-b823-4157-9010-4a24bebf4ce3', '13a5b169-ebf5-4a9e-ab89-fb44e16833b0', 'JuniorSoftwareEngineer', '11423');
INSERT INTO `SkillSet` (`id`) VALUES ('11424');
INSERT INTO `SkillSet_skills` (`SkillSet_id`, `skills`) VALUES ('11424', 'Java');
INSERT INTO `SkillSet_skills` (`SkillSet_id`, `skills`) VALUES ('11424', 'Java');
INSERT INTO `SkillSet_skills` (`SkillSet_id`, `skills`) VALUES ('11424', 'Java');
INSERT INTO `Mission` (`id`, `companyName`, `name`, `role`, `skillSet_id`) VALUES ('11424', '23792072-a084-4de4-9025-01ccbaaf44fc', '71ed31be-fa41-4d20-83d3-b0383cf825d5', 'SoftwareEngineer', '11424');
INSERT INTO `SkillSet` (`id`) VALUES ('11425');
INSERT INTO `SkillSet_skills` (`SkillSet_id`, `skills`) VALUES ('11425', 'dotNet');
INSERT INTO `SkillSet_skills` (`SkillSet_id`, `skills`) VALUES ('11425', 'SQL');
INSERT INTO `SkillSet_skills` (`SkillSet_id`, `skills`) VALUES ('11425', 'Gradle');
INSERT INTO `Mission` (`id`, `companyName`, `name`, `role`, `skillSet_id`) VALUES ('11425', 'fde83f1d-a15a-4b81-ac2e-17be52c54909', 'ac344e3f-dbbd-4b20-b9fb-70ba2dddddac', 'SeniorSoftwareEngineer', '11425');
INSERT INTO `SkillSet` (`id`) VALUES ('11426');
INSERT INTO `SkillSet_skills` (`SkillSet_id`, `skills`) VALUES ('11426', 'SQL');
INSERT INTO `SkillSet_skills` (`SkillSet_id`, `skills`) VALUES ('11426', 'Java');
INSERT INTO `SkillSet_skills` (`SkillSet_id`, `skills`) VALUES ('11426', 'Java');
INSERT INTO `SkillSet_skills` (`SkillSet_id`, `skills`) VALUES ('11426', 'Ant');
INSERT INTO `Mission` (`id`, `companyName`, `name`, `role`, `skillSet_id`) VALUES ('11426', '2fc4ae94-e5d5-4730-a8e1-73d9a96e6107', 'a29475fe-f771-4591-b3f3-004d8bc12ab5', 'SoftwareEngineer', '11426');
INSERT INTO `SkillSet` (`id`) VALUES ('11427');
INSERT INTO `SkillSet_skills` (`SkillSet_id`, `skills`) VALUES ('11427', 'Maven');
INSERT INTO `Mission` (`id`, `companyName`, `name`, `role`, `skillSet_id`) VALUES ('11427', 'd7a0d3a4-8dd3-4c08-b962-5c2543e7b2f3', '456efdc3-33ac-4bbb-96d5-966834a66704', 'LeadSoftwareArchitect', '11427');
INSERT INTO `SkillSet` (`id`) VALUES ('11428');
INSERT INTO `SkillSet_skills` (`SkillSet_id`, `skills`) VALUES ('11428', 'dotNet');
INSERT INTO `SkillSet_skills` (`SkillSet_id`, `skills`) VALUES ('11428', 'Ant');
INSERT INTO `Mission` (`id`, `companyName`, `name`, `role`, `skillSet_id`) VALUES ('11428', 'edbad015-769d-4d0f-8c32-085e1a764c5e', '3233116d-c8a0-49a2-8cf6-9b605f2fd6f9', 'JuniorSoftwareEngineer', '11428');
INSERT INTO `SkillSet` (`id`) VALUES ('11429');
INSERT INTO `SkillSet_skills` (`SkillSet_id`, `skills`) VALUES ('11429', 'dotNet');
INSERT INTO `SkillSet_skills` (`SkillSet_id`, `skills`) VALUES ('11429', 'Java');
INSERT INTO `SkillSet_skills` (`SkillSet_id`, `skills`) VALUES ('11429', 'UnitTesting');
INSERT INTO `SkillSet_skills` (`SkillSet_id`, `skills`) VALUES ('11429', 'Ant');
INSERT INTO `SkillSet_skills` (`SkillSet_id`, `skills`) VALUES ('11429', 'UnitTesting');
INSERT INTO `Mission` (`id`, `companyName`, `name`, `role`, `skillSet_id`) VALUES ('11429', 'ef9a7ff3-7d10-4188-83b1-506e915899ed', 'a36cab1a-13e5-495d-8d2e-901c4fde456c', 'SoftwareEngineer', '11429');
INSERT INTO `SkillSet` (`id`) VALUES ('11430');
INSERT INTO `SkillSet_skills` (`SkillSet_id`, `skills`) VALUES ('11430', 'Maven');
INSERT INTO `Mission` (`id`, `companyName`, `name`, `role`, `skillSet_id`) VALUES ('11430', 'f96a8508-54f3-458d-8c6b-e57528d2d13e', '4ac336f4-4291-4524-958e-76292a621027', 'LeadEngineer', '11430');
INSERT INTO `SkillSet` (`id`) VALUES ('11431');
INSERT INTO `SkillSet_skills` (`SkillSet_id`, `skills`) VALUES ('11431', 'SQL');
INSERT INTO `SkillSet_skills` (`SkillSet_id`, `skills`) VALUES ('11431', 'Java');
INSERT INTO `SkillSet_skills` (`SkillSet_id`, `skills`) VALUES ('11431', 'Gradle');
INSERT INTO `SkillSet_skills` (`SkillSet_id`, `skills`) VALUES ('11431', 'UITesting');
INSERT INTO `SkillSet_skills` (`SkillSet_id`, `skills`) VALUES ('11431', 'Architektur');
INSERT INTO `Mission` (`id`, `companyName`, `name`, `role`, `skillSet_id`) VALUES ('11431', 'a2a3ff16-871f-4ef4-8445-d04c221edebb', '159d6d70-077e-4d51-92d2-1003241e4ac4', 'LeadEngineer', '11431');
INSERT INTO `SkillSet` (`id`) VALUES ('11432');
INSERT INTO `SkillSet_skills` (`SkillSet_id`, `skills`) VALUES ('11432', 'SQL');
INSERT INTO `SkillSet_skills` (`SkillSet_id`, `skills`) VALUES ('11432', 'Ant');
INSERT INTO `SkillSet_skills` (`SkillSet_id`, `skills`) VALUES ('11432', 'Architektur');
INSERT INTO `SkillSet_skills` (`SkillSet_id`, `skills`) VALUES ('11432', 'Java');
INSERT INTO `Mission` (`id`, `companyName`, `name`, `role`, `skillSet_id`) VALUES ('11432', '7f6f5bd5-8ad8-47c6-97c6-29b54712989b', '148e2774-017e-409f-902c-7f4c70c9fea7', 'LeadEngineer', '11432');
INSERT INTO `SkillSet` (`id`) VALUES ('11433');
INSERT INTO `SkillSet_skills` (`SkillSet_id`, `skills`) VALUES ('11433', 'Architektur');
INSERT INTO `SkillSet_skills` (`SkillSet_id`, `skills`) VALUES ('11433', 'Java');
INSERT INTO `SkillSet_skills` (`SkillSet_id`, `skills`) VALUES ('11433', 'SQL');
INSERT INTO `SkillSet_skills` (`SkillSet_id`, `skills`) VALUES ('11433', 'Java');
INSERT INTO `Mission` (`id`, `companyName`, `name`, `role`, `skillSet_id`) VALUES ('11433', '2de97dba-fc66-4230-b9db-0867e444b5f7', '4bfaf40d-fe13-481f-bddd-fe4451933723', 'SeniorSoftwareEngineer', '11433');
INSERT INTO `SkillSet` (`id`) VALUES ('11434');
INSERT INTO `SkillSet_skills` (`SkillSet_id`, `skills`) VALUES ('11434', 'Java');
INSERT INTO `SkillSet_skills` (`SkillSet_id`, `skills`) VALUES ('11434', 'dotNet');
INSERT INTO `Mission` (`id`, `companyName`, `name`, `role`, `skillSet_id`) VALUES ('11434', '63c69235-b7b9-4b8f-ade3-122e9bbdbe14', '7540f8a2-b074-4e54-b4a5-5bb366542712', 'SeniorSoftwareEngineer', '11434');
INSERT INTO `SkillSet` (`id`) VALUES ('11435');
INSERT INTO `SkillSet_skills` (`SkillSet_id`, `skills`) VALUES ('11435', 'UITesting');
INSERT INTO `SkillSet_skills` (`SkillSet_id`, `skills`) VALUES ('11435', 'Ant');
INSERT INTO `SkillSet_skills` (`SkillSet_id`, `skills`) VALUES ('11435', 'UnitTesting');
INSERT INTO `SkillSet_skills` (`SkillSet_id`, `skills`) VALUES ('11435', 'dotNet');
INSERT INTO `Mission` (`id`, `companyName`, `name`, `role`, `skillSet_id`) VALUES ('11435', 'c519390d-8471-489c-b389-1055cc695f3e', '2739524c-2d87-49b5-98aa-e746ea474790', 'SeniorSoftwareEngineer', '11435');
INSERT INTO `SkillSet` (`id`) VALUES ('11436');
INSERT INTO `SkillSet_skills` (`SkillSet_id`, `skills`) VALUES ('11436', 'UITesting');
INSERT INTO `SkillSet_skills` (`SkillSet_id`, `skills`) VALUES ('11436', 'dotNet');
INSERT INTO `Mission` (`id`, `companyName`, `name`, `role`, `skillSet_id`) VALUES ('11436', '2f36c27b-a38b-4ff4-ad0b-56fac7271ea6', 'cc65e4fc-982c-4553-9385-028057330ffb', 'LeadEngineer', '11436');
INSERT INTO `SkillSet` (`id`) VALUES ('11437');
INSERT INTO `SkillSet_skills` (`SkillSet_id`, `skills`) VALUES ('11437', 'UnitTesting');
INSERT INTO `SkillSet_skills` (`SkillSet_id`, `skills`) VALUES ('11437', 'Gradle');
INSERT INTO `Mission` (`id`, `companyName`, `name`, `role`, `skillSet_id`) VALUES ('11437', 'b933a6e9-e9f1-4d47-afef-cedec8416162', 'ad2cefec-636b-40fc-ab9a-fe79ce060906', 'SeniorSoftwareEngineer', '11437');
INSERT INTO `SkillSet` (`id`) VALUES ('11438');
INSERT INTO `SkillSet_skills` (`SkillSet_id`, `skills`) VALUES ('11438', 'Architektur');
INSERT INTO `SkillSet_skills` (`SkillSet_id`, `skills`) VALUES ('11438', 'UnitTesting');
INSERT INTO `SkillSet_skills` (`SkillSet_id`, `skills`) VALUES ('11438', 'UITesting');
INSERT INTO `Mission` (`id`, `companyName`, `name`, `role`, `skillSet_id`) VALUES ('11438', 'a66f943a-7e04-40c6-b622-72dba39002c1', 'afc9c8a9-d548-4f28-a464-e810c4c3b062', 'SoftwareEngineer', '11438');
INSERT INTO `SkillSet` (`id`) VALUES ('11439');
INSERT INTO `SkillSet_skills` (`SkillSet_id`, `skills`) VALUES ('11439', 'Java');
INSERT INTO `Mission` (`id`, `companyName`, `name`, `role`, `skillSet_id`) VALUES ('11439', '096b4bf3-9b99-48ff-b44a-577c18cc4ca5', '75984e3b-db97-4010-a384-91eb2d37332a', 'SeniorSoftwareEngineer', '11439');
INSERT INTO `SkillSet` (`id`) VALUES ('11440');
INSERT INTO `SkillSet_skills` (`SkillSet_id`, `skills`) VALUES ('11440', 'dotNet');
INSERT INTO `SkillSet_skills` (`SkillSet_id`, `skills`) VALUES ('11440', 'UITesting');
INSERT INTO `SkillSet_skills` (`SkillSet_id`, `skills`) VALUES ('11440', 'dotNet');
INSERT INTO `SkillSet_skills` (`SkillSet_id`, `skills`) VALUES ('11440', 'Ant');
INSERT INTO `Mission` (`id`, `companyName`, `name`, `role`, `skillSet_id`) VALUES ('11440', 'ba3c7d0b-2ee2-42eb-b916-cd26a35d61b9', '6b2efec6-c189-49a4-8e18-9187c42bd567', 'JuniorSoftwareEngineer', '11440');
INSERT INTO `SkillSet` (`id`) VALUES ('11441');
INSERT INTO `SkillSet_skills` (`SkillSet_id`, `skills`) VALUES ('11441', 'Gradle');
INSERT INTO `SkillSet_skills` (`SkillSet_id`, `skills`) VALUES ('11441', 'UnitTesting');
INSERT INTO `SkillSet_skills` (`SkillSet_id`, `skills`) VALUES ('11441', 'Architektur');
INSERT INTO `SkillSet_skills` (`SkillSet_id`, `skills`) VALUES ('11441', 'UnitTesting');
INSERT INTO `Mission` (`id`, `companyName`, `name`, `role`, `skillSet_id`) VALUES ('11441', 'f9c99425-4556-4918-ba87-b188cb65e884', '56fdd5fd-2f88-4816-bd40-efce733a3f34', 'PrincipalConsultant', '11441');
INSERT INTO `SkillSet` (`id`) VALUES ('11442');
INSERT INTO `SkillSet_skills` (`SkillSet_id`, `skills`) VALUES ('11442', 'Maven');
INSERT INTO `SkillSet_skills` (`SkillSet_id`, `skills`) VALUES ('11442', 'SQL');
INSERT INTO `SkillSet_skills` (`SkillSet_id`, `skills`) VALUES ('11442', 'Ant');
INSERT INTO `Mission` (`id`, `companyName`, `name`, `role`, `skillSet_id`) VALUES ('11442', '29c87ec1-339f-4ddc-b0b8-1cc0c60ed336', 'be329ab9-0228-417f-93d4-ebe951843924', 'SeniorSoftwareEngineer', '11442');
INSERT INTO `SkillSet` (`id`) VALUES ('11443');
INSERT INTO `SkillSet_skills` (`SkillSet_id`, `skills`) VALUES ('11443', 'Gradle');
INSERT INTO `SkillSet_skills` (`SkillSet_id`, `skills`) VALUES ('11443', 'Architektur');
INSERT INTO `SkillSet_skills` (`SkillSet_id`, `skills`) VALUES ('11443', 'Gradle');
INSERT INTO `SkillSet_skills` (`SkillSet_id`, `skills`) VALUES ('11443', 'Architektur');
INSERT INTO `Mission` (`id`, `companyName`, `name`, `role`, `skillSet_id`) VALUES ('11443', '237205a9-5bbd-4c8c-8d92-eae999e434d4', '3194b76c-1477-4eeb-b5e0-85d74c8ef3f1', 'PrincipalConsultant', '11443');
INSERT INTO `SkillSet` (`id`) VALUES ('11444');
INSERT INTO `SkillSet_skills` (`SkillSet_id`, `skills`) VALUES ('11444', 'UITesting');
INSERT INTO `SkillSet_skills` (`SkillSet_id`, `skills`) VALUES ('11444', 'Gradle');
INSERT INTO `SkillSet_skills` (`SkillSet_id`, `skills`) VALUES ('11444', 'UITesting');
INSERT INTO `SkillSet_skills` (`SkillSet_id`, `skills`) VALUES ('11444', 'Gradle');
INSERT INTO `Mission` (`id`, `companyName`, `name`, `role`, `skillSet_id`) VALUES ('11444', 'e6109f44-70fe-463d-be45-1b4dab59d229', 'd4ab796b-d4e1-45dc-829b-b52f152b4017', 'SoftwareEngineer', '11444');
INSERT INTO `SkillSet` (`id`) VALUES ('11445');
INSERT INTO `SkillSet_skills` (`SkillSet_id`, `skills`) VALUES ('11445', 'UnitTesting');
INSERT INTO `SkillSet_skills` (`SkillSet_id`, `skills`) VALUES ('11445', 'Architektur');
INSERT INTO `SkillSet_skills` (`SkillSet_id`, `skills`) VALUES ('11445', 'Java');
INSERT INTO `SkillSet_skills` (`SkillSet_id`, `skills`) VALUES ('11445', 'Ant');
INSERT INTO `Mission` (`id`, `companyName`, `name`, `role`, `skillSet_id`) VALUES ('11445', 'ba1a5cf4-5761-4588-9b5e-f743061b7119', '7dd46485-e292-4fb9-92b3-3a376634803c', 'SoftwareEngineer', '11445');
INSERT INTO `SkillSet` (`id`) VALUES ('11446');
INSERT INTO `SkillSet_skills` (`SkillSet_id`, `skills`) VALUES ('11446', 'Java');
INSERT INTO `SkillSet_skills` (`SkillSet_id`, `skills`) VALUES ('11446', 'UITesting');
INSERT INTO `SkillSet_skills` (`SkillSet_id`, `skills`) VALUES ('11446', 'UnitTesting');
INSERT INTO `Mission` (`id`, `companyName`, `name`, `role`, `skillSet_id`) VALUES ('11446', 'ef565bbd-e1c9-471f-be2c-fb8e6bf93dd4', '7f10a629-5d08-412d-8bf2-3fcd65906f6e', 'PrincipalConsultant', '11446');
INSERT INTO `SkillSet` (`id`) VALUES ('11447');
INSERT INTO `SkillSet_skills` (`SkillSet_id`, `skills`) VALUES ('11447', 'Architektur');
INSERT INTO `Mission` (`id`, `companyName`, `name`, `role`, `skillSet_id`) VALUES ('11447', '0cf54c95-33bb-40df-a0ba-7388edc6f6b8', 'c5017933-9109-4a31-9e9e-7daf4ffcae6a', 'JuniorSoftwareEngineer', '11447');
INSERT INTO `SkillSet` (`id`) VALUES ('11448');
INSERT INTO `SkillSet_skills` (`SkillSet_id`, `skills`) VALUES ('11448', 'Ant');
INSERT INTO `SkillSet_skills` (`SkillSet_id`, `skills`) VALUES ('11448', 'Architektur');
INSERT INTO `Mission` (`id`, `companyName`, `name`, `role`, `skillSet_id`) VALUES ('11448', 'df1d3ca8-e319-4331-95fc-2e45cd67bd5b', 'fccc7e78-9654-453b-84b6-fbd09c19fde4', 'PrincipalConsultant', '11448');
INSERT INTO `SkillSet` (`id`) VALUES ('11449');
INSERT INTO `SkillSet_skills` (`SkillSet_id`, `skills`) VALUES ('11449', 'Gradle');
INSERT INTO `SkillSet_skills` (`SkillSet_id`, `skills`) VALUES ('11449', 'Java');
INSERT INTO `Mission` (`id`, `companyName`, `name`, `role`, `skillSet_id`) VALUES ('11449', '207250fb-b20c-408e-a508-a0e4f61e2958', '9a320550-d66c-4f96-ab7f-304d28c17fd7', 'SoftwareEngineer', '11449');
INSERT INTO `SkillSet` (`id`) VALUES ('11450');
INSERT INTO `SkillSet_skills` (`SkillSet_id`, `skills`) VALUES ('11450', 'dotNet');
INSERT INTO `SkillSet_skills` (`SkillSet_id`, `skills`) VALUES ('11450', 'Java');
INSERT INTO `Mission` (`id`, `companyName`, `name`, `role`, `skillSet_id`) VALUES ('11450', 'f55c392e-3458-4d85-94e5-ce017f7098c7', 'f454d57c-5a34-403e-8eb7-2cb6607254c1', 'LeadEngineer', '11450');
INSERT INTO `SkillSet` (`id`) VALUES ('11451');
INSERT INTO `SkillSet_skills` (`SkillSet_id`, `skills`) VALUES ('11451', 'dotNet');
INSERT INTO `SkillSet_skills` (`SkillSet_id`, `skills`) VALUES ('11451', 'Java');
INSERT INTO `SkillSet_skills` (`SkillSet_id`, `skills`) VALUES ('11451', 'Java');
INSERT INTO `SkillSet_skills` (`SkillSet_id`, `skills`) VALUES ('11451', 'UITesting');
INSERT INTO `SkillSet_skills` (`SkillSet_id`, `skills`) VALUES ('11451', 'Maven');
INSERT INTO `Mission` (`id`, `companyName`, `name`, `role`, `skillSet_id`) VALUES ('11451', '83471920-b3d9-43d1-9791-64abcdba5352', '326e7b5b-c02f-4535-8a29-b36ce34a2918', 'SoftwareEngineer', '11451');
INSERT INTO `SkillSet` (`id`) VALUES ('11452');
INSERT INTO `SkillSet_skills` (`SkillSet_id`, `skills`) VALUES ('11452', 'SQL');
INSERT INTO `SkillSet_skills` (`SkillSet_id`, `skills`) VALUES ('11452', 'Ant');
INSERT INTO `SkillSet_skills` (`SkillSet_id`, `skills`) VALUES ('11452', 'Maven');
INSERT INTO `SkillSet_skills` (`SkillSet_id`, `skills`) VALUES ('11452', 'UITesting');
INSERT INTO `SkillSet_skills` (`SkillSet_id`, `skills`) VALUES ('11452', 'UITesting');
INSERT INTO `Mission` (`id`, `companyName`, `name`, `role`, `skillSet_id`) VALUES ('11452', '59846ba1-1753-4a0b-a56f-34aa8c6c055b', 'df486759-8216-4087-af3e-043c08bdd5a8', 'LeadSoftwareArchitect', '11452');
INSERT INTO `SkillSet` (`id`) VALUES ('11453');
INSERT INTO `SkillSet_skills` (`SkillSet_id`, `skills`) VALUES ('11453', 'UITesting');
INSERT INTO `SkillSet_skills` (`SkillSet_id`, `skills`) VALUES ('11453', 'Java');
INSERT INTO `SkillSet_skills` (`SkillSet_id`, `skills`) VALUES ('11453', 'Maven');
INSERT INTO `Mission` (`id`, `companyName`, `name`, `role`, `skillSet_id`) VALUES ('11453', 'fb837274-d9b5-41f8-9103-ad46464f7a2a', 'd7228c9f-83a0-49b4-ad53-c649cc5abed2', 'LeadEngineer', '11453');
INSERT INTO `SkillSet` (`id`) VALUES ('11454');
INSERT INTO `SkillSet_skills` (`SkillSet_id`, `skills`) VALUES ('11454', 'Architektur');
INSERT INTO `SkillSet_skills` (`SkillSet_id`, `skills`) VALUES ('11454', 'UITesting');
INSERT INTO `Mission` (`id`, `companyName`, `name`, `role`, `skillSet_id`) VALUES ('11454', '21dd0cfe-4026-454e-b307-e387fc4e3244', '7e2f46f6-e47e-4e6c-b807-e1e6dc825968', 'SoftwareEngineer', '11454');
INSERT INTO `SkillSet` (`id`) VALUES ('11455');
INSERT INTO `SkillSet_skills` (`SkillSet_id`, `skills`) VALUES ('11455', 'UITesting');
INSERT INTO `SkillSet_skills` (`SkillSet_id`, `skills`) VALUES ('11455', 'Maven');
INSERT INTO `SkillSet_skills` (`SkillSet_id`, `skills`) VALUES ('11455', 'UnitTesting');
INSERT INTO `Mission` (`id`, `companyName`, `name`, `role`, `skillSet_id`) VALUES ('11455', '41105e86-d17e-4c3b-af42-f5d01a12be2b', '47341ff7-2592-45c8-a38a-f39d3b26763f', 'LeadSoftwareArchitect', '11455');
INSERT INTO `SkillSet` (`id`) VALUES ('11456');
INSERT INTO `SkillSet_skills` (`SkillSet_id`, `skills`) VALUES ('11456', 'Java');
INSERT INTO `SkillSet_skills` (`SkillSet_id`, `skills`) VALUES ('11456', 'SQL');
INSERT INTO `SkillSet_skills` (`SkillSet_id`, `skills`) VALUES ('11456', 'Architektur');
INSERT INTO `Mission` (`id`, `companyName`, `name`, `role`, `skillSet_id`) VALUES ('11456', 'eb1755f3-e0a7-4c59-b758-02c7c28390ce', '420a6b6f-539e-4769-901b-fb768b409c99', 'JuniorSoftwareEngineer', '11456');
INSERT INTO `SkillSet` (`id`) VALUES ('11457');
INSERT INTO `SkillSet_skills` (`SkillSet_id`, `skills`) VALUES ('11457', 'UnitTesting');
INSERT INTO `SkillSet_skills` (`SkillSet_id`, `skills`) VALUES ('11457', 'Gradle');
INSERT INTO `SkillSet_skills` (`SkillSet_id`, `skills`) VALUES ('11457', 'Architektur');
INSERT INTO `Mission` (`id`, `companyName`, `name`, `role`, `skillSet_id`) VALUES ('11457', '346c3340-3f09-4baa-9563-f078999ab1a2', '28663c53-7e20-45d3-a3c9-62ab6ed31fb0', 'SeniorSoftwareEngineer', '11457');
INSERT INTO `SkillSet` (`id`) VALUES ('11458');
INSERT INTO `SkillSet_skills` (`SkillSet_id`, `skills`) VALUES ('11458', 'Java');
INSERT INTO `Mission` (`id`, `companyName`, `name`, `role`, `skillSet_id`) VALUES ('11458', '78660ae1-bbce-45de-90c0-3ad2f68a2be0', '06572b52-55c4-41a1-8b13-b30326f4413c', 'SeniorSoftwareEngineer', '11458');
INSERT INTO `SkillSet` (`id`) VALUES ('11459');
INSERT INTO `SkillSet_skills` (`SkillSet_id`, `skills`) VALUES ('11459', 'Ant');
INSERT INTO `SkillSet_skills` (`SkillSet_id`, `skills`) VALUES ('11459', 'UITesting');
INSERT INTO `SkillSet_skills` (`SkillSet_id`, `skills`) VALUES ('11459', 'Architektur');
INSERT INTO `SkillSet_skills` (`SkillSet_id`, `skills`) VALUES ('11459', 'Gradle');
INSERT INTO `Mission` (`id`, `companyName`, `name`, `role`, `skillSet_id`) VALUES ('11459', '493cba74-92cb-4367-b10f-84521846caed', '0a9a4d89-6dc7-4383-80fe-99732575fa4d', 'LeadEngineer', '11459');
INSERT INTO `SkillSet` (`id`) VALUES ('11460');
INSERT INTO `SkillSet_skills` (`SkillSet_id`, `skills`) VALUES ('11460', 'Ant');
INSERT INTO `Mission` (`id`, `companyName`, `name`, `role`, `skillSet_id`) VALUES ('11460', 'c3c72086-b693-4143-9a1f-7793957ba04c', 'db68570e-3b2c-4f42-9941-8a735269eca6', 'JuniorSoftwareEngineer', '11460');
INSERT INTO `SkillSet` (`id`) VALUES ('11461');
INSERT INTO `SkillSet_skills` (`SkillSet_id`, `skills`) VALUES ('11461', 'Ant');
INSERT INTO `SkillSet_skills` (`SkillSet_id`, `skills`) VALUES ('11461', 'UITesting');
INSERT INTO `SkillSet_skills` (`SkillSet_id`, `skills`) VALUES ('11461', 'Maven');
INSERT INTO `SkillSet_skills` (`SkillSet_id`, `skills`) VALUES ('11461', 'Java');
INSERT INTO `Mission` (`id`, `companyName`, `name`, `role`, `skillSet_id`) VALUES ('11461', '71744114-239a-44c3-995b-69c0f02fea9a', '9db1cbe0-80f3-4d07-8ee6-211de708e380', 'LeadEngineer', '11461');
INSERT INTO `SkillSet` (`id`) VALUES ('11462');
INSERT INTO `SkillSet_skills` (`SkillSet_id`, `skills`) VALUES ('11462', 'Architektur');
INSERT INTO `SkillSet_skills` (`SkillSet_id`, `skills`) VALUES ('11462', 'SQL');
INSERT INTO `SkillSet_skills` (`SkillSet_id`, `skills`) VALUES ('11462', 'Java');
INSERT INTO `SkillSet_skills` (`SkillSet_id`, `skills`) VALUES ('11462', 'Java');
INSERT INTO `SkillSet_skills` (`SkillSet_id`, `skills`) VALUES ('11462', 'UITesting');
INSERT INTO `Mission` (`id`, `companyName`, `name`, `role`, `skillSet_id`) VALUES ('11462', '72e20055-b7e7-4ce1-a3c4-a349c7f2bf55', '34c02d1e-5937-4a15-9328-804be300386f', 'PrincipalConsultant', '11462');
INSERT INTO `SkillSet` (`id`) VALUES ('11463');
INSERT INTO `SkillSet_skills` (`SkillSet_id`, `skills`) VALUES ('11463', 'Ant');
INSERT INTO `SkillSet_skills` (`SkillSet_id`, `skills`) VALUES ('11463', 'Gradle');
INSERT INTO `SkillSet_skills` (`SkillSet_id`, `skills`) VALUES ('11463', 'Maven');
INSERT INTO `Mission` (`id`, `companyName`, `name`, `role`, `skillSet_id`) VALUES ('11463', '1790d0c0-4db5-490f-ba7f-1c1d146b7dfe', '2a84cbcd-a108-4345-8e96-819a7868cd15', 'LeadEngineer', '11463');
INSERT INTO `SkillSet` (`id`) VALUES ('11464');
INSERT INTO `SkillSet_skills` (`SkillSet_id`, `skills`) VALUES ('11464', 'UnitTesting');
INSERT INTO `SkillSet_skills` (`SkillSet_id`, `skills`) VALUES ('11464', 'dotNet');
INSERT INTO `SkillSet_skills` (`SkillSet_id`, `skills`) VALUES ('11464', 'dotNet');
INSERT INTO `Mission` (`id`, `companyName`, `name`, `role`, `skillSet_id`) VALUES ('11464', '5cf2dc6f-36a4-436f-a260-a4068fb2f950', 'b6815ceb-3625-497b-b16f-4a33175b9766', 'JuniorSoftwareEngineer', '11464');
INSERT INTO `SkillSet` (`id`) VALUES ('11465');
INSERT INTO `SkillSet_skills` (`SkillSet_id`, `skills`) VALUES ('11465', 'Maven');
INSERT INTO `SkillSet_skills` (`SkillSet_id`, `skills`) VALUES ('11465', 'Architektur');
INSERT INTO `SkillSet_skills` (`SkillSet_id`, `skills`) VALUES ('11465', 'Architektur');
INSERT INTO `SkillSet_skills` (`SkillSet_id`, `skills`) VALUES ('11465', 'dotNet');
INSERT INTO `SkillSet_skills` (`SkillSet_id`, `skills`) VALUES ('11465', 'Gradle');
INSERT INTO `Mission` (`id`, `companyName`, `name`, `role`, `skillSet_id`) VALUES ('11465', 'a2359b31-8b1e-4332-9891-6a760b377e8f', '505287be-aec6-40ae-b95d-efdc6a82e16c', 'JuniorSoftwareEngineer', '11465');
INSERT INTO `SkillSet` (`id`) VALUES ('11466');
INSERT INTO `SkillSet_skills` (`SkillSet_id`, `skills`) VALUES ('11466', 'Maven');
INSERT INTO `Mission` (`id`, `companyName`, `name`, `role`, `skillSet_id`) VALUES ('11466', 'd0da9718-83b4-4a94-9328-e05cf62c5c64', '59566a39-7370-417d-9891-d481180a1fab', 'SeniorSoftwareEngineer', '11466');
INSERT INTO `SkillSet` (`id`) VALUES ('11467');
INSERT INTO `SkillSet_skills` (`SkillSet_id`, `skills`) VALUES ('11467', 'UnitTesting');
INSERT INTO `SkillSet_skills` (`SkillSet_id`, `skills`) VALUES ('11467', 'Gradle');
INSERT INTO `Mission` (`id`, `companyName`, `name`, `role`, `skillSet_id`) VALUES ('11467', '54e622c2-ff7a-43f8-8954-03d023018d9a', 'c098c267-ae74-4e17-831d-81075c34d6c4', 'JuniorSoftwareEngineer', '11467');
INSERT INTO `SkillSet` (`id`) VALUES ('11468');
INSERT INTO `SkillSet_skills` (`SkillSet_id`, `skills`) VALUES ('11468', 'UITesting');
INSERT INTO `SkillSet_skills` (`SkillSet_id`, `skills`) VALUES ('11468', 'Architektur');
INSERT INTO `SkillSet_skills` (`SkillSet_id`, `skills`) VALUES ('11468', 'Architektur');
INSERT INTO `SkillSet_skills` (`SkillSet_id`, `skills`) VALUES ('11468', 'UnitTesting');
INSERT INTO `Mission` (`id`, `companyName`, `name`, `role`, `skillSet_id`) VALUES ('11468', 'b18174be-d88e-422f-b2af-99c2068261db', '932e71d3-8b20-4737-baa8-4d42a184a140', 'SeniorSoftwareEngineer', '11468');
INSERT INTO `SkillSet` (`id`) VALUES ('11469');
INSERT INTO `SkillSet_skills` (`SkillSet_id`, `skills`) VALUES ('11469', 'Java');
INSERT INTO `SkillSet_skills` (`SkillSet_id`, `skills`) VALUES ('11469', 'UITesting');
INSERT INTO `SkillSet_skills` (`SkillSet_id`, `skills`) VALUES ('11469', 'SQL');
INSERT INTO `SkillSet_skills` (`SkillSet_id`, `skills`) VALUES ('11469', 'UITesting');
INSERT INTO `SkillSet_skills` (`SkillSet_id`, `skills`) VALUES ('11469', 'Java');
INSERT INTO `Mission` (`id`, `companyName`, `name`, `role`, `skillSet_id`) VALUES ('11469', '4d239acc-2889-4272-8ac9-8e295ef270e4', '3435c638-aae0-4b6f-b6cd-b8cae1da913f', 'SoftwareEngineer', '11469');
INSERT INTO `SkillSet` (`id`) VALUES ('11470');
INSERT INTO `SkillSet_skills` (`SkillSet_id`, `skills`) VALUES ('11470', 'Ant');
INSERT INTO `SkillSet_skills` (`SkillSet_id`, `skills`) VALUES ('11470', 'UITesting');
INSERT INTO `SkillSet_skills` (`SkillSet_id`, `skills`) VALUES ('11470', 'Java');
INSERT INTO `Mission` (`id`, `companyName`, `name`, `role`, `skillSet_id`) VALUES ('11470', 'fc75f199-57e8-4864-96ad-4155bbb0b0e0', 'dfcf725d-7b22-4f89-9700-438471594672', 'LeadSoftwareArchitect', '11470');
INSERT INTO `SkillSet` (`id`) VALUES ('11471');
INSERT INTO `SkillSet_skills` (`SkillSet_id`, `skills`) VALUES ('11471', 'Maven');
INSERT INTO `SkillSet_skills` (`SkillSet_id`, `skills`) VALUES ('11471', 'Architektur');
INSERT INTO `SkillSet_skills` (`SkillSet_id`, `skills`) VALUES ('11471', 'Ant');
INSERT INTO `Mission` (`id`, `companyName`, `name`, `role`, `skillSet_id`) VALUES ('11471', '26013a9b-1eae-47ee-9f35-53a834283db3', '1f0e54c2-fbb8-4970-a008-75f03cf801b3', 'SeniorSoftwareEngineer', '11471');
INSERT INTO `SkillSet` (`id`) VALUES ('11472');
INSERT INTO `SkillSet_skills` (`SkillSet_id`, `skills`) VALUES ('11472', 'UnitTesting');
INSERT INTO `SkillSet_skills` (`SkillSet_id`, `skills`) VALUES ('11472', 'Architektur');
INSERT INTO `SkillSet_skills` (`SkillSet_id`, `skills`) VALUES ('11472', 'Ant');
INSERT INTO `SkillSet_skills` (`SkillSet_id`, `skills`) VALUES ('11472', 'UITesting');
INSERT INTO `Mission` (`id`, `companyName`, `name`, `role`, `skillSet_id`) VALUES ('11472', 'c4323648-c0c3-4d52-8a6c-7873bb2adc02', '8959df8a-0eb4-43f9-bdde-15dcf0ea19bf', 'SoftwareEngineer', '11472');
INSERT INTO `SkillSet` (`id`) VALUES ('11473');
INSERT INTO `SkillSet_skills` (`SkillSet_id`, `skills`) VALUES ('11473', 'Gradle');
INSERT INTO `SkillSet_skills` (`SkillSet_id`, `skills`) VALUES ('11473', 'Gradle');
INSERT INTO `SkillSet_skills` (`SkillSet_id`, `skills`) VALUES ('11473', 'dotNet');
INSERT INTO `SkillSet_skills` (`SkillSet_id`, `skills`) VALUES ('11473', 'Ant');
INSERT INTO `Mission` (`id`, `companyName`, `name`, `role`, `skillSet_id`) VALUES ('11473', '4ae22d75-bc16-4d33-9b57-4e4d4543f14c', '60a16e8e-0bae-4811-9bc1-fbaa16c5631e', 'SeniorSoftwareEngineer', '11473');
INSERT INTO `SkillSet` (`id`) VALUES ('11474');
INSERT INTO `SkillSet_skills` (`SkillSet_id`, `skills`) VALUES ('11474', 'UITesting');
INSERT INTO `SkillSet_skills` (`SkillSet_id`, `skills`) VALUES ('11474', 'Java');
INSERT INTO `SkillSet_skills` (`SkillSet_id`, `skills`) VALUES ('11474', 'dotNet');
INSERT INTO `SkillSet_skills` (`SkillSet_id`, `skills`) VALUES ('11474', 'Architektur');
INSERT INTO `Mission` (`id`, `companyName`, `name`, `role`, `skillSet_id`) VALUES ('11474', '4993be3f-774f-4fd6-8e80-7b1c272532ca', '5c852cf4-a50b-4396-8ae0-0348d1206d10', 'PrincipalConsultant', '11474');
INSERT INTO `SkillSet` (`id`) VALUES ('11475');
INSERT INTO `SkillSet_skills` (`SkillSet_id`, `skills`) VALUES ('11475', 'Maven');
INSERT INTO `SkillSet_skills` (`SkillSet_id`, `skills`) VALUES ('11475', 'SQL');
INSERT INTO `SkillSet_skills` (`SkillSet_id`, `skills`) VALUES ('11475', 'UITesting');
INSERT INTO `Mission` (`id`, `companyName`, `name`, `role`, `skillSet_id`) VALUES ('11475', '8c8c901f-aaf9-43d8-b998-404fafa608f7', 'fb515ebb-4fcf-4e37-bad3-3e2aba65f2bf', 'PrincipalConsultant', '11475');
INSERT INTO `SkillSet` (`id`) VALUES ('11476');
INSERT INTO `SkillSet_skills` (`SkillSet_id`, `skills`) VALUES ('11476', 'Java');
INSERT INTO `SkillSet_skills` (`SkillSet_id`, `skills`) VALUES ('11476', 'Ant');
INSERT INTO `SkillSet_skills` (`SkillSet_id`, `skills`) VALUES ('11476', 'Java');
INSERT INTO `SkillSet_skills` (`SkillSet_id`, `skills`) VALUES ('11476', 'dotNet');
INSERT INTO `Mission` (`id`, `companyName`, `name`, `role`, `skillSet_id`) VALUES ('11476', 'b936335d-b264-4f2c-bf8f-3aa0445f766b', '1dbe4b13-3ab6-4fd9-a16b-e8e69c0ef1fc', 'LeadSoftwareArchitect', '11476');
INSERT INTO `SkillSet` (`id`) VALUES ('11477');
INSERT INTO `SkillSet_skills` (`SkillSet_id`, `skills`) VALUES ('11477', 'Ant');
INSERT INTO `SkillSet_skills` (`SkillSet_id`, `skills`) VALUES ('11477', 'Architektur');
INSERT INTO `SkillSet_skills` (`SkillSet_id`, `skills`) VALUES ('11477', 'Java');
INSERT INTO `SkillSet_skills` (`SkillSet_id`, `skills`) VALUES ('11477', 'Ant');
INSERT INTO `Mission` (`id`, `companyName`, `name`, `role`, `skillSet_id`) VALUES ('11477', '3c01c049-2dfc-4095-ad09-799b83d1e8dc', 'e258a4ae-d820-4853-93b5-a38eb6af3656', 'SoftwareEngineer', '11477');
INSERT INTO `SkillSet` (`id`) VALUES ('11478');
INSERT INTO `SkillSet_skills` (`SkillSet_id`, `skills`) VALUES ('11478', 'UnitTesting');
INSERT INTO `SkillSet_skills` (`SkillSet_id`, `skills`) VALUES ('11478', 'Gradle');
INSERT INTO `SkillSet_skills` (`SkillSet_id`, `skills`) VALUES ('11478', 'UITesting');
INSERT INTO `SkillSet_skills` (`SkillSet_id`, `skills`) VALUES ('11478', 'Java');
INSERT INTO `SkillSet_skills` (`SkillSet_id`, `skills`) VALUES ('11478', 'Java');
INSERT INTO `Mission` (`id`, `companyName`, `name`, `role`, `skillSet_id`) VALUES ('11478', 'ec1e7385-0349-4cb3-9a25-fc157dd6f401', '7fd7782a-d4ec-471d-8585-8b0340c4ead5', 'SoftwareEngineer', '11478');
INSERT INTO `SkillSet` (`id`) VALUES ('11479');
INSERT INTO `SkillSet_skills` (`SkillSet_id`, `skills`) VALUES ('11479', 'Gradle');
INSERT INTO `SkillSet_skills` (`SkillSet_id`, `skills`) VALUES ('11479', 'Architektur');
INSERT INTO `SkillSet_skills` (`SkillSet_id`, `skills`) VALUES ('11479', 'UITesting');
INSERT INTO `SkillSet_skills` (`SkillSet_id`, `skills`) VALUES ('11479', 'Architektur');
INSERT INTO `SkillSet_skills` (`SkillSet_id`, `skills`) VALUES ('11479', 'UITesting');
INSERT INTO `Mission` (`id`, `companyName`, `name`, `role`, `skillSet_id`) VALUES ('11479', 'f7e29ec2-fca3-4870-98ff-466856578687', '8f838162-8e82-4988-9f64-1b91b118828d', 'PrincipalConsultant', '11479');
INSERT INTO `SkillSet` (`id`) VALUES ('11480');
INSERT INTO `SkillSet_skills` (`SkillSet_id`, `skills`) VALUES ('11480', 'Ant');
INSERT INTO `SkillSet_skills` (`SkillSet_id`, `skills`) VALUES ('11480', 'Gradle');
INSERT INTO `SkillSet_skills` (`SkillSet_id`, `skills`) VALUES ('11480', 'Java');
INSERT INTO `SkillSet_skills` (`SkillSet_id`, `skills`) VALUES ('11480', 'Maven');
INSERT INTO `SkillSet_skills` (`SkillSet_id`, `skills`) VALUES ('11480', 'Gradle');
INSERT INTO `Mission` (`id`, `companyName`, `name`, `role`, `skillSet_id`) VALUES ('11480', '9dd3d34e-8908-4f3a-b12b-e28eaddb61a2', 'dd17673c-3716-48c0-9cbd-3364788718c7', 'JuniorSoftwareEngineer', '11480');
INSERT INTO `SkillSet` (`id`) VALUES ('11481');
INSERT INTO `SkillSet_skills` (`SkillSet_id`, `skills`) VALUES ('11481', 'SQL');
INSERT INTO `Mission` (`id`, `companyName`, `name`, `role`, `skillSet_id`) VALUES ('11481', '25500db7-0a0c-44f6-922b-5dd799317908', '424b7d76-054b-40ad-b003-410af7a04573', 'SeniorSoftwareEngineer', '11481');
INSERT INTO `SkillSet` (`id`) VALUES ('11482');
INSERT INTO `SkillSet_skills` (`SkillSet_id`, `skills`) VALUES ('11482', 'Architektur');
INSERT INTO `SkillSet_skills` (`SkillSet_id`, `skills`) VALUES ('11482', 'Ant');
INSERT INTO `SkillSet_skills` (`SkillSet_id`, `skills`) VALUES ('11482', 'Maven');
INSERT INTO `Mission` (`id`, `companyName`, `name`, `role`, `skillSet_id`) VALUES ('11482', '0692cf00-be7a-4562-b791-723cb20c580e', 'c78233bc-4520-41a3-839e-f60977cf1ddb', 'PrincipalConsultant', '11482');
INSERT INTO `SkillSet` (`id`) VALUES ('11483');
INSERT INTO `SkillSet_skills` (`SkillSet_id`, `skills`) VALUES ('11483', 'Maven');
INSERT INTO `SkillSet_skills` (`SkillSet_id`, `skills`) VALUES ('11483', 'Ant');
INSERT INTO `SkillSet_skills` (`SkillSet_id`, `skills`) VALUES ('11483', 'Ant');
INSERT INTO `SkillSet_skills` (`SkillSet_id`, `skills`) VALUES ('11483', 'Architektur');
INSERT INTO `Mission` (`id`, `companyName`, `name`, `role`, `skillSet_id`) VALUES ('11483', 'b70716c9-9341-4c87-9050-0e064eb2012b', '99b9e837-6ca8-47a8-bba4-b547eb1f2ccb', 'SeniorSoftwareEngineer', '11483');
INSERT INTO `SkillSet` (`id`) VALUES ('11484');
INSERT INTO `SkillSet_skills` (`SkillSet_id`, `skills`) VALUES ('11484', 'Architektur');
INSERT INTO `SkillSet_skills` (`SkillSet_id`, `skills`) VALUES ('11484', 'Gradle');
INSERT INTO `Mission` (`id`, `companyName`, `name`, `role`, `skillSet_id`) VALUES ('11484', '513519d6-e04b-485b-a04f-b9b77919cb74', '16d7cbdb-e850-4a91-86a4-e18ba02e72bf', 'SoftwareEngineer', '11484');
INSERT INTO `SkillSet` (`id`) VALUES ('11485');
INSERT INTO `SkillSet_skills` (`SkillSet_id`, `skills`) VALUES ('11485', 'Architektur');
INSERT INTO `Mission` (`id`, `companyName`, `name`, `role`, `skillSet_id`) VALUES ('11485', '8041dfbd-16d0-41a1-9f30-ca750c2b0618', '30508345-fc09-49e4-aabf-e1ac1de0e424', 'JuniorSoftwareEngineer', '11485');
INSERT INTO `SkillSet` (`id`) VALUES ('11486');
INSERT INTO `SkillSet_skills` (`SkillSet_id`, `skills`) VALUES ('11486', 'SQL');
INSERT INTO `SkillSet_skills` (`SkillSet_id`, `skills`) VALUES ('11486', 'dotNet');
INSERT INTO `Mission` (`id`, `companyName`, `name`, `role`, `skillSet_id`) VALUES ('11486', '34dc83db-8965-4e5a-bd26-440b0cafc84b', 'cdf00f5f-a64c-4e1a-aea6-5b50af1a6224', 'SeniorSoftwareEngineer', '11486');
INSERT INTO `SkillSet` (`id`) VALUES ('11487');
INSERT INTO `SkillSet_skills` (`SkillSet_id`, `skills`) VALUES ('11487', 'Gradle');
INSERT INTO `Mission` (`id`, `companyName`, `name`, `role`, `skillSet_id`) VALUES ('11487', '1e2d8185-858a-4fca-a727-ce36be12ce21', '51457090-21da-4767-8533-dc0865940ed9', 'SoftwareEngineer', '11487');
INSERT INTO `SkillSet` (`id`) VALUES ('11488');
INSERT INTO `SkillSet_skills` (`SkillSet_id`, `skills`) VALUES ('11488', 'dotNet');
INSERT INTO `SkillSet_skills` (`SkillSet_id`, `skills`) VALUES ('11488', 'dotNet');
INSERT INTO `Mission` (`id`, `companyName`, `name`, `role`, `skillSet_id`) VALUES ('11488', '05618b1a-df47-4634-916b-48596b7d86dd', 'a8ac46b8-db17-49ea-b4f5-055619a06984', 'JuniorSoftwareEngineer', '11488');
INSERT INTO `SkillSet` (`id`) VALUES ('11489');
INSERT INTO `SkillSet_skills` (`SkillSet_id`, `skills`) VALUES ('11489', 'dotNet');
INSERT INTO `Mission` (`id`, `companyName`, `name`, `role`, `skillSet_id`) VALUES ('11489', 'c759b64f-f859-46a8-a284-5a5f406761ad', 'ae92f1c1-dbbd-4566-abb0-03e816b2417d', 'SeniorSoftwareEngineer', '11489');
INSERT INTO `SkillSet` (`id`) VALUES ('11490');
INSERT INTO `SkillSet_skills` (`SkillSet_id`, `skills`) VALUES ('11490', 'Java');
INSERT INTO `SkillSet_skills` (`SkillSet_id`, `skills`) VALUES ('11490', 'UITesting');
INSERT INTO `SkillSet_skills` (`SkillSet_id`, `skills`) VALUES ('11490', 'UnitTesting');
INSERT INTO `SkillSet_skills` (`SkillSet_id`, `skills`) VALUES ('11490', 'dotNet');
INSERT INTO `SkillSet_skills` (`SkillSet_id`, `skills`) VALUES ('11490', 'Maven');
INSERT INTO `Mission` (`id`, `companyName`, `name`, `role`, `skillSet_id`) VALUES ('11490', 'ed34c59a-4257-4aa8-99d3-d8101f3dfd7c', '2665a111-2ca2-4b2d-9b56-4c0b713b44e3', 'LeadEngineer', '11490');
INSERT INTO `SkillSet` (`id`) VALUES ('11491');
INSERT INTO `SkillSet_skills` (`SkillSet_id`, `skills`) VALUES ('11491', 'Ant');
INSERT INTO `SkillSet_skills` (`SkillSet_id`, `skills`) VALUES ('11491', 'UITesting');
INSERT INTO `SkillSet_skills` (`SkillSet_id`, `skills`) VALUES ('11491', 'Ant');
INSERT INTO `SkillSet_skills` (`SkillSet_id`, `skills`) VALUES ('11491', 'Java');
INSERT INTO `SkillSet_skills` (`SkillSet_id`, `skills`) VALUES ('11491', 'dotNet');
INSERT INTO `Mission` (`id`, `companyName`, `name`, `role`, `skillSet_id`) VALUES ('11491', '1b3aae99-7fcd-4979-b7d7-57313124e1ce', 'bacceaf1-40d2-4f19-a253-c276aae3229b', 'SeniorSoftwareEngineer', '11491');
INSERT INTO `SkillSet` (`id`) VALUES ('11492');
INSERT INTO `SkillSet_skills` (`SkillSet_id`, `skills`) VALUES ('11492', 'SQL');
INSERT INTO `SkillSet_skills` (`SkillSet_id`, `skills`) VALUES ('11492', 'Java');
INSERT INTO `SkillSet_skills` (`SkillSet_id`, `skills`) VALUES ('11492', 'UITesting');
INSERT INTO `Mission` (`id`, `companyName`, `name`, `role`, `skillSet_id`) VALUES ('11492', '97a50e0f-7cd2-40c9-9fac-9aaaa1093ec8', '51a01a9c-896c-46a1-b993-e91344fe097c', 'PrincipalConsultant', '11492');
INSERT INTO `SkillSet` (`id`) VALUES ('11493');
INSERT INTO `SkillSet_skills` (`SkillSet_id`, `skills`) VALUES ('11493', 'Java');
INSERT INTO `SkillSet_skills` (`SkillSet_id`, `skills`) VALUES ('11493', 'Maven');
INSERT INTO `SkillSet_skills` (`SkillSet_id`, `skills`) VALUES ('11493', 'UnitTesting');
INSERT INTO `SkillSet_skills` (`SkillSet_id`, `skills`) VALUES ('11493', 'Java');
INSERT INTO `Mission` (`id`, `companyName`, `name`, `role`, `skillSet_id`) VALUES ('11493', 'd23d0860-c425-4924-9ae8-bd9ea17fe56b', '2dc3c632-086b-4f24-b7e9-1315482aa926', 'PrincipalConsultant', '11493');
INSERT INTO `SkillSet` (`id`) VALUES ('11494');
INSERT INTO `SkillSet_skills` (`SkillSet_id`, `skills`) VALUES ('11494', 'Ant');
INSERT INTO `SkillSet_skills` (`SkillSet_id`, `skills`) VALUES ('11494', 'Gradle');
INSERT INTO `Mission` (`id`, `companyName`, `name`, `role`, `skillSet_id`) VALUES ('11494', 'c1555aaa-1e1a-4c1b-9baa-926ed4a07909', '1029f6f6-eb42-48c6-affd-38981c4fecbf', 'PrincipalConsultant', '11494');
INSERT INTO `SkillSet` (`id`) VALUES ('11495');
INSERT INTO `SkillSet_skills` (`SkillSet_id`, `skills`) VALUES ('11495', 'Architektur');
INSERT INTO `SkillSet_skills` (`SkillSet_id`, `skills`) VALUES ('11495', 'Maven');
INSERT INTO `Mission` (`id`, `companyName`, `name`, `role`, `skillSet_id`) VALUES ('11495', 'bacf6c7a-0120-4eb4-9487-7bede9924a38', '828562e5-79a4-415e-a1f0-22845c20acb1', 'JuniorSoftwareEngineer', '11495');
INSERT INTO `SkillSet` (`id`) VALUES ('11496');
INSERT INTO `SkillSet_skills` (`SkillSet_id`, `skills`) VALUES ('11496', 'UITesting');
INSERT INTO `Mission` (`id`, `companyName`, `name`, `role`, `skillSet_id`) VALUES ('11496', 'b30abb51-76dc-4289-a735-95687271d6db', 'f1579154-2afa-4eac-8c83-fd4107e1fc96', 'LeadSoftwareArchitect', '11496');
INSERT INTO `SkillSet` (`id`) VALUES ('11497');
INSERT INTO `SkillSet_skills` (`SkillSet_id`, `skills`) VALUES ('11497', 'Java');
INSERT INTO `SkillSet_skills` (`SkillSet_id`, `skills`) VALUES ('11497', 'dotNet');
INSERT INTO `SkillSet_skills` (`SkillSet_id`, `skills`) VALUES ('11497', 'Maven');
INSERT INTO `SkillSet_skills` (`SkillSet_id`, `skills`) VALUES ('11497', 'Ant');
INSERT INTO `Mission` (`id`, `companyName`, `name`, `role`, `skillSet_id`) VALUES ('11497', '65a8c606-742e-42f2-90ba-714b48bceb06', 'f9ae4ee1-cc3b-4a68-ad9d-15748219c4be', 'SeniorSoftwareEngineer', '11497');
INSERT INTO `SkillSet` (`id`) VALUES ('11498');
INSERT INTO `SkillSet_skills` (`SkillSet_id`, `skills`) VALUES ('11498', 'SQL');
INSERT INTO `SkillSet_skills` (`SkillSet_id`, `skills`) VALUES ('11498', 'Gradle');
INSERT INTO `SkillSet_skills` (`SkillSet_id`, `skills`) VALUES ('11498', 'Ant');
INSERT INTO `Mission` (`id`, `companyName`, `name`, `role`, `skillSet_id`) VALUES ('11498', '33113400-9444-4a7f-b065-595bc0e6fc67', '665f6204-26ef-44ce-8b3c-69806dbc301f', 'SeniorSoftwareEngineer', '11498');
INSERT INTO `SkillSet` (`id`) VALUES ('11499');
INSERT INTO `SkillSet_skills` (`SkillSet_id`, `skills`) VALUES ('11499', 'UITesting');
INSERT INTO `Mission` (`id`, `companyName`, `name`, `role`, `skillSet_id`) VALUES ('11499', 'fd7e006e-8615-46ab-9822-0ec5e7520ce6', 'c67c00f1-4626-4786-bef0-a04699e688a0', 'PrincipalConsultant', '11499');
INSERT INTO `SkillSet` (`id`) VALUES ('11500');
INSERT INTO `SkillSet_skills` (`SkillSet_id`, `skills`) VALUES ('11500', 'SQL');
INSERT INTO `SkillSet_skills` (`SkillSet_id`, `skills`) VALUES ('11500', 'Java');
INSERT INTO `Mission` (`id`, `companyName`, `name`, `role`, `skillSet_id`) VALUES ('11500', 'f21dc8b2-5697-4b33-9839-acabf8984834', '4baf0d18-c9a8-4c0d-94d3-692db5f7c799', 'PrincipalConsultant', '11500');
INSERT INTO `SkillSet` (`id`) VALUES ('11501');
INSERT INTO `SkillSet_skills` (`SkillSet_id`, `skills`) VALUES ('11501', 'Java');
INSERT INTO `SkillSet_skills` (`SkillSet_id`, `skills`) VALUES ('11501', 'Gradle');
INSERT INTO `SkillSet_skills` (`SkillSet_id`, `skills`) VALUES ('11501', 'UITesting');
INSERT INTO `Mission` (`id`, `companyName`, `name`, `role`, `skillSet_id`) VALUES ('11501', '4b70317b-bc1e-406d-b2c3-ffd98926201e', '8e31865d-135b-4411-afe4-3f2b2d87677f', 'JuniorSoftwareEngineer', '11501');
INSERT INTO `SkillSet` (`id`) VALUES ('11502');
INSERT INTO `SkillSet_skills` (`SkillSet_id`, `skills`) VALUES ('11502', 'UITesting');
INSERT INTO `Mission` (`id`, `companyName`, `name`, `role`, `skillSet_id`) VALUES ('11502', '2a286969-a112-42c5-9174-0c1e3775991e', '95fa3139-c77a-4bd8-b344-d6632f47d8a0', 'LeadEngineer', '11502');
INSERT INTO `SkillSet` (`id`) VALUES ('11503');
INSERT INTO `SkillSet_skills` (`SkillSet_id`, `skills`) VALUES ('11503', 'Java');
INSERT INTO `SkillSet_skills` (`SkillSet_id`, `skills`) VALUES ('11503', 'Gradle');
INSERT INTO `Mission` (`id`, `companyName`, `name`, `role`, `skillSet_id`) VALUES ('11503', '2df86dbd-9602-4540-bd2d-afb065ee7cfc', '95958417-12aa-44aa-9b0e-7126cb759638', 'SeniorSoftwareEngineer', '11503');
INSERT INTO `SkillSet` (`id`) VALUES ('11504');
INSERT INTO `SkillSet_skills` (`SkillSet_id`, `skills`) VALUES ('11504', 'dotNet');
INSERT INTO `Mission` (`id`, `companyName`, `name`, `role`, `skillSet_id`) VALUES ('11504', '1876c37f-6c3f-45b2-bf06-f099ff11d3c3', 'd8752309-56b9-4f6d-9378-1e47062bb895', 'SoftwareEngineer', '11504');
INSERT INTO `SkillSet` (`id`) VALUES ('11505');
INSERT INTO `SkillSet_skills` (`SkillSet_id`, `skills`) VALUES ('11505', 'Architektur');
INSERT INTO `SkillSet_skills` (`SkillSet_id`, `skills`) VALUES ('11505', 'Java');
INSERT INTO `SkillSet_skills` (`SkillSet_id`, `skills`) VALUES ('11505', 'Gradle');
INSERT INTO `Mission` (`id`, `companyName`, `name`, `role`, `skillSet_id`) VALUES ('11505', 'ef21765b-49bc-4b2a-b87f-8493d441b510', '837f18a5-f446-475e-9284-3d76da1e2670', 'LeadEngineer', '11505');
INSERT INTO `SkillSet` (`id`) VALUES ('11506');
INSERT INTO `SkillSet_skills` (`SkillSet_id`, `skills`) VALUES ('11506', 'dotNet');
INSERT INTO `SkillSet_skills` (`SkillSet_id`, `skills`) VALUES ('11506', 'Maven');
INSERT INTO `SkillSet_skills` (`SkillSet_id`, `skills`) VALUES ('11506', 'dotNet');
INSERT INTO `SkillSet_skills` (`SkillSet_id`, `skills`) VALUES ('11506', 'UITesting');
INSERT INTO `Mission` (`id`, `companyName`, `name`, `role`, `skillSet_id`) VALUES ('11506', '9af2d53a-3873-41a1-babd-2fb8eb1bf2d6', '30f3095e-5c96-4f87-ba83-52fb19aa46b2', 'LeadSoftwareArchitect', '11506');
INSERT INTO `SkillSet` (`id`) VALUES ('11507');
INSERT INTO `SkillSet_skills` (`SkillSet_id`, `skills`) VALUES ('11507', 'UnitTesting');
INSERT INTO `Mission` (`id`, `companyName`, `name`, `role`, `skillSet_id`) VALUES ('11507', 'd09483f9-10d0-4b56-80cd-0e59afdd3329', '685163c2-29d6-48da-aac9-c85a5b36ac04', 'PrincipalConsultant', '11507');
INSERT INTO `SkillSet` (`id`) VALUES ('11508');
INSERT INTO `SkillSet_skills` (`SkillSet_id`, `skills`) VALUES ('11508', 'UnitTesting');
INSERT INTO `Mission` (`id`, `companyName`, `name`, `role`, `skillSet_id`) VALUES ('11508', 'e36d964c-87ee-4a3a-a796-21c0ec1f72f1', '3af6eea4-e659-4984-8e59-cec7e989b25b', 'SoftwareEngineer', '11508');
INSERT INTO `SkillSet` (`id`) VALUES ('11509');
INSERT INTO `SkillSet_skills` (`SkillSet_id`, `skills`) VALUES ('11509', 'UnitTesting');
INSERT INTO `SkillSet_skills` (`SkillSet_id`, `skills`) VALUES ('11509', 'Maven');
INSERT INTO `SkillSet_skills` (`SkillSet_id`, `skills`) VALUES ('11509', 'dotNet');
INSERT INTO `Mission` (`id`, `companyName`, `name`, `role`, `skillSet_id`) VALUES ('11509', 'c999d13d-ed90-427b-a856-8260ae35be80', '3e5311c9-618e-4f06-8690-5cee907d223f', 'PrincipalConsultant', '11509');
INSERT INTO `SkillSet` (`id`) VALUES ('11510');
INSERT INTO `SkillSet_skills` (`SkillSet_id`, `skills`) VALUES ('11510', 'UnitTesting');
INSERT INTO `SkillSet_skills` (`SkillSet_id`, `skills`) VALUES ('11510', 'UITesting');
INSERT INTO `Mission` (`id`, `companyName`, `name`, `role`, `skillSet_id`) VALUES ('11510', '1d045ef1-ec4f-490c-b993-af169434bc3d', '8b06a43b-0b93-4587-9d18-c0346969fa70', 'SoftwareEngineer', '11510');
INSERT INTO `SkillSet` (`id`) VALUES ('11511');
INSERT INTO `SkillSet_skills` (`SkillSet_id`, `skills`) VALUES ('11511', 'Architektur');
INSERT INTO `SkillSet_skills` (`SkillSet_id`, `skills`) VALUES ('11511', 'UITesting');
INSERT INTO `Mission` (`id`, `companyName`, `name`, `role`, `skillSet_id`) VALUES ('11511', 'efd3d881-356b-4e2e-b18e-2d6e83b0f080', 'b246a114-1c9a-4f97-bc73-e26ae4b95e66', 'PrincipalConsultant', '11511');
INSERT INTO `SkillSet` (`id`) VALUES ('11512');
INSERT INTO `SkillSet_skills` (`SkillSet_id`, `skills`) VALUES ('11512', 'SQL');
INSERT INTO `Mission` (`id`, `companyName`, `name`, `role`, `skillSet_id`) VALUES ('11512', '5670423a-c655-4d25-8eae-ccd9b75be444', '5444a845-5b5a-4b61-b2a1-dd72910e8ab6', 'LeadSoftwareArchitect', '11512');
INSERT INTO `SkillSet` (`id`) VALUES ('11513');
INSERT INTO `SkillSet_skills` (`SkillSet_id`, `skills`) VALUES ('11513', 'SQL');
INSERT INTO `SkillSet_skills` (`SkillSet_id`, `skills`) VALUES ('11513', 'Architektur');
INSERT INTO `SkillSet_skills` (`SkillSet_id`, `skills`) VALUES ('11513', 'dotNet');
INSERT INTO `Mission` (`id`, `companyName`, `name`, `role`, `skillSet_id`) VALUES ('11513', '8b74b2c6-2b75-42ac-a691-de93c40dc2c4', 'ada8c200-df97-4f35-8d2a-e35e88b2382c', 'LeadEngineer', '11513');
INSERT INTO `SkillSet` (`id`) VALUES ('11514');
INSERT INTO `SkillSet_skills` (`SkillSet_id`, `skills`) VALUES ('11514', 'Maven');
INSERT INTO `Mission` (`id`, `companyName`, `name`, `role`, `skillSet_id`) VALUES ('11514', '2e7d35f9-a581-408d-af6b-e11e00b2b685', 'af74e06c-5c45-4ead-9afa-926400bac823', 'SeniorSoftwareEngineer', '11514');
INSERT INTO `SkillSet` (`id`) VALUES ('11515');
INSERT INTO `SkillSet_skills` (`SkillSet_id`, `skills`) VALUES ('11515', 'Architektur');
INSERT INTO `SkillSet_skills` (`SkillSet_id`, `skills`) VALUES ('11515', 'Java');
INSERT INTO `SkillSet_skills` (`SkillSet_id`, `skills`) VALUES ('11515', 'Architektur');
INSERT INTO `SkillSet_skills` (`SkillSet_id`, `skills`) VALUES ('11515', 'dotNet');
INSERT INTO `SkillSet_skills` (`SkillSet_id`, `skills`) VALUES ('11515', 'UnitTesting');
INSERT INTO `Mission` (`id`, `companyName`, `name`, `role`, `skillSet_id`) VALUES ('11515', '3fa83787-d026-4cdd-ae45-9afbda6c9ca5', '4110e618-bce6-4817-98bc-536058e88a48', 'SeniorSoftwareEngineer', '11515');
INSERT INTO `SkillSet` (`id`) VALUES ('11516');
INSERT INTO `SkillSet_skills` (`SkillSet_id`, `skills`) VALUES ('11516', 'UnitTesting');
INSERT INTO `SkillSet_skills` (`SkillSet_id`, `skills`) VALUES ('11516', 'SQL');
INSERT INTO `SkillSet_skills` (`SkillSet_id`, `skills`) VALUES ('11516', 'Ant');
INSERT INTO `SkillSet_skills` (`SkillSet_id`, `skills`) VALUES ('11516', 'Java');
INSERT INTO `SkillSet_skills` (`SkillSet_id`, `skills`) VALUES ('11516', 'Java');
INSERT INTO `Mission` (`id`, `companyName`, `name`, `role`, `skillSet_id`) VALUES ('11516', 'cf5e453d-9cf8-44bb-9ea9-703af1760ca8', 'ff1e14ef-8a8a-4f98-80a1-ac368c1180f9', 'PrincipalConsultant', '11516');
INSERT INTO `SkillSet` (`id`) VALUES ('11517');
INSERT INTO `SkillSet_skills` (`SkillSet_id`, `skills`) VALUES ('11517', 'Architektur');
INSERT INTO `Mission` (`id`, `companyName`, `name`, `role`, `skillSet_id`) VALUES ('11517', 'e1597164-dd53-490b-849b-e8930f9c2381', '0de6785a-e306-4ee1-ae81-755864e681b5', 'LeadEngineer', '11517');
INSERT INTO `SkillSet` (`id`) VALUES ('11518');
INSERT INTO `SkillSet_skills` (`SkillSet_id`, `skills`) VALUES ('11518', 'dotNet');
INSERT INTO `Mission` (`id`, `companyName`, `name`, `role`, `skillSet_id`) VALUES ('11518', '3370fbad-ad84-422f-90cf-a91adbf1a13e', '299b4f83-b5c1-493b-b45d-aab76b65b1d4', 'SeniorSoftwareEngineer', '11518');
INSERT INTO `SkillSet` (`id`) VALUES ('11519');
INSERT INTO `SkillSet_skills` (`SkillSet_id`, `skills`) VALUES ('11519', 'Gradle');
INSERT INTO `SkillSet_skills` (`SkillSet_id`, `skills`) VALUES ('11519', 'SQL');
INSERT INTO `Mission` (`id`, `companyName`, `name`, `role`, `skillSet_id`) VALUES ('11519', 'f9f97f64-6efa-480e-9b6e-a1b1fbfa3ed1', '0f387b13-eca0-4bec-af9d-c85c0e567ab7', 'LeadSoftwareArchitect', '11519');
INSERT INTO `SkillSet` (`id`) VALUES ('11520');
INSERT INTO `SkillSet_skills` (`SkillSet_id`, `skills`) VALUES ('11520', 'UnitTesting');
INSERT INTO `SkillSet_skills` (`SkillSet_id`, `skills`) VALUES ('11520', 'Maven');
INSERT INTO `Mission` (`id`, `companyName`, `name`, `role`, `skillSet_id`) VALUES ('11520', '2869fbaf-3fec-49ba-8c1e-60969932e514', '2f286000-e920-4285-b98e-5ecaea66b8fb', 'PrincipalConsultant', '11520');
INSERT INTO `SkillSet` (`id`) VALUES ('11521');
INSERT INTO `SkillSet_skills` (`SkillSet_id`, `skills`) VALUES ('11521', 'Gradle');
INSERT INTO `SkillSet_skills` (`SkillSet_id`, `skills`) VALUES ('11521', 'UnitTesting');
INSERT INTO `SkillSet_skills` (`SkillSet_id`, `skills`) VALUES ('11521', 'Ant');
INSERT INTO `SkillSet_skills` (`SkillSet_id`, `skills`) VALUES ('11521', 'dotNet');
INSERT INTO `Mission` (`id`, `companyName`, `name`, `role`, `skillSet_id`) VALUES ('11521', 'fc05db59-4b64-41c2-afb3-fa1ba69b2a1e', '3614d2a2-c008-48af-8043-b87725aa7ee3', 'LeadEngineer', '11521');
INSERT INTO `SkillSet` (`id`) VALUES ('11522');
INSERT INTO `SkillSet_skills` (`SkillSet_id`, `skills`) VALUES ('11522', 'Gradle');
INSERT INTO `SkillSet_skills` (`SkillSet_id`, `skills`) VALUES ('11522', 'Architektur');
INSERT INTO `SkillSet_skills` (`SkillSet_id`, `skills`) VALUES ('11522', 'Java');
INSERT INTO `Mission` (`id`, `companyName`, `name`, `role`, `skillSet_id`) VALUES ('11522', '2998550d-5d8b-468e-96d3-d033502eceec', '378aab06-9120-49bd-8736-09c1f43aca71', 'SoftwareEngineer', '11522');
INSERT INTO `SkillSet` (`id`) VALUES ('11523');
INSERT INTO `SkillSet_skills` (`SkillSet_id`, `skills`) VALUES ('11523', 'Java');
INSERT INTO `SkillSet_skills` (`SkillSet_id`, `skills`) VALUES ('11523', 'Java');
INSERT INTO `SkillSet_skills` (`SkillSet_id`, `skills`) VALUES ('11523', 'dotNet');
INSERT INTO `SkillSet_skills` (`SkillSet_id`, `skills`) VALUES ('11523', 'UnitTesting');
INSERT INTO `SkillSet_skills` (`SkillSet_id`, `skills`) VALUES ('11523', 'Gradle');
INSERT INTO `Mission` (`id`, `companyName`, `name`, `role`, `skillSet_id`) VALUES ('11523', '20f6896b-5f8c-4e9f-9b51-51c8498417be', '6b33f34b-5fda-4f21-bd14-e2037e294247', 'JuniorSoftwareEngineer', '11523');
INSERT INTO `SkillSet` (`id`) VALUES ('11524');
INSERT INTO `SkillSet_skills` (`SkillSet_id`, `skills`) VALUES ('11524', 'UITesting');
INSERT INTO `SkillSet_skills` (`SkillSet_id`, `skills`) VALUES ('11524', 'UnitTesting');
INSERT INTO `SkillSet_skills` (`SkillSet_id`, `skills`) VALUES ('11524', 'SQL');
INSERT INTO `Mission` (`id`, `companyName`, `name`, `role`, `skillSet_id`) VALUES ('11524', '3ba34c9c-a7f2-401b-84e6-28818e5ae009', '44019220-40d2-4d44-bc57-287f664f4579', 'LeadSoftwareArchitect', '11524');
INSERT INTO `SkillSet` (`id`) VALUES ('11525');
INSERT INTO `SkillSet_skills` (`SkillSet_id`, `skills`) VALUES ('11525', 'Ant');
INSERT INTO `SkillSet_skills` (`SkillSet_id`, `skills`) VALUES ('11525', 'dotNet');
INSERT INTO `Mission` (`id`, `companyName`, `name`, `role`, `skillSet_id`) VALUES ('11525', '22fa5308-6696-490d-b4c6-d4106f596ed2', '1740bee7-ac29-4d13-b58a-455038154636', 'PrincipalConsultant', '11525');
INSERT INTO `SkillSet` (`id`) VALUES ('11526');
INSERT INTO `SkillSet_skills` (`SkillSet_id`, `skills`) VALUES ('11526', 'Java');
INSERT INTO `SkillSet_skills` (`SkillSet_id`, `skills`) VALUES ('11526', 'UITesting');
INSERT INTO `Mission` (`id`, `companyName`, `name`, `role`, `skillSet_id`) VALUES ('11526', '4e5613ea-b003-4363-800e-0baea1fd3cdc', '0d94405b-d1f4-41bd-b908-40e767ad35d5', 'SoftwareEngineer', '11526');
INSERT INTO `SkillSet` (`id`) VALUES ('11527');
INSERT INTO `SkillSet_skills` (`SkillSet_id`, `skills`) VALUES ('11527', 'dotNet');
INSERT INTO `SkillSet_skills` (`SkillSet_id`, `skills`) VALUES ('11527', 'SQL');
INSERT INTO `SkillSet_skills` (`SkillSet_id`, `skills`) VALUES ('11527', 'Maven');
INSERT INTO `Mission` (`id`, `companyName`, `name`, `role`, `skillSet_id`) VALUES ('11527', 'a757c474-42e2-49cf-9f31-339b410e7ef2', '245f443e-b9e3-4e34-9d2f-07ac2586cfb3', 'SoftwareEngineer', '11527');
INSERT INTO `SkillSet` (`id`) VALUES ('11528');
INSERT INTO `SkillSet_skills` (`SkillSet_id`, `skills`) VALUES ('11528', 'Maven');
INSERT INTO `SkillSet_skills` (`SkillSet_id`, `skills`) VALUES ('11528', 'Architektur');
INSERT INTO `SkillSet_skills` (`SkillSet_id`, `skills`) VALUES ('11528', 'UITesting');
INSERT INTO `Mission` (`id`, `companyName`, `name`, `role`, `skillSet_id`) VALUES ('11528', '318746b5-6826-4e3a-9fa9-ae99e5d76e9b', '839672ee-24de-41ed-a925-c4b0e1873c8c', 'LeadEngineer', '11528');
INSERT INTO `SkillSet` (`id`) VALUES ('11529');
INSERT INTO `SkillSet_skills` (`SkillSet_id`, `skills`) VALUES ('11529', 'Gradle');
INSERT INTO `SkillSet_skills` (`SkillSet_id`, `skills`) VALUES ('11529', 'Gradle');
INSERT INTO `SkillSet_skills` (`SkillSet_id`, `skills`) VALUES ('11529', 'Architektur');
INSERT INTO `SkillSet_skills` (`SkillSet_id`, `skills`) VALUES ('11529', 'Maven');
INSERT INTO `Mission` (`id`, `companyName`, `name`, `role`, `skillSet_id`) VALUES ('11529', '2c5cc6bf-0182-4197-b0c1-80ade51f26fc', '5bc90ec0-73f1-4670-a86b-42801be5b41e', 'SoftwareEngineer', '11529');
INSERT INTO `SkillSet` (`id`) VALUES ('11530');
INSERT INTO `SkillSet_skills` (`SkillSet_id`, `skills`) VALUES ('11530', 'Gradle');
INSERT INTO `Mission` (`id`, `companyName`, `name`, `role`, `skillSet_id`) VALUES ('11530', '72c1db67-0fc9-4994-839c-21b74908e780', '3c9c5b3a-7585-41e1-8e81-408ffd6b1862', 'JuniorSoftwareEngineer', '11530');
INSERT INTO `SkillSet` (`id`) VALUES ('11531');
INSERT INTO `SkillSet_skills` (`SkillSet_id`, `skills`) VALUES ('11531', 'UITesting');
INSERT INTO `SkillSet_skills` (`SkillSet_id`, `skills`) VALUES ('11531', 'Ant');
INSERT INTO `SkillSet_skills` (`SkillSet_id`, `skills`) VALUES ('11531', 'UITesting');
INSERT INTO `SkillSet_skills` (`SkillSet_id`, `skills`) VALUES ('11531', 'SQL');
INSERT INTO `Mission` (`id`, `companyName`, `name`, `role`, `skillSet_id`) VALUES ('11531', '5f84e385-0ac1-449d-ae3e-0b980f3c3dc3', '87e43d3c-f3bd-4950-8a27-fb4103a04b6f', 'LeadEngineer', '11531');
INSERT INTO `SkillSet` (`id`) VALUES ('11532');
INSERT INTO `SkillSet_skills` (`SkillSet_id`, `skills`) VALUES ('11532', 'Java');
INSERT INTO `Mission` (`id`, `companyName`, `name`, `role`, `skillSet_id`) VALUES ('11532', 'e7528f68-e4f9-4830-9340-7e49d7ba6da6', '6e67b3a3-ac4b-4c7a-99b4-9ac95489380f', 'LeadEngineer', '11532');
INSERT INTO `SkillSet` (`id`) VALUES ('11533');
INSERT INTO `SkillSet_skills` (`SkillSet_id`, `skills`) VALUES ('11533', 'Java');
INSERT INTO `SkillSet_skills` (`SkillSet_id`, `skills`) VALUES ('11533', 'Architektur');
INSERT INTO `Mission` (`id`, `companyName`, `name`, `role`, `skillSet_id`) VALUES ('11533', 'd7ae32d6-93e8-4cc6-877d-0f691a884457', 'a5a3b322-d84d-4b30-a2ef-806573033d00', 'PrincipalConsultant', '11533');
INSERT INTO `SkillSet` (`id`) VALUES ('11534');
INSERT INTO `SkillSet_skills` (`SkillSet_id`, `skills`) VALUES ('11534', 'Architektur');
INSERT INTO `SkillSet_skills` (`SkillSet_id`, `skills`) VALUES ('11534', 'Java');
INSERT INTO `SkillSet_skills` (`SkillSet_id`, `skills`) VALUES ('11534', 'Architektur');
INSERT INTO `Mission` (`id`, `companyName`, `name`, `role`, `skillSet_id`) VALUES ('11534', '7cb1cf23-10a1-4006-9fb3-f3fed15f30c8', '62fd91e1-6319-410b-81ba-1d93e4a36ebd', 'SeniorSoftwareEngineer', '11534');
INSERT INTO `SkillSet` (`id`) VALUES ('11535');
INSERT INTO `SkillSet_skills` (`SkillSet_id`, `skills`) VALUES ('11535', 'dotNet');
INSERT INTO `SkillSet_skills` (`SkillSet_id`, `skills`) VALUES ('11535', 'UITesting');
INSERT INTO `SkillSet_skills` (`SkillSet_id`, `skills`) VALUES ('11535', 'Ant');
INSERT INTO `SkillSet_skills` (`SkillSet_id`, `skills`) VALUES ('11535', 'dotNet');
INSERT INTO `Mission` (`id`, `companyName`, `name`, `role`, `skillSet_id`) VALUES ('11535', '13bc8bb4-8ce9-4c82-8c0a-274375f29a38', 'b299b3c7-b7db-4f28-936c-0c9e3c1c5c0e', 'SeniorSoftwareEngineer', '11535');
INSERT INTO `SkillSet` (`id`) VALUES ('11536');
INSERT INTO `SkillSet_skills` (`SkillSet_id`, `skills`) VALUES ('11536', 'Gradle');
INSERT INTO `SkillSet_skills` (`SkillSet_id`, `skills`) VALUES ('11536', 'Maven');
INSERT INTO `SkillSet_skills` (`SkillSet_id`, `skills`) VALUES ('11536', 'SQL');
INSERT INTO `Mission` (`id`, `companyName`, `name`, `role`, `skillSet_id`) VALUES ('11536', '5cb1a391-bb81-4782-b39c-e00d2c73c0d8', 'e61d6ee0-3bc6-4425-81e9-02606c56bfb5', 'LeadSoftwareArchitect', '11536');
INSERT INTO `SkillSet` (`id`) VALUES ('11537');
INSERT INTO `SkillSet_skills` (`SkillSet_id`, `skills`) VALUES ('11537', 'Gradle');
INSERT INTO `SkillSet_skills` (`SkillSet_id`, `skills`) VALUES ('11537', 'UITesting');
INSERT INTO `SkillSet_skills` (`SkillSet_id`, `skills`) VALUES ('11537', 'SQL');
INSERT INTO `SkillSet_skills` (`SkillSet_id`, `skills`) VALUES ('11537', 'SQL');
INSERT INTO `Mission` (`id`, `companyName`, `name`, `role`, `skillSet_id`) VALUES ('11537', '5c3e3b41-f653-4791-ac52-faa9c18d82f3', '077d8b86-62e9-431d-9cf6-9d06cd84092b', 'LeadSoftwareArchitect', '11537');
INSERT INTO `SkillSet` (`id`) VALUES ('11538');
INSERT INTO `SkillSet_skills` (`SkillSet_id`, `skills`) VALUES ('11538', 'Gradle');
INSERT INTO `SkillSet_skills` (`SkillSet_id`, `skills`) VALUES ('11538', 'Ant');
INSERT INTO `SkillSet_skills` (`SkillSet_id`, `skills`) VALUES ('11538', 'Gradle');
INSERT INTO `SkillSet_skills` (`SkillSet_id`, `skills`) VALUES ('11538', 'Maven');
INSERT INTO `Mission` (`id`, `companyName`, `name`, `role`, `skillSet_id`) VALUES ('11538', 'e3643bf3-39ed-4f7d-854d-afc3a32a3834', '8eef320c-c71c-4af2-8af6-feaad27fd5a0', 'JuniorSoftwareEngineer', '11538');
INSERT INTO `SkillSet` (`id`) VALUES ('11539');
INSERT INTO `SkillSet_skills` (`SkillSet_id`, `skills`) VALUES ('11539', 'UnitTesting');
INSERT INTO `SkillSet_skills` (`SkillSet_id`, `skills`) VALUES ('11539', 'Gradle');
INSERT INTO `SkillSet_skills` (`SkillSet_id`, `skills`) VALUES ('11539', 'Architektur');
INSERT INTO `Mission` (`id`, `companyName`, `name`, `role`, `skillSet_id`) VALUES ('11539', 'a1020931-9d16-481b-8263-193f8c7e0396', '9752b3cf-96e0-4ad7-9b0a-c5a2e3a386a5', 'PrincipalConsultant', '11539');
INSERT INTO `SkillSet` (`id`) VALUES ('11540');
INSERT INTO `SkillSet_skills` (`SkillSet_id`, `skills`) VALUES ('11540', 'Java');
INSERT INTO `SkillSet_skills` (`SkillSet_id`, `skills`) VALUES ('11540', 'dotNet');
INSERT INTO `SkillSet_skills` (`SkillSet_id`, `skills`) VALUES ('11540', 'UITesting');
INSERT INTO `Mission` (`id`, `companyName`, `name`, `role`, `skillSet_id`) VALUES ('11540', '1d23af49-2884-4b63-bebc-c7590155ad72', 'd0fb2dd5-7d65-4272-b158-7b09aabd733f', 'LeadSoftwareArchitect', '11540');
INSERT INTO `SkillSet` (`id`) VALUES ('11541');
INSERT INTO `SkillSet_skills` (`SkillSet_id`, `skills`) VALUES ('11541', 'UITesting');
INSERT INTO `SkillSet_skills` (`SkillSet_id`, `skills`) VALUES ('11541', 'Maven');
INSERT INTO `Mission` (`id`, `companyName`, `name`, `role`, `skillSet_id`) VALUES ('11541', '14d52201-faf5-463b-8d2d-0f990634dc8b', '7f77725e-7b63-4284-bef5-bade80ca2563', 'SeniorSoftwareEngineer', '11541');
INSERT INTO `SkillSet` (`id`) VALUES ('11542');
INSERT INTO `SkillSet_skills` (`SkillSet_id`, `skills`) VALUES ('11542', 'Java');
INSERT INTO `SkillSet_skills` (`SkillSet_id`, `skills`) VALUES ('11542', 'SQL');
INSERT INTO `SkillSet_skills` (`SkillSet_id`, `skills`) VALUES ('11542', 'Java');
INSERT INTO `SkillSet_skills` (`SkillSet_id`, `skills`) VALUES ('11542', 'Java');
INSERT INTO `SkillSet_skills` (`SkillSet_id`, `skills`) VALUES ('11542', 'Ant');
INSERT INTO `Mission` (`id`, `companyName`, `name`, `role`, `skillSet_id`) VALUES ('11542', 'd8002758-b316-4dea-b6a6-a3c1de15bc09', '45b8db80-b3eb-434d-a3c7-1d4ebc3ba22b', 'JuniorSoftwareEngineer', '11542');
INSERT INTO `SkillSet` (`id`) VALUES ('11543');
INSERT INTO `SkillSet_skills` (`SkillSet_id`, `skills`) VALUES ('11543', 'Architektur');
INSERT INTO `SkillSet_skills` (`SkillSet_id`, `skills`) VALUES ('11543', 'Java');
INSERT INTO `SkillSet_skills` (`SkillSet_id`, `skills`) VALUES ('11543', 'UITesting');
INSERT INTO `Mission` (`id`, `companyName`, `name`, `role`, `skillSet_id`) VALUES ('11543', '69c14ef9-a8a3-4f8a-b9dc-8d3c0682e7e5', 'e1004217-7316-4d32-84f4-9e795a42672f', 'JuniorSoftwareEngineer', '11543');
INSERT INTO `SkillSet` (`id`) VALUES ('11544');
INSERT INTO `SkillSet_skills` (`SkillSet_id`, `skills`) VALUES ('11544', 'Maven');
INSERT INTO `SkillSet_skills` (`SkillSet_id`, `skills`) VALUES ('11544', 'SQL');
INSERT INTO `SkillSet_skills` (`SkillSet_id`, `skills`) VALUES ('11544', 'UITesting');
INSERT INTO `Mission` (`id`, `companyName`, `name`, `role`, `skillSet_id`) VALUES ('11544', '8c8a93ee-860f-48cf-8107-d4396ee92712', 'e6e90788-570b-4052-be8b-5e794046f7bd', 'PrincipalConsultant', '11544');
INSERT INTO `SkillSet` (`id`) VALUES ('11545');
INSERT INTO `SkillSet_skills` (`SkillSet_id`, `skills`) VALUES ('11545', 'SQL');
INSERT INTO `SkillSet_skills` (`SkillSet_id`, `skills`) VALUES ('11545', 'SQL');
INSERT INTO `SkillSet_skills` (`SkillSet_id`, `skills`) VALUES ('11545', 'Ant');
INSERT INTO `Mission` (`id`, `companyName`, `name`, `role`, `skillSet_id`) VALUES ('11545', '22e1e0c7-f016-42a2-a910-aa17b6b1c977', 'a7537fa1-6b1d-453f-9957-867cc2a7ac72', 'PrincipalConsultant', '11545');
INSERT INTO `SkillSet` (`id`) VALUES ('11546');
INSERT INTO `SkillSet_skills` (`SkillSet_id`, `skills`) VALUES ('11546', 'Maven');
INSERT INTO `SkillSet_skills` (`SkillSet_id`, `skills`) VALUES ('11546', 'SQL');
INSERT INTO `SkillSet_skills` (`SkillSet_id`, `skills`) VALUES ('11546', 'UnitTesting');
INSERT INTO `SkillSet_skills` (`SkillSet_id`, `skills`) VALUES ('11546', 'Java');
INSERT INTO `Mission` (`id`, `companyName`, `name`, `role`, `skillSet_id`) VALUES ('11546', 'f3c17799-568c-4658-a75a-a32b9b818aa0', 'aabdb3cf-e6b6-4ccb-9fe8-48aab736cc04', 'JuniorSoftwareEngineer', '11546');
INSERT INTO `SkillSet` (`id`) VALUES ('11547');
INSERT INTO `SkillSet_skills` (`SkillSet_id`, `skills`) VALUES ('11547', 'Java');
INSERT INTO `SkillSet_skills` (`SkillSet_id`, `skills`) VALUES ('11547', 'UnitTesting');
INSERT INTO `Mission` (`id`, `companyName`, `name`, `role`, `skillSet_id`) VALUES ('11547', '36b15983-7b5f-409f-95c9-d92b8460ca02', 'e99b1825-27bd-4f97-994f-dcfafe86b1da', 'LeadEngineer', '11547');
INSERT INTO `SkillSet` (`id`) VALUES ('11548');
INSERT INTO `SkillSet_skills` (`SkillSet_id`, `skills`) VALUES ('11548', 'Maven');
INSERT INTO `SkillSet_skills` (`SkillSet_id`, `skills`) VALUES ('11548', 'Architektur');
INSERT INTO `Mission` (`id`, `companyName`, `name`, `role`, `skillSet_id`) VALUES ('11548', 'e880cd43-e7c7-4c87-802e-d38d81a7d118', '29cd1a02-ee46-4805-8835-f180b4318b1d', 'PrincipalConsultant', '11548');
INSERT INTO `SkillSet` (`id`) VALUES ('11549');
INSERT INTO `SkillSet_skills` (`SkillSet_id`, `skills`) VALUES ('11549', 'Gradle');
INSERT INTO `SkillSet_skills` (`SkillSet_id`, `skills`) VALUES ('11549', 'Ant');
INSERT INTO `SkillSet_skills` (`SkillSet_id`, `skills`) VALUES ('11549', 'Java');
INSERT INTO `Mission` (`id`, `companyName`, `name`, `role`, `skillSet_id`) VALUES ('11549', '2da8b2b4-d4f9-402e-aa98-a5cfad8f61f0', 'a0bc39ca-04fd-41dc-974f-4fc7116ef810', 'SeniorSoftwareEngineer', '11549');
INSERT INTO `SkillSet` (`id`) VALUES ('11550');
INSERT INTO `SkillSet_skills` (`SkillSet_id`, `skills`) VALUES ('11550', 'dotNet');
INSERT INTO `SkillSet_skills` (`SkillSet_id`, `skills`) VALUES ('11550', 'SQL');
INSERT INTO `SkillSet_skills` (`SkillSet_id`, `skills`) VALUES ('11550', 'Ant');
INSERT INTO `SkillSet_skills` (`SkillSet_id`, `skills`) VALUES ('11550', 'Ant');
INSERT INTO `SkillSet_skills` (`SkillSet_id`, `skills`) VALUES ('11550', 'dotNet');
INSERT INTO `Mission` (`id`, `companyName`, `name`, `role`, `skillSet_id`) VALUES ('11550', 'b5a3104f-88a9-4549-996a-9e5012450580', '0e83ab5a-62fd-4623-a1a8-2465748b8058', 'LeadEngineer', '11550');
INSERT INTO `SkillSet` (`id`) VALUES ('11551');
INSERT INTO `SkillSet_skills` (`SkillSet_id`, `skills`) VALUES ('11551', 'Architektur');
INSERT INTO `SkillSet_skills` (`SkillSet_id`, `skills`) VALUES ('11551', 'Ant');
INSERT INTO `SkillSet_skills` (`SkillSet_id`, `skills`) VALUES ('11551', 'Gradle');
INSERT INTO `Mission` (`id`, `companyName`, `name`, `role`, `skillSet_id`) VALUES ('11551', 'c189c96c-9cd1-424d-85c8-3170d31bd106', '2d2e9f35-bf9a-49d1-be34-d0c6748a215d', 'LeadSoftwareArchitect', '11551');
INSERT INTO `SkillSet` (`id`) VALUES ('11552');
INSERT INTO `SkillSet_skills` (`SkillSet_id`, `skills`) VALUES ('11552', 'UITesting');
INSERT INTO `SkillSet_skills` (`SkillSet_id`, `skills`) VALUES ('11552', 'UnitTesting');
INSERT INTO `SkillSet_skills` (`SkillSet_id`, `skills`) VALUES ('11552', 'UITesting');
INSERT INTO `Mission` (`id`, `companyName`, `name`, `role`, `skillSet_id`) VALUES ('11552', '296d14e0-5cad-4a50-a62e-b84f8a49df7c', '9fc93e33-0eeb-42b1-bc01-cdeb16303cc9', 'LeadSoftwareArchitect', '11552');
INSERT INTO `SkillSet` (`id`) VALUES ('11553');
INSERT INTO `SkillSet_skills` (`SkillSet_id`, `skills`) VALUES ('11553', 'Architektur');
INSERT INTO `SkillSet_skills` (`SkillSet_id`, `skills`) VALUES ('11553', 'Java');
INSERT INTO `Mission` (`id`, `companyName`, `name`, `role`, `skillSet_id`) VALUES ('11553', '4fc7c733-af97-4688-98bb-47e139eb4670', '2acb0fba-b708-4da1-acd8-afc777b820c1', 'JuniorSoftwareEngineer', '11553');
INSERT INTO `SkillSet` (`id`) VALUES ('11554');
INSERT INTO `SkillSet_skills` (`SkillSet_id`, `skills`) VALUES ('11554', 'Gradle');
INSERT INTO `Mission` (`id`, `companyName`, `name`, `role`, `skillSet_id`) VALUES ('11554', '275d1209-26ce-42f8-93e0-e00698ec7348', '27a9e9ad-680f-4336-9aad-6828647486db', 'JuniorSoftwareEngineer', '11554');
INSERT INTO `SkillSet` (`id`) VALUES ('11555');
INSERT INTO `SkillSet_skills` (`SkillSet_id`, `skills`) VALUES ('11555', 'UITesting');
INSERT INTO `SkillSet_skills` (`SkillSet_id`, `skills`) VALUES ('11555', 'dotNet');
INSERT INTO `SkillSet_skills` (`SkillSet_id`, `skills`) VALUES ('11555', 'UITesting');
INSERT INTO `SkillSet_skills` (`SkillSet_id`, `skills`) VALUES ('11555', 'dotNet');
INSERT INTO `Mission` (`id`, `companyName`, `name`, `role`, `skillSet_id`) VALUES ('11555', '9d4862ba-6f71-481e-8d70-9eb7c782ce37', '6eb276c6-7971-4acb-b091-6784df93b4d0', 'LeadSoftwareArchitect', '11555');
INSERT INTO `SkillSet` (`id`) VALUES ('11556');
INSERT INTO `SkillSet_skills` (`SkillSet_id`, `skills`) VALUES ('11556', 'UnitTesting');
INSERT INTO `SkillSet_skills` (`SkillSet_id`, `skills`) VALUES ('11556', 'UITesting');
INSERT INTO `SkillSet_skills` (`SkillSet_id`, `skills`) VALUES ('11556', 'Maven');
INSERT INTO `SkillSet_skills` (`SkillSet_id`, `skills`) VALUES ('11556', 'Maven');
INSERT INTO `Mission` (`id`, `companyName`, `name`, `role`, `skillSet_id`) VALUES ('11556', 'af22087d-04e8-4b47-b934-c3e5bbe68e83', '0d443300-7c33-48bb-8315-e09dc559a9b0', 'LeadSoftwareArchitect', '11556');
INSERT INTO `SkillSet` (`id`) VALUES ('11557');
INSERT INTO `SkillSet_skills` (`SkillSet_id`, `skills`) VALUES ('11557', 'SQL');
INSERT INTO `SkillSet_skills` (`SkillSet_id`, `skills`) VALUES ('11557', 'Maven');
INSERT INTO `SkillSet_skills` (`SkillSet_id`, `skills`) VALUES ('11557', 'Architektur');
INSERT INTO `Mission` (`id`, `companyName`, `name`, `role`, `skillSet_id`) VALUES ('11557', '9a6aedd9-b44f-4489-a527-17f1808112d2', '4f577877-8029-413a-b30b-4c727e2693c9', 'LeadSoftwareArchitect', '11557');
INSERT INTO `SkillSet` (`id`) VALUES ('11558');
INSERT INTO `SkillSet_skills` (`SkillSet_id`, `skills`) VALUES ('11558', 'Java');
INSERT INTO `SkillSet_skills` (`SkillSet_id`, `skills`) VALUES ('11558', 'Gradle');
INSERT INTO `SkillSet_skills` (`SkillSet_id`, `skills`) VALUES ('11558', 'UITesting');
INSERT INTO `SkillSet_skills` (`SkillSet_id`, `skills`) VALUES ('11558', 'SQL');
INSERT INTO `SkillSet_skills` (`SkillSet_id`, `skills`) VALUES ('11558', 'UnitTesting');
INSERT INTO `Mission` (`id`, `companyName`, `name`, `role`, `skillSet_id`) VALUES ('11558', 'eebce839-4dfe-47c4-84c3-cbe8aa2260bf', '511ba4a6-8f94-4a8e-af86-adb2d260a9de', 'PrincipalConsultant', '11558');
INSERT INTO `SkillSet` (`id`) VALUES ('11559');
INSERT INTO `SkillSet_skills` (`SkillSet_id`, `skills`) VALUES ('11559', 'Architektur');
INSERT INTO `SkillSet_skills` (`SkillSet_id`, `skills`) VALUES ('11559', 'Maven');
INSERT INTO `SkillSet_skills` (`SkillSet_id`, `skills`) VALUES ('11559', 'Java');
INSERT INTO `SkillSet_skills` (`SkillSet_id`, `skills`) VALUES ('11559', 'Java');
INSERT INTO `Mission` (`id`, `companyName`, `name`, `role`, `skillSet_id`) VALUES ('11559', '05aa2b1f-f22b-490d-8862-d4225f603906', '703a3be1-863b-434d-a569-ee6d6316b680', 'SoftwareEngineer', '11559');
INSERT INTO `SkillSet` (`id`) VALUES ('11560');
INSERT INTO `SkillSet_skills` (`SkillSet_id`, `skills`) VALUES ('11560', 'SQL');
INSERT INTO `Mission` (`id`, `companyName`, `name`, `role`, `skillSet_id`) VALUES ('11560', '7fc2a298-2fdf-4785-acb4-1c89fb43edb6', '6c96cb3d-c6b5-426a-b4e3-82e06cd85767', 'JuniorSoftwareEngineer', '11560');
INSERT INTO `SkillSet` (`id`) VALUES ('11561');
INSERT INTO `SkillSet_skills` (`SkillSet_id`, `skills`) VALUES ('11561', 'SQL');
INSERT INTO `SkillSet_skills` (`SkillSet_id`, `skills`) VALUES ('11561', 'UITesting');
INSERT INTO `SkillSet_skills` (`SkillSet_id`, `skills`) VALUES ('11561', 'UnitTesting');
INSERT INTO `SkillSet_skills` (`SkillSet_id`, `skills`) VALUES ('11561', 'dotNet');
INSERT INTO `Mission` (`id`, `companyName`, `name`, `role`, `skillSet_id`) VALUES ('11561', 'b1422993-80be-42d8-bd42-0adf11dd3e64', '74621b7f-f1dd-46e6-a965-b5f0b49f140a', 'SeniorSoftwareEngineer', '11561');
INSERT INTO `SkillSet` (`id`) VALUES ('11562');
INSERT INTO `SkillSet_skills` (`SkillSet_id`, `skills`) VALUES ('11562', 'Ant');
INSERT INTO `SkillSet_skills` (`SkillSet_id`, `skills`) VALUES ('11562', 'Ant');
INSERT INTO `SkillSet_skills` (`SkillSet_id`, `skills`) VALUES ('11562', 'Architektur');
INSERT INTO `SkillSet_skills` (`SkillSet_id`, `skills`) VALUES ('11562', 'Architektur');
INSERT INTO `Mission` (`id`, `companyName`, `name`, `role`, `skillSet_id`) VALUES ('11562', 'b6901253-9a63-4394-9aa4-df270ddcc8be', '12c04689-cfba-4339-ad0c-c88db644def2', 'SeniorSoftwareEngineer', '11562');
INSERT INTO `SkillSet` (`id`) VALUES ('11563');
INSERT INTO `SkillSet_skills` (`SkillSet_id`, `skills`) VALUES ('11563', 'SQL');
INSERT INTO `SkillSet_skills` (`SkillSet_id`, `skills`) VALUES ('11563', 'Gradle');
INSERT INTO `SkillSet_skills` (`SkillSet_id`, `skills`) VALUES ('11563', 'dotNet');
INSERT INTO `SkillSet_skills` (`SkillSet_id`, `skills`) VALUES ('11563', 'Architektur');
INSERT INTO `Mission` (`id`, `companyName`, `name`, `role`, `skillSet_id`) VALUES ('11563', 'b2e6f430-c983-48b2-9c36-1c66c07e630c', '0e33b6c8-6efc-4e6a-a56f-5660914d7c53', 'LeadEngineer', '11563');
INSERT INTO `SkillSet` (`id`) VALUES ('11564');
INSERT INTO `SkillSet_skills` (`SkillSet_id`, `skills`) VALUES ('11564', 'UITesting');
INSERT INTO `Mission` (`id`, `companyName`, `name`, `role`, `skillSet_id`) VALUES ('11564', 'b87ddbb1-44bf-4c6f-a4fc-60c95826336f', 'def34815-e219-42b7-9077-81eaa75abf6e', 'SoftwareEngineer', '11564');
INSERT INTO `SkillSet` (`id`) VALUES ('11565');
INSERT INTO `SkillSet_skills` (`SkillSet_id`, `skills`) VALUES ('11565', 'Architektur');
INSERT INTO `SkillSet_skills` (`SkillSet_id`, `skills`) VALUES ('11565', 'SQL');
INSERT INTO `SkillSet_skills` (`SkillSet_id`, `skills`) VALUES ('11565', 'SQL');
INSERT INTO `SkillSet_skills` (`SkillSet_id`, `skills`) VALUES ('11565', 'Ant');
INSERT INTO `SkillSet_skills` (`SkillSet_id`, `skills`) VALUES ('11565', 'dotNet');
INSERT INTO `Mission` (`id`, `companyName`, `name`, `role`, `skillSet_id`) VALUES ('11565', 'fdc1fca0-bc54-4743-809a-7a633b76d0e5', '8eb68120-b742-4073-a5bf-be5afe63b7a6', 'JuniorSoftwareEngineer', '11565');
INSERT INTO `SkillSet` (`id`) VALUES ('11566');
INSERT INTO `SkillSet_skills` (`SkillSet_id`, `skills`) VALUES ('11566', 'SQL');
INSERT INTO `SkillSet_skills` (`SkillSet_id`, `skills`) VALUES ('11566', 'UITesting');
INSERT INTO `SkillSet_skills` (`SkillSet_id`, `skills`) VALUES ('11566', 'Architektur');
INSERT INTO `SkillSet_skills` (`SkillSet_id`, `skills`) VALUES ('11566', 'Gradle');
INSERT INTO `Mission` (`id`, `companyName`, `name`, `role`, `skillSet_id`) VALUES ('11566', '925ee9f4-2c3c-489c-837f-dfe8abf2adff', '67080bd5-2062-4e45-9569-6ee474ddcca6', 'JuniorSoftwareEngineer', '11566');
INSERT INTO `SkillSet` (`id`) VALUES ('11567');
INSERT INTO `SkillSet_skills` (`SkillSet_id`, `skills`) VALUES ('11567', 'dotNet');
INSERT INTO `SkillSet_skills` (`SkillSet_id`, `skills`) VALUES ('11567', 'UITesting');
INSERT INTO `SkillSet_skills` (`SkillSet_id`, `skills`) VALUES ('11567', 'Architektur');
INSERT INTO `SkillSet_skills` (`SkillSet_id`, `skills`) VALUES ('11567', 'SQL');
INSERT INTO `Mission` (`id`, `companyName`, `name`, `role`, `skillSet_id`) VALUES ('11567', '1b957b47-fe4e-4881-9c6d-b76cb87cef9a', 'c99a6cbf-cbf6-4664-93ed-ef104ed43907', 'JuniorSoftwareEngineer', '11567');
INSERT INTO `SkillSet` (`id`) VALUES ('11568');
INSERT INTO `SkillSet_skills` (`SkillSet_id`, `skills`) VALUES ('11568', 'Java');
INSERT INTO `Mission` (`id`, `companyName`, `name`, `role`, `skillSet_id`) VALUES ('11568', '6c05c3d7-abe5-4996-87d7-3ce2ffafe4f5', '8311d8f9-f3fb-4de2-9129-ff748ab29d4b', 'LeadEngineer', '11568');
INSERT INTO `SkillSet` (`id`) VALUES ('11569');
INSERT INTO `SkillSet_skills` (`SkillSet_id`, `skills`) VALUES ('11569', 'UITesting');
INSERT INTO `SkillSet_skills` (`SkillSet_id`, `skills`) VALUES ('11569', 'UnitTesting');
INSERT INTO `SkillSet_skills` (`SkillSet_id`, `skills`) VALUES ('11569', 'Maven');
INSERT INTO `SkillSet_skills` (`SkillSet_id`, `skills`) VALUES ('11569', 'Ant');
INSERT INTO `Mission` (`id`, `companyName`, `name`, `role`, `skillSet_id`) VALUES ('11569', '9d6a2f1c-e41a-423a-a05e-e468029618a5', 'af6e52d4-08db-4287-b16a-9b825771f541', 'SoftwareEngineer', '11569');
INSERT INTO `SkillSet` (`id`) VALUES ('11570');
INSERT INTO `SkillSet_skills` (`SkillSet_id`, `skills`) VALUES ('11570', 'Maven');
INSERT INTO `SkillSet_skills` (`SkillSet_id`, `skills`) VALUES ('11570', 'Architektur');
INSERT INTO `SkillSet_skills` (`SkillSet_id`, `skills`) VALUES ('11570', 'Gradle');
INSERT INTO `SkillSet_skills` (`SkillSet_id`, `skills`) VALUES ('11570', 'SQL');
INSERT INTO `SkillSet_skills` (`SkillSet_id`, `skills`) VALUES ('11570', 'dotNet');
INSERT INTO `Mission` (`id`, `companyName`, `name`, `role`, `skillSet_id`) VALUES ('11570', '47bf1874-0358-4bf6-be4b-925bd71afe1e', 'c0f1b207-8e35-464c-a5e3-b728227de602', 'PrincipalConsultant', '11570');
INSERT INTO `SkillSet` (`id`) VALUES ('11571');
INSERT INTO `SkillSet_skills` (`SkillSet_id`, `skills`) VALUES ('11571', 'Gradle');
INSERT INTO `Mission` (`id`, `companyName`, `name`, `role`, `skillSet_id`) VALUES ('11571', '7d36fad4-c89a-4ee2-acd1-cf4d229f4228', '230d2fbf-1af5-40ab-9b07-1ec69bbb781d', 'SoftwareEngineer', '11571');
INSERT INTO `SkillSet` (`id`) VALUES ('11572');
INSERT INTO `SkillSet_skills` (`SkillSet_id`, `skills`) VALUES ('11572', 'UnitTesting');
INSERT INTO `Mission` (`id`, `companyName`, `name`, `role`, `skillSet_id`) VALUES ('11572', 'a507f9b1-5a63-4209-a9f0-130a5a6bbfa1', 'a3b63644-f30e-4d83-a9f3-c7b32ca18292', 'LeadEngineer', '11572');
INSERT INTO `SkillSet` (`id`) VALUES ('11573');
INSERT INTO `SkillSet_skills` (`SkillSet_id`, `skills`) VALUES ('11573', 'SQL');
INSERT INTO `SkillSet_skills` (`SkillSet_id`, `skills`) VALUES ('11573', 'Gradle');
INSERT INTO `SkillSet_skills` (`SkillSet_id`, `skills`) VALUES ('11573', 'Maven');
INSERT INTO `Mission` (`id`, `companyName`, `name`, `role`, `skillSet_id`) VALUES ('11573', '04e7b944-a02e-46bc-a647-9742f84abfd5', 'be4e6156-bc64-4aeb-8d26-e1137d526d8a', 'SoftwareEngineer', '11573');
INSERT INTO `SkillSet` (`id`) VALUES ('11574');
INSERT INTO `SkillSet_skills` (`SkillSet_id`, `skills`) VALUES ('11574', 'UnitTesting');
INSERT INTO `SkillSet_skills` (`SkillSet_id`, `skills`) VALUES ('11574', 'Architektur');
INSERT INTO `SkillSet_skills` (`SkillSet_id`, `skills`) VALUES ('11574', 'Ant');
INSERT INTO `SkillSet_skills` (`SkillSet_id`, `skills`) VALUES ('11574', 'Java');
INSERT INTO `Mission` (`id`, `companyName`, `name`, `role`, `skillSet_id`) VALUES ('11574', 'e2ab95dd-5830-4926-ba85-77fd37775383', '039ad82c-a746-40b6-b494-af68cf0f17fa', 'SeniorSoftwareEngineer', '11574');
INSERT INTO `SkillSet` (`id`) VALUES ('11575');
INSERT INTO `SkillSet_skills` (`SkillSet_id`, `skills`) VALUES ('11575', 'Gradle');
INSERT INTO `SkillSet_skills` (`SkillSet_id`, `skills`) VALUES ('11575', 'dotNet');
INSERT INTO `SkillSet_skills` (`SkillSet_id`, `skills`) VALUES ('11575', 'Gradle');
INSERT INTO `SkillSet_skills` (`SkillSet_id`, `skills`) VALUES ('11575', 'Gradle');
INSERT INTO `SkillSet_skills` (`SkillSet_id`, `skills`) VALUES ('11575', 'Maven');
INSERT INTO `Mission` (`id`, `companyName`, `name`, `role`, `skillSet_id`) VALUES ('11575', '4573fbbc-00c2-4a1f-930e-5aa15e9867b4', '25689f6d-22e2-4715-b277-319013a26a82', 'PrincipalConsultant', '11575');
INSERT INTO `SkillSet` (`id`) VALUES ('11576');
INSERT INTO `SkillSet_skills` (`SkillSet_id`, `skills`) VALUES ('11576', 'Architektur');
INSERT INTO `Mission` (`id`, `companyName`, `name`, `role`, `skillSet_id`) VALUES ('11576', '455bac77-c8fc-465e-afa6-45af5f6cde9b', '8520cd67-a8bc-4136-889d-2a7966bb6af8', 'SoftwareEngineer', '11576');
INSERT INTO `SkillSet` (`id`) VALUES ('11577');
INSERT INTO `SkillSet_skills` (`SkillSet_id`, `skills`) VALUES ('11577', 'Ant');
INSERT INTO `SkillSet_skills` (`SkillSet_id`, `skills`) VALUES ('11577', 'dotNet');
INSERT INTO `Mission` (`id`, `companyName`, `name`, `role`, `skillSet_id`) VALUES ('11577', 'bf5648b0-59db-4329-b843-8c8d029af695', '342cbad1-380e-416b-b91f-a54ae42fe31e', 'LeadEngineer', '11577');
INSERT INTO `SkillSet` (`id`) VALUES ('11578');
INSERT INTO `SkillSet_skills` (`SkillSet_id`, `skills`) VALUES ('11578', 'SQL');
INSERT INTO `SkillSet_skills` (`SkillSet_id`, `skills`) VALUES ('11578', 'Maven');
INSERT INTO `SkillSet_skills` (`SkillSet_id`, `skills`) VALUES ('11578', 'Architektur');
INSERT INTO `SkillSet_skills` (`SkillSet_id`, `skills`) VALUES ('11578', 'Ant');
INSERT INTO `SkillSet_skills` (`SkillSet_id`, `skills`) VALUES ('11578', 'UnitTesting');
INSERT INTO `Mission` (`id`, `companyName`, `name`, `role`, `skillSet_id`) VALUES ('11578', '4a1c7910-8d16-4603-833a-b5b845d580d3', '62ef20c9-33bc-40ac-88ea-c9571faf5682', 'JuniorSoftwareEngineer', '11578');
INSERT INTO `SkillSet` (`id`) VALUES ('11579');
INSERT INTO `SkillSet_skills` (`SkillSet_id`, `skills`) VALUES ('11579', 'Gradle');
INSERT INTO `SkillSet_skills` (`SkillSet_id`, `skills`) VALUES ('11579', 'Maven');
INSERT INTO `Mission` (`id`, `companyName`, `name`, `role`, `skillSet_id`) VALUES ('11579', 'aa390c56-e94f-4735-821d-475efa6ec3bc', 'b2606404-7eff-431b-adda-8e2b352fc8a4', 'LeadSoftwareArchitect', '11579');
INSERT INTO `SkillSet` (`id`) VALUES ('11580');
INSERT INTO `SkillSet_skills` (`SkillSet_id`, `skills`) VALUES ('11580', 'Ant');
INSERT INTO `SkillSet_skills` (`SkillSet_id`, `skills`) VALUES ('11580', 'Gradle');
INSERT INTO `SkillSet_skills` (`SkillSet_id`, `skills`) VALUES ('11580', 'Architektur');
INSERT INTO `SkillSet_skills` (`SkillSet_id`, `skills`) VALUES ('11580', 'Ant');
INSERT INTO `SkillSet_skills` (`SkillSet_id`, `skills`) VALUES ('11580', 'Gradle');
INSERT INTO `Mission` (`id`, `companyName`, `name`, `role`, `skillSet_id`) VALUES ('11580', '1bfe70c8-d2af-468f-a770-35578f7d6300', 'e090c357-37de-4c9b-b15d-df3d13ac03b6', 'SeniorSoftwareEngineer', '11580');
INSERT INTO `SkillSet` (`id`) VALUES ('11581');
INSERT INTO `SkillSet_skills` (`SkillSet_id`, `skills`) VALUES ('11581', 'Maven');
INSERT INTO `SkillSet_skills` (`SkillSet_id`, `skills`) VALUES ('11581', 'dotNet');
INSERT INTO `SkillSet_skills` (`SkillSet_id`, `skills`) VALUES ('11581', 'dotNet');
INSERT INTO `SkillSet_skills` (`SkillSet_id`, `skills`) VALUES ('11581', 'Architektur');
INSERT INTO `SkillSet_skills` (`SkillSet_id`, `skills`) VALUES ('11581', 'Gradle');
INSERT INTO `Mission` (`id`, `companyName`, `name`, `role`, `skillSet_id`) VALUES ('11581', 'ef2d51fa-a509-45b5-a7d4-eff6246b5173', '905e9a24-a99e-41a8-984f-4329779f9d3a', 'SoftwareEngineer', '11581');
INSERT INTO `SkillSet` (`id`) VALUES ('11582');
INSERT INTO `SkillSet_skills` (`SkillSet_id`, `skills`) VALUES ('11582', 'Gradle');
INSERT INTO `SkillSet_skills` (`SkillSet_id`, `skills`) VALUES ('11582', 'Ant');
INSERT INTO `Mission` (`id`, `companyName`, `name`, `role`, `skillSet_id`) VALUES ('11582', '5d28103f-0131-4567-b690-3a9b9b67d298', '9c697e99-9929-4a2e-a130-d818b452ba3e', 'SoftwareEngineer', '11582');
INSERT INTO `SkillSet` (`id`) VALUES ('11583');
INSERT INTO `SkillSet_skills` (`SkillSet_id`, `skills`) VALUES ('11583', 'Ant');
INSERT INTO `Mission` (`id`, `companyName`, `name`, `role`, `skillSet_id`) VALUES ('11583', '36f80351-8265-48f5-87c2-547b7f7aecad', 'b60f91db-d212-4be3-a56b-98ce9a919397', 'SeniorSoftwareEngineer', '11583');
INSERT INTO `SkillSet` (`id`) VALUES ('11584');
INSERT INTO `SkillSet_skills` (`SkillSet_id`, `skills`) VALUES ('11584', 'Ant');
INSERT INTO `Mission` (`id`, `companyName`, `name`, `role`, `skillSet_id`) VALUES ('11584', '87573ceb-bfd1-4b7a-b9e2-e77d6cf85d09', 'dc779751-72f4-4002-b3c8-ac47e9a7e4da', 'SeniorSoftwareEngineer', '11584');
INSERT INTO `SkillSet` (`id`) VALUES ('11585');
INSERT INTO `SkillSet_skills` (`SkillSet_id`, `skills`) VALUES ('11585', 'UnitTesting');
INSERT INTO `Mission` (`id`, `companyName`, `name`, `role`, `skillSet_id`) VALUES ('11585', '6e772852-db5c-400a-bfd4-941c10dbf8d1', '29020fe4-b6a9-49b8-b7a9-80c0a09e2a06', 'SoftwareEngineer', '11585');
INSERT INTO `SkillSet` (`id`) VALUES ('11586');
INSERT INTO `SkillSet_skills` (`SkillSet_id`, `skills`) VALUES ('11586', 'UnitTesting');
INSERT INTO `SkillSet_skills` (`SkillSet_id`, `skills`) VALUES ('11586', 'Java');
INSERT INTO `SkillSet_skills` (`SkillSet_id`, `skills`) VALUES ('11586', 'Architektur');
INSERT INTO `SkillSet_skills` (`SkillSet_id`, `skills`) VALUES ('11586', 'UITesting');
INSERT INTO `Mission` (`id`, `companyName`, `name`, `role`, `skillSet_id`) VALUES ('11586', '16407434-90e5-4609-b45c-65336f16eaeb', '483a1920-9f15-444d-9478-1b3162179f1b', 'LeadEngineer', '11586');
INSERT INTO `SkillSet` (`id`) VALUES ('11587');
INSERT INTO `SkillSet_skills` (`SkillSet_id`, `skills`) VALUES ('11587', 'Maven');
INSERT INTO `SkillSet_skills` (`SkillSet_id`, `skills`) VALUES ('11587', 'Architektur');
INSERT INTO `SkillSet_skills` (`SkillSet_id`, `skills`) VALUES ('11587', 'UITesting');
INSERT INTO `SkillSet_skills` (`SkillSet_id`, `skills`) VALUES ('11587', 'dotNet');
INSERT INTO `Mission` (`id`, `companyName`, `name`, `role`, `skillSet_id`) VALUES ('11587', '1d1d76d2-6324-4f56-9f42-d2c832b6801d', 'e0a677c0-80a0-4af6-b57e-b83923c7bf1d', 'SeniorSoftwareEngineer', '11587');
INSERT INTO `SkillSet` (`id`) VALUES ('11588');
INSERT INTO `SkillSet_skills` (`SkillSet_id`, `skills`) VALUES ('11588', 'Ant');
INSERT INTO `SkillSet_skills` (`SkillSet_id`, `skills`) VALUES ('11588', 'Gradle');
INSERT INTO `SkillSet_skills` (`SkillSet_id`, `skills`) VALUES ('11588', 'UnitTesting');
INSERT INTO `SkillSet_skills` (`SkillSet_id`, `skills`) VALUES ('11588', 'Maven');
INSERT INTO `Mission` (`id`, `companyName`, `name`, `role`, `skillSet_id`) VALUES ('11588', 'd15669d7-23a9-42d2-8823-42d481348282', 'ecc4baf5-740b-4c94-a3f3-5bad0d3e58ef', 'SeniorSoftwareEngineer', '11588');
INSERT INTO `SkillSet` (`id`) VALUES ('11589');
INSERT INTO `SkillSet_skills` (`SkillSet_id`, `skills`) VALUES ('11589', 'Java');
INSERT INTO `SkillSet_skills` (`SkillSet_id`, `skills`) VALUES ('11589', 'Architektur');
INSERT INTO `SkillSet_skills` (`SkillSet_id`, `skills`) VALUES ('11589', 'Java');
INSERT INTO `SkillSet_skills` (`SkillSet_id`, `skills`) VALUES ('11589', 'Java');
INSERT INTO `SkillSet_skills` (`SkillSet_id`, `skills`) VALUES ('11589', 'UITesting');
INSERT INTO `Mission` (`id`, `companyName`, `name`, `role`, `skillSet_id`) VALUES ('11589', '95d4cf44-9b7a-4f4a-a895-77b7c332e111', '50c44edf-c7ae-4fba-a0eb-67a745428327', 'SeniorSoftwareEngineer', '11589');
INSERT INTO `SkillSet` (`id`) VALUES ('11590');
INSERT INTO `SkillSet_skills` (`SkillSet_id`, `skills`) VALUES ('11590', 'UITesting');
INSERT INTO `SkillSet_skills` (`SkillSet_id`, `skills`) VALUES ('11590', 'UITesting');
INSERT INTO `SkillSet_skills` (`SkillSet_id`, `skills`) VALUES ('11590', 'SQL');
INSERT INTO `SkillSet_skills` (`SkillSet_id`, `skills`) VALUES ('11590', 'dotNet');
INSERT INTO `SkillSet_skills` (`SkillSet_id`, `skills`) VALUES ('11590', 'UnitTesting');
INSERT INTO `Mission` (`id`, `companyName`, `name`, `role`, `skillSet_id`) VALUES ('11590', '6d6ad44b-c114-4f3c-bd70-211c92b63176', '8ea516b2-b9ba-431d-b5e6-57816e81eebe', 'SeniorSoftwareEngineer', '11590');
INSERT INTO `SkillSet` (`id`) VALUES ('11591');
INSERT INTO `SkillSet_skills` (`SkillSet_id`, `skills`) VALUES ('11591', 'Gradle');
INSERT INTO `Mission` (`id`, `companyName`, `name`, `role`, `skillSet_id`) VALUES ('11591', 'f33ec70e-3f34-402b-ba4b-6f3a3b5c148f', '71b80d97-9bcc-41b5-98c2-5a3d4fd33d69', 'PrincipalConsultant', '11591');
INSERT INTO `SkillSet` (`id`) VALUES ('11592');
INSERT INTO `SkillSet_skills` (`SkillSet_id`, `skills`) VALUES ('11592', 'dotNet');
INSERT INTO `SkillSet_skills` (`SkillSet_id`, `skills`) VALUES ('11592', 'dotNet');
INSERT INTO `SkillSet_skills` (`SkillSet_id`, `skills`) VALUES ('11592', 'Java');
INSERT INTO `SkillSet_skills` (`SkillSet_id`, `skills`) VALUES ('11592', 'Architektur');
INSERT INTO `Mission` (`id`, `companyName`, `name`, `role`, `skillSet_id`) VALUES ('11592', '8ffae4bd-0e99-4c18-829f-5ec7b2f7c8bc', '3148e48c-8369-488d-9619-525d4faf544e', 'JuniorSoftwareEngineer', '11592');
INSERT INTO `SkillSet` (`id`) VALUES ('11593');
INSERT INTO `SkillSet_skills` (`SkillSet_id`, `skills`) VALUES ('11593', 'UITesting');
INSERT INTO `SkillSet_skills` (`SkillSet_id`, `skills`) VALUES ('11593', 'Ant');
INSERT INTO `SkillSet_skills` (`SkillSet_id`, `skills`) VALUES ('11593', 'Ant');
INSERT INTO `SkillSet_skills` (`SkillSet_id`, `skills`) VALUES ('11593', 'SQL');
INSERT INTO `SkillSet_skills` (`SkillSet_id`, `skills`) VALUES ('11593', 'Gradle');
INSERT INTO `Mission` (`id`, `companyName`, `name`, `role`, `skillSet_id`) VALUES ('11593', 'b49eb71d-00e2-4fe1-be44-1b61194d1063', '2e70ac51-0bd8-4509-90d4-6addb2e4e8fe', 'JuniorSoftwareEngineer', '11593');
INSERT INTO `SkillSet` (`id`) VALUES ('11594');
INSERT INTO `SkillSet_skills` (`SkillSet_id`, `skills`) VALUES ('11594', 'dotNet');
INSERT INTO `SkillSet_skills` (`SkillSet_id`, `skills`) VALUES ('11594', 'dotNet');
INSERT INTO `SkillSet_skills` (`SkillSet_id`, `skills`) VALUES ('11594', 'Java');
INSERT INTO `Mission` (`id`, `companyName`, `name`, `role`, `skillSet_id`) VALUES ('11594', '2063a947-1941-4096-8607-4b7c59dd4ee1', 'c8b3ebaa-5fbc-4064-ae96-46677111918d', 'LeadSoftwareArchitect', '11594');
INSERT INTO `SkillSet` (`id`) VALUES ('11595');
INSERT INTO `SkillSet_skills` (`SkillSet_id`, `skills`) VALUES ('11595', 'UnitTesting');
INSERT INTO `Mission` (`id`, `companyName`, `name`, `role`, `skillSet_id`) VALUES ('11595', '753118b3-8f82-4a68-b0c0-cddc1a1ecdf9', '0c9cd2f3-69e7-45c3-b843-645e04d3203d', 'PrincipalConsultant', '11595');
INSERT INTO `SkillSet` (`id`) VALUES ('11596');
INSERT INTO `SkillSet_skills` (`SkillSet_id`, `skills`) VALUES ('11596', 'Ant');
INSERT INTO `Mission` (`id`, `companyName`, `name`, `role`, `skillSet_id`) VALUES ('11596', '57b326b2-16b3-4cae-9b77-ffb95243ebd6', '07d47faa-b9f2-4406-8e6a-424f0c4c99ac', 'SoftwareEngineer', '11596');
INSERT INTO `SkillSet` (`id`) VALUES ('11597');
INSERT INTO `SkillSet_skills` (`SkillSet_id`, `skills`) VALUES ('11597', 'Gradle');
INSERT INTO `Mission` (`id`, `companyName`, `name`, `role`, `skillSet_id`) VALUES ('11597', '360663bb-e4f9-44aa-a034-a04629a92016', '7d22d063-fd56-4b94-832c-69392e79d1fb', 'LeadSoftwareArchitect', '11597');
INSERT INTO `SkillSet` (`id`) VALUES ('11598');
INSERT INTO `SkillSet_skills` (`SkillSet_id`, `skills`) VALUES ('11598', 'Gradle');
INSERT INTO `SkillSet_skills` (`SkillSet_id`, `skills`) VALUES ('11598', 'UnitTesting');
INSERT INTO `SkillSet_skills` (`SkillSet_id`, `skills`) VALUES ('11598', 'SQL');
INSERT INTO `Mission` (`id`, `companyName`, `name`, `role`, `skillSet_id`) VALUES ('11598', 'ec8281df-c5fb-41c6-a0fa-7c85a6783031', 'f637fd04-c80c-4994-a613-259dd0a613b9', 'JuniorSoftwareEngineer', '11598');
INSERT INTO `SkillSet` (`id`) VALUES ('11599');
INSERT INTO `SkillSet_skills` (`SkillSet_id`, `skills`) VALUES ('11599', 'SQL');
INSERT INTO `Mission` (`id`, `companyName`, `name`, `role`, `skillSet_id`) VALUES ('11599', '1112c267-d5ce-458a-a713-3177655286d5', '4c12c9fc-a91b-4690-a0c2-eac3167a4c56', 'LeadEngineer', '11599');
INSERT INTO `SkillSet` (`id`) VALUES ('11600');
INSERT INTO `SkillSet_skills` (`SkillSet_id`, `skills`) VALUES ('11600', 'UITesting');
INSERT INTO `SkillSet_skills` (`SkillSet_id`, `skills`) VALUES ('11600', 'Ant');
INSERT INTO `Mission` (`id`, `companyName`, `name`, `role`, `skillSet_id`) VALUES ('11600', 'eaa16857-4ddd-4a8b-beeb-d64de628f2de', '2e5deeb1-3377-485c-b257-d6ccd95b7a10', 'JuniorSoftwareEngineer', '11600');
INSERT INTO `SkillSet` (`id`) VALUES ('11601');
INSERT INTO `SkillSet_skills` (`SkillSet_id`, `skills`) VALUES ('11601', 'Java');
INSERT INTO `SkillSet_skills` (`SkillSet_id`, `skills`) VALUES ('11601', 'UnitTesting');
INSERT INTO `SkillSet_skills` (`SkillSet_id`, `skills`) VALUES ('11601', 'Architektur');
INSERT INTO `Mission` (`id`, `companyName`, `name`, `role`, `skillSet_id`) VALUES ('11601', '80b04065-5cbb-44d3-acfc-035db97a03f9', '5ec37ba9-63fe-4071-a85d-a95decd4b512', 'LeadEngineer', '11601');
INSERT INTO `SkillSet` (`id`) VALUES ('11602');
INSERT INTO `SkillSet_skills` (`SkillSet_id`, `skills`) VALUES ('11602', 'UITesting');
INSERT INTO `SkillSet_skills` (`SkillSet_id`, `skills`) VALUES ('11602', 'Gradle');
INSERT INTO `SkillSet_skills` (`SkillSet_id`, `skills`) VALUES ('11602', 'UnitTesting');
INSERT INTO `Mission` (`id`, `companyName`, `name`, `role`, `skillSet_id`) VALUES ('11602', '1249c6ea-e581-416f-8d83-499ba1a70487', 'e4744868-59cb-4f16-9926-e37cb8578b51', 'LeadEngineer', '11602');
INSERT INTO `SkillSet` (`id`) VALUES ('11603');
INSERT INTO `SkillSet_skills` (`SkillSet_id`, `skills`) VALUES ('11603', 'SQL');
INSERT INTO `SkillSet_skills` (`SkillSet_id`, `skills`) VALUES ('11603', 'Architektur');
INSERT INTO `SkillSet_skills` (`SkillSet_id`, `skills`) VALUES ('11603', 'Ant');
INSERT INTO `SkillSet_skills` (`SkillSet_id`, `skills`) VALUES ('11603', 'Ant');
INSERT INTO `Mission` (`id`, `companyName`, `name`, `role`, `skillSet_id`) VALUES ('11603', 'c66f6f78-9d24-4983-8cd5-b472b4180a40', '636294b9-7c20-4c85-8ce5-67ceea940614', 'PrincipalConsultant', '11603');
INSERT INTO `SkillSet` (`id`) VALUES ('11604');
INSERT INTO `SkillSet_skills` (`SkillSet_id`, `skills`) VALUES ('11604', 'UITesting');
INSERT INTO `SkillSet_skills` (`SkillSet_id`, `skills`) VALUES ('11604', 'SQL');
INSERT INTO `SkillSet_skills` (`SkillSet_id`, `skills`) VALUES ('11604', 'dotNet');
INSERT INTO `SkillSet_skills` (`SkillSet_id`, `skills`) VALUES ('11604', 'UITesting');
INSERT INTO `Mission` (`id`, `companyName`, `name`, `role`, `skillSet_id`) VALUES ('11604', 'e12d5342-637b-4882-914b-dd78a8c852e4', '14b16654-9381-4f6c-96a0-9513bce13af2', 'LeadSoftwareArchitect', '11604');
INSERT INTO `SkillSet` (`id`) VALUES ('11605');
INSERT INTO `SkillSet_skills` (`SkillSet_id`, `skills`) VALUES ('11605', 'Ant');
INSERT INTO `SkillSet_skills` (`SkillSet_id`, `skills`) VALUES ('11605', 'Java');
INSERT INTO `SkillSet_skills` (`SkillSet_id`, `skills`) VALUES ('11605', 'dotNet');
INSERT INTO `SkillSet_skills` (`SkillSet_id`, `skills`) VALUES ('11605', 'Architektur');
INSERT INTO `Mission` (`id`, `companyName`, `name`, `role`, `skillSet_id`) VALUES ('11605', 'd5ea55ba-c80a-4895-b4e6-3e6031becdec', '197665f8-3a31-4028-92dc-729c4a4b6fb7', 'LeadEngineer', '11605');
INSERT INTO `SkillSet` (`id`) VALUES ('11606');
INSERT INTO `SkillSet_skills` (`SkillSet_id`, `skills`) VALUES ('11606', 'UnitTesting');
INSERT INTO `Mission` (`id`, `companyName`, `name`, `role`, `skillSet_id`) VALUES ('11606', '0c6b4eb0-d075-484c-8ba6-92ebb447573f', 'c930d18f-ca87-428f-bed1-c89d8e32ffd3', 'SoftwareEngineer', '11606');
INSERT INTO `SkillSet` (`id`) VALUES ('11607');
INSERT INTO `SkillSet_skills` (`SkillSet_id`, `skills`) VALUES ('11607', 'dotNet');
INSERT INTO `SkillSet_skills` (`SkillSet_id`, `skills`) VALUES ('11607', 'SQL');
INSERT INTO `Mission` (`id`, `companyName`, `name`, `role`, `skillSet_id`) VALUES ('11607', 'd853eeb2-46a8-4600-8e3d-a85300a7b4f1', '9feb9093-b270-4c0b-9d3b-a91297fc49a3', 'SoftwareEngineer', '11607');
INSERT INTO `SkillSet` (`id`) VALUES ('11608');
INSERT INTO `SkillSet_skills` (`SkillSet_id`, `skills`) VALUES ('11608', 'UITesting');
INSERT INTO `SkillSet_skills` (`SkillSet_id`, `skills`) VALUES ('11608', 'Gradle');
INSERT INTO `SkillSet_skills` (`SkillSet_id`, `skills`) VALUES ('11608', 'Maven');
INSERT INTO `Mission` (`id`, `companyName`, `name`, `role`, `skillSet_id`) VALUES ('11608', '3f10aae0-8386-4541-bdb5-e4b779e111bc', '200470ab-0c74-415d-828c-103919c55d68', 'PrincipalConsultant', '11608');
INSERT INTO `SkillSet` (`id`) VALUES ('11609');
INSERT INTO `SkillSet_skills` (`SkillSet_id`, `skills`) VALUES ('11609', 'Gradle');
INSERT INTO `SkillSet_skills` (`SkillSet_id`, `skills`) VALUES ('11609', 'Gradle');
INSERT INTO `Mission` (`id`, `companyName`, `name`, `role`, `skillSet_id`) VALUES ('11609', 'a7843e6e-c1dc-4824-848c-f0aae1d8031e', 'f59bf82b-69c8-4da6-9b76-1f460984c050', 'SeniorSoftwareEngineer', '11609');
INSERT INTO `SkillSet` (`id`) VALUES ('11610');
INSERT INTO `SkillSet_skills` (`SkillSet_id`, `skills`) VALUES ('11610', 'dotNet');
INSERT INTO `Mission` (`id`, `companyName`, `name`, `role`, `skillSet_id`) VALUES ('11610', '1a6032d4-3a25-4ebe-83b8-0060aeb47921', '91aa134a-722a-4a79-8c2b-5199f0e2f858', 'LeadEngineer', '11610');
INSERT INTO `SkillSet` (`id`) VALUES ('11611');
INSERT INTO `SkillSet_skills` (`SkillSet_id`, `skills`) VALUES ('11611', 'Ant');
INSERT INTO `SkillSet_skills` (`SkillSet_id`, `skills`) VALUES ('11611', 'Gradle');
INSERT INTO `SkillSet_skills` (`SkillSet_id`, `skills`) VALUES ('11611', 'Architektur');
INSERT INTO `Mission` (`id`, `companyName`, `name`, `role`, `skillSet_id`) VALUES ('11611', 'f2a4a0cd-803e-4e3e-8b5e-9aea6ba23f1e', '55c1c2fe-e302-40d4-9431-3d6661192715', 'PrincipalConsultant', '11611');
INSERT INTO `SkillSet` (`id`) VALUES ('11612');
INSERT INTO `SkillSet_skills` (`SkillSet_id`, `skills`) VALUES ('11612', 'Maven');
INSERT INTO `SkillSet_skills` (`SkillSet_id`, `skills`) VALUES ('11612', 'Java');
INSERT INTO `Mission` (`id`, `companyName`, `name`, `role`, `skillSet_id`) VALUES ('11612', '0ab1eaa0-d5dd-4e1a-bf48-ad80b223862c', 'edffb3ae-bb4c-4422-ad84-e9ae3e6fd6c7', 'LeadEngineer', '11612');
INSERT INTO `SkillSet` (`id`) VALUES ('11613');
INSERT INTO `SkillSet_skills` (`SkillSet_id`, `skills`) VALUES ('11613', 'Java');
INSERT INTO `Mission` (`id`, `companyName`, `name`, `role`, `skillSet_id`) VALUES ('11613', '53a664a9-18d6-4f85-be77-a55a16b27daf', '9da9e491-13b2-43f6-b323-14b9d4d66ef2', 'JuniorSoftwareEngineer', '11613');
INSERT INTO `SkillSet` (`id`) VALUES ('11614');
INSERT INTO `SkillSet_skills` (`SkillSet_id`, `skills`) VALUES ('11614', 'Ant');
INSERT INTO `Mission` (`id`, `companyName`, `name`, `role`, `skillSet_id`) VALUES ('11614', 'b8ef08fe-fa19-4df3-88a1-054e1ec99cc1', '623cb3e6-07db-4d43-b798-ba6ab3fad9b1', 'SeniorSoftwareEngineer', '11614');
INSERT INTO `SkillSet` (`id`) VALUES ('11615');
INSERT INTO `SkillSet_skills` (`SkillSet_id`, `skills`) VALUES ('11615', 'Maven');
INSERT INTO `SkillSet_skills` (`SkillSet_id`, `skills`) VALUES ('11615', 'dotNet');
INSERT INTO `SkillSet_skills` (`SkillSet_id`, `skills`) VALUES ('11615', 'Architektur');
INSERT INTO `SkillSet_skills` (`SkillSet_id`, `skills`) VALUES ('11615', 'Gradle');
INSERT INTO `SkillSet_skills` (`SkillSet_id`, `skills`) VALUES ('11615', 'Java');
INSERT INTO `Mission` (`id`, `companyName`, `name`, `role`, `skillSet_id`) VALUES ('11615', '5320b6c7-9a72-469e-b953-a8ebaf7cb280', '2fd3ddf4-d7ad-4180-97a9-4ab209e42338', 'LeadSoftwareArchitect', '11615');
INSERT INTO `SkillSet` (`id`) VALUES ('11616');
INSERT INTO `SkillSet_skills` (`SkillSet_id`, `skills`) VALUES ('11616', 'Maven');
INSERT INTO `Mission` (`id`, `companyName`, `name`, `role`, `skillSet_id`) VALUES ('11616', '841b5384-1d0b-4a25-a6c5-d8126e3066e0', '415bb5c2-1dae-4365-abde-f7286abc4439', 'SeniorSoftwareEngineer', '11616');
INSERT INTO `SkillSet` (`id`) VALUES ('11617');
INSERT INTO `SkillSet_skills` (`SkillSet_id`, `skills`) VALUES ('11617', 'UnitTesting');
INSERT INTO `SkillSet_skills` (`SkillSet_id`, `skills`) VALUES ('11617', 'UnitTesting');
INSERT INTO `SkillSet_skills` (`SkillSet_id`, `skills`) VALUES ('11617', 'Gradle');
INSERT INTO `Mission` (`id`, `companyName`, `name`, `role`, `skillSet_id`) VALUES ('11617', '0ac4bf23-4fee-417e-b9f3-6fea9450d3ce', 'c918aff4-a7c6-4acb-8fda-1f1a126b4888', 'LeadSoftwareArchitect', '11617');
INSERT INTO `SkillSet` (`id`) VALUES ('11618');
INSERT INTO `SkillSet_skills` (`SkillSet_id`, `skills`) VALUES ('11618', 'Maven');
INSERT INTO `SkillSet_skills` (`SkillSet_id`, `skills`) VALUES ('11618', 'UnitTesting');
INSERT INTO `SkillSet_skills` (`SkillSet_id`, `skills`) VALUES ('11618', 'Maven');
INSERT INTO `SkillSet_skills` (`SkillSet_id`, `skills`) VALUES ('11618', 'dotNet');
INSERT INTO `Mission` (`id`, `companyName`, `name`, `role`, `skillSet_id`) VALUES ('11618', '45b9e82a-3186-4af9-9c9a-b1ea9730e48d', 'ec95e2e2-c7b6-40cd-891f-449a086f2a89', 'LeadSoftwareArchitect', '11618');
INSERT INTO `SkillSet` (`id`) VALUES ('11619');
INSERT INTO `SkillSet_skills` (`SkillSet_id`, `skills`) VALUES ('11619', 'UnitTesting');
INSERT INTO `SkillSet_skills` (`SkillSet_id`, `skills`) VALUES ('11619', 'Architektur');
INSERT INTO `Mission` (`id`, `companyName`, `name`, `role`, `skillSet_id`) VALUES ('11619', '0ecf32c2-3590-4726-9b1f-c5fed9fa071e', 'e5108ebf-1096-495b-ae55-c842ae391902', 'SoftwareEngineer', '11619');
INSERT INTO `SkillSet` (`id`) VALUES ('11620');
INSERT INTO `SkillSet_skills` (`SkillSet_id`, `skills`) VALUES ('11620', 'dotNet');
INSERT INTO `SkillSet_skills` (`SkillSet_id`, `skills`) VALUES ('11620', 'UnitTesting');
INSERT INTO `SkillSet_skills` (`SkillSet_id`, `skills`) VALUES ('11620', 'Architektur');
INSERT INTO `Mission` (`id`, `companyName`, `name`, `role`, `skillSet_id`) VALUES ('11620', 'bf8f1681-d093-4294-b723-e919147a5af2', 'e292251b-e994-428c-b1c9-8837c3f1e2f5', 'SoftwareEngineer', '11620');
INSERT INTO `SkillSet` (`id`) VALUES ('11621');
INSERT INTO `SkillSet_skills` (`SkillSet_id`, `skills`) VALUES ('11621', 'UnitTesting');
INSERT INTO `SkillSet_skills` (`SkillSet_id`, `skills`) VALUES ('11621', 'Ant');
INSERT INTO `SkillSet_skills` (`SkillSet_id`, `skills`) VALUES ('11621', 'Gradle');
INSERT INTO `SkillSet_skills` (`SkillSet_id`, `skills`) VALUES ('11621', 'Gradle');
INSERT INTO `Mission` (`id`, `companyName`, `name`, `role`, `skillSet_id`) VALUES ('11621', 'f8810a5d-87be-4baa-94b4-d2d08a4a8044', '085fde93-7a31-4213-8702-16511cd6e3c0', 'SoftwareEngineer', '11621');
INSERT INTO `SkillSet` (`id`) VALUES ('11622');
INSERT INTO `SkillSet_skills` (`SkillSet_id`, `skills`) VALUES ('11622', 'SQL');
INSERT INTO `SkillSet_skills` (`SkillSet_id`, `skills`) VALUES ('11622', 'UITesting');
INSERT INTO `SkillSet_skills` (`SkillSet_id`, `skills`) VALUES ('11622', 'SQL');
INSERT INTO `SkillSet_skills` (`SkillSet_id`, `skills`) VALUES ('11622', 'UITesting');
INSERT INTO `Mission` (`id`, `companyName`, `name`, `role`, `skillSet_id`) VALUES ('11622', 'de5f21d8-3f2f-48ce-9e16-f93875450183', '6da4bdc9-1e17-42cb-9ebb-f9f48180815a', 'SeniorSoftwareEngineer', '11622');
INSERT INTO `SkillSet` (`id`) VALUES ('11623');
INSERT INTO `SkillSet_skills` (`SkillSet_id`, `skills`) VALUES ('11623', 'UITesting');
INSERT INTO `SkillSet_skills` (`SkillSet_id`, `skills`) VALUES ('11623', 'Architektur');
INSERT INTO `SkillSet_skills` (`SkillSet_id`, `skills`) VALUES ('11623', 'dotNet');
INSERT INTO `SkillSet_skills` (`SkillSet_id`, `skills`) VALUES ('11623', 'UITesting');
INSERT INTO `SkillSet_skills` (`SkillSet_id`, `skills`) VALUES ('11623', 'Ant');
INSERT INTO `Mission` (`id`, `companyName`, `name`, `role`, `skillSet_id`) VALUES ('11623', '2c0722ee-d2b6-464e-9430-58fef5717f50', '5600a1ff-8e93-45b2-be58-e042a75196ac', 'PrincipalConsultant', '11623');
INSERT INTO `SkillSet` (`id`) VALUES ('11624');
INSERT INTO `SkillSet_skills` (`SkillSet_id`, `skills`) VALUES ('11624', 'UITesting');
INSERT INTO `Mission` (`id`, `companyName`, `name`, `role`, `skillSet_id`) VALUES ('11624', 'c819ba38-795a-497f-ad27-73db6bccf515', '6b136229-af85-45c2-972d-91e6e8209ded', 'LeadSoftwareArchitect', '11624');
INSERT INTO `SkillSet` (`id`) VALUES ('11625');
INSERT INTO `SkillSet_skills` (`SkillSet_id`, `skills`) VALUES ('11625', 'Java');
INSERT INTO `Mission` (`id`, `companyName`, `name`, `role`, `skillSet_id`) VALUES ('11625', '8fbdc605-ecc1-4442-b31e-9320cd7ab73c', 'b7bf4916-2c14-40ab-83de-74289e7e0b42', 'LeadSoftwareArchitect', '11625');
INSERT INTO `SkillSet` (`id`) VALUES ('11626');
INSERT INTO `SkillSet_skills` (`SkillSet_id`, `skills`) VALUES ('11626', 'Ant');
INSERT INTO `SkillSet_skills` (`SkillSet_id`, `skills`) VALUES ('11626', 'Maven');
INSERT INTO `Mission` (`id`, `companyName`, `name`, `role`, `skillSet_id`) VALUES ('11626', '41a25847-8ff9-4398-ad54-cadd46465d18', '344a007f-6575-439e-9c7e-b0f8b812f109', 'SoftwareEngineer', '11626');
INSERT INTO `SkillSet` (`id`) VALUES ('11627');
INSERT INTO `SkillSet_skills` (`SkillSet_id`, `skills`) VALUES ('11627', 'Java');
INSERT INTO `SkillSet_skills` (`SkillSet_id`, `skills`) VALUES ('11627', 'SQL');
INSERT INTO `SkillSet_skills` (`SkillSet_id`, `skills`) VALUES ('11627', 'UITesting');
INSERT INTO `SkillSet_skills` (`SkillSet_id`, `skills`) VALUES ('11627', 'Maven');
INSERT INTO `Mission` (`id`, `companyName`, `name`, `role`, `skillSet_id`) VALUES ('11627', '0e17408d-1e9c-4d20-acb3-c619d19163bd', '560293b5-ee12-41f2-9efb-f4954917f16f', 'LeadSoftwareArchitect', '11627');
INSERT INTO `SkillSet` (`id`) VALUES ('11628');
INSERT INTO `SkillSet_skills` (`SkillSet_id`, `skills`) VALUES ('11628', 'UITesting');
INSERT INTO `SkillSet_skills` (`SkillSet_id`, `skills`) VALUES ('11628', 'dotNet');
INSERT INTO `Mission` (`id`, `companyName`, `name`, `role`, `skillSet_id`) VALUES ('11628', 'e365c087-50a0-4530-af01-5c10f4d354ca', 'dbf25f51-7cbc-412c-ad4f-649783285f49', 'LeadSoftwareArchitect', '11628');
INSERT INTO `SkillSet` (`id`) VALUES ('11629');
INSERT INTO `SkillSet_skills` (`SkillSet_id`, `skills`) VALUES ('11629', 'Gradle');
INSERT INTO `SkillSet_skills` (`SkillSet_id`, `skills`) VALUES ('11629', 'Architektur');
INSERT INTO `SkillSet_skills` (`SkillSet_id`, `skills`) VALUES ('11629', 'Gradle');
INSERT INTO `SkillSet_skills` (`SkillSet_id`, `skills`) VALUES ('11629', 'Maven');
INSERT INTO `Mission` (`id`, `companyName`, `name`, `role`, `skillSet_id`) VALUES ('11629', '3eb42207-9a82-42e1-88cd-bdf70fec1cf4', 'e95c1264-9a48-413f-8c9c-28fe610549b5', 'LeadSoftwareArchitect', '11629');
INSERT INTO `SkillSet` (`id`) VALUES ('11630');
INSERT INTO `SkillSet_skills` (`SkillSet_id`, `skills`) VALUES ('11630', 'Gradle');
INSERT INTO `Mission` (`id`, `companyName`, `name`, `role`, `skillSet_id`) VALUES ('11630', 'df449868-8e31-4aed-912e-3ed1ba7e7fe7', 'f1d95b50-2be0-4ed2-826e-18167a4987bb', 'PrincipalConsultant', '11630');
INSERT INTO `SkillSet` (`id`) VALUES ('11631');
INSERT INTO `SkillSet_skills` (`SkillSet_id`, `skills`) VALUES ('11631', 'dotNet');
INSERT INTO `SkillSet_skills` (`SkillSet_id`, `skills`) VALUES ('11631', 'UnitTesting');
INSERT INTO `SkillSet_skills` (`SkillSet_id`, `skills`) VALUES ('11631', 'Gradle');
INSERT INTO `Mission` (`id`, `companyName`, `name`, `role`, `skillSet_id`) VALUES ('11631', '5648dbea-a940-40e8-ae0f-60ef03fb1359', '98d90df4-db21-4329-9961-50fbee9b4ecd', 'JuniorSoftwareEngineer', '11631');
INSERT INTO `SkillSet` (`id`) VALUES ('11632');
INSERT INTO `SkillSet_skills` (`SkillSet_id`, `skills`) VALUES ('11632', 'Maven');
INSERT INTO `Mission` (`id`, `companyName`, `name`, `role`, `skillSet_id`) VALUES ('11632', '6b2c8f07-d191-43da-8bf6-221b82c0ef2f', '5df0453d-9f6e-4e32-82b3-44bff59809ac', 'LeadSoftwareArchitect', '11632');
INSERT INTO `SkillSet` (`id`) VALUES ('11633');
INSERT INTO `SkillSet_skills` (`SkillSet_id`, `skills`) VALUES ('11633', 'Ant');
INSERT INTO `SkillSet_skills` (`SkillSet_id`, `skills`) VALUES ('11633', 'Architektur');
INSERT INTO `SkillSet_skills` (`SkillSet_id`, `skills`) VALUES ('11633', 'Ant');
INSERT INTO `SkillSet_skills` (`SkillSet_id`, `skills`) VALUES ('11633', 'UnitTesting');
INSERT INTO `SkillSet_skills` (`SkillSet_id`, `skills`) VALUES ('11633', 'Java');
INSERT INTO `Mission` (`id`, `companyName`, `name`, `role`, `skillSet_id`) VALUES ('11633', 'beb74787-5756-46a6-9022-9274a4c16226', '0c07e24c-fb18-474a-ac6c-989988033578', 'LeadSoftwareArchitect', '11633');
INSERT INTO `SkillSet` (`id`) VALUES ('11634');
INSERT INTO `SkillSet_skills` (`SkillSet_id`, `skills`) VALUES ('11634', 'Gradle');
INSERT INTO `SkillSet_skills` (`SkillSet_id`, `skills`) VALUES ('11634', 'UITesting');
INSERT INTO `Mission` (`id`, `companyName`, `name`, `role`, `skillSet_id`) VALUES ('11634', '7bdc874f-102d-4c69-8b0c-fdf33075823f', '759e5c4a-c19d-47d9-add4-dab0f284e497', 'PrincipalConsultant', '11634');
INSERT INTO `SkillSet` (`id`) VALUES ('11635');
INSERT INTO `SkillSet_skills` (`SkillSet_id`, `skills`) VALUES ('11635', 'Architektur');
INSERT INTO `Mission` (`id`, `companyName`, `name`, `role`, `skillSet_id`) VALUES ('11635', '3f34d586-615e-4727-99a5-64e19ed5b857', '96a9bf66-9769-494f-9e44-c63b47a6dd82', 'JuniorSoftwareEngineer', '11635');
INSERT INTO `SkillSet` (`id`) VALUES ('11636');
INSERT INTO `SkillSet_skills` (`SkillSet_id`, `skills`) VALUES ('11636', 'Ant');
INSERT INTO `SkillSet_skills` (`SkillSet_id`, `skills`) VALUES ('11636', 'SQL');
INSERT INTO `SkillSet_skills` (`SkillSet_id`, `skills`) VALUES ('11636', 'dotNet');
INSERT INTO `SkillSet_skills` (`SkillSet_id`, `skills`) VALUES ('11636', 'UITesting');
INSERT INTO `Mission` (`id`, `companyName`, `name`, `role`, `skillSet_id`) VALUES ('11636', '541b502f-825f-409e-bd29-b35a87b76106', '7cf87874-dead-4a03-bf27-7948cdf9479f', 'PrincipalConsultant', '11636');
INSERT INTO `SkillSet` (`id`) VALUES ('11637');
INSERT INTO `SkillSet_skills` (`SkillSet_id`, `skills`) VALUES ('11637', 'Maven');
INSERT INTO `Mission` (`id`, `companyName`, `name`, `role`, `skillSet_id`) VALUES ('11637', '45ba0160-4428-4a48-b893-1226e7c7a17d', 'f68cc20e-2f05-4cef-a937-51e911c82676', 'LeadEngineer', '11637');
INSERT INTO `SkillSet` (`id`) VALUES ('11638');
INSERT INTO `SkillSet_skills` (`SkillSet_id`, `skills`) VALUES ('11638', 'Architektur');
INSERT INTO `Mission` (`id`, `companyName`, `name`, `role`, `skillSet_id`) VALUES ('11638', '5fd327ea-5992-4776-b470-7d2229a593e4', 'f6b9607f-8d61-4974-97a7-43da2fa14996', 'SeniorSoftwareEngineer', '11638');
INSERT INTO `SkillSet` (`id`) VALUES ('11639');
INSERT INTO `SkillSet_skills` (`SkillSet_id`, `skills`) VALUES ('11639', 'Maven');
INSERT INTO `SkillSet_skills` (`SkillSet_id`, `skills`) VALUES ('11639', 'dotNet');
INSERT INTO `Mission` (`id`, `companyName`, `name`, `role`, `skillSet_id`) VALUES ('11639', '3fdbbf31-97c1-4a00-8fac-2b5c83ba453b', '61a8efce-c5f7-42d1-94f5-0cf2315b61b6', 'LeadSoftwareArchitect', '11639');
INSERT INTO `SkillSet` (`id`) VALUES ('11640');
INSERT INTO `SkillSet_skills` (`SkillSet_id`, `skills`) VALUES ('11640', 'Ant');
INSERT INTO `SkillSet_skills` (`SkillSet_id`, `skills`) VALUES ('11640', 'SQL');
INSERT INTO `SkillSet_skills` (`SkillSet_id`, `skills`) VALUES ('11640', 'Maven');
INSERT INTO `Mission` (`id`, `companyName`, `name`, `role`, `skillSet_id`) VALUES ('11640', 'a38a71dc-4012-40c6-a417-388eafe1c6c3', 'd7f21cb5-de8a-4eda-8164-923071dc0edb', 'JuniorSoftwareEngineer', '11640');
INSERT INTO `SkillSet` (`id`) VALUES ('11641');
INSERT INTO `SkillSet_skills` (`SkillSet_id`, `skills`) VALUES ('11641', 'Maven');
INSERT INTO `SkillSet_skills` (`SkillSet_id`, `skills`) VALUES ('11641', 'Java');
INSERT INTO `Mission` (`id`, `companyName`, `name`, `role`, `skillSet_id`) VALUES ('11641', 'fd8a728e-c709-4d79-ad2e-9cd13ac1b38a', '06831956-d9d5-4cd5-b9c8-21e9e4771c81', 'SoftwareEngineer', '11641');
INSERT INTO `SkillSet` (`id`) VALUES ('11642');
INSERT INTO `SkillSet_skills` (`SkillSet_id`, `skills`) VALUES ('11642', 'Ant');
INSERT INTO `SkillSet_skills` (`SkillSet_id`, `skills`) VALUES ('11642', 'dotNet');
INSERT INTO `Mission` (`id`, `companyName`, `name`, `role`, `skillSet_id`) VALUES ('11642', '19087aca-c53c-43ef-b202-80b9f42ff52a', 'edb7efc6-c8a3-4e50-849d-3eb918a37d6e', 'SoftwareEngineer', '11642');
INSERT INTO `SkillSet` (`id`) VALUES ('11643');
INSERT INTO `SkillSet_skills` (`SkillSet_id`, `skills`) VALUES ('11643', 'Gradle');
INSERT INTO `SkillSet_skills` (`SkillSet_id`, `skills`) VALUES ('11643', 'Gradle');
INSERT INTO `Mission` (`id`, `companyName`, `name`, `role`, `skillSet_id`) VALUES ('11643', 'c623fb68-7776-44f4-85bb-73854aa31433', '19e60bcf-c4c3-48b6-b47b-da0b5f506168', 'JuniorSoftwareEngineer', '11643');
INSERT INTO `SkillSet` (`id`) VALUES ('11644');
INSERT INTO `SkillSet_skills` (`SkillSet_id`, `skills`) VALUES ('11644', 'SQL');
INSERT INTO `SkillSet_skills` (`SkillSet_id`, `skills`) VALUES ('11644', 'SQL');
INSERT INTO `SkillSet_skills` (`SkillSet_id`, `skills`) VALUES ('11644', 'Architektur');
INSERT INTO `SkillSet_skills` (`SkillSet_id`, `skills`) VALUES ('11644', 'UnitTesting');
INSERT INTO `Mission` (`id`, `companyName`, `name`, `role`, `skillSet_id`) VALUES ('11644', '10f46e1f-3317-4a6b-a524-902152bfadef', 'f27c6c2f-8360-4cb5-a423-fbb1c70966e9', 'SeniorSoftwareEngineer', '11644');
INSERT INTO `SkillSet` (`id`) VALUES ('11645');
INSERT INTO `SkillSet_skills` (`SkillSet_id`, `skills`) VALUES ('11645', 'Java');
INSERT INTO `SkillSet_skills` (`SkillSet_id`, `skills`) VALUES ('11645', 'SQL');
INSERT INTO `SkillSet_skills` (`SkillSet_id`, `skills`) VALUES ('11645', 'Architektur');
INSERT INTO `SkillSet_skills` (`SkillSet_id`, `skills`) VALUES ('11645', 'dotNet');
INSERT INTO `SkillSet_skills` (`SkillSet_id`, `skills`) VALUES ('11645', 'Java');
INSERT INTO `Mission` (`id`, `companyName`, `name`, `role`, `skillSet_id`) VALUES ('11645', 'b4abe380-64b9-42ef-bce4-28485205c043', 'e9587f3c-3c08-479d-a04f-5b9e854740be', 'PrincipalConsultant', '11645');
INSERT INTO `SkillSet` (`id`) VALUES ('11646');
INSERT INTO `SkillSet_skills` (`SkillSet_id`, `skills`) VALUES ('11646', 'Maven');
INSERT INTO `Mission` (`id`, `companyName`, `name`, `role`, `skillSet_id`) VALUES ('11646', 'c5a073bb-4340-4b70-9cda-c051e433487e', '3a8b3486-008b-44e4-931b-edd5659117ed', 'LeadEngineer', '11646');
INSERT INTO `SkillSet` (`id`) VALUES ('11647');
INSERT INTO `SkillSet_skills` (`SkillSet_id`, `skills`) VALUES ('11647', 'Architektur');
INSERT INTO `SkillSet_skills` (`SkillSet_id`, `skills`) VALUES ('11647', 'Architektur');
INSERT INTO `SkillSet_skills` (`SkillSet_id`, `skills`) VALUES ('11647', 'SQL');
INSERT INTO `SkillSet_skills` (`SkillSet_id`, `skills`) VALUES ('11647', 'Java');
INSERT INTO `SkillSet_skills` (`SkillSet_id`, `skills`) VALUES ('11647', 'UnitTesting');
INSERT INTO `Mission` (`id`, `companyName`, `name`, `role`, `skillSet_id`) VALUES ('11647', '3928d053-abc2-4bee-84c3-b1bb600fd8a9', 'b15e3557-6efb-428f-abd9-2bc6bb5de091', 'LeadSoftwareArchitect', '11647');
INSERT INTO `SkillSet` (`id`) VALUES ('11648');
INSERT INTO `SkillSet_skills` (`SkillSet_id`, `skills`) VALUES ('11648', 'Ant');
INSERT INTO `SkillSet_skills` (`SkillSet_id`, `skills`) VALUES ('11648', 'Architektur');
INSERT INTO `SkillSet_skills` (`SkillSet_id`, `skills`) VALUES ('11648', 'dotNet');
INSERT INTO `SkillSet_skills` (`SkillSet_id`, `skills`) VALUES ('11648', 'dotNet');
INSERT INTO `SkillSet_skills` (`SkillSet_id`, `skills`) VALUES ('11648', 'Ant');
INSERT INTO `Mission` (`id`, `companyName`, `name`, `role`, `skillSet_id`) VALUES ('11648', '19bc8f90-22ea-4e30-ba86-898efb354b11', '6ae32134-5f34-49db-b8c9-ab41839a37e3', 'SeniorSoftwareEngineer', '11648');
INSERT INTO `SkillSet` (`id`) VALUES ('11649');
INSERT INTO `SkillSet_skills` (`SkillSet_id`, `skills`) VALUES ('11649', 'UITesting');
INSERT INTO `SkillSet_skills` (`SkillSet_id`, `skills`) VALUES ('11649', 'Architektur');
INSERT INTO `SkillSet_skills` (`SkillSet_id`, `skills`) VALUES ('11649', 'SQL');
INSERT INTO `SkillSet_skills` (`SkillSet_id`, `skills`) VALUES ('11649', 'UITesting');
INSERT INTO `Mission` (`id`, `companyName`, `name`, `role`, `skillSet_id`) VALUES ('11649', '095516a6-585c-4c62-ba50-03b94475135e', '84cf4ec5-a303-4c20-9686-a3821f20647e', 'SoftwareEngineer', '11649');
INSERT INTO `SkillSet` (`id`) VALUES ('11650');
INSERT INTO `SkillSet_skills` (`SkillSet_id`, `skills`) VALUES ('11650', 'Maven');
INSERT INTO `SkillSet_skills` (`SkillSet_id`, `skills`) VALUES ('11650', 'Architektur');
INSERT INTO `SkillSet_skills` (`SkillSet_id`, `skills`) VALUES ('11650', 'UnitTesting');
INSERT INTO `SkillSet_skills` (`SkillSet_id`, `skills`) VALUES ('11650', 'UnitTesting');
INSERT INTO `Mission` (`id`, `companyName`, `name`, `role`, `skillSet_id`) VALUES ('11650', '89dbb8fd-dc5c-42e5-96e8-093019139e19', 'faea7424-aa39-4975-9f0d-0cd6cc4211c3', 'LeadSoftwareArchitect', '11650');
INSERT INTO `SkillSet` (`id`) VALUES ('11651');
INSERT INTO `SkillSet_skills` (`SkillSet_id`, `skills`) VALUES ('11651', 'SQL');
INSERT INTO `Mission` (`id`, `companyName`, `name`, `role`, `skillSet_id`) VALUES ('11651', '0c74ac8e-0376-4588-b900-142e881dc06b', '887288c2-c0c4-4e0e-aea7-ec8edadb0357', 'SoftwareEngineer', '11651');
INSERT INTO `SkillSet` (`id`) VALUES ('11652');
INSERT INTO `SkillSet_skills` (`SkillSet_id`, `skills`) VALUES ('11652', 'dotNet');
INSERT INTO `Mission` (`id`, `companyName`, `name`, `role`, `skillSet_id`) VALUES ('11652', '7fc27032-1859-4001-8009-b23e9645510b', 'a9d5566f-1ab2-47af-9a79-37aef470717c', 'SeniorSoftwareEngineer', '11652');
INSERT INTO `SkillSet` (`id`) VALUES ('11653');
INSERT INTO `SkillSet_skills` (`SkillSet_id`, `skills`) VALUES ('11653', 'UnitTesting');
INSERT INTO `SkillSet_skills` (`SkillSet_id`, `skills`) VALUES ('11653', 'Java');
INSERT INTO `SkillSet_skills` (`SkillSet_id`, `skills`) VALUES ('11653', 'dotNet');
INSERT INTO `SkillSet_skills` (`SkillSet_id`, `skills`) VALUES ('11653', 'Gradle');
INSERT INTO `SkillSet_skills` (`SkillSet_id`, `skills`) VALUES ('11653', 'SQL');
INSERT INTO `Mission` (`id`, `companyName`, `name`, `role`, `skillSet_id`) VALUES ('11653', '36e90c45-87bb-4955-bf13-75f2797032ee', '70724b28-91d3-43f9-9b89-5d01d4855585', 'LeadEngineer', '11653');
INSERT INTO `SkillSet` (`id`) VALUES ('11654');
INSERT INTO `SkillSet_skills` (`SkillSet_id`, `skills`) VALUES ('11654', 'Architektur');
INSERT INTO `Mission` (`id`, `companyName`, `name`, `role`, `skillSet_id`) VALUES ('11654', 'e26e7e9e-bc70-42e2-8b2a-d58a42ef1bb3', '6677eaec-4048-47b1-9e83-308e0568db28', 'LeadSoftwareArchitect', '11654');
INSERT INTO `SkillSet` (`id`) VALUES ('11655');
INSERT INTO `SkillSet_skills` (`SkillSet_id`, `skills`) VALUES ('11655', 'Ant');
INSERT INTO `SkillSet_skills` (`SkillSet_id`, `skills`) VALUES ('11655', 'dotNet');
INSERT INTO `SkillSet_skills` (`SkillSet_id`, `skills`) VALUES ('11655', 'Ant');
INSERT INTO `SkillSet_skills` (`SkillSet_id`, `skills`) VALUES ('11655', 'Gradle');
INSERT INTO `Mission` (`id`, `companyName`, `name`, `role`, `skillSet_id`) VALUES ('11655', '63d87b23-2958-42ae-97fa-55b1fb14b0c6', 'e293828c-71d5-4e8c-8a93-c65fce98d92d', 'PrincipalConsultant', '11655');
INSERT INTO `SkillSet` (`id`) VALUES ('11656');
INSERT INTO `SkillSet_skills` (`SkillSet_id`, `skills`) VALUES ('11656', 'Architektur');
INSERT INTO `SkillSet_skills` (`SkillSet_id`, `skills`) VALUES ('11656', 'UnitTesting');
INSERT INTO `SkillSet_skills` (`SkillSet_id`, `skills`) VALUES ('11656', 'Gradle');
INSERT INTO `Mission` (`id`, `companyName`, `name`, `role`, `skillSet_id`) VALUES ('11656', 'ef1ea345-f8bd-4586-b04e-9c4a7844bd0f', 'e2855a4d-1ace-47a5-90f6-3d046c15959b', 'LeadSoftwareArchitect', '11656');
INSERT INTO `SkillSet` (`id`) VALUES ('11657');
INSERT INTO `SkillSet_skills` (`SkillSet_id`, `skills`) VALUES ('11657', 'Architektur');
INSERT INTO `SkillSet_skills` (`SkillSet_id`, `skills`) VALUES ('11657', 'Gradle');
INSERT INTO `Mission` (`id`, `companyName`, `name`, `role`, `skillSet_id`) VALUES ('11657', '888c7d73-e93e-419e-9bb5-3cd25137ed24', '6d23bda1-b10a-49a4-9d2a-145c6c6d06ff', 'LeadSoftwareArchitect', '11657');
INSERT INTO `SkillSet` (`id`) VALUES ('11658');
INSERT INTO `SkillSet_skills` (`SkillSet_id`, `skills`) VALUES ('11658', 'Ant');
INSERT INTO `Mission` (`id`, `companyName`, `name`, `role`, `skillSet_id`) VALUES ('11658', '6979556a-5ee9-42de-86ca-f6bb2eed5653', '213eee01-f2cb-44fd-bc78-eafbb8809117', 'PrincipalConsultant', '11658');
INSERT INTO `SkillSet` (`id`) VALUES ('11659');
INSERT INTO `SkillSet_skills` (`SkillSet_id`, `skills`) VALUES ('11659', 'Gradle');
INSERT INTO `SkillSet_skills` (`SkillSet_id`, `skills`) VALUES ('11659', 'SQL');
INSERT INTO `Mission` (`id`, `companyName`, `name`, `role`, `skillSet_id`) VALUES ('11659', 'e6cb5364-b941-4c43-81e1-ef824b47e906', '9b6c6f0b-d74e-4a73-b938-e16ebf14cf4b', 'SeniorSoftwareEngineer', '11659');
INSERT INTO `SkillSet` (`id`) VALUES ('11660');
INSERT INTO `SkillSet_skills` (`SkillSet_id`, `skills`) VALUES ('11660', 'Maven');
INSERT INTO `SkillSet_skills` (`SkillSet_id`, `skills`) VALUES ('11660', 'Architektur');
INSERT INTO `SkillSet_skills` (`SkillSet_id`, `skills`) VALUES ('11660', 'UITesting');
INSERT INTO `Mission` (`id`, `companyName`, `name`, `role`, `skillSet_id`) VALUES ('11660', 'b890b718-0a64-40c9-9869-d8b56738fe35', 'ba2e0448-94ba-4c61-b67e-980173c3cdd1', 'SoftwareEngineer', '11660');
INSERT INTO `SkillSet` (`id`) VALUES ('11661');
INSERT INTO `SkillSet_skills` (`SkillSet_id`, `skills`) VALUES ('11661', 'Architektur');
INSERT INTO `SkillSet_skills` (`SkillSet_id`, `skills`) VALUES ('11661', 'Ant');
INSERT INTO `Mission` (`id`, `companyName`, `name`, `role`, `skillSet_id`) VALUES ('11661', 'edbc0453-5d98-4657-9fac-e12a5a787413', 'c3a19967-d10a-4054-9810-139b61bd3444', 'PrincipalConsultant', '11661');
INSERT INTO `SkillSet` (`id`) VALUES ('11662');
INSERT INTO `SkillSet_skills` (`SkillSet_id`, `skills`) VALUES ('11662', 'Gradle');
INSERT INTO `SkillSet_skills` (`SkillSet_id`, `skills`) VALUES ('11662', 'Maven');
INSERT INTO `Mission` (`id`, `companyName`, `name`, `role`, `skillSet_id`) VALUES ('11662', '86a73af2-07f4-4347-9146-acd6081fd36d', '27a4d335-3d51-402b-ad4b-401a9db3b2fc', 'LeadSoftwareArchitect', '11662');
INSERT INTO `SkillSet` (`id`) VALUES ('11663');
INSERT INTO `SkillSet_skills` (`SkillSet_id`, `skills`) VALUES ('11663', 'Ant');
INSERT INTO `SkillSet_skills` (`SkillSet_id`, `skills`) VALUES ('11663', 'UnitTesting');
INSERT INTO `SkillSet_skills` (`SkillSet_id`, `skills`) VALUES ('11663', 'Java');
INSERT INTO `SkillSet_skills` (`SkillSet_id`, `skills`) VALUES ('11663', 'Maven');
INSERT INTO `SkillSet_skills` (`SkillSet_id`, `skills`) VALUES ('11663', 'Architektur');
INSERT INTO `Mission` (`id`, `companyName`, `name`, `role`, `skillSet_id`) VALUES ('11663', '67c79cb8-2268-41b1-9696-4dc115972883', 'c1be4fba-f970-46a3-a413-9b586b88b50a', 'SeniorSoftwareEngineer', '11663');
INSERT INTO `SkillSet` (`id`) VALUES ('11664');
INSERT INTO `SkillSet_skills` (`SkillSet_id`, `skills`) VALUES ('11664', 'SQL');
INSERT INTO `SkillSet_skills` (`SkillSet_id`, `skills`) VALUES ('11664', 'Ant');
INSERT INTO `SkillSet_skills` (`SkillSet_id`, `skills`) VALUES ('11664', 'Maven');
INSERT INTO `SkillSet_skills` (`SkillSet_id`, `skills`) VALUES ('11664', 'Gradle');
INSERT INTO `SkillSet_skills` (`SkillSet_id`, `skills`) VALUES ('11664', 'SQL');
INSERT INTO `Mission` (`id`, `companyName`, `name`, `role`, `skillSet_id`) VALUES ('11664', 'd739262a-ff7e-437e-9645-9956855c6547', 'c1ee9634-a436-4309-918f-f6b3e0dab7dd', 'LeadEngineer', '11664');
INSERT INTO `SkillSet` (`id`) VALUES ('11665');
INSERT INTO `SkillSet_skills` (`SkillSet_id`, `skills`) VALUES ('11665', 'Ant');
INSERT INTO `SkillSet_skills` (`SkillSet_id`, `skills`) VALUES ('11665', 'Ant');
INSERT INTO `Mission` (`id`, `companyName`, `name`, `role`, `skillSet_id`) VALUES ('11665', '5fe1eb96-fa68-41d4-a99f-444e921e7c0b', '94e60b42-f842-495d-af26-dd26c269f96c', 'LeadSoftwareArchitect', '11665');
INSERT INTO `SkillSet` (`id`) VALUES ('11666');
INSERT INTO `SkillSet_skills` (`SkillSet_id`, `skills`) VALUES ('11666', 'Gradle');
INSERT INTO `SkillSet_skills` (`SkillSet_id`, `skills`) VALUES ('11666', 'Maven');
INSERT INTO `SkillSet_skills` (`SkillSet_id`, `skills`) VALUES ('11666', 'Ant');
INSERT INTO `Mission` (`id`, `companyName`, `name`, `role`, `skillSet_id`) VALUES ('11666', 'c6624a13-3592-438e-aec4-0f3f88848bd5', '36c0c361-1441-4d43-b233-bbfc7e5bd2c9', 'JuniorSoftwareEngineer', '11666');
INSERT INTO `SkillSet` (`id`) VALUES ('11667');
INSERT INTO `SkillSet_skills` (`SkillSet_id`, `skills`) VALUES ('11667', 'SQL');
INSERT INTO `Mission` (`id`, `companyName`, `name`, `role`, `skillSet_id`) VALUES ('11667', '58f60fce-5818-4e71-83f8-f2d307c9c7d5', '8780cdf3-bb8f-4f7b-9e07-36f74fdef5a4', 'LeadEngineer', '11667');
INSERT INTO `SkillSet` (`id`) VALUES ('11668');
INSERT INTO `SkillSet_skills` (`SkillSet_id`, `skills`) VALUES ('11668', 'Maven');
INSERT INTO `SkillSet_skills` (`SkillSet_id`, `skills`) VALUES ('11668', 'Gradle');
INSERT INTO `SkillSet_skills` (`SkillSet_id`, `skills`) VALUES ('11668', 'Gradle');
INSERT INTO `SkillSet_skills` (`SkillSet_id`, `skills`) VALUES ('11668', 'UITesting');
INSERT INTO `Mission` (`id`, `companyName`, `name`, `role`, `skillSet_id`) VALUES ('11668', '0243f49e-b345-44af-a784-55b5dbac82aa', '6ba107a8-da1a-48fb-8dd5-7679ca3eebef', 'SeniorSoftwareEngineer', '11668');
INSERT INTO `SkillSet` (`id`) VALUES ('11669');
INSERT INTO `SkillSet_skills` (`SkillSet_id`, `skills`) VALUES ('11669', 'UnitTesting');
INSERT INTO `SkillSet_skills` (`SkillSet_id`, `skills`) VALUES ('11669', 'dotNet');
INSERT INTO `SkillSet_skills` (`SkillSet_id`, `skills`) VALUES ('11669', 'SQL');
INSERT INTO `Mission` (`id`, `companyName`, `name`, `role`, `skillSet_id`) VALUES ('11669', 'c4d0e556-db9b-42e9-9784-120d8d1092e1', '8d62a486-93f4-4686-86c4-157f4614c1d5', 'LeadSoftwareArchitect', '11669');
INSERT INTO `SkillSet` (`id`) VALUES ('11670');
INSERT INTO `SkillSet_skills` (`SkillSet_id`, `skills`) VALUES ('11670', 'Architektur');
INSERT INTO `Mission` (`id`, `companyName`, `name`, `role`, `skillSet_id`) VALUES ('11670', '53e416fe-d02d-4d9d-86b1-5378f20289e4', '372fcdf7-ddc9-4611-b288-824d85452911', 'SeniorSoftwareEngineer', '11670');
INSERT INTO `SkillSet` (`id`) VALUES ('11671');
INSERT INTO `SkillSet_skills` (`SkillSet_id`, `skills`) VALUES ('11671', 'Java');
INSERT INTO `SkillSet_skills` (`SkillSet_id`, `skills`) VALUES ('11671', 'dotNet');
INSERT INTO `SkillSet_skills` (`SkillSet_id`, `skills`) VALUES ('11671', 'Gradle');
INSERT INTO `SkillSet_skills` (`SkillSet_id`, `skills`) VALUES ('11671', 'UITesting');
INSERT INTO `Mission` (`id`, `companyName`, `name`, `role`, `skillSet_id`) VALUES ('11671', 'a19c25d4-9089-4a91-9ba6-67702383333c', 'f26b855b-dbfd-458e-8eed-1b3d75879666', 'JuniorSoftwareEngineer', '11671');
INSERT INTO `SkillSet` (`id`) VALUES ('11672');
INSERT INTO `SkillSet_skills` (`SkillSet_id`, `skills`) VALUES ('11672', 'dotNet');
INSERT INTO `SkillSet_skills` (`SkillSet_id`, `skills`) VALUES ('11672', 'Java');
INSERT INTO `SkillSet_skills` (`SkillSet_id`, `skills`) VALUES ('11672', 'SQL');
INSERT INTO `Mission` (`id`, `companyName`, `name`, `role`, `skillSet_id`) VALUES ('11672', '1cad2cd5-f6f8-4248-8fcd-53dc1b5057e9', 'f99e5baf-faa9-40a7-ab95-ff73efe0ff72', 'JuniorSoftwareEngineer', '11672');
INSERT INTO `SkillSet` (`id`) VALUES ('11673');
INSERT INTO `SkillSet_skills` (`SkillSet_id`, `skills`) VALUES ('11673', 'Architektur');
INSERT INTO `SkillSet_skills` (`SkillSet_id`, `skills`) VALUES ('11673', 'SQL');
INSERT INTO `SkillSet_skills` (`SkillSet_id`, `skills`) VALUES ('11673', 'Java');
INSERT INTO `Mission` (`id`, `companyName`, `name`, `role`, `skillSet_id`) VALUES ('11673', '37c66d14-7e0b-422e-8799-3e29cbccb29a', 'ae89db92-24b0-4893-b842-b4a11ee7467f', 'LeadEngineer', '11673');
INSERT INTO `SkillSet` (`id`) VALUES ('11674');
INSERT INTO `SkillSet_skills` (`SkillSet_id`, `skills`) VALUES ('11674', 'UnitTesting');
INSERT INTO `SkillSet_skills` (`SkillSet_id`, `skills`) VALUES ('11674', 'Ant');
INSERT INTO `SkillSet_skills` (`SkillSet_id`, `skills`) VALUES ('11674', 'Architektur');
INSERT INTO `Mission` (`id`, `companyName`, `name`, `role`, `skillSet_id`) VALUES ('11674', 'a3341369-473a-400e-9a70-0b2958a87c30', 'eb3b096e-0343-4ab9-bc6a-ad78505c71d5', 'LeadSoftwareArchitect', '11674');
INSERT INTO `SkillSet` (`id`) VALUES ('11675');
INSERT INTO `SkillSet_skills` (`SkillSet_id`, `skills`) VALUES ('11675', 'UITesting');
INSERT INTO `SkillSet_skills` (`SkillSet_id`, `skills`) VALUES ('11675', 'dotNet');
INSERT INTO `SkillSet_skills` (`SkillSet_id`, `skills`) VALUES ('11675', 'Java');
INSERT INTO `Mission` (`id`, `companyName`, `name`, `role`, `skillSet_id`) VALUES ('11675', '93fa84ae-d4d7-409c-a8ba-0ff1c2a00c32', 'c99c170d-7001-4806-a75e-97a8ae96b951', 'PrincipalConsultant', '11675');
INSERT INTO `SkillSet` (`id`) VALUES ('11676');
INSERT INTO `SkillSet_skills` (`SkillSet_id`, `skills`) VALUES ('11676', 'SQL');
INSERT INTO `SkillSet_skills` (`SkillSet_id`, `skills`) VALUES ('11676', 'Ant');
INSERT INTO `SkillSet_skills` (`SkillSet_id`, `skills`) VALUES ('11676', 'Gradle');
INSERT INTO `SkillSet_skills` (`SkillSet_id`, `skills`) VALUES ('11676', 'Gradle');
INSERT INTO `Mission` (`id`, `companyName`, `name`, `role`, `skillSet_id`) VALUES ('11676', 'f8f1e554-f443-442b-afb8-e7f0af7cc4a2', 'a46e50ee-ac18-48bf-a57b-f4cb7471e3f2', 'JuniorSoftwareEngineer', '11676');
INSERT INTO `SkillSet` (`id`) VALUES ('11677');
INSERT INTO `SkillSet_skills` (`SkillSet_id`, `skills`) VALUES ('11677', 'dotNet');
INSERT INTO `SkillSet_skills` (`SkillSet_id`, `skills`) VALUES ('11677', 'Gradle');
INSERT INTO `Mission` (`id`, `companyName`, `name`, `role`, `skillSet_id`) VALUES ('11677', 'dbbc9af7-c024-4404-babc-c03e2c5ac5b7', '3023a184-5498-4dd8-9132-b4b64580b613', 'LeadEngineer', '11677');
INSERT INTO `SkillSet` (`id`) VALUES ('11678');
INSERT INTO `SkillSet_skills` (`SkillSet_id`, `skills`) VALUES ('11678', 'Ant');
INSERT INTO `SkillSet_skills` (`SkillSet_id`, `skills`) VALUES ('11678', 'UnitTesting');
INSERT INTO `Mission` (`id`, `companyName`, `name`, `role`, `skillSet_id`) VALUES ('11678', '7d998fee-4812-4c40-a581-97dbefad1ab5', 'b033f874-f0a3-488f-8c3f-a5e13dd3ae32', 'SoftwareEngineer', '11678');
INSERT INTO `SkillSet` (`id`) VALUES ('11679');
INSERT INTO `SkillSet_skills` (`SkillSet_id`, `skills`) VALUES ('11679', 'dotNet');
INSERT INTO `SkillSet_skills` (`SkillSet_id`, `skills`) VALUES ('11679', 'UITesting');
INSERT INTO `SkillSet_skills` (`SkillSet_id`, `skills`) VALUES ('11679', 'Maven');
INSERT INTO `Mission` (`id`, `companyName`, `name`, `role`, `skillSet_id`) VALUES ('11679', '2ddeb878-054a-46f5-96f1-2c451ec3a154', 'c7f0681b-ad48-4793-96fd-1c137b048865', 'PrincipalConsultant', '11679');
INSERT INTO `SkillSet` (`id`) VALUES ('11680');
INSERT INTO `SkillSet_skills` (`SkillSet_id`, `skills`) VALUES ('11680', 'dotNet');
INSERT INTO `SkillSet_skills` (`SkillSet_id`, `skills`) VALUES ('11680', 'Maven');
INSERT INTO `Mission` (`id`, `companyName`, `name`, `role`, `skillSet_id`) VALUES ('11680', '5e7a4257-6b70-4d48-aa00-34c57645cdf8', 'fc9be002-8746-4bb9-b7c1-a63b147ce595', 'SeniorSoftwareEngineer', '11680');
INSERT INTO `SkillSet` (`id`) VALUES ('11681');
INSERT INTO `SkillSet_skills` (`SkillSet_id`, `skills`) VALUES ('11681', 'Java');
INSERT INTO `Mission` (`id`, `companyName`, `name`, `role`, `skillSet_id`) VALUES ('11681', '197c63fb-bd71-45a6-aa3d-7cce727edc4b', '078d0ffc-cf82-4e65-be0c-7c937d849387', 'LeadSoftwareArchitect', '11681');
INSERT INTO `SkillSet` (`id`) VALUES ('11682');
INSERT INTO `SkillSet_skills` (`SkillSet_id`, `skills`) VALUES ('11682', 'Ant');
INSERT INTO `SkillSet_skills` (`SkillSet_id`, `skills`) VALUES ('11682', 'Ant');
INSERT INTO `SkillSet_skills` (`SkillSet_id`, `skills`) VALUES ('11682', 'Gradle');
INSERT INTO `Mission` (`id`, `companyName`, `name`, `role`, `skillSet_id`) VALUES ('11682', '809eee88-600e-4412-a33e-c578666a1591', 'a6eb469c-b39c-42ce-bde1-d0bbd9be12a0', 'PrincipalConsultant', '11682');
INSERT INTO `SkillSet` (`id`) VALUES ('11683');
INSERT INTO `SkillSet_skills` (`SkillSet_id`, `skills`) VALUES ('11683', 'SQL');
INSERT INTO `Mission` (`id`, `companyName`, `name`, `role`, `skillSet_id`) VALUES ('11683', '6ac7d24d-aae0-40cb-8366-6d3cd10dccaf', '71a95689-4a52-4cab-a37c-fe06aec23dda', 'JuniorSoftwareEngineer', '11683');
INSERT INTO `SkillSet` (`id`) VALUES ('11684');
INSERT INTO `SkillSet_skills` (`SkillSet_id`, `skills`) VALUES ('11684', 'SQL');
INSERT INTO `Mission` (`id`, `companyName`, `name`, `role`, `skillSet_id`) VALUES ('11684', '93e4f7d5-3146-4d44-9f50-8aac29ccd4fe', '7f7e98b9-a2e1-47d7-9d5d-407836adb17a', 'PrincipalConsultant', '11684');
INSERT INTO `SkillSet` (`id`) VALUES ('11685');
INSERT INTO `SkillSet_skills` (`SkillSet_id`, `skills`) VALUES ('11685', 'Ant');
INSERT INTO `SkillSet_skills` (`SkillSet_id`, `skills`) VALUES ('11685', 'Java');
INSERT INTO `SkillSet_skills` (`SkillSet_id`, `skills`) VALUES ('11685', 'Gradle');
INSERT INTO `Mission` (`id`, `companyName`, `name`, `role`, `skillSet_id`) VALUES ('11685', '46920a82-0838-46b0-a190-ae0bb38ef14e', '57c63c51-1c32-43c8-8a2d-3a6393bd4cf2', 'SeniorSoftwareEngineer', '11685');
INSERT INTO `SkillSet` (`id`) VALUES ('11686');
INSERT INTO `SkillSet_skills` (`SkillSet_id`, `skills`) VALUES ('11686', 'SQL');
INSERT INTO `SkillSet_skills` (`SkillSet_id`, `skills`) VALUES ('11686', 'SQL');
INSERT INTO `SkillSet_skills` (`SkillSet_id`, `skills`) VALUES ('11686', 'dotNet');
INSERT INTO `SkillSet_skills` (`SkillSet_id`, `skills`) VALUES ('11686', 'Architektur');
INSERT INTO `SkillSet_skills` (`SkillSet_id`, `skills`) VALUES ('11686', 'Maven');
INSERT INTO `Mission` (`id`, `companyName`, `name`, `role`, `skillSet_id`) VALUES ('11686', 'd62bf08f-0983-4d85-881d-e48ed340f2cd', '552abef5-b838-42a8-a3a2-7c14cd535af4', 'SeniorSoftwareEngineer', '11686');
INSERT INTO `SkillSet` (`id`) VALUES ('11687');
INSERT INTO `SkillSet_skills` (`SkillSet_id`, `skills`) VALUES ('11687', 'Maven');
INSERT INTO `SkillSet_skills` (`SkillSet_id`, `skills`) VALUES ('11687', 'UnitTesting');
INSERT INTO `SkillSet_skills` (`SkillSet_id`, `skills`) VALUES ('11687', 'Java');
INSERT INTO `SkillSet_skills` (`SkillSet_id`, `skills`) VALUES ('11687', 'SQL');
INSERT INTO `Mission` (`id`, `companyName`, `name`, `role`, `skillSet_id`) VALUES ('11687', '7462ce65-00aa-4d0e-89ee-b5e11f77b586', '18f4b6d1-9b5f-46de-a53f-60b410e00737', 'JuniorSoftwareEngineer', '11687');
INSERT INTO `SkillSet` (`id`) VALUES ('11688');
INSERT INTO `SkillSet_skills` (`SkillSet_id`, `skills`) VALUES ('11688', 'Ant');
INSERT INTO `SkillSet_skills` (`SkillSet_id`, `skills`) VALUES ('11688', 'UnitTesting');
INSERT INTO `SkillSet_skills` (`SkillSet_id`, `skills`) VALUES ('11688', 'dotNet');
INSERT INTO `SkillSet_skills` (`SkillSet_id`, `skills`) VALUES ('11688', 'Maven');
INSERT INTO `SkillSet_skills` (`SkillSet_id`, `skills`) VALUES ('11688', 'SQL');
INSERT INTO `Mission` (`id`, `companyName`, `name`, `role`, `skillSet_id`) VALUES ('11688', 'e590677b-9f92-4da9-bafb-9b4101d3d6dd', '85086e94-adf1-43bd-960e-2148c50c31ad', 'JuniorSoftwareEngineer', '11688');
INSERT INTO `SkillSet` (`id`) VALUES ('11689');
INSERT INTO `SkillSet_skills` (`SkillSet_id`, `skills`) VALUES ('11689', 'Java');
INSERT INTO `SkillSet_skills` (`SkillSet_id`, `skills`) VALUES ('11689', 'SQL');
INSERT INTO `SkillSet_skills` (`SkillSet_id`, `skills`) VALUES ('11689', 'dotNet');
INSERT INTO `SkillSet_skills` (`SkillSet_id`, `skills`) VALUES ('11689', 'dotNet');
INSERT INTO `Mission` (`id`, `companyName`, `name`, `role`, `skillSet_id`) VALUES ('11689', '92395374-bd06-49de-9417-26c0bfe62df7', '3a9af713-0736-4876-9d7d-83d825466d06', 'SeniorSoftwareEngineer', '11689');
INSERT INTO `SkillSet` (`id`) VALUES ('11690');
INSERT INTO `SkillSet_skills` (`SkillSet_id`, `skills`) VALUES ('11690', 'SQL');
INSERT INTO `SkillSet_skills` (`SkillSet_id`, `skills`) VALUES ('11690', 'Java');
INSERT INTO `SkillSet_skills` (`SkillSet_id`, `skills`) VALUES ('11690', 'SQL');
INSERT INTO `Mission` (`id`, `companyName`, `name`, `role`, `skillSet_id`) VALUES ('11690', '815e67a8-7c55-4c0c-9721-aed77a7f24fc', 'a7ac36e0-efec-4929-a410-0ba930e78486', 'JuniorSoftwareEngineer', '11690');
INSERT INTO `SkillSet` (`id`) VALUES ('11691');
INSERT INTO `SkillSet_skills` (`SkillSet_id`, `skills`) VALUES ('11691', 'Ant');
INSERT INTO `SkillSet_skills` (`SkillSet_id`, `skills`) VALUES ('11691', 'dotNet');
INSERT INTO `SkillSet_skills` (`SkillSet_id`, `skills`) VALUES ('11691', 'Java');
INSERT INTO `Mission` (`id`, `companyName`, `name`, `role`, `skillSet_id`) VALUES ('11691', 'd54704a4-a528-4c28-9e48-6d300732f008', 'f1f2bd86-b2b5-407d-9e4d-5c191c3a975d', 'LeadEngineer', '11691');
INSERT INTO `SkillSet` (`id`) VALUES ('11692');
INSERT INTO `SkillSet_skills` (`SkillSet_id`, `skills`) VALUES ('11692', 'UnitTesting');
INSERT INTO `SkillSet_skills` (`SkillSet_id`, `skills`) VALUES ('11692', 'Java');
INSERT INTO `SkillSet_skills` (`SkillSet_id`, `skills`) VALUES ('11692', 'Ant');
INSERT INTO `Mission` (`id`, `companyName`, `name`, `role`, `skillSet_id`) VALUES ('11692', '24c5ae8a-c4fb-4d44-95c6-768a4acdc31c', '592a2fe6-a670-40f4-b81b-e277c7ee3215', 'LeadEngineer', '11692');
INSERT INTO `SkillSet` (`id`) VALUES ('11693');
INSERT INTO `SkillSet_skills` (`SkillSet_id`, `skills`) VALUES ('11693', 'Maven');
INSERT INTO `SkillSet_skills` (`SkillSet_id`, `skills`) VALUES ('11693', 'UITesting');
INSERT INTO `SkillSet_skills` (`SkillSet_id`, `skills`) VALUES ('11693', 'Gradle');
INSERT INTO `Mission` (`id`, `companyName`, `name`, `role`, `skillSet_id`) VALUES ('11693', 'e33850b0-0b2a-4d33-b0a5-6e76a022abe0', '34e5a418-2cf0-436b-ad27-b1c1ef457ec3', 'PrincipalConsultant', '11693');
INSERT INTO `SkillSet` (`id`) VALUES ('11694');
INSERT INTO `SkillSet_skills` (`SkillSet_id`, `skills`) VALUES ('11694', 'Gradle');
INSERT INTO `SkillSet_skills` (`SkillSet_id`, `skills`) VALUES ('11694', 'UITesting');
INSERT INTO `Mission` (`id`, `companyName`, `name`, `role`, `skillSet_id`) VALUES ('11694', '39144d4d-f4b3-4dff-9e6c-cd2331723ec5', '1acfaf4e-94f9-4251-bc5f-fdec99c1e0e4', 'SoftwareEngineer', '11694');
INSERT INTO `SkillSet` (`id`) VALUES ('11695');
INSERT INTO `SkillSet_skills` (`SkillSet_id`, `skills`) VALUES ('11695', 'Maven');
INSERT INTO `SkillSet_skills` (`SkillSet_id`, `skills`) VALUES ('11695', 'UnitTesting');
INSERT INTO `SkillSet_skills` (`SkillSet_id`, `skills`) VALUES ('11695', 'UITesting');
INSERT INTO `SkillSet_skills` (`SkillSet_id`, `skills`) VALUES ('11695', 'Gradle');
INSERT INTO `SkillSet_skills` (`SkillSet_id`, `skills`) VALUES ('11695', 'Maven');
INSERT INTO `Mission` (`id`, `companyName`, `name`, `role`, `skillSet_id`) VALUES ('11695', '4f7676c4-9403-43ed-a5c7-8ea526261ea6', '6328089b-bf36-49e3-a6b7-7c08e5efea5b', 'SeniorSoftwareEngineer', '11695');
INSERT INTO `SkillSet` (`id`) VALUES ('11696');
INSERT INTO `SkillSet_skills` (`SkillSet_id`, `skills`) VALUES ('11696', 'Gradle');
INSERT INTO `SkillSet_skills` (`SkillSet_id`, `skills`) VALUES ('11696', 'Java');
INSERT INTO `Mission` (`id`, `companyName`, `name`, `role`, `skillSet_id`) VALUES ('11696', 'd8b1a3f9-7c03-4c2e-aac6-b38201eef0c7', '1e745840-ec9c-4416-9299-216fd94599ec', 'JuniorSoftwareEngineer', '11696');
INSERT INTO `SkillSet` (`id`) VALUES ('11697');
INSERT INTO `SkillSet_skills` (`SkillSet_id`, `skills`) VALUES ('11697', 'Maven');
INSERT INTO `Mission` (`id`, `companyName`, `name`, `role`, `skillSet_id`) VALUES ('11697', '5c6f5da8-557d-4699-8513-ef5845bfc9ca', '7353ea99-9c54-487a-ba5f-7c9e2046365b', 'LeadEngineer', '11697');
INSERT INTO `SkillSet` (`id`) VALUES ('11698');
INSERT INTO `SkillSet_skills` (`SkillSet_id`, `skills`) VALUES ('11698', 'dotNet');
INSERT INTO `SkillSet_skills` (`SkillSet_id`, `skills`) VALUES ('11698', 'UITesting');
INSERT INTO `SkillSet_skills` (`SkillSet_id`, `skills`) VALUES ('11698', 'Gradle');
INSERT INTO `Mission` (`id`, `companyName`, `name`, `role`, `skillSet_id`) VALUES ('11698', '9ec3c432-c54b-44e9-84f1-7b231a258fb1', 'c899c1a5-abe8-4eb4-b447-242882fd1a5e', 'LeadSoftwareArchitect', '11698');
INSERT INTO `SkillSet` (`id`) VALUES ('11699');
INSERT INTO `SkillSet_skills` (`SkillSet_id`, `skills`) VALUES ('11699', 'Maven');
INSERT INTO `SkillSet_skills` (`SkillSet_id`, `skills`) VALUES ('11699', 'Architektur');
INSERT INTO `SkillSet_skills` (`SkillSet_id`, `skills`) VALUES ('11699', 'Maven');
INSERT INTO `SkillSet_skills` (`SkillSet_id`, `skills`) VALUES ('11699', 'Gradle');
INSERT INTO `SkillSet_skills` (`SkillSet_id`, `skills`) VALUES ('11699', 'Ant');
INSERT INTO `Mission` (`id`, `companyName`, `name`, `role`, `skillSet_id`) VALUES ('11699', 'ad621710-c808-4637-b246-137ea20ea496', 'b7dc7cf4-ec2d-4e02-ab33-926a038bbbe4', 'JuniorSoftwareEngineer', '11699');
INSERT INTO `SkillSet` (`id`) VALUES ('11700');
INSERT INTO `SkillSet_skills` (`SkillSet_id`, `skills`) VALUES ('11700', 'UITesting');
INSERT INTO `SkillSet_skills` (`SkillSet_id`, `skills`) VALUES ('11700', 'UnitTesting');
INSERT INTO `SkillSet_skills` (`SkillSet_id`, `skills`) VALUES ('11700', 'Maven');
INSERT INTO `SkillSet_skills` (`SkillSet_id`, `skills`) VALUES ('11700', 'Maven');
INSERT INTO `SkillSet_skills` (`SkillSet_id`, `skills`) VALUES ('11700', 'Ant');
INSERT INTO `Mission` (`id`, `companyName`, `name`, `role`, `skillSet_id`) VALUES ('11700', '4d2a260b-01e9-411a-93ee-84de663cee6c', '318d1d51-1e12-4c14-ac17-41b4a135228f', 'SeniorSoftwareEngineer', '11700');
INSERT INTO `SkillSet` (`id`) VALUES ('11701');
INSERT INTO `SkillSet_skills` (`SkillSet_id`, `skills`) VALUES ('11701', 'UnitTesting');
INSERT INTO `SkillSet_skills` (`SkillSet_id`, `skills`) VALUES ('11701', 'Maven');
INSERT INTO `SkillSet_skills` (`SkillSet_id`, `skills`) VALUES ('11701', 'dotNet');
INSERT INTO `SkillSet_skills` (`SkillSet_id`, `skills`) VALUES ('11701', 'Maven');
INSERT INTO `SkillSet_skills` (`SkillSet_id`, `skills`) VALUES ('11701', 'UITesting');
INSERT INTO `Mission` (`id`, `companyName`, `name`, `role`, `skillSet_id`) VALUES ('11701', '7f0c60f5-25b2-4d4c-921a-aa95b5083eeb', 'b9d389d4-c9e0-4a07-a982-c4c160fdb2b4', 'JuniorSoftwareEngineer', '11701');
INSERT INTO `SkillSet` (`id`) VALUES ('11702');
INSERT INTO `SkillSet_skills` (`SkillSet_id`, `skills`) VALUES ('11702', 'SQL');
INSERT INTO `SkillSet_skills` (`SkillSet_id`, `skills`) VALUES ('11702', 'dotNet');
INSERT INTO `Mission` (`id`, `companyName`, `name`, `role`, `skillSet_id`) VALUES ('11702', '0cc064e7-6530-40c8-852a-78f4f4c29966', 'd46fb42e-3a67-4d45-9a9b-db2912aba26f', 'SeniorSoftwareEngineer', '11702');
INSERT INTO `SkillSet` (`id`) VALUES ('11703');
INSERT INTO `SkillSet_skills` (`SkillSet_id`, `skills`) VALUES ('11703', 'dotNet');
INSERT INTO `SkillSet_skills` (`SkillSet_id`, `skills`) VALUES ('11703', 'SQL');
INSERT INTO `SkillSet_skills` (`SkillSet_id`, `skills`) VALUES ('11703', 'SQL');
INSERT INTO `SkillSet_skills` (`SkillSet_id`, `skills`) VALUES ('11703', 'Ant');
INSERT INTO `SkillSet_skills` (`SkillSet_id`, `skills`) VALUES ('11703', 'Java');
INSERT INTO `Mission` (`id`, `companyName`, `name`, `role`, `skillSet_id`) VALUES ('11703', 'ac7cc650-85b7-4b8f-a9a5-34ec770d64cc', 'c474278f-dcfa-4c9c-a942-e9724d453b3a', 'LeadSoftwareArchitect', '11703');
INSERT INTO `SkillSet` (`id`) VALUES ('11704');
INSERT INTO `SkillSet_skills` (`SkillSet_id`, `skills`) VALUES ('11704', 'Ant');
INSERT INTO `SkillSet_skills` (`SkillSet_id`, `skills`) VALUES ('11704', 'Java');
INSERT INTO `SkillSet_skills` (`SkillSet_id`, `skills`) VALUES ('11704', 'Gradle');
INSERT INTO `SkillSet_skills` (`SkillSet_id`, `skills`) VALUES ('11704', 'Gradle');
INSERT INTO `Mission` (`id`, `companyName`, `name`, `role`, `skillSet_id`) VALUES ('11704', '2ae3e133-fe69-4700-a5a5-28b2fab0ad5c', '3561eef5-186e-4437-a7f1-e238899e5180', 'PrincipalConsultant', '11704');
INSERT INTO `SkillSet` (`id`) VALUES ('11705');
INSERT INTO `SkillSet_skills` (`SkillSet_id`, `skills`) VALUES ('11705', 'UnitTesting');
INSERT INTO `SkillSet_skills` (`SkillSet_id`, `skills`) VALUES ('11705', 'dotNet');
INSERT INTO `SkillSet_skills` (`SkillSet_id`, `skills`) VALUES ('11705', 'Maven');
INSERT INTO `Mission` (`id`, `companyName`, `name`, `role`, `skillSet_id`) VALUES ('11705', '6d3c34c2-aa98-48ef-bea4-ad4bb919ff04', '2817d56d-c3c5-4001-9140-49c29a9aec6e', 'SoftwareEngineer', '11705');
INSERT INTO `SkillSet` (`id`) VALUES ('11706');
INSERT INTO `SkillSet_skills` (`SkillSet_id`, `skills`) VALUES ('11706', 'Architektur');
INSERT INTO `SkillSet_skills` (`SkillSet_id`, `skills`) VALUES ('11706', 'SQL');
INSERT INTO `Mission` (`id`, `companyName`, `name`, `role`, `skillSet_id`) VALUES ('11706', '9916f7d4-2e7a-4c0d-998c-eb9bdc73233a', '3b411406-a13c-497c-a55f-194770e2a539', 'LeadSoftwareArchitect', '11706');
INSERT INTO `SkillSet` (`id`) VALUES ('11707');
INSERT INTO `SkillSet_skills` (`SkillSet_id`, `skills`) VALUES ('11707', 'Architektur');
INSERT INTO `SkillSet_skills` (`SkillSet_id`, `skills`) VALUES ('11707', 'Gradle');
INSERT INTO `SkillSet_skills` (`SkillSet_id`, `skills`) VALUES ('11707', 'Maven');
INSERT INTO `SkillSet_skills` (`SkillSet_id`, `skills`) VALUES ('11707', 'Architektur');
INSERT INTO `SkillSet_skills` (`SkillSet_id`, `skills`) VALUES ('11707', 'UITesting');
INSERT INTO `Mission` (`id`, `companyName`, `name`, `role`, `skillSet_id`) VALUES ('11707', 'ed7e45aa-4411-425e-af35-231cd04047dd', '16b140e1-008e-4b3f-acc4-cb7f98701bd5', 'LeadEngineer', '11707');
INSERT INTO `SkillSet` (`id`) VALUES ('11708');
INSERT INTO `SkillSet_skills` (`SkillSet_id`, `skills`) VALUES ('11708', 'Java');
INSERT INTO `SkillSet_skills` (`SkillSet_id`, `skills`) VALUES ('11708', 'SQL');
INSERT INTO `SkillSet_skills` (`SkillSet_id`, `skills`) VALUES ('11708', 'Gradle');
INSERT INTO `SkillSet_skills` (`SkillSet_id`, `skills`) VALUES ('11708', 'Ant');
INSERT INTO `Mission` (`id`, `companyName`, `name`, `role`, `skillSet_id`) VALUES ('11708', '00af25a8-c8bb-4c7b-b906-27497d2fa1f2', 'e2e94070-d4bd-4cb5-be42-de1e6abb2300', 'PrincipalConsultant', '11708');
INSERT INTO `SkillSet` (`id`) VALUES ('11709');
INSERT INTO `SkillSet_skills` (`SkillSet_id`, `skills`) VALUES ('11709', 'Maven');
INSERT INTO `SkillSet_skills` (`SkillSet_id`, `skills`) VALUES ('11709', 'Java');
INSERT INTO `Mission` (`id`, `companyName`, `name`, `role`, `skillSet_id`) VALUES ('11709', '5e4665f5-abcb-4956-b49d-6bf7695a2c3e', '2b183e30-1e94-4c92-8f5d-23371925c0b4', 'PrincipalConsultant', '11709');
INSERT INTO `SkillSet` (`id`) VALUES ('11710');
INSERT INTO `SkillSet_skills` (`SkillSet_id`, `skills`) VALUES ('11710', 'Ant');
INSERT INTO `SkillSet_skills` (`SkillSet_id`, `skills`) VALUES ('11710', 'Maven');
INSERT INTO `SkillSet_skills` (`SkillSet_id`, `skills`) VALUES ('11710', 'dotNet');
INSERT INTO `Mission` (`id`, `companyName`, `name`, `role`, `skillSet_id`) VALUES ('11710', 'd06a872a-70db-4e04-8b61-c40fa986364b', 'dc4a6492-ac47-4741-933c-f3acb34ef255', 'SeniorSoftwareEngineer', '11710');
INSERT INTO `SkillSet` (`id`) VALUES ('11711');
INSERT INTO `SkillSet_skills` (`SkillSet_id`, `skills`) VALUES ('11711', 'Ant');
INSERT INTO `SkillSet_skills` (`SkillSet_id`, `skills`) VALUES ('11711', 'SQL');
INSERT INTO `SkillSet_skills` (`SkillSet_id`, `skills`) VALUES ('11711', 'UITesting');
INSERT INTO `SkillSet_skills` (`SkillSet_id`, `skills`) VALUES ('11711', 'Gradle');
INSERT INTO `SkillSet_skills` (`SkillSet_id`, `skills`) VALUES ('11711', 'SQL');
INSERT INTO `Mission` (`id`, `companyName`, `name`, `role`, `skillSet_id`) VALUES ('11711', 'c2ed5b1d-67c8-47e4-97a5-7b3dc052075e', 'aa32d910-7290-4fcb-8963-22793d9c7c4b', 'JuniorSoftwareEngineer', '11711');
INSERT INTO `SkillSet` (`id`) VALUES ('11712');
INSERT INTO `SkillSet_skills` (`SkillSet_id`, `skills`) VALUES ('11712', 'Maven');
INSERT INTO `SkillSet_skills` (`SkillSet_id`, `skills`) VALUES ('11712', 'SQL');
INSERT INTO `SkillSet_skills` (`SkillSet_id`, `skills`) VALUES ('11712', 'dotNet');
INSERT INTO `Mission` (`id`, `companyName`, `name`, `role`, `skillSet_id`) VALUES ('11712', '5a79524b-abc1-482c-b4ba-3d0204fdd13b', '696c9726-77bd-4ead-8961-6b5ed927cda6', 'SoftwareEngineer', '11712');
INSERT INTO `SkillSet` (`id`) VALUES ('11713');
INSERT INTO `SkillSet_skills` (`SkillSet_id`, `skills`) VALUES ('11713', 'Gradle');
INSERT INTO `SkillSet_skills` (`SkillSet_id`, `skills`) VALUES ('11713', 'Architektur');
INSERT INTO `SkillSet_skills` (`SkillSet_id`, `skills`) VALUES ('11713', 'Gradle');
INSERT INTO `SkillSet_skills` (`SkillSet_id`, `skills`) VALUES ('11713', 'UITesting');
INSERT INTO `Mission` (`id`, `companyName`, `name`, `role`, `skillSet_id`) VALUES ('11713', '233bc6eb-ce13-44d8-afda-78cf25bd1eaa', 'afc1ffaf-da0f-419d-912f-978f1c2e9762', 'SoftwareEngineer', '11713');
INSERT INTO `SkillSet` (`id`) VALUES ('11714');
INSERT INTO `SkillSet_skills` (`SkillSet_id`, `skills`) VALUES ('11714', 'Java');
INSERT INTO `SkillSet_skills` (`SkillSet_id`, `skills`) VALUES ('11714', 'Architektur');
INSERT INTO `SkillSet_skills` (`SkillSet_id`, `skills`) VALUES ('11714', 'UITesting');
INSERT INTO `SkillSet_skills` (`SkillSet_id`, `skills`) VALUES ('11714', 'UITesting');
INSERT INTO `Mission` (`id`, `companyName`, `name`, `role`, `skillSet_id`) VALUES ('11714', '8806b791-7775-4934-bcfa-7d7847230cef', '9b7f4a0b-c674-4f7f-bedf-7617439f8a36', 'PrincipalConsultant', '11714');
INSERT INTO `SkillSet` (`id`) VALUES ('11715');
INSERT INTO `SkillSet_skills` (`SkillSet_id`, `skills`) VALUES ('11715', 'dotNet');
INSERT INTO `SkillSet_skills` (`SkillSet_id`, `skills`) VALUES ('11715', 'UITesting');
INSERT INTO `SkillSet_skills` (`SkillSet_id`, `skills`) VALUES ('11715', 'Ant');
INSERT INTO `Mission` (`id`, `companyName`, `name`, `role`, `skillSet_id`) VALUES ('11715', 'e4155423-6516-42e0-a126-d9fe207ed098', 'c7c71d26-fd1a-40f9-821d-3eb3b4ea0d7f', 'JuniorSoftwareEngineer', '11715');
INSERT INTO `SkillSet` (`id`) VALUES ('11716');
INSERT INTO `SkillSet_skills` (`SkillSet_id`, `skills`) VALUES ('11716', 'dotNet');
INSERT INTO `SkillSet_skills` (`SkillSet_id`, `skills`) VALUES ('11716', 'UnitTesting');
INSERT INTO `SkillSet_skills` (`SkillSet_id`, `skills`) VALUES ('11716', 'Java');
INSERT INTO `SkillSet_skills` (`SkillSet_id`, `skills`) VALUES ('11716', 'Maven');
INSERT INTO `Mission` (`id`, `companyName`, `name`, `role`, `skillSet_id`) VALUES ('11716', '567b96c7-7789-4405-9a46-fa5ff68f31ff', '2114693f-ed1c-4cc6-a7e5-4bc88109f25c', 'LeadSoftwareArchitect', '11716');
INSERT INTO `SkillSet` (`id`) VALUES ('11717');
INSERT INTO `SkillSet_skills` (`SkillSet_id`, `skills`) VALUES ('11717', 'Maven');
INSERT INTO `SkillSet_skills` (`SkillSet_id`, `skills`) VALUES ('11717', 'Gradle');
INSERT INTO `SkillSet_skills` (`SkillSet_id`, `skills`) VALUES ('11717', 'UITesting');
INSERT INTO `SkillSet_skills` (`SkillSet_id`, `skills`) VALUES ('11717', 'Ant');
INSERT INTO `SkillSet_skills` (`SkillSet_id`, `skills`) VALUES ('11717', 'SQL');
INSERT INTO `Mission` (`id`, `companyName`, `name`, `role`, `skillSet_id`) VALUES ('11717', 'fdc8c921-117d-40c5-b49a-70367e726aff', '9867fc3f-af5e-48ce-a310-113f29029d4b', 'PrincipalConsultant', '11717');
INSERT INTO `SkillSet` (`id`) VALUES ('11718');
INSERT INTO `SkillSet_skills` (`SkillSet_id`, `skills`) VALUES ('11718', 'Gradle');
INSERT INTO `SkillSet_skills` (`SkillSet_id`, `skills`) VALUES ('11718', 'SQL');
INSERT INTO `Mission` (`id`, `companyName`, `name`, `role`, `skillSet_id`) VALUES ('11718', '63602e2e-7d51-40f6-9050-2427b053f45c', 'cbda65f9-1526-4fca-83ad-d98c395ca3af', 'PrincipalConsultant', '11718');
INSERT INTO `SkillSet` (`id`) VALUES ('11719');
INSERT INTO `SkillSet_skills` (`SkillSet_id`, `skills`) VALUES ('11719', 'Ant');
INSERT INTO `SkillSet_skills` (`SkillSet_id`, `skills`) VALUES ('11719', 'UITesting');
INSERT INTO `SkillSet_skills` (`SkillSet_id`, `skills`) VALUES ('11719', 'Maven');
INSERT INTO `Mission` (`id`, `companyName`, `name`, `role`, `skillSet_id`) VALUES ('11719', '2c581aa0-c07d-44fb-8dec-c5902066faa6', '789fcc46-26ee-4917-bd68-f77ffea44980', 'JuniorSoftwareEngineer', '11719');
INSERT INTO `SkillSet` (`id`) VALUES ('11720');
INSERT INTO `SkillSet_skills` (`SkillSet_id`, `skills`) VALUES ('11720', 'Maven');
INSERT INTO `SkillSet_skills` (`SkillSet_id`, `skills`) VALUES ('11720', 'Architektur');
INSERT INTO `SkillSet_skills` (`SkillSet_id`, `skills`) VALUES ('11720', 'Architektur');
INSERT INTO `SkillSet_skills` (`SkillSet_id`, `skills`) VALUES ('11720', 'Ant');
INSERT INTO `SkillSet_skills` (`SkillSet_id`, `skills`) VALUES ('11720', 'Ant');
INSERT INTO `Mission` (`id`, `companyName`, `name`, `role`, `skillSet_id`) VALUES ('11720', 'b03cdf26-a41f-4cd1-88ae-71ff2966e86e', '758f8dd7-9d2e-4697-bfc3-6fb4e4bf9f49', 'SoftwareEngineer', '11720');
INSERT INTO `SkillSet` (`id`) VALUES ('11721');
INSERT INTO `SkillSet_skills` (`SkillSet_id`, `skills`) VALUES ('11721', 'Maven');
INSERT INTO `SkillSet_skills` (`SkillSet_id`, `skills`) VALUES ('11721', 'UITesting');
INSERT INTO `Mission` (`id`, `companyName`, `name`, `role`, `skillSet_id`) VALUES ('11721', '03ab8779-d3b9-4684-848a-9ed93763323a', 'd07b88fe-fecd-4f40-af77-e80d3f19708f', 'SeniorSoftwareEngineer', '11721');
INSERT INTO `SkillSet` (`id`) VALUES ('11722');
INSERT INTO `SkillSet_skills` (`SkillSet_id`, `skills`) VALUES ('11722', 'UnitTesting');
INSERT INTO `Mission` (`id`, `companyName`, `name`, `role`, `skillSet_id`) VALUES ('11722', 'af22c084-f8d6-4250-8181-b09419cb67bc', '110be67d-82ec-4dd3-a4d4-eb3af3db833d', 'LeadEngineer', '11722');
INSERT INTO `SkillSet` (`id`) VALUES ('11723');
INSERT INTO `SkillSet_skills` (`SkillSet_id`, `skills`) VALUES ('11723', 'Gradle');
INSERT INTO `SkillSet_skills` (`SkillSet_id`, `skills`) VALUES ('11723', 'Ant');
INSERT INTO `Mission` (`id`, `companyName`, `name`, `role`, `skillSet_id`) VALUES ('11723', '0e997dd7-8f2f-4750-8a58-b14c3ec232e5', '2666e4d6-0e63-4de4-b1e1-4cd624a43524', 'SoftwareEngineer', '11723');
INSERT INTO `SkillSet` (`id`) VALUES ('11724');
INSERT INTO `SkillSet_skills` (`SkillSet_id`, `skills`) VALUES ('11724', 'Maven');
INSERT INTO `SkillSet_skills` (`SkillSet_id`, `skills`) VALUES ('11724', 'Ant');
INSERT INTO `SkillSet_skills` (`SkillSet_id`, `skills`) VALUES ('11724', 'Ant');
INSERT INTO `SkillSet_skills` (`SkillSet_id`, `skills`) VALUES ('11724', 'SQL');
INSERT INTO `Mission` (`id`, `companyName`, `name`, `role`, `skillSet_id`) VALUES ('11724', '816a4434-17c4-41fe-b6e1-7f08843ddcdc', '458edae5-7f39-4821-bd64-0fada1efdc84', 'SoftwareEngineer', '11724');
INSERT INTO `SkillSet` (`id`) VALUES ('11725');
INSERT INTO `SkillSet_skills` (`SkillSet_id`, `skills`) VALUES ('11725', 'Java');
INSERT INTO `SkillSet_skills` (`SkillSet_id`, `skills`) VALUES ('11725', 'Architektur');
INSERT INTO `SkillSet_skills` (`SkillSet_id`, `skills`) VALUES ('11725', 'Maven');
INSERT INTO `SkillSet_skills` (`SkillSet_id`, `skills`) VALUES ('11725', 'SQL');
INSERT INTO `Mission` (`id`, `companyName`, `name`, `role`, `skillSet_id`) VALUES ('11725', '33ed6ce9-c34c-4d7f-9c65-fcd30617ef42', '81784916-9cde-4364-8c36-9a68fb6e1189', 'PrincipalConsultant', '11725');
INSERT INTO `SkillSet` (`id`) VALUES ('11726');
INSERT INTO `SkillSet_skills` (`SkillSet_id`, `skills`) VALUES ('11726', 'Ant');
INSERT INTO `SkillSet_skills` (`SkillSet_id`, `skills`) VALUES ('11726', 'UnitTesting');
INSERT INTO `SkillSet_skills` (`SkillSet_id`, `skills`) VALUES ('11726', 'dotNet');
INSERT INTO `SkillSet_skills` (`SkillSet_id`, `skills`) VALUES ('11726', 'dotNet');
INSERT INTO `Mission` (`id`, `companyName`, `name`, `role`, `skillSet_id`) VALUES ('11726', 'be8ca3cc-ca0b-4711-9fdb-ce40ed8580e9', '85b2931f-6507-4a7f-8c87-b8912eb9f762', 'LeadEngineer', '11726');
INSERT INTO `SkillSet` (`id`) VALUES ('11727');
INSERT INTO `SkillSet_skills` (`SkillSet_id`, `skills`) VALUES ('11727', 'Architektur');
INSERT INTO `SkillSet_skills` (`SkillSet_id`, `skills`) VALUES ('11727', 'UITesting');
INSERT INTO `Mission` (`id`, `companyName`, `name`, `role`, `skillSet_id`) VALUES ('11727', 'b7ce2c27-f1ac-49db-8dc5-99234fd9df5f', 'a83e864b-844b-405c-9b8c-43477f5ef938', 'JuniorSoftwareEngineer', '11727');
INSERT INTO `SkillSet` (`id`) VALUES ('11728');
INSERT INTO `SkillSet_skills` (`SkillSet_id`, `skills`) VALUES ('11728', 'UITesting');
INSERT INTO `Mission` (`id`, `companyName`, `name`, `role`, `skillSet_id`) VALUES ('11728', 'd6ea33e2-b209-4213-b2f7-a12fd5effff7', '2afbca26-4ac1-41b6-b0e2-f80269cfb31f', 'SoftwareEngineer', '11728');
INSERT INTO `SkillSet` (`id`) VALUES ('11729');
INSERT INTO `SkillSet_skills` (`SkillSet_id`, `skills`) VALUES ('11729', 'UnitTesting');
INSERT INTO `Mission` (`id`, `companyName`, `name`, `role`, `skillSet_id`) VALUES ('11729', '2683f959-9e0d-466c-9697-281b9a837b2d', '56169419-4d48-45de-96ed-7c16a06ea27d', 'LeadEngineer', '11729');
INSERT INTO `SkillSet` (`id`) VALUES ('11730');
INSERT INTO `SkillSet_skills` (`SkillSet_id`, `skills`) VALUES ('11730', 'SQL');
INSERT INTO `SkillSet_skills` (`SkillSet_id`, `skills`) VALUES ('11730', 'SQL');
INSERT INTO `SkillSet_skills` (`SkillSet_id`, `skills`) VALUES ('11730', 'Maven');
INSERT INTO `Mission` (`id`, `companyName`, `name`, `role`, `skillSet_id`) VALUES ('11730', '095b24f5-b3f1-4f09-801c-dad5d43d3fed', '83dcc3c0-57ed-4158-a59a-097c89c7ab68', 'SeniorSoftwareEngineer', '11730');
INSERT INTO `SkillSet` (`id`) VALUES ('11731');
INSERT INTO `SkillSet_skills` (`SkillSet_id`, `skills`) VALUES ('11731', 'Java');
INSERT INTO `SkillSet_skills` (`SkillSet_id`, `skills`) VALUES ('11731', 'dotNet');
INSERT INTO `SkillSet_skills` (`SkillSet_id`, `skills`) VALUES ('11731', 'Gradle');
INSERT INTO `Mission` (`id`, `companyName`, `name`, `role`, `skillSet_id`) VALUES ('11731', 'ab3e7b0a-c860-469f-a433-7bdee59e6b7f', '29b274cf-5d8a-48b1-9f60-01de06f3763d', 'SeniorSoftwareEngineer', '11731');
INSERT INTO `SkillSet` (`id`) VALUES ('11732');
INSERT INTO `SkillSet_skills` (`SkillSet_id`, `skills`) VALUES ('11732', 'Architektur');
INSERT INTO `SkillSet_skills` (`SkillSet_id`, `skills`) VALUES ('11732', 'Architektur');
INSERT INTO `SkillSet_skills` (`SkillSet_id`, `skills`) VALUES ('11732', 'dotNet');
INSERT INTO `Mission` (`id`, `companyName`, `name`, `role`, `skillSet_id`) VALUES ('11732', '87883c2d-0ad0-40d4-b3f6-b01365782d1c', '8a394b31-7972-4940-830e-f5e43bea5365', 'PrincipalConsultant', '11732');
INSERT INTO `SkillSet` (`id`) VALUES ('11733');
INSERT INTO `SkillSet_skills` (`SkillSet_id`, `skills`) VALUES ('11733', 'Java');
INSERT INTO `Mission` (`id`, `companyName`, `name`, `role`, `skillSet_id`) VALUES ('11733', 'ae01e93c-0720-40ee-8a0c-77dfe9f35a68', 'be8449e2-47e8-4538-ab03-44bcbd597edf', 'PrincipalConsultant', '11733');
INSERT INTO `SkillSet` (`id`) VALUES ('11734');
INSERT INTO `SkillSet_skills` (`SkillSet_id`, `skills`) VALUES ('11734', 'Gradle');
INSERT INTO `SkillSet_skills` (`SkillSet_id`, `skills`) VALUES ('11734', 'Maven');
INSERT INTO `Mission` (`id`, `companyName`, `name`, `role`, `skillSet_id`) VALUES ('11734', '95a15890-5a0f-42b0-b242-3bd763a11ee0', '2002575d-c458-4e9f-bb9a-bbf60e431edd', 'JuniorSoftwareEngineer', '11734');
INSERT INTO `SkillSet` (`id`) VALUES ('11735');
INSERT INTO `SkillSet_skills` (`SkillSet_id`, `skills`) VALUES ('11735', 'Java');
INSERT INTO `SkillSet_skills` (`SkillSet_id`, `skills`) VALUES ('11735', 'SQL');
INSERT INTO `SkillSet_skills` (`SkillSet_id`, `skills`) VALUES ('11735', 'SQL');
INSERT INTO `SkillSet_skills` (`SkillSet_id`, `skills`) VALUES ('11735', 'Gradle');
INSERT INTO `Mission` (`id`, `companyName`, `name`, `role`, `skillSet_id`) VALUES ('11735', '0209d0bf-f23a-46de-8d70-252bce2242e0', '0c9e3db8-cdea-4f3b-b19c-b7f896be4cb1', 'PrincipalConsultant', '11735');
INSERT INTO `SkillSet` (`id`) VALUES ('11736');
INSERT INTO `SkillSet_skills` (`SkillSet_id`, `skills`) VALUES ('11736', 'Maven');
INSERT INTO `SkillSet_skills` (`SkillSet_id`, `skills`) VALUES ('11736', 'Architektur');
INSERT INTO `Mission` (`id`, `companyName`, `name`, `role`, `skillSet_id`) VALUES ('11736', '32f4a1bb-09c3-4be3-a655-4fb60049aa96', '5cb12f43-39ca-4a45-ae07-79fe5551a22c', 'JuniorSoftwareEngineer', '11736');
INSERT INTO `SkillSet` (`id`) VALUES ('11737');
INSERT INTO `SkillSet_skills` (`SkillSet_id`, `skills`) VALUES ('11737', 'Maven');
INSERT INTO `SkillSet_skills` (`SkillSet_id`, `skills`) VALUES ('11737', 'Java');
INSERT INTO `Mission` (`id`, `companyName`, `name`, `role`, `skillSet_id`) VALUES ('11737', 'aeb99556-d841-4e64-9a96-ea4f147dd533', '2d7605d0-8ddf-4b6b-84cb-ff35f7da06e9', 'LeadEngineer', '11737');
INSERT INTO `SkillSet` (`id`) VALUES ('11738');
INSERT INTO `SkillSet_skills` (`SkillSet_id`, `skills`) VALUES ('11738', 'Architektur');
INSERT INTO `Mission` (`id`, `companyName`, `name`, `role`, `skillSet_id`) VALUES ('11738', 'f725d3b6-51dd-49f5-a244-2cc4f57fddb2', '6b53eb94-b17b-4239-bfe7-898fdf5035d6', 'JuniorSoftwareEngineer', '11738');
INSERT INTO `SkillSet` (`id`) VALUES ('11739');
INSERT INTO `SkillSet_skills` (`SkillSet_id`, `skills`) VALUES ('11739', 'Architektur');
INSERT INTO `SkillSet_skills` (`SkillSet_id`, `skills`) VALUES ('11739', 'dotNet');
INSERT INTO `SkillSet_skills` (`SkillSet_id`, `skills`) VALUES ('11739', 'dotNet');
INSERT INTO `SkillSet_skills` (`SkillSet_id`, `skills`) VALUES ('11739', 'Java');
INSERT INTO `Mission` (`id`, `companyName`, `name`, `role`, `skillSet_id`) VALUES ('11739', '9363c9c2-d84b-4c61-967e-3506617ae194', '20331245-15a7-4e04-ba57-7a8942762770', 'JuniorSoftwareEngineer', '11739');
INSERT INTO `SkillSet` (`id`) VALUES ('11740');
INSERT INTO `SkillSet_skills` (`SkillSet_id`, `skills`) VALUES ('11740', 'Java');
INSERT INTO `SkillSet_skills` (`SkillSet_id`, `skills`) VALUES ('11740', 'UnitTesting');
INSERT INTO `SkillSet_skills` (`SkillSet_id`, `skills`) VALUES ('11740', 'Ant');
INSERT INTO `SkillSet_skills` (`SkillSet_id`, `skills`) VALUES ('11740', 'UnitTesting');
INSERT INTO `Mission` (`id`, `companyName`, `name`, `role`, `skillSet_id`) VALUES ('11740', 'b418acf3-8137-4068-9d3f-79e989176153', '82744ebf-d5a1-4696-a514-106a5738c123', 'SoftwareEngineer', '11740');
INSERT INTO `SkillSet` (`id`) VALUES ('11741');
INSERT INTO `SkillSet_skills` (`SkillSet_id`, `skills`) VALUES ('11741', 'SQL');
INSERT INTO `SkillSet_skills` (`SkillSet_id`, `skills`) VALUES ('11741', 'Ant');
INSERT INTO `Mission` (`id`, `companyName`, `name`, `role`, `skillSet_id`) VALUES ('11741', 'a027e80d-fe56-4af7-a726-5d23eb9f29b1', '71bcac6c-f728-4786-8f81-cb20487d4533', 'JuniorSoftwareEngineer', '11741');
INSERT INTO `SkillSet` (`id`) VALUES ('11742');
INSERT INTO `SkillSet_skills` (`SkillSet_id`, `skills`) VALUES ('11742', 'SQL');
INSERT INTO `Mission` (`id`, `companyName`, `name`, `role`, `skillSet_id`) VALUES ('11742', '75fc34d1-4797-427b-93f9-f0959ad8cb09', '01afd29d-c61e-429a-8c0c-efee8d1add2f', 'SeniorSoftwareEngineer', '11742');
INSERT INTO `SkillSet` (`id`) VALUES ('11743');
INSERT INTO `SkillSet_skills` (`SkillSet_id`, `skills`) VALUES ('11743', 'Maven');
INSERT INTO `SkillSet_skills` (`SkillSet_id`, `skills`) VALUES ('11743', 'Ant');
INSERT INTO `Mission` (`id`, `companyName`, `name`, `role`, `skillSet_id`) VALUES ('11743', '7a17818d-a5b9-4f5d-849d-507f68930c97', 'ba23bd0c-1296-40d3-abfe-b4eafca5f06e', 'LeadSoftwareArchitect', '11743');
INSERT INTO `SkillSet` (`id`) VALUES ('11744');
INSERT INTO `SkillSet_skills` (`SkillSet_id`, `skills`) VALUES ('11744', 'dotNet');
INSERT INTO `SkillSet_skills` (`SkillSet_id`, `skills`) VALUES ('11744', 'UITesting');
INSERT INTO `SkillSet_skills` (`SkillSet_id`, `skills`) VALUES ('11744', 'Gradle');
INSERT INTO `SkillSet_skills` (`SkillSet_id`, `skills`) VALUES ('11744', 'UnitTesting');
INSERT INTO `Mission` (`id`, `companyName`, `name`, `role`, `skillSet_id`) VALUES ('11744', '6f855bde-5dd9-4082-ba0a-e1b7da646907', '6759ce58-7761-4f9f-a262-143921c13141', 'PrincipalConsultant', '11744');
INSERT INTO `SkillSet` (`id`) VALUES ('11745');
INSERT INTO `SkillSet_skills` (`SkillSet_id`, `skills`) VALUES ('11745', 'Gradle');
INSERT INTO `SkillSet_skills` (`SkillSet_id`, `skills`) VALUES ('11745', 'Gradle');
INSERT INTO `SkillSet_skills` (`SkillSet_id`, `skills`) VALUES ('11745', 'Architektur');
INSERT INTO `SkillSet_skills` (`SkillSet_id`, `skills`) VALUES ('11745', 'UnitTesting');
INSERT INTO `SkillSet_skills` (`SkillSet_id`, `skills`) VALUES ('11745', 'dotNet');
INSERT INTO `Mission` (`id`, `companyName`, `name`, `role`, `skillSet_id`) VALUES ('11745', 'ea1df5db-97a1-41f6-8248-407508b08f26', '77b4af24-54d6-47af-9beb-76600408841d', 'SeniorSoftwareEngineer', '11745');
INSERT INTO `SkillSet` (`id`) VALUES ('11746');
INSERT INTO `SkillSet_skills` (`SkillSet_id`, `skills`) VALUES ('11746', 'dotNet');
INSERT INTO `SkillSet_skills` (`SkillSet_id`, `skills`) VALUES ('11746', 'Ant');
INSERT INTO `SkillSet_skills` (`SkillSet_id`, `skills`) VALUES ('11746', 'Architektur');
INSERT INTO `Mission` (`id`, `companyName`, `name`, `role`, `skillSet_id`) VALUES ('11746', '39b0ce9d-54f7-4a26-80ae-c1cccec48039', 'dfbc05a5-6c0c-4a66-84f5-05b7dd0794ca', 'JuniorSoftwareEngineer', '11746');
INSERT INTO `SkillSet` (`id`) VALUES ('11747');
INSERT INTO `SkillSet_skills` (`SkillSet_id`, `skills`) VALUES ('11747', 'SQL');
INSERT INTO `SkillSet_skills` (`SkillSet_id`, `skills`) VALUES ('11747', 'Maven');
INSERT INTO `SkillSet_skills` (`SkillSet_id`, `skills`) VALUES ('11747', 'UnitTesting');
INSERT INTO `SkillSet_skills` (`SkillSet_id`, `skills`) VALUES ('11747', 'Gradle');
INSERT INTO `SkillSet_skills` (`SkillSet_id`, `skills`) VALUES ('11747', 'Maven');
INSERT INTO `Mission` (`id`, `companyName`, `name`, `role`, `skillSet_id`) VALUES ('11747', '430c302b-d46b-495d-b34c-8356eae4e1c6', '46e9d060-8c81-411f-b526-edea29be4456', 'PrincipalConsultant', '11747');
INSERT INTO `SkillSet` (`id`) VALUES ('11748');
INSERT INTO `SkillSet_skills` (`SkillSet_id`, `skills`) VALUES ('11748', 'SQL');
INSERT INTO `SkillSet_skills` (`SkillSet_id`, `skills`) VALUES ('11748', 'dotNet');
INSERT INTO `Mission` (`id`, `companyName`, `name`, `role`, `skillSet_id`) VALUES ('11748', 'ab1cd95b-fcec-4e9d-a7ab-6bdd241f4d54', '2aa1f17b-a998-49dc-b998-c5a0138dbf40', 'LeadSoftwareArchitect', '11748');
INSERT INTO `SkillSet` (`id`) VALUES ('11749');
INSERT INTO `SkillSet_skills` (`SkillSet_id`, `skills`) VALUES ('11749', 'Ant');
INSERT INTO `Mission` (`id`, `companyName`, `name`, `role`, `skillSet_id`) VALUES ('11749', '514b3276-c4d4-476b-ad22-e1a1662e8855', '0d06ad1b-fc9b-47c2-bfcf-c320ae0d0627', 'SeniorSoftwareEngineer', '11749');
INSERT INTO `SkillSet` (`id`) VALUES ('11750');
INSERT INTO `SkillSet_skills` (`SkillSet_id`, `skills`) VALUES ('11750', 'UnitTesting');
INSERT INTO `SkillSet_skills` (`SkillSet_id`, `skills`) VALUES ('11750', 'UnitTesting');
INSERT INTO `SkillSet_skills` (`SkillSet_id`, `skills`) VALUES ('11750', 'Maven');
INSERT INTO `Mission` (`id`, `companyName`, `name`, `role`, `skillSet_id`) VALUES ('11750', '7ae8e54d-53c8-4a56-8d09-fce8648b3e49', 'c13a26b9-d8a6-42e0-9602-2454bb744126', 'PrincipalConsultant', '11750');
INSERT INTO `SkillSet` (`id`) VALUES ('11751');
INSERT INTO `SkillSet_skills` (`SkillSet_id`, `skills`) VALUES ('11751', 'SQL');
INSERT INTO `Mission` (`id`, `companyName`, `name`, `role`, `skillSet_id`) VALUES ('11751', 'a361957f-1369-4896-8f17-cbb0d2709987', '8251593f-66a6-42f1-8e80-2d41cd6ee822', 'LeadEngineer', '11751');
INSERT INTO `SkillSet` (`id`) VALUES ('11752');
INSERT INTO `SkillSet_skills` (`SkillSet_id`, `skills`) VALUES ('11752', 'Architektur');
INSERT INTO `Mission` (`id`, `companyName`, `name`, `role`, `skillSet_id`) VALUES ('11752', '33884281-0771-4733-80de-cb32d2f51401', '755f922e-dd35-496c-b846-d4789bea77de', 'SoftwareEngineer', '11752');
INSERT INTO `SkillSet` (`id`) VALUES ('11753');
INSERT INTO `SkillSet_skills` (`SkillSet_id`, `skills`) VALUES ('11753', 'Architektur');
INSERT INTO `Mission` (`id`, `companyName`, `name`, `role`, `skillSet_id`) VALUES ('11753', '707624a3-5e1c-47a9-9dbd-e261fe62eccf', '6371616d-9689-47bc-8a7d-69f829435c13', 'LeadEngineer', '11753');
INSERT INTO `SkillSet` (`id`) VALUES ('11754');
INSERT INTO `SkillSet_skills` (`SkillSet_id`, `skills`) VALUES ('11754', 'Architektur');
INSERT INTO `SkillSet_skills` (`SkillSet_id`, `skills`) VALUES ('11754', 'Gradle');
INSERT INTO `SkillSet_skills` (`SkillSet_id`, `skills`) VALUES ('11754', 'UnitTesting');
INSERT INTO `SkillSet_skills` (`SkillSet_id`, `skills`) VALUES ('11754', 'Gradle');
INSERT INTO `Mission` (`id`, `companyName`, `name`, `role`, `skillSet_id`) VALUES ('11754', '781f432a-0802-432c-b965-c1f9e8fd9188', 'a766d747-7fdb-4d3e-ba37-62cb90085926', 'PrincipalConsultant', '11754');
INSERT INTO `SkillSet` (`id`) VALUES ('11755');
INSERT INTO `SkillSet_skills` (`SkillSet_id`, `skills`) VALUES ('11755', 'Maven');
INSERT INTO `SkillSet_skills` (`SkillSet_id`, `skills`) VALUES ('11755', 'dotNet');
INSERT INTO `SkillSet_skills` (`SkillSet_id`, `skills`) VALUES ('11755', 'SQL');
INSERT INTO `SkillSet_skills` (`SkillSet_id`, `skills`) VALUES ('11755', 'SQL');
INSERT INTO `SkillSet_skills` (`SkillSet_id`, `skills`) VALUES ('11755', 'Maven');
INSERT INTO `Mission` (`id`, `companyName`, `name`, `role`, `skillSet_id`) VALUES ('11755', 'bbf5eb50-e905-4c25-9d25-fc4b3ca7e647', '2d81569c-49ba-463f-8cf4-4204cce57a2e', 'SeniorSoftwareEngineer', '11755');
INSERT INTO `SkillSet` (`id`) VALUES ('11756');
INSERT INTO `SkillSet_skills` (`SkillSet_id`, `skills`) VALUES ('11756', 'Maven');
INSERT INTO `SkillSet_skills` (`SkillSet_id`, `skills`) VALUES ('11756', 'Maven');
INSERT INTO `SkillSet_skills` (`SkillSet_id`, `skills`) VALUES ('11756', 'Java');
INSERT INTO `SkillSet_skills` (`SkillSet_id`, `skills`) VALUES ('11756', 'dotNet');
INSERT INTO `Mission` (`id`, `companyName`, `name`, `role`, `skillSet_id`) VALUES ('11756', 'e15dbb28-a5c1-4b4d-8675-f29aaed54ade', '54a8c23a-8a3c-4409-869e-5514f23063fb', 'LeadSoftwareArchitect', '11756');
INSERT INTO `SkillSet` (`id`) VALUES ('11757');
INSERT INTO `SkillSet_skills` (`SkillSet_id`, `skills`) VALUES ('11757', 'UnitTesting');
INSERT INTO `SkillSet_skills` (`SkillSet_id`, `skills`) VALUES ('11757', 'UITesting');
INSERT INTO `SkillSet_skills` (`SkillSet_id`, `skills`) VALUES ('11757', 'UITesting');
INSERT INTO `SkillSet_skills` (`SkillSet_id`, `skills`) VALUES ('11757', 'Maven');
INSERT INTO `Mission` (`id`, `companyName`, `name`, `role`, `skillSet_id`) VALUES ('11757', '750541cb-bbfe-47e8-bd02-aafe37008669', 'cf18ffe5-3b93-4f2a-b25d-431619080543', 'SoftwareEngineer', '11757');
INSERT INTO `SkillSet` (`id`) VALUES ('11758');
INSERT INTO `SkillSet_skills` (`SkillSet_id`, `skills`) VALUES ('11758', 'dotNet');
INSERT INTO `SkillSet_skills` (`SkillSet_id`, `skills`) VALUES ('11758', 'UnitTesting');
INSERT INTO `SkillSet_skills` (`SkillSet_id`, `skills`) VALUES ('11758', 'Ant');
INSERT INTO `Mission` (`id`, `companyName`, `name`, `role`, `skillSet_id`) VALUES ('11758', 'b0f5910f-42dc-44b5-b4a4-4e5df0832448', '678ed86f-40df-4342-86ad-09698a346217', 'SeniorSoftwareEngineer', '11758');
INSERT INTO `SkillSet` (`id`) VALUES ('11759');
INSERT INTO `SkillSet_skills` (`SkillSet_id`, `skills`) VALUES ('11759', 'Java');
INSERT INTO `SkillSet_skills` (`SkillSet_id`, `skills`) VALUES ('11759', 'UITesting');
INSERT INTO `SkillSet_skills` (`SkillSet_id`, `skills`) VALUES ('11759', 'UITesting');
INSERT INTO `SkillSet_skills` (`SkillSet_id`, `skills`) VALUES ('11759', 'Architektur');
INSERT INTO `Mission` (`id`, `companyName`, `name`, `role`, `skillSet_id`) VALUES ('11759', '86816969-7d86-4bac-aae0-52986ccef579', '22ca7bbb-c493-40cd-aceb-db6095461472', 'SeniorSoftwareEngineer', '11759');
INSERT INTO `SkillSet` (`id`) VALUES ('11760');
INSERT INTO `SkillSet_skills` (`SkillSet_id`, `skills`) VALUES ('11760', 'UnitTesting');
INSERT INTO `SkillSet_skills` (`SkillSet_id`, `skills`) VALUES ('11760', 'Java');
INSERT INTO `SkillSet_skills` (`SkillSet_id`, `skills`) VALUES ('11760', 'Gradle');
INSERT INTO `Mission` (`id`, `companyName`, `name`, `role`, `skillSet_id`) VALUES ('11760', 'd0cbc387-55eb-4622-ad3a-a168da250b13', 'c6b36cba-1440-408b-83c2-ab25ae5d5682', 'PrincipalConsultant', '11760');
INSERT INTO `SkillSet` (`id`) VALUES ('11761');
INSERT INTO `SkillSet_skills` (`SkillSet_id`, `skills`) VALUES ('11761', 'Architektur');
INSERT INTO `SkillSet_skills` (`SkillSet_id`, `skills`) VALUES ('11761', 'UITesting');
INSERT INTO `SkillSet_skills` (`SkillSet_id`, `skills`) VALUES ('11761', 'Java');
INSERT INTO `SkillSet_skills` (`SkillSet_id`, `skills`) VALUES ('11761', 'SQL');
INSERT INTO `SkillSet_skills` (`SkillSet_id`, `skills`) VALUES ('11761', 'SQL');
INSERT INTO `Mission` (`id`, `companyName`, `name`, `role`, `skillSet_id`) VALUES ('11761', 'b579fff5-e7e3-4503-aa4c-2395d06f019e', '707126b9-c691-463e-8c4a-2d9702b7b9ab', 'LeadSoftwareArchitect', '11761');
INSERT INTO `SkillSet` (`id`) VALUES ('11762');
INSERT INTO `SkillSet_skills` (`SkillSet_id`, `skills`) VALUES ('11762', 'Architektur');
INSERT INTO `SkillSet_skills` (`SkillSet_id`, `skills`) VALUES ('11762', 'UnitTesting');
INSERT INTO `SkillSet_skills` (`SkillSet_id`, `skills`) VALUES ('11762', 'Gradle');
INSERT INTO `Mission` (`id`, `companyName`, `name`, `role`, `skillSet_id`) VALUES ('11762', 'bd07b199-1e78-4ab3-bd84-a11624654cd5', '92918cc2-6312-4782-8ac9-af58105d00ff', 'SoftwareEngineer', '11762');
INSERT INTO `SkillSet` (`id`) VALUES ('11763');
INSERT INTO `SkillSet_skills` (`SkillSet_id`, `skills`) VALUES ('11763', 'Maven');
INSERT INTO `SkillSet_skills` (`SkillSet_id`, `skills`) VALUES ('11763', 'Java');
INSERT INTO `SkillSet_skills` (`SkillSet_id`, `skills`) VALUES ('11763', 'UnitTesting');
INSERT INTO `SkillSet_skills` (`SkillSet_id`, `skills`) VALUES ('11763', 'SQL');
INSERT INTO `SkillSet_skills` (`SkillSet_id`, `skills`) VALUES ('11763', 'Maven');
INSERT INTO `Mission` (`id`, `companyName`, `name`, `role`, `skillSet_id`) VALUES ('11763', 'd4476760-9bc1-48a9-ab1c-407fdd36146b', '13fe898f-e068-44a0-a2a6-46cc1d92e0a7', 'LeadSoftwareArchitect', '11763');
INSERT INTO `SkillSet` (`id`) VALUES ('11764');
INSERT INTO `SkillSet_skills` (`SkillSet_id`, `skills`) VALUES ('11764', 'Java');
INSERT INTO `SkillSet_skills` (`SkillSet_id`, `skills`) VALUES ('11764', 'SQL');
INSERT INTO `SkillSet_skills` (`SkillSet_id`, `skills`) VALUES ('11764', 'SQL');
INSERT INTO `SkillSet_skills` (`SkillSet_id`, `skills`) VALUES ('11764', 'Java');
INSERT INTO `SkillSet_skills` (`SkillSet_id`, `skills`) VALUES ('11764', 'SQL');
INSERT INTO `Mission` (`id`, `companyName`, `name`, `role`, `skillSet_id`) VALUES ('11764', 'f5d8afc6-351d-4d06-9229-518b3ec46d4c', '8e25b46a-d289-452f-a0b8-1e98b1bec4bf', 'SeniorSoftwareEngineer', '11764');
INSERT INTO `SkillSet` (`id`) VALUES ('11765');
INSERT INTO `SkillSet_skills` (`SkillSet_id`, `skills`) VALUES ('11765', 'UnitTesting');
INSERT INTO `SkillSet_skills` (`SkillSet_id`, `skills`) VALUES ('11765', 'Ant');
INSERT INTO `Mission` (`id`, `companyName`, `name`, `role`, `skillSet_id`) VALUES ('11765', '5ffd5774-0f0d-4dd1-982b-8f8c8fba1b9f', '1c0d1ec3-15bc-480a-b6fc-08286e73e0de', 'SeniorSoftwareEngineer', '11765');
INSERT INTO `SkillSet` (`id`) VALUES ('11766');
INSERT INTO `SkillSet_skills` (`SkillSet_id`, `skills`) VALUES ('11766', 'SQL');
INSERT INTO `SkillSet_skills` (`SkillSet_id`, `skills`) VALUES ('11766', 'Ant');
INSERT INTO `Mission` (`id`, `companyName`, `name`, `role`, `skillSet_id`) VALUES ('11766', '917838fd-6932-40c7-967b-2ab7d523f637', 'e993ca25-24e4-4b24-ada2-87522925b89a', 'PrincipalConsultant', '11766');
INSERT INTO `SkillSet` (`id`) VALUES ('11767');
INSERT INTO `SkillSet_skills` (`SkillSet_id`, `skills`) VALUES ('11767', 'Gradle');
INSERT INTO `SkillSet_skills` (`SkillSet_id`, `skills`) VALUES ('11767', 'Java');
INSERT INTO `SkillSet_skills` (`SkillSet_id`, `skills`) VALUES ('11767', 'UnitTesting');
INSERT INTO `SkillSet_skills` (`SkillSet_id`, `skills`) VALUES ('11767', 'UITesting');
INSERT INTO `SkillSet_skills` (`SkillSet_id`, `skills`) VALUES ('11767', 'SQL');
INSERT INTO `Mission` (`id`, `companyName`, `name`, `role`, `skillSet_id`) VALUES ('11767', '6e1ea086-a8fc-4ef1-8fc3-ce09a83877bf', 'd34f87ed-3b7e-4524-b07b-51c896033f08', 'LeadSoftwareArchitect', '11767');
INSERT INTO `SkillSet` (`id`) VALUES ('11768');
INSERT INTO `SkillSet_skills` (`SkillSet_id`, `skills`) VALUES ('11768', 'UITesting');
INSERT INTO `SkillSet_skills` (`SkillSet_id`, `skills`) VALUES ('11768', 'Gradle');
INSERT INTO `SkillSet_skills` (`SkillSet_id`, `skills`) VALUES ('11768', 'Java');
INSERT INTO `SkillSet_skills` (`SkillSet_id`, `skills`) VALUES ('11768', 'UITesting');
INSERT INTO `Mission` (`id`, `companyName`, `name`, `role`, `skillSet_id`) VALUES ('11768', '0e7af7ea-170b-435e-a737-e0428b02e03c', '810b6e00-c709-45d3-94fe-557978e52d1d', 'SoftwareEngineer', '11768');
INSERT INTO `SkillSet` (`id`) VALUES ('11769');
INSERT INTO `SkillSet_skills` (`SkillSet_id`, `skills`) VALUES ('11769', 'UITesting');
INSERT INTO `Mission` (`id`, `companyName`, `name`, `role`, `skillSet_id`) VALUES ('11769', '19b9565a-b956-4de2-938c-2e41eb55f144', '1b060869-9dd7-4c27-b800-9353a6dca7f0', 'LeadEngineer', '11769');
INSERT INTO `SkillSet` (`id`) VALUES ('11770');
INSERT INTO `SkillSet_skills` (`SkillSet_id`, `skills`) VALUES ('11770', 'SQL');
INSERT INTO `SkillSet_skills` (`SkillSet_id`, `skills`) VALUES ('11770', 'Ant');
INSERT INTO `SkillSet_skills` (`SkillSet_id`, `skills`) VALUES ('11770', 'Architektur');
INSERT INTO `Mission` (`id`, `companyName`, `name`, `role`, `skillSet_id`) VALUES ('11770', '6fb82ad5-95c7-4222-932e-5cb5460ca929', '17b4961d-2d68-4458-81fa-fff8216ac31a', 'JuniorSoftwareEngineer', '11770');
INSERT INTO `SkillSet` (`id`) VALUES ('11771');
INSERT INTO `SkillSet_skills` (`SkillSet_id`, `skills`) VALUES ('11771', 'UnitTesting');
INSERT INTO `SkillSet_skills` (`SkillSet_id`, `skills`) VALUES ('11771', 'Gradle');
INSERT INTO `SkillSet_skills` (`SkillSet_id`, `skills`) VALUES ('11771', 'Gradle');
INSERT INTO `Mission` (`id`, `companyName`, `name`, `role`, `skillSet_id`) VALUES ('11771', 'bb6f4cb6-b605-4836-8e14-34d8642f163a', '285b7403-c629-451f-bc2a-43db466d9aac', 'JuniorSoftwareEngineer', '11771');
INSERT INTO `SkillSet` (`id`) VALUES ('11772');
INSERT INTO `SkillSet_skills` (`SkillSet_id`, `skills`) VALUES ('11772', 'dotNet');
INSERT INTO `SkillSet_skills` (`SkillSet_id`, `skills`) VALUES ('11772', 'Java');
INSERT INTO `SkillSet_skills` (`SkillSet_id`, `skills`) VALUES ('11772', 'Architektur');
INSERT INTO `Mission` (`id`, `companyName`, `name`, `role`, `skillSet_id`) VALUES ('11772', 'bbc1d3a4-5b3c-4983-adc3-888f5c9bc884', 'f3031920-63cc-4ea2-a32e-88b488d0a383', 'LeadEngineer', '11772');
INSERT INTO `SkillSet` (`id`) VALUES ('11773');
INSERT INTO `SkillSet_skills` (`SkillSet_id`, `skills`) VALUES ('11773', 'Java');
INSERT INTO `SkillSet_skills` (`SkillSet_id`, `skills`) VALUES ('11773', 'SQL');
INSERT INTO `SkillSet_skills` (`SkillSet_id`, `skills`) VALUES ('11773', 'Architektur');
INSERT INTO `SkillSet_skills` (`SkillSet_id`, `skills`) VALUES ('11773', 'dotNet');
INSERT INTO `Mission` (`id`, `companyName`, `name`, `role`, `skillSet_id`) VALUES ('11773', 'a9f127ee-b851-4310-b261-b27980afcd08', 'cef1a2be-17d4-460a-951e-47ca2db54eb3', 'LeadSoftwareArchitect', '11773');
INSERT INTO `SkillSet` (`id`) VALUES ('11774');
INSERT INTO `SkillSet_skills` (`SkillSet_id`, `skills`) VALUES ('11774', 'Ant');
INSERT INTO `SkillSet_skills` (`SkillSet_id`, `skills`) VALUES ('11774', 'SQL');
INSERT INTO `Mission` (`id`, `companyName`, `name`, `role`, `skillSet_id`) VALUES ('11774', '36ea6f89-9c29-44af-be9e-5b0963cce7dd', '9d2f6362-dbe5-498c-9030-76c30eb2f18c', 'JuniorSoftwareEngineer', '11774');
INSERT INTO `SkillSet` (`id`) VALUES ('11775');
INSERT INTO `SkillSet_skills` (`SkillSet_id`, `skills`) VALUES ('11775', 'Java');
INSERT INTO `SkillSet_skills` (`SkillSet_id`, `skills`) VALUES ('11775', 'Java');
INSERT INTO `SkillSet_skills` (`SkillSet_id`, `skills`) VALUES ('11775', 'UnitTesting');
INSERT INTO `SkillSet_skills` (`SkillSet_id`, `skills`) VALUES ('11775', 'dotNet');
INSERT INTO `Mission` (`id`, `companyName`, `name`, `role`, `skillSet_id`) VALUES ('11775', '36584a53-c90c-4b7a-8909-12cd20305465', '3507e136-df33-4b17-aff5-810443dafd06', 'SeniorSoftwareEngineer', '11775');
INSERT INTO `SkillSet` (`id`) VALUES ('11776');
INSERT INTO `SkillSet_skills` (`SkillSet_id`, `skills`) VALUES ('11776', 'Ant');
INSERT INTO `SkillSet_skills` (`SkillSet_id`, `skills`) VALUES ('11776', 'Ant');
INSERT INTO `SkillSet_skills` (`SkillSet_id`, `skills`) VALUES ('11776', 'Maven');
INSERT INTO `SkillSet_skills` (`SkillSet_id`, `skills`) VALUES ('11776', 'Architektur');
INSERT INTO `Mission` (`id`, `companyName`, `name`, `role`, `skillSet_id`) VALUES ('11776', 'b32a718f-3019-498c-ab55-35ecfda9df0d', 'ab41d58c-a30a-4b35-8527-efe6ccf014db', 'SeniorSoftwareEngineer', '11776');
INSERT INTO `SkillSet` (`id`) VALUES ('11777');
INSERT INTO `SkillSet_skills` (`SkillSet_id`, `skills`) VALUES ('11777', 'Java');
INSERT INTO `SkillSet_skills` (`SkillSet_id`, `skills`) VALUES ('11777', 'UnitTesting');
INSERT INTO `Mission` (`id`, `companyName`, `name`, `role`, `skillSet_id`) VALUES ('11777', 'c1160472-f923-444e-b7a1-f4f9e33298ad', 'd6bcec1b-c598-4e49-aa0f-de469a108928', 'JuniorSoftwareEngineer', '11777');
INSERT INTO `SkillSet` (`id`) VALUES ('11778');
INSERT INTO `SkillSet_skills` (`SkillSet_id`, `skills`) VALUES ('11778', 'UITesting');
INSERT INTO `SkillSet_skills` (`SkillSet_id`, `skills`) VALUES ('11778', 'Maven');
INSERT INTO `Mission` (`id`, `companyName`, `name`, `role`, `skillSet_id`) VALUES ('11778', '278f2058-e37f-4f75-a285-b525417a7ec4', '26878f94-929e-42d9-8452-5ff352fcf5c1', 'SeniorSoftwareEngineer', '11778');
INSERT INTO `SkillSet` (`id`) VALUES ('11779');
INSERT INTO `SkillSet_skills` (`SkillSet_id`, `skills`) VALUES ('11779', 'SQL');
INSERT INTO `SkillSet_skills` (`SkillSet_id`, `skills`) VALUES ('11779', 'UnitTesting');
INSERT INTO `SkillSet_skills` (`SkillSet_id`, `skills`) VALUES ('11779', 'Maven');
INSERT INTO `Mission` (`id`, `companyName`, `name`, `role`, `skillSet_id`) VALUES ('11779', '73ef7825-9690-4478-b887-d6d164f4b4a2', 'e6e73b14-6372-4aa6-98ae-a8ed763c4b09', 'SeniorSoftwareEngineer', '11779');
INSERT INTO `SkillSet` (`id`) VALUES ('11780');
INSERT INTO `SkillSet_skills` (`SkillSet_id`, `skills`) VALUES ('11780', 'Maven');
INSERT INTO `SkillSet_skills` (`SkillSet_id`, `skills`) VALUES ('11780', 'Maven');
INSERT INTO `SkillSet_skills` (`SkillSet_id`, `skills`) VALUES ('11780', 'UITesting');
INSERT INTO `Mission` (`id`, `companyName`, `name`, `role`, `skillSet_id`) VALUES ('11780', '0dc2de12-72d5-491b-8147-03f52028b159', '9eaea00b-a083-4221-a956-e7d6db1fc2ec', 'LeadSoftwareArchitect', '11780');
INSERT INTO `SkillSet` (`id`) VALUES ('11781');
INSERT INTO `SkillSet_skills` (`SkillSet_id`, `skills`) VALUES ('11781', 'Ant');
INSERT INTO `Mission` (`id`, `companyName`, `name`, `role`, `skillSet_id`) VALUES ('11781', '141bdbc2-f86d-4f8a-ae38-365307365629', 'aa8f3d44-fd85-4bc3-9a6c-a7ad46c20d00', 'JuniorSoftwareEngineer', '11781');
INSERT INTO `SkillSet` (`id`) VALUES ('11782');
INSERT INTO `SkillSet_skills` (`SkillSet_id`, `skills`) VALUES ('11782', 'Architektur');
INSERT INTO `Mission` (`id`, `companyName`, `name`, `role`, `skillSet_id`) VALUES ('11782', 'afb9089f-dcb3-46ef-bc22-d986b7f8b100', '292815cf-51b2-473c-97b0-64504f1d4534', 'SeniorSoftwareEngineer', '11782');
INSERT INTO `SkillSet` (`id`) VALUES ('11783');
INSERT INTO `SkillSet_skills` (`SkillSet_id`, `skills`) VALUES ('11783', 'Java');
INSERT INTO `SkillSet_skills` (`SkillSet_id`, `skills`) VALUES ('11783', 'Gradle');
INSERT INTO `Mission` (`id`, `companyName`, `name`, `role`, `skillSet_id`) VALUES ('11783', '539b01c5-eabf-467a-962f-824225521995', '38ecaf39-a2fe-4c97-a0fa-f3b9ce3a19ad', 'SeniorSoftwareEngineer', '11783');
INSERT INTO `SkillSet` (`id`) VALUES ('11784');
INSERT INTO `SkillSet_skills` (`SkillSet_id`, `skills`) VALUES ('11784', 'Java');
INSERT INTO `SkillSet_skills` (`SkillSet_id`, `skills`) VALUES ('11784', 'UnitTesting');
INSERT INTO `SkillSet_skills` (`SkillSet_id`, `skills`) VALUES ('11784', 'dotNet');
INSERT INTO `Mission` (`id`, `companyName`, `name`, `role`, `skillSet_id`) VALUES ('11784', '56ac31e6-8f36-4716-9ac3-a2c5162cf86d', '9475625b-1893-441c-8f63-a3534dfd8372', 'SoftwareEngineer', '11784');
INSERT INTO `SkillSet` (`id`) VALUES ('11785');
INSERT INTO `SkillSet_skills` (`SkillSet_id`, `skills`) VALUES ('11785', 'Architektur');
INSERT INTO `SkillSet_skills` (`SkillSet_id`, `skills`) VALUES ('11785', 'dotNet');
INSERT INTO `SkillSet_skills` (`SkillSet_id`, `skills`) VALUES ('11785', 'Maven');
INSERT INTO `SkillSet_skills` (`SkillSet_id`, `skills`) VALUES ('11785', 'dotNet');
INSERT INTO `Mission` (`id`, `companyName`, `name`, `role`, `skillSet_id`) VALUES ('11785', '87af8215-c2f1-4599-8466-c5d1a030187b', '8f864bec-4710-4733-b579-f21912ea326a', 'LeadSoftwareArchitect', '11785');
INSERT INTO `SkillSet` (`id`) VALUES ('11786');
INSERT INTO `SkillSet_skills` (`SkillSet_id`, `skills`) VALUES ('11786', 'dotNet');
INSERT INTO `SkillSet_skills` (`SkillSet_id`, `skills`) VALUES ('11786', 'Java');
INSERT INTO `SkillSet_skills` (`SkillSet_id`, `skills`) VALUES ('11786', 'Gradle');
INSERT INTO `SkillSet_skills` (`SkillSet_id`, `skills`) VALUES ('11786', 'Architektur');
INSERT INTO `SkillSet_skills` (`SkillSet_id`, `skills`) VALUES ('11786', 'Gradle');
INSERT INTO `Mission` (`id`, `companyName`, `name`, `role`, `skillSet_id`) VALUES ('11786', '4c8cf2d7-e724-46ed-a736-a632caf1c349', 'a983bdbb-ddb7-44bb-aa4b-9061de4a640f', 'LeadEngineer', '11786');
INSERT INTO `SkillSet` (`id`) VALUES ('11787');
INSERT INTO `SkillSet_skills` (`SkillSet_id`, `skills`) VALUES ('11787', 'Maven');
INSERT INTO `SkillSet_skills` (`SkillSet_id`, `skills`) VALUES ('11787', 'UITesting');
INSERT INTO `SkillSet_skills` (`SkillSet_id`, `skills`) VALUES ('11787', 'UnitTesting');
INSERT INTO `SkillSet_skills` (`SkillSet_id`, `skills`) VALUES ('11787', 'Gradle');
INSERT INTO `Mission` (`id`, `companyName`, `name`, `role`, `skillSet_id`) VALUES ('11787', '4e8699b8-0f86-42cc-97e6-fd7cec9fd946', '3eb5a965-a797-4423-8bd7-b4a625fd6f95', 'SeniorSoftwareEngineer', '11787');
INSERT INTO `SkillSet` (`id`) VALUES ('11788');
INSERT INTO `SkillSet_skills` (`SkillSet_id`, `skills`) VALUES ('11788', 'UnitTesting');
INSERT INTO `SkillSet_skills` (`SkillSet_id`, `skills`) VALUES ('11788', 'Gradle');
INSERT INTO `SkillSet_skills` (`SkillSet_id`, `skills`) VALUES ('11788', 'Ant');
INSERT INTO `Mission` (`id`, `companyName`, `name`, `role`, `skillSet_id`) VALUES ('11788', '33a8480e-b924-4fa2-aaf2-e2c9ba04c7aa', 'ba2cec7c-97e1-43fa-ace4-01de75e75e2a', 'LeadEngineer', '11788');
INSERT INTO `SkillSet` (`id`) VALUES ('11789');
INSERT INTO `SkillSet_skills` (`SkillSet_id`, `skills`) VALUES ('11789', 'UITesting');
INSERT INTO `SkillSet_skills` (`SkillSet_id`, `skills`) VALUES ('11789', 'UITesting');
INSERT INTO `SkillSet_skills` (`SkillSet_id`, `skills`) VALUES ('11789', 'SQL');
INSERT INTO `SkillSet_skills` (`SkillSet_id`, `skills`) VALUES ('11789', 'Java');
INSERT INTO `Mission` (`id`, `companyName`, `name`, `role`, `skillSet_id`) VALUES ('11789', '5e0b089b-8f43-449e-986a-939303372394', '2a72257c-c322-42b6-ad7c-12f09d9a4feb', 'LeadEngineer', '11789');
INSERT INTO `SkillSet` (`id`) VALUES ('11790');
INSERT INTO `SkillSet_skills` (`SkillSet_id`, `skills`) VALUES ('11790', 'Ant');
INSERT INTO `Mission` (`id`, `companyName`, `name`, `role`, `skillSet_id`) VALUES ('11790', 'a590a4b6-519f-482c-b5d8-e2609b245a8d', '914fb03e-5fcf-48ab-b89f-619efb8a5ae1', 'LeadEngineer', '11790');
INSERT INTO `SkillSet` (`id`) VALUES ('11791');
INSERT INTO `SkillSet_skills` (`SkillSet_id`, `skills`) VALUES ('11791', 'Architektur');
INSERT INTO `SkillSet_skills` (`SkillSet_id`, `skills`) VALUES ('11791', 'Ant');
INSERT INTO `SkillSet_skills` (`SkillSet_id`, `skills`) VALUES ('11791', 'dotNet');
INSERT INTO `SkillSet_skills` (`SkillSet_id`, `skills`) VALUES ('11791', 'dotNet');
INSERT INTO `Mission` (`id`, `companyName`, `name`, `role`, `skillSet_id`) VALUES ('11791', '099d30c4-5f03-41c9-81ad-a039fc8467b5', '61a4761a-dda0-4b2c-b68a-22302ffe2897', 'SeniorSoftwareEngineer', '11791');
INSERT INTO `SkillSet` (`id`) VALUES ('11792');
INSERT INTO `SkillSet_skills` (`SkillSet_id`, `skills`) VALUES ('11792', 'Java');
INSERT INTO `SkillSet_skills` (`SkillSet_id`, `skills`) VALUES ('11792', 'Maven');
INSERT INTO `SkillSet_skills` (`SkillSet_id`, `skills`) VALUES ('11792', 'Architektur');
INSERT INTO `Mission` (`id`, `companyName`, `name`, `role`, `skillSet_id`) VALUES ('11792', 'c4da7719-892f-4a68-87cb-f369dfad3d58', 'fe3a5b91-ccda-40b1-81b9-684456f936ba', 'SeniorSoftwareEngineer', '11792');
INSERT INTO `SkillSet` (`id`) VALUES ('11793');
INSERT INTO `SkillSet_skills` (`SkillSet_id`, `skills`) VALUES ('11793', 'SQL');
INSERT INTO `SkillSet_skills` (`SkillSet_id`, `skills`) VALUES ('11793', 'Maven');
INSERT INTO `Mission` (`id`, `companyName`, `name`, `role`, `skillSet_id`) VALUES ('11793', '3a320078-5258-4906-b2ae-25321225532d', '297aed9c-8605-4f5f-863c-ba359af597cd', 'LeadEngineer', '11793');
INSERT INTO `SkillSet` (`id`) VALUES ('11794');
INSERT INTO `SkillSet_skills` (`SkillSet_id`, `skills`) VALUES ('11794', 'Architektur');
INSERT INTO `SkillSet_skills` (`SkillSet_id`, `skills`) VALUES ('11794', 'Architektur');
INSERT INTO `Mission` (`id`, `companyName`, `name`, `role`, `skillSet_id`) VALUES ('11794', 'a1650e71-c204-4518-9c0a-caafba68ac3a', '790ed2e4-7c5e-44cb-bf36-79e51890210c', 'LeadSoftwareArchitect', '11794');
INSERT INTO `SkillSet` (`id`) VALUES ('11795');
INSERT INTO `SkillSet_skills` (`SkillSet_id`, `skills`) VALUES ('11795', 'Ant');
INSERT INTO `SkillSet_skills` (`SkillSet_id`, `skills`) VALUES ('11795', 'UnitTesting');
INSERT INTO `SkillSet_skills` (`SkillSet_id`, `skills`) VALUES ('11795', 'Gradle');
INSERT INTO `SkillSet_skills` (`SkillSet_id`, `skills`) VALUES ('11795', 'UITesting');
INSERT INTO `SkillSet_skills` (`SkillSet_id`, `skills`) VALUES ('11795', 'UITesting');
INSERT INTO `Mission` (`id`, `companyName`, `name`, `role`, `skillSet_id`) VALUES ('11795', 'e9bdf809-0fa6-4464-b51e-a7a2a3f163ec', '619cf557-9415-46ad-b30a-c6747d68005f', 'LeadEngineer', '11795');
INSERT INTO `SkillSet` (`id`) VALUES ('11796');
INSERT INTO `SkillSet_skills` (`SkillSet_id`, `skills`) VALUES ('11796', 'UITesting');
INSERT INTO `SkillSet_skills` (`SkillSet_id`, `skills`) VALUES ('11796', 'UITesting');
INSERT INTO `SkillSet_skills` (`SkillSet_id`, `skills`) VALUES ('11796', 'SQL');
INSERT INTO `SkillSet_skills` (`SkillSet_id`, `skills`) VALUES ('11796', 'UnitTesting');
INSERT INTO `SkillSet_skills` (`SkillSet_id`, `skills`) VALUES ('11796', 'dotNet');
INSERT INTO `Mission` (`id`, `companyName`, `name`, `role`, `skillSet_id`) VALUES ('11796', '81be22c3-1cbe-4f37-8afc-2c76c2cbd23c', 'a5cd288e-feea-44d9-ab18-8950bf3782b1', 'LeadEngineer', '11796');
INSERT INTO `SkillSet` (`id`) VALUES ('11797');
INSERT INTO `SkillSet_skills` (`SkillSet_id`, `skills`) VALUES ('11797', 'SQL');
INSERT INTO `SkillSet_skills` (`SkillSet_id`, `skills`) VALUES ('11797', 'Architektur');
INSERT INTO `Mission` (`id`, `companyName`, `name`, `role`, `skillSet_id`) VALUES ('11797', 'c3871112-2158-46f7-b591-4298f7e606d5', '0e799d58-ce3b-488e-a16c-402c6e3e9a99', 'SoftwareEngineer', '11797');
INSERT INTO `SkillSet` (`id`) VALUES ('11798');
INSERT INTO `SkillSet_skills` (`SkillSet_id`, `skills`) VALUES ('11798', 'UnitTesting');
INSERT INTO `SkillSet_skills` (`SkillSet_id`, `skills`) VALUES ('11798', 'Ant');
INSERT INTO `SkillSet_skills` (`SkillSet_id`, `skills`) VALUES ('11798', 'Architektur');
INSERT INTO `SkillSet_skills` (`SkillSet_id`, `skills`) VALUES ('11798', 'Gradle');
INSERT INTO `Mission` (`id`, `companyName`, `name`, `role`, `skillSet_id`) VALUES ('11798', '122f617f-1fc2-4f5a-b2a8-88bde1ab240d', '662bdb8b-3b83-4d8f-95da-39be9980eac6', 'JuniorSoftwareEngineer', '11798');
INSERT INTO `SkillSet` (`id`) VALUES ('11799');
INSERT INTO `SkillSet_skills` (`SkillSet_id`, `skills`) VALUES ('11799', 'Java');
INSERT INTO `SkillSet_skills` (`SkillSet_id`, `skills`) VALUES ('11799', 'UnitTesting');
INSERT INTO `SkillSet_skills` (`SkillSet_id`, `skills`) VALUES ('11799', 'UITesting');
INSERT INTO `Mission` (`id`, `companyName`, `name`, `role`, `skillSet_id`) VALUES ('11799', 'ca3c2d28-59b8-4eee-888b-47439545970d', '8483c9be-a349-499a-906e-06c2cffb8820', 'LeadEngineer', '11799');
INSERT INTO `SkillSet` (`id`) VALUES ('11800');
INSERT INTO `SkillSet_skills` (`SkillSet_id`, `skills`) VALUES ('11800', 'SQL');
INSERT INTO `Mission` (`id`, `companyName`, `name`, `role`, `skillSet_id`) VALUES ('11800', 'a3134c5a-43ad-47ad-9bbf-21312c24da3e', '0fa38eae-c031-465f-937b-54d989c1f02a', 'LeadEngineer', '11800');
INSERT INTO `SkillSet` (`id`) VALUES ('11801');
INSERT INTO `SkillSet_skills` (`SkillSet_id`, `skills`) VALUES ('11801', 'SQL');
INSERT INTO `SkillSet_skills` (`SkillSet_id`, `skills`) VALUES ('11801', 'Architektur');
INSERT INTO `SkillSet_skills` (`SkillSet_id`, `skills`) VALUES ('11801', 'UnitTesting');
INSERT INTO `SkillSet_skills` (`SkillSet_id`, `skills`) VALUES ('11801', 'SQL');
INSERT INTO `Mission` (`id`, `companyName`, `name`, `role`, `skillSet_id`) VALUES ('11801', 'f0f4dd32-8fa5-404a-9a29-f1c68260e90f', 'be42792c-cf6f-49eb-9348-73ec7e0cf409', 'JuniorSoftwareEngineer', '11801');
INSERT INTO `SkillSet` (`id`) VALUES ('11802');
INSERT INTO `SkillSet_skills` (`SkillSet_id`, `skills`) VALUES ('11802', 'UITesting');
INSERT INTO `SkillSet_skills` (`SkillSet_id`, `skills`) VALUES ('11802', 'UITesting');
INSERT INTO `SkillSet_skills` (`SkillSet_id`, `skills`) VALUES ('11802', 'SQL');
INSERT INTO `Mission` (`id`, `companyName`, `name`, `role`, `skillSet_id`) VALUES ('11802', '3197571e-ecbe-41fc-879d-bc3c91e595fd', '6abda8e7-0936-4dd3-ae38-148c8c481a7a', 'PrincipalConsultant', '11802');
INSERT INTO `SkillSet` (`id`) VALUES ('11803');
INSERT INTO `SkillSet_skills` (`SkillSet_id`, `skills`) VALUES ('11803', 'Java');
INSERT INTO `Mission` (`id`, `companyName`, `name`, `role`, `skillSet_id`) VALUES ('11803', '0d5f1b60-4fba-4698-b4fa-739e44aa2305', 'e3d07693-a150-4851-a50b-a817bb9f76c1', 'LeadSoftwareArchitect', '11803');
INSERT INTO `SkillSet` (`id`) VALUES ('11804');
INSERT INTO `SkillSet_skills` (`SkillSet_id`, `skills`) VALUES ('11804', 'SQL');
INSERT INTO `SkillSet_skills` (`SkillSet_id`, `skills`) VALUES ('11804', 'Architektur');
INSERT INTO `SkillSet_skills` (`SkillSet_id`, `skills`) VALUES ('11804', 'UnitTesting');
INSERT INTO `Mission` (`id`, `companyName`, `name`, `role`, `skillSet_id`) VALUES ('11804', '92312356-4aa0-49f5-9bac-fc9d30313c4a', 'd512a900-ab14-4b03-a50c-09edf42612b9', 'PrincipalConsultant', '11804');
INSERT INTO `SkillSet` (`id`) VALUES ('11805');
INSERT INTO `SkillSet_skills` (`SkillSet_id`, `skills`) VALUES ('11805', 'Architektur');
INSERT INTO `SkillSet_skills` (`SkillSet_id`, `skills`) VALUES ('11805', 'Maven');
INSERT INTO `SkillSet_skills` (`SkillSet_id`, `skills`) VALUES ('11805', 'Java');
INSERT INTO `Mission` (`id`, `companyName`, `name`, `role`, `skillSet_id`) VALUES ('11805', '3330d5d9-f344-4810-9052-a7babcad8044', '3219b180-0c75-4477-b73e-0136db400286', 'LeadEngineer', '11805');
INSERT INTO `SkillSet` (`id`) VALUES ('11806');
INSERT INTO `SkillSet_skills` (`SkillSet_id`, `skills`) VALUES ('11806', 'Architektur');
INSERT INTO `SkillSet_skills` (`SkillSet_id`, `skills`) VALUES ('11806', 'Gradle');
INSERT INTO `SkillSet_skills` (`SkillSet_id`, `skills`) VALUES ('11806', 'Gradle');
INSERT INTO `Mission` (`id`, `companyName`, `name`, `role`, `skillSet_id`) VALUES ('11806', '194fdd94-2913-4f58-bf5b-a855c34a6789', '50754f20-9122-404c-aefa-3b8ac3068e94', 'JuniorSoftwareEngineer', '11806');
INSERT INTO `SkillSet` (`id`) VALUES ('11807');
INSERT INTO `SkillSet_skills` (`SkillSet_id`, `skills`) VALUES ('11807', 'UnitTesting');
INSERT INTO `SkillSet_skills` (`SkillSet_id`, `skills`) VALUES ('11807', 'dotNet');
INSERT INTO `SkillSet_skills` (`SkillSet_id`, `skills`) VALUES ('11807', 'dotNet');
INSERT INTO `Mission` (`id`, `companyName`, `name`, `role`, `skillSet_id`) VALUES ('11807', 'b9248d90-843e-44f3-ab46-4743c9514782', 'e88e261c-b2c1-4d7a-a9d7-04569678aaae', 'SoftwareEngineer', '11807');
INSERT INTO `SkillSet` (`id`) VALUES ('11808');
INSERT INTO `SkillSet_skills` (`SkillSet_id`, `skills`) VALUES ('11808', 'Gradle');
INSERT INTO `SkillSet_skills` (`SkillSet_id`, `skills`) VALUES ('11808', 'Java');
INSERT INTO `SkillSet_skills` (`SkillSet_id`, `skills`) VALUES ('11808', 'SQL');
INSERT INTO `SkillSet_skills` (`SkillSet_id`, `skills`) VALUES ('11808', 'Maven');
INSERT INTO `Mission` (`id`, `companyName`, `name`, `role`, `skillSet_id`) VALUES ('11808', 'd544caaf-c9d9-4422-833a-78f19c25b49e', '58836875-a601-4b90-908a-1283d03dcbbf', 'JuniorSoftwareEngineer', '11808');
INSERT INTO `SkillSet` (`id`) VALUES ('11809');
INSERT INTO `SkillSet_skills` (`SkillSet_id`, `skills`) VALUES ('11809', 'UITesting');
INSERT INTO `SkillSet_skills` (`SkillSet_id`, `skills`) VALUES ('11809', 'Java');
INSERT INTO `SkillSet_skills` (`SkillSet_id`, `skills`) VALUES ('11809', 'dotNet');
INSERT INTO `SkillSet_skills` (`SkillSet_id`, `skills`) VALUES ('11809', 'Architektur');
INSERT INTO `Mission` (`id`, `companyName`, `name`, `role`, `skillSet_id`) VALUES ('11809', 'b9967917-88d7-4249-8114-5ba87cf67244', '25806287-d6b2-4222-b92f-0d9128e5dee4', 'LeadSoftwareArchitect', '11809');
INSERT INTO `SkillSet` (`id`) VALUES ('11810');
INSERT INTO `SkillSet_skills` (`SkillSet_id`, `skills`) VALUES ('11810', 'Maven');
INSERT INTO `SkillSet_skills` (`SkillSet_id`, `skills`) VALUES ('11810', 'UnitTesting');
INSERT INTO `SkillSet_skills` (`SkillSet_id`, `skills`) VALUES ('11810', 'Maven');
INSERT INTO `Mission` (`id`, `companyName`, `name`, `role`, `skillSet_id`) VALUES ('11810', '378d8fd0-87a1-4b1e-81dd-793b193cc722', 'ae46f1be-c88b-49f5-be69-4614df3bd34a', 'SoftwareEngineer', '11810');
INSERT INTO `SkillSet` (`id`) VALUES ('11811');
INSERT INTO `SkillSet_skills` (`SkillSet_id`, `skills`) VALUES ('11811', 'UnitTesting');
INSERT INTO `SkillSet_skills` (`SkillSet_id`, `skills`) VALUES ('11811', 'SQL');
INSERT INTO `SkillSet_skills` (`SkillSet_id`, `skills`) VALUES ('11811', 'UnitTesting');
INSERT INTO `SkillSet_skills` (`SkillSet_id`, `skills`) VALUES ('11811', 'dotNet');
INSERT INTO `Mission` (`id`, `companyName`, `name`, `role`, `skillSet_id`) VALUES ('11811', '6e0c9c97-1a1b-4164-b688-bc88d8560315', 'e70041a7-1abe-47a7-a164-6b670d5e420d', 'LeadEngineer', '11811');
INSERT INTO `SkillSet` (`id`) VALUES ('11812');
INSERT INTO `SkillSet_skills` (`SkillSet_id`, `skills`) VALUES ('11812', 'Gradle');
INSERT INTO `SkillSet_skills` (`SkillSet_id`, `skills`) VALUES ('11812', 'Maven');
INSERT INTO `Mission` (`id`, `companyName`, `name`, `role`, `skillSet_id`) VALUES ('11812', 'a47550ea-7777-4e91-9549-0589776d90ff', 'd3f3961e-b14b-4956-ac5c-a22e7cf53661', 'JuniorSoftwareEngineer', '11812');
INSERT INTO `SkillSet` (`id`) VALUES ('11813');
INSERT INTO `SkillSet_skills` (`SkillSet_id`, `skills`) VALUES ('11813', 'Java');
INSERT INTO `SkillSet_skills` (`SkillSet_id`, `skills`) VALUES ('11813', 'Architektur');
INSERT INTO `SkillSet_skills` (`SkillSet_id`, `skills`) VALUES ('11813', 'SQL');
INSERT INTO `SkillSet_skills` (`SkillSet_id`, `skills`) VALUES ('11813', 'Maven');
INSERT INTO `Mission` (`id`, `companyName`, `name`, `role`, `skillSet_id`) VALUES ('11813', '740ce3af-b368-42e0-9330-d9b26222f59a', 'b9666ec9-117f-48ab-8233-a37a4098352c', 'SeniorSoftwareEngineer', '11813');
INSERT INTO `SkillSet` (`id`) VALUES ('11814');
INSERT INTO `SkillSet_skills` (`SkillSet_id`, `skills`) VALUES ('11814', 'SQL');
INSERT INTO `SkillSet_skills` (`SkillSet_id`, `skills`) VALUES ('11814', 'Java');
INSERT INTO `SkillSet_skills` (`SkillSet_id`, `skills`) VALUES ('11814', 'UnitTesting');
INSERT INTO `Mission` (`id`, `companyName`, `name`, `role`, `skillSet_id`) VALUES ('11814', '752b17c8-2829-488e-b951-94a5e8c51e38', 'a4233210-927a-4c17-bc85-6c82be3c37b2', 'LeadSoftwareArchitect', '11814');
INSERT INTO `SkillSet` (`id`) VALUES ('11815');
INSERT INTO `SkillSet_skills` (`SkillSet_id`, `skills`) VALUES ('11815', 'UITesting');
INSERT INTO `SkillSet_skills` (`SkillSet_id`, `skills`) VALUES ('11815', 'Gradle');
INSERT INTO `SkillSet_skills` (`SkillSet_id`, `skills`) VALUES ('11815', 'UnitTesting');
INSERT INTO `SkillSet_skills` (`SkillSet_id`, `skills`) VALUES ('11815', 'Ant');
INSERT INTO `Mission` (`id`, `companyName`, `name`, `role`, `skillSet_id`) VALUES ('11815', '8cf18041-e523-4ed6-b412-ea9b17462acd', 'ca205215-d856-4758-84f0-c17c7e732902', 'LeadEngineer', '11815');
INSERT INTO `SkillSet` (`id`) VALUES ('11816');
INSERT INTO `SkillSet_skills` (`SkillSet_id`, `skills`) VALUES ('11816', 'Gradle');
INSERT INTO `Mission` (`id`, `companyName`, `name`, `role`, `skillSet_id`) VALUES ('11816', 'a03e471f-e8de-4ce1-9f5a-f25de7e4ce21', '7941fa9e-3816-4f08-869a-2c62d1b18342', 'LeadEngineer', '11816');
INSERT INTO `SkillSet` (`id`) VALUES ('11817');
INSERT INTO `SkillSet_skills` (`SkillSet_id`, `skills`) VALUES ('11817', 'UITesting');
INSERT INTO `SkillSet_skills` (`SkillSet_id`, `skills`) VALUES ('11817', 'SQL');
INSERT INTO `SkillSet_skills` (`SkillSet_id`, `skills`) VALUES ('11817', 'Gradle');
INSERT INTO `SkillSet_skills` (`SkillSet_id`, `skills`) VALUES ('11817', 'Java');
INSERT INTO `Mission` (`id`, `companyName`, `name`, `role`, `skillSet_id`) VALUES ('11817', 'e82b0030-3b69-4b72-b93a-ce10c25bf377', 'b8a04144-86d1-4e5b-855e-35335354cb65', 'SoftwareEngineer', '11817');
INSERT INTO `SkillSet` (`id`) VALUES ('11818');
INSERT INTO `SkillSet_skills` (`SkillSet_id`, `skills`) VALUES ('11818', 'Architektur');
INSERT INTO `SkillSet_skills` (`SkillSet_id`, `skills`) VALUES ('11818', 'UITesting');
INSERT INTO `SkillSet_skills` (`SkillSet_id`, `skills`) VALUES ('11818', 'SQL');
INSERT INTO `SkillSet_skills` (`SkillSet_id`, `skills`) VALUES ('11818', 'UITesting');
INSERT INTO `Mission` (`id`, `companyName`, `name`, `role`, `skillSet_id`) VALUES ('11818', '3d082154-4939-4ef6-81f0-9603a8418907', '44af7116-4a2e-444c-97d0-0eb47a8b1a55', 'LeadSoftwareArchitect', '11818');
INSERT INTO `SkillSet` (`id`) VALUES ('11819');
INSERT INTO `SkillSet_skills` (`SkillSet_id`, `skills`) VALUES ('11819', 'Ant');
INSERT INTO `SkillSet_skills` (`SkillSet_id`, `skills`) VALUES ('11819', 'Architektur');
INSERT INTO `Mission` (`id`, `companyName`, `name`, `role`, `skillSet_id`) VALUES ('11819', '573d5bb1-e482-4a38-a32c-2abfa6ef5021', 'd9359b8c-6d0b-4b14-9256-5e189a227414', 'SeniorSoftwareEngineer', '11819');
INSERT INTO `SkillSet` (`id`) VALUES ('11820');
INSERT INTO `SkillSet_skills` (`SkillSet_id`, `skills`) VALUES ('11820', 'Java');
INSERT INTO `SkillSet_skills` (`SkillSet_id`, `skills`) VALUES ('11820', 'Gradle');
INSERT INTO `SkillSet_skills` (`SkillSet_id`, `skills`) VALUES ('11820', 'Gradle');
INSERT INTO `SkillSet_skills` (`SkillSet_id`, `skills`) VALUES ('11820', 'Gradle');
INSERT INTO `Mission` (`id`, `companyName`, `name`, `role`, `skillSet_id`) VALUES ('11820', 'e3378ba8-24b1-41ef-8a01-0935fe483a58', 'b2620561-be0f-4990-883d-ed4028306938', 'LeadEngineer', '11820');
INSERT INTO `SkillSet` (`id`) VALUES ('11821');
INSERT INTO `SkillSet_skills` (`SkillSet_id`, `skills`) VALUES ('11821', 'UnitTesting');
INSERT INTO `SkillSet_skills` (`SkillSet_id`, `skills`) VALUES ('11821', 'Maven');
INSERT INTO `Mission` (`id`, `companyName`, `name`, `role`, `skillSet_id`) VALUES ('11821', 'b39437c8-4fe9-469a-9f57-26bc904071bd', '1c555f9a-3f8e-4d07-a1e4-d9a3445c58e8', 'LeadSoftwareArchitect', '11821');
INSERT INTO `SkillSet` (`id`) VALUES ('11822');
INSERT INTO `SkillSet_skills` (`SkillSet_id`, `skills`) VALUES ('11822', 'Java');
INSERT INTO `Mission` (`id`, `companyName`, `name`, `role`, `skillSet_id`) VALUES ('11822', '150311ec-dce3-4c83-b5d9-663b15eb0171', '7b6d9136-bf11-4bcd-8df9-d44723f2e928', 'SeniorSoftwareEngineer', '11822');
INSERT INTO `SkillSet` (`id`) VALUES ('11823');
INSERT INTO `SkillSet_skills` (`SkillSet_id`, `skills`) VALUES ('11823', 'dotNet');
INSERT INTO `SkillSet_skills` (`SkillSet_id`, `skills`) VALUES ('11823', 'UnitTesting');
INSERT INTO `SkillSet_skills` (`SkillSet_id`, `skills`) VALUES ('11823', 'dotNet');
INSERT INTO `SkillSet_skills` (`SkillSet_id`, `skills`) VALUES ('11823', 'Maven');
INSERT INTO `SkillSet_skills` (`SkillSet_id`, `skills`) VALUES ('11823', 'Ant');
INSERT INTO `Mission` (`id`, `companyName`, `name`, `role`, `skillSet_id`) VALUES ('11823', 'bb62667c-8328-4b50-9a30-bc6d73e90889', '2b63ce2b-8d76-4907-a1b5-93afb6d6285f', 'SeniorSoftwareEngineer', '11823');
INSERT INTO `SkillSet` (`id`) VALUES ('11824');
INSERT INTO `SkillSet_skills` (`SkillSet_id`, `skills`) VALUES ('11824', 'UITesting');
INSERT INTO `SkillSet_skills` (`SkillSet_id`, `skills`) VALUES ('11824', 'SQL');
INSERT INTO `Mission` (`id`, `companyName`, `name`, `role`, `skillSet_id`) VALUES ('11824', '91c2b7eb-ae16-4b06-b1bc-4ceca557b668', '182a220d-ee24-4a56-ac35-2c611fec6730', 'LeadEngineer', '11824');
INSERT INTO `SkillSet` (`id`) VALUES ('11825');
INSERT INTO `SkillSet_skills` (`SkillSet_id`, `skills`) VALUES ('11825', 'SQL');
INSERT INTO `SkillSet_skills` (`SkillSet_id`, `skills`) VALUES ('11825', 'dotNet');
INSERT INTO `SkillSet_skills` (`SkillSet_id`, `skills`) VALUES ('11825', 'Ant');
INSERT INTO `Mission` (`id`, `companyName`, `name`, `role`, `skillSet_id`) VALUES ('11825', 'b7252b7d-46da-415e-86a1-229673308263', 'f4203609-c4c8-46f1-a7a8-b20868d3c257', 'PrincipalConsultant', '11825');
INSERT INTO `SkillSet` (`id`) VALUES ('11826');
INSERT INTO `SkillSet_skills` (`SkillSet_id`, `skills`) VALUES ('11826', 'SQL');
INSERT INTO `SkillSet_skills` (`SkillSet_id`, `skills`) VALUES ('11826', 'UITesting');
INSERT INTO `SkillSet_skills` (`SkillSet_id`, `skills`) VALUES ('11826', 'dotNet');
INSERT INTO `Mission` (`id`, `companyName`, `name`, `role`, `skillSet_id`) VALUES ('11826', '66c86afc-d273-4755-8f29-8626947e9e7e', '11c80ffa-c185-43b5-b426-6372f30ea128', 'JuniorSoftwareEngineer', '11826');
INSERT INTO `SkillSet` (`id`) VALUES ('11827');
INSERT INTO `SkillSet_skills` (`SkillSet_id`, `skills`) VALUES ('11827', 'Architektur');
INSERT INTO `Mission` (`id`, `companyName`, `name`, `role`, `skillSet_id`) VALUES ('11827', 'ae972d12-7932-414d-9e59-220e8ae48cc3', 'fe10d9fb-35c5-4f3f-976a-413718f6b487', 'SeniorSoftwareEngineer', '11827');
INSERT INTO `SkillSet` (`id`) VALUES ('11828');
INSERT INTO `SkillSet_skills` (`SkillSet_id`, `skills`) VALUES ('11828', 'UnitTesting');
INSERT INTO `SkillSet_skills` (`SkillSet_id`, `skills`) VALUES ('11828', 'Ant');
INSERT INTO `SkillSet_skills` (`SkillSet_id`, `skills`) VALUES ('11828', 'Maven');
INSERT INTO `Mission` (`id`, `companyName`, `name`, `role`, `skillSet_id`) VALUES ('11828', 'a039efef-b91d-4cc8-9cfd-469de1e9ae7c', 'd7dda1cf-1003-454e-a46e-ae1437b0233f', 'SeniorSoftwareEngineer', '11828');
INSERT INTO `SkillSet` (`id`) VALUES ('11829');
INSERT INTO `SkillSet_skills` (`SkillSet_id`, `skills`) VALUES ('11829', 'dotNet');
INSERT INTO `SkillSet_skills` (`SkillSet_id`, `skills`) VALUES ('11829', 'Java');
INSERT INTO `SkillSet_skills` (`SkillSet_id`, `skills`) VALUES ('11829', 'Java');
INSERT INTO `Mission` (`id`, `companyName`, `name`, `role`, `skillSet_id`) VALUES ('11829', 'f418173e-ae4d-4d7f-afa8-198ed7fc5496', '764cd816-576d-4b18-bbeb-c070e82e6e65', 'JuniorSoftwareEngineer', '11829');
INSERT INTO `SkillSet` (`id`) VALUES ('11830');
INSERT INTO `SkillSet_skills` (`SkillSet_id`, `skills`) VALUES ('11830', 'UITesting');
INSERT INTO `SkillSet_skills` (`SkillSet_id`, `skills`) VALUES ('11830', 'SQL');
INSERT INTO `SkillSet_skills` (`SkillSet_id`, `skills`) VALUES ('11830', 'Architektur');
INSERT INTO `Mission` (`id`, `companyName`, `name`, `role`, `skillSet_id`) VALUES ('11830', 'b3a01c58-980d-4818-94c3-7b13c52cd5c3', '94aba141-86fb-419f-a044-ceae3036dae5', 'PrincipalConsultant', '11830');
INSERT INTO `SkillSet` (`id`) VALUES ('11831');
INSERT INTO `SkillSet_skills` (`SkillSet_id`, `skills`) VALUES ('11831', 'Architektur');
INSERT INTO `SkillSet_skills` (`SkillSet_id`, `skills`) VALUES ('11831', 'UnitTesting');
INSERT INTO `SkillSet_skills` (`SkillSet_id`, `skills`) VALUES ('11831', 'SQL');
INSERT INTO `SkillSet_skills` (`SkillSet_id`, `skills`) VALUES ('11831', 'UnitTesting');
INSERT INTO `SkillSet_skills` (`SkillSet_id`, `skills`) VALUES ('11831', 'dotNet');
INSERT INTO `Mission` (`id`, `companyName`, `name`, `role`, `skillSet_id`) VALUES ('11831', 'd09566c9-9bdc-4c3f-9dc2-877a7af4e4c1', '44cc7c2e-5ef9-46f2-ab7f-9a74ed83fe86', 'SeniorSoftwareEngineer', '11831');
INSERT INTO `SkillSet` (`id`) VALUES ('11832');
INSERT INTO `SkillSet_skills` (`SkillSet_id`, `skills`) VALUES ('11832', 'Java');
INSERT INTO `SkillSet_skills` (`SkillSet_id`, `skills`) VALUES ('11832', 'Maven');
INSERT INTO `SkillSet_skills` (`SkillSet_id`, `skills`) VALUES ('11832', 'Java');
INSERT INTO `SkillSet_skills` (`SkillSet_id`, `skills`) VALUES ('11832', 'UITesting');
INSERT INTO `Mission` (`id`, `companyName`, `name`, `role`, `skillSet_id`) VALUES ('11832', 'f8b6bcdf-f8d6-4405-8ebc-05d02f93892e', '1a521539-4a1b-47b1-aa3c-e5e4e9573f7f', 'PrincipalConsultant', '11832');
INSERT INTO `SkillSet` (`id`) VALUES ('11833');
INSERT INTO `SkillSet_skills` (`SkillSet_id`, `skills`) VALUES ('11833', 'SQL');
INSERT INTO `SkillSet_skills` (`SkillSet_id`, `skills`) VALUES ('11833', 'Architektur');
INSERT INTO `SkillSet_skills` (`SkillSet_id`, `skills`) VALUES ('11833', 'Maven');
INSERT INTO `SkillSet_skills` (`SkillSet_id`, `skills`) VALUES ('11833', 'SQL');
INSERT INTO `Mission` (`id`, `companyName`, `name`, `role`, `skillSet_id`) VALUES ('11833', '027fc665-101f-4e69-afd1-c6cff7e29d9d', '6a807109-eb48-4397-933a-3c2397d7a252', 'LeadEngineer', '11833');
INSERT INTO `SkillSet` (`id`) VALUES ('11834');
INSERT INTO `SkillSet_skills` (`SkillSet_id`, `skills`) VALUES ('11834', 'SQL');
INSERT INTO `SkillSet_skills` (`SkillSet_id`, `skills`) VALUES ('11834', 'dotNet');
INSERT INTO `SkillSet_skills` (`SkillSet_id`, `skills`) VALUES ('11834', 'Architektur');
INSERT INTO `SkillSet_skills` (`SkillSet_id`, `skills`) VALUES ('11834', 'Ant');
INSERT INTO `SkillSet_skills` (`SkillSet_id`, `skills`) VALUES ('11834', 'Ant');
INSERT INTO `Mission` (`id`, `companyName`, `name`, `role`, `skillSet_id`) VALUES ('11834', 'd8427c29-9ad8-40fa-a29f-139b44ef491b', '8c674908-16b3-4297-af28-03d88772c3fb', 'PrincipalConsultant', '11834');
INSERT INTO `SkillSet` (`id`) VALUES ('11835');
INSERT INTO `SkillSet_skills` (`SkillSet_id`, `skills`) VALUES ('11835', 'SQL');
INSERT INTO `SkillSet_skills` (`SkillSet_id`, `skills`) VALUES ('11835', 'Ant');
INSERT INTO `SkillSet_skills` (`SkillSet_id`, `skills`) VALUES ('11835', 'Maven');
INSERT INTO `SkillSet_skills` (`SkillSet_id`, `skills`) VALUES ('11835', 'UnitTesting');
INSERT INTO `SkillSet_skills` (`SkillSet_id`, `skills`) VALUES ('11835', 'UnitTesting');
INSERT INTO `Mission` (`id`, `companyName`, `name`, `role`, `skillSet_id`) VALUES ('11835', '5211fe7a-4d17-485c-8424-242e2bed6cfa', 'eb51cc7c-96c5-4cbf-84ec-938f2ad8c01e', 'LeadEngineer', '11835');
INSERT INTO `SkillSet` (`id`) VALUES ('11836');
INSERT INTO `SkillSet_skills` (`SkillSet_id`, `skills`) VALUES ('11836', 'dotNet');
INSERT INTO `SkillSet_skills` (`SkillSet_id`, `skills`) VALUES ('11836', 'dotNet');
INSERT INTO `SkillSet_skills` (`SkillSet_id`, `skills`) VALUES ('11836', 'UnitTesting');
INSERT INTO `SkillSet_skills` (`SkillSet_id`, `skills`) VALUES ('11836', 'Maven');
INSERT INTO `SkillSet_skills` (`SkillSet_id`, `skills`) VALUES ('11836', 'Java');
INSERT INTO `Mission` (`id`, `companyName`, `name`, `role`, `skillSet_id`) VALUES ('11836', '856c537c-5974-42e2-9956-e98ecf749cea', '286144fc-2a55-4a4e-90a8-32327ad03ef9', 'SoftwareEngineer', '11836');
INSERT INTO `SkillSet` (`id`) VALUES ('11837');
INSERT INTO `SkillSet_skills` (`SkillSet_id`, `skills`) VALUES ('11837', 'Architektur');
INSERT INTO `SkillSet_skills` (`SkillSet_id`, `skills`) VALUES ('11837', 'Gradle');
INSERT INTO `Mission` (`id`, `companyName`, `name`, `role`, `skillSet_id`) VALUES ('11837', 'de7260c7-ce7c-4a90-adca-9ad3bf2c06ce', '4e75a1ea-3ca8-4ba7-ac25-18c391d38d34', 'PrincipalConsultant', '11837');
INSERT INTO `SkillSet` (`id`) VALUES ('11838');
INSERT INTO `SkillSet_skills` (`SkillSet_id`, `skills`) VALUES ('11838', 'UnitTesting');
INSERT INTO `SkillSet_skills` (`SkillSet_id`, `skills`) VALUES ('11838', 'Java');
INSERT INTO `SkillSet_skills` (`SkillSet_id`, `skills`) VALUES ('11838', 'Architektur');
INSERT INTO `SkillSet_skills` (`SkillSet_id`, `skills`) VALUES ('11838', 'Ant');
INSERT INTO `SkillSet_skills` (`SkillSet_id`, `skills`) VALUES ('11838', 'Architektur');
INSERT INTO `Mission` (`id`, `companyName`, `name`, `role`, `skillSet_id`) VALUES ('11838', '618c3c2f-12fe-4885-8f33-c0b63ae4c8a5', '528bf175-d2fa-44fa-be44-a5dfb6fb2d4c', 'LeadEngineer', '11838');
INSERT INTO `SkillSet` (`id`) VALUES ('11839');
INSERT INTO `SkillSet_skills` (`SkillSet_id`, `skills`) VALUES ('11839', 'UnitTesting');
INSERT INTO `SkillSet_skills` (`SkillSet_id`, `skills`) VALUES ('11839', 'UITesting');
INSERT INTO `SkillSet_skills` (`SkillSet_id`, `skills`) VALUES ('11839', 'dotNet');
INSERT INTO `SkillSet_skills` (`SkillSet_id`, `skills`) VALUES ('11839', 'UnitTesting');
INSERT INTO `Mission` (`id`, `companyName`, `name`, `role`, `skillSet_id`) VALUES ('11839', 'aafc3889-79b0-4256-9721-0dd39e428afc', 'e47b43fe-d9c6-412b-a971-7792d788bc4d', 'LeadEngineer', '11839');
INSERT INTO `SkillSet` (`id`) VALUES ('11840');
INSERT INTO `SkillSet_skills` (`SkillSet_id`, `skills`) VALUES ('11840', 'Maven');
INSERT INTO `SkillSet_skills` (`SkillSet_id`, `skills`) VALUES ('11840', 'Gradle');
INSERT INTO `Mission` (`id`, `companyName`, `name`, `role`, `skillSet_id`) VALUES ('11840', '7c0fedfc-1ed9-46c3-8263-fd3e974d9ede', '35567613-e475-47dc-a1ee-46b4834af91d', 'LeadEngineer', '11840');
INSERT INTO `SkillSet` (`id`) VALUES ('11841');
INSERT INTO `SkillSet_skills` (`SkillSet_id`, `skills`) VALUES ('11841', 'Architektur');
INSERT INTO `SkillSet_skills` (`SkillSet_id`, `skills`) VALUES ('11841', 'UnitTesting');
INSERT INTO `SkillSet_skills` (`SkillSet_id`, `skills`) VALUES ('11841', 'Maven');
INSERT INTO `SkillSet_skills` (`SkillSet_id`, `skills`) VALUES ('11841', 'dotNet');
INSERT INTO `SkillSet_skills` (`SkillSet_id`, `skills`) VALUES ('11841', 'Gradle');
INSERT INTO `Mission` (`id`, `companyName`, `name`, `role`, `skillSet_id`) VALUES ('11841', 'a8a2bfb9-4e18-4891-9298-777c212713a4', '15dd6c06-b080-46bd-b5d1-dbbd47250533', 'PrincipalConsultant', '11841');
INSERT INTO `SkillSet` (`id`) VALUES ('11842');
INSERT INTO `SkillSet_skills` (`SkillSet_id`, `skills`) VALUES ('11842', 'Architektur');
INSERT INTO `SkillSet_skills` (`SkillSet_id`, `skills`) VALUES ('11842', 'Architektur');
INSERT INTO `SkillSet_skills` (`SkillSet_id`, `skills`) VALUES ('11842', 'UnitTesting');
INSERT INTO `SkillSet_skills` (`SkillSet_id`, `skills`) VALUES ('11842', 'Gradle');
INSERT INTO `Mission` (`id`, `companyName`, `name`, `role`, `skillSet_id`) VALUES ('11842', '6f0131e1-46c0-4dff-8e3b-aaeeb9dc7863', '9ba251a7-b771-4658-9303-544b1eed411a', 'JuniorSoftwareEngineer', '11842');
INSERT INTO `SkillSet` (`id`) VALUES ('11843');
INSERT INTO `SkillSet_skills` (`SkillSet_id`, `skills`) VALUES ('11843', 'Java');
INSERT INTO `SkillSet_skills` (`SkillSet_id`, `skills`) VALUES ('11843', 'Gradle');
INSERT INTO `Mission` (`id`, `companyName`, `name`, `role`, `skillSet_id`) VALUES ('11843', 'dc9a4102-1ac6-441f-abc5-48f005a7e1ac', 'c7b43292-abc7-4324-b5fe-cdfadac62096', 'PrincipalConsultant', '11843');
INSERT INTO `SkillSet` (`id`) VALUES ('11844');
INSERT INTO `SkillSet_skills` (`SkillSet_id`, `skills`) VALUES ('11844', 'Java');
INSERT INTO `SkillSet_skills` (`SkillSet_id`, `skills`) VALUES ('11844', 'UITesting');
INSERT INTO `Mission` (`id`, `companyName`, `name`, `role`, `skillSet_id`) VALUES ('11844', '36798675-063f-48b3-99a7-e41890ee4a33', '09175340-1596-4506-ae1f-6d958c7ca57f', 'LeadSoftwareArchitect', '11844');
INSERT INTO `SkillSet` (`id`) VALUES ('11845');
INSERT INTO `SkillSet_skills` (`SkillSet_id`, `skills`) VALUES ('11845', 'UITesting');
INSERT INTO `SkillSet_skills` (`SkillSet_id`, `skills`) VALUES ('11845', 'Gradle');
INSERT INTO `SkillSet_skills` (`SkillSet_id`, `skills`) VALUES ('11845', 'Java');
INSERT INTO `SkillSet_skills` (`SkillSet_id`, `skills`) VALUES ('11845', 'UITesting');
INSERT INTO `Mission` (`id`, `companyName`, `name`, `role`, `skillSet_id`) VALUES ('11845', '4414670b-292c-4730-b365-0b804b2c0231', 'a0912f83-f2fb-4204-97ce-44defef3822e', 'PrincipalConsultant', '11845');
INSERT INTO `SkillSet` (`id`) VALUES ('11846');
INSERT INTO `SkillSet_skills` (`SkillSet_id`, `skills`) VALUES ('11846', 'Architektur');
INSERT INTO `Mission` (`id`, `companyName`, `name`, `role`, `skillSet_id`) VALUES ('11846', 'e2cf60bc-e609-45e9-bc32-111bea59e2f7', '8d87d0d1-70db-4038-aaa4-ecd4505b41d7', 'PrincipalConsultant', '11846');
INSERT INTO `SkillSet` (`id`) VALUES ('11847');
INSERT INTO `SkillSet_skills` (`SkillSet_id`, `skills`) VALUES ('11847', 'Ant');
INSERT INTO `SkillSet_skills` (`SkillSet_id`, `skills`) VALUES ('11847', 'Architektur');
INSERT INTO `SkillSet_skills` (`SkillSet_id`, `skills`) VALUES ('11847', 'Ant');
INSERT INTO `SkillSet_skills` (`SkillSet_id`, `skills`) VALUES ('11847', 'Ant');
INSERT INTO `Mission` (`id`, `companyName`, `name`, `role`, `skillSet_id`) VALUES ('11847', '4371cdc7-e28a-4f01-b703-b2054c0f0a31', '20092868-e53c-4bfe-9e40-8458f7663ab7', 'JuniorSoftwareEngineer', '11847');
INSERT INTO `SkillSet` (`id`) VALUES ('11848');
INSERT INTO `SkillSet_skills` (`SkillSet_id`, `skills`) VALUES ('11848', 'SQL');
INSERT INTO `SkillSet_skills` (`SkillSet_id`, `skills`) VALUES ('11848', 'dotNet');
INSERT INTO `SkillSet_skills` (`SkillSet_id`, `skills`) VALUES ('11848', 'dotNet');
INSERT INTO `SkillSet_skills` (`SkillSet_id`, `skills`) VALUES ('11848', 'dotNet');
INSERT INTO `SkillSet_skills` (`SkillSet_id`, `skills`) VALUES ('11848', 'Gradle');
INSERT INTO `Mission` (`id`, `companyName`, `name`, `role`, `skillSet_id`) VALUES ('11848', '702fef2a-b605-450d-8ed9-7a029d49f269', 'a0846070-4989-4916-b740-638c9e8826c0', 'LeadEngineer', '11848');
INSERT INTO `SkillSet` (`id`) VALUES ('11849');
INSERT INTO `SkillSet_skills` (`SkillSet_id`, `skills`) VALUES ('11849', 'UITesting');
INSERT INTO `Mission` (`id`, `companyName`, `name`, `role`, `skillSet_id`) VALUES ('11849', '3db0f958-40e4-4198-b5c5-7190e78e249f', 'f37b7584-e317-4f5c-9a6b-64e2acd4e924', 'SeniorSoftwareEngineer', '11849');
INSERT INTO `SkillSet` (`id`) VALUES ('11850');
INSERT INTO `SkillSet_skills` (`SkillSet_id`, `skills`) VALUES ('11850', 'Maven');
INSERT INTO `Mission` (`id`, `companyName`, `name`, `role`, `skillSet_id`) VALUES ('11850', 'ad605d27-e44d-493d-b290-ca6248c2f815', '5be2e0a4-bd54-4a83-9431-325b0b5ac918', 'SeniorSoftwareEngineer', '11850');
INSERT INTO `SkillSet` (`id`) VALUES ('11851');
INSERT INTO `SkillSet_skills` (`SkillSet_id`, `skills`) VALUES ('11851', 'Maven');
INSERT INTO `Mission` (`id`, `companyName`, `name`, `role`, `skillSet_id`) VALUES ('11851', 'ff49739c-7593-46f7-949b-bdb4d198dc85', 'eb65dcf8-5593-4495-bf7d-a33e908ff553', 'LeadEngineer', '11851');
INSERT INTO `SkillSet` (`id`) VALUES ('11852');
INSERT INTO `SkillSet_skills` (`SkillSet_id`, `skills`) VALUES ('11852', 'Gradle');
INSERT INTO `SkillSet_skills` (`SkillSet_id`, `skills`) VALUES ('11852', 'Java');
INSERT INTO `SkillSet_skills` (`SkillSet_id`, `skills`) VALUES ('11852', 'SQL');
INSERT INTO `SkillSet_skills` (`SkillSet_id`, `skills`) VALUES ('11852', 'Maven');
INSERT INTO `Mission` (`id`, `companyName`, `name`, `role`, `skillSet_id`) VALUES ('11852', '0172f808-4ae4-44b9-a349-c9f806de36fc', 'df460213-8f26-4de5-b1f1-1dd3c6b055cc', 'JuniorSoftwareEngineer', '11852');
INSERT INTO `SkillSet` (`id`) VALUES ('11853');
INSERT INTO `SkillSet_skills` (`SkillSet_id`, `skills`) VALUES ('11853', 'Maven');
INSERT INTO `SkillSet_skills` (`SkillSet_id`, `skills`) VALUES ('11853', 'UITesting');
INSERT INTO `Mission` (`id`, `companyName`, `name`, `role`, `skillSet_id`) VALUES ('11853', 'ad4c2431-af68-42ce-bcda-909aa084ff3a', '238de259-9edb-40e4-9857-b2315b6544e6', 'SoftwareEngineer', '11853');
INSERT INTO `SkillSet` (`id`) VALUES ('11854');
INSERT INTO `SkillSet_skills` (`SkillSet_id`, `skills`) VALUES ('11854', 'Maven');
INSERT INTO `Mission` (`id`, `companyName`, `name`, `role`, `skillSet_id`) VALUES ('11854', 'a93ecad5-616a-4936-9e52-96b6cbdb9771', '636a8928-5b5a-47be-8785-66494c0adb26', 'LeadSoftwareArchitect', '11854');
INSERT INTO `SkillSet` (`id`) VALUES ('11855');
INSERT INTO `SkillSet_skills` (`SkillSet_id`, `skills`) VALUES ('11855', 'SQL');
INSERT INTO `SkillSet_skills` (`SkillSet_id`, `skills`) VALUES ('11855', 'Gradle');
INSERT INTO `Mission` (`id`, `companyName`, `name`, `role`, `skillSet_id`) VALUES ('11855', '8d696aa9-a574-4073-9be3-1d14147eb301', '5878d4df-4279-4602-b98d-1643d5801ddf', 'SoftwareEngineer', '11855');
INSERT INTO `SkillSet` (`id`) VALUES ('11856');
INSERT INTO `SkillSet_skills` (`SkillSet_id`, `skills`) VALUES ('11856', 'SQL');
INSERT INTO `SkillSet_skills` (`SkillSet_id`, `skills`) VALUES ('11856', 'SQL');
INSERT INTO `SkillSet_skills` (`SkillSet_id`, `skills`) VALUES ('11856', 'Architektur');
INSERT INTO `Mission` (`id`, `companyName`, `name`, `role`, `skillSet_id`) VALUES ('11856', '789c41e0-1d52-43fe-86f8-cf2a893c3312', '0d2f0ee9-6623-47f3-b964-51108f322d65', 'LeadEngineer', '11856');
INSERT INTO `SkillSet` (`id`) VALUES ('11857');
INSERT INTO `SkillSet_skills` (`SkillSet_id`, `skills`) VALUES ('11857', 'Java');
INSERT INTO `SkillSet_skills` (`SkillSet_id`, `skills`) VALUES ('11857', 'Ant');
INSERT INTO `SkillSet_skills` (`SkillSet_id`, `skills`) VALUES ('11857', 'Maven');
INSERT INTO `Mission` (`id`, `companyName`, `name`, `role`, `skillSet_id`) VALUES ('11857', '9d76d4d4-95e5-4e2b-9aaf-4f0b4818f4b8', '3d03c752-de5f-46ac-a806-e7d301f5b1a9', 'LeadEngineer', '11857');
INSERT INTO `SkillSet` (`id`) VALUES ('11858');
INSERT INTO `SkillSet_skills` (`SkillSet_id`, `skills`) VALUES ('11858', 'Ant');
INSERT INTO `SkillSet_skills` (`SkillSet_id`, `skills`) VALUES ('11858', 'Maven');
INSERT INTO `SkillSet_skills` (`SkillSet_id`, `skills`) VALUES ('11858', 'dotNet');
INSERT INTO `SkillSet_skills` (`SkillSet_id`, `skills`) VALUES ('11858', 'UnitTesting');
INSERT INTO `Mission` (`id`, `companyName`, `name`, `role`, `skillSet_id`) VALUES ('11858', '4a6ca04f-ef26-4685-9b7c-2ad6d692b27e', 'e9fd3933-2058-4200-b8c1-afd5d151dd0c', 'JuniorSoftwareEngineer', '11858');
INSERT INTO `SkillSet` (`id`) VALUES ('11859');
INSERT INTO `SkillSet_skills` (`SkillSet_id`, `skills`) VALUES ('11859', 'SQL');
INSERT INTO `SkillSet_skills` (`SkillSet_id`, `skills`) VALUES ('11859', 'Java');
INSERT INTO `SkillSet_skills` (`SkillSet_id`, `skills`) VALUES ('11859', 'Gradle');
INSERT INTO `Mission` (`id`, `companyName`, `name`, `role`, `skillSet_id`) VALUES ('11859', 'f981bb4f-b595-4a34-b00d-4c0dfa3497fe', '415126c7-08a9-4c61-82be-a14104f09304', 'PrincipalConsultant', '11859');
INSERT INTO `SkillSet` (`id`) VALUES ('11860');
INSERT INTO `SkillSet_skills` (`SkillSet_id`, `skills`) VALUES ('11860', 'SQL');
INSERT INTO `SkillSet_skills` (`SkillSet_id`, `skills`) VALUES ('11860', 'Java');
INSERT INTO `SkillSet_skills` (`SkillSet_id`, `skills`) VALUES ('11860', 'SQL');
INSERT INTO `Mission` (`id`, `companyName`, `name`, `role`, `skillSet_id`) VALUES ('11860', 'a87452f2-f656-4768-8098-bbc508f03c68', '18629d36-9040-4791-a8d9-c6d8cdf8b420', 'LeadSoftwareArchitect', '11860');
INSERT INTO `SkillSet` (`id`) VALUES ('11861');
INSERT INTO `SkillSet_skills` (`SkillSet_id`, `skills`) VALUES ('11861', 'Gradle');
INSERT INTO `SkillSet_skills` (`SkillSet_id`, `skills`) VALUES ('11861', 'Architektur');
INSERT INTO `SkillSet_skills` (`SkillSet_id`, `skills`) VALUES ('11861', 'Java');
INSERT INTO `SkillSet_skills` (`SkillSet_id`, `skills`) VALUES ('11861', 'Ant');
INSERT INTO `Mission` (`id`, `companyName`, `name`, `role`, `skillSet_id`) VALUES ('11861', 'd6399fa4-d519-4bab-bf56-915dfd65d4ad', '472e22bd-d6cd-42b6-ba96-5f1fb9a5ff49', 'SoftwareEngineer', '11861');
INSERT INTO `SkillSet` (`id`) VALUES ('11862');
INSERT INTO `SkillSet_skills` (`SkillSet_id`, `skills`) VALUES ('11862', 'UITesting');
INSERT INTO `SkillSet_skills` (`SkillSet_id`, `skills`) VALUES ('11862', 'Java');
INSERT INTO `SkillSet_skills` (`SkillSet_id`, `skills`) VALUES ('11862', 'Architektur');
INSERT INTO `SkillSet_skills` (`SkillSet_id`, `skills`) VALUES ('11862', 'Ant');
INSERT INTO `Mission` (`id`, `companyName`, `name`, `role`, `skillSet_id`) VALUES ('11862', 'eba90ddc-c1ef-44b0-bc2f-ba354afb0437', '8c05da41-c87c-48f8-ab56-19a206caa2b2', 'SoftwareEngineer', '11862');
INSERT INTO `SkillSet` (`id`) VALUES ('11863');
INSERT INTO `SkillSet_skills` (`SkillSet_id`, `skills`) VALUES ('11863', 'Maven');
INSERT INTO `SkillSet_skills` (`SkillSet_id`, `skills`) VALUES ('11863', 'UITesting');
INSERT INTO `SkillSet_skills` (`SkillSet_id`, `skills`) VALUES ('11863', 'UnitTesting');
INSERT INTO `Mission` (`id`, `companyName`, `name`, `role`, `skillSet_id`) VALUES ('11863', '80cd078d-45b0-48ef-b690-c03aadabfd5a', 'f409130f-7f82-4ac1-818d-6bdf27c62b76', 'PrincipalConsultant', '11863');
INSERT INTO `SkillSet` (`id`) VALUES ('11864');
INSERT INTO `SkillSet_skills` (`SkillSet_id`, `skills`) VALUES ('11864', 'Ant');
INSERT INTO `SkillSet_skills` (`SkillSet_id`, `skills`) VALUES ('11864', 'Architektur');
INSERT INTO `Mission` (`id`, `companyName`, `name`, `role`, `skillSet_id`) VALUES ('11864', '451f01e0-2272-4983-bdee-6899d2e209c0', '13c62ddb-cff3-40c3-aa2f-5e052cf90e91', 'SeniorSoftwareEngineer', '11864');
INSERT INTO `SkillSet` (`id`) VALUES ('11865');
INSERT INTO `SkillSet_skills` (`SkillSet_id`, `skills`) VALUES ('11865', 'SQL');
INSERT INTO `SkillSet_skills` (`SkillSet_id`, `skills`) VALUES ('11865', 'SQL');
INSERT INTO `SkillSet_skills` (`SkillSet_id`, `skills`) VALUES ('11865', 'dotNet');
INSERT INTO `SkillSet_skills` (`SkillSet_id`, `skills`) VALUES ('11865', 'Architektur');
INSERT INTO `SkillSet_skills` (`SkillSet_id`, `skills`) VALUES ('11865', 'UnitTesting');
INSERT INTO `Mission` (`id`, `companyName`, `name`, `role`, `skillSet_id`) VALUES ('11865', 'a1c7b211-9ac3-42a3-b2ca-3f5e56dc82dd', '1d7abef4-8cf1-4b18-8945-3baac22d7063', 'LeadEngineer', '11865');
INSERT INTO `SkillSet` (`id`) VALUES ('11866');
INSERT INTO `SkillSet_skills` (`SkillSet_id`, `skills`) VALUES ('11866', 'Gradle');
INSERT INTO `Mission` (`id`, `companyName`, `name`, `role`, `skillSet_id`) VALUES ('11866', 'c75fd6c9-a035-46d8-b406-1206f6c33ca9', '2337ea17-c97e-4b1b-b0e4-ffe258a6c3f4', 'SoftwareEngineer', '11866');
INSERT INTO `SkillSet` (`id`) VALUES ('11867');
INSERT INTO `SkillSet_skills` (`SkillSet_id`, `skills`) VALUES ('11867', 'Java');
INSERT INTO `SkillSet_skills` (`SkillSet_id`, `skills`) VALUES ('11867', 'UITesting');
INSERT INTO `SkillSet_skills` (`SkillSet_id`, `skills`) VALUES ('11867', 'Maven');
INSERT INTO `SkillSet_skills` (`SkillSet_id`, `skills`) VALUES ('11867', 'Ant');
INSERT INTO `SkillSet_skills` (`SkillSet_id`, `skills`) VALUES ('11867', 'Architektur');
INSERT INTO `Mission` (`id`, `companyName`, `name`, `role`, `skillSet_id`) VALUES ('11867', 'c5f8b23a-7657-4d25-aaa6-06c7e3a24339', '83deb8ff-ad54-4275-8058-97f9578b5884', 'SeniorSoftwareEngineer', '11867');
INSERT INTO `SkillSet` (`id`) VALUES ('11868');
INSERT INTO `SkillSet_skills` (`SkillSet_id`, `skills`) VALUES ('11868', 'Architektur');
INSERT INTO `SkillSet_skills` (`SkillSet_id`, `skills`) VALUES ('11868', 'SQL');
INSERT INTO `SkillSet_skills` (`SkillSet_id`, `skills`) VALUES ('11868', 'Ant');
INSERT INTO `Mission` (`id`, `companyName`, `name`, `role`, `skillSet_id`) VALUES ('11868', 'f172d7bd-8f47-4519-9370-8114f53a49aa', '0400048e-d83a-4a5e-95dd-7f3da15d3890', 'SoftwareEngineer', '11868');
INSERT INTO `SkillSet` (`id`) VALUES ('11869');
INSERT INTO `SkillSet_skills` (`SkillSet_id`, `skills`) VALUES ('11869', 'Ant');
INSERT INTO `SkillSet_skills` (`SkillSet_id`, `skills`) VALUES ('11869', 'Java');
INSERT INTO `SkillSet_skills` (`SkillSet_id`, `skills`) VALUES ('11869', 'Architektur');
INSERT INTO `Mission` (`id`, `companyName`, `name`, `role`, `skillSet_id`) VALUES ('11869', 'b44fa58a-67ab-478d-8b61-99b7997a0191', '83f57e68-215c-468e-830c-14d78d2d41e1', 'JuniorSoftwareEngineer', '11869');
INSERT INTO `SkillSet` (`id`) VALUES ('11870');
INSERT INTO `SkillSet_skills` (`SkillSet_id`, `skills`) VALUES ('11870', 'Gradle');
INSERT INTO `SkillSet_skills` (`SkillSet_id`, `skills`) VALUES ('11870', 'SQL');
INSERT INTO `Mission` (`id`, `companyName`, `name`, `role`, `skillSet_id`) VALUES ('11870', 'c077a016-8f15-4726-98de-05bea860d804', '7889cbca-e3ad-4de5-907d-6893f1ce8477', 'PrincipalConsultant', '11870');
INSERT INTO `SkillSet` (`id`) VALUES ('11871');
INSERT INTO `SkillSet_skills` (`SkillSet_id`, `skills`) VALUES ('11871', 'UnitTesting');
INSERT INTO `SkillSet_skills` (`SkillSet_id`, `skills`) VALUES ('11871', 'dotNet');
INSERT INTO `SkillSet_skills` (`SkillSet_id`, `skills`) VALUES ('11871', 'Gradle');
INSERT INTO `SkillSet_skills` (`SkillSet_id`, `skills`) VALUES ('11871', 'Architektur');
INSERT INTO `SkillSet_skills` (`SkillSet_id`, `skills`) VALUES ('11871', 'UITesting');
INSERT INTO `Mission` (`id`, `companyName`, `name`, `role`, `skillSet_id`) VALUES ('11871', '36bff5fe-2f03-476d-9b31-680e20d74bc8', '6c8c0b4e-cc28-4ee1-8ef9-bacdba906237', 'LeadSoftwareArchitect', '11871');
INSERT INTO `SkillSet` (`id`) VALUES ('11872');
INSERT INTO `SkillSet_skills` (`SkillSet_id`, `skills`) VALUES ('11872', 'dotNet');
INSERT INTO `SkillSet_skills` (`SkillSet_id`, `skills`) VALUES ('11872', 'Java');
INSERT INTO `SkillSet_skills` (`SkillSet_id`, `skills`) VALUES ('11872', 'UITesting');
INSERT INTO `SkillSet_skills` (`SkillSet_id`, `skills`) VALUES ('11872', 'UITesting');
INSERT INTO `SkillSet_skills` (`SkillSet_id`, `skills`) VALUES ('11872', 'Ant');
INSERT INTO `Mission` (`id`, `companyName`, `name`, `role`, `skillSet_id`) VALUES ('11872', 'b259febd-55ee-4cfd-8e1c-c4a02442b55f', '0e8329ee-f1e3-4570-9fec-e8e1ff443548', 'LeadEngineer', '11872');
INSERT INTO `SkillSet` (`id`) VALUES ('11873');
INSERT INTO `SkillSet_skills` (`SkillSet_id`, `skills`) VALUES ('11873', 'UnitTesting');
INSERT INTO `Mission` (`id`, `companyName`, `name`, `role`, `skillSet_id`) VALUES ('11873', '20c08a7e-a468-4d8c-8958-45b600a81fda', '2ed0ae93-a5e0-4b40-87af-0f5b94273556', 'SeniorSoftwareEngineer', '11873');
INSERT INTO `SkillSet` (`id`) VALUES ('11874');
INSERT INTO `SkillSet_skills` (`SkillSet_id`, `skills`) VALUES ('11874', 'Maven');
INSERT INTO `SkillSet_skills` (`SkillSet_id`, `skills`) VALUES ('11874', 'Maven');
INSERT INTO `SkillSet_skills` (`SkillSet_id`, `skills`) VALUES ('11874', 'Maven');
INSERT INTO `SkillSet_skills` (`SkillSet_id`, `skills`) VALUES ('11874', 'Architektur');
INSERT INTO `Mission` (`id`, `companyName`, `name`, `role`, `skillSet_id`) VALUES ('11874', '74e3aeb8-6c91-4217-af2e-ca8612516dcd', '6e050909-f72f-49ca-8506-4b71e76b7155', 'LeadEngineer', '11874');
INSERT INTO `SkillSet` (`id`) VALUES ('11875');
INSERT INTO `SkillSet_skills` (`SkillSet_id`, `skills`) VALUES ('11875', 'Ant');
INSERT INTO `SkillSet_skills` (`SkillSet_id`, `skills`) VALUES ('11875', 'SQL');
INSERT INTO `Mission` (`id`, `companyName`, `name`, `role`, `skillSet_id`) VALUES ('11875', '4635363e-19cc-41cc-9a9a-c937b988103d', '54659f3a-9b39-4ccf-b2f7-b4165598dc0e', 'SeniorSoftwareEngineer', '11875');
INSERT INTO `SkillSet` (`id`) VALUES ('11876');
INSERT INTO `SkillSet_skills` (`SkillSet_id`, `skills`) VALUES ('11876', 'Ant');
INSERT INTO `SkillSet_skills` (`SkillSet_id`, `skills`) VALUES ('11876', 'Maven');
INSERT INTO `SkillSet_skills` (`SkillSet_id`, `skills`) VALUES ('11876', 'UnitTesting');
INSERT INTO `SkillSet_skills` (`SkillSet_id`, `skills`) VALUES ('11876', 'Gradle');
INSERT INTO `Mission` (`id`, `companyName`, `name`, `role`, `skillSet_id`) VALUES ('11876', 'b90c5464-dc01-453d-9563-dc0cd4b04560', 'a2361727-1e88-44b7-80ee-ef2e5d9f273d', 'JuniorSoftwareEngineer', '11876');
INSERT INTO `SkillSet` (`id`) VALUES ('11877');
INSERT INTO `SkillSet_skills` (`SkillSet_id`, `skills`) VALUES ('11877', 'Ant');
INSERT INTO `SkillSet_skills` (`SkillSet_id`, `skills`) VALUES ('11877', 'SQL');
INSERT INTO `SkillSet_skills` (`SkillSet_id`, `skills`) VALUES ('11877', 'SQL');
INSERT INTO `Mission` (`id`, `companyName`, `name`, `role`, `skillSet_id`) VALUES ('11877', 'e10438cb-71c3-4c71-bcf0-339d6f22fbac', 'd354fcbb-552b-481c-bf80-fec759200578', 'LeadEngineer', '11877');
INSERT INTO `SkillSet` (`id`) VALUES ('11878');
INSERT INTO `SkillSet_skills` (`SkillSet_id`, `skills`) VALUES ('11878', 'Gradle');
INSERT INTO `SkillSet_skills` (`SkillSet_id`, `skills`) VALUES ('11878', 'UITesting');
INSERT INTO `SkillSet_skills` (`SkillSet_id`, `skills`) VALUES ('11878', 'Ant');
INSERT INTO `SkillSet_skills` (`SkillSet_id`, `skills`) VALUES ('11878', 'UnitTesting');
INSERT INTO `Mission` (`id`, `companyName`, `name`, `role`, `skillSet_id`) VALUES ('11878', '3b328486-15c3-4cb5-b0dc-7532b87b95b9', '569c785c-4e4b-4723-bea0-1273ef296c10', 'LeadEngineer', '11878');
INSERT INTO `SkillSet` (`id`) VALUES ('11879');
INSERT INTO `SkillSet_skills` (`SkillSet_id`, `skills`) VALUES ('11879', 'UnitTesting');
INSERT INTO `SkillSet_skills` (`SkillSet_id`, `skills`) VALUES ('11879', 'Ant');
INSERT INTO `SkillSet_skills` (`SkillSet_id`, `skills`) VALUES ('11879', 'Architektur');
INSERT INTO `SkillSet_skills` (`SkillSet_id`, `skills`) VALUES ('11879', 'Maven');
INSERT INTO `Mission` (`id`, `companyName`, `name`, `role`, `skillSet_id`) VALUES ('11879', '30de950a-e59a-4d05-b95d-75d419b0e7f1', 'eda18234-79c3-4367-9304-2d2ccda727d6', 'SoftwareEngineer', '11879');
INSERT INTO `SkillSet` (`id`) VALUES ('11880');
INSERT INTO `SkillSet_skills` (`SkillSet_id`, `skills`) VALUES ('11880', 'UnitTesting');
INSERT INTO `SkillSet_skills` (`SkillSet_id`, `skills`) VALUES ('11880', 'dotNet');
INSERT INTO `SkillSet_skills` (`SkillSet_id`, `skills`) VALUES ('11880', 'dotNet');
INSERT INTO `SkillSet_skills` (`SkillSet_id`, `skills`) VALUES ('11880', 'Ant');
INSERT INTO `SkillSet_skills` (`SkillSet_id`, `skills`) VALUES ('11880', 'UnitTesting');
INSERT INTO `Mission` (`id`, `companyName`, `name`, `role`, `skillSet_id`) VALUES ('11880', '49e9bc83-ce76-42a6-8b20-e46e4670b82e', 'd16e07df-4e9f-40fc-981d-ca7a5e4f81e0', 'SeniorSoftwareEngineer', '11880');
INSERT INTO `SkillSet` (`id`) VALUES ('11881');
INSERT INTO `SkillSet_skills` (`SkillSet_id`, `skills`) VALUES ('11881', 'UnitTesting');
INSERT INTO `SkillSet_skills` (`SkillSet_id`, `skills`) VALUES ('11881', 'UITesting');
INSERT INTO `SkillSet_skills` (`SkillSet_id`, `skills`) VALUES ('11881', 'UnitTesting');
INSERT INTO `Mission` (`id`, `companyName`, `name`, `role`, `skillSet_id`) VALUES ('11881', '5de7cd06-cb81-4cc7-8545-6466e91aa77a', '0780134e-866e-48e1-91b4-025c932bdfe3', 'LeadSoftwareArchitect', '11881');
INSERT INTO `SkillSet` (`id`) VALUES ('11882');
INSERT INTO `SkillSet_skills` (`SkillSet_id`, `skills`) VALUES ('11882', 'SQL');
INSERT INTO `SkillSet_skills` (`SkillSet_id`, `skills`) VALUES ('11882', 'SQL');
INSERT INTO `Mission` (`id`, `companyName`, `name`, `role`, `skillSet_id`) VALUES ('11882', '5c2ea2ed-6e22-4db4-8c15-3cdeaccb162c', 'effd9c44-a2a5-419e-9a79-db7a7cd781d2', 'SoftwareEngineer', '11882');
INSERT INTO `SkillSet` (`id`) VALUES ('11883');
INSERT INTO `SkillSet_skills` (`SkillSet_id`, `skills`) VALUES ('11883', 'UITesting');
INSERT INTO `SkillSet_skills` (`SkillSet_id`, `skills`) VALUES ('11883', 'Ant');
INSERT INTO `SkillSet_skills` (`SkillSet_id`, `skills`) VALUES ('11883', 'UITesting');
INSERT INTO `SkillSet_skills` (`SkillSet_id`, `skills`) VALUES ('11883', 'UnitTesting');
INSERT INTO `Mission` (`id`, `companyName`, `name`, `role`, `skillSet_id`) VALUES ('11883', '4a7b14aa-0be0-4664-8aab-a8c5a7e1e91f', '79bf2b4c-401d-4598-be7d-90761380ca0c', 'LeadEngineer', '11883');
INSERT INTO `SkillSet` (`id`) VALUES ('11884');
INSERT INTO `SkillSet_skills` (`SkillSet_id`, `skills`) VALUES ('11884', 'dotNet');
INSERT INTO `SkillSet_skills` (`SkillSet_id`, `skills`) VALUES ('11884', 'Architektur');
INSERT INTO `Mission` (`id`, `companyName`, `name`, `role`, `skillSet_id`) VALUES ('11884', '9ea62af7-3824-454d-91a6-38bd34a4f202', 'e5acac68-bebf-4aac-bfdb-4ab8ec842b07', 'SoftwareEngineer', '11884');
INSERT INTO `SkillSet` (`id`) VALUES ('11885');
INSERT INTO `SkillSet_skills` (`SkillSet_id`, `skills`) VALUES ('11885', 'Architektur');
INSERT INTO `SkillSet_skills` (`SkillSet_id`, `skills`) VALUES ('11885', 'SQL');
INSERT INTO `SkillSet_skills` (`SkillSet_id`, `skills`) VALUES ('11885', 'Architektur');
INSERT INTO `SkillSet_skills` (`SkillSet_id`, `skills`) VALUES ('11885', 'UnitTesting');
INSERT INTO `Mission` (`id`, `companyName`, `name`, `role`, `skillSet_id`) VALUES ('11885', '98d69235-6e6a-4ed6-985c-fab6c7a4f910', 'f100ce25-2f62-4ec8-97a7-c2337c4bd54d', 'JuniorSoftwareEngineer', '11885');
INSERT INTO `SkillSet` (`id`) VALUES ('11886');
INSERT INTO `SkillSet_skills` (`SkillSet_id`, `skills`) VALUES ('11886', 'Java');
INSERT INTO `SkillSet_skills` (`SkillSet_id`, `skills`) VALUES ('11886', 'Ant');
INSERT INTO `SkillSet_skills` (`SkillSet_id`, `skills`) VALUES ('11886', 'Ant');
INSERT INTO `Mission` (`id`, `companyName`, `name`, `role`, `skillSet_id`) VALUES ('11886', '44b4ca0f-9b8f-43ec-ba45-f7d9a5cb5774', 'd74c27ba-a176-48e7-9c44-5b39e27f5920', 'LeadSoftwareArchitect', '11886');
INSERT INTO `SkillSet` (`id`) VALUES ('11887');
INSERT INTO `SkillSet_skills` (`SkillSet_id`, `skills`) VALUES ('11887', 'Java');
INSERT INTO `SkillSet_skills` (`SkillSet_id`, `skills`) VALUES ('11887', 'Maven');
INSERT INTO `Mission` (`id`, `companyName`, `name`, `role`, `skillSet_id`) VALUES ('11887', '2de49fed-ab5d-42da-aa82-22e9d1814498', '4286508d-75d0-4d35-9665-e4d3886ecaf3', 'SeniorSoftwareEngineer', '11887');
INSERT INTO `SkillSet` (`id`) VALUES ('11888');
INSERT INTO `SkillSet_skills` (`SkillSet_id`, `skills`) VALUES ('11888', 'dotNet');
INSERT INTO `SkillSet_skills` (`SkillSet_id`, `skills`) VALUES ('11888', 'Java');
INSERT INTO `SkillSet_skills` (`SkillSet_id`, `skills`) VALUES ('11888', 'SQL');
INSERT INTO `SkillSet_skills` (`SkillSet_id`, `skills`) VALUES ('11888', 'UITesting');
INSERT INTO `Mission` (`id`, `companyName`, `name`, `role`, `skillSet_id`) VALUES ('11888', 'e03c07ea-bc59-4bbc-bc7f-1894fb0a2003', '9451dc76-a474-4e6c-92f8-7b26127fc8c7', 'SoftwareEngineer', '11888');
INSERT INTO `SkillSet` (`id`) VALUES ('11889');
INSERT INTO `SkillSet_skills` (`SkillSet_id`, `skills`) VALUES ('11889', 'UITesting');
INSERT INTO `SkillSet_skills` (`SkillSet_id`, `skills`) VALUES ('11889', 'Maven');
INSERT INTO `SkillSet_skills` (`SkillSet_id`, `skills`) VALUES ('11889', 'Architektur');
INSERT INTO `Mission` (`id`, `companyName`, `name`, `role`, `skillSet_id`) VALUES ('11889', '6a095d9e-0fb1-4691-a37d-ac5778838aae', '11d81178-5ecf-4b4a-8928-5ffae9c522e0', 'SoftwareEngineer', '11889');
INSERT INTO `SkillSet` (`id`) VALUES ('11890');
INSERT INTO `SkillSet_skills` (`SkillSet_id`, `skills`) VALUES ('11890', 'UnitTesting');
INSERT INTO `SkillSet_skills` (`SkillSet_id`, `skills`) VALUES ('11890', 'SQL');
INSERT INTO `SkillSet_skills` (`SkillSet_id`, `skills`) VALUES ('11890', 'Architektur');
INSERT INTO `Mission` (`id`, `companyName`, `name`, `role`, `skillSet_id`) VALUES ('11890', 'c3851d4a-82e4-489d-a303-8b82b4e3b667', 'cd5372c5-a8c9-4141-9b15-d050d83d4f23', 'JuniorSoftwareEngineer', '11890');
INSERT INTO `SkillSet` (`id`) VALUES ('11891');
INSERT INTO `SkillSet_skills` (`SkillSet_id`, `skills`) VALUES ('11891', 'SQL');
INSERT INTO `SkillSet_skills` (`SkillSet_id`, `skills`) VALUES ('11891', 'Java');
INSERT INTO `SkillSet_skills` (`SkillSet_id`, `skills`) VALUES ('11891', 'dotNet');
INSERT INTO `Mission` (`id`, `companyName`, `name`, `role`, `skillSet_id`) VALUES ('11891', '477c2974-8774-4685-b4fe-90d3c4369222', '674fe352-b2d0-48e0-8f28-4d2aa0d1a396', 'LeadEngineer', '11891');
INSERT INTO `SkillSet` (`id`) VALUES ('11892');
INSERT INTO `SkillSet_skills` (`SkillSet_id`, `skills`) VALUES ('11892', 'Gradle');
INSERT INTO `SkillSet_skills` (`SkillSet_id`, `skills`) VALUES ('11892', 'dotNet');
INSERT INTO `SkillSet_skills` (`SkillSet_id`, `skills`) VALUES ('11892', 'Ant');
INSERT INTO `SkillSet_skills` (`SkillSet_id`, `skills`) VALUES ('11892', 'Java');
INSERT INTO `SkillSet_skills` (`SkillSet_id`, `skills`) VALUES ('11892', 'UnitTesting');
INSERT INTO `Mission` (`id`, `companyName`, `name`, `role`, `skillSet_id`) VALUES ('11892', 'ad0189bd-0472-4e3a-8c0f-3f11335cbac1', 'aaedb1e7-b792-4344-aab2-9ab4cf992338', 'LeadSoftwareArchitect', '11892');
INSERT INTO `SkillSet` (`id`) VALUES ('11893');
INSERT INTO `SkillSet_skills` (`SkillSet_id`, `skills`) VALUES ('11893', 'UnitTesting');
INSERT INTO `SkillSet_skills` (`SkillSet_id`, `skills`) VALUES ('11893', 'dotNet');
INSERT INTO `SkillSet_skills` (`SkillSet_id`, `skills`) VALUES ('11893', 'Ant');
INSERT INTO `SkillSet_skills` (`SkillSet_id`, `skills`) VALUES ('11893', 'Ant');
INSERT INTO `SkillSet_skills` (`SkillSet_id`, `skills`) VALUES ('11893', 'UITesting');
INSERT INTO `Mission` (`id`, `companyName`, `name`, `role`, `skillSet_id`) VALUES ('11893', '95b1211a-b289-4429-9b66-61870f193095', '87454cd9-81d3-4c64-9d96-1a797591eb05', 'LeadSoftwareArchitect', '11893');
INSERT INTO `SkillSet` (`id`) VALUES ('11894');
INSERT INTO `SkillSet_skills` (`SkillSet_id`, `skills`) VALUES ('11894', 'Ant');
INSERT INTO `Mission` (`id`, `companyName`, `name`, `role`, `skillSet_id`) VALUES ('11894', '51cac97d-6c6f-442a-9af3-924eda2ad4a3', '40e20f77-5e27-4e92-a1f9-6a584000186a', 'LeadEngineer', '11894');
INSERT INTO `SkillSet` (`id`) VALUES ('11895');
INSERT INTO `SkillSet_skills` (`SkillSet_id`, `skills`) VALUES ('11895', 'UnitTesting');
INSERT INTO `Mission` (`id`, `companyName`, `name`, `role`, `skillSet_id`) VALUES ('11895', 'a5a0f660-b800-4a85-8c21-bc3e859ae1c2', '85a1f530-b123-4a8c-923b-82a21c2f4ec0', 'SeniorSoftwareEngineer', '11895');
INSERT INTO `SkillSet` (`id`) VALUES ('11896');
INSERT INTO `SkillSet_skills` (`SkillSet_id`, `skills`) VALUES ('11896', 'UITesting');
INSERT INTO `SkillSet_skills` (`SkillSet_id`, `skills`) VALUES ('11896', 'UITesting');
INSERT INTO `Mission` (`id`, `companyName`, `name`, `role`, `skillSet_id`) VALUES ('11896', '6995a19a-c4fd-4332-9df5-492d29af0de0', '485efa98-0fa9-473e-ab5f-6378ff2db972', 'LeadEngineer', '11896');
INSERT INTO `SkillSet` (`id`) VALUES ('11897');
INSERT INTO `SkillSet_skills` (`SkillSet_id`, `skills`) VALUES ('11897', 'dotNet');
INSERT INTO `SkillSet_skills` (`SkillSet_id`, `skills`) VALUES ('11897', 'Architektur');
INSERT INTO `SkillSet_skills` (`SkillSet_id`, `skills`) VALUES ('11897', 'Architektur');
INSERT INTO `SkillSet_skills` (`SkillSet_id`, `skills`) VALUES ('11897', 'Gradle');
INSERT INTO `Mission` (`id`, `companyName`, `name`, `role`, `skillSet_id`) VALUES ('11897', '5b782132-4b96-4742-a04b-04c5195bd657', '485aec23-1792-4309-aeb2-091aefa22a01', 'SeniorSoftwareEngineer', '11897');
INSERT INTO `SkillSet` (`id`) VALUES ('11898');
INSERT INTO `SkillSet_skills` (`SkillSet_id`, `skills`) VALUES ('11898', 'SQL');
INSERT INTO `Mission` (`id`, `companyName`, `name`, `role`, `skillSet_id`) VALUES ('11898', 'eb2c768d-8523-43b8-a94f-a8c9040ead02', '5302d887-34b8-49d0-9a16-52953f1dec7f', 'LeadSoftwareArchitect', '11898');
INSERT INTO `SkillSet` (`id`) VALUES ('11899');
INSERT INTO `SkillSet_skills` (`SkillSet_id`, `skills`) VALUES ('11899', 'Maven');
INSERT INTO `Mission` (`id`, `companyName`, `name`, `role`, `skillSet_id`) VALUES ('11899', 'a9bd862b-ab41-42f6-9e7a-33d59394a48c', '8d627561-f489-4db7-91bf-84d0aa9a30dc', 'SoftwareEngineer', '11899');
INSERT INTO `SkillSet` (`id`) VALUES ('11900');
INSERT INTO `SkillSet_skills` (`SkillSet_id`, `skills`) VALUES ('11900', 'dotNet');
INSERT INTO `SkillSet_skills` (`SkillSet_id`, `skills`) VALUES ('11900', 'UnitTesting');
INSERT INTO `SkillSet_skills` (`SkillSet_id`, `skills`) VALUES ('11900', 'Java');
INSERT INTO `Mission` (`id`, `companyName`, `name`, `role`, `skillSet_id`) VALUES ('11900', 'ea85144c-24ab-4237-86ab-479981359551', 'e21482fb-d64a-4f59-8123-57fa983a99af', 'PrincipalConsultant', '11900');
INSERT INTO `SkillSet` (`id`) VALUES ('11901');
INSERT INTO `SkillSet_skills` (`SkillSet_id`, `skills`) VALUES ('11901', 'dotNet');
INSERT INTO `SkillSet_skills` (`SkillSet_id`, `skills`) VALUES ('11901', 'UITesting');
INSERT INTO `SkillSet_skills` (`SkillSet_id`, `skills`) VALUES ('11901', 'Gradle');
INSERT INTO `Mission` (`id`, `companyName`, `name`, `role`, `skillSet_id`) VALUES ('11901', 'caa11f4a-9dc3-4ae4-8e72-98ef806146e0', '10716331-edca-4ce1-a8ea-24548f9482b2', 'SeniorSoftwareEngineer', '11901');
INSERT INTO `SkillSet` (`id`) VALUES ('11902');
INSERT INTO `SkillSet_skills` (`SkillSet_id`, `skills`) VALUES ('11902', 'UnitTesting');
INSERT INTO `SkillSet_skills` (`SkillSet_id`, `skills`) VALUES ('11902', 'UITesting');
INSERT INTO `SkillSet_skills` (`SkillSet_id`, `skills`) VALUES ('11902', 'Ant');
INSERT INTO `Mission` (`id`, `companyName`, `name`, `role`, `skillSet_id`) VALUES ('11902', 'd86d8446-5eb7-42b5-9c66-cb12c06062e8', 'f23fe28e-776d-4b52-88f9-0ca007cc4f0a', 'LeadSoftwareArchitect', '11902');
INSERT INTO `SkillSet` (`id`) VALUES ('11903');
INSERT INTO `SkillSet_skills` (`SkillSet_id`, `skills`) VALUES ('11903', 'Architektur');
INSERT INTO `SkillSet_skills` (`SkillSet_id`, `skills`) VALUES ('11903', 'Gradle');
INSERT INTO `SkillSet_skills` (`SkillSet_id`, `skills`) VALUES ('11903', 'Maven');
INSERT INTO `SkillSet_skills` (`SkillSet_id`, `skills`) VALUES ('11903', 'Architektur');
INSERT INTO `SkillSet_skills` (`SkillSet_id`, `skills`) VALUES ('11903', 'Ant');
INSERT INTO `Mission` (`id`, `companyName`, `name`, `role`, `skillSet_id`) VALUES ('11903', 'd9d5bd34-c768-470b-bb27-555a8f30a2f5', '99bb3660-46a5-4945-8675-ee79d0184c68', 'LeadSoftwareArchitect', '11903');
INSERT INTO `SkillSet` (`id`) VALUES ('11904');
INSERT INTO `SkillSet_skills` (`SkillSet_id`, `skills`) VALUES ('11904', 'Gradle');
INSERT INTO `SkillSet_skills` (`SkillSet_id`, `skills`) VALUES ('11904', 'SQL');
INSERT INTO `Mission` (`id`, `companyName`, `name`, `role`, `skillSet_id`) VALUES ('11904', '7203350d-6dfb-4a31-bae3-591eded4d967', 'cdb854fb-ef4b-4589-9fb6-4b9a4e3c8941', 'PrincipalConsultant', '11904');
INSERT INTO `SkillSet` (`id`) VALUES ('11905');
INSERT INTO `SkillSet_skills` (`SkillSet_id`, `skills`) VALUES ('11905', 'dotNet');
INSERT INTO `Mission` (`id`, `companyName`, `name`, `role`, `skillSet_id`) VALUES ('11905', '246fc130-4545-4f85-bf0e-b390a2854e5e', '0285a0ac-6602-450c-8114-2d79df7e0799', 'SeniorSoftwareEngineer', '11905');
INSERT INTO `SkillSet` (`id`) VALUES ('11906');
INSERT INTO `SkillSet_skills` (`SkillSet_id`, `skills`) VALUES ('11906', 'Gradle');
INSERT INTO `SkillSet_skills` (`SkillSet_id`, `skills`) VALUES ('11906', 'Ant');
INSERT INTO `SkillSet_skills` (`SkillSet_id`, `skills`) VALUES ('11906', 'Java');
INSERT INTO `Mission` (`id`, `companyName`, `name`, `role`, `skillSet_id`) VALUES ('11906', 'a79b3767-abbc-40e5-ad72-b19bdf792172', 'f9e49aec-ad58-4cc0-82a1-0f144570840e', 'LeadEngineer', '11906');
INSERT INTO `SkillSet` (`id`) VALUES ('11907');
INSERT INTO `SkillSet_skills` (`SkillSet_id`, `skills`) VALUES ('11907', 'Gradle');
INSERT INTO `SkillSet_skills` (`SkillSet_id`, `skills`) VALUES ('11907', 'UnitTesting');
INSERT INTO `SkillSet_skills` (`SkillSet_id`, `skills`) VALUES ('11907', 'SQL');
INSERT INTO `SkillSet_skills` (`SkillSet_id`, `skills`) VALUES ('11907', 'Gradle');
INSERT INTO `Mission` (`id`, `companyName`, `name`, `role`, `skillSet_id`) VALUES ('11907', '6fa954e3-7e10-4bd6-a4ac-5132fefd1f7d', '082eec43-4198-4d44-b22d-7d92cfdd21cb', 'SoftwareEngineer', '11907');
INSERT INTO `SkillSet` (`id`) VALUES ('11908');
INSERT INTO `SkillSet_skills` (`SkillSet_id`, `skills`) VALUES ('11908', 'Ant');
INSERT INTO `SkillSet_skills` (`SkillSet_id`, `skills`) VALUES ('11908', 'Gradle');
INSERT INTO `SkillSet_skills` (`SkillSet_id`, `skills`) VALUES ('11908', 'Gradle');
INSERT INTO `Mission` (`id`, `companyName`, `name`, `role`, `skillSet_id`) VALUES ('11908', 'f913badc-a09a-4a2b-98cd-f36b994bb2b1', '14b9deec-ea70-445d-8d01-bbf647490410', 'SoftwareEngineer', '11908');
INSERT INTO `SkillSet` (`id`) VALUES ('11909');
INSERT INTO `SkillSet_skills` (`SkillSet_id`, `skills`) VALUES ('11909', 'UITesting');
INSERT INTO `Mission` (`id`, `companyName`, `name`, `role`, `skillSet_id`) VALUES ('11909', '649c458e-157b-460b-8e5f-7631997efc25', 'a78e4d44-3c26-4232-b0e1-a091c9eb9390', 'LeadEngineer', '11909');
INSERT INTO `SkillSet` (`id`) VALUES ('11910');
INSERT INTO `SkillSet_skills` (`SkillSet_id`, `skills`) VALUES ('11910', 'Architektur');
INSERT INTO `SkillSet_skills` (`SkillSet_id`, `skills`) VALUES ('11910', 'Architektur');
INSERT INTO `SkillSet_skills` (`SkillSet_id`, `skills`) VALUES ('11910', 'UITesting');
INSERT INTO `SkillSet_skills` (`SkillSet_id`, `skills`) VALUES ('11910', 'Ant');
INSERT INTO `SkillSet_skills` (`SkillSet_id`, `skills`) VALUES ('11910', 'UnitTesting');
INSERT INTO `Mission` (`id`, `companyName`, `name`, `role`, `skillSet_id`) VALUES ('11910', 'c9a94045-d037-466c-a92b-d0274017d2a0', 'b6836b88-3927-4ef9-9a97-dada86f3046d', 'SoftwareEngineer', '11910');
INSERT INTO `SkillSet` (`id`) VALUES ('11911');
INSERT INTO `SkillSet_skills` (`SkillSet_id`, `skills`) VALUES ('11911', 'Ant');
INSERT INTO `Mission` (`id`, `companyName`, `name`, `role`, `skillSet_id`) VALUES ('11911', 'aa3e18e0-39fd-4dae-90ef-36d6b42b78cb', 'b1b85e33-768d-4674-92bc-69a3aa87b488', 'SoftwareEngineer', '11911');
INSERT INTO `SkillSet` (`id`) VALUES ('11912');
INSERT INTO `SkillSet_skills` (`SkillSet_id`, `skills`) VALUES ('11912', 'Gradle');
INSERT INTO `SkillSet_skills` (`SkillSet_id`, `skills`) VALUES ('11912', 'Maven');
INSERT INTO `SkillSet_skills` (`SkillSet_id`, `skills`) VALUES ('11912', 'Maven');
INSERT INTO `SkillSet_skills` (`SkillSet_id`, `skills`) VALUES ('11912', 'SQL');
INSERT INTO `SkillSet_skills` (`SkillSet_id`, `skills`) VALUES ('11912', 'Ant');
INSERT INTO `Mission` (`id`, `companyName`, `name`, `role`, `skillSet_id`) VALUES ('11912', '889127f3-cb6f-4458-99fb-0e3b15ad06f4', '384876d8-4aa9-4afb-9179-71bb46634904', 'SoftwareEngineer', '11912');
INSERT INTO `SkillSet` (`id`) VALUES ('11913');
INSERT INTO `SkillSet_skills` (`SkillSet_id`, `skills`) VALUES ('11913', 'UITesting');
INSERT INTO `SkillSet_skills` (`SkillSet_id`, `skills`) VALUES ('11913', 'dotNet');
INSERT INTO `SkillSet_skills` (`SkillSet_id`, `skills`) VALUES ('11913', 'Architektur');
INSERT INTO `SkillSet_skills` (`SkillSet_id`, `skills`) VALUES ('11913', 'Architektur');
INSERT INTO `SkillSet_skills` (`SkillSet_id`, `skills`) VALUES ('11913', 'Architektur');
INSERT INTO `Mission` (`id`, `companyName`, `name`, `role`, `skillSet_id`) VALUES ('11913', 'd88dee03-0a85-44e3-ba51-6a89e9897a76', '60e2ec53-1092-4b0b-8582-50bf4156bee7', 'JuniorSoftwareEngineer', '11913');
INSERT INTO `SkillSet` (`id`) VALUES ('11914');
INSERT INTO `SkillSet_skills` (`SkillSet_id`, `skills`) VALUES ('11914', 'Gradle');
INSERT INTO `SkillSet_skills` (`SkillSet_id`, `skills`) VALUES ('11914', 'Java');
INSERT INTO `SkillSet_skills` (`SkillSet_id`, `skills`) VALUES ('11914', 'Gradle');
INSERT INTO `Mission` (`id`, `companyName`, `name`, `role`, `skillSet_id`) VALUES ('11914', 'accc70a3-921c-4ce0-b0df-93afb91549b1', '9d1709e9-44ca-404e-9cd6-640009f5e563', 'LeadEngineer', '11914');
INSERT INTO `SkillSet` (`id`) VALUES ('11915');
INSERT INTO `SkillSet_skills` (`SkillSet_id`, `skills`) VALUES ('11915', 'dotNet');
INSERT INTO `SkillSet_skills` (`SkillSet_id`, `skills`) VALUES ('11915', 'UITesting');
INSERT INTO `SkillSet_skills` (`SkillSet_id`, `skills`) VALUES ('11915', 'Java');
INSERT INTO `SkillSet_skills` (`SkillSet_id`, `skills`) VALUES ('11915', 'Gradle');
INSERT INTO `SkillSet_skills` (`SkillSet_id`, `skills`) VALUES ('11915', 'UITesting');
INSERT INTO `Mission` (`id`, `companyName`, `name`, `role`, `skillSet_id`) VALUES ('11915', '6cef36e4-e491-4e01-97f7-b218ad3cb5fa', 'bd5d6fde-489a-44d0-b5bf-41c5ac304b72', 'LeadEngineer', '11915');
INSERT INTO `SkillSet` (`id`) VALUES ('11916');
INSERT INTO `SkillSet_skills` (`SkillSet_id`, `skills`) VALUES ('11916', 'dotNet');
INSERT INTO `SkillSet_skills` (`SkillSet_id`, `skills`) VALUES ('11916', 'Maven');
INSERT INTO `Mission` (`id`, `companyName`, `name`, `role`, `skillSet_id`) VALUES ('11916', '1c4dd4aa-8c0d-4e89-a711-d3f08a616db8', 'b7851001-0997-4426-bb50-61eabbbaa4b6', 'LeadEngineer', '11916');
INSERT INTO `SkillSet` (`id`) VALUES ('11917');
INSERT INTO `SkillSet_skills` (`SkillSet_id`, `skills`) VALUES ('11917', 'SQL');
INSERT INTO `SkillSet_skills` (`SkillSet_id`, `skills`) VALUES ('11917', 'Java');
INSERT INTO `SkillSet_skills` (`SkillSet_id`, `skills`) VALUES ('11917', 'UITesting');
INSERT INTO `SkillSet_skills` (`SkillSet_id`, `skills`) VALUES ('11917', 'Ant');
INSERT INTO `Mission` (`id`, `companyName`, `name`, `role`, `skillSet_id`) VALUES ('11917', '802bf0c5-dbbf-4298-a227-c64b592c31a3', '8782f10a-e3b5-418f-942d-fe2796bcd1f2', 'SeniorSoftwareEngineer', '11917');
INSERT INTO `SkillSet` (`id`) VALUES ('11918');
INSERT INTO `SkillSet_skills` (`SkillSet_id`, `skills`) VALUES ('11918', 'SQL');
INSERT INTO `Mission` (`id`, `companyName`, `name`, `role`, `skillSet_id`) VALUES ('11918', '8e8ce761-25e2-4ca0-96ff-0e6259b0bd76', '6269f120-61ef-419b-b9f6-88418aefdf6e', 'JuniorSoftwareEngineer', '11918');
INSERT INTO `SkillSet` (`id`) VALUES ('11919');
INSERT INTO `SkillSet_skills` (`SkillSet_id`, `skills`) VALUES ('11919', 'UnitTesting');
INSERT INTO `SkillSet_skills` (`SkillSet_id`, `skills`) VALUES ('11919', 'Ant');
INSERT INTO `SkillSet_skills` (`SkillSet_id`, `skills`) VALUES ('11919', 'Java');
INSERT INTO `SkillSet_skills` (`SkillSet_id`, `skills`) VALUES ('11919', 'dotNet');
INSERT INTO `SkillSet_skills` (`SkillSet_id`, `skills`) VALUES ('11919', 'dotNet');
INSERT INTO `Mission` (`id`, `companyName`, `name`, `role`, `skillSet_id`) VALUES ('11919', '2eb3343b-f57e-469e-88f8-014d26a28831', 'b77dbafa-d0e8-486f-8dcb-94faf16b917e', 'LeadSoftwareArchitect', '11919');
INSERT INTO `SkillSet` (`id`) VALUES ('11920');
INSERT INTO `SkillSet_skills` (`SkillSet_id`, `skills`) VALUES ('11920', 'Ant');
INSERT INTO `SkillSet_skills` (`SkillSet_id`, `skills`) VALUES ('11920', 'dotNet');
INSERT INTO `SkillSet_skills` (`SkillSet_id`, `skills`) VALUES ('11920', 'Gradle');
INSERT INTO `SkillSet_skills` (`SkillSet_id`, `skills`) VALUES ('11920', 'UnitTesting');
INSERT INTO `SkillSet_skills` (`SkillSet_id`, `skills`) VALUES ('11920', 'Java');
INSERT INTO `Mission` (`id`, `companyName`, `name`, `role`, `skillSet_id`) VALUES ('11920', '598c0021-8a3a-4f6b-8b37-5f6e94ec97bb', '71006b17-90f6-446f-9137-dd567c93485a', 'LeadSoftwareArchitect', '11920');
INSERT INTO `SkillSet` (`id`) VALUES ('11921');
INSERT INTO `SkillSet_skills` (`SkillSet_id`, `skills`) VALUES ('11921', 'UnitTesting');
INSERT INTO `SkillSet_skills` (`SkillSet_id`, `skills`) VALUES ('11921', 'dotNet');
INSERT INTO `Mission` (`id`, `companyName`, `name`, `role`, `skillSet_id`) VALUES ('11921', '6af6f1bb-ae29-4a81-9ace-b7e7b48f81b2', '6b699c9c-8951-4a15-b2d5-42387d4322aa', 'LeadEngineer', '11921');
INSERT INTO `SkillSet` (`id`) VALUES ('11922');
INSERT INTO `SkillSet_skills` (`SkillSet_id`, `skills`) VALUES ('11922', 'Maven');
INSERT INTO `SkillSet_skills` (`SkillSet_id`, `skills`) VALUES ('11922', 'dotNet');
INSERT INTO `SkillSet_skills` (`SkillSet_id`, `skills`) VALUES ('11922', 'SQL');
INSERT INTO `SkillSet_skills` (`SkillSet_id`, `skills`) VALUES ('11922', 'dotNet');
INSERT INTO `SkillSet_skills` (`SkillSet_id`, `skills`) VALUES ('11922', 'Maven');
INSERT INTO `Mission` (`id`, `companyName`, `name`, `role`, `skillSet_id`) VALUES ('11922', '4479a165-083a-4fa0-87a8-83b29364e091', '71e7c082-189e-40ad-b040-ab7c328f015f', 'JuniorSoftwareEngineer', '11922');
INSERT INTO `SkillSet` (`id`) VALUES ('11923');
INSERT INTO `SkillSet_skills` (`SkillSet_id`, `skills`) VALUES ('11923', 'Ant');
INSERT INTO `SkillSet_skills` (`SkillSet_id`, `skills`) VALUES ('11923', 'Maven');
INSERT INTO `SkillSet_skills` (`SkillSet_id`, `skills`) VALUES ('11923', 'UITesting');
INSERT INTO `SkillSet_skills` (`SkillSet_id`, `skills`) VALUES ('11923', 'Architektur');
INSERT INTO `SkillSet_skills` (`SkillSet_id`, `skills`) VALUES ('11923', 'Ant');
INSERT INTO `Mission` (`id`, `companyName`, `name`, `role`, `skillSet_id`) VALUES ('11923', '046b203e-f253-4678-a6c1-00f721aeda9c', '81d551b5-89d9-48b8-afd3-e4ec0abe9b8f', 'LeadEngineer', '11923');
INSERT INTO `SkillSet` (`id`) VALUES ('11924');
INSERT INTO `SkillSet_skills` (`SkillSet_id`, `skills`) VALUES ('11924', 'SQL');
INSERT INTO `SkillSet_skills` (`SkillSet_id`, `skills`) VALUES ('11924', 'Architektur');
INSERT INTO `Mission` (`id`, `companyName`, `name`, `role`, `skillSet_id`) VALUES ('11924', 'e7504e25-3f45-4776-b3f3-d1e85e910194', 'a6ebbc80-3c02-48f8-bede-ce58fdd517a1', 'SoftwareEngineer', '11924');
INSERT INTO `SkillSet` (`id`) VALUES ('11925');
INSERT INTO `SkillSet_skills` (`SkillSet_id`, `skills`) VALUES ('11925', 'UITesting');
INSERT INTO `SkillSet_skills` (`SkillSet_id`, `skills`) VALUES ('11925', 'SQL');
INSERT INTO `Mission` (`id`, `companyName`, `name`, `role`, `skillSet_id`) VALUES ('11925', '15c52010-d3c9-4c11-b01e-8e8f957336d6', '6a4a5992-9524-4911-94e9-030cceead011', 'SeniorSoftwareEngineer', '11925');
INSERT INTO `SkillSet` (`id`) VALUES ('11926');
INSERT INTO `SkillSet_skills` (`SkillSet_id`, `skills`) VALUES ('11926', 'Java');
INSERT INTO `SkillSet_skills` (`SkillSet_id`, `skills`) VALUES ('11926', 'Maven');
INSERT INTO `Mission` (`id`, `companyName`, `name`, `role`, `skillSet_id`) VALUES ('11926', '0c30a787-0511-4baf-8f17-8e36e1611f67', '98a79649-5ce1-4323-9161-7bffe14d9293', 'LeadEngineer', '11926');
INSERT INTO `SkillSet` (`id`) VALUES ('11927');
INSERT INTO `SkillSet_skills` (`SkillSet_id`, `skills`) VALUES ('11927', 'Gradle');
INSERT INTO `SkillSet_skills` (`SkillSet_id`, `skills`) VALUES ('11927', 'Java');
INSERT INTO `Mission` (`id`, `companyName`, `name`, `role`, `skillSet_id`) VALUES ('11927', 'a3827333-ce96-42dd-b811-2ed9efec4363', 'd68ab4ef-9531-420a-a54d-b97cecb4eb97', 'SeniorSoftwareEngineer', '11927');
INSERT INTO `SkillSet` (`id`) VALUES ('11928');
INSERT INTO `SkillSet_skills` (`SkillSet_id`, `skills`) VALUES ('11928', 'UITesting');
INSERT INTO `SkillSet_skills` (`SkillSet_id`, `skills`) VALUES ('11928', 'SQL');
INSERT INTO `Mission` (`id`, `companyName`, `name`, `role`, `skillSet_id`) VALUES ('11928', '8bc4e146-849f-4a3f-878c-c7ddeb064684', '56785a1b-cc5c-49bf-accf-f1be3e5af246', 'PrincipalConsultant', '11928');
INSERT INTO `SkillSet` (`id`) VALUES ('11929');
INSERT INTO `SkillSet_skills` (`SkillSet_id`, `skills`) VALUES ('11929', 'dotNet');
INSERT INTO `SkillSet_skills` (`SkillSet_id`, `skills`) VALUES ('11929', 'Maven');
INSERT INTO `SkillSet_skills` (`SkillSet_id`, `skills`) VALUES ('11929', 'SQL');
INSERT INTO `SkillSet_skills` (`SkillSet_id`, `skills`) VALUES ('11929', 'UITesting');
INSERT INTO `SkillSet_skills` (`SkillSet_id`, `skills`) VALUES ('11929', 'dotNet');
INSERT INTO `Mission` (`id`, `companyName`, `name`, `role`, `skillSet_id`) VALUES ('11929', '354043d6-29e8-441a-a7bf-83cdd2fabecd', '762a63bc-1ee9-4306-9834-52d7ec26f44f', 'SeniorSoftwareEngineer', '11929');
INSERT INTO `SkillSet` (`id`) VALUES ('11930');
INSERT INTO `SkillSet_skills` (`SkillSet_id`, `skills`) VALUES ('11930', 'Architektur');
INSERT INTO `SkillSet_skills` (`SkillSet_id`, `skills`) VALUES ('11930', 'Java');
INSERT INTO `SkillSet_skills` (`SkillSet_id`, `skills`) VALUES ('11930', 'UITesting');
INSERT INTO `Mission` (`id`, `companyName`, `name`, `role`, `skillSet_id`) VALUES ('11930', '8ed51cea-0ab1-4599-a042-7c0e813b6dba', 'e884de52-aebe-4c66-b446-6213a12e987c', 'PrincipalConsultant', '11930');
INSERT INTO `SkillSet` (`id`) VALUES ('11931');
INSERT INTO `SkillSet_skills` (`SkillSet_id`, `skills`) VALUES ('11931', 'Java');
INSERT INTO `SkillSet_skills` (`SkillSet_id`, `skills`) VALUES ('11931', 'Architektur');
INSERT INTO `SkillSet_skills` (`SkillSet_id`, `skills`) VALUES ('11931', 'Architektur');
INSERT INTO `Mission` (`id`, `companyName`, `name`, `role`, `skillSet_id`) VALUES ('11931', 'd894da83-a231-418d-89f7-0af0b9f5a8b0', '1006348a-ba88-4988-83f5-ba3b8144a3e4', 'JuniorSoftwareEngineer', '11931');
INSERT INTO `SkillSet` (`id`) VALUES ('11932');
INSERT INTO `SkillSet_skills` (`SkillSet_id`, `skills`) VALUES ('11932', 'Ant');
INSERT INTO `SkillSet_skills` (`SkillSet_id`, `skills`) VALUES ('11932', 'SQL');
INSERT INTO `SkillSet_skills` (`SkillSet_id`, `skills`) VALUES ('11932', 'UITesting');
INSERT INTO `SkillSet_skills` (`SkillSet_id`, `skills`) VALUES ('11932', 'SQL');
INSERT INTO `Mission` (`id`, `companyName`, `name`, `role`, `skillSet_id`) VALUES ('11932', '32475bc9-e5d0-44fd-aded-9403ad23eb9c', 'ee19614b-168b-4f65-8255-cc7f6cc2bcb7', 'SoftwareEngineer', '11932');
INSERT INTO `SkillSet` (`id`) VALUES ('11933');
INSERT INTO `SkillSet_skills` (`SkillSet_id`, `skills`) VALUES ('11933', 'Architektur');
INSERT INTO `SkillSet_skills` (`SkillSet_id`, `skills`) VALUES ('11933', 'Maven');
INSERT INTO `Mission` (`id`, `companyName`, `name`, `role`, `skillSet_id`) VALUES ('11933', 'fa0204a1-232b-4d34-9db7-895be1bfd0d8', 'f9c5003d-af8a-49bc-a78f-65dfe4f444e6', 'SoftwareEngineer', '11933');
INSERT INTO `SkillSet` (`id`) VALUES ('11934');
INSERT INTO `SkillSet_skills` (`SkillSet_id`, `skills`) VALUES ('11934', 'Architektur');
INSERT INTO `SkillSet_skills` (`SkillSet_id`, `skills`) VALUES ('11934', 'UnitTesting');
INSERT INTO `SkillSet_skills` (`SkillSet_id`, `skills`) VALUES ('11934', 'Ant');
INSERT INTO `Mission` (`id`, `companyName`, `name`, `role`, `skillSet_id`) VALUES ('11934', '5a618cbe-ef98-4953-8a76-80426baf318a', '54d78f73-9b72-420f-a698-86876eec48b0', 'LeadSoftwareArchitect', '11934');
INSERT INTO `SkillSet` (`id`) VALUES ('11935');
INSERT INTO `SkillSet_skills` (`SkillSet_id`, `skills`) VALUES ('11935', 'Maven');
INSERT INTO `SkillSet_skills` (`SkillSet_id`, `skills`) VALUES ('11935', 'dotNet');
INSERT INTO `SkillSet_skills` (`SkillSet_id`, `skills`) VALUES ('11935', 'Java');
INSERT INTO `SkillSet_skills` (`SkillSet_id`, `skills`) VALUES ('11935', 'UITesting');
INSERT INTO `Mission` (`id`, `companyName`, `name`, `role`, `skillSet_id`) VALUES ('11935', '32f88b29-a806-4013-b812-0cc6cce04524', '74e6fecb-1440-4df6-bac3-ddfbaf3c6d44', 'PrincipalConsultant', '11935');
INSERT INTO `SkillSet` (`id`) VALUES ('11936');
INSERT INTO `SkillSet_skills` (`SkillSet_id`, `skills`) VALUES ('11936', 'UnitTesting');
INSERT INTO `SkillSet_skills` (`SkillSet_id`, `skills`) VALUES ('11936', 'UnitTesting');
INSERT INTO `SkillSet_skills` (`SkillSet_id`, `skills`) VALUES ('11936', 'SQL');
INSERT INTO `SkillSet_skills` (`SkillSet_id`, `skills`) VALUES ('11936', 'Java');
INSERT INTO `Mission` (`id`, `companyName`, `name`, `role`, `skillSet_id`) VALUES ('11936', '2a85b1f5-7c0a-4745-b040-525d3e35a202', 'ea3a5fe8-116c-4b9b-93d8-91ca53c122cd', 'LeadEngineer', '11936');
INSERT INTO `SkillSet` (`id`) VALUES ('11937');
INSERT INTO `SkillSet_skills` (`SkillSet_id`, `skills`) VALUES ('11937', 'Maven');
INSERT INTO `SkillSet_skills` (`SkillSet_id`, `skills`) VALUES ('11937', 'Ant');
INSERT INTO `Mission` (`id`, `companyName`, `name`, `role`, `skillSet_id`) VALUES ('11937', '8eb0e85b-0825-4b3e-a562-05941aeb6d50', '8c109572-3cb7-4b52-88f9-f36175a1ecaf', 'PrincipalConsultant', '11937');
INSERT INTO `SkillSet` (`id`) VALUES ('11938');
INSERT INTO `SkillSet_skills` (`SkillSet_id`, `skills`) VALUES ('11938', 'UnitTesting');
INSERT INTO `Mission` (`id`, `companyName`, `name`, `role`, `skillSet_id`) VALUES ('11938', 'c94c10fe-17d0-4fb0-a145-2812a4c1204f', 'fc9ab9c5-ec0d-456e-b827-f5869c2d418e', 'SoftwareEngineer', '11938');
INSERT INTO `SkillSet` (`id`) VALUES ('11939');
INSERT INTO `SkillSet_skills` (`SkillSet_id`, `skills`) VALUES ('11939', 'Gradle');
INSERT INTO `SkillSet_skills` (`SkillSet_id`, `skills`) VALUES ('11939', 'SQL');
INSERT INTO `SkillSet_skills` (`SkillSet_id`, `skills`) VALUES ('11939', 'SQL');
INSERT INTO `SkillSet_skills` (`SkillSet_id`, `skills`) VALUES ('11939', 'UnitTesting');
INSERT INTO `Mission` (`id`, `companyName`, `name`, `role`, `skillSet_id`) VALUES ('11939', '34ae7673-3f74-4211-a169-c01c08dc1780', '06975766-2a2e-40cc-8b25-b1d8d06faa00', 'LeadEngineer', '11939');
INSERT INTO `SkillSet` (`id`) VALUES ('11940');
INSERT INTO `SkillSet_skills` (`SkillSet_id`, `skills`) VALUES ('11940', 'dotNet');
INSERT INTO `Mission` (`id`, `companyName`, `name`, `role`, `skillSet_id`) VALUES ('11940', '166941fc-4cfc-4c59-a527-94d385ae9b63', '200bd266-399e-4eff-836d-c8f3f81d5860', 'LeadEngineer', '11940');
INSERT INTO `SkillSet` (`id`) VALUES ('11941');
INSERT INTO `SkillSet_skills` (`SkillSet_id`, `skills`) VALUES ('11941', 'SQL');
INSERT INTO `SkillSet_skills` (`SkillSet_id`, `skills`) VALUES ('11941', 'Gradle');
INSERT INTO `Mission` (`id`, `companyName`, `name`, `role`, `skillSet_id`) VALUES ('11941', 'ade91900-744d-45fa-ad72-e823611383b8', 'd6c710b6-070a-4ecc-baea-d22a8545ba17', 'SeniorSoftwareEngineer', '11941');
INSERT INTO `SkillSet` (`id`) VALUES ('11942');
INSERT INTO `SkillSet_skills` (`SkillSet_id`, `skills`) VALUES ('11942', 'Gradle');
INSERT INTO `SkillSet_skills` (`SkillSet_id`, `skills`) VALUES ('11942', 'Ant');
INSERT INTO `Mission` (`id`, `companyName`, `name`, `role`, `skillSet_id`) VALUES ('11942', 'a1e8b4d6-7aee-4438-921d-99f54d8b04ff', '4c0fb9d9-5a80-4b14-835b-e5088562e29b', 'PrincipalConsultant', '11942');
INSERT INTO `SkillSet` (`id`) VALUES ('11943');
INSERT INTO `SkillSet_skills` (`SkillSet_id`, `skills`) VALUES ('11943', 'Gradle');
INSERT INTO `SkillSet_skills` (`SkillSet_id`, `skills`) VALUES ('11943', 'Ant');
INSERT INTO `SkillSet_skills` (`SkillSet_id`, `skills`) VALUES ('11943', 'SQL');
INSERT INTO `SkillSet_skills` (`SkillSet_id`, `skills`) VALUES ('11943', 'Maven');
INSERT INTO `SkillSet_skills` (`SkillSet_id`, `skills`) VALUES ('11943', 'Ant');
INSERT INTO `Mission` (`id`, `companyName`, `name`, `role`, `skillSet_id`) VALUES ('11943', '8aab3e65-49cd-4486-9482-19c7dced4c81', '3eb640f1-2770-463a-a350-cadb688d3111', 'SoftwareEngineer', '11943');
INSERT INTO `SkillSet` (`id`) VALUES ('11944');
INSERT INTO `SkillSet_skills` (`SkillSet_id`, `skills`) VALUES ('11944', 'Maven');
INSERT INTO `SkillSet_skills` (`SkillSet_id`, `skills`) VALUES ('11944', 'Maven');
INSERT INTO `SkillSet_skills` (`SkillSet_id`, `skills`) VALUES ('11944', 'dotNet');
INSERT INTO `SkillSet_skills` (`SkillSet_id`, `skills`) VALUES ('11944', 'UnitTesting');
INSERT INTO `SkillSet_skills` (`SkillSet_id`, `skills`) VALUES ('11944', 'Java');
INSERT INTO `Mission` (`id`, `companyName`, `name`, `role`, `skillSet_id`) VALUES ('11944', '9c7c82c7-442a-4592-b55f-bee98c0a4226', '75bcc3cc-fde5-43a8-aa8f-6b183f68b8f5', 'PrincipalConsultant', '11944');
INSERT INTO `SkillSet` (`id`) VALUES ('11945');
INSERT INTO `SkillSet_skills` (`SkillSet_id`, `skills`) VALUES ('11945', 'UITesting');
INSERT INTO `SkillSet_skills` (`SkillSet_id`, `skills`) VALUES ('11945', 'UITesting');
INSERT INTO `Mission` (`id`, `companyName`, `name`, `role`, `skillSet_id`) VALUES ('11945', 'e1168568-0b85-44a5-ab3f-aecf60de46ba', 'c710a55d-9aa9-4eb0-9216-7259cbee5315', 'LeadSoftwareArchitect', '11945');
INSERT INTO `SkillSet` (`id`) VALUES ('11946');
INSERT INTO `SkillSet_skills` (`SkillSet_id`, `skills`) VALUES ('11946', 'UITesting');
INSERT INTO `SkillSet_skills` (`SkillSet_id`, `skills`) VALUES ('11946', 'Maven');
INSERT INTO `Mission` (`id`, `companyName`, `name`, `role`, `skillSet_id`) VALUES ('11946', 'e5b915f5-a8a0-4070-bf90-a0d662b1a0a4', '620a1ba3-452e-46ee-a4fd-c3d318a0c8b0', 'PrincipalConsultant', '11946');
INSERT INTO `SkillSet` (`id`) VALUES ('11947');
INSERT INTO `SkillSet_skills` (`SkillSet_id`, `skills`) VALUES ('11947', 'UITesting');
INSERT INTO `SkillSet_skills` (`SkillSet_id`, `skills`) VALUES ('11947', 'UITesting');
INSERT INTO `SkillSet_skills` (`SkillSet_id`, `skills`) VALUES ('11947', 'UITesting');
INSERT INTO `Mission` (`id`, `companyName`, `name`, `role`, `skillSet_id`) VALUES ('11947', '84ad801f-eb71-42f5-a3c5-fd9da62031b2', 'ff67ba28-2e95-4b83-9ebf-418b1d7f1a4c', 'LeadSoftwareArchitect', '11947');
INSERT INTO `SkillSet` (`id`) VALUES ('11948');
INSERT INTO `SkillSet_skills` (`SkillSet_id`, `skills`) VALUES ('11948', 'Architektur');
INSERT INTO `Mission` (`id`, `companyName`, `name`, `role`, `skillSet_id`) VALUES ('11948', 'd9cdac02-3dc0-4031-bb75-2276ae6313b5', '2a8e5bc1-2dfe-4a9d-9a8b-7a4bf61f9755', 'JuniorSoftwareEngineer', '11948');
INSERT INTO `SkillSet` (`id`) VALUES ('11949');
INSERT INTO `SkillSet_skills` (`SkillSet_id`, `skills`) VALUES ('11949', 'SQL');
INSERT INTO `SkillSet_skills` (`SkillSet_id`, `skills`) VALUES ('11949', 'SQL');
INSERT INTO `SkillSet_skills` (`SkillSet_id`, `skills`) VALUES ('11949', 'UITesting');
INSERT INTO `Mission` (`id`, `companyName`, `name`, `role`, `skillSet_id`) VALUES ('11949', '70e56cee-456b-4e01-8fa2-67d9bb1c88f8', 'f100f993-7ec9-42ad-bf1c-f242ec1d372f', 'JuniorSoftwareEngineer', '11949');
INSERT INTO `SkillSet` (`id`) VALUES ('11950');
INSERT INTO `SkillSet_skills` (`SkillSet_id`, `skills`) VALUES ('11950', 'Maven');
INSERT INTO `SkillSet_skills` (`SkillSet_id`, `skills`) VALUES ('11950', 'SQL');
INSERT INTO `Mission` (`id`, `companyName`, `name`, `role`, `skillSet_id`) VALUES ('11950', '0da249f5-dab8-4d02-9470-0087f2f0ea73', '97d6c886-1839-4337-b6d4-4ab5f6d2c6d5', 'LeadEngineer', '11950');
INSERT INTO `SkillSet` (`id`) VALUES ('11951');
INSERT INTO `SkillSet_skills` (`SkillSet_id`, `skills`) VALUES ('11951', 'Ant');
INSERT INTO `SkillSet_skills` (`SkillSet_id`, `skills`) VALUES ('11951', 'dotNet');
INSERT INTO `SkillSet_skills` (`SkillSet_id`, `skills`) VALUES ('11951', 'Architektur');
INSERT INTO `Mission` (`id`, `companyName`, `name`, `role`, `skillSet_id`) VALUES ('11951', 'fec16764-4b6c-4409-ab4d-3b831b675dce', 'd8d5dc57-e49e-4334-a8b9-863197c2f7df', 'SeniorSoftwareEngineer', '11951');
INSERT INTO `SkillSet` (`id`) VALUES ('11952');
INSERT INTO `SkillSet_skills` (`SkillSet_id`, `skills`) VALUES ('11952', 'Gradle');
INSERT INTO `SkillSet_skills` (`SkillSet_id`, `skills`) VALUES ('11952', 'Architektur');
INSERT INTO `SkillSet_skills` (`SkillSet_id`, `skills`) VALUES ('11952', 'dotNet');
INSERT INTO `SkillSet_skills` (`SkillSet_id`, `skills`) VALUES ('11952', 'Java');
INSERT INTO `Mission` (`id`, `companyName`, `name`, `role`, `skillSet_id`) VALUES ('11952', '0a2d5913-1867-4006-a1b1-a919c5f31385', 'cd355513-137a-4119-954d-13c13fe810ee', 'JuniorSoftwareEngineer', '11952');
INSERT INTO `SkillSet` (`id`) VALUES ('11953');
INSERT INTO `SkillSet_skills` (`SkillSet_id`, `skills`) VALUES ('11953', 'Maven');
INSERT INTO `Mission` (`id`, `companyName`, `name`, `role`, `skillSet_id`) VALUES ('11953', '9c184cea-849a-4b7c-854f-9ae9a19cb1b0', '6a8047f8-5d78-46d4-9535-9baccf48205f', 'SeniorSoftwareEngineer', '11953');
INSERT INTO `SkillSet` (`id`) VALUES ('11954');
INSERT INTO `SkillSet_skills` (`SkillSet_id`, `skills`) VALUES ('11954', 'Maven');
INSERT INTO `SkillSet_skills` (`SkillSet_id`, `skills`) VALUES ('11954', 'Maven');
INSERT INTO `SkillSet_skills` (`SkillSet_id`, `skills`) VALUES ('11954', 'UnitTesting');
INSERT INTO `Mission` (`id`, `companyName`, `name`, `role`, `skillSet_id`) VALUES ('11954', '254be881-59d7-41e1-81db-d4201b8b04c7', '5bb0a34c-d8c0-4203-bf4d-5bba463f3a63', 'SeniorSoftwareEngineer', '11954');
INSERT INTO `SkillSet` (`id`) VALUES ('11955');
INSERT INTO `SkillSet_skills` (`SkillSet_id`, `skills`) VALUES ('11955', 'Maven');
INSERT INTO `Mission` (`id`, `companyName`, `name`, `role`, `skillSet_id`) VALUES ('11955', 'f0dc9a63-1edb-4b41-8ea1-e431853cc496', '94b7f60a-c143-4e10-8095-13c5c474798a', 'JuniorSoftwareEngineer', '11955');
INSERT INTO `SkillSet` (`id`) VALUES ('11956');
INSERT INTO `SkillSet_skills` (`SkillSet_id`, `skills`) VALUES ('11956', 'Gradle');
INSERT INTO `SkillSet_skills` (`SkillSet_id`, `skills`) VALUES ('11956', 'Maven');
INSERT INTO `SkillSet_skills` (`SkillSet_id`, `skills`) VALUES ('11956', 'Maven');
INSERT INTO `SkillSet_skills` (`SkillSet_id`, `skills`) VALUES ('11956', 'SQL');
INSERT INTO `SkillSet_skills` (`SkillSet_id`, `skills`) VALUES ('11956', 'Java');
INSERT INTO `Mission` (`id`, `companyName`, `name`, `role`, `skillSet_id`) VALUES ('11956', 'e143f632-b099-4d93-9a0e-82f4bc5f5f3c', '73ae7b5f-a12e-4941-8384-58d814bef3f9', 'PrincipalConsultant', '11956');
INSERT INTO `SkillSet` (`id`) VALUES ('11957');
INSERT INTO `SkillSet_skills` (`SkillSet_id`, `skills`) VALUES ('11957', 'Ant');
INSERT INTO `SkillSet_skills` (`SkillSet_id`, `skills`) VALUES ('11957', 'UnitTesting');
INSERT INTO `SkillSet_skills` (`SkillSet_id`, `skills`) VALUES ('11957', 'Ant');
INSERT INTO `SkillSet_skills` (`SkillSet_id`, `skills`) VALUES ('11957', 'UnitTesting');
INSERT INTO `SkillSet_skills` (`SkillSet_id`, `skills`) VALUES ('11957', 'Maven');
INSERT INTO `Mission` (`id`, `companyName`, `name`, `role`, `skillSet_id`) VALUES ('11957', '8555b538-cf5f-40e6-bb0d-cb43bc326510', 'bfa6575e-1f80-458f-923f-56fc298b78a0', 'LeadSoftwareArchitect', '11957');
INSERT INTO `SkillSet` (`id`) VALUES ('11958');
INSERT INTO `SkillSet_skills` (`SkillSet_id`, `skills`) VALUES ('11958', 'UITesting');
INSERT INTO `SkillSet_skills` (`SkillSet_id`, `skills`) VALUES ('11958', 'Gradle');
INSERT INTO `Mission` (`id`, `companyName`, `name`, `role`, `skillSet_id`) VALUES ('11958', '5f103705-677f-4c6e-8ab2-236896ca92ac', 'fbb549c0-567e-48b4-a7f2-a48234a0e68f', 'SoftwareEngineer', '11958');
INSERT INTO `SkillSet` (`id`) VALUES ('11959');
INSERT INTO `SkillSet_skills` (`SkillSet_id`, `skills`) VALUES ('11959', 'dotNet');
INSERT INTO `SkillSet_skills` (`SkillSet_id`, `skills`) VALUES ('11959', 'Maven');
INSERT INTO `Mission` (`id`, `companyName`, `name`, `role`, `skillSet_id`) VALUES ('11959', '26e3db95-72d5-4b43-a5a7-3e3678d7c0f1', 'c344805a-c727-4d8b-836a-7c276434c84d', 'LeadSoftwareArchitect', '11959');
INSERT INTO `SkillSet` (`id`) VALUES ('11960');
INSERT INTO `SkillSet_skills` (`SkillSet_id`, `skills`) VALUES ('11960', 'Maven');
INSERT INTO `Mission` (`id`, `companyName`, `name`, `role`, `skillSet_id`) VALUES ('11960', '4fbde59f-937a-403d-85b9-51038e4ff1d1', 'e6430740-cdd4-487a-9847-4f15c8760061', 'JuniorSoftwareEngineer', '11960');
INSERT INTO `SkillSet` (`id`) VALUES ('11961');
INSERT INTO `SkillSet_skills` (`SkillSet_id`, `skills`) VALUES ('11961', 'dotNet');
INSERT INTO `SkillSet_skills` (`SkillSet_id`, `skills`) VALUES ('11961', 'UnitTesting');
INSERT INTO `SkillSet_skills` (`SkillSet_id`, `skills`) VALUES ('11961', 'dotNet');
INSERT INTO `SkillSet_skills` (`SkillSet_id`, `skills`) VALUES ('11961', 'SQL');
INSERT INTO `Mission` (`id`, `companyName`, `name`, `role`, `skillSet_id`) VALUES ('11961', 'a204f9dc-66e3-4119-87b2-51fdb6d40c3e', '2d626508-b74d-4d6c-aa8e-40c6a06fbdeb', 'LeadSoftwareArchitect', '11961');
INSERT INTO `SkillSet` (`id`) VALUES ('11962');
INSERT INTO `SkillSet_skills` (`SkillSet_id`, `skills`) VALUES ('11962', 'UITesting');
INSERT INTO `Mission` (`id`, `companyName`, `name`, `role`, `skillSet_id`) VALUES ('11962', 'e5179286-1f84-48c2-8710-558054c18eeb', '04f9178c-5bfb-4174-8983-401251cf0650', 'LeadEngineer', '11962');
INSERT INTO `SkillSet` (`id`) VALUES ('11963');
INSERT INTO `SkillSet_skills` (`SkillSet_id`, `skills`) VALUES ('11963', 'Maven');
INSERT INTO `SkillSet_skills` (`SkillSet_id`, `skills`) VALUES ('11963', 'UITesting');
INSERT INTO `SkillSet_skills` (`SkillSet_id`, `skills`) VALUES ('11963', 'dotNet');
INSERT INTO `SkillSet_skills` (`SkillSet_id`, `skills`) VALUES ('11963', 'Maven');
INSERT INTO `SkillSet_skills` (`SkillSet_id`, `skills`) VALUES ('11963', 'dotNet');
INSERT INTO `Mission` (`id`, `companyName`, `name`, `role`, `skillSet_id`) VALUES ('11963', '5ae62255-6968-4428-ad53-4555db402cd7', 'e275ce5d-86f6-4ce2-96bf-defb357f22c1', 'SeniorSoftwareEngineer', '11963');
INSERT INTO `SkillSet` (`id`) VALUES ('11964');
INSERT INTO `SkillSet_skills` (`SkillSet_id`, `skills`) VALUES ('11964', 'UITesting');
INSERT INTO `SkillSet_skills` (`SkillSet_id`, `skills`) VALUES ('11964', 'Java');
INSERT INTO `SkillSet_skills` (`SkillSet_id`, `skills`) VALUES ('11964', 'Java');
INSERT INTO `Mission` (`id`, `companyName`, `name`, `role`, `skillSet_id`) VALUES ('11964', '0620f2db-85b3-4ca0-b39b-7d9f47a771d2', '78594b22-ab53-4867-ac61-4f1f28162d68', 'SoftwareEngineer', '11964');
INSERT INTO `SkillSet` (`id`) VALUES ('11965');
INSERT INTO `SkillSet_skills` (`SkillSet_id`, `skills`) VALUES ('11965', 'dotNet');
INSERT INTO `SkillSet_skills` (`SkillSet_id`, `skills`) VALUES ('11965', 'Maven');
INSERT INTO `SkillSet_skills` (`SkillSet_id`, `skills`) VALUES ('11965', 'SQL');
INSERT INTO `Mission` (`id`, `companyName`, `name`, `role`, `skillSet_id`) VALUES ('11965', 'ca22550b-51f0-4a0d-a573-ddb65df71273', 'f2670283-6ca6-4793-8fe5-747700c3fcd9', 'LeadSoftwareArchitect', '11965');
INSERT INTO `SkillSet` (`id`) VALUES ('11966');
INSERT INTO `SkillSet_skills` (`SkillSet_id`, `skills`) VALUES ('11966', 'Ant');
INSERT INTO `SkillSet_skills` (`SkillSet_id`, `skills`) VALUES ('11966', 'Maven');
INSERT INTO `SkillSet_skills` (`SkillSet_id`, `skills`) VALUES ('11966', 'UnitTesting');
INSERT INTO `SkillSet_skills` (`SkillSet_id`, `skills`) VALUES ('11966', 'Java');
INSERT INTO `SkillSet_skills` (`SkillSet_id`, `skills`) VALUES ('11966', 'UITesting');
INSERT INTO `Mission` (`id`, `companyName`, `name`, `role`, `skillSet_id`) VALUES ('11966', '9ff5b778-ff82-4d27-a898-b72500b33d01', '36300325-6f19-494c-b2b7-51b25e4d2510', 'SeniorSoftwareEngineer', '11966');
INSERT INTO `SkillSet` (`id`) VALUES ('11967');
INSERT INTO `SkillSet_skills` (`SkillSet_id`, `skills`) VALUES ('11967', 'Java');
INSERT INTO `SkillSet_skills` (`SkillSet_id`, `skills`) VALUES ('11967', 'Ant');
INSERT INTO `SkillSet_skills` (`SkillSet_id`, `skills`) VALUES ('11967', 'dotNet');
INSERT INTO `Mission` (`id`, `companyName`, `name`, `role`, `skillSet_id`) VALUES ('11967', 'a5e16329-3aa1-4b70-938e-5eac299b59ab', '18b4955e-bf50-4b8b-b730-1d58dd964627', 'SeniorSoftwareEngineer', '11967');
INSERT INTO `SkillSet` (`id`) VALUES ('11968');
INSERT INTO `SkillSet_skills` (`SkillSet_id`, `skills`) VALUES ('11968', 'Java');
INSERT INTO `SkillSet_skills` (`SkillSet_id`, `skills`) VALUES ('11968', 'Java');
INSERT INTO `SkillSet_skills` (`SkillSet_id`, `skills`) VALUES ('11968', 'SQL');
INSERT INTO `SkillSet_skills` (`SkillSet_id`, `skills`) VALUES ('11968', 'SQL');
INSERT INTO `Mission` (`id`, `companyName`, `name`, `role`, `skillSet_id`) VALUES ('11968', 'fad633f2-8c6f-4b6a-a592-00fbce8e0b3d', 'ceeabb40-6916-4dc0-a4da-9916e8e4cc1a', 'SoftwareEngineer', '11968');
INSERT INTO `SkillSet` (`id`) VALUES ('11969');
INSERT INTO `SkillSet_skills` (`SkillSet_id`, `skills`) VALUES ('11969', 'Gradle');
INSERT INTO `Mission` (`id`, `companyName`, `name`, `role`, `skillSet_id`) VALUES ('11969', 'ab418bee-4f00-420b-9eb1-a795fe9fba7a', '2a8d1d3d-1f20-42d2-87e0-8980c383da29', 'JuniorSoftwareEngineer', '11969');
INSERT INTO `SkillSet` (`id`) VALUES ('11970');
INSERT INTO `SkillSet_skills` (`SkillSet_id`, `skills`) VALUES ('11970', 'Java');
INSERT INTO `SkillSet_skills` (`SkillSet_id`, `skills`) VALUES ('11970', 'UITesting');
INSERT INTO `SkillSet_skills` (`SkillSet_id`, `skills`) VALUES ('11970', 'Ant');
INSERT INTO `SkillSet_skills` (`SkillSet_id`, `skills`) VALUES ('11970', 'UITesting');
INSERT INTO `SkillSet_skills` (`SkillSet_id`, `skills`) VALUES ('11970', 'Maven');
INSERT INTO `Mission` (`id`, `companyName`, `name`, `role`, `skillSet_id`) VALUES ('11970', '31014389-f7dd-4f94-a092-46e809e7dbf8', '57e2d52e-f579-4338-bd8e-dcb741d2847a', 'SeniorSoftwareEngineer', '11970');
INSERT INTO `SkillSet` (`id`) VALUES ('11971');
INSERT INTO `SkillSet_skills` (`SkillSet_id`, `skills`) VALUES ('11971', 'Gradle');
INSERT INTO `SkillSet_skills` (`SkillSet_id`, `skills`) VALUES ('11971', 'Ant');
INSERT INTO `SkillSet_skills` (`SkillSet_id`, `skills`) VALUES ('11971', 'Architektur');
INSERT INTO `SkillSet_skills` (`SkillSet_id`, `skills`) VALUES ('11971', 'Maven');
INSERT INTO `Mission` (`id`, `companyName`, `name`, `role`, `skillSet_id`) VALUES ('11971', 'cce42252-57de-46ed-92a9-5af9ec63e1e8', '34919cbb-31ee-47f4-85f8-c566126770b4', 'PrincipalConsultant', '11971');
INSERT INTO `SkillSet` (`id`) VALUES ('11972');
INSERT INTO `SkillSet_skills` (`SkillSet_id`, `skills`) VALUES ('11972', 'UITesting');
INSERT INTO `Mission` (`id`, `companyName`, `name`, `role`, `skillSet_id`) VALUES ('11972', '962ebbc3-0ac9-44d2-9e95-2f5dc3426541', 'a790d021-bad3-4758-866c-cf97edbb4076', 'JuniorSoftwareEngineer', '11972');
INSERT INTO `SkillSet` (`id`) VALUES ('11973');
INSERT INTO `SkillSet_skills` (`SkillSet_id`, `skills`) VALUES ('11973', 'UnitTesting');
INSERT INTO `SkillSet_skills` (`SkillSet_id`, `skills`) VALUES ('11973', 'SQL');
INSERT INTO `SkillSet_skills` (`SkillSet_id`, `skills`) VALUES ('11973', 'SQL');
INSERT INTO `Mission` (`id`, `companyName`, `name`, `role`, `skillSet_id`) VALUES ('11973', 'ceeda323-e1d1-4066-ad1a-0793a6d8b575', '7ad4c149-412a-4052-9bc4-6e9402650792', 'PrincipalConsultant', '11973');
INSERT INTO `SkillSet` (`id`) VALUES ('11974');
INSERT INTO `SkillSet_skills` (`SkillSet_id`, `skills`) VALUES ('11974', 'Java');
INSERT INTO `SkillSet_skills` (`SkillSet_id`, `skills`) VALUES ('11974', 'SQL');
INSERT INTO `SkillSet_skills` (`SkillSet_id`, `skills`) VALUES ('11974', 'Architektur');
INSERT INTO `SkillSet_skills` (`SkillSet_id`, `skills`) VALUES ('11974', 'SQL');
INSERT INTO `SkillSet_skills` (`SkillSet_id`, `skills`) VALUES ('11974', 'UITesting');
INSERT INTO `Mission` (`id`, `companyName`, `name`, `role`, `skillSet_id`) VALUES ('11974', 'c930ad9f-39d2-4292-b562-0c61016787b7', '1e9ce5a4-b43c-4ac6-837d-e9102e5bb774', 'SoftwareEngineer', '11974');
INSERT INTO `SkillSet` (`id`) VALUES ('11975');
INSERT INTO `SkillSet_skills` (`SkillSet_id`, `skills`) VALUES ('11975', 'Gradle');
INSERT INTO `SkillSet_skills` (`SkillSet_id`, `skills`) VALUES ('11975', 'UnitTesting');
INSERT INTO `Mission` (`id`, `companyName`, `name`, `role`, `skillSet_id`) VALUES ('11975', '4e28fa9d-5a24-4369-b147-76bbf76d9096', 'c5169b78-9eb3-43a7-a425-43251ff41cc5', 'SeniorSoftwareEngineer', '11975');
INSERT INTO `SkillSet` (`id`) VALUES ('11976');
INSERT INTO `SkillSet_skills` (`SkillSet_id`, `skills`) VALUES ('11976', 'dotNet');
INSERT INTO `SkillSet_skills` (`SkillSet_id`, `skills`) VALUES ('11976', 'Maven');
INSERT INTO `Mission` (`id`, `companyName`, `name`, `role`, `skillSet_id`) VALUES ('11976', '8df8e48a-b2e8-428a-9d8b-43d398639205', '20c85a36-592e-43f3-85e5-922e8588027e', 'SeniorSoftwareEngineer', '11976');
INSERT INTO `SkillSet` (`id`) VALUES ('11977');
INSERT INTO `SkillSet_skills` (`SkillSet_id`, `skills`) VALUES ('11977', 'Maven');
INSERT INTO `SkillSet_skills` (`SkillSet_id`, `skills`) VALUES ('11977', 'dotNet');
INSERT INTO `SkillSet_skills` (`SkillSet_id`, `skills`) VALUES ('11977', 'Maven');
INSERT INTO `SkillSet_skills` (`SkillSet_id`, `skills`) VALUES ('11977', 'Maven');
INSERT INTO `Mission` (`id`, `companyName`, `name`, `role`, `skillSet_id`) VALUES ('11977', 'dee185f7-af17-4ee0-840f-3dcb0f863509', 'ada43a27-1c78-4a2e-85a3-2504454bb5e8', 'PrincipalConsultant', '11977');
INSERT INTO `SkillSet` (`id`) VALUES ('11978');
INSERT INTO `SkillSet_skills` (`SkillSet_id`, `skills`) VALUES ('11978', 'Gradle');
INSERT INTO `SkillSet_skills` (`SkillSet_id`, `skills`) VALUES ('11978', 'dotNet');
INSERT INTO `Mission` (`id`, `companyName`, `name`, `role`, `skillSet_id`) VALUES ('11978', '1771ef36-d8b6-40fc-893d-022a0a912a18', '327b1448-9468-419c-a0e7-83d448cfe922', 'LeadSoftwareArchitect', '11978');
INSERT INTO `SkillSet` (`id`) VALUES ('11979');
INSERT INTO `SkillSet_skills` (`SkillSet_id`, `skills`) VALUES ('11979', 'dotNet');
INSERT INTO `SkillSet_skills` (`SkillSet_id`, `skills`) VALUES ('11979', 'UnitTesting');
INSERT INTO `SkillSet_skills` (`SkillSet_id`, `skills`) VALUES ('11979', 'Architektur');
INSERT INTO `SkillSet_skills` (`SkillSet_id`, `skills`) VALUES ('11979', 'UnitTesting');
INSERT INTO `Mission` (`id`, `companyName`, `name`, `role`, `skillSet_id`) VALUES ('11979', '829b1a05-b5b6-4955-b6cc-a1fa131861b4', 'dd15f04d-b10f-4e02-8cc4-6ef68fedea74', 'SeniorSoftwareEngineer', '11979');
INSERT INTO `SkillSet` (`id`) VALUES ('11980');
INSERT INTO `SkillSet_skills` (`SkillSet_id`, `skills`) VALUES ('11980', 'SQL');
INSERT INTO `SkillSet_skills` (`SkillSet_id`, `skills`) VALUES ('11980', 'UITesting');
INSERT INTO `SkillSet_skills` (`SkillSet_id`, `skills`) VALUES ('11980', 'SQL');
INSERT INTO `SkillSet_skills` (`SkillSet_id`, `skills`) VALUES ('11980', 'Gradle');
INSERT INTO `Mission` (`id`, `companyName`, `name`, `role`, `skillSet_id`) VALUES ('11980', '4851ffb4-d615-4468-b633-172dfaad9cd7', '2ba6b42c-4ea1-41b9-9720-feb4550bac3e', 'SeniorSoftwareEngineer', '11980');
INSERT INTO `SkillSet` (`id`) VALUES ('11981');
INSERT INTO `SkillSet_skills` (`SkillSet_id`, `skills`) VALUES ('11981', 'UITesting');
INSERT INTO `SkillSet_skills` (`SkillSet_id`, `skills`) VALUES ('11981', 'Gradle');
INSERT INTO `SkillSet_skills` (`SkillSet_id`, `skills`) VALUES ('11981', 'Java');
INSERT INTO `Mission` (`id`, `companyName`, `name`, `role`, `skillSet_id`) VALUES ('11981', 'fa987a4f-ae45-45c1-9e71-38d65eef8bec', '3659ac08-48e0-4f79-b718-2d90ba0069b8', 'PrincipalConsultant', '11981');
INSERT INTO `SkillSet` (`id`) VALUES ('11982');
INSERT INTO `SkillSet_skills` (`SkillSet_id`, `skills`) VALUES ('11982', 'Gradle');
INSERT INTO `SkillSet_skills` (`SkillSet_id`, `skills`) VALUES ('11982', 'Java');
INSERT INTO `SkillSet_skills` (`SkillSet_id`, `skills`) VALUES ('11982', 'UnitTesting');
INSERT INTO `SkillSet_skills` (`SkillSet_id`, `skills`) VALUES ('11982', 'Java');
INSERT INTO `SkillSet_skills` (`SkillSet_id`, `skills`) VALUES ('11982', 'Ant');
INSERT INTO `Mission` (`id`, `companyName`, `name`, `role`, `skillSet_id`) VALUES ('11982', '52718233-fafa-4116-9497-ececc5524095', 'fd0aafac-4fbf-4599-adc3-550c64566a5f', 'SoftwareEngineer', '11982');
INSERT INTO `SkillSet` (`id`) VALUES ('11983');
INSERT INTO `SkillSet_skills` (`SkillSet_id`, `skills`) VALUES ('11983', 'UnitTesting');
INSERT INTO `SkillSet_skills` (`SkillSet_id`, `skills`) VALUES ('11983', 'Gradle');
INSERT INTO `SkillSet_skills` (`SkillSet_id`, `skills`) VALUES ('11983', 'Maven');
INSERT INTO `Mission` (`id`, `companyName`, `name`, `role`, `skillSet_id`) VALUES ('11983', '47af83e6-ae90-43ad-a88e-60036cec21bd', 'fe21cf04-5d1a-4f29-9faf-c618b6682b02', 'JuniorSoftwareEngineer', '11983');
INSERT INTO `SkillSet` (`id`) VALUES ('11984');
INSERT INTO `SkillSet_skills` (`SkillSet_id`, `skills`) VALUES ('11984', 'dotNet');
INSERT INTO `Mission` (`id`, `companyName`, `name`, `role`, `skillSet_id`) VALUES ('11984', '039384f5-d544-4e62-9f09-0a0429838d57', '8941a0c9-25a8-4688-84bb-4712477567db', 'LeadSoftwareArchitect', '11984');
INSERT INTO `SkillSet` (`id`) VALUES ('11985');
INSERT INTO `SkillSet_skills` (`SkillSet_id`, `skills`) VALUES ('11985', 'UnitTesting');
INSERT INTO `Mission` (`id`, `companyName`, `name`, `role`, `skillSet_id`) VALUES ('11985', 'c5857587-d250-402b-845e-1827cc16a6ac', '23503a63-b384-4125-a574-fb1848b2a25d', 'JuniorSoftwareEngineer', '11985');
INSERT INTO `SkillSet` (`id`) VALUES ('11986');
INSERT INTO `SkillSet_skills` (`SkillSet_id`, `skills`) VALUES ('11986', 'Gradle');
INSERT INTO `SkillSet_skills` (`SkillSet_id`, `skills`) VALUES ('11986', 'SQL');
INSERT INTO `SkillSet_skills` (`SkillSet_id`, `skills`) VALUES ('11986', 'SQL');
INSERT INTO `SkillSet_skills` (`SkillSet_id`, `skills`) VALUES ('11986', 'Gradle');
INSERT INTO `Mission` (`id`, `companyName`, `name`, `role`, `skillSet_id`) VALUES ('11986', 'c8c17fe2-b50d-4d09-91e8-865cc1a3558f', 'e1612600-11a1-40ec-8302-7f39ef84458b', 'LeadSoftwareArchitect', '11986');
INSERT INTO `SkillSet` (`id`) VALUES ('11987');
INSERT INTO `SkillSet_skills` (`SkillSet_id`, `skills`) VALUES ('11987', 'Java');
INSERT INTO `SkillSet_skills` (`SkillSet_id`, `skills`) VALUES ('11987', 'Architektur');
INSERT INTO `SkillSet_skills` (`SkillSet_id`, `skills`) VALUES ('11987', 'UITesting');
INSERT INTO `Mission` (`id`, `companyName`, `name`, `role`, `skillSet_id`) VALUES ('11987', '6abd3640-8bc9-41fd-a7f5-73c59930f103', '29a33cfa-93fb-4e47-9eed-f1b802edb022', 'JuniorSoftwareEngineer', '11987');
INSERT INTO `SkillSet` (`id`) VALUES ('11988');
INSERT INTO `SkillSet_skills` (`SkillSet_id`, `skills`) VALUES ('11988', 'UITesting');
INSERT INTO `SkillSet_skills` (`SkillSet_id`, `skills`) VALUES ('11988', 'Ant');
INSERT INTO `SkillSet_skills` (`SkillSet_id`, `skills`) VALUES ('11988', 'UnitTesting');
INSERT INTO `SkillSet_skills` (`SkillSet_id`, `skills`) VALUES ('11988', 'Maven');
INSERT INTO `Mission` (`id`, `companyName`, `name`, `role`, `skillSet_id`) VALUES ('11988', '923cf152-274c-47a1-a4a9-32a1b740ddf9', 'e458e0c4-8fdd-42b0-a4fc-f44df0cb1951', 'LeadEngineer', '11988');
INSERT INTO `SkillSet` (`id`) VALUES ('11989');
INSERT INTO `SkillSet_skills` (`SkillSet_id`, `skills`) VALUES ('11989', 'Ant');
INSERT INTO `SkillSet_skills` (`SkillSet_id`, `skills`) VALUES ('11989', 'SQL');
INSERT INTO `SkillSet_skills` (`SkillSet_id`, `skills`) VALUES ('11989', 'dotNet');
INSERT INTO `SkillSet_skills` (`SkillSet_id`, `skills`) VALUES ('11989', 'UnitTesting');
INSERT INTO `SkillSet_skills` (`SkillSet_id`, `skills`) VALUES ('11989', 'Ant');
INSERT INTO `Mission` (`id`, `companyName`, `name`, `role`, `skillSet_id`) VALUES ('11989', 'd001a418-b313-4ff9-b248-130d82e22899', 'eb5712fb-f0f7-4e64-a24d-7c212b2da363', 'LeadEngineer', '11989');
INSERT INTO `SkillSet` (`id`) VALUES ('11990');
INSERT INTO `SkillSet_skills` (`SkillSet_id`, `skills`) VALUES ('11990', 'Ant');
INSERT INTO `SkillSet_skills` (`SkillSet_id`, `skills`) VALUES ('11990', 'UITesting');
INSERT INTO `SkillSet_skills` (`SkillSet_id`, `skills`) VALUES ('11990', 'UITesting');
INSERT INTO `SkillSet_skills` (`SkillSet_id`, `skills`) VALUES ('11990', 'UITesting');
INSERT INTO `Mission` (`id`, `companyName`, `name`, `role`, `skillSet_id`) VALUES ('11990', '98bbd0d0-0427-4424-a0d5-bbf5c96dcd2a', '1f5f6656-ff6b-4542-b56a-c38c8d7d994f', 'JuniorSoftwareEngineer', '11990');
INSERT INTO `SkillSet` (`id`) VALUES ('11991');
INSERT INTO `SkillSet_skills` (`SkillSet_id`, `skills`) VALUES ('11991', 'UnitTesting');
INSERT INTO `SkillSet_skills` (`SkillSet_id`, `skills`) VALUES ('11991', 'dotNet');
INSERT INTO `SkillSet_skills` (`SkillSet_id`, `skills`) VALUES ('11991', 'Architektur');
INSERT INTO `SkillSet_skills` (`SkillSet_id`, `skills`) VALUES ('11991', 'Architektur');
INSERT INTO `SkillSet_skills` (`SkillSet_id`, `skills`) VALUES ('11991', 'Ant');
INSERT INTO `Mission` (`id`, `companyName`, `name`, `role`, `skillSet_id`) VALUES ('11991', '932c4361-76bd-4caa-9fcf-c0987459da6a', '0c4a627a-78f6-46c7-a482-ee16bb67bbdc', 'PrincipalConsultant', '11991');
INSERT INTO `SkillSet` (`id`) VALUES ('11992');
INSERT INTO `SkillSet_skills` (`SkillSet_id`, `skills`) VALUES ('11992', 'Maven');
INSERT INTO `SkillSet_skills` (`SkillSet_id`, `skills`) VALUES ('11992', 'Architektur');
INSERT INTO `SkillSet_skills` (`SkillSet_id`, `skills`) VALUES ('11992', 'UnitTesting');
INSERT INTO `Mission` (`id`, `companyName`, `name`, `role`, `skillSet_id`) VALUES ('11992', 'ebfc0210-bc43-47ee-8543-9783bdd95c13', '3cc0777a-4739-41e5-a443-ce9cb86d9dd0', 'JuniorSoftwareEngineer', '11992');
INSERT INTO `SkillSet` (`id`) VALUES ('11993');
INSERT INTO `SkillSet_skills` (`SkillSet_id`, `skills`) VALUES ('11993', 'UnitTesting');
INSERT INTO `SkillSet_skills` (`SkillSet_id`, `skills`) VALUES ('11993', 'UITesting');
INSERT INTO `SkillSet_skills` (`SkillSet_id`, `skills`) VALUES ('11993', 'Ant');
INSERT INTO `SkillSet_skills` (`SkillSet_id`, `skills`) VALUES ('11993', 'Architektur');
INSERT INTO `Mission` (`id`, `companyName`, `name`, `role`, `skillSet_id`) VALUES ('11993', '5e529063-2da9-4cec-ab09-5680c9208570', 'e6e27aca-0689-402b-ae5b-5412c9bc7a34', 'JuniorSoftwareEngineer', '11993');
INSERT INTO `SkillSet` (`id`) VALUES ('11994');
INSERT INTO `SkillSet_skills` (`SkillSet_id`, `skills`) VALUES ('11994', 'Java');
INSERT INTO `SkillSet_skills` (`SkillSet_id`, `skills`) VALUES ('11994', 'Ant');
INSERT INTO `SkillSet_skills` (`SkillSet_id`, `skills`) VALUES ('11994', 'Java');
INSERT INTO `Mission` (`id`, `companyName`, `name`, `role`, `skillSet_id`) VALUES ('11994', 'c3badea9-e6a8-456e-96d1-2d68beb17b56', 'ffb51222-d97f-47a3-8806-524079e8b9a4', 'PrincipalConsultant', '11994');
INSERT INTO `SkillSet` (`id`) VALUES ('11995');
INSERT INTO `SkillSet_skills` (`SkillSet_id`, `skills`) VALUES ('11995', 'Gradle');
INSERT INTO `SkillSet_skills` (`SkillSet_id`, `skills`) VALUES ('11995', 'Java');
INSERT INTO `Mission` (`id`, `companyName`, `name`, `role`, `skillSet_id`) VALUES ('11995', '7e94d052-f702-4fc9-ad3d-b7185a35241e', '72a451f0-35b1-44ee-a8b7-a3b103613120', 'LeadSoftwareArchitect', '11995');
INSERT INTO `SkillSet` (`id`) VALUES ('11996');
INSERT INTO `SkillSet_skills` (`SkillSet_id`, `skills`) VALUES ('11996', 'SQL');
INSERT INTO `SkillSet_skills` (`SkillSet_id`, `skills`) VALUES ('11996', 'Maven');
INSERT INTO `SkillSet_skills` (`SkillSet_id`, `skills`) VALUES ('11996', 'Architektur');
INSERT INTO `SkillSet_skills` (`SkillSet_id`, `skills`) VALUES ('11996', 'dotNet');
INSERT INTO `SkillSet_skills` (`SkillSet_id`, `skills`) VALUES ('11996', 'Gradle');
INSERT INTO `Mission` (`id`, `companyName`, `name`, `role`, `skillSet_id`) VALUES ('11996', 'e23685f3-787f-46cd-9d02-c2ae92ebd573', 'e8b56fb6-5b10-4c87-9a24-c3bd14ccbec6', 'SoftwareEngineer', '11996');
INSERT INTO `SkillSet` (`id`) VALUES ('11997');
INSERT INTO `SkillSet_skills` (`SkillSet_id`, `skills`) VALUES ('11997', 'Architektur');
INSERT INTO `SkillSet_skills` (`SkillSet_id`, `skills`) VALUES ('11997', 'dotNet');
INSERT INTO `SkillSet_skills` (`SkillSet_id`, `skills`) VALUES ('11997', 'Java');
INSERT INTO `SkillSet_skills` (`SkillSet_id`, `skills`) VALUES ('11997', 'UITesting');
INSERT INTO `Mission` (`id`, `companyName`, `name`, `role`, `skillSet_id`) VALUES ('11997', '0fdf059a-85e5-4326-bd06-fb82dabade1c', 'b585b606-236b-45b0-a599-2e08809c0556', 'JuniorSoftwareEngineer', '11997');
INSERT INTO `SkillSet` (`id`) VALUES ('11998');
INSERT INTO `SkillSet_skills` (`SkillSet_id`, `skills`) VALUES ('11998', 'Maven');
INSERT INTO `SkillSet_skills` (`SkillSet_id`, `skills`) VALUES ('11998', 'Java');
INSERT INTO `SkillSet_skills` (`SkillSet_id`, `skills`) VALUES ('11998', 'UITesting');
INSERT INTO `SkillSet_skills` (`SkillSet_id`, `skills`) VALUES ('11998', 'dotNet');
INSERT INTO `SkillSet_skills` (`SkillSet_id`, `skills`) VALUES ('11998', 'dotNet');
INSERT INTO `Mission` (`id`, `companyName`, `name`, `role`, `skillSet_id`) VALUES ('11998', '1b7ae137-f38a-4b40-aa09-10e16f600d5f', '2dd86c44-379c-4cc2-96e5-be74990522ee', 'LeadSoftwareArchitect', '11998');
INSERT INTO `SkillSet` (`id`) VALUES ('11999');
INSERT INTO `SkillSet_skills` (`SkillSet_id`, `skills`) VALUES ('11999', 'Maven');
INSERT INTO `SkillSet_skills` (`SkillSet_id`, `skills`) VALUES ('11999', 'Java');
INSERT INTO `Mission` (`id`, `companyName`, `name`, `role`, `skillSet_id`) VALUES ('11999', '149493ed-61f5-43e2-85d0-46e3e0222935', '89975f3b-31f8-4c60-88cc-db9c04d7dbd2', 'LeadEngineer', '11999');
