// Hero Frank
INSERT INTO `SkillSet` (`id`) VALUES ('931');
INSERT INTO `SkillSet_skills` (`SkillSet_id`, `skills`) VALUES ('931', 'Java');
INSERT INTO `SkillSet_skills` (`SkillSet_id`, `skills`) VALUES ('931', 'Ant');
INSERT INTO `SkillSet_skills` (`SkillSet_id`, `skills`) VALUES ('931', 'Architektur');
INSERT INTO `SkillSet_skills` (`SkillSet_id`, `skills`) VALUES ('931', 'UnitTesting');
INSERT INTO `SkillSet_skills` (`SkillSet_id`, `skills`) VALUES ('931', 'UITesting');
INSERT INTO `Hero` (`id`, `firstName`, `lastName`, `picturePath`, `role`, `skillSet_id`, `educationTarget`) VALUES ('931', 'Frank', 'Beeh', 'img/Head6.png', 'PrincipalConsultant', '931', 'SQL');

// Hero Florian
INSERT INTO `SkillSet` (`id`) VALUES ('100');
INSERT INTO `SkillSet_skills` (`SkillSet_id`, `skills`) VALUES ('100', 'Java');
INSERT INTO `SkillSet_skills` (`SkillSet_id`, `skills`) VALUES ('100', 'Gradle');
INSERT INTO `SkillSet_skills` (`SkillSet_id`, `skills`) VALUES ('100', 'Ant');
INSERT INTO `SkillSet_skills` (`SkillSet_id`, `skills`) VALUES ('100', 'UnitTesting');
INSERT INTO `SkillSet_skills` (`SkillSet_id`, `skills`) VALUES ('100', 'SQL');
INSERT INTO `Hero` (`id`, `firstName`, `lastName`, `picturePath`, `role`, `skillSet_id`, `educationTarget`) VALUES ('100', 'Florian', 'Besser', 'img/Head1.png', 'JuniorSoftwareEngineer', '100', 'Architektur');

// Hero Matthias Bader
INSERT INTO `SkillSet` (`id`) VALUES ('101');
INSERT INTO `SkillSet_skills` (`SkillSet_id`, `skills`) VALUES ('101', 'DotNet');
INSERT INTO `SkillSet_skills` (`SkillSet_id`, `skills`) VALUES ('101', 'UnitTesting');
INSERT INTO `SkillSet_skills` (`SkillSet_id`, `skills`) VALUES ('101', 'Architektur');
INSERT INTO `SkillSet_skills` (`SkillSet_id`, `skills`) VALUES ('101', 'SQL');
INSERT INTO `Hero` (`id`, `firstName`, `lastName`, `picturePath`, `role`, `skillSet_id`, `educationTarget`) VALUES ('101', 'Matthias', 'Baader', 'img/Head7.png', 'LeadSoftwareArchitect', '101', 'UITesting');

//Missions
INSERT INTO `SkillSet` (`id`) VALUES ('10001');
INSERT INTO `SkillSet_skills` (`SkillSet_id`, `skills`) VALUES ('10001', 'Java');
INSERT INTO `SkillSet_skills` (`SkillSet_id`, `skills`) VALUES ('10001', 'Ant');
INSERT INTO `SkillSet_skills` (`SkillSet_id`, `skills`) VALUES ('10001', 'UnitTesting');
INSERT INTO `SkillSet_skills` (`SkillSet_id`, `skills`) VALUES ('10001', 'SQL');
INSERT INTO `Mission` (`id`, `companyName`, `shortName`, `description`, `role`, `skillSet_id`) VALUES ('10001', 'Swisscom', 'Junior Java Developer', 'Einfache Java-Entwicklung im SAM-Team.', 'JuniorSoftwareEngineer', '10001');

INSERT INTO `SkillSet` (`id`) VALUES ('10002');
INSERT INTO `SkillSet_skills` (`SkillSet_id`, `skills`) VALUES ('10002', 'Java');
INSERT INTO `SkillSet_skills` (`SkillSet_id`, `skills`) VALUES ('10002', 'Ant');
INSERT INTO `SkillSet_skills` (`SkillSet_id`, `skills`) VALUES ('10002', 'Architektur');
INSERT INTO `SkillSet_skills` (`SkillSet_id`, `skills`) VALUES ('10002', 'UnitTesting');
INSERT INTO `SkillSet_skills` (`SkillSet_id`, `skills`) VALUES ('10002', 'UITesting');
INSERT INTO `SkillSet_skills` (`SkillSet_id`, `skills`) VALUES ('10002', 'SQL');
INSERT INTO `Mission` (`id`, `companyName`, `shortName`, `description`, `role`, `skillSet_id`) VALUES ('10002', 'Swisscom', 'Java Architect', 'Architekt für SAM-Team.', 'LeadSoftwareArchitect', '10002');

//Medals
INSERT INTO `Medal` (`id`, `comment`, `imagePath`) VALUES ('1', 'SQL Expert', 'img/sql.png');
INSERT INTO `Medal` (`id`, `comment`, `imagePath`) VALUES ('2', 'Social Expert', 'img/social.png');
INSERT INTO `Medal` (`id`, `comment`, `imagePath`) VALUES ('3', 'Other stuff', 'img/other.png');

//Medals to Heroes
INSERT INTO `Hero_Medal` (`Hero_id`, `medals_id`) VALUES ('100', '1');
INSERT INTO `Hero_Medal` (`Hero_id`, `medals_id`) VALUES ('100', '2');
INSERT INTO `Hero_Medal` (`Hero_id`, `medals_id`) VALUES ('100', '3');
INSERT INTO `Hero_Medal` (`Hero_id`, `medals_id`) VALUES ('931', '1');

INSERT INTO `SkillSet` (`id`) VALUES ('1000');
INSERT INTO `SkillSet_skills` (`SkillSet_id`, `skills`) VALUES ('1000', 'Ant');
INSERT INTO `SkillSet_skills` (`SkillSet_id`, `skills`) VALUES ('1000', 'SQL');
INSERT INTO `SkillSet_skills` (`SkillSet_id`, `skills`) VALUES ('1000', 'SQL');
INSERT INTO `SkillSet_skills` (`SkillSet_id`, `skills`) VALUES ('1000', 'Architektur');
INSERT INTO `SkillSet_skills` (`SkillSet_id`, `skills`) VALUES ('1000', 'DotNet');
INSERT INTO `Hero` (`id`, `firstName`, `lastName`, `picturePath`, `role`, `skillSet_id`) VALUES ('1000', 'Klaipf', 'Amuz', 'img/Head7.png', 'JuniorSoftwareEngineer', '1000');
INSERT INTO `SkillSet` (`id`) VALUES ('1001');
INSERT INTO `SkillSet_skills` (`SkillSet_id`, `skills`) VALUES ('1001', 'Gradle');
INSERT INTO `SkillSet_skills` (`SkillSet_id`, `skills`) VALUES ('1001', 'Ant');
INSERT INTO `SkillSet_skills` (`SkillSet_id`, `skills`) VALUES ('1001', 'SQL');
INSERT INTO `SkillSet_skills` (`SkillSet_id`, `skills`) VALUES ('1001', 'Architektur');
INSERT INTO `SkillSet_skills` (`SkillSet_id`, `skills`) VALUES ('1001', 'Maven');
INSERT INTO `Hero` (`id`, `firstName`, `lastName`, `picturePath`, `role`, `skillSet_id`) VALUES ('1001', 'Puth', 'Apf', 'img/Head2.png', 'PrincipalConsultant', '1001');
INSERT INTO `SkillSet` (`id`) VALUES ('1002');
INSERT INTO `SkillSet_skills` (`SkillSet_id`, `skills`) VALUES ('1002', 'UnitTesting');
INSERT INTO `SkillSet_skills` (`SkillSet_id`, `skills`) VALUES ('1002', 'UnitTesting');
INSERT INTO `SkillSet_skills` (`SkillSet_id`, `skills`) VALUES ('1002', 'DotNet');
INSERT INTO `SkillSet_skills` (`SkillSet_id`, `skills`) VALUES ('1002', 'Gradle');
INSERT INTO `SkillSet_skills` (`SkillSet_id`, `skills`) VALUES ('1002', 'Ant');
INSERT INTO `Hero` (`id`, `firstName`, `lastName`, `picturePath`, `role`, `skillSet_id`) VALUES ('1002', 'Ychyt', 'Wjir', 'img/Head2.png', 'SoftwareEngineer', '1002');
INSERT INTO `SkillSet` (`id`) VALUES ('1003');
INSERT INTO `SkillSet_skills` (`SkillSet_id`, `skills`) VALUES ('1003', 'UnitTesting');
INSERT INTO `Hero` (`id`, `firstName`, `lastName`, `picturePath`, `role`, `skillSet_id`) VALUES ('1003', 'Cissjith', 'Eboor', 'img/Head3.png', 'LeadSoftwareArchitect', '1003');
INSERT INTO `SkillSet` (`id`) VALUES ('1004');
INSERT INTO `SkillSet_skills` (`SkillSet_id`, `skills`) VALUES ('1004', 'UITesting');
INSERT INTO `SkillSet_skills` (`SkillSet_id`, `skills`) VALUES ('1004', 'DotNet');
INSERT INTO `SkillSet_skills` (`SkillSet_id`, `skills`) VALUES ('1004', 'Gradle');
INSERT INTO `SkillSet_skills` (`SkillSet_id`, `skills`) VALUES ('1004', 'Java');
INSERT INTO `Hero` (`id`, `firstName`, `lastName`, `picturePath`, `role`, `skillSet_id`) VALUES ('1004', 'Xeb', 'Aghjw', 'img/Head6.png', 'SeniorSoftwareEngineer', '1004');
INSERT INTO `SkillSet` (`id`) VALUES ('1005');
INSERT INTO `SkillSet_skills` (`SkillSet_id`, `skills`) VALUES ('1005', 'DotNet');
INSERT INTO `SkillSet_skills` (`SkillSet_id`, `skills`) VALUES ('1005', 'SQL');
INSERT INTO `SkillSet_skills` (`SkillSet_id`, `skills`) VALUES ('1005', 'Maven');
INSERT INTO `Hero` (`id`, `firstName`, `lastName`, `picturePath`, `role`, `skillSet_id`) VALUES ('1005', 'Kol', 'Jir', 'img/Head1.png', 'PrincipalConsultant', '1005');
INSERT INTO `SkillSet` (`id`) VALUES ('1006');
INSERT INTO `SkillSet_skills` (`SkillSet_id`, `skills`) VALUES ('1006', 'Architektur');
INSERT INTO `SkillSet_skills` (`SkillSet_id`, `skills`) VALUES ('1006', 'Architektur');
INSERT INTO `SkillSet_skills` (`SkillSet_id`, `skills`) VALUES ('1006', 'Java');
INSERT INTO `SkillSet_skills` (`SkillSet_id`, `skills`) VALUES ('1006', 'SQL');
INSERT INTO `Hero` (`id`, `firstName`, `lastName`, `picturePath`, `role`, `skillSet_id`) VALUES ('1006', 'Brovaig', 'Auvaiw', 'img/Head1.png', 'SeniorSoftwareEngineer', '1006');
INSERT INTO `SkillSet` (`id`) VALUES ('1007');
INSERT INTO `SkillSet_skills` (`SkillSet_id`, `skills`) VALUES ('1007', 'UITesting');
INSERT INTO `Hero` (`id`, `firstName`, `lastName`, `picturePath`, `role`, `skillSet_id`) VALUES ('1007', 'Oubeiz', 'Flauloow', 'img/Head2.png', 'LeadSoftwareArchitect', '1007');
INSERT INTO `SkillSet` (`id`) VALUES ('1008');
INSERT INTO `SkillSet_skills` (`SkillSet_id`, `skills`) VALUES ('1008', 'Architektur');
INSERT INTO `SkillSet_skills` (`SkillSet_id`, `skills`) VALUES ('1008', 'Architektur');
INSERT INTO `Hero` (`id`, `firstName`, `lastName`, `picturePath`, `role`, `skillSet_id`) VALUES ('1008', 'Blint', 'Kloifoont', 'img/Head2.png', 'JuniorSoftwareEngineer', '1008');
INSERT INTO `SkillSet` (`id`) VALUES ('1009');
INSERT INTO `SkillSet_skills` (`SkillSet_id`, `skills`) VALUES ('1009', 'SQL');
INSERT INTO `SkillSet_skills` (`SkillSet_id`, `skills`) VALUES ('1009', 'Maven');
INSERT INTO `Hero` (`id`, `firstName`, `lastName`, `picturePath`, `role`, `skillSet_id`) VALUES ('1009', 'Mehepf', 'Qeich', 'img/Head7.png', 'LeadSoftwareArchitect', '1009');
INSERT INTO `SkillSet` (`id`) VALUES ('1010');
INSERT INTO `SkillSet_skills` (`SkillSet_id`, `skills`) VALUES ('1010', 'Ant');
INSERT INTO `SkillSet_skills` (`SkillSet_id`, `skills`) VALUES ('1010', 'Maven');
INSERT INTO `SkillSet_skills` (`SkillSet_id`, `skills`) VALUES ('1010', 'Ant');
INSERT INTO `SkillSet_skills` (`SkillSet_id`, `skills`) VALUES ('1010', 'UnitTesting');
INSERT INTO `SkillSet_skills` (`SkillSet_id`, `skills`) VALUES ('1010', 'Gradle');
INSERT INTO `Hero` (`id`, `firstName`, `lastName`, `picturePath`, `role`, `skillSet_id`) VALUES ('1010', 'Loofim', 'Koif', 'img/Head6.png', 'SoftwareEngineer', '1010');
INSERT INTO `SkillSet` (`id`) VALUES ('1011');
INSERT INTO `SkillSet_skills` (`SkillSet_id`, `skills`) VALUES ('1011', 'Ant');
INSERT INTO `SkillSet_skills` (`SkillSet_id`, `skills`) VALUES ('1011', 'Gradle');
INSERT INTO `Hero` (`id`, `firstName`, `lastName`, `picturePath`, `role`, `skillSet_id`) VALUES ('1011', 'Kyz', 'Puhih', 'img/Head7.png', 'SoftwareEngineer', '1011');
INSERT INTO `SkillSet` (`id`) VALUES ('1012');
INSERT INTO `SkillSet_skills` (`SkillSet_id`, `skills`) VALUES ('1012', 'UnitTesting');
INSERT INTO `SkillSet_skills` (`SkillSet_id`, `skills`) VALUES ('1012', 'Ant');
INSERT INTO `SkillSet_skills` (`SkillSet_id`, `skills`) VALUES ('1012', 'Architektur');
INSERT INTO `SkillSet_skills` (`SkillSet_id`, `skills`) VALUES ('1012', 'Gradle');
INSERT INTO `Hero` (`id`, `firstName`, `lastName`, `picturePath`, `role`, `skillSet_id`) VALUES ('1012', 'Preigh', 'Och', 'img/Head7.png', 'LeadSoftwareArchitect', '1012');
INSERT INTO `SkillSet` (`id`) VALUES ('1013');
INSERT INTO `SkillSet_skills` (`SkillSet_id`, `skills`) VALUES ('1013', 'Java');
INSERT INTO `SkillSet_skills` (`SkillSet_id`, `skills`) VALUES ('1013', 'UnitTesting');
INSERT INTO `SkillSet_skills` (`SkillSet_id`, `skills`) VALUES ('1013', 'Java');
INSERT INTO `SkillSet_skills` (`SkillSet_id`, `skills`) VALUES ('1013', 'Ant');
INSERT INTO `Hero` (`id`, `firstName`, `lastName`, `picturePath`, `role`, `skillSet_id`) VALUES ('1013', 'Tjgyth', 'Xeiz', 'img/Head2.png', 'JuniorSoftwareEngineer', '1013');
INSERT INTO `SkillSet` (`id`) VALUES ('1014');
INSERT INTO `SkillSet_skills` (`SkillSet_id`, `skills`) VALUES ('1014', 'Java');
INSERT INTO `SkillSet_skills` (`SkillSet_id`, `skills`) VALUES ('1014', 'Ant');
INSERT INTO `SkillSet_skills` (`SkillSet_id`, `skills`) VALUES ('1014', 'UnitTesting');
INSERT INTO `SkillSet_skills` (`SkillSet_id`, `skills`) VALUES ('1014', 'Ant');
INSERT INTO `SkillSet_skills` (`SkillSet_id`, `skills`) VALUES ('1014', 'Maven');
INSERT INTO `Hero` (`id`, `firstName`, `lastName`, `picturePath`, `role`, `skillSet_id`) VALUES ('1014', 'Foith', 'Caiw', 'img/Head2.png', 'SeniorSoftwareEngineer', '1014');
INSERT INTO `SkillSet` (`id`) VALUES ('1015');
INSERT INTO `SkillSet_skills` (`SkillSet_id`, `skills`) VALUES ('1015', 'Ant');
INSERT INTO `SkillSet_skills` (`SkillSet_id`, `skills`) VALUES ('1015', 'DotNet');
INSERT INTO `SkillSet_skills` (`SkillSet_id`, `skills`) VALUES ('1015', 'Ant');
INSERT INTO `Hero` (`id`, `firstName`, `lastName`, `picturePath`, `role`, `skillSet_id`) VALUES ('1015', 'Oustof', 'Jss', 'img/Head8.png', 'PrincipalConsultant', '1015');
INSERT INTO `SkillSet` (`id`) VALUES ('1016');
INSERT INTO `SkillSet_skills` (`SkillSet_id`, `skills`) VALUES ('1016', 'UITesting');
INSERT INTO `Hero` (`id`, `firstName`, `lastName`, `picturePath`, `role`, `skillSet_id`) VALUES ('1016', 'Jichyl', 'Tishoutt', 'img/Head7.png', 'SeniorSoftwareEngineer', '1016');
INSERT INTO `SkillSet` (`id`) VALUES ('1017');
INSERT INTO `SkillSet_skills` (`SkillSet_id`, `skills`) VALUES ('1017', 'UITesting');
INSERT INTO `SkillSet_skills` (`SkillSet_id`, `skills`) VALUES ('1017', 'Ant');
INSERT INTO `SkillSet_skills` (`SkillSet_id`, `skills`) VALUES ('1017', 'Architektur');
INSERT INTO `SkillSet_skills` (`SkillSet_id`, `skills`) VALUES ('1017', 'Ant');
INSERT INTO `SkillSet_skills` (`SkillSet_id`, `skills`) VALUES ('1017', 'SQL');
INSERT INTO `Hero` (`id`, `firstName`, `lastName`, `picturePath`, `role`, `skillSet_id`) VALUES ('1017', 'Oos', 'Chaur', 'img/Head7.png', 'SeniorSoftwareEngineer', '1017');
INSERT INTO `SkillSet` (`id`) VALUES ('1018');
INSERT INTO `SkillSet_skills` (`SkillSet_id`, `skills`) VALUES ('1018', 'Ant');
INSERT INTO `SkillSet_skills` (`SkillSet_id`, `skills`) VALUES ('1018', 'Architektur');
INSERT INTO `Hero` (`id`, `firstName`, `lastName`, `picturePath`, `role`, `skillSet_id`) VALUES ('1018', 'Boim', 'Ul', 'img/Head2.png', 'LeadSoftwareArchitect', '1018');
INSERT INTO `SkillSet` (`id`) VALUES ('1019');
INSERT INTO `SkillSet_skills` (`SkillSet_id`, `skills`) VALUES ('1019', 'Maven');
INSERT INTO `SkillSet_skills` (`SkillSet_id`, `skills`) VALUES ('1019', 'UnitTesting');
INSERT INTO `Hero` (`id`, `firstName`, `lastName`, `picturePath`, `role`, `skillSet_id`) VALUES ('1019', 'Kjthow', 'Aikist', 'img/Head3.png', 'LeadSoftwareArchitect', '1019');
INSERT INTO `SkillSet` (`id`) VALUES ('1020');
INSERT INTO `SkillSet_skills` (`SkillSet_id`, `skills`) VALUES ('1020', 'Gradle');
INSERT INTO `SkillSet_skills` (`SkillSet_id`, `skills`) VALUES ('1020', 'UnitTesting');
INSERT INTO `Hero` (`id`, `firstName`, `lastName`, `picturePath`, `role`, `skillSet_id`) VALUES ('1020', 'Jmair', 'Neib', 'img/Head4.png', 'PrincipalConsultant', '1020');
INSERT INTO `SkillSet` (`id`) VALUES ('1021');
INSERT INTO `SkillSet_skills` (`SkillSet_id`, `skills`) VALUES ('1021', 'UITesting');
INSERT INTO `SkillSet_skills` (`SkillSet_id`, `skills`) VALUES ('1021', 'UnitTesting');
INSERT INTO `Hero` (`id`, `firstName`, `lastName`, `picturePath`, `role`, `skillSet_id`) VALUES ('1021', 'Kighouss', 'Seish', 'img/Head6.png', 'SoftwareEngineer', '1021');
INSERT INTO `SkillSet` (`id`) VALUES ('1022');
INSERT INTO `SkillSet_skills` (`SkillSet_id`, `skills`) VALUES ('1022', 'Architektur');
INSERT INTO `SkillSet_skills` (`SkillSet_id`, `skills`) VALUES ('1022', 'UITesting');
INSERT INTO `SkillSet_skills` (`SkillSet_id`, `skills`) VALUES ('1022', 'Maven');
INSERT INTO `SkillSet_skills` (`SkillSet_id`, `skills`) VALUES ('1022', 'Ant');
INSERT INTO `SkillSet_skills` (`SkillSet_id`, `skills`) VALUES ('1022', 'DotNet');
INSERT INTO `Hero` (`id`, `firstName`, `lastName`, `picturePath`, `role`, `skillSet_id`) VALUES ('1022', 'Auch', 'Ougish', 'img/Head7.png', 'JuniorSoftwareEngineer', '1022');
INSERT INTO `SkillSet` (`id`) VALUES ('1023');
INSERT INTO `SkillSet_skills` (`SkillSet_id`, `skills`) VALUES ('1023', 'Architektur');
INSERT INTO `SkillSet_skills` (`SkillSet_id`, `skills`) VALUES ('1023', 'DotNet');
INSERT INTO `SkillSet_skills` (`SkillSet_id`, `skills`) VALUES ('1023', 'SQL');
INSERT INTO `Hero` (`id`, `firstName`, `lastName`, `picturePath`, `role`, `skillSet_id`) VALUES ('1023', 'Peitt', 'Geip', 'img/Head7.png', 'PrincipalConsultant', '1023');
INSERT INTO `SkillSet` (`id`) VALUES ('1024');
INSERT INTO `SkillSet_skills` (`SkillSet_id`, `skills`) VALUES ('1024', 'Maven');
INSERT INTO `Hero` (`id`, `firstName`, `lastName`, `picturePath`, `role`, `skillSet_id`) VALUES ('1024', 'Beirav', 'Floush', 'img/Head7.png', 'PrincipalConsultant', '1024');
INSERT INTO `SkillSet` (`id`) VALUES ('1025');
INSERT INTO `SkillSet_skills` (`SkillSet_id`, `skills`) VALUES ('1025', 'SQL');
INSERT INTO `SkillSet_skills` (`SkillSet_id`, `skills`) VALUES ('1025', 'Ant');
INSERT INTO `Hero` (`id`, `firstName`, `lastName`, `picturePath`, `role`, `skillSet_id`) VALUES ('1025', 'Oog', 'Ouh', 'img/Head8.png', 'PrincipalConsultant', '1025');
INSERT INTO `SkillSet` (`id`) VALUES ('1026');
INSERT INTO `SkillSet_skills` (`SkillSet_id`, `skills`) VALUES ('1026', 'Ant');
INSERT INTO `SkillSet_skills` (`SkillSet_id`, `skills`) VALUES ('1026', 'Java');
INSERT INTO `SkillSet_skills` (`SkillSet_id`, `skills`) VALUES ('1026', 'Ant');
INSERT INTO `SkillSet_skills` (`SkillSet_id`, `skills`) VALUES ('1026', 'Java');
INSERT INTO `SkillSet_skills` (`SkillSet_id`, `skills`) VALUES ('1026', 'UnitTesting');
INSERT INTO `Hero` (`id`, `firstName`, `lastName`, `picturePath`, `role`, `skillSet_id`) VALUES ('1026', 'Toinnath', 'Bljthoit', 'img/Head8.png', 'SeniorSoftwareEngineer', '1026');
INSERT INTO `SkillSet` (`id`) VALUES ('1027');
INSERT INTO `SkillSet_skills` (`SkillSet_id`, `skills`) VALUES ('1027', 'Architektur');
INSERT INTO `SkillSet_skills` (`SkillSet_id`, `skills`) VALUES ('1027', 'Ant');
INSERT INTO `SkillSet_skills` (`SkillSet_id`, `skills`) VALUES ('1027', 'Ant');
INSERT INTO `SkillSet_skills` (`SkillSet_id`, `skills`) VALUES ('1027', 'DotNet');
INSERT INTO `Hero` (`id`, `firstName`, `lastName`, `picturePath`, `role`, `skillSet_id`) VALUES ('1027', 'Ounjigh', 'Ool', 'img/Head3.png', 'SeniorSoftwareEngineer', '1027');
INSERT INTO `SkillSet` (`id`) VALUES ('1028');
INSERT INTO `SkillSet_skills` (`SkillSet_id`, `skills`) VALUES ('1028', 'Gradle');
INSERT INTO `SkillSet_skills` (`SkillSet_id`, `skills`) VALUES ('1028', 'Gradle');
INSERT INTO `SkillSet_skills` (`SkillSet_id`, `skills`) VALUES ('1028', 'UnitTesting');
INSERT INTO `Hero` (`id`, `firstName`, `lastName`, `picturePath`, `role`, `skillSet_id`) VALUES ('1028', 'Xyp', 'Tozjist', 'img/Head4.png', 'SoftwareEngineer', '1028');
INSERT INTO `SkillSet` (`id`) VALUES ('1029');
INSERT INTO `SkillSet_skills` (`SkillSet_id`, `skills`) VALUES ('1029', 'UITesting');
INSERT INTO `SkillSet_skills` (`SkillSet_id`, `skills`) VALUES ('1029', 'UnitTesting');
INSERT INTO `SkillSet_skills` (`SkillSet_id`, `skills`) VALUES ('1029', 'Ant');
INSERT INTO `Hero` (`id`, `firstName`, `lastName`, `picturePath`, `role`, `skillSet_id`) VALUES ('1029', 'Osses', 'Qauttouh', 'img/Head8.png', 'LeadSoftwareArchitect', '1029');
INSERT INTO `SkillSet` (`id`) VALUES ('1030');
INSERT INTO `SkillSet_skills` (`SkillSet_id`, `skills`) VALUES ('1030', 'Gradle');
INSERT INTO `SkillSet_skills` (`SkillSet_id`, `skills`) VALUES ('1030', 'Java');
INSERT INTO `SkillSet_skills` (`SkillSet_id`, `skills`) VALUES ('1030', 'Maven');
INSERT INTO `SkillSet_skills` (`SkillSet_id`, `skills`) VALUES ('1030', 'Architektur');
INSERT INTO `SkillSet_skills` (`SkillSet_id`, `skills`) VALUES ('1030', 'UnitTesting');
INSERT INTO `Hero` (`id`, `firstName`, `lastName`, `picturePath`, `role`, `skillSet_id`) VALUES ('1030', 'Bost', 'Thoob', 'img/Head7.png', 'LeadSoftwareArchitect', '1030');
INSERT INTO `SkillSet` (`id`) VALUES ('1031');
INSERT INTO `SkillSet_skills` (`SkillSet_id`, `skills`) VALUES ('1031', 'Maven');
INSERT INTO `SkillSet_skills` (`SkillSet_id`, `skills`) VALUES ('1031', 'Maven');
INSERT INTO `Hero` (`id`, `firstName`, `lastName`, `picturePath`, `role`, `skillSet_id`) VALUES ('1031', 'Voontjist', 'Usjgh', 'img/Head1.png', 'LeadEngineer', '1031');
INSERT INTO `SkillSet` (`id`) VALUES ('1032');
INSERT INTO `SkillSet_skills` (`SkillSet_id`, `skills`) VALUES ('1032', 'Architektur');
INSERT INTO `SkillSet_skills` (`SkillSet_id`, `skills`) VALUES ('1032', 'Java');
INSERT INTO `SkillSet_skills` (`SkillSet_id`, `skills`) VALUES ('1032', 'Ant');
INSERT INTO `SkillSet_skills` (`SkillSet_id`, `skills`) VALUES ('1032', 'Java');
INSERT INTO `SkillSet_skills` (`SkillSet_id`, `skills`) VALUES ('1032', 'DotNet');
INSERT INTO `Hero` (`id`, `firstName`, `lastName`, `picturePath`, `role`, `skillSet_id`) VALUES ('1032', 'Doobup', 'Foutteig', 'img/Head3.png', 'LeadSoftwareArchitect', '1032');
INSERT INTO `SkillSet` (`id`) VALUES ('1033');
INSERT INTO `SkillSet_skills` (`SkillSet_id`, `skills`) VALUES ('1033', 'DotNet');
INSERT INTO `SkillSet_skills` (`SkillSet_id`, `skills`) VALUES ('1033', 'UnitTesting');
INSERT INTO `SkillSet_skills` (`SkillSet_id`, `skills`) VALUES ('1033', 'DotNet');
INSERT INTO `SkillSet_skills` (`SkillSet_id`, `skills`) VALUES ('1033', 'DotNet');
INSERT INTO `Hero` (`id`, `firstName`, `lastName`, `picturePath`, `role`, `skillSet_id`) VALUES ('1033', 'Jim', 'Aig', 'img/Head6.png', 'LeadSoftwareArchitect', '1033');
INSERT INTO `SkillSet` (`id`) VALUES ('1034');
INSERT INTO `SkillSet_skills` (`SkillSet_id`, `skills`) VALUES ('1034', 'UITesting');
INSERT INTO `Hero` (`id`, `firstName`, `lastName`, `picturePath`, `role`, `skillSet_id`) VALUES ('1034', 'Saw', 'Lit', 'img/Head2.png', 'LeadEngineer', '1034');
INSERT INTO `SkillSet` (`id`) VALUES ('1035');
INSERT INTO `SkillSet_skills` (`SkillSet_id`, `skills`) VALUES ('1035', 'Architektur');
INSERT INTO `SkillSet_skills` (`SkillSet_id`, `skills`) VALUES ('1035', 'UnitTesting');
INSERT INTO `SkillSet_skills` (`SkillSet_id`, `skills`) VALUES ('1035', 'Java');
INSERT INTO `SkillSet_skills` (`SkillSet_id`, `skills`) VALUES ('1035', 'DotNet');
INSERT INTO `SkillSet_skills` (`SkillSet_id`, `skills`) VALUES ('1035', 'UnitTesting');
INSERT INTO `Hero` (`id`, `firstName`, `lastName`, `picturePath`, `role`, `skillSet_id`) VALUES ('1035', 'Ethash', 'Uchath', 'img/Head4.png', 'JuniorSoftwareEngineer', '1035');
INSERT INTO `SkillSet` (`id`) VALUES ('1036');
INSERT INTO `SkillSet_skills` (`SkillSet_id`, `skills`) VALUES ('1036', 'Architektur');
INSERT INTO `SkillSet_skills` (`SkillSet_id`, `skills`) VALUES ('1036', 'UnitTesting');
INSERT INTO `Hero` (`id`, `firstName`, `lastName`, `picturePath`, `role`, `skillSet_id`) VALUES ('1036', 'Heikip', 'Shukaif', 'img/Head6.png', 'SeniorSoftwareEngineer', '1036');
INSERT INTO `SkillSet` (`id`) VALUES ('1037');
INSERT INTO `SkillSet_skills` (`SkillSet_id`, `skills`) VALUES ('1037', 'UnitTesting');
INSERT INTO `SkillSet_skills` (`SkillSet_id`, `skills`) VALUES ('1037', 'DotNet');
INSERT INTO `SkillSet_skills` (`SkillSet_id`, `skills`) VALUES ('1037', 'Ant');
INSERT INTO `SkillSet_skills` (`SkillSet_id`, `skills`) VALUES ('1037', 'Maven');
INSERT INTO `Hero` (`id`, `firstName`, `lastName`, `picturePath`, `role`, `skillSet_id`) VALUES ('1037', 'Soittish', 'Aupfoin', 'img/Head2.png', 'LeadEngineer', '1037');
INSERT INTO `SkillSet` (`id`) VALUES ('1038');
INSERT INTO `SkillSet_skills` (`SkillSet_id`, `skills`) VALUES ('1038', 'Java');
INSERT INTO `Hero` (`id`, `firstName`, `lastName`, `picturePath`, `role`, `skillSet_id`) VALUES ('1038', 'Glaith', 'Adaiv', 'img/Head5.png', 'SeniorSoftwareEngineer', '1038');
INSERT INTO `SkillSet` (`id`) VALUES ('1039');
INSERT INTO `SkillSet_skills` (`SkillSet_id`, `skills`) VALUES ('1039', 'Gradle');
INSERT INTO `Hero` (`id`, `firstName`, `lastName`, `picturePath`, `role`, `skillSet_id`) VALUES ('1039', 'Lairour', 'Unt', 'img/Head3.png', 'LeadSoftwareArchitect', '1039');
INSERT INTO `SkillSet` (`id`) VALUES ('1040');
INSERT INTO `SkillSet_skills` (`SkillSet_id`, `skills`) VALUES ('1040', 'Maven');
INSERT INTO `SkillSet_skills` (`SkillSet_id`, `skills`) VALUES ('1040', 'UITesting');
INSERT INTO `SkillSet_skills` (`SkillSet_id`, `skills`) VALUES ('1040', 'Ant');
INSERT INTO `SkillSet_skills` (`SkillSet_id`, `skills`) VALUES ('1040', 'Ant');
INSERT INTO `Hero` (`id`, `firstName`, `lastName`, `picturePath`, `role`, `skillSet_id`) VALUES ('1040', 'Ouzautt', 'Us', 'img/Head8.png', 'SeniorSoftwareEngineer', '1040');
INSERT INTO `SkillSet` (`id`) VALUES ('1041');
INSERT INTO `SkillSet_skills` (`SkillSet_id`, `skills`) VALUES ('1041', 'Java');
INSERT INTO `SkillSet_skills` (`SkillSet_id`, `skills`) VALUES ('1041', 'Gradle');
INSERT INTO `SkillSet_skills` (`SkillSet_id`, `skills`) VALUES ('1041', 'UITesting');
INSERT INTO `SkillSet_skills` (`SkillSet_id`, `skills`) VALUES ('1041', 'DotNet');
INSERT INTO `SkillSet_skills` (`SkillSet_id`, `skills`) VALUES ('1041', 'Gradle');
INSERT INTO `Hero` (`id`, `firstName`, `lastName`, `picturePath`, `role`, `skillSet_id`) VALUES ('1041', 'Uw', 'Adopf', 'img/Head8.png', 'PrincipalConsultant', '1041');
INSERT INTO `SkillSet` (`id`) VALUES ('1042');
INSERT INTO `SkillSet_skills` (`SkillSet_id`, `skills`) VALUES ('1042', 'Ant');
INSERT INTO `Hero` (`id`, `firstName`, `lastName`, `picturePath`, `role`, `skillSet_id`) VALUES ('1042', 'Jisjz', 'Myf', 'img/Head6.png', 'PrincipalConsultant', '1042');
INSERT INTO `SkillSet` (`id`) VALUES ('1043');
INSERT INTO `SkillSet_skills` (`SkillSet_id`, `skills`) VALUES ('1043', 'Gradle');
INSERT INTO `Hero` (`id`, `firstName`, `lastName`, `picturePath`, `role`, `skillSet_id`) VALUES ('1043', 'Aistoil', 'Autjl', 'img/Head6.png', 'SeniorSoftwareEngineer', '1043');
INSERT INTO `SkillSet` (`id`) VALUES ('1044');
INSERT INTO `SkillSet_skills` (`SkillSet_id`, `skills`) VALUES ('1044', 'Maven');
INSERT INTO `SkillSet_skills` (`SkillSet_id`, `skills`) VALUES ('1044', 'DotNet');
INSERT INTO `SkillSet_skills` (`SkillSet_id`, `skills`) VALUES ('1044', 'UITesting');
INSERT INTO `SkillSet_skills` (`SkillSet_id`, `skills`) VALUES ('1044', 'Gradle');
INSERT INTO `Hero` (`id`, `firstName`, `lastName`, `picturePath`, `role`, `skillSet_id`) VALUES ('1044', 'Ason', 'Foostaigh', 'img/Head2.png', 'LeadSoftwareArchitect', '1044');
INSERT INTO `SkillSet` (`id`) VALUES ('1045');
INSERT INTO `SkillSet_skills` (`SkillSet_id`, `skills`) VALUES ('1045', 'UITesting');
INSERT INTO `SkillSet_skills` (`SkillSet_id`, `skills`) VALUES ('1045', 'Java');
INSERT INTO `Hero` (`id`, `firstName`, `lastName`, `picturePath`, `role`, `skillSet_id`) VALUES ('1045', 'Blibym', 'Yhauk', 'img/Head1.png', 'LeadSoftwareArchitect', '1045');
INSERT INTO `SkillSet` (`id`) VALUES ('1046');
INSERT INTO `SkillSet_skills` (`SkillSet_id`, `skills`) VALUES ('1046', 'SQL');
INSERT INTO `SkillSet_skills` (`SkillSet_id`, `skills`) VALUES ('1046', 'UnitTesting');
INSERT INTO `SkillSet_skills` (`SkillSet_id`, `skills`) VALUES ('1046', 'Java');
INSERT INTO `SkillSet_skills` (`SkillSet_id`, `skills`) VALUES ('1046', 'Ant');
INSERT INTO `SkillSet_skills` (`SkillSet_id`, `skills`) VALUES ('1046', 'Architektur');
INSERT INTO `Hero` (`id`, `firstName`, `lastName`, `picturePath`, `role`, `skillSet_id`) VALUES ('1046', 'Akuh', 'Vjinaim', 'img/Head1.png', 'SoftwareEngineer', '1046');
INSERT INTO `SkillSet` (`id`) VALUES ('1047');
INSERT INTO `SkillSet_skills` (`SkillSet_id`, `skills`) VALUES ('1047', 'Architektur');
INSERT INTO `Hero` (`id`, `firstName`, `lastName`, `picturePath`, `role`, `skillSet_id`) VALUES ('1047', 'Shjityn', 'Proinn', 'img/Head3.png', 'SeniorSoftwareEngineer', '1047');
INSERT INTO `SkillSet` (`id`) VALUES ('1048');
INSERT INTO `SkillSet_skills` (`SkillSet_id`, `skills`) VALUES ('1048', 'Ant');
INSERT INTO `SkillSet_skills` (`SkillSet_id`, `skills`) VALUES ('1048', 'Java');
INSERT INTO `SkillSet_skills` (`SkillSet_id`, `skills`) VALUES ('1048', 'UITesting');
INSERT INTO `Hero` (`id`, `firstName`, `lastName`, `picturePath`, `role`, `skillSet_id`) VALUES ('1048', 'Grjth', 'Grjishoib', 'img/Head2.png', 'SoftwareEngineer', '1048');
INSERT INTO `SkillSet` (`id`) VALUES ('1049');
INSERT INTO `SkillSet_skills` (`SkillSet_id`, `skills`) VALUES ('1049', 'Gradle');
INSERT INTO `Hero` (`id`, `firstName`, `lastName`, `picturePath`, `role`, `skillSet_id`) VALUES ('1049', 'Ipfaist', 'Jintjin', 'img/Head3.png', 'SoftwareEngineer', '1049');
INSERT INTO `SkillSet` (`id`) VALUES ('1050');
INSERT INTO `SkillSet_skills` (`SkillSet_id`, `skills`) VALUES ('1050', 'UnitTesting');
INSERT INTO `SkillSet_skills` (`SkillSet_id`, `skills`) VALUES ('1050', 'SQL');
INSERT INTO `Hero` (`id`, `firstName`, `lastName`, `picturePath`, `role`, `skillSet_id`) VALUES ('1050', 'Gytheipf', 'Aim', 'img/Head8.png', 'SoftwareEngineer', '1050');
INSERT INTO `SkillSet` (`id`) VALUES ('1051');
INSERT INTO `SkillSet_skills` (`SkillSet_id`, `skills`) VALUES ('1051', 'DotNet');
INSERT INTO `SkillSet_skills` (`SkillSet_id`, `skills`) VALUES ('1051', 'UITesting');
INSERT INTO `Hero` (`id`, `firstName`, `lastName`, `picturePath`, `role`, `skillSet_id`) VALUES ('1051', 'Daz', 'Jstab', 'img/Head2.png', 'LeadSoftwareArchitect', '1051');
INSERT INTO `SkillSet` (`id`) VALUES ('1052');
INSERT INTO `SkillSet_skills` (`SkillSet_id`, `skills`) VALUES ('1052', 'Maven');
INSERT INTO `SkillSet_skills` (`SkillSet_id`, `skills`) VALUES ('1052', 'Java');
INSERT INTO `Hero` (`id`, `firstName`, `lastName`, `picturePath`, `role`, `skillSet_id`) VALUES ('1052', 'Eirath', 'Oof', 'img/Head5.png', 'JuniorSoftwareEngineer', '1052');
INSERT INTO `SkillSet` (`id`) VALUES ('1053');
INSERT INTO `SkillSet_skills` (`SkillSet_id`, `skills`) VALUES ('1053', 'Gradle');
INSERT INTO `SkillSet_skills` (`SkillSet_id`, `skills`) VALUES ('1053', 'DotNet');
INSERT INTO `Hero` (`id`, `firstName`, `lastName`, `picturePath`, `role`, `skillSet_id`) VALUES ('1053', 'Qousyf', 'Put', 'img/Head6.png', 'SeniorSoftwareEngineer', '1053');
INSERT INTO `SkillSet` (`id`) VALUES ('1054');
INSERT INTO `SkillSet_skills` (`SkillSet_id`, `skills`) VALUES ('1054', 'Maven');
INSERT INTO `SkillSet_skills` (`SkillSet_id`, `skills`) VALUES ('1054', 'UITesting');
INSERT INTO `SkillSet_skills` (`SkillSet_id`, `skills`) VALUES ('1054', 'UnitTesting');
INSERT INTO `SkillSet_skills` (`SkillSet_id`, `skills`) VALUES ('1054', 'Architektur');
INSERT INTO `Hero` (`id`, `firstName`, `lastName`, `picturePath`, `role`, `skillSet_id`) VALUES ('1054', 'Orouch', 'Yv', 'img/Head5.png', 'PrincipalConsultant', '1054');
INSERT INTO `SkillSet` (`id`) VALUES ('1055');
INSERT INTO `SkillSet_skills` (`SkillSet_id`, `skills`) VALUES ('1055', 'UnitTesting');
INSERT INTO `SkillSet_skills` (`SkillSet_id`, `skills`) VALUES ('1055', 'Gradle');
INSERT INTO `Hero` (`id`, `firstName`, `lastName`, `picturePath`, `role`, `skillSet_id`) VALUES ('1055', 'Fittom', 'Qyst', 'img/Head6.png', 'JuniorSoftwareEngineer', '1055');
INSERT INTO `SkillSet` (`id`) VALUES ('1056');
INSERT INTO `SkillSet_skills` (`SkillSet_id`, `skills`) VALUES ('1056', 'Gradle');
INSERT INTO `SkillSet_skills` (`SkillSet_id`, `skills`) VALUES ('1056', 'UnitTesting');
INSERT INTO `SkillSet_skills` (`SkillSet_id`, `skills`) VALUES ('1056', 'DotNet');
INSERT INTO `Hero` (`id`, `firstName`, `lastName`, `picturePath`, `role`, `skillSet_id`) VALUES ('1056', 'Ois', 'Vychjst', 'img/Head4.png', 'LeadEngineer', '1056');
INSERT INTO `SkillSet` (`id`) VALUES ('1057');
INSERT INTO `SkillSet_skills` (`SkillSet_id`, `skills`) VALUES ('1057', 'UnitTesting');
INSERT INTO `SkillSet_skills` (`SkillSet_id`, `skills`) VALUES ('1057', 'Ant');
INSERT INTO `SkillSet_skills` (`SkillSet_id`, `skills`) VALUES ('1057', 'Maven');
INSERT INTO `SkillSet_skills` (`SkillSet_id`, `skills`) VALUES ('1057', 'Architektur');
INSERT INTO `SkillSet_skills` (`SkillSet_id`, `skills`) VALUES ('1057', 'Maven');
INSERT INTO `Hero` (`id`, `firstName`, `lastName`, `picturePath`, `role`, `skillSet_id`) VALUES ('1057', 'Jidaim', 'Ouk', 'img/Head3.png', 'LeadSoftwareArchitect', '1057');
INSERT INTO `SkillSet` (`id`) VALUES ('1058');
INSERT INTO `SkillSet_skills` (`SkillSet_id`, `skills`) VALUES ('1058', 'UnitTesting');
INSERT INTO `SkillSet_skills` (`SkillSet_id`, `skills`) VALUES ('1058', 'Java');
INSERT INTO `SkillSet_skills` (`SkillSet_id`, `skills`) VALUES ('1058', 'UITesting');
INSERT INTO `SkillSet_skills` (`SkillSet_id`, `skills`) VALUES ('1058', 'Java');
INSERT INTO `SkillSet_skills` (`SkillSet_id`, `skills`) VALUES ('1058', 'SQL');
INSERT INTO `Hero` (`id`, `firstName`, `lastName`, `picturePath`, `role`, `skillSet_id`) VALUES ('1058', 'Qar', 'Izous', 'img/Head8.png', 'PrincipalConsultant', '1058');
INSERT INTO `SkillSet` (`id`) VALUES ('1059');
INSERT INTO `SkillSet_skills` (`SkillSet_id`, `skills`) VALUES ('1059', 'SQL');
INSERT INTO `SkillSet_skills` (`SkillSet_id`, `skills`) VALUES ('1059', 'Architektur');
INSERT INTO `SkillSet_skills` (`SkillSet_id`, `skills`) VALUES ('1059', 'SQL');
INSERT INTO `SkillSet_skills` (`SkillSet_id`, `skills`) VALUES ('1059', 'UITesting');
INSERT INTO `SkillSet_skills` (`SkillSet_id`, `skills`) VALUES ('1059', 'Architektur');
INSERT INTO `Hero` (`id`, `firstName`, `lastName`, `picturePath`, `role`, `skillSet_id`) VALUES ('1059', 'Ouvoith', 'Auv', 'img/Head3.png', 'LeadSoftwareArchitect', '1059');
INSERT INTO `SkillSet` (`id`) VALUES ('1060');
INSERT INTO `SkillSet_skills` (`SkillSet_id`, `skills`) VALUES ('1060', 'DotNet');
INSERT INTO `SkillSet_skills` (`SkillSet_id`, `skills`) VALUES ('1060', 'UnitTesting');
INSERT INTO `Hero` (`id`, `firstName`, `lastName`, `picturePath`, `role`, `skillSet_id`) VALUES ('1060', 'Groonaug', 'Hauruw', 'img/Head8.png', 'LeadEngineer', '1060');
INSERT INTO `SkillSet` (`id`) VALUES ('1061');
INSERT INTO `SkillSet_skills` (`SkillSet_id`, `skills`) VALUES ('1061', 'UnitTesting');
INSERT INTO `SkillSet_skills` (`SkillSet_id`, `skills`) VALUES ('1061', 'SQL');
INSERT INTO `SkillSet_skills` (`SkillSet_id`, `skills`) VALUES ('1061', 'Gradle');
INSERT INTO `Hero` (`id`, `firstName`, `lastName`, `picturePath`, `role`, `skillSet_id`) VALUES ('1061', 'Oof', 'Einn', 'img/Head3.png', 'JuniorSoftwareEngineer', '1061');
INSERT INTO `SkillSet` (`id`) VALUES ('1062');
INSERT INTO `SkillSet_skills` (`SkillSet_id`, `skills`) VALUES ('1062', 'Maven');
INSERT INTO `SkillSet_skills` (`SkillSet_id`, `skills`) VALUES ('1062', 'UnitTesting');
INSERT INTO `Hero` (`id`, `firstName`, `lastName`, `picturePath`, `role`, `skillSet_id`) VALUES ('1062', 'Jch', 'Mouw', 'img/Head7.png', 'LeadEngineer', '1062');
INSERT INTO `SkillSet` (`id`) VALUES ('1063');
INSERT INTO `SkillSet_skills` (`SkillSet_id`, `skills`) VALUES ('1063', 'UITesting');
INSERT INTO `SkillSet_skills` (`SkillSet_id`, `skills`) VALUES ('1063', 'SQL');
INSERT INTO `SkillSet_skills` (`SkillSet_id`, `skills`) VALUES ('1063', 'UnitTesting');
INSERT INTO `SkillSet_skills` (`SkillSet_id`, `skills`) VALUES ('1063', 'Maven');
INSERT INTO `SkillSet_skills` (`SkillSet_id`, `skills`) VALUES ('1063', 'Gradle');
INSERT INTO `Hero` (`id`, `firstName`, `lastName`, `picturePath`, `role`, `skillSet_id`) VALUES ('1063', 'Zukott', 'Glaup', 'img/Head1.png', 'SeniorSoftwareEngineer', '1063');
INSERT INTO `SkillSet` (`id`) VALUES ('1064');
INSERT INTO `SkillSet_skills` (`SkillSet_id`, `skills`) VALUES ('1064', 'Maven');
INSERT INTO `Hero` (`id`, `firstName`, `lastName`, `picturePath`, `role`, `skillSet_id`) VALUES ('1064', 'Aussjch', 'Yrait', 'img/Head7.png', 'PrincipalConsultant', '1064');
INSERT INTO `SkillSet` (`id`) VALUES ('1065');
INSERT INTO `SkillSet_skills` (`SkillSet_id`, `skills`) VALUES ('1065', 'Ant');
INSERT INTO `SkillSet_skills` (`SkillSet_id`, `skills`) VALUES ('1065', 'Gradle');
INSERT INTO `SkillSet_skills` (`SkillSet_id`, `skills`) VALUES ('1065', 'Maven');
INSERT INTO `Hero` (`id`, `firstName`, `lastName`, `picturePath`, `role`, `skillSet_id`) VALUES ('1065', 'Ouz', 'If', 'img/Head2.png', 'JuniorSoftwareEngineer', '1065');
INSERT INTO `SkillSet` (`id`) VALUES ('1066');
INSERT INTO `SkillSet_skills` (`SkillSet_id`, `skills`) VALUES ('1066', 'UITesting');
INSERT INTO `Hero` (`id`, `firstName`, `lastName`, `picturePath`, `role`, `skillSet_id`) VALUES ('1066', 'Bumjnn', 'Chytt', 'img/Head3.png', 'LeadEngineer', '1066');
INSERT INTO `SkillSet` (`id`) VALUES ('1067');
INSERT INTO `SkillSet_skills` (`SkillSet_id`, `skills`) VALUES ('1067', 'Ant');
INSERT INTO `Hero` (`id`, `firstName`, `lastName`, `picturePath`, `role`, `skillSet_id`) VALUES ('1067', 'Sust', 'Seiw', 'img/Head1.png', 'SoftwareEngineer', '1067');
INSERT INTO `SkillSet` (`id`) VALUES ('1068');
INSERT INTO `SkillSet_skills` (`SkillSet_id`, `skills`) VALUES ('1068', 'Architektur');
INSERT INTO `SkillSet_skills` (`SkillSet_id`, `skills`) VALUES ('1068', 'UnitTesting');
INSERT INTO `SkillSet_skills` (`SkillSet_id`, `skills`) VALUES ('1068', 'SQL');
INSERT INTO `SkillSet_skills` (`SkillSet_id`, `skills`) VALUES ('1068', 'SQL');
INSERT INTO `SkillSet_skills` (`SkillSet_id`, `skills`) VALUES ('1068', 'Ant');
INSERT INTO `Hero` (`id`, `firstName`, `lastName`, `picturePath`, `role`, `skillSet_id`) VALUES ('1068', 'Iz', 'Baum', 'img/Head1.png', 'LeadEngineer', '1068');
INSERT INTO `SkillSet` (`id`) VALUES ('1069');
INSERT INTO `SkillSet_skills` (`SkillSet_id`, `skills`) VALUES ('1069', 'Architektur');
INSERT INTO `SkillSet_skills` (`SkillSet_id`, `skills`) VALUES ('1069', 'UITesting');
INSERT INTO `SkillSet_skills` (`SkillSet_id`, `skills`) VALUES ('1069', 'UnitTesting');
INSERT INTO `SkillSet_skills` (`SkillSet_id`, `skills`) VALUES ('1069', 'DotNet');
INSERT INTO `SkillSet_skills` (`SkillSet_id`, `skills`) VALUES ('1069', 'Java');
INSERT INTO `Hero` (`id`, `firstName`, `lastName`, `picturePath`, `role`, `skillSet_id`) VALUES ('1069', 'Zov', 'Yw', 'img/Head7.png', 'SoftwareEngineer', '1069');
INSERT INTO `SkillSet` (`id`) VALUES ('1070');
INSERT INTO `SkillSet_skills` (`SkillSet_id`, `skills`) VALUES ('1070', 'DotNet');
INSERT INTO `SkillSet_skills` (`SkillSet_id`, `skills`) VALUES ('1070', 'UnitTesting');
INSERT INTO `SkillSet_skills` (`SkillSet_id`, `skills`) VALUES ('1070', 'Gradle');
INSERT INTO `SkillSet_skills` (`SkillSet_id`, `skills`) VALUES ('1070', 'Ant');
INSERT INTO `Hero` (`id`, `firstName`, `lastName`, `picturePath`, `role`, `skillSet_id`) VALUES ('1070', 'Thest', 'Mam', 'img/Head6.png', 'LeadEngineer', '1070');
INSERT INTO `SkillSet` (`id`) VALUES ('1071');
INSERT INTO `SkillSet_skills` (`SkillSet_id`, `skills`) VALUES ('1071', 'UnitTesting');
INSERT INTO `SkillSet_skills` (`SkillSet_id`, `skills`) VALUES ('1071', 'Gradle');
INSERT INTO `SkillSet_skills` (`SkillSet_id`, `skills`) VALUES ('1071', 'DotNet');
INSERT INTO `SkillSet_skills` (`SkillSet_id`, `skills`) VALUES ('1071', 'Ant');
INSERT INTO `SkillSet_skills` (`SkillSet_id`, `skills`) VALUES ('1071', 'Maven');
INSERT INTO `Hero` (`id`, `firstName`, `lastName`, `picturePath`, `role`, `skillSet_id`) VALUES ('1071', 'Aim', 'Boigaif', 'img/Head4.png', 'JuniorSoftwareEngineer', '1071');
INSERT INTO `SkillSet` (`id`) VALUES ('1072');
INSERT INTO `SkillSet_skills` (`SkillSet_id`, `skills`) VALUES ('1072', 'Java');
INSERT INTO `SkillSet_skills` (`SkillSet_id`, `skills`) VALUES ('1072', 'Ant');
INSERT INTO `SkillSet_skills` (`SkillSet_id`, `skills`) VALUES ('1072', 'Gradle');
INSERT INTO `SkillSet_skills` (`SkillSet_id`, `skills`) VALUES ('1072', 'UITesting');
INSERT INTO `SkillSet_skills` (`SkillSet_id`, `skills`) VALUES ('1072', 'DotNet');
INSERT INTO `Hero` (`id`, `firstName`, `lastName`, `picturePath`, `role`, `skillSet_id`) VALUES ('1072', 'Upfiw', 'Oinnef', 'img/Head3.png', 'SeniorSoftwareEngineer', '1072');
INSERT INTO `SkillSet` (`id`) VALUES ('1073');
INSERT INTO `SkillSet_skills` (`SkillSet_id`, `skills`) VALUES ('1073', 'DotNet');
INSERT INTO `SkillSet_skills` (`SkillSet_id`, `skills`) VALUES ('1073', 'DotNet');
INSERT INTO `SkillSet_skills` (`SkillSet_id`, `skills`) VALUES ('1073', 'Java');
INSERT INTO `Hero` (`id`, `firstName`, `lastName`, `picturePath`, `role`, `skillSet_id`) VALUES ('1073', 'Aist', 'Oiheim', 'img/Head7.png', 'JuniorSoftwareEngineer', '1073');
INSERT INTO `SkillSet` (`id`) VALUES ('1074');
INSERT INTO `SkillSet_skills` (`SkillSet_id`, `skills`) VALUES ('1074', 'Architektur');
INSERT INTO `Hero` (`id`, `firstName`, `lastName`, `picturePath`, `role`, `skillSet_id`) VALUES ('1074', 'Lint', 'In', 'img/Head8.png', 'LeadSoftwareArchitect', '1074');
INSERT INTO `SkillSet` (`id`) VALUES ('1075');
INSERT INTO `SkillSet_skills` (`SkillSet_id`, `skills`) VALUES ('1075', 'Maven');
INSERT INTO `Hero` (`id`, `firstName`, `lastName`, `picturePath`, `role`, `skillSet_id`) VALUES ('1075', 'Wypautt', 'Tauh', 'img/Head2.png', 'SoftwareEngineer', '1075');
INSERT INTO `SkillSet` (`id`) VALUES ('1076');
INSERT INTO `SkillSet_skills` (`SkillSet_id`, `skills`) VALUES ('1076', 'UnitTesting');
INSERT INTO `SkillSet_skills` (`SkillSet_id`, `skills`) VALUES ('1076', 'DotNet');
INSERT INTO `SkillSet_skills` (`SkillSet_id`, `skills`) VALUES ('1076', 'UnitTesting');
INSERT INTO `Hero` (`id`, `firstName`, `lastName`, `picturePath`, `role`, `skillSet_id`) VALUES ('1076', 'Autt', 'Iw', 'img/Head1.png', 'LeadEngineer', '1076');
INSERT INTO `SkillSet` (`id`) VALUES ('1077');
INSERT INTO `SkillSet_skills` (`SkillSet_id`, `skills`) VALUES ('1077', 'UnitTesting');
INSERT INTO `SkillSet_skills` (`SkillSet_id`, `skills`) VALUES ('1077', 'Maven');
INSERT INTO `SkillSet_skills` (`SkillSet_id`, `skills`) VALUES ('1077', 'Architektur');
INSERT INTO `SkillSet_skills` (`SkillSet_id`, `skills`) VALUES ('1077', 'Ant');
INSERT INTO `Hero` (`id`, `firstName`, `lastName`, `picturePath`, `role`, `skillSet_id`) VALUES ('1077', 'Ev', 'Eiveih', 'img/Head7.png', 'SeniorSoftwareEngineer', '1077');
INSERT INTO `SkillSet` (`id`) VALUES ('1078');
INSERT INTO `SkillSet_skills` (`SkillSet_id`, `skills`) VALUES ('1078', 'UnitTesting');
INSERT INTO `SkillSet_skills` (`SkillSet_id`, `skills`) VALUES ('1078', 'Java');
INSERT INTO `Hero` (`id`, `firstName`, `lastName`, `picturePath`, `role`, `skillSet_id`) VALUES ('1078', 'Cupf', 'Ag', 'img/Head4.png', 'JuniorSoftwareEngineer', '1078');
INSERT INTO `SkillSet` (`id`) VALUES ('1079');
INSERT INTO `SkillSet_skills` (`SkillSet_id`, `skills`) VALUES ('1079', 'Architektur');
INSERT INTO `SkillSet_skills` (`SkillSet_id`, `skills`) VALUES ('1079', 'Maven');
INSERT INTO `SkillSet_skills` (`SkillSet_id`, `skills`) VALUES ('1079', 'UITesting');
INSERT INTO `Hero` (`id`, `firstName`, `lastName`, `picturePath`, `role`, `skillSet_id`) VALUES ('1079', 'Aufeig', 'Lub', 'img/Head8.png', 'PrincipalConsultant', '1079');
INSERT INTO `SkillSet` (`id`) VALUES ('1080');
INSERT INTO `SkillSet_skills` (`SkillSet_id`, `skills`) VALUES ('1080', 'Ant');
INSERT INTO `Hero` (`id`, `firstName`, `lastName`, `picturePath`, `role`, `skillSet_id`) VALUES ('1080', 'Efoich', 'Bljss', 'img/Head5.png', 'SeniorSoftwareEngineer', '1080');
INSERT INTO `SkillSet` (`id`) VALUES ('1081');
INSERT INTO `SkillSet_skills` (`SkillSet_id`, `skills`) VALUES ('1081', 'Gradle');
INSERT INTO `SkillSet_skills` (`SkillSet_id`, `skills`) VALUES ('1081', 'Architektur');
INSERT INTO `SkillSet_skills` (`SkillSet_id`, `skills`) VALUES ('1081', 'Ant');
INSERT INTO `SkillSet_skills` (`SkillSet_id`, `skills`) VALUES ('1081', 'UnitTesting');
INSERT INTO `Hero` (`id`, `firstName`, `lastName`, `picturePath`, `role`, `skillSet_id`) VALUES ('1081', 'Oir', 'Gloichouss', 'img/Head1.png', 'LeadSoftwareArchitect', '1081');
INSERT INTO `SkillSet` (`id`) VALUES ('1082');
INSERT INTO `SkillSet_skills` (`SkillSet_id`, `skills`) VALUES ('1082', 'Java');
INSERT INTO `SkillSet_skills` (`SkillSet_id`, `skills`) VALUES ('1082', 'Gradle');
INSERT INTO `SkillSet_skills` (`SkillSet_id`, `skills`) VALUES ('1082', 'Java');
INSERT INTO `SkillSet_skills` (`SkillSet_id`, `skills`) VALUES ('1082', 'Java');
INSERT INTO `Hero` (`id`, `firstName`, `lastName`, `picturePath`, `role`, `skillSet_id`) VALUES ('1082', 'Eipauk', 'Stof', 'img/Head3.png', 'SeniorSoftwareEngineer', '1082');
INSERT INTO `SkillSet` (`id`) VALUES ('1083');
INSERT INTO `SkillSet_skills` (`SkillSet_id`, `skills`) VALUES ('1083', 'Ant');
INSERT INTO `SkillSet_skills` (`SkillSet_id`, `skills`) VALUES ('1083', 'UnitTesting');
INSERT INTO `SkillSet_skills` (`SkillSet_id`, `skills`) VALUES ('1083', 'SQL');
INSERT INTO `SkillSet_skills` (`SkillSet_id`, `skills`) VALUES ('1083', 'Maven');
INSERT INTO `SkillSet_skills` (`SkillSet_id`, `skills`) VALUES ('1083', 'UnitTesting');
INSERT INTO `Hero` (`id`, `firstName`, `lastName`, `picturePath`, `role`, `skillSet_id`) VALUES ('1083', 'Roip', 'Flann', 'img/Head1.png', 'LeadSoftwareArchitect', '1083');
INSERT INTO `SkillSet` (`id`) VALUES ('1084');
INSERT INTO `SkillSet_skills` (`SkillSet_id`, `skills`) VALUES ('1084', 'UITesting');
INSERT INTO `SkillSet_skills` (`SkillSet_id`, `skills`) VALUES ('1084', 'UITesting');
INSERT INTO `Hero` (`id`, `firstName`, `lastName`, `picturePath`, `role`, `skillSet_id`) VALUES ('1084', 'Aiss', 'Soinn', 'img/Head3.png', 'LeadEngineer', '1084');
INSERT INTO `SkillSet` (`id`) VALUES ('1085');
INSERT INTO `SkillSet_skills` (`SkillSet_id`, `skills`) VALUES ('1085', 'SQL');
INSERT INTO `SkillSet_skills` (`SkillSet_id`, `skills`) VALUES ('1085', 'UITesting');
INSERT INTO `Hero` (`id`, `firstName`, `lastName`, `picturePath`, `role`, `skillSet_id`) VALUES ('1085', 'Iss', 'Cyssaipf', 'img/Head6.png', 'SeniorSoftwareEngineer', '1085');
INSERT INTO `SkillSet` (`id`) VALUES ('1086');
INSERT INTO `SkillSet_skills` (`SkillSet_id`, `skills`) VALUES ('1086', 'Ant');
INSERT INTO `SkillSet_skills` (`SkillSet_id`, `skills`) VALUES ('1086', 'DotNet');
INSERT INTO `Hero` (`id`, `firstName`, `lastName`, `picturePath`, `role`, `skillSet_id`) VALUES ('1086', 'Fadeith', 'Oor', 'img/Head5.png', 'PrincipalConsultant', '1086');
INSERT INTO `SkillSet` (`id`) VALUES ('1087');
INSERT INTO `SkillSet_skills` (`SkillSet_id`, `skills`) VALUES ('1087', 'Gradle');
INSERT INTO `SkillSet_skills` (`SkillSet_id`, `skills`) VALUES ('1087', 'UnitTesting');
INSERT INTO `SkillSet_skills` (`SkillSet_id`, `skills`) VALUES ('1087', 'Gradle');
INSERT INTO `SkillSet_skills` (`SkillSet_id`, `skills`) VALUES ('1087', 'Maven');
INSERT INTO `SkillSet_skills` (`SkillSet_id`, `skills`) VALUES ('1087', 'Maven');
INSERT INTO `Hero` (`id`, `firstName`, `lastName`, `picturePath`, `role`, `skillSet_id`) VALUES ('1087', 'Oostop', 'Lont', 'img/Head6.png', 'LeadSoftwareArchitect', '1087');
INSERT INTO `SkillSet` (`id`) VALUES ('1088');
INSERT INTO `SkillSet_skills` (`SkillSet_id`, `skills`) VALUES ('1088', 'UnitTesting');
INSERT INTO `SkillSet_skills` (`SkillSet_id`, `skills`) VALUES ('1088', 'Maven');
INSERT INTO `Hero` (`id`, `firstName`, `lastName`, `picturePath`, `role`, `skillSet_id`) VALUES ('1088', 'Oish', 'Uf', 'img/Head6.png', 'LeadEngineer', '1088');
INSERT INTO `SkillSet` (`id`) VALUES ('1089');
INSERT INTO `SkillSet_skills` (`SkillSet_id`, `skills`) VALUES ('1089', 'Architektur');
INSERT INTO `SkillSet_skills` (`SkillSet_id`, `skills`) VALUES ('1089', 'Java');
INSERT INTO `Hero` (`id`, `firstName`, `lastName`, `picturePath`, `role`, `skillSet_id`) VALUES ('1089', 'Ydjiz', 'Zytjib', 'img/Head1.png', 'LeadEngineer', '1089');
INSERT INTO `SkillSet` (`id`) VALUES ('1090');
INSERT INTO `SkillSet_skills` (`SkillSet_id`, `skills`) VALUES ('1090', 'Maven');
INSERT INTO `SkillSet_skills` (`SkillSet_id`, `skills`) VALUES ('1090', 'Ant');
INSERT INTO `Hero` (`id`, `firstName`, `lastName`, `picturePath`, `role`, `skillSet_id`) VALUES ('1090', 'Iss', 'Yt', 'img/Head8.png', 'JuniorSoftwareEngineer', '1090');
INSERT INTO `SkillSet` (`id`) VALUES ('1091');
INSERT INTO `SkillSet_skills` (`SkillSet_id`, `skills`) VALUES ('1091', 'SQL');
INSERT INTO `SkillSet_skills` (`SkillSet_id`, `skills`) VALUES ('1091', 'SQL');
INSERT INTO `Hero` (`id`, `firstName`, `lastName`, `picturePath`, `role`, `skillSet_id`) VALUES ('1091', 'Mynt', 'Staib', 'img/Head7.png', 'SeniorSoftwareEngineer', '1091');
INSERT INTO `SkillSet` (`id`) VALUES ('1092');
INSERT INTO `SkillSet_skills` (`SkillSet_id`, `skills`) VALUES ('1092', 'Architektur');
INSERT INTO `SkillSet_skills` (`SkillSet_id`, `skills`) VALUES ('1092', 'Architektur');
INSERT INTO `SkillSet_skills` (`SkillSet_id`, `skills`) VALUES ('1092', 'Java');
INSERT INTO `Hero` (`id`, `firstName`, `lastName`, `picturePath`, `role`, `skillSet_id`) VALUES ('1092', 'Shjis', 'Jit', 'img/Head8.png', 'PrincipalConsultant', '1092');
INSERT INTO `SkillSet` (`id`) VALUES ('1093');
INSERT INTO `SkillSet_skills` (`SkillSet_id`, `skills`) VALUES ('1093', 'DotNet');
INSERT INTO `SkillSet_skills` (`SkillSet_id`, `skills`) VALUES ('1093', 'UITesting');
INSERT INTO `SkillSet_skills` (`SkillSet_id`, `skills`) VALUES ('1093', 'Maven');
INSERT INTO `SkillSet_skills` (`SkillSet_id`, `skills`) VALUES ('1093', 'Java');
INSERT INTO `SkillSet_skills` (`SkillSet_id`, `skills`) VALUES ('1093', 'Architektur');
INSERT INTO `Hero` (`id`, `firstName`, `lastName`, `picturePath`, `role`, `skillSet_id`) VALUES ('1093', 'Ep', 'Kloiwugh', 'img/Head3.png', 'SoftwareEngineer', '1093');
INSERT INTO `SkillSet` (`id`) VALUES ('1094');
INSERT INTO `SkillSet_skills` (`SkillSet_id`, `skills`) VALUES ('1094', 'Maven');
INSERT INTO `SkillSet_skills` (`SkillSet_id`, `skills`) VALUES ('1094', 'Maven');
INSERT INTO `Hero` (`id`, `firstName`, `lastName`, `picturePath`, `role`, `skillSet_id`) VALUES ('1094', 'Eip', 'Jhutt', 'img/Head8.png', 'PrincipalConsultant', '1094');
INSERT INTO `SkillSet` (`id`) VALUES ('1095');
INSERT INTO `SkillSet_skills` (`SkillSet_id`, `skills`) VALUES ('1095', 'Java');
INSERT INTO `SkillSet_skills` (`SkillSet_id`, `skills`) VALUES ('1095', 'UITesting');
INSERT INTO `Hero` (`id`, `firstName`, `lastName`, `picturePath`, `role`, `skillSet_id`) VALUES ('1095', 'Jich', 'Im', 'img/Head2.png', 'LeadSoftwareArchitect', '1095');
INSERT INTO `SkillSet` (`id`) VALUES ('1096');
INSERT INTO `SkillSet_skills` (`SkillSet_id`, `skills`) VALUES ('1096', 'UITesting');
INSERT INTO `SkillSet_skills` (`SkillSet_id`, `skills`) VALUES ('1096', 'UnitTesting');
INSERT INTO `SkillSet_skills` (`SkillSet_id`, `skills`) VALUES ('1096', 'Ant');
INSERT INTO `SkillSet_skills` (`SkillSet_id`, `skills`) VALUES ('1096', 'Java');
INSERT INTO `SkillSet_skills` (`SkillSet_id`, `skills`) VALUES ('1096', 'UITesting');
INSERT INTO `Hero` (`id`, `firstName`, `lastName`, `picturePath`, `role`, `skillSet_id`) VALUES ('1096', 'Lanter', 'Ad', 'img/Head1.png', 'LeadSoftwareArchitect', '1096');
INSERT INTO `SkillSet` (`id`) VALUES ('1097');
INSERT INTO `SkillSet_skills` (`SkillSet_id`, `skills`) VALUES ('1097', 'Java');
INSERT INTO `Hero` (`id`, `firstName`, `lastName`, `picturePath`, `role`, `skillSet_id`) VALUES ('1097', 'Iw', 'Qjin', 'img/Head3.png', 'LeadEngineer', '1097');
INSERT INTO `SkillSet` (`id`) VALUES ('1098');
INSERT INTO `SkillSet_skills` (`SkillSet_id`, `skills`) VALUES ('1098', 'Gradle');
INSERT INTO `SkillSet_skills` (`SkillSet_id`, `skills`) VALUES ('1098', 'Maven');
INSERT INTO `Hero` (`id`, `firstName`, `lastName`, `picturePath`, `role`, `skillSet_id`) VALUES ('1098', 'Eisteih', 'Oibjist', 'img/Head5.png', 'JuniorSoftwareEngineer', '1098');
INSERT INTO `SkillSet` (`id`) VALUES ('1099');
INSERT INTO `SkillSet_skills` (`SkillSet_id`, `skills`) VALUES ('1099', 'Architektur');
INSERT INTO `SkillSet_skills` (`SkillSet_id`, `skills`) VALUES ('1099', 'UITesting');
INSERT INTO `SkillSet_skills` (`SkillSet_id`, `skills`) VALUES ('1099', 'Ant');
INSERT INTO `SkillSet_skills` (`SkillSet_id`, `skills`) VALUES ('1099', 'UITesting');
INSERT INTO `SkillSet_skills` (`SkillSet_id`, `skills`) VALUES ('1099', 'Maven');
INSERT INTO `Hero` (`id`, `firstName`, `lastName`, `picturePath`, `role`, `skillSet_id`) VALUES ('1099', 'Yt', 'Stouchjsh', 'img/Head8.png', 'SeniorSoftwareEngineer', '1099');
INSERT INTO `SkillSet` (`id`) VALUES ('11000');
INSERT INTO `SkillSet_skills` (`SkillSet_id`, `skills`) VALUES ('11000', 'UITesting');
INSERT INTO `SkillSet_skills` (`SkillSet_id`, `skills`) VALUES ('11000', 'SQL');
INSERT INTO `SkillSet_skills` (`SkillSet_id`, `skills`) VALUES ('11000', 'Java');
INSERT INTO `SkillSet_skills` (`SkillSet_id`, `skills`) VALUES ('11000', 'Architektur');
INSERT INTO `Mission` (`id`, `companyName`, `shortName`, `description`, `role`, `skillSet_id`) VALUES ('11000', 'Ep', 'Jidur', 'bd556923-6a0c-4fc4-901c-f9affc7851db', 'SeniorSoftwareEngineer', '11000');
INSERT INTO `SkillSet` (`id`) VALUES ('11001');
INSERT INTO `SkillSet_skills` (`SkillSet_id`, `skills`) VALUES ('11001', 'DotNet');
INSERT INTO `SkillSet_skills` (`SkillSet_id`, `skills`) VALUES ('11001', 'Java');
INSERT INTO `SkillSet_skills` (`SkillSet_id`, `skills`) VALUES ('11001', 'UnitTesting');
INSERT INTO `SkillSet_skills` (`SkillSet_id`, `skills`) VALUES ('11001', 'Ant');
INSERT INTO `Mission` (`id`, `companyName`, `shortName`, `description`, `role`, `skillSet_id`) VALUES ('11001', 'Owjis', 'Am', '29e62d83-cdd1-45ae-a108-c23fa2c0a283', 'JuniorSoftwareEngineer', '11001');
INSERT INTO `SkillSet` (`id`) VALUES ('11002');
INSERT INTO `SkillSet_skills` (`SkillSet_id`, `skills`) VALUES ('11002', 'Ant');
INSERT INTO `SkillSet_skills` (`SkillSet_id`, `skills`) VALUES ('11002', 'DotNet');
INSERT INTO `SkillSet_skills` (`SkillSet_id`, `skills`) VALUES ('11002', 'UITesting');
INSERT INTO `SkillSet_skills` (`SkillSet_id`, `skills`) VALUES ('11002', 'UnitTesting');
INSERT INTO `Mission` (`id`, `companyName`, `shortName`, `description`, `role`, `skillSet_id`) VALUES ('11002', 'Djnt', 'Yvyv', 'b8eeb5e2-9aba-4d7e-bc3c-f19fd58c3d3c', 'SoftwareEngineer', '11002');
INSERT INTO `SkillSet` (`id`) VALUES ('11003');
INSERT INTO `SkillSet_skills` (`SkillSet_id`, `skills`) VALUES ('11003', 'Ant');
INSERT INTO `SkillSet_skills` (`SkillSet_id`, `skills`) VALUES ('11003', 'Maven');
INSERT INTO `Mission` (`id`, `companyName`, `shortName`, `description`, `role`, `skillSet_id`) VALUES ('11003', 'Zausyth', 'Vaith', '183c8b39-e346-469e-a83d-f59c38d2d586', 'LeadEngineer', '11003');
INSERT INTO `SkillSet` (`id`) VALUES ('11004');
INSERT INTO `SkillSet_skills` (`SkillSet_id`, `skills`) VALUES ('11004', 'UITesting');
INSERT INTO `Mission` (`id`, `companyName`, `shortName`, `description`, `role`, `skillSet_id`) VALUES ('11004', 'Il', 'Cynauss', '17fb9513-886f-4531-8ac8-e53ee4e4a6ae', 'SoftwareEngineer', '11004');
INSERT INTO `SkillSet` (`id`) VALUES ('11005');
INSERT INTO `SkillSet_skills` (`SkillSet_id`, `skills`) VALUES ('11005', 'Architektur');
INSERT INTO `SkillSet_skills` (`SkillSet_id`, `skills`) VALUES ('11005', 'SQL');
INSERT INTO `SkillSet_skills` (`SkillSet_id`, `skills`) VALUES ('11005', 'Java');
INSERT INTO `Mission` (`id`, `companyName`, `shortName`, `description`, `role`, `skillSet_id`) VALUES ('11005', 'Jsat', 'Oistoob', '2179e2b1-7dab-4a42-b30f-80d154752cf4', 'LeadSoftwareArchitect', '11005');
INSERT INTO `SkillSet` (`id`) VALUES ('11006');
INSERT INTO `SkillSet_skills` (`SkillSet_id`, `skills`) VALUES ('11006', 'Maven');
INSERT INTO `Mission` (`id`, `companyName`, `shortName`, `description`, `role`, `skillSet_id`) VALUES ('11006', 'Cheigust', 'Thoud', '92040f39-c809-450f-a6da-8d0db4e1c21e', 'PrincipalConsultant', '11006');
INSERT INTO `SkillSet` (`id`) VALUES ('11007');
INSERT INTO `SkillSet_skills` (`SkillSet_id`, `skills`) VALUES ('11007', 'UITesting');
INSERT INTO `SkillSet_skills` (`SkillSet_id`, `skills`) VALUES ('11007', 'UITesting');
INSERT INTO `SkillSet_skills` (`SkillSet_id`, `skills`) VALUES ('11007', 'Maven');
INSERT INTO `Mission` (`id`, `companyName`, `shortName`, `description`, `role`, `skillSet_id`) VALUES ('11007', 'Entoum', 'Oohois', '95a70978-9e3b-4bd1-8e53-481beac19c59', 'SeniorSoftwareEngineer', '11007');
INSERT INTO `SkillSet` (`id`) VALUES ('11008');
INSERT INTO `SkillSet_skills` (`SkillSet_id`, `skills`) VALUES ('11008', 'DotNet');
INSERT INTO `SkillSet_skills` (`SkillSet_id`, `skills`) VALUES ('11008', 'DotNet');
INSERT INTO `SkillSet_skills` (`SkillSet_id`, `skills`) VALUES ('11008', 'Ant');
INSERT INTO `SkillSet_skills` (`SkillSet_id`, `skills`) VALUES ('11008', 'UnitTesting');
INSERT INTO `SkillSet_skills` (`SkillSet_id`, `skills`) VALUES ('11008', 'Gradle');
INSERT INTO `Mission` (`id`, `companyName`, `shortName`, `description`, `role`, `skillSet_id`) VALUES ('11008', 'Toozok', 'Fegoutt', '9853cea6-f332-4dcd-8cb3-17e1f4ada993', 'SeniorSoftwareEngineer', '11008');
INSERT INTO `SkillSet` (`id`) VALUES ('11009');
INSERT INTO `SkillSet_skills` (`SkillSet_id`, `skills`) VALUES ('11009', 'Architektur');
INSERT INTO `SkillSet_skills` (`SkillSet_id`, `skills`) VALUES ('11009', 'Gradle');
INSERT INTO `SkillSet_skills` (`SkillSet_id`, `skills`) VALUES ('11009', 'Architektur');
INSERT INTO `Mission` (`id`, `companyName`, `shortName`, `description`, `role`, `skillSet_id`) VALUES ('11009', 'Omas', 'Fljpfeith', 'e6ff6074-7777-446b-9260-d2610420b55e', 'LeadEngineer', '11009');
INSERT INTO `SkillSet` (`id`) VALUES ('11010');
INSERT INTO `SkillSet_skills` (`SkillSet_id`, `skills`) VALUES ('11010', 'UITesting');
INSERT INTO `SkillSet_skills` (`SkillSet_id`, `skills`) VALUES ('11010', 'Java');
INSERT INTO `SkillSet_skills` (`SkillSet_id`, `skills`) VALUES ('11010', 'Maven');
INSERT INTO `SkillSet_skills` (`SkillSet_id`, `skills`) VALUES ('11010', 'UITesting');
INSERT INTO `SkillSet_skills` (`SkillSet_id`, `skills`) VALUES ('11010', 'UnitTesting');
INSERT INTO `Mission` (`id`, `companyName`, `shortName`, `description`, `role`, `skillSet_id`) VALUES ('11010', 'Leiss', 'Thook', 'a911a013-ae86-4c53-b348-7c00ac9420ac', 'LeadEngineer', '11010');
INSERT INTO `SkillSet` (`id`) VALUES ('11011');
INSERT INTO `SkillSet_skills` (`SkillSet_id`, `skills`) VALUES ('11011', 'SQL');
INSERT INTO `SkillSet_skills` (`SkillSet_id`, `skills`) VALUES ('11011', 'UITesting');
INSERT INTO `SkillSet_skills` (`SkillSet_id`, `skills`) VALUES ('11011', 'SQL');
INSERT INTO `SkillSet_skills` (`SkillSet_id`, `skills`) VALUES ('11011', 'Ant');
INSERT INTO `Mission` (`id`, `companyName`, `shortName`, `description`, `role`, `skillSet_id`) VALUES ('11011', 'Routtef', 'Oidout', '026d7782-90a7-45c9-8027-94ce25dfa77f', 'LeadSoftwareArchitect', '11011');
INSERT INTO `SkillSet` (`id`) VALUES ('11012');
INSERT INTO `SkillSet_skills` (`SkillSet_id`, `skills`) VALUES ('11012', 'UITesting');
INSERT INTO `SkillSet_skills` (`SkillSet_id`, `skills`) VALUES ('11012', 'DotNet');
INSERT INTO `SkillSet_skills` (`SkillSet_id`, `skills`) VALUES ('11012', 'UnitTesting');
INSERT INTO `Mission` (`id`, `companyName`, `shortName`, `description`, `role`, `skillSet_id`) VALUES ('11012', 'Oup', 'Oush', 'c8c7293d-b723-4563-a989-3fd2748a1f88', 'LeadEngineer', '11012');
INSERT INTO `SkillSet` (`id`) VALUES ('11013');
INSERT INTO `SkillSet_skills` (`SkillSet_id`, `skills`) VALUES ('11013', 'SQL');
INSERT INTO `Mission` (`id`, `companyName`, `shortName`, `description`, `role`, `skillSet_id`) VALUES ('11013', 'Sjistjir', 'Mjnnjib', '93014240-e6fb-4f8f-879f-5e6ef20ad194', 'SeniorSoftwareEngineer', '11013');
INSERT INTO `SkillSet` (`id`) VALUES ('11014');
INSERT INTO `SkillSet_skills` (`SkillSet_id`, `skills`) VALUES ('11014', 'Ant');
INSERT INTO `SkillSet_skills` (`SkillSet_id`, `skills`) VALUES ('11014', 'Architektur');
INSERT INTO `SkillSet_skills` (`SkillSet_id`, `skills`) VALUES ('11014', 'DotNet');
INSERT INTO `SkillSet_skills` (`SkillSet_id`, `skills`) VALUES ('11014', 'Architektur');
INSERT INTO `SkillSet_skills` (`SkillSet_id`, `skills`) VALUES ('11014', 'Ant');
INSERT INTO `Mission` (`id`, `companyName`, `shortName`, `description`, `role`, `skillSet_id`) VALUES ('11014', 'Googhont', 'Moutopf', '8aa5af9f-a625-4cac-b8c9-3d2ded46fafc', 'PrincipalConsultant', '11014');
INSERT INTO `SkillSet` (`id`) VALUES ('11015');
INSERT INTO `SkillSet_skills` (`SkillSet_id`, `skills`) VALUES ('11015', 'UnitTesting');
INSERT INTO `SkillSet_skills` (`SkillSet_id`, `skills`) VALUES ('11015', 'Java');
INSERT INTO `Mission` (`id`, `companyName`, `shortName`, `description`, `role`, `skillSet_id`) VALUES ('11015', 'Flauh', 'Aguf', '5bd7d328-c628-4f24-a98e-91d141615474', 'LeadEngineer', '11015');
INSERT INTO `SkillSet` (`id`) VALUES ('11016');
INSERT INTO `SkillSet_skills` (`SkillSet_id`, `skills`) VALUES ('11016', 'Gradle');
INSERT INTO `SkillSet_skills` (`SkillSet_id`, `skills`) VALUES ('11016', 'Java');
INSERT INTO `SkillSet_skills` (`SkillSet_id`, `skills`) VALUES ('11016', 'Ant');
INSERT INTO `SkillSet_skills` (`SkillSet_id`, `skills`) VALUES ('11016', 'UnitTesting');
INSERT INTO `Mission` (`id`, `companyName`, `shortName`, `description`, `role`, `skillSet_id`) VALUES ('11016', 'Qem', 'Yl', '831fa216-5069-49ae-a6ab-f2b26b38ba9f', 'JuniorSoftwareEngineer', '11016');
INSERT INTO `SkillSet` (`id`) VALUES ('11017');
INSERT INTO `SkillSet_skills` (`SkillSet_id`, `skills`) VALUES ('11017', 'DotNet');
INSERT INTO `SkillSet_skills` (`SkillSet_id`, `skills`) VALUES ('11017', 'SQL');
INSERT INTO `SkillSet_skills` (`SkillSet_id`, `skills`) VALUES ('11017', 'UnitTesting');
INSERT INTO `Mission` (`id`, `companyName`, `shortName`, `description`, `role`, `skillSet_id`) VALUES ('11017', 'Ois', 'Jn', 'a7c22f0e-22fa-4b04-8eed-2fcc8240680c', 'SeniorSoftwareEngineer', '11017');
INSERT INTO `SkillSet` (`id`) VALUES ('11018');
INSERT INTO `SkillSet_skills` (`SkillSet_id`, `skills`) VALUES ('11018', 'UITesting');
INSERT INTO `Mission` (`id`, `companyName`, `shortName`, `description`, `role`, `skillSet_id`) VALUES ('11018', 'Agh', 'Bljnuz', '5a459ad8-2003-4de5-bf07-7121bbdcdaa3', 'SeniorSoftwareEngineer', '11018');
INSERT INTO `SkillSet` (`id`) VALUES ('11019');
INSERT INTO `SkillSet_skills` (`SkillSet_id`, `skills`) VALUES ('11019', 'Maven');
INSERT INTO `Mission` (`id`, `companyName`, `shortName`, `description`, `role`, `skillSet_id`) VALUES ('11019', 'Ogysh', 'Leb', '1bfa70fe-92a2-43d6-87f5-d54bf693459e', 'PrincipalConsultant', '11019');
INSERT INTO `SkillSet` (`id`) VALUES ('11020');
INSERT INTO `SkillSet_skills` (`SkillSet_id`, `skills`) VALUES ('11020', 'Maven');
INSERT INTO `SkillSet_skills` (`SkillSet_id`, `skills`) VALUES ('11020', 'Maven');
INSERT INTO `SkillSet_skills` (`SkillSet_id`, `skills`) VALUES ('11020', 'SQL');
INSERT INTO `SkillSet_skills` (`SkillSet_id`, `skills`) VALUES ('11020', 'UnitTesting');
INSERT INTO `SkillSet_skills` (`SkillSet_id`, `skills`) VALUES ('11020', 'Java');
INSERT INTO `Mission` (`id`, `companyName`, `shortName`, `description`, `role`, `skillSet_id`) VALUES ('11020', 'Oil', 'Aiwaur', '5a5d8909-90ea-4d89-97fe-9f716bf8b99d', 'PrincipalConsultant', '11020');
INSERT INTO `SkillSet` (`id`) VALUES ('11021');
INSERT INTO `SkillSet_skills` (`SkillSet_id`, `skills`) VALUES ('11021', 'Gradle');
INSERT INTO `SkillSet_skills` (`SkillSet_id`, `skills`) VALUES ('11021', 'Maven');
INSERT INTO `Mission` (`id`, `companyName`, `shortName`, `description`, `role`, `skillSet_id`) VALUES ('11021', 'Oipfath', 'Flaiveih', '1013fd54-9623-47a5-bf18-b475a8c18e52', 'SoftwareEngineer', '11021');
INSERT INTO `SkillSet` (`id`) VALUES ('11022');
INSERT INTO `SkillSet_skills` (`SkillSet_id`, `skills`) VALUES ('11022', 'DotNet');
INSERT INTO `Mission` (`id`, `companyName`, `shortName`, `description`, `role`, `skillSet_id`) VALUES ('11022', 'Stoh', 'Poust', '5f20e77c-53cb-40c7-afb5-af95f8ede0fc', 'SeniorSoftwareEngineer', '11022');
INSERT INTO `SkillSet` (`id`) VALUES ('11023');
INSERT INTO `SkillSet_skills` (`SkillSet_id`, `skills`) VALUES ('11023', 'Ant');
INSERT INTO `SkillSet_skills` (`SkillSet_id`, `skills`) VALUES ('11023', 'Architektur');
INSERT INTO `SkillSet_skills` (`SkillSet_id`, `skills`) VALUES ('11023', 'SQL');
INSERT INTO `SkillSet_skills` (`SkillSet_id`, `skills`) VALUES ('11023', 'Architektur');
INSERT INTO `Mission` (`id`, `companyName`, `shortName`, `description`, `role`, `skillSet_id`) VALUES ('11023', 'Autoiz', 'Auv', '773164a0-a43c-4fa2-872e-5c0edb11c87a', 'LeadSoftwareArchitect', '11023');
INSERT INTO `SkillSet` (`id`) VALUES ('11024');
INSERT INTO `SkillSet_skills` (`SkillSet_id`, `skills`) VALUES ('11024', 'Java');
INSERT INTO `SkillSet_skills` (`SkillSet_id`, `skills`) VALUES ('11024', 'DotNet');
INSERT INTO `Mission` (`id`, `companyName`, `shortName`, `description`, `role`, `skillSet_id`) VALUES ('11024', 'Lychjin', 'Dauwaiv', '9cefb890-0e33-430e-b8d8-383cb12a1e04', 'SeniorSoftwareEngineer', '11024');
INSERT INTO `SkillSet` (`id`) VALUES ('11025');
INSERT INTO `SkillSet_skills` (`SkillSet_id`, `skills`) VALUES ('11025', 'UITesting');
INSERT INTO `SkillSet_skills` (`SkillSet_id`, `skills`) VALUES ('11025', 'SQL');
INSERT INTO `Mission` (`id`, `companyName`, `shortName`, `description`, `role`, `skillSet_id`) VALUES ('11025', 'Grimosh', 'Inif', 'e0bbd5af-dc1e-4fff-be20-6669ee7f9e22', 'SoftwareEngineer', '11025');
INSERT INTO `SkillSet` (`id`) VALUES ('11026');
INSERT INTO `SkillSet_skills` (`SkillSet_id`, `skills`) VALUES ('11026', 'UITesting');
INSERT INTO `SkillSet_skills` (`SkillSet_id`, `skills`) VALUES ('11026', 'UnitTesting');
INSERT INTO `SkillSet_skills` (`SkillSet_id`, `skills`) VALUES ('11026', 'Gradle');
INSERT INTO `SkillSet_skills` (`SkillSet_id`, `skills`) VALUES ('11026', 'DotNet');
INSERT INTO `Mission` (`id`, `companyName`, `shortName`, `description`, `role`, `skillSet_id`) VALUES ('11026', 'Sil', 'Our', 'a5a41a9b-38a0-47be-9d2a-5924ae0a0329', 'LeadSoftwareArchitect', '11026');
INSERT INTO `SkillSet` (`id`) VALUES ('11027');
INSERT INTO `SkillSet_skills` (`SkillSet_id`, `skills`) VALUES ('11027', 'UITesting');
INSERT INTO `SkillSet_skills` (`SkillSet_id`, `skills`) VALUES ('11027', 'Architektur');
INSERT INTO `SkillSet_skills` (`SkillSet_id`, `skills`) VALUES ('11027', 'Maven');
INSERT INTO `Mission` (`id`, `companyName`, `shortName`, `description`, `role`, `skillSet_id`) VALUES ('11027', 'Apfib', 'Oozaz', '90ee5300-e621-477c-a89b-62ce1d8b5bb9', 'JuniorSoftwareEngineer', '11027');
INSERT INTO `SkillSet` (`id`) VALUES ('11028');
INSERT INTO `SkillSet_skills` (`SkillSet_id`, `skills`) VALUES ('11028', 'Ant');
INSERT INTO `SkillSet_skills` (`SkillSet_id`, `skills`) VALUES ('11028', 'SQL');
INSERT INTO `Mission` (`id`, `companyName`, `shortName`, `description`, `role`, `skillSet_id`) VALUES ('11028', 'Jist', 'Jinnjh', 'c2679be1-7915-4e33-a071-72a237eec3da', 'PrincipalConsultant', '11028');
INSERT INTO `SkillSet` (`id`) VALUES ('11029');
INSERT INTO `SkillSet_skills` (`SkillSet_id`, `skills`) VALUES ('11029', 'Gradle');
INSERT INTO `Mission` (`id`, `companyName`, `shortName`, `description`, `role`, `skillSet_id`) VALUES ('11029', 'Primjh', 'Shoupf', '90f66385-f6f3-4b7d-bb84-bb07810e7d95', 'PrincipalConsultant', '11029');
INSERT INTO `SkillSet` (`id`) VALUES ('11030');
INSERT INTO `SkillSet_skills` (`SkillSet_id`, `skills`) VALUES ('11030', 'Java');
INSERT INTO `SkillSet_skills` (`SkillSet_id`, `skills`) VALUES ('11030', 'UITesting');
INSERT INTO `SkillSet_skills` (`SkillSet_id`, `skills`) VALUES ('11030', 'DotNet');
INSERT INTO `SkillSet_skills` (`SkillSet_id`, `skills`) VALUES ('11030', 'Gradle');
INSERT INTO `SkillSet_skills` (`SkillSet_id`, `skills`) VALUES ('11030', 'SQL');
INSERT INTO `Mission` (`id`, `companyName`, `shortName`, `description`, `role`, `skillSet_id`) VALUES ('11030', 'Aghook', 'Utjw', '6bcaf97b-469c-4115-8c90-9383f64b45a2', 'LeadEngineer', '11030');
INSERT INTO `SkillSet` (`id`) VALUES ('11031');
INSERT INTO `SkillSet_skills` (`SkillSet_id`, `skills`) VALUES ('11031', 'UnitTesting');
INSERT INTO `SkillSet_skills` (`SkillSet_id`, `skills`) VALUES ('11031', 'Ant');
INSERT INTO `SkillSet_skills` (`SkillSet_id`, `skills`) VALUES ('11031', 'SQL');
INSERT INTO `SkillSet_skills` (`SkillSet_id`, `skills`) VALUES ('11031', 'DotNet');
INSERT INTO `Mission` (`id`, `companyName`, `shortName`, `description`, `role`, `skillSet_id`) VALUES ('11031', 'Jipuz', 'Wynt', 'd9877e10-89f3-4ccd-8d8e-73ebec4bf15f', 'LeadEngineer', '11031');
INSERT INTO `SkillSet` (`id`) VALUES ('11032');
INSERT INTO `SkillSet_skills` (`SkillSet_id`, `skills`) VALUES ('11032', 'SQL');
INSERT INTO `SkillSet_skills` (`SkillSet_id`, `skills`) VALUES ('11032', 'Java');
INSERT INTO `SkillSet_skills` (`SkillSet_id`, `skills`) VALUES ('11032', 'Maven');
INSERT INTO `SkillSet_skills` (`SkillSet_id`, `skills`) VALUES ('11032', 'UnitTesting');
INSERT INTO `Mission` (`id`, `companyName`, `shortName`, `description`, `role`, `skillSet_id`) VALUES ('11032', 'Floum', 'Jim', '7bfb19bb-1869-479b-b437-0eb0ebdb02ff', 'SoftwareEngineer', '11032');
INSERT INTO `SkillSet` (`id`) VALUES ('11033');
INSERT INTO `SkillSet_skills` (`SkillSet_id`, `skills`) VALUES ('11033', 'Ant');
INSERT INTO `SkillSet_skills` (`SkillSet_id`, `skills`) VALUES ('11033', 'SQL');
INSERT INTO `Mission` (`id`, `companyName`, `shortName`, `description`, `role`, `skillSet_id`) VALUES ('11033', 'Gjif', 'Voog', '10104328-a89a-4434-87d6-a4718756dafd', 'LeadSoftwareArchitect', '11033');
INSERT INTO `SkillSet` (`id`) VALUES ('11034');
INSERT INTO `SkillSet_skills` (`SkillSet_id`, `skills`) VALUES ('11034', 'SQL');
INSERT INTO `SkillSet_skills` (`SkillSet_id`, `skills`) VALUES ('11034', 'Java');
INSERT INTO `SkillSet_skills` (`SkillSet_id`, `skills`) VALUES ('11034', 'SQL');
INSERT INTO `SkillSet_skills` (`SkillSet_id`, `skills`) VALUES ('11034', 'Maven');
INSERT INTO `SkillSet_skills` (`SkillSet_id`, `skills`) VALUES ('11034', 'UnitTesting');
INSERT INTO `Mission` (`id`, `companyName`, `shortName`, `description`, `role`, `skillSet_id`) VALUES ('11034', 'Mew', 'Gezyst', '88021ca3-ffb0-4fa8-beb9-5ea419da9bd7', 'SeniorSoftwareEngineer', '11034');
INSERT INTO `SkillSet` (`id`) VALUES ('11035');
INSERT INTO `SkillSet_skills` (`SkillSet_id`, `skills`) VALUES ('11035', 'Gradle');
INSERT INTO `Mission` (`id`, `companyName`, `shortName`, `description`, `role`, `skillSet_id`) VALUES ('11035', 'Ouv', 'Kloor', '53a9400a-2d92-4fab-984e-6274716581b1', 'SoftwareEngineer', '11035');
INSERT INTO `SkillSet` (`id`) VALUES ('11036');
INSERT INTO `SkillSet_skills` (`SkillSet_id`, `skills`) VALUES ('11036', 'Java');
INSERT INTO `SkillSet_skills` (`SkillSet_id`, `skills`) VALUES ('11036', 'Ant');
INSERT INTO `Mission` (`id`, `companyName`, `shortName`, `description`, `role`, `skillSet_id`) VALUES ('11036', 'Jgoug', 'Steg', '2219239e-05ce-4566-934d-4ca40ca37fb3', 'JuniorSoftwareEngineer', '11036');
INSERT INTO `SkillSet` (`id`) VALUES ('11037');
INSERT INTO `SkillSet_skills` (`SkillSet_id`, `skills`) VALUES ('11037', 'Java');
INSERT INTO `SkillSet_skills` (`SkillSet_id`, `skills`) VALUES ('11037', 'DotNet');
INSERT INTO `SkillSet_skills` (`SkillSet_id`, `skills`) VALUES ('11037', 'Architektur');
INSERT INTO `SkillSet_skills` (`SkillSet_id`, `skills`) VALUES ('11037', 'UnitTesting');
INSERT INTO `Mission` (`id`, `companyName`, `shortName`, `description`, `role`, `skillSet_id`) VALUES ('11037', 'Kloosh', 'Roostuh', '4aca4732-011e-4248-b20f-8ffd8bdb19e9', 'SeniorSoftwareEngineer', '11037');
INSERT INTO `SkillSet` (`id`) VALUES ('11038');
INSERT INTO `SkillSet_skills` (`SkillSet_id`, `skills`) VALUES ('11038', 'SQL');
INSERT INTO `SkillSet_skills` (`SkillSet_id`, `skills`) VALUES ('11038', 'Ant');
INSERT INTO `SkillSet_skills` (`SkillSet_id`, `skills`) VALUES ('11038', 'DotNet');
INSERT INTO `SkillSet_skills` (`SkillSet_id`, `skills`) VALUES ('11038', 'Gradle');
INSERT INTO `Mission` (`id`, `companyName`, `shortName`, `description`, `role`, `skillSet_id`) VALUES ('11038', 'Astuv', 'Yr', '051c75ae-5451-49cc-9600-7a3853b37a54', 'SoftwareEngineer', '11038');
INSERT INTO `SkillSet` (`id`) VALUES ('11039');
INSERT INTO `SkillSet_skills` (`SkillSet_id`, `skills`) VALUES ('11039', 'UnitTesting');
INSERT INTO `SkillSet_skills` (`SkillSet_id`, `skills`) VALUES ('11039', 'SQL');
INSERT INTO `SkillSet_skills` (`SkillSet_id`, `skills`) VALUES ('11039', 'DotNet');
INSERT INTO `Mission` (`id`, `companyName`, `shortName`, `description`, `role`, `skillSet_id`) VALUES ('11039', 'Saugab', 'Aiss', '978fe22f-d88f-4b48-b4fc-91af281d80fc', 'JuniorSoftwareEngineer', '11039');
INSERT INTO `SkillSet` (`id`) VALUES ('11040');
INSERT INTO `SkillSet_skills` (`SkillSet_id`, `skills`) VALUES ('11040', 'Ant');
INSERT INTO `SkillSet_skills` (`SkillSet_id`, `skills`) VALUES ('11040', 'Java');
INSERT INTO `Mission` (`id`, `companyName`, `shortName`, `description`, `role`, `skillSet_id`) VALUES ('11040', 'Tjib', 'Outheich', '9fd44080-642a-4a5f-bead-5fb365d14600', 'JuniorSoftwareEngineer', '11040');
INSERT INTO `SkillSet` (`id`) VALUES ('11041');
INSERT INTO `SkillSet_skills` (`SkillSet_id`, `skills`) VALUES ('11041', 'Architektur');
INSERT INTO `SkillSet_skills` (`SkillSet_id`, `skills`) VALUES ('11041', 'Ant');
INSERT INTO `SkillSet_skills` (`SkillSet_id`, `skills`) VALUES ('11041', 'Ant');
INSERT INTO `SkillSet_skills` (`SkillSet_id`, `skills`) VALUES ('11041', 'DotNet');
INSERT INTO `Mission` (`id`, `companyName`, `shortName`, `description`, `role`, `skillSet_id`) VALUES ('11041', 'Jimouz', 'Rjitt', '99010590-a834-4d04-bfa0-fdade81e2953', 'PrincipalConsultant', '11041');
INSERT INTO `SkillSet` (`id`) VALUES ('11042');
INSERT INTO `SkillSet_skills` (`SkillSet_id`, `skills`) VALUES ('11042', 'UITesting');
INSERT INTO `SkillSet_skills` (`SkillSet_id`, `skills`) VALUES ('11042', 'Architektur');
INSERT INTO `SkillSet_skills` (`SkillSet_id`, `skills`) VALUES ('11042', 'Architektur');
INSERT INTO `SkillSet_skills` (`SkillSet_id`, `skills`) VALUES ('11042', 'Gradle');
INSERT INTO `SkillSet_skills` (`SkillSet_id`, `skills`) VALUES ('11042', 'Ant');
INSERT INTO `Mission` (`id`, `companyName`, `shortName`, `description`, `role`, `skillSet_id`) VALUES ('11042', 'Xoub', 'Ynn', '9e213104-7ced-43e3-bca7-e2cae2c10871', 'SeniorSoftwareEngineer', '11042');
INSERT INTO `SkillSet` (`id`) VALUES ('11043');
INSERT INTO `SkillSet_skills` (`SkillSet_id`, `skills`) VALUES ('11043', 'SQL');
INSERT INTO `SkillSet_skills` (`SkillSet_id`, `skills`) VALUES ('11043', 'DotNet');
INSERT INTO `SkillSet_skills` (`SkillSet_id`, `skills`) VALUES ('11043', 'Java');
INSERT INTO `SkillSet_skills` (`SkillSet_id`, `skills`) VALUES ('11043', 'DotNet');
INSERT INTO `SkillSet_skills` (`SkillSet_id`, `skills`) VALUES ('11043', 'Java');
INSERT INTO `Mission` (`id`, `companyName`, `shortName`, `description`, `role`, `skillSet_id`) VALUES ('11043', 'Groik', 'Djim', 'b84a8133-2f69-461b-a379-87e076379e46', 'SeniorSoftwareEngineer', '11043');
INSERT INTO `SkillSet` (`id`) VALUES ('11044');
INSERT INTO `SkillSet_skills` (`SkillSet_id`, `skills`) VALUES ('11044', 'Gradle');
INSERT INTO `Mission` (`id`, `companyName`, `shortName`, `description`, `role`, `skillSet_id`) VALUES ('11044', 'Steiz', 'Oonjif', '713bfb60-d4b7-45b9-9f1b-5744009ebd1b', 'JuniorSoftwareEngineer', '11044');
INSERT INTO `SkillSet` (`id`) VALUES ('11045');
INSERT INTO `SkillSet_skills` (`SkillSet_id`, `skills`) VALUES ('11045', 'Maven');
INSERT INTO `Mission` (`id`, `companyName`, `shortName`, `description`, `role`, `skillSet_id`) VALUES ('11045', 'Flisaish', 'Nyg', '10f2fa88-7559-4d90-a659-eb21b86d4d72', 'SoftwareEngineer', '11045');
INSERT INTO `SkillSet` (`id`) VALUES ('11046');
INSERT INTO `SkillSet_skills` (`SkillSet_id`, `skills`) VALUES ('11046', 'Java');
INSERT INTO `SkillSet_skills` (`SkillSet_id`, `skills`) VALUES ('11046', 'Gradle');
INSERT INTO `Mission` (`id`, `companyName`, `shortName`, `description`, `role`, `skillSet_id`) VALUES ('11046', 'Reim', 'Klest', '318c412b-7956-4096-976b-f74ecaf923ee', 'LeadEngineer', '11046');
INSERT INTO `SkillSet` (`id`) VALUES ('11047');
INSERT INTO `SkillSet_skills` (`SkillSet_id`, `skills`) VALUES ('11047', 'Java');
INSERT INTO `SkillSet_skills` (`SkillSet_id`, `skills`) VALUES ('11047', 'SQL');
INSERT INTO `Mission` (`id`, `companyName`, `shortName`, `description`, `role`, `skillSet_id`) VALUES ('11047', 'Enn', 'Saipf', 'fca90055-81b4-4c84-8737-cab5f88151a7', 'JuniorSoftwareEngineer', '11047');
INSERT INTO `SkillSet` (`id`) VALUES ('11048');
INSERT INTO `SkillSet_skills` (`SkillSet_id`, `skills`) VALUES ('11048', 'UnitTesting');
INSERT INTO `SkillSet_skills` (`SkillSet_id`, `skills`) VALUES ('11048', 'Maven');
INSERT INTO `SkillSet_skills` (`SkillSet_id`, `skills`) VALUES ('11048', 'SQL');
INSERT INTO `Mission` (`id`, `companyName`, `shortName`, `description`, `role`, `skillSet_id`) VALUES ('11048', 'Er', 'Ygh', 'eac2ba63-9606-4639-8426-59f1f3bb9dc6', 'JuniorSoftwareEngineer', '11048');
INSERT INTO `SkillSet` (`id`) VALUES ('11049');
INSERT INTO `SkillSet_skills` (`SkillSet_id`, `skills`) VALUES ('11049', 'SQL');
INSERT INTO `SkillSet_skills` (`SkillSet_id`, `skills`) VALUES ('11049', 'Gradle');
INSERT INTO `SkillSet_skills` (`SkillSet_id`, `skills`) VALUES ('11049', 'SQL');
INSERT INTO `SkillSet_skills` (`SkillSet_id`, `skills`) VALUES ('11049', 'Maven');
INSERT INTO `SkillSet_skills` (`SkillSet_id`, `skills`) VALUES ('11049', 'UnitTesting');
INSERT INTO `Mission` (`id`, `companyName`, `shortName`, `description`, `role`, `skillSet_id`) VALUES ('11049', 'Epfeigh', 'Ig', 'bbb0fee5-43bb-4ba9-9210-cd26eda4004f', 'LeadEngineer', '11049');
INSERT INTO `SkillSet` (`id`) VALUES ('11050');
INSERT INTO `SkillSet_skills` (`SkillSet_id`, `skills`) VALUES ('11050', 'SQL');
INSERT INTO `SkillSet_skills` (`SkillSet_id`, `skills`) VALUES ('11050', 'Maven');
INSERT INTO `SkillSet_skills` (`SkillSet_id`, `skills`) VALUES ('11050', 'UnitTesting');
INSERT INTO `SkillSet_skills` (`SkillSet_id`, `skills`) VALUES ('11050', 'Java');
INSERT INTO `Mission` (`id`, `companyName`, `shortName`, `description`, `role`, `skillSet_id`) VALUES ('11050', 'Qed', 'Prauz', '24792c82-8a70-45b3-96d9-880ae4cf5094', 'LeadEngineer', '11050');
INSERT INTO `SkillSet` (`id`) VALUES ('11051');
INSERT INTO `SkillSet_skills` (`SkillSet_id`, `skills`) VALUES ('11051', 'Architektur');
INSERT INTO `SkillSet_skills` (`SkillSet_id`, `skills`) VALUES ('11051', 'Java');
INSERT INTO `Mission` (`id`, `companyName`, `shortName`, `description`, `role`, `skillSet_id`) VALUES ('11051', 'Uweiz', 'Ut', '5fd19429-6dcd-49a1-a1ee-5cee85e0b594', 'PrincipalConsultant', '11051');
INSERT INTO `SkillSet` (`id`) VALUES ('11052');
INSERT INTO `SkillSet_skills` (`SkillSet_id`, `skills`) VALUES ('11052', 'Maven');
INSERT INTO `SkillSet_skills` (`SkillSet_id`, `skills`) VALUES ('11052', 'UnitTesting');
INSERT INTO `SkillSet_skills` (`SkillSet_id`, `skills`) VALUES ('11052', 'Maven');
INSERT INTO `Mission` (`id`, `companyName`, `shortName`, `description`, `role`, `skillSet_id`) VALUES ('11052', 'Flaishjm', 'Athaib', '68e9be31-a57a-4cab-a7a2-baf443512bcd', 'SeniorSoftwareEngineer', '11052');
INSERT INTO `SkillSet` (`id`) VALUES ('11053');
INSERT INTO `SkillSet_skills` (`SkillSet_id`, `skills`) VALUES ('11053', 'UITesting');
INSERT INTO `SkillSet_skills` (`SkillSet_id`, `skills`) VALUES ('11053', 'Ant');
INSERT INTO `Mission` (`id`, `companyName`, `shortName`, `description`, `role`, `skillSet_id`) VALUES ('11053', 'Lopoir', 'Ennam', '65c1356b-4f8b-4bde-824b-fb20d7971576', 'PrincipalConsultant', '11053');
INSERT INTO `SkillSet` (`id`) VALUES ('11054');
INSERT INTO `SkillSet_skills` (`SkillSet_id`, `skills`) VALUES ('11054', 'Ant');
INSERT INTO `SkillSet_skills` (`SkillSet_id`, `skills`) VALUES ('11054', 'UITesting');
INSERT INTO `SkillSet_skills` (`SkillSet_id`, `skills`) VALUES ('11054', 'Gradle');
INSERT INTO `SkillSet_skills` (`SkillSet_id`, `skills`) VALUES ('11054', 'Architektur');
INSERT INTO `SkillSet_skills` (`SkillSet_id`, `skills`) VALUES ('11054', 'Java');
INSERT INTO `Mission` (`id`, `companyName`, `shortName`, `description`, `role`, `skillSet_id`) VALUES ('11054', 'Jishyd', 'Bloiw', '7090b893-55f1-4c97-afa2-fb31c8fd4441', 'LeadSoftwareArchitect', '11054');
INSERT INTO `SkillSet` (`id`) VALUES ('11055');
INSERT INTO `SkillSet_skills` (`SkillSet_id`, `skills`) VALUES ('11055', 'Gradle');
INSERT INTO `SkillSet_skills` (`SkillSet_id`, `skills`) VALUES ('11055', 'Ant');
INSERT INTO `SkillSet_skills` (`SkillSet_id`, `skills`) VALUES ('11055', 'SQL');
INSERT INTO `Mission` (`id`, `companyName`, `shortName`, `description`, `role`, `skillSet_id`) VALUES ('11055', 'Choistan', 'Oigh', '8ec5d56e-acea-4a7e-a441-53cc190b50f9', 'JuniorSoftwareEngineer', '11055');
INSERT INTO `SkillSet` (`id`) VALUES ('11056');
INSERT INTO `SkillSet_skills` (`SkillSet_id`, `skills`) VALUES ('11056', 'DotNet');
INSERT INTO `SkillSet_skills` (`SkillSet_id`, `skills`) VALUES ('11056', 'Java');
INSERT INTO `SkillSet_skills` (`SkillSet_id`, `skills`) VALUES ('11056', 'Architektur');
INSERT INTO `Mission` (`id`, `companyName`, `shortName`, `description`, `role`, `skillSet_id`) VALUES ('11056', 'Iw', 'Eib', '5897512d-7091-49b7-99bd-9081c10f1333', 'PrincipalConsultant', '11056');
INSERT INTO `SkillSet` (`id`) VALUES ('11057');
INSERT INTO `SkillSet_skills` (`SkillSet_id`, `skills`) VALUES ('11057', 'SQL');
INSERT INTO `SkillSet_skills` (`SkillSet_id`, `skills`) VALUES ('11057', 'Ant');
INSERT INTO `Mission` (`id`, `companyName`, `shortName`, `description`, `role`, `skillSet_id`) VALUES ('11057', 'Wjp', 'Steish', '029b6434-8aae-4e05-8c4c-c9562c68d46e', 'JuniorSoftwareEngineer', '11057');
INSERT INTO `SkillSet` (`id`) VALUES ('11058');
INSERT INTO `SkillSet_skills` (`SkillSet_id`, `skills`) VALUES ('11058', 'Gradle');
INSERT INTO `SkillSet_skills` (`SkillSet_id`, `skills`) VALUES ('11058', 'DotNet');
INSERT INTO `SkillSet_skills` (`SkillSet_id`, `skills`) VALUES ('11058', 'Ant');
INSERT INTO `Mission` (`id`, `companyName`, `shortName`, `description`, `role`, `skillSet_id`) VALUES ('11058', 'Syw', 'Sunt', '4263bd98-200f-4a47-95c0-df09d7dbc7f3', 'SoftwareEngineer', '11058');
INSERT INTO `SkillSet` (`id`) VALUES ('11059');
INSERT INTO `SkillSet_skills` (`SkillSet_id`, `skills`) VALUES ('11059', 'Ant');
INSERT INTO `SkillSet_skills` (`SkillSet_id`, `skills`) VALUES ('11059', 'SQL');
INSERT INTO `SkillSet_skills` (`SkillSet_id`, `skills`) VALUES ('11059', 'UITesting');
INSERT INTO `Mission` (`id`, `companyName`, `shortName`, `description`, `role`, `skillSet_id`) VALUES ('11059', 'Itt', 'Gjiroit', '811aa980-0654-4fbb-8b89-2d6839eca24d', 'JuniorSoftwareEngineer', '11059');
INSERT INTO `SkillSet` (`id`) VALUES ('11060');
INSERT INTO `SkillSet_skills` (`SkillSet_id`, `skills`) VALUES ('11060', 'Java');
INSERT INTO `SkillSet_skills` (`SkillSet_id`, `skills`) VALUES ('11060', 'Ant');
INSERT INTO `SkillSet_skills` (`SkillSet_id`, `skills`) VALUES ('11060', 'SQL');
INSERT INTO `SkillSet_skills` (`SkillSet_id`, `skills`) VALUES ('11060', 'DotNet');
INSERT INTO `SkillSet_skills` (`SkillSet_id`, `skills`) VALUES ('11060', 'UnitTesting');
INSERT INTO `Mission` (`id`, `companyName`, `shortName`, `description`, `role`, `skillSet_id`) VALUES ('11060', 'Peiss', 'Voih', '765eab40-add2-4532-b698-e3ac8f0b76a9', 'LeadSoftwareArchitect', '11060');
INSERT INTO `SkillSet` (`id`) VALUES ('11061');
INSERT INTO `SkillSet_skills` (`SkillSet_id`, `skills`) VALUES ('11061', 'DotNet');
INSERT INTO `SkillSet_skills` (`SkillSet_id`, `skills`) VALUES ('11061', 'Architektur');
INSERT INTO `SkillSet_skills` (`SkillSet_id`, `skills`) VALUES ('11061', 'Ant');
INSERT INTO `SkillSet_skills` (`SkillSet_id`, `skills`) VALUES ('11061', 'Architektur');
INSERT INTO `Mission` (`id`, `companyName`, `shortName`, `description`, `role`, `skillSet_id`) VALUES ('11061', 'Brauttjnn', 'Huz', 'de9b81d6-6af9-43ed-ac9b-10d994288a12', 'SeniorSoftwareEngineer', '11061');
INSERT INTO `SkillSet` (`id`) VALUES ('11062');
INSERT INTO `SkillSet_skills` (`SkillSet_id`, `skills`) VALUES ('11062', 'DotNet');
INSERT INTO `Mission` (`id`, `companyName`, `shortName`, `description`, `role`, `skillSet_id`) VALUES ('11062', 'Cozigh', 'Enjw', 'fed99061-9191-4532-8f97-93377299a0bc', 'LeadSoftwareArchitect', '11062');
INSERT INTO `SkillSet` (`id`) VALUES ('11063');
INSERT INTO `SkillSet_skills` (`SkillSet_id`, `skills`) VALUES ('11063', 'Maven');
INSERT INTO `SkillSet_skills` (`SkillSet_id`, `skills`) VALUES ('11063', 'UITesting');
INSERT INTO `SkillSet_skills` (`SkillSet_id`, `skills`) VALUES ('11063', 'UITesting');
INSERT INTO `SkillSet_skills` (`SkillSet_id`, `skills`) VALUES ('11063', 'UITesting');
INSERT INTO `SkillSet_skills` (`SkillSet_id`, `skills`) VALUES ('11063', 'Java');
INSERT INTO `Mission` (`id`, `companyName`, `shortName`, `description`, `role`, `skillSet_id`) VALUES ('11063', 'Oon', 'Lih', 'b945d549-8246-4915-baf7-b9f42868b8a3', 'PrincipalConsultant', '11063');
INSERT INTO `SkillSet` (`id`) VALUES ('11064');
INSERT INTO `SkillSet_skills` (`SkillSet_id`, `skills`) VALUES ('11064', 'Maven');
INSERT INTO `SkillSet_skills` (`SkillSet_id`, `skills`) VALUES ('11064', 'Maven');
INSERT INTO `SkillSet_skills` (`SkillSet_id`, `skills`) VALUES ('11064', 'Maven');
INSERT INTO `SkillSet_skills` (`SkillSet_id`, `skills`) VALUES ('11064', 'DotNet');
INSERT INTO `Mission` (`id`, `companyName`, `shortName`, `description`, `role`, `skillSet_id`) VALUES ('11064', 'Jinn', 'Iw', '52d4d978-b4a8-4dda-bdde-9789248ca6d5', 'LeadSoftwareArchitect', '11064');
INSERT INTO `SkillSet` (`id`) VALUES ('11065');
INSERT INTO `SkillSet_skills` (`SkillSet_id`, `skills`) VALUES ('11065', 'Java');
INSERT INTO `Mission` (`id`, `companyName`, `shortName`, `description`, `role`, `skillSet_id`) VALUES ('11065', 'Irouf', 'Kych', '0beafbda-0dd1-42f7-95f2-e2b35f583c4a', 'LeadSoftwareArchitect', '11065');
INSERT INTO `SkillSet` (`id`) VALUES ('11066');
INSERT INTO `SkillSet_skills` (`SkillSet_id`, `skills`) VALUES ('11066', 'DotNet');
INSERT INTO `SkillSet_skills` (`SkillSet_id`, `skills`) VALUES ('11066', 'Maven');
INSERT INTO `Mission` (`id`, `companyName`, `shortName`, `description`, `role`, `skillSet_id`) VALUES ('11066', 'Tjimjn', 'Choid', 'a97fe04b-79b2-4649-8ba7-7ab453e03620', 'SeniorSoftwareEngineer', '11066');
INSERT INTO `SkillSet` (`id`) VALUES ('11067');
INSERT INTO `SkillSet_skills` (`SkillSet_id`, `skills`) VALUES ('11067', 'SQL');
INSERT INTO `SkillSet_skills` (`SkillSet_id`, `skills`) VALUES ('11067', 'UITesting');
INSERT INTO `SkillSet_skills` (`SkillSet_id`, `skills`) VALUES ('11067', 'Java');
INSERT INTO `Mission` (`id`, `companyName`, `shortName`, `description`, `role`, `skillSet_id`) VALUES ('11067', 'Aizoim', 'Veiwaut', '9ad6e63b-551b-41d0-a997-cfaf0c586e77', 'LeadSoftwareArchitect', '11067');
INSERT INTO `SkillSet` (`id`) VALUES ('11068');
INSERT INTO `SkillSet_skills` (`SkillSet_id`, `skills`) VALUES ('11068', 'Gradle');
INSERT INTO `SkillSet_skills` (`SkillSet_id`, `skills`) VALUES ('11068', 'UITesting');
INSERT INTO `Mission` (`id`, `companyName`, `shortName`, `description`, `role`, `skillSet_id`) VALUES ('11068', 'Ois', 'Aupeif', 'a141a853-d954-43f8-b715-247c137736ba', 'SoftwareEngineer', '11068');
INSERT INTO `SkillSet` (`id`) VALUES ('11069');
INSERT INTO `SkillSet_skills` (`SkillSet_id`, `skills`) VALUES ('11069', 'UITesting');
INSERT INTO `SkillSet_skills` (`SkillSet_id`, `skills`) VALUES ('11069', 'Gradle');
INSERT INTO `SkillSet_skills` (`SkillSet_id`, `skills`) VALUES ('11069', 'UnitTesting');
INSERT INTO `SkillSet_skills` (`SkillSet_id`, `skills`) VALUES ('11069', 'SQL');
INSERT INTO `Mission` (`id`, `companyName`, `shortName`, `description`, `role`, `skillSet_id`) VALUES ('11069', 'Oid', 'Oolus', 'b0dd77d2-6027-4dd4-bd02-c50f33959fad', 'SeniorSoftwareEngineer', '11069');
INSERT INTO `SkillSet` (`id`) VALUES ('11070');
INSERT INTO `SkillSet_skills` (`SkillSet_id`, `skills`) VALUES ('11070', 'Maven');
INSERT INTO `SkillSet_skills` (`SkillSet_id`, `skills`) VALUES ('11070', 'Maven');
INSERT INTO `SkillSet_skills` (`SkillSet_id`, `skills`) VALUES ('11070', 'Gradle');
INSERT INTO `Mission` (`id`, `companyName`, `shortName`, `description`, `role`, `skillSet_id`) VALUES ('11070', 'Zoghouz', 'Jim', 'b52c4322-4e98-4e2d-b109-ca6b2fa3b02d', 'PrincipalConsultant', '11070');
INSERT INTO `SkillSet` (`id`) VALUES ('11071');
INSERT INTO `SkillSet_skills` (`SkillSet_id`, `skills`) VALUES ('11071', 'UITesting');
INSERT INTO `SkillSet_skills` (`SkillSet_id`, `skills`) VALUES ('11071', 'UnitTesting');
INSERT INTO `SkillSet_skills` (`SkillSet_id`, `skills`) VALUES ('11071', 'SQL');
INSERT INTO `SkillSet_skills` (`SkillSet_id`, `skills`) VALUES ('11071', 'Java');
INSERT INTO `Mission` (`id`, `companyName`, `shortName`, `description`, `role`, `skillSet_id`) VALUES ('11071', 'Il', 'Breish', '9baafe04-7f6f-4b3a-b4ca-4c097d106341', 'JuniorSoftwareEngineer', '11071');
INSERT INTO `SkillSet` (`id`) VALUES ('11072');
INSERT INTO `SkillSet_skills` (`SkillSet_id`, `skills`) VALUES ('11072', 'UITesting');
INSERT INTO `Mission` (`id`, `companyName`, `shortName`, `description`, `role`, `skillSet_id`) VALUES ('11072', 'Ljr', 'Our', '57116016-9a8d-4609-9aff-65ae2ae8ecaa', 'SoftwareEngineer', '11072');
INSERT INTO `SkillSet` (`id`) VALUES ('11073');
INSERT INTO `SkillSet_skills` (`SkillSet_id`, `skills`) VALUES ('11073', 'SQL');
INSERT INTO `Mission` (`id`, `companyName`, `shortName`, `description`, `role`, `skillSet_id`) VALUES ('11073', 'Brynoish', 'Ookjch', 'd9f5c522-e48e-4b0d-a8f9-7d117f20c403', 'JuniorSoftwareEngineer', '11073');
INSERT INTO `SkillSet` (`id`) VALUES ('11074');
INSERT INTO `SkillSet_skills` (`SkillSet_id`, `skills`) VALUES ('11074', 'DotNet');
INSERT INTO `Mission` (`id`, `companyName`, `shortName`, `description`, `role`, `skillSet_id`) VALUES ('11074', 'Uwjith', 'Itt', '1936e4e6-e6f0-4594-98a0-fc27137489ee', 'SoftwareEngineer', '11074');
INSERT INTO `SkillSet` (`id`) VALUES ('11075');
INSERT INTO `SkillSet_skills` (`SkillSet_id`, `skills`) VALUES ('11075', 'UITesting');
INSERT INTO `Mission` (`id`, `companyName`, `shortName`, `description`, `role`, `skillSet_id`) VALUES ('11075', 'Aittooh', 'Prauvaib', '46154c13-267b-4f25-a640-4be7a9cc13a5', 'LeadSoftwareArchitect', '11075');
INSERT INTO `SkillSet` (`id`) VALUES ('11076');
INSERT INTO `SkillSet_skills` (`SkillSet_id`, `skills`) VALUES ('11076', 'Ant');
INSERT INTO `Mission` (`id`, `companyName`, `shortName`, `description`, `role`, `skillSet_id`) VALUES ('11076', 'Libor', 'Ew', '2b1e1873-7b39-4f06-b102-27101071d136', 'SeniorSoftwareEngineer', '11076');
INSERT INTO `SkillSet` (`id`) VALUES ('11077');
INSERT INTO `SkillSet_skills` (`SkillSet_id`, `skills`) VALUES ('11077', 'DotNet');
INSERT INTO `SkillSet_skills` (`SkillSet_id`, `skills`) VALUES ('11077', 'Ant');
INSERT INTO `SkillSet_skills` (`SkillSet_id`, `skills`) VALUES ('11077', 'UnitTesting');
INSERT INTO `SkillSet_skills` (`SkillSet_id`, `skills`) VALUES ('11077', 'SQL');
INSERT INTO `SkillSet_skills` (`SkillSet_id`, `skills`) VALUES ('11077', 'SQL');
INSERT INTO `Mission` (`id`, `companyName`, `shortName`, `description`, `role`, `skillSet_id`) VALUES ('11077', 'Blih', 'Epag', 'daeb2b69-7bef-4220-af72-886c5409d1b7', 'LeadEngineer', '11077');
INSERT INTO `SkillSet` (`id`) VALUES ('11078');
INSERT INTO `SkillSet_skills` (`SkillSet_id`, `skills`) VALUES ('11078', 'DotNet');
INSERT INTO `SkillSet_skills` (`SkillSet_id`, `skills`) VALUES ('11078', 'Architektur');
INSERT INTO `SkillSet_skills` (`SkillSet_id`, `skills`) VALUES ('11078', 'Java');
INSERT INTO `SkillSet_skills` (`SkillSet_id`, `skills`) VALUES ('11078', 'UITesting');
INSERT INTO `Mission` (`id`, `companyName`, `shortName`, `description`, `role`, `skillSet_id`) VALUES ('11078', 'Eb', 'Ybjn', 'cc4ee3b4-1ff8-4972-8f13-d41dfa21afab', 'PrincipalConsultant', '11078');
INSERT INTO `SkillSet` (`id`) VALUES ('11079');
INSERT INTO `SkillSet_skills` (`SkillSet_id`, `skills`) VALUES ('11079', 'DotNet');
INSERT INTO `SkillSet_skills` (`SkillSet_id`, `skills`) VALUES ('11079', 'Gradle');
INSERT INTO `SkillSet_skills` (`SkillSet_id`, `skills`) VALUES ('11079', 'UnitTesting');
INSERT INTO `Mission` (`id`, `companyName`, `shortName`, `description`, `role`, `skillSet_id`) VALUES ('11079', 'Gretost', 'Chust', '2836e0b8-6b06-43ba-82bc-ade979d2d2f3', 'SeniorSoftwareEngineer', '11079');
INSERT INTO `SkillSet` (`id`) VALUES ('11080');
INSERT INTO `SkillSet_skills` (`SkillSet_id`, `skills`) VALUES ('11080', 'UITesting');
INSERT INTO `SkillSet_skills` (`SkillSet_id`, `skills`) VALUES ('11080', 'Maven');
INSERT INTO `Mission` (`id`, `companyName`, `shortName`, `description`, `role`, `skillSet_id`) VALUES ('11080', 'Bleig', 'Touzih', 'a517c27e-1b60-4bba-8096-49df3782cee1', 'SoftwareEngineer', '11080');
INSERT INTO `SkillSet` (`id`) VALUES ('11081');
INSERT INTO `SkillSet_skills` (`SkillSet_id`, `skills`) VALUES ('11081', 'UnitTesting');
INSERT INTO `SkillSet_skills` (`SkillSet_id`, `skills`) VALUES ('11081', 'Architektur');
INSERT INTO `Mission` (`id`, `companyName`, `shortName`, `description`, `role`, `skillSet_id`) VALUES ('11081', 'Ogjs', 'Uthauw', 'be8992d6-902a-4347-9844-fbfa5bc9b18b', 'LeadEngineer', '11081');
INSERT INTO `SkillSet` (`id`) VALUES ('11082');
INSERT INTO `SkillSet_skills` (`SkillSet_id`, `skills`) VALUES ('11082', 'Gradle');
INSERT INTO `SkillSet_skills` (`SkillSet_id`, `skills`) VALUES ('11082', 'Architektur');
INSERT INTO `Mission` (`id`, `companyName`, `shortName`, `description`, `role`, `skillSet_id`) VALUES ('11082', 'Eintauss', 'Jipfoust', '50a46322-c823-4c1f-b540-c189f1420e2e', 'PrincipalConsultant', '11082');
INSERT INTO `SkillSet` (`id`) VALUES ('11083');
INSERT INTO `SkillSet_skills` (`SkillSet_id`, `skills`) VALUES ('11083', 'Ant');
INSERT INTO `Mission` (`id`, `companyName`, `shortName`, `description`, `role`, `skillSet_id`) VALUES ('11083', 'Cun', 'Ous', 'b1be28b5-1702-461b-a797-92376690d04f', 'LeadSoftwareArchitect', '11083');
INSERT INTO `SkillSet` (`id`) VALUES ('11084');
INSERT INTO `SkillSet_skills` (`SkillSet_id`, `skills`) VALUES ('11084', 'Java');
INSERT INTO `SkillSet_skills` (`SkillSet_id`, `skills`) VALUES ('11084', 'SQL');
INSERT INTO `SkillSet_skills` (`SkillSet_id`, `skills`) VALUES ('11084', 'Ant');
INSERT INTO `Mission` (`id`, `companyName`, `shortName`, `description`, `role`, `skillSet_id`) VALUES ('11084', 'Auch', 'Aigh', '1c62512f-f220-485b-8808-01dc1965405c', 'JuniorSoftwareEngineer', '11084');
INSERT INTO `SkillSet` (`id`) VALUES ('11085');
INSERT INTO `SkillSet_skills` (`SkillSet_id`, `skills`) VALUES ('11085', 'Gradle');
INSERT INTO `SkillSet_skills` (`SkillSet_id`, `skills`) VALUES ('11085', 'Java');
INSERT INTO `Mission` (`id`, `companyName`, `shortName`, `description`, `role`, `skillSet_id`) VALUES ('11085', 'Op', 'Ship', '93486ffd-5189-4845-8345-6a74bd63f601', 'LeadSoftwareArchitect', '11085');
INSERT INTO `SkillSet` (`id`) VALUES ('11086');
INSERT INTO `SkillSet_skills` (`SkillSet_id`, `skills`) VALUES ('11086', 'SQL');
INSERT INTO `SkillSet_skills` (`SkillSet_id`, `skills`) VALUES ('11086', 'DotNet');
INSERT INTO `SkillSet_skills` (`SkillSet_id`, `skills`) VALUES ('11086', 'DotNet');
INSERT INTO `SkillSet_skills` (`SkillSet_id`, `skills`) VALUES ('11086', 'Maven');
INSERT INTO `Mission` (`id`, `companyName`, `shortName`, `description`, `role`, `skillSet_id`) VALUES ('11086', 'Xupfooz', 'Goil', 'd1542b95-69b4-434a-8426-17f6476f23a4', 'SoftwareEngineer', '11086');
INSERT INTO `SkillSet` (`id`) VALUES ('11087');
INSERT INTO `SkillSet_skills` (`SkillSet_id`, `skills`) VALUES ('11087', 'UITesting');
INSERT INTO `SkillSet_skills` (`SkillSet_id`, `skills`) VALUES ('11087', 'Java');
INSERT INTO `SkillSet_skills` (`SkillSet_id`, `skills`) VALUES ('11087', 'DotNet');
INSERT INTO `Mission` (`id`, `companyName`, `shortName`, `description`, `role`, `skillSet_id`) VALUES ('11087', 'Echash', 'Oih', 'db249af9-7d49-4e57-b9fd-85741ed6ef4f', 'JuniorSoftwareEngineer', '11087');
INSERT INTO `SkillSet` (`id`) VALUES ('11088');
INSERT INTO `SkillSet_skills` (`SkillSet_id`, `skills`) VALUES ('11088', 'Ant');
INSERT INTO `SkillSet_skills` (`SkillSet_id`, `skills`) VALUES ('11088', 'Maven');
INSERT INTO `SkillSet_skills` (`SkillSet_id`, `skills`) VALUES ('11088', 'Gradle');
INSERT INTO `SkillSet_skills` (`SkillSet_id`, `skills`) VALUES ('11088', 'Maven');
INSERT INTO `SkillSet_skills` (`SkillSet_id`, `skills`) VALUES ('11088', 'Java');
INSERT INTO `Mission` (`id`, `companyName`, `shortName`, `description`, `role`, `skillSet_id`) VALUES ('11088', 'Alapf', 'Mamust', '414809b0-69c3-466d-9fc0-2a438685cc6e', 'LeadSoftwareArchitect', '11088');
INSERT INTO `SkillSet` (`id`) VALUES ('11089');
INSERT INTO `SkillSet_skills` (`SkillSet_id`, `skills`) VALUES ('11089', 'SQL');
INSERT INTO `SkillSet_skills` (`SkillSet_id`, `skills`) VALUES ('11089', 'DotNet');
INSERT INTO `SkillSet_skills` (`SkillSet_id`, `skills`) VALUES ('11089', 'DotNet');
INSERT INTO `SkillSet_skills` (`SkillSet_id`, `skills`) VALUES ('11089', 'Ant');
INSERT INTO `Mission` (`id`, `companyName`, `shortName`, `description`, `role`, `skillSet_id`) VALUES ('11089', 'Ivaud', 'Loop', '4fdb89f5-8c62-4713-9a11-548b9365e72d', 'JuniorSoftwareEngineer', '11089');
INSERT INTO `SkillSet` (`id`) VALUES ('11090');
INSERT INTO `SkillSet_skills` (`SkillSet_id`, `skills`) VALUES ('11090', 'SQL');
INSERT INTO `SkillSet_skills` (`SkillSet_id`, `skills`) VALUES ('11090', 'DotNet');
INSERT INTO `Mission` (`id`, `companyName`, `shortName`, `description`, `role`, `skillSet_id`) VALUES ('11090', 'Evjib', 'Afaugh', 'de2ee181-0e72-4c5a-b2b3-a723ba920a80', 'SeniorSoftwareEngineer', '11090');
INSERT INTO `SkillSet` (`id`) VALUES ('11091');
INSERT INTO `SkillSet_skills` (`SkillSet_id`, `skills`) VALUES ('11091', 'Maven');
INSERT INTO `Mission` (`id`, `companyName`, `shortName`, `description`, `role`, `skillSet_id`) VALUES ('11091', 'Ustul', 'Ughaich', 'f65ec56d-5ea8-44e1-9f7c-709c64e22275', 'LeadEngineer', '11091');
INSERT INTO `SkillSet` (`id`) VALUES ('11092');
INSERT INTO `SkillSet_skills` (`SkillSet_id`, `skills`) VALUES ('11092', 'SQL');
INSERT INTO `SkillSet_skills` (`SkillSet_id`, `skills`) VALUES ('11092', 'UITesting');
INSERT INTO `Mission` (`id`, `companyName`, `shortName`, `description`, `role`, `skillSet_id`) VALUES ('11092', 'Aushinn', 'Up', '1b281fa9-4bbf-4a27-9eb0-aec6c20e1546', 'SeniorSoftwareEngineer', '11092');
INSERT INTO `SkillSet` (`id`) VALUES ('11093');
INSERT INTO `SkillSet_skills` (`SkillSet_id`, `skills`) VALUES ('11093', 'UITesting');
INSERT INTO `SkillSet_skills` (`SkillSet_id`, `skills`) VALUES ('11093', 'UnitTesting');
INSERT INTO `Mission` (`id`, `companyName`, `shortName`, `description`, `role`, `skillSet_id`) VALUES ('11093', 'Prjigil', 'Oub', 'fc471a08-b54f-45b3-adcd-c8af8b2d4dda', 'LeadSoftwareArchitect', '11093');
INSERT INTO `SkillSet` (`id`) VALUES ('11094');
INSERT INTO `SkillSet_skills` (`SkillSet_id`, `skills`) VALUES ('11094', 'Architektur');
INSERT INTO `SkillSet_skills` (`SkillSet_id`, `skills`) VALUES ('11094', 'Architektur');
INSERT INTO `SkillSet_skills` (`SkillSet_id`, `skills`) VALUES ('11094', 'Ant');
INSERT INTO `SkillSet_skills` (`SkillSet_id`, `skills`) VALUES ('11094', 'UITesting');
INSERT INTO `SkillSet_skills` (`SkillSet_id`, `skills`) VALUES ('11094', 'DotNet');
INSERT INTO `Mission` (`id`, `companyName`, `shortName`, `description`, `role`, `skillSet_id`) VALUES ('11094', 'Flaututh', 'Noustod', 'be5d47ce-9c11-4a0d-ac7c-af2c7c1b2f12', 'JuniorSoftwareEngineer', '11094');
INSERT INTO `SkillSet` (`id`) VALUES ('11095');
INSERT INTO `SkillSet_skills` (`SkillSet_id`, `skills`) VALUES ('11095', 'SQL');
INSERT INTO `Mission` (`id`, `companyName`, `shortName`, `description`, `role`, `skillSet_id`) VALUES ('11095', 'Ul', 'Djpaut', 'f4c69af7-b3af-4e58-9eb9-96f4f28a58b1', 'LeadEngineer', '11095');
INSERT INTO `SkillSet` (`id`) VALUES ('11096');
INSERT INTO `SkillSet_skills` (`SkillSet_id`, `skills`) VALUES ('11096', 'SQL');
INSERT INTO `Mission` (`id`, `companyName`, `shortName`, `description`, `role`, `skillSet_id`) VALUES ('11096', 'Oidaif', 'Eipf', 'fb4e5215-bba4-457f-92cb-5ff44cc320fd', 'SoftwareEngineer', '11096');
INSERT INTO `SkillSet` (`id`) VALUES ('11097');
INSERT INTO `SkillSet_skills` (`SkillSet_id`, `skills`) VALUES ('11097', 'SQL');
INSERT INTO `SkillSet_skills` (`SkillSet_id`, `skills`) VALUES ('11097', 'Gradle');
INSERT INTO `Mission` (`id`, `companyName`, `shortName`, `description`, `role`, `skillSet_id`) VALUES ('11097', 'Aifjst', 'Xoop', 'dd058c1a-6776-4c73-ac87-bdbe4687fe32', 'LeadEngineer', '11097');
INSERT INTO `SkillSet` (`id`) VALUES ('11098');
INSERT INTO `SkillSet_skills` (`SkillSet_id`, `skills`) VALUES ('11098', 'Maven');
INSERT INTO `SkillSet_skills` (`SkillSet_id`, `skills`) VALUES ('11098', 'SQL');
INSERT INTO `SkillSet_skills` (`SkillSet_id`, `skills`) VALUES ('11098', 'UnitTesting');
INSERT INTO `SkillSet_skills` (`SkillSet_id`, `skills`) VALUES ('11098', 'Java');
INSERT INTO `Mission` (`id`, `companyName`, `shortName`, `description`, `role`, `skillSet_id`) VALUES ('11098', 'Ainn', 'Brotok', '94cdb84a-8a7b-40d6-8630-005b74ab755d', 'SoftwareEngineer', '11098');
INSERT INTO `SkillSet` (`id`) VALUES ('11099');
INSERT INTO `SkillSet_skills` (`SkillSet_id`, `skills`) VALUES ('11099', 'UITesting');
INSERT INTO `Mission` (`id`, `companyName`, `shortName`, `description`, `role`, `skillSet_id`) VALUES ('11099', 'Zaum', 'Mouh', '6a6e8335-8d34-4c88-8eb6-6afc9f122ba0', 'SoftwareEngineer', '11099');
