// Hero Frank
INSERT INTO `SkillSet` (`id`) VALUES ('931');
INSERT INTO `SkillSet_skills` (`SkillSet_id`, `skills`) VALUES ('931', 'Java');
INSERT INTO `SkillSet_skills` (`SkillSet_id`, `skills`) VALUES ('931', 'Ant');
INSERT INTO `SkillSet_skills` (`SkillSet_id`, `skills`) VALUES ('931', 'Architektur');
INSERT INTO `SkillSet_skills` (`SkillSet_id`, `skills`) VALUES ('931', 'UnitTesting');
INSERT INTO `SkillSet_skills` (`SkillSet_id`, `skills`) VALUES ('931', 'UITesting');
INSERT INTO `Hero` (`id`, `firstName`, `lastName`, `picturePath`, `role`, `skillSet_id`, `educationTarget`) VALUES ('931', 'Frank', 'Beeh', 'img/Head6.png', 'PrincipalConsultant', '931', 'SQL');

// Hero Florian
INSERT INTO `SkillSet` (`id`) VALUES ('100');
INSERT INTO `SkillSet_skills` (`SkillSet_id`, `skills`) VALUES ('100', 'Java');
INSERT INTO `SkillSet_skills` (`SkillSet_id`, `skills`) VALUES ('100', 'Gradle');
INSERT INTO `SkillSet_skills` (`SkillSet_id`, `skills`) VALUES ('100', 'Ant');
INSERT INTO `SkillSet_skills` (`SkillSet_id`, `skills`) VALUES ('100', 'UnitTesting');
INSERT INTO `SkillSet_skills` (`SkillSet_id`, `skills`) VALUES ('100', 'SQL');
INSERT INTO `Hero` (`id`, `firstName`, `lastName`, `picturePath`, `role`, `skillSet_id`, `educationTarget`) VALUES ('100', 'Florian', 'Besser', 'img/Head1.png', 'JuniorSoftwareEngineer', '100', 'Architektur');

// Hero Matthias Bader
INSERT INTO `SkillSet` (`id`) VALUES ('101');
INSERT INTO `SkillSet_skills` (`SkillSet_id`, `skills`) VALUES ('101', 'DotNet');
INSERT INTO `SkillSet_skills` (`SkillSet_id`, `skills`) VALUES ('101', 'UnitTesting');
INSERT INTO `SkillSet_skills` (`SkillSet_id`, `skills`) VALUES ('101', 'Architektur');
INSERT INTO `SkillSet_skills` (`SkillSet_id`, `skills`) VALUES ('101', 'SQL');
INSERT INTO `Hero` (`id`, `firstName`, `lastName`, `picturePath`, `role`, `skillSet_id`, `educationTarget`) VALUES ('101', 'Matthias', 'Baader', 'img/Head7.png', 'LeadSoftwareArchitect', '101', 'UITesting');

//LCUs
INSERT INTO `LCU` (`id`, `firstName`, `lastName`) VALUES ('1', 'Wolfgang', 'Giersche');
INSERT INTO `LCU` (`id`, `firstName`, `lastName`) VALUES ('2', 'Cornel', 'Studacher');
INSERT INTO `LCU` (`id`, `firstName`, `lastName`) VALUES ('3', 'Hans', 'Meyer');

//Missions
INSERT INTO `SkillSet` (`id`) VALUES ('10001');
INSERT INTO `SkillSet_skills` (`SkillSet_id`, `skills`) VALUES ('10001', 'Java');
INSERT INTO `SkillSet_skills` (`SkillSet_id`, `skills`) VALUES ('10001', 'Ant');
INSERT INTO `SkillSet_skills` (`SkillSet_id`, `skills`) VALUES ('10001', 'UnitTesting');
INSERT INTO `SkillSet_skills` (`SkillSet_id`, `skills`) VALUES ('10001', 'SQL');
INSERT INTO `Mission` (`id`, `companyName`, `shortName`, `description`, `role`, `lcu_id`, `skillSet_id`) VALUES ('10001', 'Swisscom', 'Junior Java Developer', 'Einfache Java-Entwicklung im SAM-Team.', 'JuniorSoftwareEngineer', '1', '10001');

INSERT INTO `SkillSet` (`id`) VALUES ('10002');
INSERT INTO `SkillSet_skills` (`SkillSet_id`, `skills`) VALUES ('10002', 'Java');
INSERT INTO `SkillSet_skills` (`SkillSet_id`, `skills`) VALUES ('10002', 'Ant');
INSERT INTO `SkillSet_skills` (`SkillSet_id`, `skills`) VALUES ('10002', 'Architektur');
INSERT INTO `SkillSet_skills` (`SkillSet_id`, `skills`) VALUES ('10002', 'UnitTesting');
INSERT INTO `SkillSet_skills` (`SkillSet_id`, `skills`) VALUES ('10002', 'UITesting');
INSERT INTO `SkillSet_skills` (`SkillSet_id`, `skills`) VALUES ('10002', 'SQL');
INSERT INTO `Mission` (`id`, `companyName`, `shortName`, `description`, `role`, `lcu_id`, `skillSet_id`) VALUES ('10002', 'Swisscom', 'Java Architect', 'Architekt für SAM-Team.', 'LeadSoftwareArchitect', '1', '10002');
INSERT INTO `LCU_Mission` (`LCU_id`, `missions_id`) VALUES ('1', '10002');

INSERT INTO `SkillSet` (`id`) VALUES ('10003');
INSERT INTO `SkillSet_skills` (`SkillSet_id`, `skills`) VALUES ('10003', 'Java');
INSERT INTO `SkillSet_skills` (`SkillSet_id`, `skills`) VALUES ('10003', 'Maven');
INSERT INTO `SkillSet_skills` (`SkillSet_id`, `skills`) VALUES ('10003', 'Architektur');
INSERT INTO `Mission` (`id`, `companyName`, `shortName`, `description`, `role`, `lcu_id`, `skillSet_id`) VALUES ('10003', 'Dreifuss', 'Maven Architect', 'Architekt für Dreifuss in Basel', 'LeadSoftwareArchitect', '2', '10003');
INSERT INTO `LCU_Mission` (`LCU_id`, `missions_id`) VALUES ('2', '10003');

//Medals
INSERT INTO `Medal` (`id`, `comment`, `imagePath`) VALUES ('1', 'SQL Expert', 'img/sql.png');
INSERT INTO `Medal` (`id`, `comment`, `imagePath`) VALUES ('2', 'Social Expert', 'img/social.png');
INSERT INTO `Medal` (`id`, `comment`, `imagePath`) VALUES ('3', 'Other stuff', 'img/other.png');

//Medals to Heroes
INSERT INTO `Hero_Medal` (`Hero_id`, `medals_id`) VALUES ('100', '1');
INSERT INTO `Hero_Medal` (`Hero_id`, `medals_id`) VALUES ('100', '2');
INSERT INTO `Hero_Medal` (`Hero_id`, `medals_id`) VALUES ('100', '3');
INSERT INTO `Hero_Medal` (`Hero_id`, `medals_id`) VALUES ('931', '1');

INSERT INTO `SkillSet` (`id`) VALUES ('1000');
INSERT INTO `SkillSet_skills` (`SkillSet_id`, `skills`) VALUES ('1000', 'Gradle');
INSERT INTO `Hero` (`id`, `firstName`, `lastName`, `picturePath`, `role`, `skillSet_id`) VALUES ('1000', 'Nathoth', 'Oudaud', 'img/Head3.png', 'JuniorSoftwareEngineer', '1000');
INSERT INTO `SkillSet` (`id`) VALUES ('1001');
INSERT INTO `SkillSet_skills` (`SkillSet_id`, `skills`) VALUES ('1001', 'Ant');
INSERT INTO `SkillSet_skills` (`SkillSet_id`, `skills`) VALUES ('1001', 'Maven');
INSERT INTO `SkillSet_skills` (`SkillSet_id`, `skills`) VALUES ('1001', 'Architektur');
INSERT INTO `Hero` (`id`, `firstName`, `lastName`, `picturePath`, `role`, `skillSet_id`) VALUES ('1001', 'Ydof', 'Emas', 'img/Head5.png', 'LeadSoftwareArchitect', '1001');
INSERT INTO `SkillSet` (`id`) VALUES ('1002');
INSERT INTO `SkillSet_skills` (`SkillSet_id`, `skills`) VALUES ('1002', 'DotNet');
INSERT INTO `SkillSet_skills` (`SkillSet_id`, `skills`) VALUES ('1002', 'SQL');
INSERT INTO `Hero` (`id`, `firstName`, `lastName`, `picturePath`, `role`, `skillSet_id`) VALUES ('1002', 'Lur', 'Woif', 'img/Head8.png', 'SeniorSoftwareEngineer', '1002');
INSERT INTO `SkillSet` (`id`) VALUES ('1003');
INSERT INTO `SkillSet_skills` (`SkillSet_id`, `skills`) VALUES ('1003', 'SQL');
INSERT INTO `SkillSet_skills` (`SkillSet_id`, `skills`) VALUES ('1003', 'Java');
INSERT INTO `Hero` (`id`, `firstName`, `lastName`, `picturePath`, `role`, `skillSet_id`) VALUES ('1003', 'Eithjnt', 'Yrub', 'img/Head6.png', 'JuniorSoftwareEngineer', '1003');
INSERT INTO `SkillSet` (`id`) VALUES ('1004');
INSERT INTO `SkillSet_skills` (`SkillSet_id`, `skills`) VALUES ('1004', 'Maven');
INSERT INTO `Hero` (`id`, `firstName`, `lastName`, `picturePath`, `role`, `skillSet_id`) VALUES ('1004', 'Jinnooh', 'Eint', 'img/Head7.png', 'LeadSoftwareArchitect', '1004');
INSERT INTO `SkillSet` (`id`) VALUES ('1005');
INSERT INTO `SkillSet_skills` (`SkillSet_id`, `skills`) VALUES ('1005', 'DotNet');
INSERT INTO `SkillSet_skills` (`SkillSet_id`, `skills`) VALUES ('1005', 'Java');
INSERT INTO `SkillSet_skills` (`SkillSet_id`, `skills`) VALUES ('1005', 'DotNet');
INSERT INTO `Hero` (`id`, `firstName`, `lastName`, `picturePath`, `role`, `skillSet_id`) VALUES ('1005', 'Ot', 'Vjipaunn', 'img/Head5.png', 'JuniorSoftwareEngineer', '1005');
INSERT INTO `SkillSet` (`id`) VALUES ('1006');
INSERT INTO `SkillSet_skills` (`SkillSet_id`, `skills`) VALUES ('1006', 'DotNet');
INSERT INTO `SkillSet_skills` (`SkillSet_id`, `skills`) VALUES ('1006', 'Java');
INSERT INTO `SkillSet_skills` (`SkillSet_id`, `skills`) VALUES ('1006', 'UITesting');
INSERT INTO `SkillSet_skills` (`SkillSet_id`, `skills`) VALUES ('1006', 'Architektur');
INSERT INTO `Hero` (`id`, `firstName`, `lastName`, `picturePath`, `role`, `skillSet_id`) VALUES ('1006', 'Zottoiw', 'Vywutt', 'img/Head1.png', 'JuniorSoftwareEngineer', '1006');
INSERT INTO `SkillSet` (`id`) VALUES ('1007');
INSERT INTO `SkillSet_skills` (`SkillSet_id`, `skills`) VALUES ('1007', 'Ant');
INSERT INTO `SkillSet_skills` (`SkillSet_id`, `skills`) VALUES ('1007', 'Ant');
INSERT INTO `Hero` (`id`, `firstName`, `lastName`, `picturePath`, `role`, `skillSet_id`) VALUES ('1007', 'Aulautt', 'Thughok', 'img/Head2.png', 'PrincipalConsultant', '1007');
INSERT INTO `SkillSet` (`id`) VALUES ('1008');
INSERT INTO `SkillSet_skills` (`SkillSet_id`, `skills`) VALUES ('1008', 'UnitTesting');
INSERT INTO `SkillSet_skills` (`SkillSet_id`, `skills`) VALUES ('1008', 'DotNet');
INSERT INTO `SkillSet_skills` (`SkillSet_id`, `skills`) VALUES ('1008', 'Java');
INSERT INTO `SkillSet_skills` (`SkillSet_id`, `skills`) VALUES ('1008', 'UnitTesting');
INSERT INTO `SkillSet_skills` (`SkillSet_id`, `skills`) VALUES ('1008', 'Ant');
INSERT INTO `Hero` (`id`, `firstName`, `lastName`, `picturePath`, `role`, `skillSet_id`) VALUES ('1008', 'Ounn', 'Ypf', 'img/Head1.png', 'SoftwareEngineer', '1008');
INSERT INTO `SkillSet` (`id`) VALUES ('1009');
INSERT INTO `SkillSet_skills` (`SkillSet_id`, `skills`) VALUES ('1009', 'DotNet');
INSERT INTO `SkillSet_skills` (`SkillSet_id`, `skills`) VALUES ('1009', 'Gradle');
INSERT INTO `SkillSet_skills` (`SkillSet_id`, `skills`) VALUES ('1009', 'Gradle');
INSERT INTO `SkillSet_skills` (`SkillSet_id`, `skills`) VALUES ('1009', 'UnitTesting');
INSERT INTO `Hero` (`id`, `firstName`, `lastName`, `picturePath`, `role`, `skillSet_id`) VALUES ('1009', 'Oonnas', 'Prok', 'img/Head7.png', 'SoftwareEngineer', '1009');
INSERT INTO `SkillSet` (`id`) VALUES ('1010');
INSERT INTO `SkillSet_skills` (`SkillSet_id`, `skills`) VALUES ('1010', 'Maven');
INSERT INTO `SkillSet_skills` (`SkillSet_id`, `skills`) VALUES ('1010', 'SQL');
INSERT INTO `Hero` (`id`, `firstName`, `lastName`, `picturePath`, `role`, `skillSet_id`) VALUES ('1010', 'Bruttjth', 'Eiss', 'img/Head3.png', 'SoftwareEngineer', '1010');
INSERT INTO `SkillSet` (`id`) VALUES ('1011');
INSERT INTO `SkillSet_skills` (`SkillSet_id`, `skills`) VALUES ('1011', 'Java');
INSERT INTO `SkillSet_skills` (`SkillSet_id`, `skills`) VALUES ('1011', 'DotNet');
INSERT INTO `SkillSet_skills` (`SkillSet_id`, `skills`) VALUES ('1011', 'Maven');
INSERT INTO `SkillSet_skills` (`SkillSet_id`, `skills`) VALUES ('1011', 'Gradle');
INSERT INTO `SkillSet_skills` (`SkillSet_id`, `skills`) VALUES ('1011', 'Maven');
INSERT INTO `Hero` (`id`, `firstName`, `lastName`, `picturePath`, `role`, `skillSet_id`) VALUES ('1011', 'Broogjk', 'Aideth', 'img/Head6.png', 'LeadEngineer', '1011');
INSERT INTO `SkillSet` (`id`) VALUES ('1012');
INSERT INTO `SkillSet_skills` (`SkillSet_id`, `skills`) VALUES ('1012', 'UnitTesting');
INSERT INTO `SkillSet_skills` (`SkillSet_id`, `skills`) VALUES ('1012', 'Architektur');
INSERT INTO `Hero` (`id`, `firstName`, `lastName`, `picturePath`, `role`, `skillSet_id`) VALUES ('1012', 'Kljin', 'Grjinneg', 'img/Head8.png', 'SoftwareEngineer', '1012');
INSERT INTO `SkillSet` (`id`) VALUES ('1013');
INSERT INTO `SkillSet_skills` (`SkillSet_id`, `skills`) VALUES ('1013', 'Maven');
INSERT INTO `SkillSet_skills` (`SkillSet_id`, `skills`) VALUES ('1013', 'DotNet');
INSERT INTO `Hero` (`id`, `firstName`, `lastName`, `picturePath`, `role`, `skillSet_id`) VALUES ('1013', 'Aich', 'Aib', 'img/Head2.png', 'PrincipalConsultant', '1013');
INSERT INTO `SkillSet` (`id`) VALUES ('1014');
INSERT INTO `SkillSet_skills` (`SkillSet_id`, `skills`) VALUES ('1014', 'UnitTesting');
INSERT INTO `Hero` (`id`, `firstName`, `lastName`, `picturePath`, `role`, `skillSet_id`) VALUES ('1014', 'Bleghitt', 'Cointin', 'img/Head2.png', 'JuniorSoftwareEngineer', '1014');
INSERT INTO `SkillSet` (`id`) VALUES ('1015');
INSERT INTO `SkillSet_skills` (`SkillSet_id`, `skills`) VALUES ('1015', 'Java');
INSERT INTO `SkillSet_skills` (`SkillSet_id`, `skills`) VALUES ('1015', 'SQL');
INSERT INTO `Hero` (`id`, `firstName`, `lastName`, `picturePath`, `role`, `skillSet_id`) VALUES ('1015', 'Qeit', 'Ent', 'img/Head6.png', 'SeniorSoftwareEngineer', '1015');
INSERT INTO `SkillSet` (`id`) VALUES ('1016');
INSERT INTO `SkillSet_skills` (`SkillSet_id`, `skills`) VALUES ('1016', 'SQL');
INSERT INTO `SkillSet_skills` (`SkillSet_id`, `skills`) VALUES ('1016', 'SQL');
INSERT INTO `SkillSet_skills` (`SkillSet_id`, `skills`) VALUES ('1016', 'UnitTesting');
INSERT INTO `Hero` (`id`, `firstName`, `lastName`, `picturePath`, `role`, `skillSet_id`) VALUES ('1016', 'Eid', 'Oipjik', 'img/Head8.png', 'LeadEngineer', '1016');
INSERT INTO `SkillSet` (`id`) VALUES ('1017');
INSERT INTO `SkillSet_skills` (`SkillSet_id`, `skills`) VALUES ('1017', 'Java');
INSERT INTO `SkillSet_skills` (`SkillSet_id`, `skills`) VALUES ('1017', 'Java');
INSERT INTO `SkillSet_skills` (`SkillSet_id`, `skills`) VALUES ('1017', 'Java');
INSERT INTO `SkillSet_skills` (`SkillSet_id`, `skills`) VALUES ('1017', 'DotNet');
INSERT INTO `Hero` (`id`, `firstName`, `lastName`, `picturePath`, `role`, `skillSet_id`) VALUES ('1017', 'Jg', 'Rurat', 'img/Head2.png', 'SeniorSoftwareEngineer', '1017');
INSERT INTO `SkillSet` (`id`) VALUES ('1018');
INSERT INTO `SkillSet_skills` (`SkillSet_id`, `skills`) VALUES ('1018', 'Gradle');
INSERT INTO `Hero` (`id`, `firstName`, `lastName`, `picturePath`, `role`, `skillSet_id`) VALUES ('1018', 'Ouk', 'Jilor', 'img/Head2.png', 'JuniorSoftwareEngineer', '1018');
INSERT INTO `SkillSet` (`id`) VALUES ('1019');
INSERT INTO `SkillSet_skills` (`SkillSet_id`, `skills`) VALUES ('1019', 'Maven');
INSERT INTO `SkillSet_skills` (`SkillSet_id`, `skills`) VALUES ('1019', 'Ant');
INSERT INTO `Hero` (`id`, `firstName`, `lastName`, `picturePath`, `role`, `skillSet_id`) VALUES ('1019', 'Air', 'Eihip', 'img/Head1.png', 'JuniorSoftwareEngineer', '1019');
INSERT INTO `SkillSet` (`id`) VALUES ('1020');
INSERT INTO `SkillSet_skills` (`SkillSet_id`, `skills`) VALUES ('1020', 'DotNet');
INSERT INTO `SkillSet_skills` (`SkillSet_id`, `skills`) VALUES ('1020', 'DotNet');
INSERT INTO `Hero` (`id`, `firstName`, `lastName`, `picturePath`, `role`, `skillSet_id`) VALUES ('1020', 'Shozaish', 'Oig', 'img/Head4.png', 'SoftwareEngineer', '1020');
INSERT INTO `SkillSet` (`id`) VALUES ('1021');
INSERT INTO `SkillSet_skills` (`SkillSet_id`, `skills`) VALUES ('1021', 'UITesting');
INSERT INTO `SkillSet_skills` (`SkillSet_id`, `skills`) VALUES ('1021', 'Ant');
INSERT INTO `SkillSet_skills` (`SkillSet_id`, `skills`) VALUES ('1021', 'Gradle');
INSERT INTO `SkillSet_skills` (`SkillSet_id`, `skills`) VALUES ('1021', 'Architektur');
INSERT INTO `SkillSet_skills` (`SkillSet_id`, `skills`) VALUES ('1021', 'Maven');
INSERT INTO `Hero` (`id`, `firstName`, `lastName`, `picturePath`, `role`, `skillSet_id`) VALUES ('1021', 'Jintipf', 'Pron', 'img/Head7.png', 'PrincipalConsultant', '1021');
INSERT INTO `SkillSet` (`id`) VALUES ('1022');
INSERT INTO `SkillSet_skills` (`SkillSet_id`, `skills`) VALUES ('1022', 'UnitTesting');
INSERT INTO `Hero` (`id`, `firstName`, `lastName`, `picturePath`, `role`, `skillSet_id`) VALUES ('1022', 'Jif', 'Klizus', 'img/Head5.png', 'SeniorSoftwareEngineer', '1022');
INSERT INTO `SkillSet` (`id`) VALUES ('1023');
INSERT INTO `SkillSet_skills` (`SkillSet_id`, `skills`) VALUES ('1023', 'Architektur');
INSERT INTO `SkillSet_skills` (`SkillSet_id`, `skills`) VALUES ('1023', 'UnitTesting');
INSERT INTO `SkillSet_skills` (`SkillSet_id`, `skills`) VALUES ('1023', 'DotNet');
INSERT INTO `Hero` (`id`, `firstName`, `lastName`, `picturePath`, `role`, `skillSet_id`) VALUES ('1023', 'Jnaih', 'Vypf', 'img/Head2.png', 'SeniorSoftwareEngineer', '1023');
INSERT INTO `SkillSet` (`id`) VALUES ('1024');
INSERT INTO `SkillSet_skills` (`SkillSet_id`, `skills`) VALUES ('1024', 'UITesting');
INSERT INTO `Hero` (`id`, `firstName`, `lastName`, `picturePath`, `role`, `skillSet_id`) VALUES ('1024', 'Zekouf', 'Unnok', 'img/Head4.png', 'JuniorSoftwareEngineer', '1024');
INSERT INTO `SkillSet` (`id`) VALUES ('1025');
INSERT INTO `SkillSet_skills` (`SkillSet_id`, `skills`) VALUES ('1025', 'Java');
INSERT INTO `SkillSet_skills` (`SkillSet_id`, `skills`) VALUES ('1025', 'Java');
INSERT INTO `SkillSet_skills` (`SkillSet_id`, `skills`) VALUES ('1025', 'DotNet');
INSERT INTO `SkillSet_skills` (`SkillSet_id`, `skills`) VALUES ('1025', 'Gradle');
INSERT INTO `Hero` (`id`, `firstName`, `lastName`, `picturePath`, `role`, `skillSet_id`) VALUES ('1025', 'Odoov', 'Aip', 'img/Head2.png', 'LeadSoftwareArchitect', '1025');
INSERT INTO `SkillSet` (`id`) VALUES ('1026');
INSERT INTO `SkillSet_skills` (`SkillSet_id`, `skills`) VALUES ('1026', 'Gradle');
INSERT INTO `SkillSet_skills` (`SkillSet_id`, `skills`) VALUES ('1026', 'Architektur');
INSERT INTO `SkillSet_skills` (`SkillSet_id`, `skills`) VALUES ('1026', 'Architektur');
INSERT INTO `SkillSet_skills` (`SkillSet_id`, `skills`) VALUES ('1026', 'Gradle');
INSERT INTO `Hero` (`id`, `firstName`, `lastName`, `picturePath`, `role`, `skillSet_id`) VALUES ('1026', 'Blakaur', 'Aibeth', 'img/Head8.png', 'LeadEngineer', '1026');
INSERT INTO `SkillSet` (`id`) VALUES ('1027');
INSERT INTO `SkillSet_skills` (`SkillSet_id`, `skills`) VALUES ('1027', 'UITesting');
INSERT INTO `SkillSet_skills` (`SkillSet_id`, `skills`) VALUES ('1027', 'Ant');
INSERT INTO `SkillSet_skills` (`SkillSet_id`, `skills`) VALUES ('1027', 'SQL');
INSERT INTO `SkillSet_skills` (`SkillSet_id`, `skills`) VALUES ('1027', 'SQL');
INSERT INTO `Hero` (`id`, `firstName`, `lastName`, `picturePath`, `role`, `skillSet_id`) VALUES ('1027', 'Oupfeint', 'Stish', 'img/Head8.png', 'LeadSoftwareArchitect', '1027');
INSERT INTO `SkillSet` (`id`) VALUES ('1028');
INSERT INTO `SkillSet_skills` (`SkillSet_id`, `skills`) VALUES ('1028', 'Maven');
INSERT INTO `SkillSet_skills` (`SkillSet_id`, `skills`) VALUES ('1028', 'SQL');
INSERT INTO `SkillSet_skills` (`SkillSet_id`, `skills`) VALUES ('1028', 'Gradle');
INSERT INTO `Hero` (`id`, `firstName`, `lastName`, `picturePath`, `role`, `skillSet_id`) VALUES ('1028', 'Ipeb', 'Oif', 'img/Head2.png', 'JuniorSoftwareEngineer', '1028');
INSERT INTO `SkillSet` (`id`) VALUES ('1029');
INSERT INTO `SkillSet_skills` (`SkillSet_id`, `skills`) VALUES ('1029', 'UITesting');
INSERT INTO `Hero` (`id`, `firstName`, `lastName`, `picturePath`, `role`, `skillSet_id`) VALUES ('1029', 'Zothain', 'Zjheil', 'img/Head3.png', 'JuniorSoftwareEngineer', '1029');
INSERT INTO `SkillSet` (`id`) VALUES ('1030');
INSERT INTO `SkillSet_skills` (`SkillSet_id`, `skills`) VALUES ('1030', 'DotNet');
INSERT INTO `SkillSet_skills` (`SkillSet_id`, `skills`) VALUES ('1030', 'SQL');
INSERT INTO `SkillSet_skills` (`SkillSet_id`, `skills`) VALUES ('1030', 'Maven');
INSERT INTO `Hero` (`id`, `firstName`, `lastName`, `picturePath`, `role`, `skillSet_id`) VALUES ('1030', 'Eh', 'Xeit', 'img/Head4.png', 'PrincipalConsultant', '1030');
INSERT INTO `SkillSet` (`id`) VALUES ('1031');
INSERT INTO `SkillSet_skills` (`SkillSet_id`, `skills`) VALUES ('1031', 'Gradle');
INSERT INTO `SkillSet_skills` (`SkillSet_id`, `skills`) VALUES ('1031', 'Gradle');
INSERT INTO `Hero` (`id`, `firstName`, `lastName`, `picturePath`, `role`, `skillSet_id`) VALUES ('1031', 'Iss', 'Authoss', 'img/Head6.png', 'SoftwareEngineer', '1031');
INSERT INTO `SkillSet` (`id`) VALUES ('1032');
INSERT INTO `SkillSet_skills` (`SkillSet_id`, `skills`) VALUES ('1032', 'Java');
INSERT INTO `SkillSet_skills` (`SkillSet_id`, `skills`) VALUES ('1032', 'UITesting');
INSERT INTO `SkillSet_skills` (`SkillSet_id`, `skills`) VALUES ('1032', 'SQL');
INSERT INTO `SkillSet_skills` (`SkillSet_id`, `skills`) VALUES ('1032', 'Ant');
INSERT INTO `Hero` (`id`, `firstName`, `lastName`, `picturePath`, `role`, `skillSet_id`) VALUES ('1032', 'Aul', 'Ennesh', 'img/Head7.png', 'LeadEngineer', '1032');
INSERT INTO `SkillSet` (`id`) VALUES ('1033');
INSERT INTO `SkillSet_skills` (`SkillSet_id`, `skills`) VALUES ('1033', 'Ant');
INSERT INTO `SkillSet_skills` (`SkillSet_id`, `skills`) VALUES ('1033', 'Java');
INSERT INTO `SkillSet_skills` (`SkillSet_id`, `skills`) VALUES ('1033', 'Java');
INSERT INTO `SkillSet_skills` (`SkillSet_id`, `skills`) VALUES ('1033', 'Java');
INSERT INTO `SkillSet_skills` (`SkillSet_id`, `skills`) VALUES ('1033', 'Java');
INSERT INTO `Hero` (`id`, `firstName`, `lastName`, `picturePath`, `role`, `skillSet_id`) VALUES ('1033', 'Gjdjid', 'Bash', 'img/Head8.png', 'SoftwareEngineer', '1033');
INSERT INTO `SkillSet` (`id`) VALUES ('1034');
INSERT INTO `SkillSet_skills` (`SkillSet_id`, `skills`) VALUES ('1034', 'UnitTesting');
INSERT INTO `SkillSet_skills` (`SkillSet_id`, `skills`) VALUES ('1034', 'Gradle');
INSERT INTO `SkillSet_skills` (`SkillSet_id`, `skills`) VALUES ('1034', 'Java');
INSERT INTO `SkillSet_skills` (`SkillSet_id`, `skills`) VALUES ('1034', 'Ant');
INSERT INTO `SkillSet_skills` (`SkillSet_id`, `skills`) VALUES ('1034', 'Architektur');
INSERT INTO `Hero` (`id`, `firstName`, `lastName`, `picturePath`, `role`, `skillSet_id`) VALUES ('1034', 'Stjith', 'Proist', 'img/Head1.png', 'SeniorSoftwareEngineer', '1034');
INSERT INTO `SkillSet` (`id`) VALUES ('1035');
INSERT INTO `SkillSet_skills` (`SkillSet_id`, `skills`) VALUES ('1035', 'SQL');
INSERT INTO `SkillSet_skills` (`SkillSet_id`, `skills`) VALUES ('1035', 'Maven');
INSERT INTO `Hero` (`id`, `firstName`, `lastName`, `picturePath`, `role`, `skillSet_id`) VALUES ('1035', 'Uwait', 'Stout', 'img/Head8.png', 'LeadEngineer', '1035');
INSERT INTO `SkillSet` (`id`) VALUES ('1036');
INSERT INTO `SkillSet_skills` (`SkillSet_id`, `skills`) VALUES ('1036', 'Java');
INSERT INTO `SkillSet_skills` (`SkillSet_id`, `skills`) VALUES ('1036', 'DotNet');
INSERT INTO `SkillSet_skills` (`SkillSet_id`, `skills`) VALUES ('1036', 'DotNet');
INSERT INTO `SkillSet_skills` (`SkillSet_id`, `skills`) VALUES ('1036', 'UITesting');
INSERT INTO `SkillSet_skills` (`SkillSet_id`, `skills`) VALUES ('1036', 'Ant');
INSERT INTO `Hero` (`id`, `firstName`, `lastName`, `picturePath`, `role`, `skillSet_id`) VALUES ('1036', 'Xynn', 'Im', 'img/Head1.png', 'PrincipalConsultant', '1036');
INSERT INTO `SkillSet` (`id`) VALUES ('1037');
INSERT INTO `SkillSet_skills` (`SkillSet_id`, `skills`) VALUES ('1037', 'Maven');
INSERT INTO `SkillSet_skills` (`SkillSet_id`, `skills`) VALUES ('1037', 'Gradle');
INSERT INTO `Hero` (`id`, `firstName`, `lastName`, `picturePath`, `role`, `skillSet_id`) VALUES ('1037', 'Aminn', 'Jgh', 'img/Head1.png', 'JuniorSoftwareEngineer', '1037');
INSERT INTO `SkillSet` (`id`) VALUES ('1038');
INSERT INTO `SkillSet_skills` (`SkillSet_id`, `skills`) VALUES ('1038', 'Ant');
INSERT INTO `SkillSet_skills` (`SkillSet_id`, `skills`) VALUES ('1038', 'Maven');
INSERT INTO `SkillSet_skills` (`SkillSet_id`, `skills`) VALUES ('1038', 'DotNet');
INSERT INTO `Hero` (`id`, `firstName`, `lastName`, `picturePath`, `role`, `skillSet_id`) VALUES ('1038', 'Ont', 'Et', 'img/Head7.png', 'SeniorSoftwareEngineer', '1038');
INSERT INTO `SkillSet` (`id`) VALUES ('1039');
INSERT INTO `SkillSet_skills` (`SkillSet_id`, `skills`) VALUES ('1039', 'Java');
INSERT INTO `SkillSet_skills` (`SkillSet_id`, `skills`) VALUES ('1039', 'SQL');
INSERT INTO `SkillSet_skills` (`SkillSet_id`, `skills`) VALUES ('1039', 'UITesting');
INSERT INTO `SkillSet_skills` (`SkillSet_id`, `skills`) VALUES ('1039', 'UnitTesting');
INSERT INTO `SkillSet_skills` (`SkillSet_id`, `skills`) VALUES ('1039', 'Architektur');
INSERT INTO `Hero` (`id`, `firstName`, `lastName`, `picturePath`, `role`, `skillSet_id`) VALUES ('1039', 'Bloit', 'Sath', 'img/Head4.png', 'SeniorSoftwareEngineer', '1039');
INSERT INTO `SkillSet` (`id`) VALUES ('1040');
INSERT INTO `SkillSet_skills` (`SkillSet_id`, `skills`) VALUES ('1040', 'SQL');
INSERT INTO `SkillSet_skills` (`SkillSet_id`, `skills`) VALUES ('1040', 'Maven');
INSERT INTO `Hero` (`id`, `firstName`, `lastName`, `picturePath`, `role`, `skillSet_id`) VALUES ('1040', 'Wail', 'Oiz', 'img/Head1.png', 'JuniorSoftwareEngineer', '1040');
INSERT INTO `SkillSet` (`id`) VALUES ('1041');
INSERT INTO `SkillSet_skills` (`SkillSet_id`, `skills`) VALUES ('1041', 'Architektur');
INSERT INTO `SkillSet_skills` (`SkillSet_id`, `skills`) VALUES ('1041', 'Maven');
INSERT INTO `SkillSet_skills` (`SkillSet_id`, `skills`) VALUES ('1041', 'Java');
INSERT INTO `SkillSet_skills` (`SkillSet_id`, `skills`) VALUES ('1041', 'Architektur');
INSERT INTO `SkillSet_skills` (`SkillSet_id`, `skills`) VALUES ('1041', 'Gradle');
INSERT INTO `Hero` (`id`, `firstName`, `lastName`, `picturePath`, `role`, `skillSet_id`) VALUES ('1041', 'Yw', 'Taunnyz', 'img/Head6.png', 'LeadSoftwareArchitect', '1041');
INSERT INTO `SkillSet` (`id`) VALUES ('1042');
INSERT INTO `SkillSet_skills` (`SkillSet_id`, `skills`) VALUES ('1042', 'UnitTesting');
INSERT INTO `SkillSet_skills` (`SkillSet_id`, `skills`) VALUES ('1042', 'DotNet');
INSERT INTO `Hero` (`id`, `firstName`, `lastName`, `picturePath`, `role`, `skillSet_id`) VALUES ('1042', 'Ugjst', 'Og', 'img/Head2.png', 'SoftwareEngineer', '1042');
INSERT INTO `SkillSet` (`id`) VALUES ('1043');
INSERT INTO `SkillSet_skills` (`SkillSet_id`, `skills`) VALUES ('1043', 'Java');
INSERT INTO `SkillSet_skills` (`SkillSet_id`, `skills`) VALUES ('1043', 'Architektur');
INSERT INTO `SkillSet_skills` (`SkillSet_id`, `skills`) VALUES ('1043', 'Architektur');
INSERT INTO `SkillSet_skills` (`SkillSet_id`, `skills`) VALUES ('1043', 'Ant');
INSERT INTO `SkillSet_skills` (`SkillSet_id`, `skills`) VALUES ('1043', 'DotNet');
INSERT INTO `Hero` (`id`, `firstName`, `lastName`, `picturePath`, `role`, `skillSet_id`) VALUES ('1043', 'Ott', 'Ipauv', 'img/Head7.png', 'PrincipalConsultant', '1043');
INSERT INTO `SkillSet` (`id`) VALUES ('1044');
INSERT INTO `SkillSet_skills` (`SkillSet_id`, `skills`) VALUES ('1044', 'UITesting');
INSERT INTO `Hero` (`id`, `firstName`, `lastName`, `picturePath`, `role`, `skillSet_id`) VALUES ('1044', 'Bob', 'Jp', 'img/Head2.png', 'LeadSoftwareArchitect', '1044');
INSERT INTO `SkillSet` (`id`) VALUES ('1045');
INSERT INTO `SkillSet_skills` (`SkillSet_id`, `skills`) VALUES ('1045', 'UnitTesting');
INSERT INTO `Hero` (`id`, `firstName`, `lastName`, `picturePath`, `role`, `skillSet_id`) VALUES ('1045', 'Boopf', 'Paug', 'img/Head2.png', 'LeadSoftwareArchitect', '1045');
INSERT INTO `SkillSet` (`id`) VALUES ('1046');
INSERT INTO `SkillSet_skills` (`SkillSet_id`, `skills`) VALUES ('1046', 'Gradle');
INSERT INTO `SkillSet_skills` (`SkillSet_id`, `skills`) VALUES ('1046', 'Ant');
INSERT INTO `Hero` (`id`, `firstName`, `lastName`, `picturePath`, `role`, `skillSet_id`) VALUES ('1046', 'Dyl', 'Jz', 'img/Head4.png', 'SoftwareEngineer', '1046');
INSERT INTO `SkillSet` (`id`) VALUES ('1047');
INSERT INTO `SkillSet_skills` (`SkillSet_id`, `skills`) VALUES ('1047', 'UITesting');
INSERT INTO `SkillSet_skills` (`SkillSet_id`, `skills`) VALUES ('1047', 'Java');
INSERT INTO `Hero` (`id`, `firstName`, `lastName`, `picturePath`, `role`, `skillSet_id`) VALUES ('1047', 'Eist', 'Naushooch', 'img/Head6.png', 'SeniorSoftwareEngineer', '1047');
INSERT INTO `SkillSet` (`id`) VALUES ('1048');
INSERT INTO `SkillSet_skills` (`SkillSet_id`, `skills`) VALUES ('1048', 'Ant');
INSERT INTO `SkillSet_skills` (`SkillSet_id`, `skills`) VALUES ('1048', 'Java');
INSERT INTO `Hero` (`id`, `firstName`, `lastName`, `picturePath`, `role`, `skillSet_id`) VALUES ('1048', 'Kystauch', 'Oupf', 'img/Head6.png', 'SoftwareEngineer', '1048');
INSERT INTO `SkillSet` (`id`) VALUES ('1049');
INSERT INTO `SkillSet_skills` (`SkillSet_id`, `skills`) VALUES ('1049', 'Maven');
INSERT INTO `SkillSet_skills` (`SkillSet_id`, `skills`) VALUES ('1049', 'Ant');
INSERT INTO `SkillSet_skills` (`SkillSet_id`, `skills`) VALUES ('1049', 'UnitTesting');
INSERT INTO `SkillSet_skills` (`SkillSet_id`, `skills`) VALUES ('1049', 'Maven');
INSERT INTO `SkillSet_skills` (`SkillSet_id`, `skills`) VALUES ('1049', 'Ant');
INSERT INTO `Hero` (`id`, `firstName`, `lastName`, `picturePath`, `role`, `skillSet_id`) VALUES ('1049', 'Ytt', 'Yfeip', 'img/Head2.png', 'LeadEngineer', '1049');
INSERT INTO `SkillSet` (`id`) VALUES ('1050');
INSERT INTO `SkillSet_skills` (`SkillSet_id`, `skills`) VALUES ('1050', 'SQL');
INSERT INTO `SkillSet_skills` (`SkillSet_id`, `skills`) VALUES ('1050', 'Architektur');
INSERT INTO `Hero` (`id`, `firstName`, `lastName`, `picturePath`, `role`, `skillSet_id`) VALUES ('1050', 'Ushath', 'Past', 'img/Head4.png', 'SoftwareEngineer', '1050');
INSERT INTO `SkillSet` (`id`) VALUES ('1051');
INSERT INTO `SkillSet_skills` (`SkillSet_id`, `skills`) VALUES ('1051', 'SQL');
INSERT INTO `SkillSet_skills` (`SkillSet_id`, `skills`) VALUES ('1051', 'Architektur');
INSERT INTO `Hero` (`id`, `firstName`, `lastName`, `picturePath`, `role`, `skillSet_id`) VALUES ('1051', 'Oigh', 'Shouw', 'img/Head8.png', 'JuniorSoftwareEngineer', '1051');
INSERT INTO `SkillSet` (`id`) VALUES ('1052');
INSERT INTO `SkillSet_skills` (`SkillSet_id`, `skills`) VALUES ('1052', 'Gradle');
INSERT INTO `SkillSet_skills` (`SkillSet_id`, `skills`) VALUES ('1052', 'Maven');
INSERT INTO `SkillSet_skills` (`SkillSet_id`, `skills`) VALUES ('1052', 'Java');
INSERT INTO `SkillSet_skills` (`SkillSet_id`, `skills`) VALUES ('1052', 'Architektur');
INSERT INTO `Hero` (`id`, `firstName`, `lastName`, `picturePath`, `role`, `skillSet_id`) VALUES ('1052', 'Graun', 'Feik', 'img/Head8.png', 'LeadSoftwareArchitect', '1052');
INSERT INTO `SkillSet` (`id`) VALUES ('1053');
INSERT INTO `SkillSet_skills` (`SkillSet_id`, `skills`) VALUES ('1053', 'Java');
INSERT INTO `SkillSet_skills` (`SkillSet_id`, `skills`) VALUES ('1053', 'DotNet');
INSERT INTO `SkillSet_skills` (`SkillSet_id`, `skills`) VALUES ('1053', 'UnitTesting');
INSERT INTO `Hero` (`id`, `firstName`, `lastName`, `picturePath`, `role`, `skillSet_id`) VALUES ('1053', 'Eith', 'Rjtt', 'img/Head7.png', 'SeniorSoftwareEngineer', '1053');
INSERT INTO `SkillSet` (`id`) VALUES ('1054');
INSERT INTO `SkillSet_skills` (`SkillSet_id`, `skills`) VALUES ('1054', 'DotNet');
INSERT INTO `SkillSet_skills` (`SkillSet_id`, `skills`) VALUES ('1054', 'Maven');
INSERT INTO `SkillSet_skills` (`SkillSet_id`, `skills`) VALUES ('1054', 'Architektur');
INSERT INTO `Hero` (`id`, `firstName`, `lastName`, `picturePath`, `role`, `skillSet_id`) VALUES ('1054', 'Og', 'Oothein', 'img/Head4.png', 'LeadEngineer', '1054');
INSERT INTO `SkillSet` (`id`) VALUES ('1055');
INSERT INTO `SkillSet_skills` (`SkillSet_id`, `skills`) VALUES ('1055', 'SQL');
INSERT INTO `SkillSet_skills` (`SkillSet_id`, `skills`) VALUES ('1055', 'Gradle');
INSERT INTO `SkillSet_skills` (`SkillSet_id`, `skills`) VALUES ('1055', 'Maven');
INSERT INTO `SkillSet_skills` (`SkillSet_id`, `skills`) VALUES ('1055', 'Architektur');
INSERT INTO `SkillSet_skills` (`SkillSet_id`, `skills`) VALUES ('1055', 'Java');
INSERT INTO `Hero` (`id`, `firstName`, `lastName`, `picturePath`, `role`, `skillSet_id`) VALUES ('1055', 'Oust', 'Blaif', 'img/Head8.png', 'LeadEngineer', '1055');
INSERT INTO `SkillSet` (`id`) VALUES ('1056');
INSERT INTO `SkillSet_skills` (`SkillSet_id`, `skills`) VALUES ('1056', 'Gradle');
INSERT INTO `SkillSet_skills` (`SkillSet_id`, `skills`) VALUES ('1056', 'DotNet');
INSERT INTO `SkillSet_skills` (`SkillSet_id`, `skills`) VALUES ('1056', 'UITesting');
INSERT INTO `SkillSet_skills` (`SkillSet_id`, `skills`) VALUES ('1056', 'Maven');
INSERT INTO `Hero` (`id`, `firstName`, `lastName`, `picturePath`, `role`, `skillSet_id`) VALUES ('1056', 'Fleireinn', 'Hjghjif', 'img/Head3.png', 'SeniorSoftwareEngineer', '1056');
INSERT INTO `SkillSet` (`id`) VALUES ('1057');
INSERT INTO `SkillSet_skills` (`SkillSet_id`, `skills`) VALUES ('1057', 'UITesting');
INSERT INTO `Hero` (`id`, `firstName`, `lastName`, `picturePath`, `role`, `skillSet_id`) VALUES ('1057', 'Saiss', 'Jitt', 'img/Head5.png', 'LeadSoftwareArchitect', '1057');
INSERT INTO `SkillSet` (`id`) VALUES ('1058');
INSERT INTO `SkillSet_skills` (`SkillSet_id`, `skills`) VALUES ('1058', 'Gradle');
INSERT INTO `Hero` (`id`, `firstName`, `lastName`, `picturePath`, `role`, `skillSet_id`) VALUES ('1058', 'Woideib', 'Jl', 'img/Head2.png', 'SoftwareEngineer', '1058');
INSERT INTO `SkillSet` (`id`) VALUES ('1059');
INSERT INTO `SkillSet_skills` (`SkillSet_id`, `skills`) VALUES ('1059', 'Ant');
INSERT INTO `SkillSet_skills` (`SkillSet_id`, `skills`) VALUES ('1059', 'UITesting');
INSERT INTO `Hero` (`id`, `firstName`, `lastName`, `picturePath`, `role`, `skillSet_id`) VALUES ('1059', 'Aus', 'Bintab', 'img/Head1.png', 'SoftwareEngineer', '1059');
INSERT INTO `SkillSet` (`id`) VALUES ('1060');
INSERT INTO `SkillSet_skills` (`SkillSet_id`, `skills`) VALUES ('1060', 'UITesting');
INSERT INTO `Hero` (`id`, `firstName`, `lastName`, `picturePath`, `role`, `skillSet_id`) VALUES ('1060', 'Et', 'Kain', 'img/Head7.png', 'PrincipalConsultant', '1060');
INSERT INTO `SkillSet` (`id`) VALUES ('1061');
INSERT INTO `SkillSet_skills` (`SkillSet_id`, `skills`) VALUES ('1061', 'Architektur');
INSERT INTO `SkillSet_skills` (`SkillSet_id`, `skills`) VALUES ('1061', 'DotNet');
INSERT INTO `SkillSet_skills` (`SkillSet_id`, `skills`) VALUES ('1061', 'UnitTesting');
INSERT INTO `SkillSet_skills` (`SkillSet_id`, `skills`) VALUES ('1061', 'Java');
INSERT INTO `SkillSet_skills` (`SkillSet_id`, `skills`) VALUES ('1061', 'Maven');
INSERT INTO `Hero` (`id`, `firstName`, `lastName`, `picturePath`, `role`, `skillSet_id`) VALUES ('1061', 'Om', 'Thooss', 'img/Head5.png', 'PrincipalConsultant', '1061');
INSERT INTO `SkillSet` (`id`) VALUES ('1062');
INSERT INTO `SkillSet_skills` (`SkillSet_id`, `skills`) VALUES ('1062', 'Maven');
INSERT INTO `SkillSet_skills` (`SkillSet_id`, `skills`) VALUES ('1062', 'Ant');
INSERT INTO `SkillSet_skills` (`SkillSet_id`, `skills`) VALUES ('1062', 'Architektur');
INSERT INTO `Hero` (`id`, `firstName`, `lastName`, `picturePath`, `role`, `skillSet_id`) VALUES ('1062', 'Aifeiz', 'Shich', 'img/Head5.png', 'JuniorSoftwareEngineer', '1062');
INSERT INTO `SkillSet` (`id`) VALUES ('1063');
INSERT INTO `SkillSet_skills` (`SkillSet_id`, `skills`) VALUES ('1063', 'Ant');
INSERT INTO `Hero` (`id`, `firstName`, `lastName`, `picturePath`, `role`, `skillSet_id`) VALUES ('1063', 'Ooz', 'Aw', 'img/Head6.png', 'SeniorSoftwareEngineer', '1063');
INSERT INTO `SkillSet` (`id`) VALUES ('1064');
INSERT INTO `SkillSet_skills` (`SkillSet_id`, `skills`) VALUES ('1064', 'SQL');
INSERT INTO `SkillSet_skills` (`SkillSet_id`, `skills`) VALUES ('1064', 'Architektur');
INSERT INTO `SkillSet_skills` (`SkillSet_id`, `skills`) VALUES ('1064', 'Gradle');
INSERT INTO `Hero` (`id`, `firstName`, `lastName`, `picturePath`, `role`, `skillSet_id`) VALUES ('1064', 'Daiss', 'Eiv', 'img/Head6.png', 'LeadSoftwareArchitect', '1064');
INSERT INTO `SkillSet` (`id`) VALUES ('1065');
INSERT INTO `SkillSet_skills` (`SkillSet_id`, `skills`) VALUES ('1065', 'Gradle');
INSERT INTO `SkillSet_skills` (`SkillSet_id`, `skills`) VALUES ('1065', 'DotNet');
INSERT INTO `SkillSet_skills` (`SkillSet_id`, `skills`) VALUES ('1065', 'UITesting');
INSERT INTO `Hero` (`id`, `firstName`, `lastName`, `picturePath`, `role`, `skillSet_id`) VALUES ('1065', 'Ak', 'Ouch', 'img/Head2.png', 'SoftwareEngineer', '1065');
INSERT INTO `SkillSet` (`id`) VALUES ('1066');
INSERT INTO `SkillSet_skills` (`SkillSet_id`, `skills`) VALUES ('1066', 'SQL');
INSERT INTO `SkillSet_skills` (`SkillSet_id`, `skills`) VALUES ('1066', 'SQL');
INSERT INTO `SkillSet_skills` (`SkillSet_id`, `skills`) VALUES ('1066', 'Architektur');
INSERT INTO `SkillSet_skills` (`SkillSet_id`, `skills`) VALUES ('1066', 'UITesting');
INSERT INTO `Hero` (`id`, `firstName`, `lastName`, `picturePath`, `role`, `skillSet_id`) VALUES ('1066', 'Qofonn', 'Xouv', 'img/Head8.png', 'LeadEngineer', '1066');
INSERT INTO `SkillSet` (`id`) VALUES ('1067');
INSERT INTO `SkillSet_skills` (`SkillSet_id`, `skills`) VALUES ('1067', 'SQL');
INSERT INTO `SkillSet_skills` (`SkillSet_id`, `skills`) VALUES ('1067', 'Ant');
INSERT INTO `SkillSet_skills` (`SkillSet_id`, `skills`) VALUES ('1067', 'Gradle');
INSERT INTO `SkillSet_skills` (`SkillSet_id`, `skills`) VALUES ('1067', 'UITesting');
INSERT INTO `SkillSet_skills` (`SkillSet_id`, `skills`) VALUES ('1067', 'SQL');
INSERT INTO `Hero` (`id`, `firstName`, `lastName`, `picturePath`, `role`, `skillSet_id`) VALUES ('1067', 'Yk', 'Jiss', 'img/Head4.png', 'PrincipalConsultant', '1067');
INSERT INTO `SkillSet` (`id`) VALUES ('1068');
INSERT INTO `SkillSet_skills` (`SkillSet_id`, `skills`) VALUES ('1068', 'Ant');
INSERT INTO `SkillSet_skills` (`SkillSet_id`, `skills`) VALUES ('1068', 'Java');
INSERT INTO `SkillSet_skills` (`SkillSet_id`, `skills`) VALUES ('1068', 'Maven');
INSERT INTO `SkillSet_skills` (`SkillSet_id`, `skills`) VALUES ('1068', 'SQL');
INSERT INTO `Hero` (`id`, `firstName`, `lastName`, `picturePath`, `role`, `skillSet_id`) VALUES ('1068', 'Jigyn', 'Jpf', 'img/Head8.png', 'LeadSoftwareArchitect', '1068');
INSERT INTO `SkillSet` (`id`) VALUES ('1069');
INSERT INTO `SkillSet_skills` (`SkillSet_id`, `skills`) VALUES ('1069', 'Ant');
INSERT INTO `Hero` (`id`, `firstName`, `lastName`, `picturePath`, `role`, `skillSet_id`) VALUES ('1069', 'Daush', 'Qooss', 'img/Head3.png', 'LeadSoftwareArchitect', '1069');
INSERT INTO `SkillSet` (`id`) VALUES ('1070');
INSERT INTO `SkillSet_skills` (`SkillSet_id`, `skills`) VALUES ('1070', 'Java');
INSERT INTO `SkillSet_skills` (`SkillSet_id`, `skills`) VALUES ('1070', 'UnitTesting');
INSERT INTO `SkillSet_skills` (`SkillSet_id`, `skills`) VALUES ('1070', 'DotNet');
INSERT INTO `SkillSet_skills` (`SkillSet_id`, `skills`) VALUES ('1070', 'UnitTesting');
INSERT INTO `Hero` (`id`, `firstName`, `lastName`, `picturePath`, `role`, `skillSet_id`) VALUES ('1070', 'Shount', 'Cyljch', 'img/Head1.png', 'JuniorSoftwareEngineer', '1070');
INSERT INTO `SkillSet` (`id`) VALUES ('1071');
INSERT INTO `SkillSet_skills` (`SkillSet_id`, `skills`) VALUES ('1071', 'Maven');
INSERT INTO `Hero` (`id`, `firstName`, `lastName`, `picturePath`, `role`, `skillSet_id`) VALUES ('1071', 'Ukig', 'Yf', 'img/Head5.png', 'LeadEngineer', '1071');
INSERT INTO `SkillSet` (`id`) VALUES ('1072');
INSERT INTO `SkillSet_skills` (`SkillSet_id`, `skills`) VALUES ('1072', 'Java');
INSERT INTO `SkillSet_skills` (`SkillSet_id`, `skills`) VALUES ('1072', 'Ant');
INSERT INTO `Hero` (`id`, `firstName`, `lastName`, `picturePath`, `role`, `skillSet_id`) VALUES ('1072', 'Risun', 'Kljwoost', 'img/Head2.png', 'LeadEngineer', '1072');
INSERT INTO `SkillSet` (`id`) VALUES ('1073');
INSERT INTO `SkillSet_skills` (`SkillSet_id`, `skills`) VALUES ('1073', 'SQL');
INSERT INTO `SkillSet_skills` (`SkillSet_id`, `skills`) VALUES ('1073', 'UITesting');
INSERT INTO `SkillSet_skills` (`SkillSet_id`, `skills`) VALUES ('1073', 'SQL');
INSERT INTO `SkillSet_skills` (`SkillSet_id`, `skills`) VALUES ('1073', 'DotNet');
INSERT INTO `Hero` (`id`, `firstName`, `lastName`, `picturePath`, `role`, `skillSet_id`) VALUES ('1073', 'Aust', 'Washoim', 'img/Head5.png', 'SoftwareEngineer', '1073');
INSERT INTO `SkillSet` (`id`) VALUES ('1074');
INSERT INTO `SkillSet_skills` (`SkillSet_id`, `skills`) VALUES ('1074', 'Maven');
INSERT INTO `SkillSet_skills` (`SkillSet_id`, `skills`) VALUES ('1074', 'Ant');
INSERT INTO `SkillSet_skills` (`SkillSet_id`, `skills`) VALUES ('1074', 'Java');
INSERT INTO `Hero` (`id`, `firstName`, `lastName`, `picturePath`, `role`, `skillSet_id`) VALUES ('1074', 'Inn', 'Ottob', 'img/Head4.png', 'LeadSoftwareArchitect', '1074');
INSERT INTO `SkillSet` (`id`) VALUES ('1075');
INSERT INTO `SkillSet_skills` (`SkillSet_id`, `skills`) VALUES ('1075', 'Ant');
INSERT INTO `Hero` (`id`, `firstName`, `lastName`, `picturePath`, `role`, `skillSet_id`) VALUES ('1075', 'Thaid', 'Outouv', 'img/Head4.png', 'LeadSoftwareArchitect', '1075');
INSERT INTO `SkillSet` (`id`) VALUES ('1076');
INSERT INTO `SkillSet_skills` (`SkillSet_id`, `skills`) VALUES ('1076', 'DotNet');
INSERT INTO `SkillSet_skills` (`SkillSet_id`, `skills`) VALUES ('1076', 'Architektur');
INSERT INTO `Hero` (`id`, `firstName`, `lastName`, `picturePath`, `role`, `skillSet_id`) VALUES ('1076', 'Ith', 'Jr', 'img/Head7.png', 'LeadEngineer', '1076');
INSERT INTO `SkillSet` (`id`) VALUES ('1077');
INSERT INTO `SkillSet_skills` (`SkillSet_id`, `skills`) VALUES ('1077', 'Ant');
INSERT INTO `Hero` (`id`, `firstName`, `lastName`, `picturePath`, `role`, `skillSet_id`) VALUES ('1077', 'Aich', 'Jipjz', 'img/Head8.png', 'SeniorSoftwareEngineer', '1077');
INSERT INTO `SkillSet` (`id`) VALUES ('1078');
INSERT INTO `SkillSet_skills` (`SkillSet_id`, `skills`) VALUES ('1078', 'DotNet');
INSERT INTO `SkillSet_skills` (`SkillSet_id`, `skills`) VALUES ('1078', 'Ant');
INSERT INTO `SkillSet_skills` (`SkillSet_id`, `skills`) VALUES ('1078', 'Java');
INSERT INTO `Hero` (`id`, `firstName`, `lastName`, `picturePath`, `role`, `skillSet_id`) VALUES ('1078', 'Aittyr', 'Igyk', 'img/Head2.png', 'SoftwareEngineer', '1078');
INSERT INTO `SkillSet` (`id`) VALUES ('1079');
INSERT INTO `SkillSet_skills` (`SkillSet_id`, `skills`) VALUES ('1079', 'UITesting');
INSERT INTO `Hero` (`id`, `firstName`, `lastName`, `picturePath`, `role`, `skillSet_id`) VALUES ('1079', 'Jw', 'Epen', 'img/Head8.png', 'PrincipalConsultant', '1079');
INSERT INTO `SkillSet` (`id`) VALUES ('1080');
INSERT INTO `SkillSet_skills` (`SkillSet_id`, `skills`) VALUES ('1080', 'UITesting');
INSERT INTO `SkillSet_skills` (`SkillSet_id`, `skills`) VALUES ('1080', 'SQL');
INSERT INTO `SkillSet_skills` (`SkillSet_id`, `skills`) VALUES ('1080', 'Ant');
INSERT INTO `Hero` (`id`, `firstName`, `lastName`, `picturePath`, `role`, `skillSet_id`) VALUES ('1080', 'Pogh', 'Aup', 'img/Head3.png', 'SoftwareEngineer', '1080');
INSERT INTO `SkillSet` (`id`) VALUES ('1081');
INSERT INTO `SkillSet_skills` (`SkillSet_id`, `skills`) VALUES ('1081', 'Ant');
INSERT INTO `SkillSet_skills` (`SkillSet_id`, `skills`) VALUES ('1081', 'Maven');
INSERT INTO `SkillSet_skills` (`SkillSet_id`, `skills`) VALUES ('1081', 'Ant');
INSERT INTO `SkillSet_skills` (`SkillSet_id`, `skills`) VALUES ('1081', 'UITesting');
INSERT INTO `SkillSet_skills` (`SkillSet_id`, `skills`) VALUES ('1081', 'Gradle');
INSERT INTO `Hero` (`id`, `firstName`, `lastName`, `picturePath`, `role`, `skillSet_id`) VALUES ('1081', 'Osh', 'Ainautt', 'img/Head6.png', 'LeadSoftwareArchitect', '1081');
INSERT INTO `SkillSet` (`id`) VALUES ('1082');
INSERT INTO `SkillSet_skills` (`SkillSet_id`, `skills`) VALUES ('1082', 'Ant');
INSERT INTO `SkillSet_skills` (`SkillSet_id`, `skills`) VALUES ('1082', 'Maven');
INSERT INTO `SkillSet_skills` (`SkillSet_id`, `skills`) VALUES ('1082', 'Maven');
INSERT INTO `Hero` (`id`, `firstName`, `lastName`, `picturePath`, `role`, `skillSet_id`) VALUES ('1082', 'Eint', 'Bjssak', 'img/Head7.png', 'JuniorSoftwareEngineer', '1082');
INSERT INTO `SkillSet` (`id`) VALUES ('1083');
INSERT INTO `SkillSet_skills` (`SkillSet_id`, `skills`) VALUES ('1083', 'Java');
INSERT INTO `SkillSet_skills` (`SkillSet_id`, `skills`) VALUES ('1083', 'DotNet');
INSERT INTO `SkillSet_skills` (`SkillSet_id`, `skills`) VALUES ('1083', 'SQL');
INSERT INTO `SkillSet_skills` (`SkillSet_id`, `skills`) VALUES ('1083', 'UITesting');
INSERT INTO `Hero` (`id`, `firstName`, `lastName`, `picturePath`, `role`, `skillSet_id`) VALUES ('1083', 'Jib', 'Jisseid', 'img/Head4.png', 'SoftwareEngineer', '1083');
INSERT INTO `SkillSet` (`id`) VALUES ('1084');
INSERT INTO `SkillSet_skills` (`SkillSet_id`, `skills`) VALUES ('1084', 'UITesting');
INSERT INTO `SkillSet_skills` (`SkillSet_id`, `skills`) VALUES ('1084', 'Architektur');
INSERT INTO `SkillSet_skills` (`SkillSet_id`, `skills`) VALUES ('1084', 'UITesting');
INSERT INTO `SkillSet_skills` (`SkillSet_id`, `skills`) VALUES ('1084', 'SQL');
INSERT INTO `Hero` (`id`, `firstName`, `lastName`, `picturePath`, `role`, `skillSet_id`) VALUES ('1084', 'Gloupak', 'Braipfipf', 'img/Head8.png', 'PrincipalConsultant', '1084');
INSERT INTO `SkillSet` (`id`) VALUES ('1085');
INSERT INTO `SkillSet_skills` (`SkillSet_id`, `skills`) VALUES ('1085', 'UnitTesting');
INSERT INTO `SkillSet_skills` (`SkillSet_id`, `skills`) VALUES ('1085', 'Maven');
INSERT INTO `SkillSet_skills` (`SkillSet_id`, `skills`) VALUES ('1085', 'Ant');
INSERT INTO `SkillSet_skills` (`SkillSet_id`, `skills`) VALUES ('1085', 'UITesting');
INSERT INTO `SkillSet_skills` (`SkillSet_id`, `skills`) VALUES ('1085', 'UITesting');
INSERT INTO `Hero` (`id`, `firstName`, `lastName`, `picturePath`, `role`, `skillSet_id`) VALUES ('1085', 'Ip', 'Ootant', 'img/Head8.png', 'LeadSoftwareArchitect', '1085');
INSERT INTO `SkillSet` (`id`) VALUES ('1086');
INSERT INTO `SkillSet_skills` (`SkillSet_id`, `skills`) VALUES ('1086', 'Gradle');
INSERT INTO `SkillSet_skills` (`SkillSet_id`, `skills`) VALUES ('1086', 'Architektur');
INSERT INTO `SkillSet_skills` (`SkillSet_id`, `skills`) VALUES ('1086', 'Maven');
INSERT INTO `Hero` (`id`, `firstName`, `lastName`, `picturePath`, `role`, `skillSet_id`) VALUES ('1086', 'Toruh', 'Aud', 'img/Head7.png', 'LeadSoftwareArchitect', '1086');
INSERT INTO `SkillSet` (`id`) VALUES ('1087');
INSERT INTO `SkillSet_skills` (`SkillSet_id`, `skills`) VALUES ('1087', 'SQL');
INSERT INTO `SkillSet_skills` (`SkillSet_id`, `skills`) VALUES ('1087', 'DotNet');
INSERT INTO `Hero` (`id`, `firstName`, `lastName`, `picturePath`, `role`, `skillSet_id`) VALUES ('1087', 'Gud', 'Ufauz', 'img/Head3.png', 'JuniorSoftwareEngineer', '1087');
INSERT INTO `SkillSet` (`id`) VALUES ('1088');
INSERT INTO `SkillSet_skills` (`SkillSet_id`, `skills`) VALUES ('1088', 'Gradle');
INSERT INTO `SkillSet_skills` (`SkillSet_id`, `skills`) VALUES ('1088', 'Architektur');
INSERT INTO `Hero` (`id`, `firstName`, `lastName`, `picturePath`, `role`, `skillSet_id`) VALUES ('1088', 'Tathitt', 'Oigh', 'img/Head5.png', 'LeadSoftwareArchitect', '1088');
INSERT INTO `SkillSet` (`id`) VALUES ('1089');
INSERT INTO `SkillSet_skills` (`SkillSet_id`, `skills`) VALUES ('1089', 'Architektur');
INSERT INTO `Hero` (`id`, `firstName`, `lastName`, `picturePath`, `role`, `skillSet_id`) VALUES ('1089', 'Oozeth', 'Ushair', 'img/Head7.png', 'SoftwareEngineer', '1089');
INSERT INTO `SkillSet` (`id`) VALUES ('1090');
INSERT INTO `SkillSet_skills` (`SkillSet_id`, `skills`) VALUES ('1090', 'Architektur');
INSERT INTO `SkillSet_skills` (`SkillSet_id`, `skills`) VALUES ('1090', 'UnitTesting');
INSERT INTO `Hero` (`id`, `firstName`, `lastName`, `picturePath`, `role`, `skillSet_id`) VALUES ('1090', 'Ub', 'Oicheig', 'img/Head5.png', 'PrincipalConsultant', '1090');
INSERT INTO `SkillSet` (`id`) VALUES ('1091');
INSERT INTO `SkillSet_skills` (`SkillSet_id`, `skills`) VALUES ('1091', 'DotNet');
INSERT INTO `SkillSet_skills` (`SkillSet_id`, `skills`) VALUES ('1091', 'Architektur');
INSERT INTO `SkillSet_skills` (`SkillSet_id`, `skills`) VALUES ('1091', 'Ant');
INSERT INTO `Hero` (`id`, `firstName`, `lastName`, `picturePath`, `role`, `skillSet_id`) VALUES ('1091', 'Iw', 'Ouljit', 'img/Head2.png', 'LeadEngineer', '1091');
INSERT INTO `SkillSet` (`id`) VALUES ('1092');
INSERT INTO `SkillSet_skills` (`SkillSet_id`, `skills`) VALUES ('1092', 'UITesting');
INSERT INTO `SkillSet_skills` (`SkillSet_id`, `skills`) VALUES ('1092', 'SQL');
INSERT INTO `Hero` (`id`, `firstName`, `lastName`, `picturePath`, `role`, `skillSet_id`) VALUES ('1092', 'Aitt', 'Ynn', 'img/Head8.png', 'LeadSoftwareArchitect', '1092');
INSERT INTO `SkillSet` (`id`) VALUES ('1093');
INSERT INTO `SkillSet_skills` (`SkillSet_id`, `skills`) VALUES ('1093', 'Java');
INSERT INTO `SkillSet_skills` (`SkillSet_id`, `skills`) VALUES ('1093', 'Architektur');
INSERT INTO `SkillSet_skills` (`SkillSet_id`, `skills`) VALUES ('1093', 'Maven');
INSERT INTO `Hero` (`id`, `firstName`, `lastName`, `picturePath`, `role`, `skillSet_id`) VALUES ('1093', 'Chazaik', 'Heib', 'img/Head1.png', 'SoftwareEngineer', '1093');
INSERT INTO `SkillSet` (`id`) VALUES ('1094');
INSERT INTO `SkillSet_skills` (`SkillSet_id`, `skills`) VALUES ('1094', 'SQL');
INSERT INTO `SkillSet_skills` (`SkillSet_id`, `skills`) VALUES ('1094', 'DotNet');
INSERT INTO `Hero` (`id`, `firstName`, `lastName`, `picturePath`, `role`, `skillSet_id`) VALUES ('1094', 'Hohjw', 'Djnt', 'img/Head1.png', 'LeadEngineer', '1094');
INSERT INTO `SkillSet` (`id`) VALUES ('1095');
INSERT INTO `SkillSet_skills` (`SkillSet_id`, `skills`) VALUES ('1095', 'Java');
INSERT INTO `SkillSet_skills` (`SkillSet_id`, `skills`) VALUES ('1095', 'Ant');
INSERT INTO `Hero` (`id`, `firstName`, `lastName`, `picturePath`, `role`, `skillSet_id`) VALUES ('1095', 'Woogeis', 'Stakit', 'img/Head5.png', 'SeniorSoftwareEngineer', '1095');
INSERT INTO `SkillSet` (`id`) VALUES ('1096');
INSERT INTO `SkillSet_skills` (`SkillSet_id`, `skills`) VALUES ('1096', 'Ant');
INSERT INTO `SkillSet_skills` (`SkillSet_id`, `skills`) VALUES ('1096', 'Architektur');
INSERT INTO `SkillSet_skills` (`SkillSet_id`, `skills`) VALUES ('1096', 'DotNet');
INSERT INTO `Hero` (`id`, `firstName`, `lastName`, `picturePath`, `role`, `skillSet_id`) VALUES ('1096', 'Xenn', 'Thegoof', 'img/Head5.png', 'SoftwareEngineer', '1096');
INSERT INTO `SkillSet` (`id`) VALUES ('1097');
INSERT INTO `SkillSet_skills` (`SkillSet_id`, `skills`) VALUES ('1097', 'Gradle');
INSERT INTO `SkillSet_skills` (`SkillSet_id`, `skills`) VALUES ('1097', 'Java');
INSERT INTO `SkillSet_skills` (`SkillSet_id`, `skills`) VALUES ('1097', 'Maven');
INSERT INTO `SkillSet_skills` (`SkillSet_id`, `skills`) VALUES ('1097', 'DotNet');
INSERT INTO `SkillSet_skills` (`SkillSet_id`, `skills`) VALUES ('1097', 'Java');
INSERT INTO `Hero` (`id`, `firstName`, `lastName`, `picturePath`, `role`, `skillSet_id`) VALUES ('1097', 'Xoumonn', 'Pjiryl', 'img/Head6.png', 'SeniorSoftwareEngineer', '1097');
INSERT INTO `SkillSet` (`id`) VALUES ('1098');
INSERT INTO `SkillSet_skills` (`SkillSet_id`, `skills`) VALUES ('1098', 'Maven');
INSERT INTO `SkillSet_skills` (`SkillSet_id`, `skills`) VALUES ('1098', 'SQL');
INSERT INTO `Hero` (`id`, `firstName`, `lastName`, `picturePath`, `role`, `skillSet_id`) VALUES ('1098', 'Chaunnjich', 'Ykaupf', 'img/Head1.png', 'LeadEngineer', '1098');
INSERT INTO `SkillSet` (`id`) VALUES ('1099');
INSERT INTO `SkillSet_skills` (`SkillSet_id`, `skills`) VALUES ('1099', 'Maven');
INSERT INTO `SkillSet_skills` (`SkillSet_id`, `skills`) VALUES ('1099', 'Maven');
INSERT INTO `SkillSet_skills` (`SkillSet_id`, `skills`) VALUES ('1099', 'Architektur');
INSERT INTO `SkillSet_skills` (`SkillSet_id`, `skills`) VALUES ('1099', 'Gradle');
INSERT INTO `Hero` (`id`, `firstName`, `lastName`, `picturePath`, `role`, `skillSet_id`) VALUES ('1099', 'Unt', 'Veis', 'img/Head6.png', 'SeniorSoftwareEngineer', '1099');
INSERT INTO `SkillSet` (`id`) VALUES ('11000');
INSERT INTO `SkillSet_skills` (`SkillSet_id`, `skills`) VALUES ('11000', 'UnitTesting');
INSERT INTO `SkillSet_skills` (`SkillSet_id`, `skills`) VALUES ('11000', 'Java');
INSERT INTO `SkillSet_skills` (`SkillSet_id`, `skills`) VALUES ('11000', 'DotNet');
INSERT INTO `Mission` (`id`, `companyName`, `shortName`, `description`, `role`, `lcu_id`, `skillSet_id`) VALUES ('11000', 'Ouch', 'Oogheiw', '0f042ff2-571a-4017-89b8-0cbf3420eb9c', 'PrincipalConsultant', '3', '11000');
INSERT INTO `SkillSet` (`id`) VALUES ('11001');
INSERT INTO `SkillSet_skills` (`SkillSet_id`, `skills`) VALUES ('11001', 'Architektur');
INSERT INTO `SkillSet_skills` (`SkillSet_id`, `skills`) VALUES ('11001', 'SQL');
INSERT INTO `SkillSet_skills` (`SkillSet_id`, `skills`) VALUES ('11001', 'Ant');
INSERT INTO `SkillSet_skills` (`SkillSet_id`, `skills`) VALUES ('11001', 'Java');
INSERT INTO `Mission` (`id`, `companyName`, `shortName`, `description`, `role`, `lcu_id`, `skillSet_id`) VALUES ('11001', 'Pryk', 'Shyweich', '33cebe02-9b64-456e-a42a-b557e573270c', 'LeadEngineer', '3', '11001');
INSERT INTO `SkillSet` (`id`) VALUES ('11002');
INSERT INTO `SkillSet_skills` (`SkillSet_id`, `skills`) VALUES ('11002', 'Gradle');
INSERT INTO `Mission` (`id`, `companyName`, `shortName`, `description`, `role`, `lcu_id`, `skillSet_id`) VALUES ('11002', 'Peib', 'Brygoow', 'cfbe2b1f-3b61-4a5e-8161-86abeb773354', 'SoftwareEngineer', '3', '11002');
INSERT INTO `SkillSet` (`id`) VALUES ('11003');
INSERT INTO `SkillSet_skills` (`SkillSet_id`, `skills`) VALUES ('11003', 'Java');
INSERT INTO `SkillSet_skills` (`SkillSet_id`, `skills`) VALUES ('11003', 'DotNet');
INSERT INTO `SkillSet_skills` (`SkillSet_id`, `skills`) VALUES ('11003', 'Maven');
INSERT INTO `SkillSet_skills` (`SkillSet_id`, `skills`) VALUES ('11003', 'Architektur');
INSERT INTO `SkillSet_skills` (`SkillSet_id`, `skills`) VALUES ('11003', 'Architektur');
INSERT INTO `Mission` (`id`, `companyName`, `shortName`, `description`, `role`, `lcu_id`, `skillSet_id`) VALUES ('11003', 'Ukeiv', 'Our', 'a531345a-0003-4716-bb24-2fe35eeca4a2', 'LeadSoftwareArchitect', '3', '11003');
INSERT INTO `SkillSet` (`id`) VALUES ('11004');
INSERT INTO `SkillSet_skills` (`SkillSet_id`, `skills`) VALUES ('11004', 'UnitTesting');
INSERT INTO `SkillSet_skills` (`SkillSet_id`, `skills`) VALUES ('11004', 'UnitTesting');
INSERT INTO `SkillSet_skills` (`SkillSet_id`, `skills`) VALUES ('11004', 'SQL');
INSERT INTO `Mission` (`id`, `companyName`, `shortName`, `description`, `role`, `lcu_id`, `skillSet_id`) VALUES ('11004', 'Audjiz', 'Thauvais', 'c346c03a-5899-4149-99ca-45414e4602d9', 'SeniorSoftwareEngineer', '3', '11004');
INSERT INTO `SkillSet` (`id`) VALUES ('11005');
INSERT INTO `SkillSet_skills` (`SkillSet_id`, `skills`) VALUES ('11005', 'UnitTesting');
INSERT INTO `SkillSet_skills` (`SkillSet_id`, `skills`) VALUES ('11005', 'Java');
INSERT INTO `SkillSet_skills` (`SkillSet_id`, `skills`) VALUES ('11005', 'Architektur');
INSERT INTO `SkillSet_skills` (`SkillSet_id`, `skills`) VALUES ('11005', 'Java');
INSERT INTO `Mission` (`id`, `companyName`, `shortName`, `description`, `role`, `lcu_id`, `skillSet_id`) VALUES ('11005', 'Klichist', 'Sjir', '5edf212d-8916-47fa-9581-d3110ca718e1', 'LeadEngineer', '3', '11005');
INSERT INTO `SkillSet` (`id`) VALUES ('11006');
INSERT INTO `SkillSet_skills` (`SkillSet_id`, `skills`) VALUES ('11006', 'SQL');
INSERT INTO `SkillSet_skills` (`SkillSet_id`, `skills`) VALUES ('11006', 'Maven');
INSERT INTO `SkillSet_skills` (`SkillSet_id`, `skills`) VALUES ('11006', 'Maven');
INSERT INTO `Mission` (`id`, `companyName`, `shortName`, `description`, `role`, `lcu_id`, `skillSet_id`) VALUES ('11006', 'Prauttyg', 'Ouch', 'd595cadb-cb87-409e-9cff-2da2c9a64765', 'LeadSoftwareArchitect', '3', '11006');
INSERT INTO `SkillSet` (`id`) VALUES ('11007');
INSERT INTO `SkillSet_skills` (`SkillSet_id`, `skills`) VALUES ('11007', 'DotNet');
INSERT INTO `SkillSet_skills` (`SkillSet_id`, `skills`) VALUES ('11007', 'UITesting');
INSERT INTO `SkillSet_skills` (`SkillSet_id`, `skills`) VALUES ('11007', 'Gradle');
INSERT INTO `Mission` (`id`, `companyName`, `shortName`, `description`, `role`, `lcu_id`, `skillSet_id`) VALUES ('11007', 'Igat', 'Bloodogh', 'c1784986-618f-4a79-aa95-5ac856115fe6', 'JuniorSoftwareEngineer', '3', '11007');
INSERT INTO `SkillSet` (`id`) VALUES ('11008');
INSERT INTO `SkillSet_skills` (`SkillSet_id`, `skills`) VALUES ('11008', 'Java');
INSERT INTO `SkillSet_skills` (`SkillSet_id`, `skills`) VALUES ('11008', 'DotNet');
INSERT INTO `SkillSet_skills` (`SkillSet_id`, `skills`) VALUES ('11008', 'DotNet');
INSERT INTO `Mission` (`id`, `companyName`, `shortName`, `description`, `role`, `lcu_id`, `skillSet_id`) VALUES ('11008', 'Aub', 'Sauttjis', '72cecff4-6011-499b-a5ec-a26d7e55f860', 'LeadSoftwareArchitect', '3', '11008');
INSERT INTO `SkillSet` (`id`) VALUES ('11009');
INSERT INTO `SkillSet_skills` (`SkillSet_id`, `skills`) VALUES ('11009', 'Architektur');
INSERT INTO `SkillSet_skills` (`SkillSet_id`, `skills`) VALUES ('11009', 'UITesting');
INSERT INTO `Mission` (`id`, `companyName`, `shortName`, `description`, `role`, `lcu_id`, `skillSet_id`) VALUES ('11009', 'Aum', 'Yssoot', 'b1b185d1-302e-4453-917b-ca87ac9237ba', 'LeadEngineer', '3', '11009');
INSERT INTO `SkillSet` (`id`) VALUES ('11010');
INSERT INTO `SkillSet_skills` (`SkillSet_id`, `skills`) VALUES ('11010', 'Java');
INSERT INTO `SkillSet_skills` (`SkillSet_id`, `skills`) VALUES ('11010', 'Java');
INSERT INTO `Mission` (`id`, `companyName`, `shortName`, `description`, `role`, `lcu_id`, `skillSet_id`) VALUES ('11010', 'Ool', 'Ooth', 'f2db732a-8853-4984-8dc9-0a97e80d6258', 'SeniorSoftwareEngineer', '3', '11010');
INSERT INTO `SkillSet` (`id`) VALUES ('11011');
INSERT INTO `SkillSet_skills` (`SkillSet_id`, `skills`) VALUES ('11011', 'DotNet');
INSERT INTO `SkillSet_skills` (`SkillSet_id`, `skills`) VALUES ('11011', 'Maven');
INSERT INTO `SkillSet_skills` (`SkillSet_id`, `skills`) VALUES ('11011', 'UnitTesting');
INSERT INTO `SkillSet_skills` (`SkillSet_id`, `skills`) VALUES ('11011', 'SQL');
INSERT INTO `Mission` (`id`, `companyName`, `shortName`, `description`, `role`, `lcu_id`, `skillSet_id`) VALUES ('11011', 'Gloihutt', 'Foub', 'b92c7a26-97fc-4213-8587-900affb221bc', 'PrincipalConsultant', '3', '11011');
INSERT INTO `SkillSet` (`id`) VALUES ('11012');
INSERT INTO `SkillSet_skills` (`SkillSet_id`, `skills`) VALUES ('11012', 'SQL');
INSERT INTO `Mission` (`id`, `companyName`, `shortName`, `description`, `role`, `lcu_id`, `skillSet_id`) VALUES ('11012', 'Jzut', 'Aud', 'c9646347-367e-4f3f-9f8d-3c82700422ae', 'JuniorSoftwareEngineer', '3', '11012');
INSERT INTO `SkillSet` (`id`) VALUES ('11013');
INSERT INTO `SkillSet_skills` (`SkillSet_id`, `skills`) VALUES ('11013', 'Java');
INSERT INTO `SkillSet_skills` (`SkillSet_id`, `skills`) VALUES ('11013', 'Gradle');
INSERT INTO `SkillSet_skills` (`SkillSet_id`, `skills`) VALUES ('11013', 'UITesting');
INSERT INTO `Mission` (`id`, `companyName`, `shortName`, `description`, `role`, `lcu_id`, `skillSet_id`) VALUES ('11013', 'Noisteich', 'Kem', '6a411b5f-5b91-4c48-98a4-d31d9e49fa23', 'LeadEngineer', '3', '11013');
INSERT INTO `SkillSet` (`id`) VALUES ('11014');
INSERT INTO `SkillSet_skills` (`SkillSet_id`, `skills`) VALUES ('11014', 'SQL');
INSERT INTO `SkillSet_skills` (`SkillSet_id`, `skills`) VALUES ('11014', 'DotNet');
INSERT INTO `SkillSet_skills` (`SkillSet_id`, `skills`) VALUES ('11014', 'UITesting');
INSERT INTO `SkillSet_skills` (`SkillSet_id`, `skills`) VALUES ('11014', 'Ant');
INSERT INTO `Mission` (`id`, `companyName`, `shortName`, `description`, `role`, `lcu_id`, `skillSet_id`) VALUES ('11014', 'Gloushuth', 'Cofjgh', '465f20f6-9725-4b63-893b-cbbbea85773a', 'PrincipalConsultant', '3', '11014');
INSERT INTO `SkillSet` (`id`) VALUES ('11015');
INSERT INTO `SkillSet_skills` (`SkillSet_id`, `skills`) VALUES ('11015', 'Maven');
INSERT INTO `SkillSet_skills` (`SkillSet_id`, `skills`) VALUES ('11015', 'UnitTesting');
INSERT INTO `Mission` (`id`, `companyName`, `shortName`, `description`, `role`, `lcu_id`, `skillSet_id`) VALUES ('11015', 'Ih', 'Gavid', '9c95cd80-fb1f-4722-a747-0390f91d1691', 'JuniorSoftwareEngineer', '3', '11015');
INSERT INTO `SkillSet` (`id`) VALUES ('11016');
INSERT INTO `SkillSet_skills` (`SkillSet_id`, `skills`) VALUES ('11016', 'Architektur');
INSERT INTO `SkillSet_skills` (`SkillSet_id`, `skills`) VALUES ('11016', 'Java');
INSERT INTO `SkillSet_skills` (`SkillSet_id`, `skills`) VALUES ('11016', 'Java');
INSERT INTO `SkillSet_skills` (`SkillSet_id`, `skills`) VALUES ('11016', 'UnitTesting');
INSERT INTO `Mission` (`id`, `companyName`, `shortName`, `description`, `role`, `lcu_id`, `skillSet_id`) VALUES ('11016', 'Eis', 'Yv', 'ef479bb0-c5f2-4012-8f08-cd0831cc5e86', 'SoftwareEngineer', '3', '11016');
INSERT INTO `SkillSet` (`id`) VALUES ('11017');
INSERT INTO `SkillSet_skills` (`SkillSet_id`, `skills`) VALUES ('11017', 'DotNet');
INSERT INTO `SkillSet_skills` (`SkillSet_id`, `skills`) VALUES ('11017', 'Ant');
INSERT INTO `SkillSet_skills` (`SkillSet_id`, `skills`) VALUES ('11017', 'Maven');
INSERT INTO `SkillSet_skills` (`SkillSet_id`, `skills`) VALUES ('11017', 'Java');
INSERT INTO `Mission` (`id`, `companyName`, `shortName`, `description`, `role`, `lcu_id`, `skillSet_id`) VALUES ('11017', 'Enn', 'Ich', 'e102ad47-e28d-4bc7-96cd-0655df98957b', 'SoftwareEngineer', '3', '11017');
INSERT INTO `SkillSet` (`id`) VALUES ('11018');
INSERT INTO `SkillSet_skills` (`SkillSet_id`, `skills`) VALUES ('11018', 'UnitTesting');
INSERT INTO `SkillSet_skills` (`SkillSet_id`, `skills`) VALUES ('11018', 'Architektur');
INSERT INTO `SkillSet_skills` (`SkillSet_id`, `skills`) VALUES ('11018', 'Maven');
INSERT INTO `SkillSet_skills` (`SkillSet_id`, `skills`) VALUES ('11018', 'Maven');
INSERT INTO `Mission` (`id`, `companyName`, `shortName`, `description`, `role`, `lcu_id`, `skillSet_id`) VALUES ('11018', 'Rjiwouz', 'Choochiw', '5e679a1b-21f5-4d2d-aed3-28a38156d6d9', 'JuniorSoftwareEngineer', '3', '11018');
INSERT INTO `SkillSet` (`id`) VALUES ('11019');
INSERT INTO `SkillSet_skills` (`SkillSet_id`, `skills`) VALUES ('11019', 'Java');
INSERT INTO `SkillSet_skills` (`SkillSet_id`, `skills`) VALUES ('11019', 'Java');
INSERT INTO `SkillSet_skills` (`SkillSet_id`, `skills`) VALUES ('11019', 'Maven');
INSERT INTO `SkillSet_skills` (`SkillSet_id`, `skills`) VALUES ('11019', 'DotNet');
INSERT INTO `SkillSet_skills` (`SkillSet_id`, `skills`) VALUES ('11019', 'SQL');
INSERT INTO `Mission` (`id`, `companyName`, `shortName`, `description`, `role`, `lcu_id`, `skillSet_id`) VALUES ('11019', 'Auv', 'As', '814e709f-6186-4b77-b4bc-d19095dffa8e', 'SoftwareEngineer', '3', '11019');
INSERT INTO `SkillSet` (`id`) VALUES ('11020');
INSERT INTO `SkillSet_skills` (`SkillSet_id`, `skills`) VALUES ('11020', 'Ant');
INSERT INTO `SkillSet_skills` (`SkillSet_id`, `skills`) VALUES ('11020', 'DotNet');
INSERT INTO `SkillSet_skills` (`SkillSet_id`, `skills`) VALUES ('11020', 'Java');
INSERT INTO `Mission` (`id`, `companyName`, `shortName`, `description`, `role`, `lcu_id`, `skillSet_id`) VALUES ('11020', 'Hussip', 'Duch', '5bdbbb5b-61bf-43e8-8f7f-a61ca9bec619', 'LeadEngineer', '3', '11020');
INSERT INTO `SkillSet` (`id`) VALUES ('11021');
INSERT INTO `SkillSet_skills` (`SkillSet_id`, `skills`) VALUES ('11021', 'DotNet');
INSERT INTO `SkillSet_skills` (`SkillSet_id`, `skills`) VALUES ('11021', 'UnitTesting');
INSERT INTO `Mission` (`id`, `companyName`, `shortName`, `description`, `role`, `lcu_id`, `skillSet_id`) VALUES ('11021', 'Ych', 'Jst', '68e7c61d-4c7f-41d8-821a-3b0de13f479e', 'PrincipalConsultant', '3', '11021');
INSERT INTO `SkillSet` (`id`) VALUES ('11022');
INSERT INTO `SkillSet_skills` (`SkillSet_id`, `skills`) VALUES ('11022', 'UnitTesting');
INSERT INTO `SkillSet_skills` (`SkillSet_id`, `skills`) VALUES ('11022', 'UITesting');
INSERT INTO `SkillSet_skills` (`SkillSet_id`, `skills`) VALUES ('11022', 'SQL');
INSERT INTO `Mission` (`id`, `companyName`, `shortName`, `description`, `role`, `lcu_id`, `skillSet_id`) VALUES ('11022', 'Sistjb', 'Eib', '5ac4a9d1-6ae6-4ea8-9a06-a5465c3bae7e', 'LeadSoftwareArchitect', '3', '11022');
INSERT INTO `SkillSet` (`id`) VALUES ('11023');
INSERT INTO `SkillSet_skills` (`SkillSet_id`, `skills`) VALUES ('11023', 'Architektur');
INSERT INTO `SkillSet_skills` (`SkillSet_id`, `skills`) VALUES ('11023', 'SQL');
INSERT INTO `SkillSet_skills` (`SkillSet_id`, `skills`) VALUES ('11023', 'DotNet');
INSERT INTO `SkillSet_skills` (`SkillSet_id`, `skills`) VALUES ('11023', 'Maven');
INSERT INTO `SkillSet_skills` (`SkillSet_id`, `skills`) VALUES ('11023', 'Ant');
INSERT INTO `Mission` (`id`, `companyName`, `shortName`, `description`, `role`, `lcu_id`, `skillSet_id`) VALUES ('11023', 'Ool', 'Ynaug', '8df5aba9-a398-41cf-9059-51bc31035cdc', 'LeadSoftwareArchitect', '3', '11023');
INSERT INTO `SkillSet` (`id`) VALUES ('11024');
INSERT INTO `SkillSet_skills` (`SkillSet_id`, `skills`) VALUES ('11024', 'UnitTesting');
INSERT INTO `SkillSet_skills` (`SkillSet_id`, `skills`) VALUES ('11024', 'DotNet');
INSERT INTO `SkillSet_skills` (`SkillSet_id`, `skills`) VALUES ('11024', 'Gradle');
INSERT INTO `Mission` (`id`, `companyName`, `shortName`, `description`, `role`, `lcu_id`, `skillSet_id`) VALUES ('11024', 'Caish', 'Oussaid', '0d1fc6a9-3a60-4064-9de2-82ebe39c1a94', 'SoftwareEngineer', '3', '11024');
INSERT INTO `SkillSet` (`id`) VALUES ('11025');
INSERT INTO `SkillSet_skills` (`SkillSet_id`, `skills`) VALUES ('11025', 'DotNet');
INSERT INTO `SkillSet_skills` (`SkillSet_id`, `skills`) VALUES ('11025', 'Maven');
INSERT INTO `Mission` (`id`, `companyName`, `shortName`, `description`, `role`, `lcu_id`, `skillSet_id`) VALUES ('11025', 'Noosh', 'Oussaugh', '07e1bf06-c0e5-43e8-99dd-1270ef225183', 'JuniorSoftwareEngineer', '3', '11025');
INSERT INTO `SkillSet` (`id`) VALUES ('11026');
INSERT INTO `SkillSet_skills` (`SkillSet_id`, `skills`) VALUES ('11026', 'Gradle');
INSERT INTO `SkillSet_skills` (`SkillSet_id`, `skills`) VALUES ('11026', 'Maven');
INSERT INTO `SkillSet_skills` (`SkillSet_id`, `skills`) VALUES ('11026', 'Gradle');
INSERT INTO `SkillSet_skills` (`SkillSet_id`, `skills`) VALUES ('11026', 'Gradle');
INSERT INTO `SkillSet_skills` (`SkillSet_id`, `skills`) VALUES ('11026', 'Architektur');
INSERT INTO `Mission` (`id`, `companyName`, `shortName`, `description`, `role`, `lcu_id`, `skillSet_id`) VALUES ('11026', 'Breb', 'Qook', '4265d7f4-8786-4edf-95d0-dc6732b68c94', 'SoftwareEngineer', '3', '11026');
INSERT INTO `SkillSet` (`id`) VALUES ('11027');
INSERT INTO `SkillSet_skills` (`SkillSet_id`, `skills`) VALUES ('11027', 'DotNet');
INSERT INTO `SkillSet_skills` (`SkillSet_id`, `skills`) VALUES ('11027', 'Java');
INSERT INTO `SkillSet_skills` (`SkillSet_id`, `skills`) VALUES ('11027', 'Gradle');
INSERT INTO `SkillSet_skills` (`SkillSet_id`, `skills`) VALUES ('11027', 'SQL');
INSERT INTO `SkillSet_skills` (`SkillSet_id`, `skills`) VALUES ('11027', 'Maven');
INSERT INTO `Mission` (`id`, `companyName`, `shortName`, `description`, `role`, `lcu_id`, `skillSet_id`) VALUES ('11027', 'Or', 'Prydal', '96194071-c8d9-4209-b4c1-91a4f09b0b54', 'PrincipalConsultant', '3', '11027');
INSERT INTO `SkillSet` (`id`) VALUES ('11028');
INSERT INTO `SkillSet_skills` (`SkillSet_id`, `skills`) VALUES ('11028', 'Ant');
INSERT INTO `SkillSet_skills` (`SkillSet_id`, `skills`) VALUES ('11028', 'Gradle');
INSERT INTO `SkillSet_skills` (`SkillSet_id`, `skills`) VALUES ('11028', 'Gradle');
INSERT INTO `SkillSet_skills` (`SkillSet_id`, `skills`) VALUES ('11028', 'Gradle');
INSERT INTO `SkillSet_skills` (`SkillSet_id`, `skills`) VALUES ('11028', 'SQL');
INSERT INTO `Mission` (`id`, `companyName`, `shortName`, `description`, `role`, `lcu_id`, `skillSet_id`) VALUES ('11028', 'Zych', 'Oun', 'fe6fc564-0112-4f00-9f81-cea80c27c40e', 'SeniorSoftwareEngineer', '3', '11028');
INSERT INTO `SkillSet` (`id`) VALUES ('11029');
INSERT INTO `SkillSet_skills` (`SkillSet_id`, `skills`) VALUES ('11029', 'Architektur');
INSERT INTO `Mission` (`id`, `companyName`, `shortName`, `description`, `role`, `lcu_id`, `skillSet_id`) VALUES ('11029', 'Oohen', 'Tinnov', '9c70b88a-b02f-4e10-8ce2-41a176ddf141', 'SeniorSoftwareEngineer', '3', '11029');
INSERT INTO `SkillSet` (`id`) VALUES ('11030');
INSERT INTO `SkillSet_skills` (`SkillSet_id`, `skills`) VALUES ('11030', 'DotNet');
INSERT INTO `SkillSet_skills` (`SkillSet_id`, `skills`) VALUES ('11030', 'SQL');
INSERT INTO `SkillSet_skills` (`SkillSet_id`, `skills`) VALUES ('11030', 'UnitTesting');
INSERT INTO `Mission` (`id`, `companyName`, `shortName`, `description`, `role`, `lcu_id`, `skillSet_id`) VALUES ('11030', 'Glynt', 'Stitt', '0571b66f-5910-428f-ad9a-0d932f3d4afe', 'SeniorSoftwareEngineer', '3', '11030');
INSERT INTO `SkillSet` (`id`) VALUES ('11031');
INSERT INTO `SkillSet_skills` (`SkillSet_id`, `skills`) VALUES ('11031', 'UnitTesting');
INSERT INTO `SkillSet_skills` (`SkillSet_id`, `skills`) VALUES ('11031', 'DotNet');
INSERT INTO `SkillSet_skills` (`SkillSet_id`, `skills`) VALUES ('11031', 'Ant');
INSERT INTO `SkillSet_skills` (`SkillSet_id`, `skills`) VALUES ('11031', 'UITesting');
INSERT INTO `Mission` (`id`, `companyName`, `shortName`, `description`, `role`, `lcu_id`, `skillSet_id`) VALUES ('11031', 'Ausain', 'Blin', '4f3faddb-de33-45b7-885a-1564c5bd5afc', 'LeadEngineer', '3', '11031');
INSERT INTO `SkillSet` (`id`) VALUES ('11032');
INSERT INTO `SkillSet_skills` (`SkillSet_id`, `skills`) VALUES ('11032', 'DotNet');
INSERT INTO `SkillSet_skills` (`SkillSet_id`, `skills`) VALUES ('11032', 'Architektur');
INSERT INTO `SkillSet_skills` (`SkillSet_id`, `skills`) VALUES ('11032', 'SQL');
INSERT INTO `Mission` (`id`, `companyName`, `shortName`, `description`, `role`, `lcu_id`, `skillSet_id`) VALUES ('11032', 'Aishym', 'Tauh', 'c60ee9af-4d10-4e36-8a83-ba2c862914a8', 'LeadEngineer', '3', '11032');
INSERT INTO `SkillSet` (`id`) VALUES ('11033');
INSERT INTO `SkillSet_skills` (`SkillSet_id`, `skills`) VALUES ('11033', 'Ant');
INSERT INTO `SkillSet_skills` (`SkillSet_id`, `skills`) VALUES ('11033', 'Ant');
INSERT INTO `SkillSet_skills` (`SkillSet_id`, `skills`) VALUES ('11033', 'Ant');
INSERT INTO `SkillSet_skills` (`SkillSet_id`, `skills`) VALUES ('11033', 'Java');
INSERT INTO `SkillSet_skills` (`SkillSet_id`, `skills`) VALUES ('11033', 'UnitTesting');
INSERT INTO `Mission` (`id`, `companyName`, `shortName`, `description`, `role`, `lcu_id`, `skillSet_id`) VALUES ('11033', 'Jid', 'Uwug', '9b0471c0-bdf9-4f77-906f-3b7a397487c7', 'SeniorSoftwareEngineer', '3', '11033');
INSERT INTO `SkillSet` (`id`) VALUES ('11034');
INSERT INTO `SkillSet_skills` (`SkillSet_id`, `skills`) VALUES ('11034', 'SQL');
INSERT INTO `SkillSet_skills` (`SkillSet_id`, `skills`) VALUES ('11034', 'Architektur');
INSERT INTO `Mission` (`id`, `companyName`, `shortName`, `description`, `role`, `lcu_id`, `skillSet_id`) VALUES ('11034', 'Oipeth', 'Chapf', '9a856d67-1216-4342-8bcd-cf2f5604b399', 'JuniorSoftwareEngineer', '3', '11034');
INSERT INTO `SkillSet` (`id`) VALUES ('11035');
INSERT INTO `SkillSet_skills` (`SkillSet_id`, `skills`) VALUES ('11035', 'Ant');
INSERT INTO `Mission` (`id`, `companyName`, `shortName`, `description`, `role`, `lcu_id`, `skillSet_id`) VALUES ('11035', 'Toiss', 'Ess', '0174cf92-5d82-4933-9db6-3d61071e02cd', 'LeadEngineer', '3', '11035');
INSERT INTO `SkillSet` (`id`) VALUES ('11036');
INSERT INTO `SkillSet_skills` (`SkillSet_id`, `skills`) VALUES ('11036', 'UnitTesting');
INSERT INTO `SkillSet_skills` (`SkillSet_id`, `skills`) VALUES ('11036', 'Maven');
INSERT INTO `SkillSet_skills` (`SkillSet_id`, `skills`) VALUES ('11036', 'Java');
INSERT INTO `SkillSet_skills` (`SkillSet_id`, `skills`) VALUES ('11036', 'DotNet');
INSERT INTO `SkillSet_skills` (`SkillSet_id`, `skills`) VALUES ('11036', 'Architektur');
INSERT INTO `Mission` (`id`, `companyName`, `shortName`, `description`, `role`, `lcu_id`, `skillSet_id`) VALUES ('11036', 'Ouf', 'Baraub', '0db6341c-28e0-4636-9cf3-9c9795128e42', 'SoftwareEngineer', '3', '11036');
INSERT INTO `SkillSet` (`id`) VALUES ('11037');
INSERT INTO `SkillSet_skills` (`SkillSet_id`, `skills`) VALUES ('11037', 'SQL');
INSERT INTO `SkillSet_skills` (`SkillSet_id`, `skills`) VALUES ('11037', 'Java');
INSERT INTO `SkillSet_skills` (`SkillSet_id`, `skills`) VALUES ('11037', 'UITesting');
INSERT INTO `Mission` (`id`, `companyName`, `shortName`, `description`, `role`, `lcu_id`, `skillSet_id`) VALUES ('11037', 'Oibett', 'Flausjz', '0b1a3199-0818-4f08-afca-415fc001b3f0', 'SoftwareEngineer', '3', '11037');
INSERT INTO `SkillSet` (`id`) VALUES ('11038');
INSERT INTO `SkillSet_skills` (`SkillSet_id`, `skills`) VALUES ('11038', 'SQL');
INSERT INTO `SkillSet_skills` (`SkillSet_id`, `skills`) VALUES ('11038', 'Architektur');
INSERT INTO `Mission` (`id`, `companyName`, `shortName`, `description`, `role`, `lcu_id`, `skillSet_id`) VALUES ('11038', 'Byth', 'Jt', '9c8d2461-97ac-4d79-bd8f-3d08a3e364be', 'SoftwareEngineer', '3', '11038');
INSERT INTO `SkillSet` (`id`) VALUES ('11039');
INSERT INTO `SkillSet_skills` (`SkillSet_id`, `skills`) VALUES ('11039', 'Ant');
INSERT INTO `SkillSet_skills` (`SkillSet_id`, `skills`) VALUES ('11039', 'UITesting');
INSERT INTO `SkillSet_skills` (`SkillSet_id`, `skills`) VALUES ('11039', 'UITesting');
INSERT INTO `SkillSet_skills` (`SkillSet_id`, `skills`) VALUES ('11039', 'Architektur');
INSERT INTO `SkillSet_skills` (`SkillSet_id`, `skills`) VALUES ('11039', 'Ant');
INSERT INTO `Mission` (`id`, `companyName`, `shortName`, `description`, `role`, `lcu_id`, `skillSet_id`) VALUES ('11039', 'Qogup', 'Qoinn', '93314781-bd53-4492-9bb7-90652d4434db', 'SoftwareEngineer', '3', '11039');
INSERT INTO `SkillSet` (`id`) VALUES ('11040');
INSERT INTO `SkillSet_skills` (`SkillSet_id`, `skills`) VALUES ('11040', 'Maven');
INSERT INTO `SkillSet_skills` (`SkillSet_id`, `skills`) VALUES ('11040', 'DotNet');
INSERT INTO `SkillSet_skills` (`SkillSet_id`, `skills`) VALUES ('11040', 'SQL');
INSERT INTO `SkillSet_skills` (`SkillSet_id`, `skills`) VALUES ('11040', 'Maven');
INSERT INTO `SkillSet_skills` (`SkillSet_id`, `skills`) VALUES ('11040', 'SQL');
INSERT INTO `Mission` (`id`, `companyName`, `shortName`, `description`, `role`, `lcu_id`, `skillSet_id`) VALUES ('11040', 'Ukeid', 'Kounn', 'ba6f5a00-f6db-4847-9326-73dd5f56d3d2', 'JuniorSoftwareEngineer', '3', '11040');
INSERT INTO `SkillSet` (`id`) VALUES ('11041');
INSERT INTO `SkillSet_skills` (`SkillSet_id`, `skills`) VALUES ('11041', 'Maven');
INSERT INTO `SkillSet_skills` (`SkillSet_id`, `skills`) VALUES ('11041', 'Ant');
INSERT INTO `SkillSet_skills` (`SkillSet_id`, `skills`) VALUES ('11041', 'SQL');
INSERT INTO `Mission` (`id`, `companyName`, `shortName`, `description`, `role`, `lcu_id`, `skillSet_id`) VALUES ('11041', 'Aisoib', 'Zaiss', 'd2403442-4d3f-481a-bc53-30fb6a1a8ae6', 'SoftwareEngineer', '3', '11041');
INSERT INTO `SkillSet` (`id`) VALUES ('11042');
INSERT INTO `SkillSet_skills` (`SkillSet_id`, `skills`) VALUES ('11042', 'UITesting');
INSERT INTO `SkillSet_skills` (`SkillSet_id`, `skills`) VALUES ('11042', 'UnitTesting');
INSERT INTO `SkillSet_skills` (`SkillSet_id`, `skills`) VALUES ('11042', 'UITesting');
INSERT INTO `SkillSet_skills` (`SkillSet_id`, `skills`) VALUES ('11042', 'UnitTesting');
INSERT INTO `SkillSet_skills` (`SkillSet_id`, `skills`) VALUES ('11042', 'Gradle');
INSERT INTO `Mission` (`id`, `companyName`, `shortName`, `description`, `role`, `lcu_id`, `skillSet_id`) VALUES ('11042', 'Vouwant', 'Chjish', 'eed83b68-658e-4d18-a7bd-09e72ed0ad7b', 'JuniorSoftwareEngineer', '3', '11042');
INSERT INTO `SkillSet` (`id`) VALUES ('11043');
INSERT INTO `SkillSet_skills` (`SkillSet_id`, `skills`) VALUES ('11043', 'Gradle');
INSERT INTO `SkillSet_skills` (`SkillSet_id`, `skills`) VALUES ('11043', 'Java');
INSERT INTO `Mission` (`id`, `companyName`, `shortName`, `description`, `role`, `lcu_id`, `skillSet_id`) VALUES ('11043', 'Flauluf', 'Shykeif', 'f463003c-3976-4958-bfef-d4464221ead3', 'SeniorSoftwareEngineer', '3', '11043');
INSERT INTO `SkillSet` (`id`) VALUES ('11044');
INSERT INTO `SkillSet_skills` (`SkillSet_id`, `skills`) VALUES ('11044', 'Java');
INSERT INTO `Mission` (`id`, `companyName`, `shortName`, `description`, `role`, `lcu_id`, `skillSet_id`) VALUES ('11044', 'Mapf', 'Aipf', '219abe9c-9c8b-412f-a1ac-eed8c5c29d86', 'LeadSoftwareArchitect', '3', '11044');
INSERT INTO `SkillSet` (`id`) VALUES ('11045');
INSERT INTO `SkillSet_skills` (`SkillSet_id`, `skills`) VALUES ('11045', 'UITesting');
INSERT INTO `SkillSet_skills` (`SkillSet_id`, `skills`) VALUES ('11045', 'UITesting');
INSERT INTO `SkillSet_skills` (`SkillSet_id`, `skills`) VALUES ('11045', 'DotNet');
INSERT INTO `SkillSet_skills` (`SkillSet_id`, `skills`) VALUES ('11045', 'Gradle');
INSERT INTO `SkillSet_skills` (`SkillSet_id`, `skills`) VALUES ('11045', 'DotNet');
INSERT INTO `Mission` (`id`, `companyName`, `shortName`, `description`, `role`, `lcu_id`, `skillSet_id`) VALUES ('11045', 'Ul', 'Wait', '7a8b2045-4aa4-4eff-ae2e-9c935aaf06eb', 'JuniorSoftwareEngineer', '3', '11045');
INSERT INTO `SkillSet` (`id`) VALUES ('11046');
INSERT INTO `SkillSet_skills` (`SkillSet_id`, `skills`) VALUES ('11046', 'Java');
INSERT INTO `SkillSet_skills` (`SkillSet_id`, `skills`) VALUES ('11046', 'SQL');
INSERT INTO `SkillSet_skills` (`SkillSet_id`, `skills`) VALUES ('11046', 'Gradle');
INSERT INTO `SkillSet_skills` (`SkillSet_id`, `skills`) VALUES ('11046', 'Java');
INSERT INTO `SkillSet_skills` (`SkillSet_id`, `skills`) VALUES ('11046', 'DotNet');
INSERT INTO `Mission` (`id`, `companyName`, `shortName`, `description`, `role`, `lcu_id`, `skillSet_id`) VALUES ('11046', 'Chostes', 'Up', '916eebbe-e036-4c2a-80ab-6256be1fcc8c', 'LeadEngineer', '3', '11046');
INSERT INTO `SkillSet` (`id`) VALUES ('11047');
INSERT INTO `SkillSet_skills` (`SkillSet_id`, `skills`) VALUES ('11047', 'Gradle');
INSERT INTO `SkillSet_skills` (`SkillSet_id`, `skills`) VALUES ('11047', 'Architektur');
INSERT INTO `SkillSet_skills` (`SkillSet_id`, `skills`) VALUES ('11047', 'Gradle');
INSERT INTO `SkillSet_skills` (`SkillSet_id`, `skills`) VALUES ('11047', 'UITesting');
INSERT INTO `SkillSet_skills` (`SkillSet_id`, `skills`) VALUES ('11047', 'Java');
INSERT INTO `Mission` (`id`, `companyName`, `shortName`, `description`, `role`, `lcu_id`, `skillSet_id`) VALUES ('11047', 'Hopout', 'Kiw', 'b4fc23c1-ee42-489b-bb09-edaf3eecc277', 'LeadEngineer', '3', '11047');
INSERT INTO `SkillSet` (`id`) VALUES ('11048');
INSERT INTO `SkillSet_skills` (`SkillSet_id`, `skills`) VALUES ('11048', 'Gradle');
INSERT INTO `SkillSet_skills` (`SkillSet_id`, `skills`) VALUES ('11048', 'DotNet');
INSERT INTO `SkillSet_skills` (`SkillSet_id`, `skills`) VALUES ('11048', 'Maven');
INSERT INTO `Mission` (`id`, `companyName`, `shortName`, `description`, `role`, `lcu_id`, `skillSet_id`) VALUES ('11048', 'Brjith', 'Nyleinn', '9f5f6502-df59-4e99-850b-f11020bcab9a', 'SoftwareEngineer', '3', '11048');
INSERT INTO `SkillSet` (`id`) VALUES ('11049');
INSERT INTO `SkillSet_skills` (`SkillSet_id`, `skills`) VALUES ('11049', 'DotNet');
INSERT INTO `Mission` (`id`, `companyName`, `shortName`, `description`, `role`, `lcu_id`, `skillSet_id`) VALUES ('11049', 'Qoib', 'Ugh', '92057193-1fa6-4e66-9a0c-ce4ec2be7035', 'LeadSoftwareArchitect', '3', '11049');
INSERT INTO `SkillSet` (`id`) VALUES ('11050');
INSERT INTO `SkillSet_skills` (`SkillSet_id`, `skills`) VALUES ('11050', 'Java');
INSERT INTO `SkillSet_skills` (`SkillSet_id`, `skills`) VALUES ('11050', 'SQL');
INSERT INTO `SkillSet_skills` (`SkillSet_id`, `skills`) VALUES ('11050', 'Maven');
INSERT INTO `Mission` (`id`, `companyName`, `shortName`, `description`, `role`, `lcu_id`, `skillSet_id`) VALUES ('11050', 'Aif', 'Memouss', '7e1b4bc6-73b2-490d-87cb-bb0f026c8998', 'LeadSoftwareArchitect', '3', '11050');
INSERT INTO `SkillSet` (`id`) VALUES ('11051');
INSERT INTO `SkillSet_skills` (`SkillSet_id`, `skills`) VALUES ('11051', 'DotNet');
INSERT INTO `Mission` (`id`, `companyName`, `shortName`, `description`, `role`, `lcu_id`, `skillSet_id`) VALUES ('11051', 'Opap', 'Itjil', '7ff0891c-2fa5-4d99-9727-9585704d6ae3', 'JuniorSoftwareEngineer', '3', '11051');
INSERT INTO `SkillSet` (`id`) VALUES ('11052');
INSERT INTO `SkillSet_skills` (`SkillSet_id`, `skills`) VALUES ('11052', 'DotNet');
INSERT INTO `SkillSet_skills` (`SkillSet_id`, `skills`) VALUES ('11052', 'DotNet');
INSERT INTO `SkillSet_skills` (`SkillSet_id`, `skills`) VALUES ('11052', 'Architektur');
INSERT INTO `SkillSet_skills` (`SkillSet_id`, `skills`) VALUES ('11052', 'UnitTesting');
INSERT INTO `SkillSet_skills` (`SkillSet_id`, `skills`) VALUES ('11052', 'Java');
INSERT INTO `Mission` (`id`, `companyName`, `shortName`, `description`, `role`, `lcu_id`, `skillSet_id`) VALUES ('11052', 'Ub', 'Steinn', 'bc9e4486-9935-468d-9f16-3ca8752f848b', 'SoftwareEngineer', '3', '11052');
INSERT INTO `SkillSet` (`id`) VALUES ('11053');
INSERT INTO `SkillSet_skills` (`SkillSet_id`, `skills`) VALUES ('11053', 'UnitTesting');
INSERT INTO `SkillSet_skills` (`SkillSet_id`, `skills`) VALUES ('11053', 'Architektur');
INSERT INTO `SkillSet_skills` (`SkillSet_id`, `skills`) VALUES ('11053', 'SQL');
INSERT INTO `SkillSet_skills` (`SkillSet_id`, `skills`) VALUES ('11053', 'Java');
INSERT INTO `SkillSet_skills` (`SkillSet_id`, `skills`) VALUES ('11053', 'DotNet');
INSERT INTO `Mission` (`id`, `companyName`, `shortName`, `description`, `role`, `lcu_id`, `skillSet_id`) VALUES ('11053', 'Ain', 'Ount', '18eca92c-6d9d-42d7-8861-fa41ffee9a28', 'SoftwareEngineer', '3', '11053');
INSERT INTO `SkillSet` (`id`) VALUES ('11054');
INSERT INTO `SkillSet_skills` (`SkillSet_id`, `skills`) VALUES ('11054', 'Maven');
INSERT INTO `SkillSet_skills` (`SkillSet_id`, `skills`) VALUES ('11054', 'Ant');
INSERT INTO `SkillSet_skills` (`SkillSet_id`, `skills`) VALUES ('11054', 'UITesting');
INSERT INTO `Mission` (`id`, `companyName`, `shortName`, `description`, `role`, `lcu_id`, `skillSet_id`) VALUES ('11054', 'Qyst', 'Inyb', 'bd3bcdf0-4260-4e51-bd8b-dea27692769e', 'JuniorSoftwareEngineer', '3', '11054');
INSERT INTO `SkillSet` (`id`) VALUES ('11055');
INSERT INTO `SkillSet_skills` (`SkillSet_id`, `skills`) VALUES ('11055', 'Ant');
INSERT INTO `SkillSet_skills` (`SkillSet_id`, `skills`) VALUES ('11055', 'UITesting');
INSERT INTO `Mission` (`id`, `companyName`, `shortName`, `description`, `role`, `lcu_id`, `skillSet_id`) VALUES ('11055', 'Meitooh', 'Eigiz', 'd129f09b-a6ff-48b5-a6dc-cd42d2cb9986', 'SeniorSoftwareEngineer', '3', '11055');
INSERT INTO `SkillSet` (`id`) VALUES ('11056');
INSERT INTO `SkillSet_skills` (`SkillSet_id`, `skills`) VALUES ('11056', 'Architektur');
INSERT INTO `SkillSet_skills` (`SkillSet_id`, `skills`) VALUES ('11056', 'Ant');
INSERT INTO `SkillSet_skills` (`SkillSet_id`, `skills`) VALUES ('11056', 'Gradle');
INSERT INTO `SkillSet_skills` (`SkillSet_id`, `skills`) VALUES ('11056', 'Ant');
INSERT INTO `SkillSet_skills` (`SkillSet_id`, `skills`) VALUES ('11056', 'SQL');
INSERT INTO `Mission` (`id`, `companyName`, `shortName`, `description`, `role`, `lcu_id`, `skillSet_id`) VALUES ('11056', 'Bljigh', 'Jsaup', 'a88b0687-f056-49c7-883f-7e1bf99ac2ee', 'PrincipalConsultant', '3', '11056');
INSERT INTO `SkillSet` (`id`) VALUES ('11057');
INSERT INTO `SkillSet_skills` (`SkillSet_id`, `skills`) VALUES ('11057', 'Architektur');
INSERT INTO `SkillSet_skills` (`SkillSet_id`, `skills`) VALUES ('11057', 'Architektur');
INSERT INTO `SkillSet_skills` (`SkillSet_id`, `skills`) VALUES ('11057', 'Gradle');
INSERT INTO `SkillSet_skills` (`SkillSet_id`, `skills`) VALUES ('11057', 'Maven');
INSERT INTO `Mission` (`id`, `companyName`, `shortName`, `description`, `role`, `lcu_id`, `skillSet_id`) VALUES ('11057', 'Ein', 'Wuw', '66378cee-047f-4ea6-be9e-3c663aefd9b7', 'SoftwareEngineer', '3', '11057');
INSERT INTO `SkillSet` (`id`) VALUES ('11058');
INSERT INTO `SkillSet_skills` (`SkillSet_id`, `skills`) VALUES ('11058', 'Ant');
INSERT INTO `SkillSet_skills` (`SkillSet_id`, `skills`) VALUES ('11058', 'DotNet');
INSERT INTO `SkillSet_skills` (`SkillSet_id`, `skills`) VALUES ('11058', 'SQL');
INSERT INTO `SkillSet_skills` (`SkillSet_id`, `skills`) VALUES ('11058', 'Ant');
INSERT INTO `SkillSet_skills` (`SkillSet_id`, `skills`) VALUES ('11058', 'UITesting');
INSERT INTO `Mission` (`id`, `companyName`, `shortName`, `description`, `role`, `lcu_id`, `skillSet_id`) VALUES ('11058', 'Staupjr', 'Gljleich', 'cd9973b6-4257-45c1-bbe3-0a87d5014283', 'PrincipalConsultant', '3', '11058');
INSERT INTO `SkillSet` (`id`) VALUES ('11059');
INSERT INTO `SkillSet_skills` (`SkillSet_id`, `skills`) VALUES ('11059', 'DotNet');
INSERT INTO `SkillSet_skills` (`SkillSet_id`, `skills`) VALUES ('11059', 'Ant');
INSERT INTO `Mission` (`id`, `companyName`, `shortName`, `description`, `role`, `lcu_id`, `skillSet_id`) VALUES ('11059', 'Thugott', 'Oohaith', 'a246ba61-f07c-434a-bfb5-70ccfb8d395a', 'LeadEngineer', '3', '11059');
INSERT INTO `SkillSet` (`id`) VALUES ('11060');
INSERT INTO `SkillSet_skills` (`SkillSet_id`, `skills`) VALUES ('11060', 'Architektur');
INSERT INTO `Mission` (`id`, `companyName`, `shortName`, `description`, `role`, `lcu_id`, `skillSet_id`) VALUES ('11060', 'Augoit', 'Zer', 'b04c5121-047a-45c2-a6cd-530dabec2ec7', 'JuniorSoftwareEngineer', '3', '11060');
INSERT INTO `SkillSet` (`id`) VALUES ('11061');
INSERT INTO `SkillSet_skills` (`SkillSet_id`, `skills`) VALUES ('11061', 'Ant');
INSERT INTO `SkillSet_skills` (`SkillSet_id`, `skills`) VALUES ('11061', 'Gradle');
INSERT INTO `Mission` (`id`, `companyName`, `shortName`, `description`, `role`, `lcu_id`, `skillSet_id`) VALUES ('11061', 'Thjid', 'Oiw', '9f443e0a-37b2-4d54-98f1-d87e97faa02d', 'LeadEngineer', '3', '11061');
INSERT INTO `SkillSet` (`id`) VALUES ('11062');
INSERT INTO `SkillSet_skills` (`SkillSet_id`, `skills`) VALUES ('11062', 'DotNet');
INSERT INTO `SkillSet_skills` (`SkillSet_id`, `skills`) VALUES ('11062', 'Architektur');
INSERT INTO `Mission` (`id`, `companyName`, `shortName`, `description`, `role`, `lcu_id`, `skillSet_id`) VALUES ('11062', 'Al', 'Yss', '4986038d-8926-4799-b2f8-9de8a2aa39b7', 'JuniorSoftwareEngineer', '3', '11062');
INSERT INTO `SkillSet` (`id`) VALUES ('11063');
INSERT INTO `SkillSet_skills` (`SkillSet_id`, `skills`) VALUES ('11063', 'Architektur');
INSERT INTO `SkillSet_skills` (`SkillSet_id`, `skills`) VALUES ('11063', 'SQL');
INSERT INTO `SkillSet_skills` (`SkillSet_id`, `skills`) VALUES ('11063', 'Java');
INSERT INTO `SkillSet_skills` (`SkillSet_id`, `skills`) VALUES ('11063', 'Java');
INSERT INTO `SkillSet_skills` (`SkillSet_id`, `skills`) VALUES ('11063', 'Ant');
INSERT INTO `Mission` (`id`, `companyName`, `shortName`, `description`, `role`, `lcu_id`, `skillSet_id`) VALUES ('11063', 'Hjstin', 'Boof', 'd069fe34-ca66-4cd1-bde1-980309d7b2a2', 'LeadEngineer', '3', '11063');
INSERT INTO `SkillSet` (`id`) VALUES ('11064');
INSERT INTO `SkillSet_skills` (`SkillSet_id`, `skills`) VALUES ('11064', 'DotNet');
INSERT INTO `SkillSet_skills` (`SkillSet_id`, `skills`) VALUES ('11064', 'Architektur');
INSERT INTO `SkillSet_skills` (`SkillSet_id`, `skills`) VALUES ('11064', 'Gradle');
INSERT INTO `SkillSet_skills` (`SkillSet_id`, `skills`) VALUES ('11064', 'Ant');
INSERT INTO `SkillSet_skills` (`SkillSet_id`, `skills`) VALUES ('11064', 'Architektur');
INSERT INTO `Mission` (`id`, `companyName`, `shortName`, `description`, `role`, `lcu_id`, `skillSet_id`) VALUES ('11064', 'Sottaish', 'Eth', 'a4b33226-63b5-40f4-b1c7-b4df848579f4', 'SeniorSoftwareEngineer', '3', '11064');
INSERT INTO `SkillSet` (`id`) VALUES ('11065');
INSERT INTO `SkillSet_skills` (`SkillSet_id`, `skills`) VALUES ('11065', 'UnitTesting');
INSERT INTO `SkillSet_skills` (`SkillSet_id`, `skills`) VALUES ('11065', 'Ant');
INSERT INTO `SkillSet_skills` (`SkillSet_id`, `skills`) VALUES ('11065', 'Java');
INSERT INTO `SkillSet_skills` (`SkillSet_id`, `skills`) VALUES ('11065', 'Java');
INSERT INTO `Mission` (`id`, `companyName`, `shortName`, `description`, `role`, `lcu_id`, `skillSet_id`) VALUES ('11065', 'Inoist', 'Ed', '42e71163-6035-49a0-bdba-76c497e18d48', 'PrincipalConsultant', '3', '11065');
INSERT INTO `SkillSet` (`id`) VALUES ('11066');
INSERT INTO `SkillSet_skills` (`SkillSet_id`, `skills`) VALUES ('11066', 'Architektur');
INSERT INTO `SkillSet_skills` (`SkillSet_id`, `skills`) VALUES ('11066', 'Gradle');
INSERT INTO `SkillSet_skills` (`SkillSet_id`, `skills`) VALUES ('11066', 'Gradle');
INSERT INTO `SkillSet_skills` (`SkillSet_id`, `skills`) VALUES ('11066', 'SQL');
INSERT INTO `SkillSet_skills` (`SkillSet_id`, `skills`) VALUES ('11066', 'Java');
INSERT INTO `Mission` (`id`, `companyName`, `shortName`, `description`, `role`, `lcu_id`, `skillSet_id`) VALUES ('11066', 'Oish', 'Chiveiss', '5405542c-f336-4ac6-a927-bc7ecd10a052', 'LeadSoftwareArchitect', '3', '11066');
INSERT INTO `SkillSet` (`id`) VALUES ('11067');
INSERT INTO `SkillSet_skills` (`SkillSet_id`, `skills`) VALUES ('11067', 'Architektur');
INSERT INTO `SkillSet_skills` (`SkillSet_id`, `skills`) VALUES ('11067', 'DotNet');
INSERT INTO `SkillSet_skills` (`SkillSet_id`, `skills`) VALUES ('11067', 'Java');
INSERT INTO `SkillSet_skills` (`SkillSet_id`, `skills`) VALUES ('11067', 'DotNet');
INSERT INTO `Mission` (`id`, `companyName`, `shortName`, `description`, `role`, `lcu_id`, `skillSet_id`) VALUES ('11067', 'Osh', 'Bass', 'f6e4a4cd-ff0c-4024-b71b-20485a5f78ac', 'SoftwareEngineer', '3', '11067');
INSERT INTO `SkillSet` (`id`) VALUES ('11068');
INSERT INTO `SkillSet_skills` (`SkillSet_id`, `skills`) VALUES ('11068', 'Gradle');
INSERT INTO `SkillSet_skills` (`SkillSet_id`, `skills`) VALUES ('11068', 'Ant');
INSERT INTO `SkillSet_skills` (`SkillSet_id`, `skills`) VALUES ('11068', 'Architektur');
INSERT INTO `SkillSet_skills` (`SkillSet_id`, `skills`) VALUES ('11068', 'Ant');
INSERT INTO `Mission` (`id`, `companyName`, `shortName`, `description`, `role`, `lcu_id`, `skillSet_id`) VALUES ('11068', 'Lathett', 'Ethjir', '6bc4432b-98c6-4d9e-b48e-f7e386ee04ad', 'LeadSoftwareArchitect', '3', '11068');
INSERT INTO `SkillSet` (`id`) VALUES ('11069');
INSERT INTO `SkillSet_skills` (`SkillSet_id`, `skills`) VALUES ('11069', 'Gradle');
INSERT INTO `SkillSet_skills` (`SkillSet_id`, `skills`) VALUES ('11069', 'UITesting');
INSERT INTO `SkillSet_skills` (`SkillSet_id`, `skills`) VALUES ('11069', 'Gradle');
INSERT INTO `Mission` (`id`, `companyName`, `shortName`, `description`, `role`, `lcu_id`, `skillSet_id`) VALUES ('11069', 'Floidjtt', 'Oupf', '9043c11e-634a-46ce-9d52-8301f60dd769', 'PrincipalConsultant', '3', '11069');
INSERT INTO `SkillSet` (`id`) VALUES ('11070');
INSERT INTO `SkillSet_skills` (`SkillSet_id`, `skills`) VALUES ('11070', 'SQL');
INSERT INTO `SkillSet_skills` (`SkillSet_id`, `skills`) VALUES ('11070', 'DotNet');
INSERT INTO `Mission` (`id`, `companyName`, `shortName`, `description`, `role`, `lcu_id`, `skillSet_id`) VALUES ('11070', 'Naintjg', 'Costin', '33402b00-6549-4d53-878a-bab3537519bd', 'LeadEngineer', '3', '11070');
INSERT INTO `SkillSet` (`id`) VALUES ('11071');
INSERT INTO `SkillSet_skills` (`SkillSet_id`, `skills`) VALUES ('11071', 'SQL');
INSERT INTO `SkillSet_skills` (`SkillSet_id`, `skills`) VALUES ('11071', 'Ant');
INSERT INTO `Mission` (`id`, `companyName`, `shortName`, `description`, `role`, `lcu_id`, `skillSet_id`) VALUES ('11071', 'Flouh', 'Niwoun', '91247105-fabb-4eb5-806d-5ed4c05b084e', 'PrincipalConsultant', '3', '11071');
INSERT INTO `SkillSet` (`id`) VALUES ('11072');
INSERT INTO `SkillSet_skills` (`SkillSet_id`, `skills`) VALUES ('11072', 'Ant');
INSERT INTO `SkillSet_skills` (`SkillSet_id`, `skills`) VALUES ('11072', 'SQL');
INSERT INTO `SkillSet_skills` (`SkillSet_id`, `skills`) VALUES ('11072', 'Architektur');
INSERT INTO `Mission` (`id`, `companyName`, `shortName`, `description`, `role`, `lcu_id`, `skillSet_id`) VALUES ('11072', 'Ust', 'Apf', '420c8159-7e92-4de8-9ca4-ff8fa30596d6', 'SeniorSoftwareEngineer', '3', '11072');
INSERT INTO `SkillSet` (`id`) VALUES ('11073');
INSERT INTO `SkillSet_skills` (`SkillSet_id`, `skills`) VALUES ('11073', 'UITesting');
INSERT INTO `SkillSet_skills` (`SkillSet_id`, `skills`) VALUES ('11073', 'DotNet');
INSERT INTO `SkillSet_skills` (`SkillSet_id`, `skills`) VALUES ('11073', 'SQL');
INSERT INTO `SkillSet_skills` (`SkillSet_id`, `skills`) VALUES ('11073', 'DotNet');
INSERT INTO `SkillSet_skills` (`SkillSet_id`, `skills`) VALUES ('11073', 'Architektur');
INSERT INTO `Mission` (`id`, `companyName`, `shortName`, `description`, `role`, `lcu_id`, `skillSet_id`) VALUES ('11073', 'Kjkauv', 'Onnoth', '0964a8fe-0f3a-4ca3-8988-057bd2d82fb6', 'JuniorSoftwareEngineer', '3', '11073');
INSERT INTO `SkillSet` (`id`) VALUES ('11074');
INSERT INTO `SkillSet_skills` (`SkillSet_id`, `skills`) VALUES ('11074', 'Java');
INSERT INTO `SkillSet_skills` (`SkillSet_id`, `skills`) VALUES ('11074', 'Ant');
INSERT INTO `SkillSet_skills` (`SkillSet_id`, `skills`) VALUES ('11074', 'Ant');
INSERT INTO `SkillSet_skills` (`SkillSet_id`, `skills`) VALUES ('11074', 'UITesting');
INSERT INTO `Mission` (`id`, `companyName`, `shortName`, `description`, `role`, `lcu_id`, `skillSet_id`) VALUES ('11074', 'Oos', 'Qegh', '9ff47fb3-8309-4a70-82ed-04b71c4ba0c9', 'SeniorSoftwareEngineer', '3', '11074');
INSERT INTO `SkillSet` (`id`) VALUES ('11075');
INSERT INTO `SkillSet_skills` (`SkillSet_id`, `skills`) VALUES ('11075', 'Java');
INSERT INTO `Mission` (`id`, `companyName`, `shortName`, `description`, `role`, `lcu_id`, `skillSet_id`) VALUES ('11075', 'Eint', 'Bleitt', '9af095e9-be82-4dc0-8e3a-d8e0444be308', 'LeadEngineer', '3', '11075');
INSERT INTO `SkillSet` (`id`) VALUES ('11076');
INSERT INTO `SkillSet_skills` (`SkillSet_id`, `skills`) VALUES ('11076', 'UITesting');
INSERT INTO `SkillSet_skills` (`SkillSet_id`, `skills`) VALUES ('11076', 'UITesting');
INSERT INTO `SkillSet_skills` (`SkillSet_id`, `skills`) VALUES ('11076', 'DotNet');
INSERT INTO `Mission` (`id`, `companyName`, `shortName`, `description`, `role`, `lcu_id`, `skillSet_id`) VALUES ('11076', 'Kleik', 'Op', 'c24bc223-c224-44b5-8ccc-de0df2aa19f2', 'PrincipalConsultant', '3', '11076');
INSERT INTO `SkillSet` (`id`) VALUES ('11077');
INSERT INTO `SkillSet_skills` (`SkillSet_id`, `skills`) VALUES ('11077', 'Maven');
INSERT INTO `SkillSet_skills` (`SkillSet_id`, `skills`) VALUES ('11077', 'Ant');
INSERT INTO `Mission` (`id`, `companyName`, `shortName`, `description`, `role`, `lcu_id`, `skillSet_id`) VALUES ('11077', 'Grjipoin', 'Vaseich', 'cc9ede16-1f91-44ac-a5a8-300c8745e624', 'JuniorSoftwareEngineer', '3', '11077');
INSERT INTO `SkillSet` (`id`) VALUES ('11078');
INSERT INTO `SkillSet_skills` (`SkillSet_id`, `skills`) VALUES ('11078', 'Architektur');
INSERT INTO `SkillSet_skills` (`SkillSet_id`, `skills`) VALUES ('11078', 'SQL');
INSERT INTO `SkillSet_skills` (`SkillSet_id`, `skills`) VALUES ('11078', 'SQL');
INSERT INTO `SkillSet_skills` (`SkillSet_id`, `skills`) VALUES ('11078', 'Java');
INSERT INTO `Mission` (`id`, `companyName`, `shortName`, `description`, `role`, `lcu_id`, `skillSet_id`) VALUES ('11078', 'Aiw', 'Oushoof', 'f96575c1-c285-491d-8bc8-8b5c7b7ca0d5', 'LeadSoftwareArchitect', '3', '11078');
INSERT INTO `SkillSet` (`id`) VALUES ('11079');
INSERT INTO `SkillSet_skills` (`SkillSet_id`, `skills`) VALUES ('11079', 'Java');
INSERT INTO `SkillSet_skills` (`SkillSet_id`, `skills`) VALUES ('11079', 'Gradle');
INSERT INTO `SkillSet_skills` (`SkillSet_id`, `skills`) VALUES ('11079', 'Gradle');
INSERT INTO `SkillSet_skills` (`SkillSet_id`, `skills`) VALUES ('11079', 'SQL');
INSERT INTO `SkillSet_skills` (`SkillSet_id`, `skills`) VALUES ('11079', 'DotNet');
INSERT INTO `Mission` (`id`, `companyName`, `shortName`, `description`, `role`, `lcu_id`, `skillSet_id`) VALUES ('11079', 'Tjifoid', 'Wyshyn', '5b267404-92dd-45a4-b8ff-2bcb94e0c687', 'SeniorSoftwareEngineer', '3', '11079');
INSERT INTO `SkillSet` (`id`) VALUES ('11080');
INSERT INTO `SkillSet_skills` (`SkillSet_id`, `skills`) VALUES ('11080', 'SQL');
INSERT INTO `Mission` (`id`, `companyName`, `shortName`, `description`, `role`, `lcu_id`, `skillSet_id`) VALUES ('11080', 'Nazef', 'Raishauth', 'a3508a77-9681-40d3-81d7-fd5c0b94a70f', 'LeadSoftwareArchitect', '3', '11080');
INSERT INTO `SkillSet` (`id`) VALUES ('11081');
INSERT INTO `SkillSet_skills` (`SkillSet_id`, `skills`) VALUES ('11081', 'Ant');
INSERT INTO `SkillSet_skills` (`SkillSet_id`, `skills`) VALUES ('11081', 'Architektur');
INSERT INTO `Mission` (`id`, `companyName`, `shortName`, `description`, `role`, `lcu_id`, `skillSet_id`) VALUES ('11081', 'Aistoish', 'Glyb', 'efd76d77-fb70-47a4-b6bd-d5372353cee8', 'SeniorSoftwareEngineer', '3', '11081');
INSERT INTO `SkillSet` (`id`) VALUES ('11082');
INSERT INTO `SkillSet_skills` (`SkillSet_id`, `skills`) VALUES ('11082', 'Java');
INSERT INTO `SkillSet_skills` (`SkillSet_id`, `skills`) VALUES ('11082', 'Maven');
INSERT INTO `SkillSet_skills` (`SkillSet_id`, `skills`) VALUES ('11082', 'Java');
INSERT INTO `SkillSet_skills` (`SkillSet_id`, `skills`) VALUES ('11082', 'Java');
INSERT INTO `Mission` (`id`, `companyName`, `shortName`, `description`, `role`, `lcu_id`, `skillSet_id`) VALUES ('11082', 'Gjipf', 'En', 'd68649cb-a640-4ca6-aeca-a9e4bef693c8', 'PrincipalConsultant', '3', '11082');
INSERT INTO `SkillSet` (`id`) VALUES ('11083');
INSERT INTO `SkillSet_skills` (`SkillSet_id`, `skills`) VALUES ('11083', 'SQL');
INSERT INTO `SkillSet_skills` (`SkillSet_id`, `skills`) VALUES ('11083', 'Maven');
INSERT INTO `SkillSet_skills` (`SkillSet_id`, `skills`) VALUES ('11083', 'Maven');
INSERT INTO `Mission` (`id`, `companyName`, `shortName`, `description`, `role`, `lcu_id`, `skillSet_id`) VALUES ('11083', 'Jzum', 'Flythjt', '49c71f75-db61-429f-8e89-ae14a5657665', 'SoftwareEngineer', '3', '11083');
INSERT INTO `SkillSet` (`id`) VALUES ('11084');
INSERT INTO `SkillSet_skills` (`SkillSet_id`, `skills`) VALUES ('11084', 'Ant');
INSERT INTO `SkillSet_skills` (`SkillSet_id`, `skills`) VALUES ('11084', 'Ant');
INSERT INTO `SkillSet_skills` (`SkillSet_id`, `skills`) VALUES ('11084', 'Gradle');
INSERT INTO `SkillSet_skills` (`SkillSet_id`, `skills`) VALUES ('11084', 'Gradle');
INSERT INTO `Mission` (`id`, `companyName`, `shortName`, `description`, `role`, `lcu_id`, `skillSet_id`) VALUES ('11084', 'Torest', 'Sjsh', '87b2f521-aaa4-4b18-a9e5-0810fb3b84ee', 'PrincipalConsultant', '3', '11084');
INSERT INTO `SkillSet` (`id`) VALUES ('11085');
INSERT INTO `SkillSet_skills` (`SkillSet_id`, `skills`) VALUES ('11085', 'Maven');
INSERT INTO `SkillSet_skills` (`SkillSet_id`, `skills`) VALUES ('11085', 'UnitTesting');
INSERT INTO `Mission` (`id`, `companyName`, `shortName`, `description`, `role`, `lcu_id`, `skillSet_id`) VALUES ('11085', 'Ib', 'Hjih', 'fbf93ddf-58af-4f21-af78-31dde68c759d', 'LeadEngineer', '3', '11085');
INSERT INTO `SkillSet` (`id`) VALUES ('11086');
INSERT INTO `SkillSet_skills` (`SkillSet_id`, `skills`) VALUES ('11086', 'Gradle');
INSERT INTO `SkillSet_skills` (`SkillSet_id`, `skills`) VALUES ('11086', 'UITesting');
INSERT INTO `SkillSet_skills` (`SkillSet_id`, `skills`) VALUES ('11086', 'Maven');
INSERT INTO `SkillSet_skills` (`SkillSet_id`, `skills`) VALUES ('11086', 'SQL');
INSERT INTO `SkillSet_skills` (`SkillSet_id`, `skills`) VALUES ('11086', 'SQL');
INSERT INTO `Mission` (`id`, `companyName`, `shortName`, `description`, `role`, `lcu_id`, `skillSet_id`) VALUES ('11086', 'Blypf', 'Agh', '6e3879e1-b200-45c1-9e28-108182034936', 'SoftwareEngineer', '3', '11086');
INSERT INTO `SkillSet` (`id`) VALUES ('11087');
INSERT INTO `SkillSet_skills` (`SkillSet_id`, `skills`) VALUES ('11087', 'UITesting');
INSERT INTO `SkillSet_skills` (`SkillSet_id`, `skills`) VALUES ('11087', 'SQL');
INSERT INTO `SkillSet_skills` (`SkillSet_id`, `skills`) VALUES ('11087', 'SQL');
INSERT INTO `SkillSet_skills` (`SkillSet_id`, `skills`) VALUES ('11087', 'UITesting');
INSERT INTO `Mission` (`id`, `companyName`, `shortName`, `description`, `role`, `lcu_id`, `skillSet_id`) VALUES ('11087', 'Huntaigh', 'Taiss', 'd90163e1-dd52-49f2-ad42-2308ae341df0', 'LeadSoftwareArchitect', '3', '11087');
INSERT INTO `SkillSet` (`id`) VALUES ('11088');
INSERT INTO `SkillSet_skills` (`SkillSet_id`, `skills`) VALUES ('11088', 'SQL');
INSERT INTO `SkillSet_skills` (`SkillSet_id`, `skills`) VALUES ('11088', 'DotNet');
INSERT INTO `SkillSet_skills` (`SkillSet_id`, `skills`) VALUES ('11088', 'Architektur');
INSERT INTO `SkillSet_skills` (`SkillSet_id`, `skills`) VALUES ('11088', 'Java');
INSERT INTO `SkillSet_skills` (`SkillSet_id`, `skills`) VALUES ('11088', 'Ant');
INSERT INTO `Mission` (`id`, `companyName`, `shortName`, `description`, `role`, `lcu_id`, `skillSet_id`) VALUES ('11088', 'Ymjir', 'Nainauth', '3e69ca7d-56b4-4d6f-8abf-6cd12c168e0a', 'SoftwareEngineer', '3', '11088');
INSERT INTO `SkillSet` (`id`) VALUES ('11089');
INSERT INTO `SkillSet_skills` (`SkillSet_id`, `skills`) VALUES ('11089', 'Java');
INSERT INTO `Mission` (`id`, `companyName`, `shortName`, `description`, `role`, `lcu_id`, `skillSet_id`) VALUES ('11089', 'Ben', 'Glylit', 'f578441b-9669-4d2d-9771-5e7811ce91a4', 'JuniorSoftwareEngineer', '3', '11089');
INSERT INTO `SkillSet` (`id`) VALUES ('11090');
INSERT INTO `SkillSet_skills` (`SkillSet_id`, `skills`) VALUES ('11090', 'SQL');
INSERT INTO `Mission` (`id`, `companyName`, `shortName`, `description`, `role`, `lcu_id`, `skillSet_id`) VALUES ('11090', 'Dab', 'Osteh', '4dd74a48-9350-42cc-94b6-dc82a39226cc', 'LeadSoftwareArchitect', '3', '11090');
INSERT INTO `SkillSet` (`id`) VALUES ('11091');
INSERT INTO `SkillSet_skills` (`SkillSet_id`, `skills`) VALUES ('11091', 'Ant');
INSERT INTO `SkillSet_skills` (`SkillSet_id`, `skills`) VALUES ('11091', 'Ant');
INSERT INTO `SkillSet_skills` (`SkillSet_id`, `skills`) VALUES ('11091', 'Architektur');
INSERT INTO `SkillSet_skills` (`SkillSet_id`, `skills`) VALUES ('11091', 'Architektur');
INSERT INTO `SkillSet_skills` (`SkillSet_id`, `skills`) VALUES ('11091', 'Gradle');
INSERT INTO `Mission` (`id`, `companyName`, `shortName`, `description`, `role`, `lcu_id`, `skillSet_id`) VALUES ('11091', 'Ofouw', 'Achjigh', '7d4d2656-0173-4c67-a8cf-d89dbf307add', 'SeniorSoftwareEngineer', '3', '11091');
INSERT INTO `SkillSet` (`id`) VALUES ('11092');
INSERT INTO `SkillSet_skills` (`SkillSet_id`, `skills`) VALUES ('11092', 'UnitTesting');
INSERT INTO `SkillSet_skills` (`SkillSet_id`, `skills`) VALUES ('11092', 'Ant');
INSERT INTO `Mission` (`id`, `companyName`, `shortName`, `description`, `role`, `lcu_id`, `skillSet_id`) VALUES ('11092', 'Oosh', 'Oithauz', 'b06f9252-0476-4f0d-95f6-b2526b7c8675', 'PrincipalConsultant', '3', '11092');
INSERT INTO `SkillSet` (`id`) VALUES ('11093');
INSERT INTO `SkillSet_skills` (`SkillSet_id`, `skills`) VALUES ('11093', 'Java');
INSERT INTO `SkillSet_skills` (`SkillSet_id`, `skills`) VALUES ('11093', 'Ant');
INSERT INTO `SkillSet_skills` (`SkillSet_id`, `skills`) VALUES ('11093', 'DotNet');
INSERT INTO `Mission` (`id`, `companyName`, `shortName`, `description`, `role`, `lcu_id`, `skillSet_id`) VALUES ('11093', 'Upf', 'Maim', '925a9201-d2dc-43d7-b2e9-0afa60a3b254', 'SeniorSoftwareEngineer', '3', '11093');
INSERT INTO `SkillSet` (`id`) VALUES ('11094');
INSERT INTO `SkillSet_skills` (`SkillSet_id`, `skills`) VALUES ('11094', 'Maven');
INSERT INTO `SkillSet_skills` (`SkillSet_id`, `skills`) VALUES ('11094', 'Architektur');
INSERT INTO `SkillSet_skills` (`SkillSet_id`, `skills`) VALUES ('11094', 'UnitTesting');
INSERT INTO `SkillSet_skills` (`SkillSet_id`, `skills`) VALUES ('11094', 'SQL');
INSERT INTO `SkillSet_skills` (`SkillSet_id`, `skills`) VALUES ('11094', 'Gradle');
INSERT INTO `Mission` (`id`, `companyName`, `shortName`, `description`, `role`, `lcu_id`, `skillSet_id`) VALUES ('11094', 'Omaih', 'Qjir', '7afd423f-0514-4790-8539-8a79f508bb36', 'PrincipalConsultant', '3', '11094');
INSERT INTO `SkillSet` (`id`) VALUES ('11095');
INSERT INTO `SkillSet_skills` (`SkillSet_id`, `skills`) VALUES ('11095', 'Gradle');
INSERT INTO `SkillSet_skills` (`SkillSet_id`, `skills`) VALUES ('11095', 'Maven');
INSERT INTO `SkillSet_skills` (`SkillSet_id`, `skills`) VALUES ('11095', 'Java');
INSERT INTO `SkillSet_skills` (`SkillSet_id`, `skills`) VALUES ('11095', 'UnitTesting');
INSERT INTO `SkillSet_skills` (`SkillSet_id`, `skills`) VALUES ('11095', 'Architektur');
INSERT INTO `Mission` (`id`, `companyName`, `shortName`, `description`, `role`, `lcu_id`, `skillSet_id`) VALUES ('11095', 'Urett', 'Baugauth', '8f9c2a9b-b51e-4e54-8a02-8ba2f5e2a617', 'SeniorSoftwareEngineer', '3', '11095');
INSERT INTO `SkillSet` (`id`) VALUES ('11096');
INSERT INTO `SkillSet_skills` (`SkillSet_id`, `skills`) VALUES ('11096', 'DotNet');
INSERT INTO `SkillSet_skills` (`SkillSet_id`, `skills`) VALUES ('11096', 'UnitTesting');
INSERT INTO `Mission` (`id`, `companyName`, `shortName`, `description`, `role`, `lcu_id`, `skillSet_id`) VALUES ('11096', 'Ussjnt', 'Chaip', '232542c6-82a6-4cda-827a-4a110f68a5fa', 'SoftwareEngineer', '3', '11096');
INSERT INTO `SkillSet` (`id`) VALUES ('11097');
INSERT INTO `SkillSet_skills` (`SkillSet_id`, `skills`) VALUES ('11097', 'DotNet');
INSERT INTO `SkillSet_skills` (`SkillSet_id`, `skills`) VALUES ('11097', 'Gradle');
INSERT INTO `Mission` (`id`, `companyName`, `shortName`, `description`, `role`, `lcu_id`, `skillSet_id`) VALUES ('11097', 'Sykjv', 'Caittjin', 'a2f04399-b560-41f4-8630-22d9ad594653', 'SeniorSoftwareEngineer', '3', '11097');
INSERT INTO `SkillSet` (`id`) VALUES ('11098');
INSERT INTO `SkillSet_skills` (`SkillSet_id`, `skills`) VALUES ('11098', 'Maven');
INSERT INTO `SkillSet_skills` (`SkillSet_id`, `skills`) VALUES ('11098', 'Architektur');
INSERT INTO `SkillSet_skills` (`SkillSet_id`, `skills`) VALUES ('11098', 'Gradle');
INSERT INTO `Mission` (`id`, `companyName`, `shortName`, `description`, `role`, `lcu_id`, `skillSet_id`) VALUES ('11098', 'Rauch', 'Oontjit', '49800d32-e751-4c8d-a6a2-ca2827d848ef', 'PrincipalConsultant', '3', '11098');
INSERT INTO `SkillSet` (`id`) VALUES ('11099');
INSERT INTO `SkillSet_skills` (`SkillSet_id`, `skills`) VALUES ('11099', 'Ant');
INSERT INTO `SkillSet_skills` (`SkillSet_id`, `skills`) VALUES ('11099', 'Ant');
INSERT INTO `SkillSet_skills` (`SkillSet_id`, `skills`) VALUES ('11099', 'Gradle');
INSERT INTO `Mission` (`id`, `companyName`, `shortName`, `description`, `role`, `lcu_id`, `skillSet_id`) VALUES ('11099', 'Oist', 'Bljm', 'bd94a675-bd7d-4751-9c89-6e4a99c1e384', 'SeniorSoftwareEngineer', '3', '11099');
